MeshVersionFormatted 1

Dimension
3

Vertices
1361
-5  45  -2.5  0
-5  15  -2.5  0
-15  45  -2.5  0
-15  15  -2.5  0
-15  45  2.5  0
-15  15  2.5  0
9.3933982822017903  45  2.5  0
20  45  2.5  0
20  34.393398282201801  2.5  0
-20  45  2.5  0
-20  -45  2.5  0
-15  -45  2.5  0
-15  -15  2.5  0
-15  -45  -2.5  0
-15  -15  -2.5  0
-5  -45  -2.5  0
-5.0000000000000098  -30  -2.49999999999996  0
-5.0000000000000098  -20  -2.49999999999996  0
-5  -15  -2.5  0
-5.0000000000000098  -30  2.50000000000004  0
20  -30  2.49999999999996  0
20  -30  -2.50000000000004  0
-5.0000000000000098  -20  2.50000000000004  0
20  -20  2.49999999999996  0
20  -20  -2.50000000000004  0
20  -45  2.5  0
9.3933982822017903  -45  2.5  0
20  -34.393398282201801  2.5  0
20  -34.393398282201801  7.5  0
9.3933982822017903  -45  7.5  0
-5  -45  7.5  0
-5  -15  7.5  0
-15  -15  7.5  0
-15  15  7.5  0
-5  15  7.5  0
-5  45  7.5  0
9.3933982822017903  45  7.5  0
20  34.393398282201801  7.5  0
5  22.5  -7.5  0
14.3301270189222  20  -7.5  0
14.3301270189222  20  7.5  0
5  22.5  7.5  0
14.3301270189222  25  7.5  0
14.3301270189222  25  -7.5  0
20  25  -7.5  0
20  25  7.5  0
20  45  -7.5  0
-20  45  -7.5  0
-20  -45  -7.5  0
20  -45  -7.5  0
20  -10  -7.5  0
20  -10  7.5  0
7.5  10  -7.5  0
10  7.5  -7.5  0
10  7.5  7.5  0
7.5  10  7.5  0
12.5  10  7.5  0
12.5  10  -7.5  0
20  10  -7.5  0
20  10  7.5  0
20  20  -7.5  0
20  20  7.5  0
12.5  -10  -7.5  0
12.5  -10  7.5  0
7.5  -10  7.5  0
10  -7.5  7.5  0
10  -7.5  -7.5  0
7.5  -10  -7.5  0
-5  39  -2.5  0
-5  33  -2.5  0
-5  27  -2.5  0
-5  21  -2.5  0
-15  21  -2.5  0
-15  27  -2.5  0
-15  33  -2.5  0
-15  39  -2.5  0
-5.0759612349389602  14.131759111665348  -2.5  0
-5.3015368960704574  13.289899283371657  -2.5  0
-5.6698729810778064  12.5  -2.5  0
-6.1697777844051096  11.786061951567303  -2.5  0
-6.7860619515673033  11.16977778440511  -2.5  0
-7.5  10.669872981077807  -2.5  0
-8.2898992833716552  10.301536896070459  -2.5  0
-9.1317591116653478  10.07596123493896  -2.5  0
-10  10  -2.5  0
-10.868240888334652  10.07596123493896  -2.5  0
-11.710100716628343  10.301536896070457  -2.5  0
-12.5  10.669872981077805  -2.5  0
-13.213938048432697  11.16977778440511  -2.5  0
-13.83022221559489  11.786061951567302  -2.5  0
-14.330127018922195  12.5  -2.5  0
-14.698463103929541  13.289899283371655  -2.5  0
-14.92403876506104  14.131759111665346  -2.5  0
-15  39  2.5  0
-15  33  2.5  0
-15  27  2.5  0
-15  21  2.5  0
-15  15  0  0
-20  -32.142857142857139  2.5  0
-20  -19.285714285714285  2.5  0
-20  -6.428571428571427  2.5  0
-20  6.4285714285714306  2.5  0
-20  19.285714285714288  2.5  0
-20  32.142857142857146  2.5  0
-15  -22.5  2.5  0
-15  -30  2.5  0
-15  -37.5  2.5  0
-15  10  2.5  0
-15  5  2.5  0
-15  0  2.5  0
-15  -5  2.5  0
-15  -10  2.5  0
-15  -39  -2.5  0
-15  -33  -2.5  0
-15  -27  -2.5  0
-15  -21  -2.5  0
-10  -45  -2.5  0
-5  -31.875  -2.5  0
-5  -33.75  -2.5  0
-5  -35.625  -2.5  0
-5  -37.5  -2.5  0
-5  -39.375  -2.5  0
-5  -41.25  -2.5  0
-5  -43.125  -2.5  0
-5  -21.428571428571431  -2.5  0
-5  -22.857142857142858  -2.5  0
-5  -24.285714285714285  -2.5  0
-5  -25.714285714285715  -2.5  0
-5  -27.142857142857142  -2.5  0
-5  -28.571428571428573  -2.5  0
-5  -16.666666666666664  -2.5  0
-5  -18.333333333333336  -2.5  0
-14.924038765061042  -14.13175911166535  -2.5  0
-14.698463103929543  -13.289899283371657  -2.5  0
-14.330127018922195  -12.5  -2.5  0
-13.83022221559489  -11.786061951567303  -2.5  0
-13.213938048432698  -11.16977778440511  -2.5  0
-12.500000000000002  -10.669872981077809  -2.5  0
-11.710100716628343  -10.301536896070457  -2.5  0
-10.868240888334652  -10.07596123493896  -2.5  0
-10.000000000000002  -10  -2.5  0
-9.1317591116653496  -10.075961234938958  -2.5  0
-8.2898992833716587  -10.301536896070457  -2.5  0
-7.5  -10.669872981077807  -2.5  0
-6.7860619515673033  -11.16977778440511  -2.5  0
-6.1697777844051114  -11.786061951567302  -2.5  0
-5.6698729810778081  -12.499999999999998  -2.5  0
-5.3015368960704574  -13.289899283371657  -2.5  0
-5.0759612349389602  -14.131759111665348  -2.5  0
-5.0000000000000187  -29.565879555832673  -2.4620193825304764  0
-5.0000000000000178  -29.144949641685827  -2.3492315519647278  0
-5.0000000000000178  -28.75  -2.1650635094610533  0
-5.0000000000000169  -28.393030975783653  -1.9151111077974012  0
-5.0000000000000151  -28.084888892202557  -1.6069690242163046  0
-5.0000000000000142  -27.834936490538905  -1.2499999999999565  0
-5.0000000000000124  -27.65076844803523  -0.85505035831412846  0
-5.0000000000000115  -27.537980617469479  -0.4341204441672824  0
-5.0000000000000098  -27.5  4.349043588564578e-14  0
-5.000000000000008  -27.537980617469479  0.43412044416736939  0
-5.0000000000000071  -27.65076844803523  0.85505035831421539  0
-5.0000000000000053  -27.834936490538905  1.2500000000000433  0
-5.0000000000000044  -28.084888892202557  1.6069690242163921  0
-5.0000000000000027  -28.393030975783653  1.9151111077974885  0
-5.0000000000000018  -28.75  2.1650635094611403  0
-5.0000000000000018  -29.144949641685827  2.3492315519648144  0
-5.0000000000000009  -29.565879555832673  2.4620193825305634  0
-0.83333333333334192  -30  2.5000000000000293  0
3.3333333333333259  -30  2.5000000000000147  0
7.4999999999999938  -30  2.5  0
11.666666666666661  -30  2.4999999999999853  0
15.833333333333329  -30  2.4999999999999707  0
20.000000000000007  -29.565879555832677  2.4620193825304768  0
20.000000000000007  -29.144949641685827  2.3492315519647278  0
20.000000000000007  -28.75  2.1650635094610537  0
20.000000000000007  -28.393030975783653  1.9151111077974012  0
20.000000000000007  -28.084888892202557  1.6069690242163051  0
20.000000000000004  -27.834936490538905  1.2499999999999574  0
20.000000000000004  -27.65076844803523  0.85505035831412768  0
20  -27.537980617469479  0.43412044416728218  0
20  -27.5  -4.3184274185858942e-14  0
20  -27.537980617469479  -0.43412044416736856  0
19.999999999999996  -27.65076844803523  -0.85505035831421405  0
19.999999999999996  -27.834936490538905  -1.250000000000044  0
19.999999999999993  -28.084888892202557  -1.6069690242163919  0
19.999999999999993  -28.393030975783653  -1.9151111077974883  0
19.999999999999993  -28.75  -2.1650635094611395  0
19.999999999999993  -29.144949641685827  -2.3492315519648148  0
19.999999999999993  -29.565879555832673  -2.4620193825305634  0
15.833333333333332  -30  -2.5000000000000293  0
11.666666666666664  -30  -2.5000000000000147  0
7.4999999999999947  -30  -2.5  0
3.3333333333333259  -30  -2.4999999999999853  0
-0.83333333333334192  -30  -2.4999999999999707  0
19.999999999999993  -30.434120444167327  -2.4620193825305634  0
19.999999999999993  -30.855050358314173  -2.3492315519648148  0
19.999999999999993  -31.25  -2.1650635094611403  0
19.999999999999993  -31.606969024216347  -1.9151111077974887  0
19.999999999999993  -31.915111107797443  -1.6069690242163921  0
19.999999999999996  -32.165063509461099  -1.250000000000044  0
19.999999999999996  -32.34923155196477  -0.85505035831421572  0
20  -32.462019382530521  -0.43412044416736967  0
20  -32.5  -4.3796597585432617e-14  0
20  -32.462019382530521  0.43412044416728213  0
20.000000000000004  -32.34923155196477  0.85505035831412812  0
20.000000000000004  -32.165063509461099  1.2499999999999558  0
20.000000000000007  -31.915111107797443  1.6069690242163046  0
20.000000000000007  -31.606969024216347  1.915111107797401  0
20.000000000000007  -31.25  2.1650635094610533  0
20.000000000000007  -30.855050358314173  2.3492315519647273  0
20.000000000000007  -30.434120444167327  2.4620193825304764  0
-5.0000000000000009  -30.434120444167323  2.4620193825305638  0
-5.0000000000000018  -30.855050358314173  2.3492315519648148  0
-5.0000000000000018  -31.25  2.1650635094611408  0
-5.0000000000000027  -31.606969024216347  1.9151111077974887  0
-5.0000000000000044  -31.915111107797443  1.6069690242163925  0
-5.0000000000000053  -32.165063509461099  1.2500000000000449  0
-5.0000000000000071  -32.34923155196477  0.85505035831421494  0
-5.000000000000008  -32.462019382530521  0.43412044416736945  0
-5.0000000000000098  -32.5  4.4102759285219455e-14  0
-5.0000000000000115  -32.462019382530521  -0.43412044416728129  0
-5.0000000000000124  -32.34923155196477  -0.85505035831412679  0
-5.0000000000000142  -32.165063509461099  -1.2499999999999565  0
-5.0000000000000151  -31.915111107797443  -1.6069690242163044  0
-5.0000000000000169  -31.606969024216347  -1.9151111077974008  0
-5.0000000000000178  -31.25  -2.1650635094610524  0
-5.0000000000000178  -30.855050358314173  -2.3492315519647278  0
-5.0000000000000187  -30.434120444167327  -2.4620193825304764  0
-5.0000000000000187  -19.565879555832673  -2.4620193825304764  0
-5.0000000000000178  -19.144949641685827  -2.3492315519647278  0
-5.0000000000000178  -18.75  -2.1650635094610533  0
-5.0000000000000169  -18.393030975783653  -1.9151111077974012  0
-5.0000000000000151  -18.084888892202557  -1.6069690242163046  0
-5.0000000000000142  -17.834936490538905  -1.2499999999999565  0
-5.0000000000000124  -17.65076844803523  -0.85505035831412846  0
-5.0000000000000115  -17.537980617469479  -0.4341204441672824  0
-5.0000000000000098  -17.5  4.349043588564578e-14  0
-5.000000000000008  -17.537980617469479  0.43412044416736939  0
-5.0000000000000071  -17.65076844803523  0.85505035831421539  0
-5.0000000000000053  -17.834936490538905  1.2500000000000433  0
-5.0000000000000044  -18.084888892202557  1.6069690242163921  0
-5.0000000000000027  -18.393030975783653  1.9151111077974885  0
-5.0000000000000018  -18.75  2.1650635094611403  0
-5.0000000000000018  -19.144949641685827  2.3492315519648144  0
-5.0000000000000009  -19.565879555832673  2.4620193825305634  0
-0.83333333333334192  -20  2.5000000000000293  0
3.3333333333333259  -20  2.5000000000000147  0
7.4999999999999938  -20  2.5  0
11.666666666666661  -20  2.4999999999999853  0
15.833333333333329  -20  2.4999999999999707  0
20.000000000000007  -19.565879555832677  2.4620193825304768  0
20.000000000000007  -19.144949641685827  2.3492315519647278  0
20.000000000000007  -18.75  2.1650635094610537  0
20.000000000000007  -18.393030975783653  1.9151111077974012  0
20.000000000000007  -18.084888892202557  1.6069690242163051  0
20.000000000000004  -17.834936490538905  1.2499999999999574  0
20.000000000000004  -17.65076844803523  0.85505035831412768  0
20  -17.537980617469479  0.43412044416728218  0
20  -17.5  -4.3184274185858942e-14  0
20  -17.537980617469479  -0.43412044416736856  0
19.999999999999996  -17.65076844803523  -0.85505035831421405  0
19.999999999999996  -17.834936490538905  -1.250000000000044  0
19.999999999999993  -18.084888892202557  -1.6069690242163919  0
19.999999999999993  -18.393030975783653  -1.9151111077974883  0
19.999999999999993  -18.75  -2.1650635094611395  0
19.999999999999993  -19.144949641685827  -2.3492315519648148  0
19.999999999999993  -19.565879555832673  -2.4620193825305634  0
15.833333333333332  -20  -2.5000000000000293  0
11.666666666666664  -20  -2.5000000000000147  0
7.4999999999999947  -20  -2.5  0
3.3333333333333259  -20  -2.4999999999999853  0
-0.83333333333334192  -20  -2.4999999999999707  0
19.999999999999993  -20.434120444167327  -2.4620193825305634  0
19.999999999999993  -20.855050358314173  -2.3492315519648148  0
19.999999999999993  -21.25  -2.1650635094611403  0
19.999999999999993  -21.606969024216347  -1.9151111077974887  0
19.999999999999993  -21.915111107797443  -1.6069690242163921  0
19.999999999999996  -22.165063509461095  -1.250000000000044  0
19.999999999999996  -22.34923155196477  -0.85505035831421572  0
20  -22.462019382530521  -0.43412044416736967  0
20  -22.5  -4.3796597585432617e-14  0
20  -22.462019382530521  0.43412044416728213  0
20.000000000000004  -22.34923155196477  0.85505035831412812  0
20.000000000000004  -22.165063509461095  1.2499999999999558  0
20.000000000000007  -21.915111107797443  1.6069690242163046  0
20.000000000000007  -21.606969024216347  1.915111107797401  0
20.000000000000007  -21.25  2.1650635094610533  0
20.000000000000007  -20.855050358314173  2.3492315519647273  0
20.000000000000007  -20.434120444167327  2.4620193825304764  0
-5.0000000000000009  -20.434120444167323  2.4620193825305638  0
-5.0000000000000018  -20.855050358314173  2.3492315519648148  0
-5.0000000000000018  -21.25  2.1650635094611408  0
-5.0000000000000027  -21.606969024216347  1.9151111077974887  0
-5.0000000000000044  -21.915111107797443  1.6069690242163925  0
-5.0000000000000053  -22.165063509461095  1.2500000000000449  0
-5.0000000000000071  -22.34923155196477  0.85505035831421494  0
-5.000000000000008  -22.462019382530521  0.43412044416736945  0
-5.0000000000000098  -22.5  4.4102759285219455e-14  0
-5.0000000000000115  -22.462019382530521  -0.43412044416728129  0
-5.0000000000000124  -22.34923155196477  -0.85505035831412679  0
-5.0000000000000142  -22.165063509461095  -1.2499999999999565  0
-5.0000000000000151  -21.915111107797443  -1.6069690242163044  0
-5.0000000000000169  -21.606969024216347  -1.9151111077974008  0
-5.0000000000000178  -21.25  -2.1650635094610524  0
-5.0000000000000178  -20.855050358314173  -2.3492315519647278  0
-5.0000000000000187  -20.434120444167327  -2.4620193825304764  0
20  -39.6966991411009  2.5  0
12.928932188134533  -41.464466094067276  2.5  0
16.464466094067262  -37.928932188134532  2.5  0
20  -34.393398282201801  5  0
12.928932188134549  -41.464466094067284  7.5  0
16.464466094067276  -37.928932188134546  7.5  0
-5  -45  2.5  0
-5  -19.285714285714285  7.5  0
-5  -23.571428571428569  7.5  0
-5  -27.857142857142858  7.5  0
-5  -32.142857142857139  7.5  0
-5  -36.428571428571431  7.5  0
-5  -40.714285714285715  7.5  0
-5  -15  5.833333333333333  0
-5  -15  4.1666666666666661  0
-5  -15  2.5  0
-5  -15  0.83333333333333304  0
-5  -15  -0.83333333333333393  0
-14.924038765061042  -14.13175911166535  7.5  0
-14.698463103929543  -13.289899283371657  7.5  0
-14.330127018922195  -12.5  7.5  0
-13.83022221559489  -11.786061951567303  7.5  0
-13.213938048432698  -11.16977778440511  7.5  0
-12.500000000000002  -10.669872981077809  7.5  0
-11.710100716628343  -10.301536896070457  7.5  0
-10.868240888334652  -10.07596123493896  7.5  0
-10.000000000000002  -10  7.5  0
-9.1317591116653496  -10.075961234938958  7.5  0
-8.2898992833716587  -10.301536896070457  7.5  0
-7.5  -10.669872981077807  7.5  0
-6.7860619515673033  -11.16977778440511  7.5  0
-6.1697777844051114  -11.786061951567302  7.5  0
-5.6698729810778081  -12.499999999999998  7.5  0
-5.3015368960704574  -13.289899283371657  7.5  0
-5.0759612349389602  -14.131759111665348  7.5  0
-15  -15  5  0
-15  15  5  0
-15  11.25  7.5  0
-15  7.5  7.5  0
-15  3.75  7.5  0
-15  0  7.5  0
-15  -3.75  7.5  0
-15  -7.5  7.5  0
-15  -11.25  7.5  0
-5.0759612349389602  14.131759111665348  7.5  0
-5.3015368960704574  13.289899283371657  7.5  0
-5.6698729810778064  12.5  7.5  0
-6.1697777844051096  11.786061951567303  7.5  0
-6.7860619515673033  11.16977778440511  7.5  0
-7.5  10.669872981077807  7.5  0
-8.2898992833716552  10.301536896070459  7.5  0
-9.1317591116653478  10.07596123493896  7.5  0
-10  10  7.5  0
-10.868240888334652  10.07596123493896  7.5  0
-11.710100716628343  10.301536896070457  7.5  0
-12.5  10.669872981077805  7.5  0
-13.213938048432697  11.16977778440511  7.5  0
-13.83022221559489  11.786061951567302  7.5  0
-14.330127018922195  12.5  7.5  0
-14.698463103929541  13.289899283371655  7.5  0
-14.92403876506104  14.131759111665346  7.5  0
-5  15  4.1666666666666661  0
-5  15  0.83333333333333304  0
-5  39  7.5  0
-5  33  7.5  0
-5  27  7.5  0
-5  21  7.5  0
14.696699141100884  39.696699141100893  7.5  0
5.0759612349389602  21.631759111665346  -7.5  0
5.3015368960704574  20.789899283371657  -7.5  0
5.6698729810778072  20  -7.5  0
6.1697777844051096  19.286061951567305  -7.5  0
6.7860619515673024  18.66977778440511  -7.5  0
7.5000000000000018  18.169872981077805  -7.5  0
8.2898992833716569  17.801536896070459  -7.5  0
9.1317591116653478  17.575961234938958  -7.5  0
10.000000000000004  17.5  -7.5  0
10.868240888334654  17.575961234938958  -7.5  0
11.710100716628345  17.801536896070459  -7.5  0
12.5  18.169872981077809  -7.5  0
13.213938048432698  18.669777784405113  -7.5  0
13.830222215594892  19.286061951567305  -7.5  0
14.3301270189222  20  3.75  0
14.3301270189222  20  0  0
14.3301270189222  20  -3.75  0
13.830222215594892  19.286061951567305  7.5  0
13.213938048432698  18.669777784405113  7.5  0
12.500000000000002  18.169872981077809  7.5  0
11.710100716628347  17.801536896070459  7.5  0
10.868240888334654  17.575961234938958  7.5  0
10.000000000000002  17.5  7.5  0
9.1317591116653496  17.575961234938958  7.5  0
8.2898992833716569  17.801536896070459  7.5  0
7.5000000000000009  18.169872981077805  7.5  0
6.7860619515673033  18.66977778440511  7.5  0
6.1697777844051105  19.286061951567302  7.5  0
5.6698729810778064  20  7.5  0
5.3015368960704583  20.789899283371657  7.5  0
5.0759612349389602  21.63175911166535  7.5  0
5  22.5  -3.75  0
5  22.5  0  0
5  22.5  3.75  0
5.0759612349389602  23.368240888334654  7.5  0
5.3015368960704574  24.210100716628343  7.5  0
5.6698729810778072  25  7.5  0
6.1697777844051096  25.713938048432695  7.5  0
6.7860619515673024  26.33022221559489  7.5  0
7.5000000000000018  26.830127018922195  7.5  0
8.2898992833716569  27.198463103929541  7.5  0
9.1317591116653478  27.424038765061042  7.5  0
10.000000000000004  27.5  7.5  0
10.868240888334654  27.424038765061042  7.5  0
11.710100716628345  27.198463103929541  7.5  0
12.5  26.830127018922191  7.5  0
13.213938048432698  26.330222215594887  7.5  0
13.830222215594892  25.713938048432695  7.5  0
14.3301270189222  25  -3.75  0
14.3301270189222  25  0  0
14.3301270189222  25  3.75  0
13.830222215594892  25.713938048432695  -7.5  0
13.213938048432698  26.330222215594887  -7.5  0
12.500000000000002  26.830127018922191  -7.5  0
11.710100716628347  27.198463103929541  -7.5  0
10.868240888334654  27.424038765061042  -7.5  0
10.000000000000002  27.5  -7.5  0
9.1317591116653496  27.424038765061042  -7.5  0
8.2898992833716569  27.198463103929541  -7.5  0
7.5000000000000009  26.830127018922195  -7.5  0
6.7860619515673033  26.33022221559489  -7.5  0
6.1697777844051105  25.713938048432698  -7.5  0
5.6698729810778064  25  -7.5  0
5.3015368960704583  24.210100716628343  -7.5  0
5.0759612349389602  23.36824088833465  -7.5  0
18.110042339640735  25  -7.5  0
16.220084679281467  25  -7.5  0
20  25  0  0
17.165063509461099  25  7.5  0
20  29.6966991411009  7.5  0
20  38.333333333333336  -7.5  0
20  31.666666666666664  -7.5  0
-6.6666666666666661  45  -7.5  0
6.6666666666666679  45  -7.5  0
2.1966991411008951  45  7.5  0
-20  -32.142857142857139  -7.5  0
-20  -19.285714285714285  -7.5  0
-20  -6.428571428571427  -7.5  0
-20  6.4285714285714306  -7.5  0
-20  19.285714285714288  -7.5  0
-20  32.142857142857146  -7.5  0
2.1966991411008951  -45  7.5  0
6.6666666666666661  -45  -7.5  0
-6.6666666666666679  -45  -7.5  0
20  -45  -2.5  0
20  -13.888888888888889  -7.5  0
20  -17.777777777777779  -7.5  0
20  -21.666666666666668  -7.5  0
20  -25.555555555555557  -7.5  0
20  -29.444444444444443  -7.5  0
20  -33.333333333333336  -7.5  0
20  -37.222222222222221  -7.5  0
20  -41.111111111111114  -7.5  0
20  -10  -3.75  0
20  -10  0  0
20  -10  3.75  0
20  -30.908627099030117  7.5  0
20  -27.423855915858429  7.5  0
20  -23.939084732686744  7.5  0
20  -20.454313549515057  7.5  0
20  -16.969542366343372  7.5  0
20  -13.484771183171688  7.5  0
7.5379806174694792  9.5658795558326748  -7.5  0
7.6507684480352287  9.1449496416858285  -7.5  0
7.8349364905389027  8.75  -7.5  0
8.0848888922025548  8.3930309757836525  -7.5  0
8.3930309757836508  8.0848888922025548  -7.5  0
8.7499999999999982  7.8349364905389045  -7.5  0
9.1449496416858285  7.6507684480352287  -7.5  0
9.5658795558326748  7.5379806174694801  -7.5  0
10  7.5  -5  0
10  7.5  -2.5  0
10  7.5  0  0
10  7.5  2.5  0
10  7.5  5  0
9.5658795558326748  7.5379806174694801  7.5  0
9.1449496416858285  7.6507684480352287  7.5  0
8.75  7.8349364905389027  7.5  0
8.3930309757836525  8.0848888922025548  7.5  0
8.0848888922025548  8.3930309757836508  7.5  0
7.8349364905389027  8.75  7.5  0
7.6507684480352296  9.1449496416858285  7.5  0
7.5379806174694801  9.5658795558326748  7.5  0
7.5  10  -5  0
7.5  10  -2.5  0
7.5  10  0  0
7.5  10  2.5  0
7.5  10  5  0
7.5379806174694792  10.434120444167325  7.5  0
7.6507684480352287  10.855050358314172  7.5  0
7.8349364905389027  11.25  7.5  0
8.0848888922025548  11.606969024216347  7.5  0
8.3930309757836508  11.915111107797445  7.5  0
8.7499999999999982  12.165063509461095  7.5  0
9.1449496416858285  12.34923155196477  7.5  0
9.5658795558326748  12.462019382530521  7.5  0
10  12.5  7.5  0
10.434120444167325  12.462019382530521  7.5  0
10.85505035831417  12.34923155196477  7.5  0
11.25  12.165063509461095  7.5  0
11.606969024216347  11.915111107797445  7.5  0
11.915111107797445  11.606969024216349  7.5  0
12.165063509461095  11.250000000000002  7.5  0
12.34923155196477  10.855050358314172  7.5  0
12.462019382530521  10.434120444167325  7.5  0
12.5  10  5  0
12.5  10  2.5  0
12.5  10  0  0
12.5  10  -2.5  0
12.5  10  -5  0
12.462019382530521  10.434120444167325  -7.5  0
12.34923155196477  10.855050358314172  -7.5  0
12.165063509461097  11.25  -7.5  0
11.915111107797445  11.606969024216347  -7.5  0
11.606969024216347  11.915111107797445  -7.5  0
11.25  12.165063509461095  -7.5  0
10.855050358314172  12.34923155196477  -7.5  0
10.434120444167325  12.462019382530521  -7.5  0
10  12.5  -7.5  0
9.5658795558326748  12.462019382530521  -7.5  0
9.1449496416858285  12.34923155196477  -7.5  0
8.75  12.165063509461097  -7.5  0
8.3930309757836525  11.915111107797445  -7.5  0
8.0848888922025548  11.606969024216349  -7.5  0
7.8349364905389027  11.25  -7.5  0
7.6507684480352296  10.855050358314172  -7.5  0
7.5379806174694801  10.434120444167327  -7.5  0
18.5  10  -7.5  0
17  10  -7.5  0
15.5  10  -7.5  0
14  10  -7.5  0
20  10  3.75  0
20  10  0  0
20  10  -3.75  0
14  10  7.5  0
15.5  10  7.5  0
17  10  7.5  0
18.5  10  7.5  0
20  20  -2.5  0
20  20  2.5  0
20  15  7.5  0
20  15  -7.5  0
18.110042339640735  20  7.5  0
16.220084679281467  20  7.5  0
16.220084679281467  20  -7.5  0
18.110042339640735  20  -7.5  0
12.5  -10  -4.5  0
12.5  -10  -1.5  0
12.5  -10  1.5  0
12.5  -10  4.5  0
18.5  -10  7.5  0
17  -10  7.5  0
15.5  -10  7.5  0
14  -10  7.5  0
14  -10  -7.5  0
15.5  -10  -7.5  0
17  -10  -7.5  0
18.5  -10  -7.5  0
12.462019382530521  -10.434120444167325  7.5  0
12.34923155196477  -10.855050358314172  7.5  0
12.165063509461097  -11.25  7.5  0
11.915111107797445  -11.606969024216347  7.5  0
11.606969024216347  -11.915111107797445  7.5  0
11.25  -12.165063509461095  7.5  0
10.855050358314172  -12.34923155196477  7.5  0
10.434120444167325  -12.462019382530521  7.5  0
10  -12.5  7.5  0
9.5658795558326748  -12.462019382530521  7.5  0
9.1449496416858285  -12.34923155196477  7.5  0
8.75  -12.165063509461097  7.5  0
8.3930309757836525  -11.915111107797445  7.5  0
8.0848888922025548  -11.606969024216349  7.5  0
7.8349364905389027  -11.25  7.5  0
7.6507684480352296  -10.855050358314172  7.5  0
7.5379806174694801  -10.434120444167327  7.5  0
7.5379806174694792  -9.5658795558326748  7.5  0
7.6507684480352287  -9.1449496416858285  7.5  0
7.8349364905389027  -8.75  7.5  0
8.0848888922025548  -8.3930309757836525  7.5  0
8.3930309757836508  -8.0848888922025548  7.5  0
8.7499999999999982  -7.8349364905389045  7.5  0
9.1449496416858285  -7.6507684480352287  7.5  0
9.5658795558326748  -7.5379806174694801  7.5  0
10  -6  7.5  0
10  -4.5  7.5  0
10  -3  7.5  0
10  -1.5  7.5  0
10  0  7.5  0
10  1.5  7.5  0
10  3  7.5  0
10  4.5  7.5  0
10  6  7.5  0
10  -7.5  5  0
10  -7.5  2.5  0
10  -7.5  0  0
10  -7.5  -2.5  0
10  -7.5  -5  0
10  6  -7.5  0
10  4.5  -7.5  0
10  3  -7.5  0
10  1.5  -7.5  0
10  0  -7.5  0
10  -1.5  -7.5  0
10  -3  -7.5  0
10  -4.5  -7.5  0
10  -6  -7.5  0
9.5658795558326748  -7.5379806174694801  -7.5  0
9.1449496416858285  -7.6507684480352287  -7.5  0
8.75  -7.8349364905389027  -7.5  0
8.3930309757836525  -8.0848888922025548  -7.5  0
8.0848888922025548  -8.3930309757836508  -7.5  0
7.8349364905389027  -8.75  -7.5  0
7.6507684480352296  -9.1449496416858285  -7.5  0
7.5379806174694801  -9.5658795558326748  -7.5  0
7.5379806174694792  -10.434120444167325  -7.5  0
7.6507684480352287  -10.855050358314172  -7.5  0
7.8349364905389027  -11.25  -7.5  0
8.0848888922025548  -11.606969024216347  -7.5  0
8.3930309757836508  -11.915111107797445  -7.5  0
8.7499999999999982  -12.165063509461095  -7.5  0
9.1449496416858285  -12.34923155196477  -7.5  0
9.5658795558326748  -12.462019382530521  -7.5  0
10  -12.5  -7.5  0
10.434120444167325  -12.462019382530521  -7.5  0
10.85505035831417  -12.34923155196477  -7.5  0
11.25  -12.165063509461095  -7.5  0
11.606969024216347  -11.915111107797445  -7.5  0
11.915111107797445  -11.606969024216349  -7.5  0
12.165063509461095  -11.250000000000002  -7.5  0
12.34923155196477  -10.855050358314172  -7.5  0
12.462019382530521  -10.434120444167325  -7.5  0
7.5  -10  -5  0
7.5  -10  -2.5  0
7.5  -10  0  0
7.5  -10  2.5  0
7.5  -10  5  0
-7.3675686691373814  11.683101342808214  -2.5  0
-6.7688489742603153  13.90519938508943  -2.5  0
-12.916348889248564  12.177872200440801  -2.5  0
-9.9690221973845095  15.629858313339559  -2.5  0
-6.6490978900021673  12.64829830966478  -2.5  0
-9.9925989585398032  11.132864294488938  -2.5  0
-13.275761007799948  13.645883100658942  -2.5  0
-8.4833248467061555  11.099140884709888  -2.5  0
-11.756387942266608  11.188665431184305  -2.5  0
-8.6171420125925113  12.697577329564899  -2.5  0
-11.08830222407685  12.750465855425976  -2.5  0
-8.6981652098938458  -30.312520612644217  -2.5  0
-8.6432838741712779  -12.572135728648746  -2.5  0
-8.4932176571705877  -11.036342617981157  -2.5  0
-10.031318153294333  -10.922652693069754  -2.5  0
-12.382273489179195  -15.63211012468555  -2.5  0
-7.4129815715811249  -14.134434167070015  -2.5  0
-9.6004276090514438  -23.260012418367534  -2.5  0
-9.1741694711121884  -14.940159359024252  -2.5  0
-8.6386032659498131  -18.872769008288373  -2.5  0
-13.414108262365291  -12.998603947625989  -2.5  0
-6.6513087181266384  -12.887140505498655  -2.5  0
-8.2868746200138474  -35.137227610515197  -2.5  0
-14.081126228945678  -14.210670653989432  -2.5  0
-7.6109378794681595  -40.052995282773956  -2.5  0
-6.0055239843030375  -14.24514299911711  -2.5  0
-6.6014263451612871  -16.027799191384091  -2.5  0
-11.380696892641927  -12.400834402320809  -2.5  0
-7.3717728685512922  -11.68501776696386  -2.5  0
-6.3704956304710993  -21.784898892295153  -2.5  0
-7.6111634852852985  -26.611988858701562  -2.5  0
17.720917261290804  -29.106273221603182  -2.334791734946954  0
12.554912920704469  -27.981431845820651  -1.4749178305699011  0
10.022578436393841  -28.958938618259488  2.2729256915808955  0
-1.2219010950484464  -29.057996325084481  2.3157351049819579  0
7.3789016896190196  -27.511331312430034  0.23775652148527229  0
-2.1391893167208487  -27.500134640262921  0.025945773964285705  0
-3.1975371138915456  -28.227457661334551  1.7629786322126981  0
12.338987714266977  -27.660261715476825  0.8806956113984642  0
-2.4111074394993572  -27.732985194990096  -1.0538708999995361  0
17.307215609794753  -27.948749516456864  1.4291156194527979  0
17.068293570535847  -27.528653119000978  0.37741832729264868  0
-2.194503103533556  -28.40617180678629  -1.9260611855590115  0
2.5168729593413444  -28.052978909727585  -1.5681546078223143  0
12.658987233131644  -28.220558389032686  1.7560146790838591  0
-2.6424030149479041  -29.141191397777476  -2.3478602566482585  0
12.379628982580012  -27.519181328020824  -0.30909337870534553  0
2.5236088977389395  -27.544444299839789  -0.46930395631261657  0
-2.398599066953766  -27.707159231238592  0.99643424725651419  0
2.1723791762385307  -29.106515031451309  -2.3348842821385087  0
16.38790963931789  -28.942921742919818  2.2655210346426231  0
12.911684892547974  -29.062487733642399  -2.3175570651936765  0
17.5797432746702  -28.274348564879155  -1.8089021876446205  0
7.4810171204289846  -27.70946930178609  -1.0017330585239264  0
1.2354373524792761  -28.158569032954922  1.6908968015841503  0
17.448263413663408  -27.617216106475816  -0.75653216505432586  0
7.2336123914793271  -28.009399316582375  1.5124512948116013  0
7.5236564260316419  -28.540264507181284  -2.0295744113003842  0
4.6844918511382225  -28.963571244274299  2.2750418533083994  0
2.3069641591479231  -27.601956927208828  0.70667490477468176  0
17.234470416381026  -32.436390411614944  -0.56035860142483163  0
7.1955074611055752  -31.930246866841077  1.5887564423316125  0
11.767392806035147  -32.204940769212605  1.1782343588030737  0
10.81003360431162  -31.227408785117778  2.1779503378671548  0
5.6622883017614924  -32.444217369153492  -0.52516802294922071  0
-2.7288316843618503  -32.489326664931156  -0.23076558509167536  0
-2.5075382057745603  -32.307877605246603  0.9610936266572967  0
4.5529279813808863  -30.890731425321029  -2.3359361138407708  0
4.0298535599011176  -31.185568455621045  2.2010060056793077  0
11.587737787248699  -32.491666067520192  -0.20396129036771649  0
-1.7634875737325491  -31.664367232014733  1.8654441071754846  0
13.6469949665515  -32.060348896950529  -1.4159669568301418  0
3.7263364744469891  -31.886445022629989  -1.640525884158645  0
17.032309027109147  -31.791741869207083  1.7434623810481822  0
1.2228455727249292  -32.387737307896032  -0.74074999053754198  0
-1.2892993845238578  -31.062306518291159  -2.2630742058527327  0
9.4937127839153099  -31.258636740307342  -2.1600540632003957  0
16.477516689836698  -30.826792832666158  2.3593248211833235  0
16.538233768238221  -31.121576023781603  -2.2342934504846022  0
1.8365709299087944  -32.487178285386179  0.25287185826717168  0
-2.3835126107655888  -32.083518589407959  -1.38164767129373  0
6.7743552201721675  -32.417286921174359  0.63774912051636035  0
8.8237195414881526  -32.15590285773515  -1.2657341221636706  0
2.5944768209348181  -32.117792098064918  1.3285167027078921  0
17.202854144142776  -32.422128810792259  0.6191058261154162  0
18.202879566783167  -32.026948145265777  -1.4633800656028244  0
-1.4619050803674156  -30.796503143947561  2.3697220811060946  0
-0.94318583005605383  -19.018086436861392  -2.2990967257869577  0
12.879448796924885  -17.701544225194066  0.98341296069414474  0
10.464187290672228  -19.043863535190575  -2.3099357265217972  0
5.2864854865906796  -18.975067880094709  -2.2802443179594616  0
8.0546322626490348  -17.54833913615623  0.48924330214814882  0
10.273045601490226  -18.948102129707387  2.2679309668668965  0
13.134414601831665  -18.362288264830774  -1.8888886342209472  0
17.467497812146195  -17.964856900778098  1.4519616267964435  0
12.751688683400495  -17.502482878724415  -0.11139223013892856  0
2.6377422952833278  -17.988765341780649  -1.4849024040580014  0
-1.4766094339493829  -19.175508191176235  2.3601299237928965  0
16.470699318182135  -18.99350006385486  -2.2884400535168004  0
8.728855674346006  -18.200399383098716  -1.7353494229256925  0
7.9823849021244397  -17.609754993916063  -0.73261777953500484  0
17.227817810171526  -17.539198495730574  0.44097160519164202  0
17.139059640238557  -18.077810404185428  -1.5984952792367928  0
4.2070798514889445  -18.787469372897846  2.1862683911952132  0
17.498487319490113  -17.585230508656792  -0.6472158091997704  0
-2.472734614971106  -17.59640261537022  -0.68754608034722897  0
-2.303745252739331  -17.57611369198516  0.61218883183069683  0
8.631765528690007  -18.057017854915316  1.5731561854698677  0
3.2330002455829208  -17.78914104673148  1.1670915511443247  0
16.487396540932238  -18.948773794114093  2.2682423733055015  0
2.8545486090798686  -17.502756821954026  -0.11737337731715455  0
12.871809921565923  -17.790486014537557  -1.1696358185546081  0
13.147332320660583  -18.250355114326318  1.7857051195636597  0
-2.0427250767950884  -18.208243256554894  1.7434470947863889  0
-2.968471666561312  -18.164291138373315  -1.697107237432314  0
17.184519525006305  -21.837760230519404  1.6948856407206825  0
12.839810982051752  -21.018491496619813  2.2831283519138923  0
7.4776705566031128  -22.320021768360476  0.93139626063965564  0
-3.0369339922161664  -21.061366216007418  2.2635153534973567  0
11.210863536218696  -21.28206722842793  -2.1462300952580038  0
5.0217799924516129  -21.151254711793726  -2.2191468154614533  0
-3.1402881855632909  -21.830332472957046  -1.7029042951495597  0
-2.5185040379235701  -21.941961222313559  1.5744162762848164  0
2.7247859676569739  -22.146293976020448  1.2819602835105195  0
1.6072639657989427  -21.986135103788811  -1.5183106893840117  0
2.092729662952852  -21.052018864483124  2.2678748441595551  0
-1.9300035941496656  -22.450482081850023  0.49511369051160076  0
16.950791726170998  -20.952793365764816  -2.3113166814944917  0
12.236378373295679  -22.109263070233883  1.3420168778921873  0
17.236596609795029  -22.416552910164441  0.64052481011723938  0
-1.1262468335209626  -20.992340693218036  -2.294615424985941  0
3.7462130946793182  -22.495629983289412  -0.14775312689379322  0
16.895596481600229  -21.868567998734846  -1.660859305932973  0
7.4786670940689293  -21.571839409535198  1.9440475484493795  0
-2.4643547033140134  -22.396597286965815  -0.711562677568221  0
7.6042471790423898  -22.112363629061175  -1.3371312196712424  0
12.836646466889462  -22.16726640404779  -1.2461766864637647  0
11.201335837707173  -22.49902240849973  -0.069907094176517998  0
17.979604068940773  -21.035933725085453  2.2752673067642868  0
17.27120879811574  -22.417219851922138  -0.63800328171065535  0
-5  -34.302083170756525  -1.2298482435423641  0
-5  -34.488149686417522  -0.056043803223568341  0
-5  -26.939291054929068  0.32626317771356678  0
-5  -38.574474973435898  0.6006198654338043  0
-5  -33.670483314592168  5.1680739122108514  0
-5  -28.981291573147903  2.646400741351195  0
-5  -33.211341204689887  -0.25296900707327213  0
-5  -35.986350517862093  -0.75876813929977249  0
-5  -26.639752626979902  -0.44059723909856396  0
-5  -22.600917410397312  4.4876910981803366  0
-5  -36.058831753547437  3.93305763839194  0
-5  -20.891443008578129  3.4487553506547899  0
-5  -17.127121867600401  -0.70871318043393128  0
-5  -16.35672971257916  3.6520214289587503  0
-5  -19.793088119700585  3.8341397944560569  0
-5  -25.166723557743666  4.7064910061618335  0
-5  -19.069665586744325  3.004626470018815  0
-5  -19.957876734547661  2.9527355635455721  0
-5  -17.422312585583384  -1.5398851918490439  0
-5  -27.314254348136409  1.4656196313468541  0
-5  -25.649744276611361  -0.40735991126893395  0
-5  -23.475529192703064  2.2740693560189489  0
-5  -32.064198072548962  3.583612289123419  0
-5  -29.870412546598494  3.1831463235038298  0
-5  -24.634490287321004  2.746669427990903  0
-5  -22.82823362176428  1.5196267958287408  0
-5  -24.034864513884603  1.6583289538937258  0
-5  -28.471583906955892  3.4401317074689182  0
-5  -28.080964908903251  2.2892125947260267  0
-5  -17.389290833196885  1.2451476474462679  0
-5  -22.509759100639357  2.2284308446120202  0
-5  -16.362623600121367  1.1815375856823616  0
-5  -21.869035981084028  2.8304703609784769  0
-5  -29.779361477984889  5.0469109917364445  0
-5  -23.374879022387589  3.2134785805489594  0
-5  -16.266811274995089  -1.3578793311295099  0
-5  -24.295248197171006  -1.2639421211466881  0
-5  -23.358503852575559  0.75680401130712993  0
-5  -27.177152667354978  -0.44088894227638326  0
-5  -17.973527014579631  2.7200143732874622  0
-5  -27.566352540356323  4.6955096488275183  0
-5  -33.51812783338444  0.83093079394565295  0
-5  -24.034828239660566  -0.094943148382572728  0
-5  -35.430732746744603  1.1245074793681396  0
-5  -23.101518362661572  -0.57779862989465736  0
-5  -26.801898324651617  -1.243298993561047  0
-5  -16.859654484363805  2.1495353556954462  0
-5  -22.993254250715093  -1.5069251175171396  0
-5  -27.649282338382921  -1.562317207670028  0
-5  -25.201728484150049  1.8305558954895567  0
-5  -26.063298929597519  1.1375143309872364  0
-5  -32.725711544596493  1.5139622490714315  0
-5  -18.315211497851681  4.5390095764841014  0
-5  -33.969621085983704  2.1985952203525372  0
-5  -33.640281385077735  3.4449914093508061  0
-5  -26.561424878779963  2.7901732109397721  0
-5  -20.741459439367507  5.219007318062693  0
-5  -16.397992884408033  -0.064491552116225093  0
-5  -32.450633595204266  2.3460134863348081  0
-5  -24.721854529071173  0.81454428127599066  0
-5  -42.279030246569533  0.5160316727395825  0
-5  -32.753200156100391  -1.3271126946453222  0
-5  -23.089680888896496  0.10447449784083843  0
-5  -30.887210401024586  2.950389926213087  0
-5  -30.857797262495762  3.9621768303621807  0
-5  -31.700467324055438  5.051274155033342  0
-12.478080563589955  -10.657291545549288  0.38230033725176327  0
-13.915180346199579  -11.890118514037464  0.84946468081592852  0
-11.669394555434371  -10.286920134531339  4.6057609225180673  0
-14.721516515948949  -13.354618041419776  4.4884370403429372  0
-14.786343828974983  -13.554001123502132  -0.30891822782921974  0
-13.916540243654998  -11.891831323780696  5.3674427551410151  0
-6.1250231845825489  -11.840165403066605  0.3883114344947507  0
-8.283122221645133  -10.304009082824876  4.6441351669548467  0
-9.9904129257948942  -10.00000919120763  4.637170378275405  0
-5.0866468062315509  -14.073198838323243  4.6718220937803618  0
-7.4872116566984026  -10.677281556500862  0.36302157174370953  0
-6.7695137550586413  -11.183724509257138  4.6530335203251187  0
-9.1258411276919915  -10.077008402813874  0.35682107589905909  0
-13.012877741891311  -11.00969077483763  4.3673510155842434  0
-5.6397206191594567  -12.55296838577496  4.6769289078126182  0
-5.1810487961110372  -13.666692348129242  0.52626154653916379  0
-10.856557450496531  -10.073915415464441  0.35444583560176213  0
-5.3633027858394939  13.128893657699754  4.6432846997351138  0
-14.809361173266275  13.632504074931539  0.027769451871505257  0
-10.825073896506783  10.068544528711314  4.6206865501891006  0
-9.9559812259695342  10.000193769001356  0.29796294266756984  0
-13.815983364214425  11.769168688396318  4.681443904874806  0
-14.739357356326458  13.406735474243435  4.4337261422030885  0
-5.207042110637123  13.576077716027257  0.42092811153404064  0
-8.2710808140486147  10.308428999956497  0.072589931045247802  0
-8.9112660285125234  10.119973530878228  4.5372892127844136  0
-6.3693963819322388  11.562163853748512  4.6124120209287307  0
-7.5159612957557105  10.660696862880361  5.7796134257693428  0
-5.8470093958881062  12.215638485728132  0.80351118198805294  0
-13.183082133683051  11.14409697603431  0.42174619683230707  0
-11.690591941043312  10.294482080697236  0.35626766028760271  0
-7.5292698708922128  10.653105403955713  3.0291066695718003  0
-6.857820924048772  11.110692779600164  0.14518763563335257  0
-12.484370270228872  10.66088668500085  4.654221921663753  0
-14.21566700568931  12.311477785633429  0.76074364423649898  0
-5  20.994787207195216  2.4999999999999996  0
13.332661336985865  18.772619094731585  -4.3916207503453251  0
6.2048661657062816  19.24470290452637  4.5406360808507902  0
7.8722088178420684  17.975344799310012  4.886710414856748  0
6.204866867344383  19.244702086533469  -4.5405864410437937  0
5.2567283946655436  20.918426581524624  -4.3985680610374933  0
8.8354750135025188  17.637502539247649  9.1032904308522303e-05  0
12.670670537120648  18.273001196811656  6.5378225997374741e-05  0
5.2567281781323238  20.918427230926095  4.398583906903732  0
9.8894448111075643  17.501222394403911  -4.5538815721325836  0
11.736774368024832  17.811331234287078  -4.4920335825521622  0
13.332661160612238  18.772618937035457  4.3916723270940441  0
10.823813258631272  17.568333779045531  9.8613693975966576e-05  0
9.889443940142522  17.501222413666639  4.5540056402151032  0
5.6042617898377216  20.117252512808097  2.5103055232813921e-05  0
11.736773857864762  17.811331045313867  4.4921427463620773  0
6.9660015291593345  18.52572606896096  5.8115969524270025e-05  0
7.8722097497514039  17.97534436106492  -4.8866248251963942  0
6.1514365590104632  25.691952292982897  4.4921310694790098  0
6.1514347860641632  25.691950155325582  -4.4919382055136561  0
13.316906254194889  26.241407876840327  -4.3985525625160866  0
13.316907497415125  26.241406774675983  4.3985345536402942  0
9.5801056874160118  27.482337680874274  4.8866448368720201  0
7.5960926506638877  26.8842022599109  -4.5537931472289399  0
6.820393483188238  26.358769544589073  0.00015709072832132914  0
12.615162912868103  26.761563438359122  -1.1957521028975048e-05  0
5.2501101715453382  24.061584649496449  -4.3915641620644719  0
8.5767714672837716  27.293163938742595  0.0001052489160630496  0
7.5960956537705169  26.884203906546659  4.5539671777335267  0
10.639895396937783  27.458884338334364  2.7437936348526298e-05  0
5.5735155295150554  24.825131229104201  0.00012290514265784173  0
5.2501106491019556  24.061586102085105  4.3916670524314032  0
11.658778393371923  27.216826713128484  4.5405566931250467  0
9.5801024982672516  27.482337412102737  -4.8865726838575361  0
11.658775706954213  27.216827657866943  -4.5405583062198955  0
1.6530764621202545  -45  0.49795200000000001  0
20  -30.494913607783094  2.9551649716303987  0
20  -16.064937664334995  0.72279239212459256  0
20  -33.396301111197715  -0.18206082119506928  0
20  -33.746505829200999  -2.9182497163990462  0
20  -16.165000920713702  2.0847925322491303  0
20  -22.220468549657202  -4.5210450922090901  0
20  -20.88213594155058  3.8438970873608738  0
20  -23.328245241118942  2.5525709484741577  0
20  -27.426501271824904  2.6368470142961176  0
20  -26.621276408237801  -0.10160340725866356  0
20  -15.475531612031359  -0.47941602135272321  0
20  -20.033419698437395  -5.6112265847697351  0
20  -17.334857366020003  -1.8541286384134077  0
20  -15.221452527470928  -4.2337041925860541  0
20  -29.769286549499778  5.2765527336145874  0
20  -27.713945533524555  -4.8174611732605559  0
20  -27.22661538767619  1.4670744092104089  0
20  -22.738974272211529  -2.1969663890790776  0
20  -27.101575277586896  -1.9662810459141316  0
20  -25.024996876302108  1.9075197274889473  0
20  -20.349384912828391  4.9530301375625756  0
20  -22.286138596572851  4.760570817637225  0
20  -15.161584519845485  4.2930187213068169  0
20  -13.750631812420636  1.2541280986663319  0
20  -30.769105862948553  -3.3063799894020827  0
20  -37.711994798908918  -3.0301915117524305  0
20  -35.505991386968425  0.25761009133428009  0
20  -31.501410898246966  3.1431234979433604  0
20  -17.367990145026283  3.1168523931378851  0
20  -30.671451147461571  3.9593827645113833  0
20  -32.36562392675976  -1.9587515348144957  0
20  -26.209479332994615  1.0611938495332434  0
20  -17.582029980568496  1.9423846643801645  0
20  -20.443568071667681  2.9390198403215733  0
20  -19.734540244859748  3.7608806944074513  0
20  -20.152502841461484  -4.1519026256063318  0
20  -17.107689347768083  0.49933596057427088  0
20  -22.237710245329922  1.881933406617007  0
20  -31.938805405594042  -4.795404212258715  0
20  -33.015675638043369  -1.290049732161745  0
20  -32.217396031047826  2.1147525849709776  0
20  -25.353964287892516  -3.3242177398886161  0
20  -29.88200062844265  -3.0371448275520376  0
20  -32.082304392508981  5.1048255117213452  0
20  -18.396609985210656  4.8856882451617567  0
20  -25.462352722709539  4.1719656325453913  0
20  -19.483675598157777  -3.1206205732048331  0
20  -22.86179373140806  -0.98526547502601247  0
20  -23.268396285655477  0.047477883160336604  0
20  -21.562730078678314  -2.7163468235244554  0
20  -33.203863885857103  1.1901253969568621  0
20  -15.924035654956466  -2.0212698518023  0
20  -18.736769739781625  3.0846098391213799  0
20  -17.227464022226592  -0.64098957103692611  0
20  -25.007269059119121  0.23499333118254842  0
20  -27.102116962309612  -0.96923176636480368  0
20  -20.675490930969634  -3.1235536345926174  0
20  -34.66853249831577  -1.4325268232227502  0
20  -16.895807919202166  -1.048698343258508  0
20  -29.750909925276037  -4.422462572720181  0
20  -23.885762469804607  1.1816816334860514  0
20  -32.960280860467371  3.3584795949946331  0
20  -18.498994392431868  -2.8642285966097303  0
20  -28.541503569236237  2.7767474543902591  0
20  -25.889892359856784  -1.2267033108525076  0
20  -18.165545225207467  2.4449706523914294  0
20  -28.789555404474694  -3.079214609076474  0
20  -26.267106633679099  2.24732506964722  0
20  -27.402504219101743  -3.0961043358767131  0
20  -34.784605836727742  -5.1487133414044504  0
20  -13.394348435515422  -1.5444953339241894  0
20  -31.784124078385894  -2.7725286851862245  0
20  -24.181701397232064  -1.2398410164484654  0
20  -18.047537372682644  -2.2284618419299282  0
20  -21.609768453671002  2.8008532122332026  0
20  -28.084905809078073  -2.3022355773599723  0
20  -28.023289129522738  4.2796873456168143  0
20  -17.066952743341922  1.219103198637141  0
20  -33.187031761630685  2.2910045300619459  0
20  -16.82912018669208  -0.20252302636874575  0
20  -29.524012474408753  3.3192729720998204  0
20  -22.81252300640794  1.1711609090011805  0
20  -17.227452380587124  -2.9317792567985479  0
20  -18.342152960600114  -4.3503783050363909  0
20  -27.121817127727468  0.61786472373764123  0
20  -19.602727538171742  2.8512681506836017  0
7.6776047131065699  9.0745378822365641  5.1616834844830644  0
8.2388614061345518  8.2256294487346704  3.4093732320986225  0
8.8644976102207949  7.7727518497469319  -1.8135508780831884  0
8.2486142142736139  8.2160022899242353  0.6051996490775795  0
8.3249190036483007  8.1441703592028176  -5.2921007412228835  0
7.8107218938607996  8.7929120272409484  -1.8492271558386606  0
8.2337701311766622  8.2306972982340483  6.2475227494295895  0
9.0240681862784697  7.6983577395767595  1.6436584679040582  0
7.6836767716847119  9.0594434084186961  -5.5802268256041181  0
7.7083217748265236  9.0008949443298043  1.63758636187826  0
9.2091914230481464  7.6283714889090692  -5.3008772466188399  0
9.0801077319485604  7.6753928901469868  5.1624424123362953  0
8.328149031678322  11.85873998712081  0.94530910594362672  0
9.5550224528920875  12.460080279700202  5.9066286939079164  0
11.733936440435475  11.800962081924535  1.9107734375690575  0
9.5451768738086589  12.458279057365443  2.2755988560958182  0
7.6092133161685265  10.730848159616009  5.3154564138569205  0
10.682668595386662  12.404987232579998  -5.5617068679559125  0
11.261743044473917  12.158241063857718  5.293331305896098  0
10.356410144564716  12.474463943736371  5.4105943581993987  0
7.6643112707344248  10.891379918991763  2.0555361881770273  0
8.2634273424264109  11.798420252601655  -4.7849529890168006  0
7.6854218775649601  10.944842905008597  -1.5799369023171124  0
11.977296099805635  11.52980395269898  5.3332824205245446  0
12.328953685782638  10.90883151875332  2.2591688939193002  0
9.4266408050235455  12.433363769257681  -5.4791292978155584  0
8.779219769890771  12.181672667879958  5.2542300160180977  0
11.306304186868003  12.131565005194805  -1.7607311894545652  0
10.146330758120669  12.495713787522085  -1.7304875318088486  0
12.390677434988586  10.731205444342693  5.3703154769417472  0
8.0326099416150534  11.542522725332784  5.1528593932875966  0
10.764193991197169  12.380337695331933  1.8995820544675361  0
12.225903495935849  11.13813603175568  -1.5587706017709935  0
7.6266477688498675  10.78562025616368  -5.1950173452650974  0
11.773244772819952  11.762272106022994  -5.5224021031307196  0
9.0930564911614074  12.329689565537766  -1.754965258692933  0
12.366011865298262  10.807457647971606  -5.2973486893849824  0
15.832974883396359  10  -4.5808675900511711  0
15.832982985901335  10  4.5808554362937048  0
17.164841213267234  20  6.041565973374257  0
17.164840560983691  20  -6.0410554597278576  0
16.249985117847999  -10  4.9652499321130747  0
16.249985117847999  -10  -4.9652499321130747  0
7.3461195510963426  -10.792095535767366  7.5  0
-9.2162438152012029  -6.9321342316907479  7.5  0
-11.943311111445784  6.3809423133169583  7.5  0
13.793719623735781  -10.819976016776653  7.5  0
0.24410226028542362  17.337765462709921  7.5  0
-9.1275182773217445  8.3364461329931974  7.5  0
8.9806950443241877  13.88928795710846  7.5  0
1.7344522534612283  -24.442543890120213  7.5  0
10.035009674627624  -12.937140532211368  7.5  0
9.1792224671073228  -7.1516309989928963  7.5  0
8.179473873451883  4.9582953499957583  7.5  0
9.5684820706264553  36.196074771703181  7.5  0
6.0947645469899614  7.2754562944220194  7.5  0
13.566072532918001  27.946685462272946  7.5  0
-9.9934593671919476  -3.0971341075053958  7.5  0
10.799503774690583  16.292106044979814  7.5  0
13.399069090108828  -13.785484612746457  7.5  0
6.954488449049987  10.275984509622582  7.5  0
6.4921753294744713  -17.463235836228691  7.5  0
10.025873145440308  -13.973433673718684  7.5  0
5.9174062176516555  27.569101235340419  7.5  0
-2.4840803361947708  13.509732276547519  7.5  0
7.3502551679849377  14.455000729620805  7.5  0
11.504235785337347  13.044826004877901  7.5  0
-5.6994411452073717  11.608486788192293  7.5  0
-4.9261619872475988  -11.878181102938843  7.5  0
8.3551823663189477  12.754591029174938  7.5  0
14.065254693548548  33.708697805798479  7.5  0
16.310756595942873  -16.650528934812996  7.5  0
-4.4625146772684356  13.616094739597232  7.5  0
8.3156045588550462  28.435146583052163  7.5  0
10.554493138595943  29.33751258091894  7.5  0
10.391749250067855  14.135520583602762  7.5  0
15.984193187429073  -12.094554096472562  7.5  0
9.5529482155714316  13.003557705363493  7.5  0
5.3198944833154727  -6.9999715898640407  7.5  0
14.45646379322686  18.641226278664409  7.5  0
-4.4872565698606408  12.146492122351754  7.5  0
-6.6302488946719045  -5.56061572859769  7.5  0
-5.9051200453975685  7.8235896836783816  7.5  0
11.34437481800687  -16.179221487438905  7.5  0
6.9860597110611877  9.2048706185700553  7.5  0
14.154102946747917  14.817187112098377  7.5  0
4.3003413718802213  18.414439950761174  7.5  0
3.3816770952934729  -12.953129625905069  7.5  0
7.3794410707783742  10.97100000525551  7.5  0
6.9934046754486534  12.476235802249933  7.5  0
-3.2196823971558031  -15.202993516769824  7.5  0
-2.4203007387413065  10.05824996067518  7.5  0
-2.9584320977409826  -2.106060319166065  7.5  0
7.5263268590313439  -4.5133411279020264  7.5  0
7.4480799504661537  8.3663728829896034  7.5  0
-3.7496998557517043  -12.983768402967177  7.5  0
6.9822940414524446  17.022348362880408  7.5  0
-4.0709836203866621  -7.4776982638497476  7.5  0
7.635331470309433  -1.1326206507241443  7.5  0
4.3985539156123163  15.730307878818321  7.5  0
14.347166790395155  11.364892803046066  7.5  0
6.611303013951173  11.240730172367275  7.5  0
3.6991453648724892  -3.3965710064921142  7.5  0
-5.4036967547268766  10.434963147373967  7.5  0
8.6890595426872732  -6.0368673132838886  7.5  0
4.6692611380898192  -9.8395461179051065  7.5  0
8.8301523042941934  16.535389795815956  7.5  0
8.0968746988418943  -7.5257265450315316  7.5  0
7.2723240750635192  -11.809865717907254  7.5  0
4.1896353066001204  29.949513944416303  7.5  0
13.313938520120958  12.865827280816442  7.5  0
16.479895707304163  -31.439722149619431  7.5  0
16.058010800916154  29.6394276631761  7.5  0
-0.9122615834471457  -12.834155284817522  7.5  0
12.334728421429832  -11.74443705000194  7.5  0
2.9765512965404359  27.471576148625168  7.5  0
-9.0248360860101133  3.268926071287642  7.5  0
-5.6081840536376326  -10.146961794275215  7.5  0
4.956495635910696  12.163459861893505  7.5  0
8.9585940909502533  -34.399379867070408  7.5  0
12.212607166521112  14.698460227960213  7.5  0
12.825696219534221  11.321378510365113  7.5  0
9.0980204296456826  6.988997282000887  7.5  0
7.1251606522898658  -9.4016271904958728  7.5  0
0.097966200354063643  31.655459719768437  7.5  0
8.012072005429685  7.4173132740237353  7.5  0
-10.806851477736114  -8.9413189648803009  7.5  0
12.192216948771193  -12.486060739917662  7.5  0
6.5275695026690448  -10.339857802166337  7.5  0
3.6109865897807265  20.332808550954198  7.5  0
12.90555675869175  30.156087717973222  7.5  0
8.5574203837532501  -14.521620581321848  7.5  0
6.9020450213006832  -7.6739306107102632  7.5  0
13.403279046016586  -12.019527229175132  7.5  0
7.4356155783123619  -8.5193541800785137  7.5  0
-7.1657244775113256  9.7903545631507445  7.5  0
7.3092904452293093  -6.5479724577354492  7.5  0
1.6789093953718361  -38.981958267869345  7.5  0
-11.587332263263258  9.0402132938362705  7.5  0
-0.44181323975776959  -32.3725280242613  7.5  0
2.4448773233138112  8.5522193552160406  7.5  0
-12.909101822297144  -9.4877302524681788  7.5  0
11.186881085407856  -13.289973147154782  7.5  0
8.2383558002693782  -12.239577609751747  7.5  0
5.7269327623549779  17.821903720961863  7.5  0
0.89960175554776611  21.822842178867493  7.5  0
5.4299132416333267  32.954353304990043  7.5  0
14.693823178962369  26.598071254914313  7.5  0
6.5515911610890916  -13.57375523748496  7.5  0
0.76072409932019225  -8.2712545563513462  7.5  0
13.132061455093366  16.99853366091703  7.5  0
6.3331262852010548  -8.791151009224718  7.5  0
6.4927519814886923  30.088652733052019  7.5  0
16.023249943123425  16.872146493189021  7.5  0
-3.0807723456138905  -10.595304066328731  7.5  0
7.9270945531229247  -13.016295539627508  7.5  0
5.6816865059513324  -11.696724826282169  7.5  0
3.8072605976252829  22.337785215121819  7.5  0
7.2615459441672803  -10.085920614120052  7.5  0
4.8797581756445663  25.725247693846182  7.5  0
1.1944688795306231  12.893254266926323  7.5  0
-8.8102502120328072  -9.1960055221786998  7.5  0
12.066318184990893  12.159818898536155  7.5  0
11.143162181098624  32.18405442281734  7.5  0
5.6814461408676351  9.7884440389934522  7.5  0
3.887284435406416  2.6297121777225407  7.5  0
0.41346882003020069  -17.025653257208294  7.5  0
-2.3226325114259381  5.0406030378172284  7.5  0
13.475922387415302  -23.596094861865453  7.5  0
-0.46576488643795749  25.556020276865667  7.5  0
9.267550979362511  15.067191057887468  7.5  0
12.744127889154623  -11.18811268817972  7.5  0
3.6206928201941109  38.301687125848552  7.5  0
-6.9384428810637457  -8.2066215873098738  7.5  0
16.10291857329543  12.619706540439333  7.5  0
7.6680542284306563  11.750316905181577  7.5  0
-7.3176326506251463  -9.9434775886394497  7.5  0
10.450815017353584  12.920532739241168  7.5  0
-12.151739370079969  -6.6161194889692947  7.5  0
9.0260433049599609  -12.953884952994269  7.5  0
8.5902595228765417  31.532382316923787  7.5  0
3.2116385991834395  24.359551384650928  7.5  0
12.020516435708746  28.144194821864222  7.5  0
8.2903910751903869  1.8290811700720464  7.5  0
10  -2.6904923829672418  1.9830404758650941  0
10  -4.6086172966323442  5.4019222022405868  0
10  2.2462105407086899  -1.4043808121034531  0
10  -1.0583277456359852  5.8633999305826885  0
10  5.2317772594886156  5.6116010333345816  0
10  -3.3046609052470317  -2.1446132889434173  0
10  -0.17927982767310296  -5.3103379024655801  0
10  -4.1871685336192828  -5.61539816333626  0
10  2.9018900408170154  3.6897310280729143  0
10  4.007519400526383  -5.5235021614975937  0
5.7247224912520496  17.856272295493362  -7.5  0
-9.851281745225803  35.930280298792574  -7.5  0
6.902111955922126  -10.86787385941636  -7.5  0
11.443738148984613  -17.452118425267269  -7.5  0
12.918143841702204  -10.966940165375094  -7.5  0
6.7425848627815403  10.484514092072777  -7.5  0
-2.6849967818116296  30.558744104288984  -7.5  0
12.615145167136161  -11.888911636228721  -7.5  0
5.0504579167226495  11.15848714751545  -7.5  0
14.448047292537083  18.729683901621961  -7.5  0
7.7789647065907523  -8.2277228080279805  -7.5  0
5.5903811462841242  9.6395617270882283  -7.5  0
2.0570736396028169  20.027540392619073  -7.5  0
5.2694146546288803  15.341268844206166  -7.5  0
9.0307945929844617  -7.0728241882792302  -7.5  0
7.8821219740176254  -15.219345371211562  -7.5  0
10.104845735210574  31.307980776263285  -7.5  0
7.0492785934126596  -9.0098101533694379  -7.5  0
13.195234811846536  17.412542497883319  -7.5  0
11.032144380982228  -12.585430050314585  -7.5  0
8.1248732138696731  -7.4168061922804824  -7.5  0
0.83876932595267262  23.060934783884132  -7.5  0
15.278163503045711  -23.434917916893767  -7.5  0
-1.4546531870842805  25.388050795844112  -7.5  0
8.6976140436634513  -7.6129307371191688  -7.5  0
12.247968054764234  11.847838664969316  -7.5  0
14.19853638881392  26.624980858704891  -7.5  0
2.4375992569458491  24.869148158746917  -7.5  0
6.7535207890420486  35.163827612020789  -7.5  0
7.6486936399074388  -5.7903999036650706  -7.5  0
7.1446234701688915  -7.7113163344706122  -7.5  0
-2.1047418848665163  14.970178227790571  -7.5  0
7.8347607956305341  11.777204821331242  -7.5  0
3.4624304552897636  22.984293100631895  -7.5  0
10.600757522445083  13.185599302804464  -7.5  0
2.8198790516461365  9.478824800680874  -7.5  0
7.1499063255854685  -10.142748728415246  -7.5  0
3.0415767163603213  31.486369828898056  -7.5  0
12.956809849978429  11.183618468732874  -7.5  0
7.2532153036156046  7.8190895734447148  -7.5  0
8.8125876036909929  -12.560075182686708  -7.5  0
9.6544101602180596  14.265642978127941  -7.5  0
7.3185205466767416  -10.718226852940788  -7.5  0
-1.9431792289006944  20.482072932729174  -7.5  0
7.8099991793875176  -11.709473988378379  -7.5  0
4.5235145288410159  25.884650341062471  -7.5  0
5.1878179370641613  8.0315768286880758  -7.5  0
-3.7946293637466089  -29.840359431832884  -7.5  0
15.952173575232063  12.601672257111966  -7.5  0
7.3642548139321189  -11.330546202197201  -7.5  0
16.48858285269997  28.286581591007582  -7.5  0
14.09922726602532  35.497509582947153  -7.5  0
7.8508918234826899  12.54021730025644  -7.5  0
-5.6780252450060198  -14.146472988873162  -7.5  0
5.1004045869718047  -8.1122104566437283  -7.5  0
15.880770303657343  16.961180517358994  -7.5  0
1.5514891130439983  2.8239912681699479  -7.5  0
10.363964105264907  -12.950329595263664  -7.5  0
14.318089167981892  11.278955295940383  -7.5  0
8.4466462577827066  -13.186517865216992  -7.5  0
8.6873764370273729  5.6554741748221069  -7.5  0
7.6242246666123838  16.731278600204103  -7.5  0
13.025950896119653  -32.526386508287686  -7.5  0
6.1496153236473923  -10.425241323427873  -7.5  0
7.2347211520514421  1.4096199449106839  -7.5  0
-9.3414057627658806  25.66771515758791  -7.5  0
-3.6058556652432521  8.4007886796946387  -7.5  0
11.948931731471413  13.603592589669477  -7.5  0
9.2788888442647082  6.9029935715050126  -7.5  0
13.228641822376739  14.935508548396898  -7.5  0
10.267296556020685  -14.205455335781801  -7.5  0
6.5037476618636214  -11.747122721813112  -7.5  0
7.0702581016480046  30.47490854473352  -7.5  0
6.8483952090368501  8.9544671876461006  -7.5  0
11.788853783654748  -12.322415560418008  -7.5  0
6.8503938272840488  9.7289244888893958  -7.5  0
6.0493435776073508  -20.75927448185265  -7.5  0
8.2430103469569396  7.0593044915950731  -7.5  0
8.2585047557173699  -12.188618554629029  -7.5  0
12.747109785927474  -14.44932234713742  -7.5  0
5.882350140508934  12.969780151619917  -7.5  0
3.3915966201271286  -3.1514797518150868  -7.5  0
9.8481120339112511  -12.708092999147139  -7.5  0
7.7861668780683857  28.114885759784375  -7.5  0
9.1857155453467083  12.983097078366033  -7.5  0
-0.45157425339704105  37.194946932936169  -7.5  0
7.8619387060787735  14.400687242946379  -7.5  0
2.2298449934766689  12.801349486670647  -7.5  0
-6.307049729078531  -2.0128007242021679  -7.5  0
0.13439524493587743  -8.0201559965972464  -7.5  0
-9.4941395199540608  15.873543198018236  -7.5  0
7.5442599364002483  -12.190989521028282  -7.5  0
10.768558422813468  28.59072568595144  -7.5  0
12.834759967451619  29.192880453932684  -7.5  0
2.4251820352907236  6.8388083697493594  -7.5  0
14.272258633834513  -12.325666851094232  -7.5  0
9.487420115020031  -12.919852680354269  -7.5  0
13.187706136398816  12.575718674975132  -7.5  0
11.669226419460697  12.528688214313304  -7.5  0
3.8623657620698419  21.288829633473387  -7.5  0
11.373173433721771  16.572275320610714  -7.5  0
6.9847773262753945  11.576151705110206  -7.5  0
6.904628648879287  -13.002116273278556  -7.5  0
11.470285565982289  -13.230649946323457  -7.5  0
9.5382533245729437  15.974413834830706  -7.5  0
2.2457454010371469  17.284910792542519  -7.5  0
6.1346431987517152  5.456166236570029  -7.5  0
9.1369218230057161  28.904915153672118  -7.5  0
1.6605077563980748  21.570264811552676  -7.5  0
5.604826614072862  27.818538433981189  -7.5  0
1.9156566945908322  27.669847872016241  -7.5  0
12.58629868076858  -12.846874270311611  -7.5  0
11.058656000978962  14.761841167581395  -7.5  0
8.4195457551519706  4.0053320305854738  -7.5  0
4.1385163629818535  -12.678699327516453  -7.5  0
4.4413710642905153  19.506616601637859  -7.5  0
16.395914230045886  -16.606755667565196  -7.5  0
8.3315220469657678  -2.3612599842192554  -7.5  0
17.386286051522863  -11.83411885224235  -7.5  0
9.0975218357817145  -12.331422991031269  -4.808332476197692  0
12.25618159218657  -11.076867969195145  0.6344187597121157  0
8.2284745455243797  -11.764000443351687  -5.9742124271403352  0
11.267105624100587  -12.155097059849663  -5.5533479771703718  0
10.253434713156006  -12.487120995482032  -5.5751435552354218  0
8.2135536934741271  -11.748888102166649  2.2052242723955762  0
12.377134145318793  -10.774101579354733  4.8740619584578457  0
7.6658007933036245  -10.895273178118284  -4.776715486097439  0
7.6660578258167238  -10.895943038127225  4.7708047237718274  0
11.007048336449644  -12.288198778090313  5.5019721854275234  0
12.353647418220897  -10.842818978608163  -4.1508946127055868  0
11.777299973260183  -11.758182244549566  -2.641827600784461  0
9.8909823020442804  -12.497621897231932  -2.1325245552896019  0
9.1129259723552387  -12.337327463039379  4.7846569075719785  0
10.057217038837191  -12.499345156329294  5.7776277490788095  0
8.2115475422834496  -11.746836513955335  -2.2348590064556748  0
10.845137275672585  -12.35281596927357  -2.1079605452002914  0
11.977901866337964  -11.529020669296788  -6.0493648452848632  0
11.418738377138677  -12.058441502018921  1.3750308422406297  0
8.2305004242022513  -11.766032630290729  5.9658705857979619  0
7.6315728630505513  -10.800345486000538  -0.0050080789329209315  0
9.0713547656501294  -12.321124302729018  -0.050992004841176955  0
11.894011146206761  -11.63178484428694  4.9837337409089919  0
10.213561348609032  -12.490861608034516  1.8785047259976098  0
7.6283714889090692  -9.2091914230481464  -5.300877246618839  0
7.7727518497469319  -8.8644976102207949  -1.8135508780831879  0
9.0745378822365641  -7.6776047131065699  5.1616834844830644  0
8.2306972982340483  -8.2337701311766622  6.2475227494295886  0
7.6753928901469877  -9.0801077319485586  5.1624424123362953  0
8.7929120272409484  -7.8107218938607996  -1.8492271558386604  0
8.2160022899242353  -8.2486142142736139  0.60519964907757973  0
8.2256294487346704  -8.2388614061345518  3.4093732320986225  0
7.6983577395767586  -9.0240681862784697  1.6436584679040585  0
9.0008949443298043  -7.7083217748265236  1.6375863618782602  0
8.1441703592028176  -8.3249190036483007  -5.2921007412228827  0
9.0594434084186961  -7.6836767716847119  -5.5802268256041181  0
Triangles
2726
91 656 92  1
84 657 655  1
93 656 4  1
651 77 2  1
2 653 651  1
653 660 659  1
92 656 93  1
90 652 91  1
89 652 90  1
654 659 650  1
74 70 75  1
70 74 71  1
75 70 76  1
76 1 3  1
72 74 73  1
78 654 79  1
1 76 69  1
76 70 69  1
89 658 652  1
74 72 71  1
87 658 88  1
85 655 86  1
84 655 85  1
81 650 82  1
80 650 81  1
80 654 650  1
651 78 77  1
82 657 83  1
4 653 73  1
659 657 650  1
658 86 655  1
660 653 656  1
659 654 651  1
653 2 72  1
72 73 653  1
654 80 79  1
654 78 651  1
86 658 87  1
657 659 655  1
653 4 656  1
656 91 652  1
657 84 83  1
657 82 650  1
658 660 652  1
658 89 88  1
651 653 659  1
655 660 658  1
656 652 660  1
660 655 659  1
96 74 95  2
73 96 97  2
74 96 73  2
94 3 5  2
3 94 76  2
73 97 98  2
98 97 6  2
73 98 4  2
95 76 94  2
76 95 75  2
95 74 75  2
8 7 9  3
110 102 101  4
110 101 111  4
104 96 95  4
102 6 103  4
96 104 103  4
102 109 108  4
102 110 109  4
104 94 10  4
5 10 94  4
101 13 112  4
96 103 97  4
99 105 100  4
6 102 108  4
103 6 97  4
94 104 95  4
99 107 106  4
107 99 11  4
13 101 100  4
13 100 105  4
101 112 111  4
107 11 12  4
105 99 106  4
116 13 105  5
13 116 15  5
115 105 106  5
105 115 116  5
107 114 106  5
113 107 12  5
113 12 14  5
114 107 113  5
106 114 115  5
679 126 125  6
127 679 667  6
677 662 664  6
671 662 666  6
139 677 664  6
671 675 148  6
676 19 675  6
134 670 135  6
677 139 138  6
670 137 136  6
139 664 140  6
137 677 138  6
116 665 15  6
678 144 663  6
144 678 145  6
142 664 663  6
19 676 131  6
663 144 143  6
146 678 671  6
116 669 665  6
148 675 149  6
680 129 128  6
130 680 661  6
669 18 132  6
15 673 133  6
114 661 115  6
679 127 126  6
118 672 119  6
113 672 114  6
680 130 129  6
665 669 668  6
121 674 122  6
661 118 17  6
117 113 14  6
672 118 661  6
672 661 114  6
117 674 113  6
124 674 117  6
672 113 674  6
674 124 123  6
117 16 124  6
17 130 661  6
115 680 667  6
664 142 141  6
134 673 670  6
143 142 663  6
663 664 662  6
141 140 664  6
662 677 668  6
18 679 125  6
662 668 666  6
132 676 669  6
678 663 662  6
116 115 667  6
127 680 128  6
676 675 666  6
665 677 670  6
668 676 666  6
669 116 667  6
136 135 670  6
673 15 665  6
671 148 147  6
147 146 671  6
121 672 674  6
120 119 672  6
665 670 673  6
673 134 133  6
674 123 122  6
672 121 120  6
19 149 675  6
675 671 666  6
676 668 669  6
676 132 131  6
677 137 670  6
677 665 668  6
662 671 678  6
678 146 145  6
679 18 669  6
669 667 679  6
680 127 667  6
680 115 661  6
178 690 177  7
700 172 173  7
683 700 694  7
684 166 167  7
689 157 686  7
695 150 151  7
691 178 179  7
193 17 150  7
699 693 707  7
153 692 152  7
689 697 693  7
191 707 701  7
703 696 682  7
152 695 151  7
706 709 704  7
150 695 193  7
22 189 188  7
186 702 185  7
185 702 184  7
188 681 187  7
189 701 681  7
187 681 186  7
156 689 155  7
169 708 168  7
155 689 154  7
180 705 691  7
170 700 683  7
170 683 169  7
700 173 174  7
690 688 694  7
681 188 189  7
701 702 681  7
172 700 171  7
686 709 697  7
172 171 21  7
684 708 704  7
709 706 685  7
682 707 703  7
159 698 686  7
687 704 698  7
163 687 162  7
698 159 160  7
164 687 163  7
165 684 164  7
166 684 165  7
167 166 20  7
705 181 182  7
183 705 182  7
691 179 180  7
702 701 682  7
176 690 175  7
178 691 690  7
162 687 161  7
684 167 168  7
696 691 705  7
159 686 158  7
157 689 156  7
157 158 686  7
161 698 160  7
687 164 684  7
177 690 176  7
685 703 697  7
692 699 695  7
154 692 153  7
175 700 174  7
690 691 688  7
705 180 181  7
696 685 688  7
699 193 695  7
692 154 689  7
692 689 693  7
703 685 696  7
706 708 683  7
690 694 700  7
193 699 192  7
695 152 692  7
688 691 696  7
682 705 702  7
697 689 686  7
697 709 685  7
698 161 687  7
685 706 688  7
191 192 699  7
699 692 693  7
700 170 171  7
700 175 690  7
701 189 190  7
190 191 701  7
702 183 184  7
702 186 681  7
703 707 693  7
693 697 703  7
704 687 684  7
708 706 704  7
705 183 702  7
705 682 696  7
706 683 694  7
694 688 706  7
707 682 701  7
707 191 699  7
708 684 168  7
708 169 683  7
709 686 698  7
698 704 709  7
716 218 715  8
205 734 204  8
202 710 201  8
729 715 724  8
725 224 225  8
733 731 711  8
736 168 167  8
211 736 167  8
733 711 718  8
718 713 169  8
715 730 724  8
168 736 718  8
718 736 720  8
208 727 723  8
21 171 210  8
167 20 211  8
723 206 207  8
210 727 209  8
723 205 206  8
734 719 710  8
202 734 710  8
735 710 721  8
722 732 714  8
726 722 717  8
190 728 726  8
200 735 199  8
191 726 717  8
197 735 728  8
728 735 721  8
194 728 189  8
218 716 217  8
728 194 195  8
208 723 207  8
194 189 22  8
734 205 723  8
730 222 223  8
215 720 214  8
715 729 716  8
727 713 723  8
730 715 221  8
712 731 719  8
732 719 714  8
226 725 225  8
224 730 223  8
227 725 226  8
17 193 227  8
221 715 220  8
710 200 201  8
169 713 170  8
716 215 216  8
204 734 203  8
170 727 171  8
713 718 711  8
711 712 713  8
192 725 193  8
731 729 714  8
715 218 219  8
219 220 715  8
729 724 714  8
716 216 217  8
192 191 717  8
719 732 721  8
718 169 168  8
213 736 212  8
735 200 710  8
719 734 712  8
720 213 214  8
720 215 716  8
197 728 196  8
721 710 719  8
730 221 222  8
722 725 717  8
727 170 713  8
713 712 723  8
722 730 725  8
722 714 724  8
725 227 193  8
725 192 717  8
726 191 190  8
726 728 721  8
727 208 209  8
727 210 171  8
728 190 189  8
728 195 196  8
731 733 729  8
716 733 720  8
730 224 725  8
730 722 724  8
714 719 731  8
731 712 711  8
732 722 726  8
726 721 732  8
718 720 733  8
733 716 729  8
734 202 203  8
734 723 712  8
735 197 198  8
198 199 735  8
736 211 212  8
736 213 720  8
751 754 745  9
759 250 251  9
762 744 738  9
241 763 240  9
740 269 270  9
737 228 229  9
258 751 257  9
271 18 228  9
739 749 743  9
269 740 739  9
737 746 740  9
271 737 270  9
764 755 746  9
737 229 230  9
256 744 255  9
228 737 271  9
25 267 266  9
263 752 262  9
752 263 748  9
266 748 265  9
261 754 260  9
748 263 264  9
761 749 750  9
255 744 254  9
258 754 751  9
752 761 754  9
248 759 742  9
247 753 246  9
759 251 252  9
744 751 738  9
748 264 265  9
754 761 745  9
250 759 249  9
236 756 755  9
250 249 24  9
756 763 758  9
760 741 750  9
754 258 259  9
763 753 758  9
756 236 237  9
239 763 756  9
239 756 238  9
242 763 241  9
243 747 242  9
244 747 243  9
245 244 23  9
230 764 737  9
764 230 231  9
246 753 747  9
256 751 744  9
268 748 267  9
268 269 739  9
740 270 737  9
764 233 755  9
755 233 234  9
757 762 738  9
247 248 742  9
744 762 759  9
748 268 739  9
745 750 741  9
253 759 252  9
253 254 744  9
749 761 743  9
741 738 745  9
233 764 232  9
760 750 746  9
747 244 245  9
245 246 747  9
748 266 267  9
748 739 743  9
749 739 740  9
740 746 749  9
749 746 750  9
741 760 758  9
745 738 751  9
751 256 257  9
261 262 752  9
752 748 743  9
753 247 742  9
757 758 753  9
754 259 260  9
754 261 752  9
755 234 235  9
235 236 755  9
756 237 238  9
758 757 741  9
753 742 757  9
757 738 741  9
756 760 755  9
753 763 747  9
759 248 249  9
759 253 744  9
746 755 760  9
760 756 758  9
750 745 761  9
761 752 743  9
762 757 742  9
742 759 762  9
763 239 240  9
763 242 747  9
746 737 764  9
764 231 232  9
268 777 769  10
272 777 267  10
765 788 766  10
303 780 771  10
776 295 296  10
292 772 768  10
788 288 249  10
768 289 290  10
289 768 245  10
776 772 295  10
783 778 766  10
772 776 773  10
781 784 774  10
768 290 291  10
774 785 781  10
275 777 274  10
24 249 288  10
285 788 765  10
288 788 287  10
285 765 284  10
284 765 283  10
782 789 786  10
786 769 782  10
248 247 766  10
769 269 268  10
277 789 782  10
770 269 769  10
269 770 270  10
275 782 777  10
777 782 769  10
777 272 273  10
773 783 775  10
788 285 286  10
25 272 267  10
789 277 278  10
245 23 289  10
294 772 293  10
297 784 776  10
295 772 294  10
299 784 298  10
784 300 771  10
302 771 301  10
304 780 303  10
303 771 302  10
305 780 304  10
18 271 305  10
282 779 281  10
283 779 282  10
779 283 765  10
766 249 248  10
776 296 297  10
779 765 778  10
245 775 246  10
768 291 292  10
769 786 785  10
787 789 779  10
300 784 299  10
270 780 271  10
300 301 771  10
780 770 774  10
775 772 773  10
772 292 293  10
247 783 766  10
772 775 768  10
780 270 770  10
785 774 770  10
775 247 246  10
775 245 768  10
784 781 776  10
776 781 773  10
777 268 267  10
777 273 274  10
765 766 778  10
778 783 767  10
280 789 279  10
280 281 779  10
774 771 780  10
780 305 271  10
787 785 786  10
767 773 781  10
782 275 276  10
276 277 782  10
783 247 775  10
783 773 767  10
784 297 298  10
784 771 774  10
770 769 785  10
781 787 767  10
789 787 786  10
787 781 785  10
787 779 778  10
778 767 787  10
286 287 788  10
788 249 766  10
789 278 279  10
789 280 779  10
27 26 307  11
28 308 306  11
307 306 308  11
306 307 26  11
310 308 311  12
30 307 310  12
311 308 309  12
308 310 307  12
311 309 29  12
309 308 28  12
307 30 27  12
318 850 793  13
813 166 795  13
218 831 796  13
16 850 312  13
794 317 800  13
156 838 835  13
127 837 826  13
227 226 118  13
237 821 819  13
123 850 124  13
850 123 793  13
318 800 317  13
790 797 120  13
225 118 226  13
846 314 799  13
153 838 154  13
223 118 224  13
118 225 224  13
119 790 120  13
221 851 222  13
118 851 119  13
790 119 851  13
796 831 791  13
120 797 121  13
213 848 214  13
215 848 841  13
841 216 215  13
848 213 812  13
831 218 217  13
218 796 219  13
841 217 216  13
312 318 31  13
240 836 829  13
319 803 320  13
806 244 243  13
313 319 32  13
807 806 804  13
314 805 799  13
801 290 289  13
295 827 296  13
240 829 241  13
321 836 821  13
237 847 821  13
125 303 302  13
237 819 238  13
819 240 239  13
845 817 818  13
162 818 163  13
242 829 806  13
289 807 801  13
803 321 320  13
244 807 23  13
290 822 291  13
292 822 820  13
822 292 291  13
293 815 294  13
160 809 161  13
795 818 817  13
795 166 165  13
810 792 798  13
817 845 830  13
818 795 164  13
166 813 20  13
813 211 20  13
827 295 815  13
840 849 839  13
792 160 159  13
810 835 128  13
792 828 798  13
835 810 798  13
828 158 157  13
153 129 838  13
154 838 155  13
227 118 17  13
151 130 152  13
130 153 152  13
17 130 150  13
130 151 150  13
853 212 211  13
213 853 812  13
835 828 156  13
304 303 125  13
126 301 837  13
132 228 18  13
304 125 305  13
125 18 305  13
132 229 228  13
132 230 229  13
126 302 301  13
302 126 125  13
837 299 834  13
826 837 834  13
128 826 810  13
19 825 131  13
847 237 236  13
847 236 802  13
825 802 808  13
808 232 132  13
808 234 233  13
132 231 230  13
234 808 802  13
232 808 233  13
800 833 843  13
220 851 221  13
796 851 220  13
843 831 841  13
121 793 122  13
159 158 792  13
832 810 826  13
793 123 122  13
797 790 791  13
823 830 315  13
316 317 794  13
165 164 795  13
805 314 315  13
791 790 796  13
796 220 219  13
793 833 800  13
793 121 797  13
849 827 816  13
828 792 158  13
293 820 815  13
314 846 313  13
800 318 793  13
843 848 844  13
851 118 223  13
842 846 804  13
802 236 235  13
235 234 802  13
319 842 803  13
806 243 242  13
801 846 799  13
807 244 806  13
814 845 839  13
820 293 292  13
829 242 241  13
842 806 829  13
804 801 807  13
807 289 23  13
800 844 794  13
825 847 802  13
809 162 161  13
809 160 792  13
299 837 300  13
298 834 299  13
852 834 297  13
824 805 814  13
853 213 212  13
855 854 823  13
817 823 813  13
854 813 823  13
816 815 811  13
805 824 799  13
295 294 815  13
815 820 811  13
811 814 816  13
810 840 792  13
805 845 814  13
817 813 795  13
818 164 163  13
818 162 809  13
239 238 819  13
836 240 819  13
822 290 801  13
824 820 822  13
322 847 323  13
322 321 821  13
801 799 822  13
820 824 811  13
315 316 823  13
813 854 853  13
814 811 824  13
824 822 799  13
808 131 825  13
825 19 323  13
827 849 832  13
826 128 127  13
827 815 816  13
849 840 810  13
157 156 828  13
828 835 798  13
836 819 821  13
806 842 804  13
805 315 830  13
830 823 817  13
831 833 791  13
217 841 831  13
297 834 298  13
852 297 296  13
833 793 797  13
797 791 833  13
834 852 832  13
832 826 834  13
838 156 155  13
129 128 835  13
836 321 803  13
803 829 836  13
837 127 126  13
837 301 300  13
129 153 130  13
129 835 838  13
816 814 839  13
809 845 818  13
840 845 809  13
809 792 840  13
848 812 844  13
831 843 833  13
842 829 803  13
842 319 313  13
132 232 231  13
808 132 131  13
812 794 844  13
844 800 843  13
845 840 839  13
845 805 830  13
846 801 804  13
846 842 313  13
847 825 323  13
847 322 821  13
848 843 841  13
848 215 214  13
810 832 849  13
849 816 839  13
850 318 312  13
850 16 124  13
851 223 222  13
851 796 790  13
296 827 852  13
827 832 852  13
211 813 853  13
853 854 812  13
855 812 854  13
812 855 794  13
823 316 855  13
316 794 855  13
143 868 866  14
145 862 146  14
867 866 863  14
328 861 327  14
337 867 336  14
323 871 322  14
323 19 149  14
871 321 322  14
871 323 149  14
321 865 320  14
137 856 138  14
333 864 332  14
866 867 862  14
329 869 328  14
145 866 862  14
321 871 865  14
319 865 340  14
335 867 863  14
339 870 338  14
870 337 338  14
340 865 339  14
335 863 334  14
337 870 867  14
319 340 32  14
858 872 856  14
331 864 858  14
326 861 859  14
858 329 330  14
860 859 857  14
857 136 135  14
341 859 13  14
324 341 33  14
857 859 861  14
324 859 341  14
135 860 857  14
15 860 133  14
868 863 866  14
137 857 856  14
141 868 142  14
141 872 868  14
139 872 140  14
133 860 134  14
857 137 136  14
139 138 856  14
328 869 861  14
326 859 325  14
858 856 869  14
330 331 858  14
872 864 868  14
859 860 13  14
859 324 325  14
860 135 134  14
860 15 13  14
861 326 327  14
857 869 856  14
147 871 148  14
147 146 862  14
143 866 144  14
863 333 334  14
864 331 332  14
864 333 863  14
865 319 320  14
871 870 865  14
866 145 144  14
863 868 864  14
867 335 336  14
870 871 862  14
868 143 142  14
864 872 858  14
869 857 861  14
869 329 858  14
870 339 865  14
870 862 867  14
871 149 148  14
871 147 862  14
872 141 140  14
872 139 856  14
347 110 346  15
348 112 111  15
346 110 345  15
111 347 348  15
112 348 349  15
341 112 349  15
112 341 13  15
108 342 343  15
344 109 108  15
341 349 33  15
110 347 111  15
34 343 342  15
108 343 344  15
109 344 345  15
342 108 6  15
345 110 109  15
873 350 351  16
350 873 367  16
889 886 875  16
350 367 35  16
93 874 98  16
90 890 91  16
362 889 361  16
98 4 93  16
874 93 92  16
98 874 6  16
91 890 874  16
364 877 363  16
886 889 885  16
88 886 885  16
886 88 87  16
878 364 365  16
874 878 6  16
364 878 877  16
34 342 366  16
366 878 365  16
887 881 880  16
885 889 877  16
360 889 875  16
360 875 359  16
352 882 873  16
354 883 882  16
356 883 355  16
80 888 81  16
367 879 368  16
880 888 887  16
881 887 883  16
86 886 87  16
876 86 85  16
84 880 876  16
82 888 880  16
880 84 83  16
77 879 78  16
79 884 80  16
368 77 2  16
888 82 81  16
882 352 353  16
879 79 78  16
873 351 352  16
878 366 342  16
874 92 91  16
358 881 357  16
358 359 875  16
85 84 876  16
881 356 357  16
362 363 877  16
885 877 890  16
342 6 878  16
878 890 877  16
879 77 368  16
879 367 873  16
876 881 875  16
880 83 82  16
881 358 875  16
881 876 880  16
873 884 879  16
882 353 354  16
883 354 355  16
883 356 881  16
884 79 879  16
884 873 882  16
885 90 89  16
89 88 885  16
886 86 876  16
876 875 886  16
882 888 884  16
882 883 887  16
888 80 884  16
888 882 887  16
889 360 361  16
889 362 877  16
890 878 874  16
890 90 885  16
71 370 371  17
368 891 367  17
71 891 72  17
36 69 1  17
891 371 372  17
72 368 2  17
69 370 70  17
370 69 369  17
35 367 372  17
891 71 371  17
370 71 70  17
69 36 369  17
372 367 891  17
891 368 72  17
9 373 38  18
373 9 7  18
7 37 373  18
393 902 392  19
395 906 394  19
374 405 39  19
406 899 407  19
400 894 399  19
406 905 899  19
893 400 401  19
896 406 405  19
905 893 899  19
381 908 380  19
906 904 903  19
899 402 403  19
399 894 398  19
404 899 403  19
402 899 893  19
404 42 407  19
402 893 401  19
397 904 396  19
901 383 384  19
380 908 379  19
894 400 893  19
389 902 898  19
389 898 892  19
374 896 405  19
41 391 388  19
391 902 388  19
898 906 903  19
907 893 905  19
898 901 892  19
40 390 387  19
892 387 390  19
387 892 386  19
378 908 895  19
908 381 900  19
386 892 385  19
383 901 900  19
385 901 384  19
892 390 389  19
376 896 375  19
894 907 897  19
895 908 907  19
894 397 398  19
895 376 377  19
377 378 895  19
896 374 375  19
896 376 895  19
900 381 382  19
904 397 894  19
393 906 902  19
906 395 904  19
899 404 407  19
907 894 893  19
382 383 900  19
903 900 901  19
901 385 892  19
900 903 897  19
902 389 388  19
902 391 392  19
904 395 396  19
903 901 898  19
904 894 897  19
897 903 904  19
905 406 896  19
896 895 905  19
906 898 902  19
906 393 394  19
905 895 907  19
908 378 379  19
908 900 897  19
897 907 908  19
417 913 416  20
911 425 426  20
417 923 913  20
412 909 411  20
422 911 423  20
912 424 423  20
913 923 920  20
919 414 913  20
433 914 432  20
912 421 424  20
425 911 422  20
420 912 419  20
43 424 421  20
422 44 425  20
429 925 428  20
421 912 420  20
432 924 431  20
911 925 916  20
925 924 920  20
410 922 409  20
434 914 433  20
406 922 921  20
408 407 42  20
922 406 407  20
910 915 914  20
408 922 407  20
431 924 430  20
414 919 413  20
923 417 418  20
910 921 915  20
909 919 915  20
412 919 909  20
910 434 435  20
436 917 910  20
438 917 437  20
405 438 39  20
406 917 405  20
909 410 411  20
435 436 910  20
921 910 917  20
911 426 427  20
427 925 911  20
423 916 912  20
419 923 418  20
913 414 415  20
415 416 913  20
914 434 910  20
915 918 914  20
909 915 921  20
919 913 918  20
923 419 912  20
916 423 911  20
917 436 437  20
917 438 405  20
913 920 918  20
924 432 914  20
918 915 919  20
919 412 413  20
925 429 924  20
918 920 924  20
921 917 406  20
921 922 909  20
922 408 409  20
922 410 909  20
923 912 916  20
916 920 923  20
924 429 430  20
924 914 918  20
920 916 925  20
925 427 428  20
441 424 423  21
442 441 46  21
424 442 43  21
441 442 424  21
422 441 423  21
439 441 422  21
422 44 440  21
439 422 440  21
441 439 45  21
9 441 445  22
9 445 444  22
8 444 47  22
443 441 9  22
444 8 9  22
9 38 443  22
441 443 46  22
445 441 45  22
446 3 48  23
1 447 7  23
48 3 10  23
1 7 448  23
10 3 5  23
7 47 8  23
448 7 37  23
448 36 1  23
1 3 446  23
447 1 446  23
47 7 447  23
101 451 102  24
104 454 10  24
99 450 100  24
449 99 49  24
450 99 449  24
451 101 450  24
450 101 100  24
49 99 11  24
102 453 103  24
103 454 104  24
454 103 453  24
453 102 452  24
10 454 48  24
102 451 452  24
117 457 16  25
456 926 16  25
27 458 26  25
14 457 117  25
926 456 27  25
11 14 12  25
11 49 14  25
312 926 455  25
312 455 31  25
457 14 49  25
458 456 50  25
27 30 455  25
456 458 27  25
456 16 457  25
27 455 926  25
926 312 16  25
943 177 178  26
21 927 210  26
471 1003 972  26
184 945 183  26
201 966 200  26
928 1004 963  26
1001 285 286  26
287 1001 286  26
927 1007 956  26
260 985 980  26
466 458 50  26
977 1005 28  26
465 996 952  26
463 986 965  26
195 951 194  26
965 998 930  26
22 969 188  26
991 982 945  26
195 998 951  26
998 197 957  26
186 1002 185  26
184 1002 945  26
181 982 936  26
180 1011 179  26
458 952 306  26
998 195 196  26
984 929 953  26
966 199 200  26
996 965 930  26
309 988 970  26
952 458 466  26
458 306 26  26
29 970 470  26
941 970 956  26
990 175 935  26
21 1007 927  26
208 967 207  26
471 972 472  26
174 990 173  26
1007 173 990  26
207 967 206  26
967 208 954  26
202 929 201  26
203 977 929  26
203 929 202  26
967 977 205  26
205 977 204  26
188 993 187  26
993 969 986  26
972 934 948  26
964 1008 283  26
981 987 946  26
943 176 177  26
281 975 280  26
176 943 935  26
975 1008 987  26
948 473 472  26
961 933 960  26
1012 960 24  26
960 1012 961  26
960 287 288  26
960 1001 287  26
285 1001 964  26
1001 960 933  26
950 469 949  26
469 52 475  26
963 1006 928  26
955 931 949  26
1012 24 250  26
183 982 182  26
974 278 279  26
959 992 253  26
252 992 979  26
931 928 950  26
255 959 254  26
932 983 976  26
468 997 467  26
258 1006 963  26
963 256 257  26
1010 1009 989  26
939 261 262  26
259 260 980  26
467 940 459  26
275 976 274  26
277 974 944  26
936 991 981  26
944 275 276  26
279 975 974  26
178 1011 943  26
462 968 942  26
25 983 973  26
266 973 265  26
265 989 264  26
938 1010 962  26
273 983 272  26
983 932 962  26
264 1000 263  26
1000 262 263  26
262 1000 939  26
459 51 467  26
209 954 208  26
209 210 927  26
255 1004 959  26
1004 255 256  26
929 984 966  26
199 966 957  26
966 201 929  26
199 957 198  26
469 950 468  26
1004 256 963  26
462 461 932  26
976 275 944  26
947 948 933  26
473 948 947  26
176 935 175  26
1008 281 282  26
175 990 174  26
1008 975 281  26
180 181 936  26
974 277 278  26
937 950 928  26
985 260 261  26
932 461 938  26
461 460 938  26
973 1010 989  26
940 460 459  26
940 997 978  26
985 1006 980  26
471 470 941  26
941 1007 1003  26
463 462 942  26
945 1002 995  26
943 1011 958  26
972 948 472  26
991 936 982  26
944 276 277  26
995 968 945  26
944 968 932  26
994 943 958  26
936 958 1011  26
949 971 955  26
473 971 474  26
934 972 946  26
948 1001 933  26
949 469 475  26
475 474 949  26
950 997 468  26
950 949 931  26
463 965 464  26
194 969 22  26
306 953 28  26
952 466 465  26
953 977 28  26
953 306 952  26
954 209 927  26
970 954 956  26
971 979 955  26
252 979 251  26
988 967 954  26
954 927 956  26
197 998 196  26
197 198 957  26
975 279 280  26
943 994 935  26
931 955 959  26
959 253 254  26
288 24 960  26
933 961 947  26
992 252 253  26
971 473 947  26
25 973 266  26
962 932 938  26
257 258 963  26
1006 259 980  26
964 283 284  26
284 285 964  26
965 996 464  26
986 969 951  26
966 984 930  26
930 957 966  26
967 988 1005  26
967 205 206  26
968 995 942  26
968 462 932  26
969 194 951  26
993 188 969  26
970 941 470  26
970 29 309  26
971 949 474  26
971 947 961  26
1003 990 935  26
972 994 946  26
973 983 962  26
989 265 973  26
981 946 958  26
968 999 991  26
987 981 975  26
999 981 991  26
944 932 976  26
976 273 274  26
977 953 929  26
977 203 204  26
1009 1000 989  26
937 978 997  26
979 971 961  26
251 1012 250  26
937 985 978  26
259 1006 258  26
958 936 981  26
975 999 974  26
982 181 182  26
982 183 945  26
983 25 272  26
983 273 976  26
953 952 984  26
952 930 984  26
985 261 939  26
939 978 985  26
951 965 986  26
986 463 942  26
934 1008 964  26
934 946 987  26
954 970 988  26
988 309 28  26
1010 940 1009  26
939 1009 978  26
1003 1007 990  26
173 1007 172  26
945 968 991  26
999 975 981  26
992 959 955  26
955 979 992  26
986 942 993  26
993 186 187  26
958 946 994  26
994 972 935  26
1002 186 993  26
993 942 995  26
930 952 996  26
996 465 464  26
997 940 467  26
997 950 937  26
957 930 998  26
998 965 951  26
999 968 944  26
944 974 999  26
1000 264 989  26
1000 1009 939  26
1001 948 934  26
934 964 1001  26
993 995 1002  26
1002 184 185  26
935 972 1003  26
1003 471 941  26
1004 928 931  26
931 959 1004  26
988 28 1005  26
1005 977 967  26
1006 985 937  26
937 928 1006  26
1007 941 956  26
1007 21 172  26
282 283 1008  26
1008 934 987  26
940 1010 460  26
940 978 1009  26
1010 973 962  26
1010 938 460  26
1011 178 179  26
1011 180 936  26
1012 251 979  26
979 961 1012  26
1019 491 492  27
1013 1022 1014  27
1020 1024 1014  27
1015 1020 1016  27
1023 481 482  27
1015 1017 1023  27
481 1017 480  27
1021 498 497  27
476 1021 497  27
495 1013 494  27
493 1019 492  27
496 1013 495  27
1013 496 501  27
1014 1024 1019  27
494 1019 493  27
496 56 501  27
487 1020 486  27
1024 1020 487  27
1024 489 490  27
489 1024 488  27
488 55 489  27
476 497 53  27
480 1017 479  27
481 1023 1017  27
54 484 483  27
1018 1015 1016  27
483 1023 482  27
1021 479 1017  27
491 1024 490  27
1013 501 500  27
1022 1018 1016  27
486 1015 485  27
1018 1022 499  27
485 1023 484  27
499 1022 500  27
1015 1018 1017  27
498 1021 1018  27
478 1021 477  27
1018 499 498  27
1018 1021 1017  27
1019 494 1013  27
1013 1014 1019  27
1014 1016 1020  27
1020 1015 486  27
1021 476 477  27
479 1021 478  27
1016 1014 1022  27
1022 1013 500  27
1023 483 484  27
1023 485 1015  27
487 488 1024  27
1024 491 1019  27
508 1039 507  28
1026 509 510  28
514 1031 513  28
512 1032 511  28
531 1030 530  28
521 1045 1037  28
1032 512 1031  28
1049 1047 1045  28
524 1049 523  28
1045 1027 1037  28
526 1049 525  28
529 1047 528  28
1049 526 1047  28
522 1049 1045  28
514 1036 1031  28
524 523 58  28
1036 514 515  28
516 1042 1036  28
518 1042 517  28
519 518 57  28
1042 1037 1036  28
1048 1038 1034  28
1032 510 511  28
1035 499 1033  28
1039 1028 1025  28
504 1043 1029  28
1043 504 505  28
499 1035 498  28
1043 506 1039  28
501 1029 500  28
502 1029 501  28
1029 502 503  28
1042 520 1037  28
501 56 502  28
1026 508 509  28
1046 538 539  28
1031 1044 1032  28
1034 1046 1035  28
532 1038 1030  28
1038 532 533  28
538 1046 1034  28
535 1038 534  28
53 497 540  28
1035 1033 1025  28
538 1034 537  28
540 1046 539  28
506 1043 505  28
534 1038 533  28
510 1032 1026  28
532 1030 531  28
521 1037 520  28
1044 1031 1027  28
1038 1048 1041  28
1028 1039 1026  28
1025 1043 1039  28
1029 503 504  28
1040 1044 1027  28
1030 529 530  28
512 513 1031  28
1031 1036 1027  28
1032 1044 1028  28
1028 1026 1032  28
1033 499 500  28
500 1029 1033  28
1034 535 536  28
536 537 1034  28
1025 1034 1035  28
498 1046 497  28
515 516 1036  28
1027 1036 1037  28
520 1042 519  28
1027 1045 1040  28
1038 535 1034  28
1030 1041 1040  28
1039 506 507  28
1039 508 1026  28
528 1047 527  28
1047 529 1030  28
1041 1030 1038  28
1028 1048 1025  28
1042 516 517  28
1042 518 519  28
1043 1025 1033  28
1033 1029 1043  28
1044 1040 1041  28
1041 1028 1044  28
1045 521 522  28
1047 1030 1040  28
1046 540 497  28
1046 498 1035  28
1040 1045 1047  28
1047 526 527  28
1034 1025 1048  28
1048 1028 1041  28
1049 522 523  28
1049 524 525  28
544 1050 523  29
546 1050 547  29
544 523 58  29
523 1050 522  29
1051 521 546  29
1051 548 519  29
548 1051 549  29
521 1051 520  29
1051 546 545  29
548 57 519  29
521 1050 546  29
1051 551 550  29
545 60 551  29
551 1051 545  29
1050 541 547  29
542 1050 543  29
541 1050 542  29
59 547 541  29
1050 521 522  29
1050 544 543  29
1051 550 549  29
1051 519 520  29
62 554 553  30
553 546 552  30
553 545 546  30
545 554 60  30
545 553 554  30
552 546 547  30
552 547 555  30
555 547 59  30
552 555 61  30
1053 558 559  31
389 552 553  31
40 1053 390  31
553 388 389  31
552 390 1053  31
557 1052 556  31
41 1052 557  31
61 1053 559  31
388 553 1052  31
62 1052 553  31
1053 40 558  31
1052 62 556  31
1052 41 388  31
1053 61 552  31
390 552 389  31
468 1055 467  32
64 563 567  32
562 1054 563  32
1055 468 561  32
568 1055 560  32
1055 561 560  32
568 560 63  32
1054 468 469  32
468 1054 562  32
567 1054 566  32
468 562 561  32
1054 564 565  32
564 1054 469  32
469 52 564  32
571 1055 570  32
570 1055 569  32
467 571 51  32
1054 565 566  32
1054 567 563  32
1055 568 569  32
1055 571 467  32
1107 495 1097  33
601 1196 1111  33
360 1151 359  33
518 1134 517  33
1066 605 1135  33
506 507 1082  33
1067 1185 1159  33
1196 601 602  33
1163 1071 1133  33
1175 515 1134  33
1163 1166 1092  33
564 475 52  33
566 1089 565  33
1127 576 1140  33
1059 1089 566  33
1181 471 472  33
1184 572 573  33
1171 1056 588  33
339 1081 338  33
1192 1168 1144  33
1150 30 1132  33
31 455 318  33
315 1063 314  33
318 1150 317  33
1152 315 316  33
1186 1057 1174  33
1064 1192 1075  33
332 1174 1139  33
1091 1164 1145  33
1106 598 599  33
1174 332 333  33
332 1139 331  33
1191 1154 1139  33
325 349 324  33
33 324 349  33
327 349 326  33
326 349 325  33
347 1070 346  33
349 1154 348  33
1154 328 329  33
1191 1070 347  33
1154 1191 348  33
1154 349 328  33
328 349 327  33
1134 548 1113  33
311 1132 310  33
1189 1174 334  33
1105 1178 1180  33
1151 344 1058  33
357 1061 356  33
361 1151 360  33
358 1151 1061  33
1080 352 353  33
358 1061 357  33
356 1148 355  33
1111 600 601  33
366 34 343  33
343 363 364  33
343 362 363  33
343 364 365  33
369 448 36  33
343 365 366  33
1137 1182 1128  33
1137 1122 1159  33
420 1069 419  33
1162 1167 1126  33
1101 502 503  33
1158 1060 1142  33
1128 1194 1172  33
1073 56 502  33
1123 1133 1079  33
604 1066 603  33
1135 55 489  33
55 1135 605  33
491 1135 490  33
1066 1138 1068  33
1138 1107 1068  33
35 1085 1077  33
35 1077 1060  33
351 1093 1085  33
493 1138 492  33
1138 493 1107  33
495 1107 494  33
56 1097 496  33
1085 1093 1077  33
1097 56 1073  33
396 1119 1071  33
1101 503 504  33
502 1101 1073  33
398 1119 397  33
1090 1082 508  33
396 1071 395  33
1133 1123 1098  33
1090 1190 1088  33
1090 508 509  33
1071 1183 1088  33
1188 1101 504  33
1188 1114 1101  33
1119 398 1109  33
1060 372 35  33
1109 398 399  33
402 1142 1099  33
1142 402 403  33
1142 1170 1158  33
1142 403 404  33
37 1185 1067  33
409 410 1172  33
413 1086 1076  33
411 1172 410  33
408 1194 1170  33
1170 404 42  33
1160 1125 1069  33
1086 413 414  33
413 1076 412  33
1086 414 415  33
416 1086 415  33
1125 1160 442  33
1125 442 443  33
1195 417 418  33
416 1087 1086  33
1087 416 417  33
420 1160 1069  33
43 1160 421  33
46 443 442  33
556 554 62  33
556 1166 554  33
513 1175 1079  33
512 1190 511  33
1175 1134 1123  33
1079 512 513  33
1079 1133 1088  33
1092 41 391  33
41 1092 557  33
1139 1174 1057  33
548 518 57  33
517 1134 516  33
515 1175 514  33
554 551 60  33
549 1187 1113  33
564 1089 475  33
581 1064 580  33
1132 1181 1063  33
315 1152 1063  33
1059 64 572  33
567 1059 566  33
475 1089 1084  33
64 1059 567  33
1059 572 1184  33
1110 1186 1130  33
1129 1180 1095  33
1149 1091 1145  33
1105 1070 1094  33
590 1147 1136  33
596 1065 595  33
595 1065 594  33
66 1065 596  33
585 1156 584  33
1056 1171 1141  33
339 1108 1081  33
337 1130 336  33
1136 1141 1171  33
1065 66 597  33
1120 1065 1117  33
1174 1189 1186  33
592 1147 591  33
340 1108 339  33
1161 1169 1100  33
1167 1162 1110  33
583 1192 582  33
1192 1156 1168  33
577 1140 576  33
576 1127 575  33
1096 1144 1074  33
1103 340 32  33
581 1192 1064  33
579 1155 578  33
577 1155 1140  33
1152 317 1150  33
1063 313 314  33
30 1150 455  33
1063 1181 1074  33
29 1124 311  33
1056 586 587  33
587 588 1056  33
1151 358 359  33
346 1129 345  33
1058 344 345  33
345 1129 1058  33
574 1184 573  33
475 1084 474  33
400 1109 399  33
402 1099 401  33
1105 1129 1070  33
354 1148 1116  33
1078 1183 1119  33
508 1082 507  33
471 1124 470  33
471 1181 1124  33
1181 1084 1096  33
1064 579 580  33
1120 594 1065  33
594 1120 593  33
491 1138 1135  33
354 1116 1080  33
373 1083 38  33
373 37 1067  33
1093 351 352  33
1106 1115 1091  33
417 1195 1087  33
419 1195 418  33
1061 1129 1095  33
1070 1191 1057  33
510 1190 1090  33
1071 394 395  33
1155 577 578  33
1089 564 565  33
1102 1082 1078  33
1093 352 1080  33
313 1179 1103  33
1156 583 584  33
1072 1096 1084  33
1155 579 1064  33
1076 1172 411  33
1076 411 412  33
1068 1153 1178  33
1060 1173 1112  33
1082 1090 1062  33
1078 1131 1102  33
392 1163 1092  33
394 1163 393  33
1080 353 354  33
1093 1116 1104  33
337 338 1081  33
1164 1091 1118  33
1082 1062 1078  33
506 1188 505  33
38 1125 443  33
1083 373 1067  33
473 1181 472  33
473 474 1084  33
1085 35 350  33
350 351 1085  33
1083 1176 1143  33
1076 1165 1122  33
1195 419 1069  33
1086 1193 1165  33
1183 1078 1062  33
1190 510 511  33
1089 1146 1072  33
1072 1084 1089  33
509 510 1090  33
1090 1088 1062  33
1147 1120 1145  33
598 1117 597  33
557 1166 556  33
1092 391 392  33
1093 1104 1077  33
1153 1180 1178  33
1070 1057 1094  33
1105 1094 1110  33
1104 1180 1153  33
1061 1095 1148  33
1181 473 1084  33
1096 1155 1075  33
1068 1177 1153  33
1097 495 496  33
1187 549 550  33
1166 1163 1098  33
401 1157 400  33
1099 1142 1060  33
1179 1126 1103  33
1056 1121 586  33
1082 1188 506  33
1101 1114 1073  33
1177 1131 1153  33
1114 1177 1073  33
32 313 1103  33
1100 1179 1074  33
1173 1060 1077  33
1095 1104 1116  33
1162 1100 1118  33
1111 1178 1115  33
599 1111 1106  33
1111 599 600  33
493 494 1107  33
1107 1097 1068  33
1108 340 1103  33
1103 1126 1108  33
1157 1112 1109  33
1109 1112 1078  33
336 1189 335  33
1105 1162 1115  33
1111 1196 1178  33
1066 1196 603  33
1112 1157 1099  33
1099 1060 1112  33
548 549 1113  33
1187 1123 1113  33
1114 1188 1102  33
1102 1131 1114  33
1115 1162 1091  33
1115 1106 1111  33
1116 1093 1080  33
1116 1148 1095  33
1065 597 1117  33
1117 598 1106  33
1100 1162 1126  33
1169 1161 1121  33
1119 396 397  33
1119 1109 1078  33
1120 1149 1145  33
1120 592 593  33
585 586 1121  33
1118 1169 1141  33
1193 1087 1176  33
1137 1128 1122  33
1113 1123 1134  33
1123 1187 1098  33
1124 29 470  33
362 344 361  33
1125 38 1083  33
1125 1143 1069  33
1108 1167 1081  33
1126 1179 1100  33
1146 1140 1072  33
1127 574 575  33
1128 1076 1122  33
371 1137 370  33
1129 1061 1058  33
1129 346 1070  33
1130 337 1081  33
1130 1167 1110  33
1131 1078 1112  33
1173 1104 1153  33
1132 30 310  33
1132 311 1124  33
1071 1163 394  33
1071 1088 1133  33
1134 515 516  33
1139 330 331  33
605 1066 604  33
1135 489 490  33
589 1171 65  33
589 590 1136  33
369 1185 448  33
369 370 1137  33
1138 1066 1135  33
1138 491 492  33
518 548 1134  33
1155 1064 1075  33
1140 1146 1127  33
1141 1164 1118  33
1141 1121 1056  33
404 1170 1142  33
1060 1158 372  33
1143 1125 1083  33
1193 1086 1087  33
1144 1096 1075  33
1074 1161 1100  33
1120 1147 592  33
1091 1149 1106  33
1146 1089 1059  33
1184 574 1127  33
1147 1164 1136  33
1147 590 591  33
1148 354 355  33
1148 356 1061  33
1149 1120 1117  33
1117 1106 1149  33
317 1152 316  33
1150 318 455  33
551 1187 550  33
1058 1061 1151  33
1152 1150 1132  33
1132 1063 1152  33
1177 1114 1131  33
1104 1173 1077  33
1154 329 330  33
330 1139 1154  33
1155 1096 1072  33
1072 1140 1155  33
1156 585 1121  33
1168 1121 1161  33
1109 400 1157  33
1157 401 1099  33
1194 1128 1182  33
372 1182 371  33
1067 1193 1176  33
1137 1159 1185  33
1160 420 421  33
1160 43 442  33
1161 1074 1144  33
1121 1168 1156  33
1118 1091 1162  33
1162 1105 1110  33
1163 392 393  33
1163 1133 1098  33
1164 1141 1136  33
1164 1147 1145  33
1159 1122 1165  33
1165 1076 1086  33
1166 1187 554  33
1166 557 1092  33
1167 1130 1081  33
1167 1108 1126  33
1161 1144 1168  33
1156 1192 583  33
1121 1141 1169  33
1169 1118 1100  33
42 408 1170  33
1158 1194 1182  33
1171 588 65  33
1171 589 1136  33
1172 1076 1128  33
1194 408 409  33
1173 1153 1131  33
1131 1112 1173  33
333 334 1174  33
1057 1186 1094  33
1123 1079 1175  33
1175 513 514  33
1087 1143 1176  33
1176 1083 1067  33
1177 1068 1097  33
1097 1073 1177  33
1178 1105 1115  33
1178 1066 1068  33
1179 313 1063  33
1063 1074 1179  33
1180 1104 1095  33
1180 1129 1105  33
1096 1074 1181  33
1181 1132 1124  33
1182 1137 371  33
1182 372 1158  33
1062 1088 1183  33
1183 1071 1119  33
1184 1127 1146  33
1146 1059 1184  33
1185 37 448  33
1185 369 1137  33
1189 334 335  33
1186 1110 1094  33
551 554 1187  33
1187 1166 1098  33
504 505 1188  33
1188 1082 1102  33
1189 336 1130  33
1130 1186 1189  33
1190 512 1079  33
1079 1088 1190  33
347 348 1191  33
1191 1139 1057  33
1144 1075 1192  33
1192 581 582  33
1193 1067 1159  33
1159 1165 1193  33
1194 1158 1170  33
1194 409 1172  33
1195 1069 1143  33
1143 1087 1195  33
602 603 1196  33
1196 1066 1178  33
344 362 343  33
361 344 1151  33
486 1199 485  34
614 1206 1203  34
1205 1197 1199  34
1199 1202 1203  34
607 1198 606  34
1202 1199 1197  34
1204 1203 1202  34
619 610 67  34
609 1204 1202  34
619 1204 610  34
603 1205 1201  34
66 606 597  34
1198 599 598  34
1200 602 601  34
599 1200 600  34
1200 599 1198  34
608 1202 1197  34
486 1205 1199  34
597 1198 598  34
1205 603 602  34
1205 486 487  34
488 55 605  34
488 1201 487  34
1197 1205 1200  34
605 1201 488  34
616 1204 617  34
1206 614 613  34
1206 485 1199  34
611 1206 612  34
484 611 54  34
1197 607 608  34
1204 616 1203  34
1198 597 606  34
1198 607 1197  34
614 1203 615  34
485 1206 484  34
601 600 1200  34
1200 1198 1197  34
1201 605 604  34
604 603 1201  34
1202 608 609  34
617 1204 618  34
1203 616 615  34
1203 1206 1199  34
1204 609 610  34
1204 619 618  34
1205 487 1201  34
1205 602 1200  34
1206 613 612  34
1206 611 484  34
1324 618 617  35
40 1216 558  35
1294 1273 1242  35
1225 1307 1276  35
1208 1272 1213  35
1207 1268 379  35
1304 1305 1232  35
1216 387 386  35
535 1291 1259  35
51 1325 459  35
1236 1324 1288  35
1254 1260 450  35
377 1322 1207  35
630 1256 1251  35
452 1297 453  35
1211 644 643  35
457 449 49  35
1323 1325 1302  35
1316 433 1290  35
438 1240 39  35
48 1208 446  35
479 1246 480  35
1253 1218 1242  35
480 1284 481  35
611 1267 612  35
478 1280 1246  35
478 1246 479  35
1275 54 483  35
611 1275 1267  35
1259 536 535  35
536 1259 1239  35
1293 1287 1259  35
1259 1308 1239  35
382 1307 383  35
1215 1308 1287  35
1268 1311 381  35
1207 379 378  35
379 1268 380  35
1207 378 377  35
1306 1322 375  35
1322 377 376  35
435 1316 1252  35
1272 1208 454  35
1240 437 1234  35
1316 435 434  35
1240 1315 1306  35
1306 39 1240  35
1314 430 1299  35
1252 436 435  35
1252 437 436  35
430 1314 431  35
1258 1300 1257  35
1258 1257 445  35
431 1290 432  35
428 1300 1299  35
1300 428 427  35
429 428 1299  35
425 1233 426  35
440 1257 1233  35
47 1258 444  35
1233 44 440  35
44 1233 425  35
559 1262 555  35
45 1257 439  35
61 559 555  35
1216 40 387  35
555 541 59  35
386 1225 1216  35
1311 1319 1307  35
1241 1319 1248  35
384 1225 385  35
1241 1305 1274  35
530 1305 1241  35
1241 532 531  35
532 1291 533  35
533 1291 534  35
1305 1304 1274  35
54 1275 611  35
1245 526 525  35
526 1232 527  35
524 544 1245  35
482 1284 1275  35
613 1271 614  35
53 1282 476  35
476 1280 477  35
524 1245 525  35
526 1245 1232  35
1245 544 1265  35
542 1255 543  35
1325 51 571  35
1302 1318 1286  35
1286 1277 1210  35
1254 450 449  35
461 1323 1229  35
569 1325 570  35
1281 641 640  35
1214 642 641  35
1302 568 1211  35
639 1281 640  35
63 1211 568  35
1211 63 644  35
568 1302 569  35
539 1308 1212  35
539 1212 540  35
1227 1237 1217  35
621 1231 622  35
620 1221 621  35
1221 67 619  35
1221 1236 1227  35
1256 629 1249  35
1288 1271 1263  35
627 1243 68  35
623 1217 624  35
1224 627 626  35
623 1231 1227  35
623 1227 1217  35
1221 1227 1231  35
624 1217 625  35
1243 627 1224  35
1243 1249 628  35
1318 1302 1214  35
630 1251 631  35
1247 1285 1266  35
633 1285 1247  35
1247 1303 634  35
1303 1247 1266  35
637 1264 1226  35
461 1229 462  35
637 1226 638  35
1269 1283 1254  35
1269 1254 456  35
1269 466 465  35
466 456 50  35
462 1229 463  35
1215 1242 1218  35
540 1212 53  35
447 1292 1235  35
1208 48 454  35
629 1256 630  35
452 1295 1273  35
456 1254 457  35
636 1289 1264  35
1211 643 642  35
642 1214 1211  35
1308 539 538  35
536 1239 537  35
437 1240 438  35
1208 1292 446  35
641 1281 1214  35
1310 1264 1277  35
1250 1228 1230  35
1280 476 1282  35
543 1265 544  35
1262 559 558  35
625 1224 626  35
618 1324 1236  35
1218 1212 1215  35
1313 1284 1246  35
375 1322 376  35
1250 1312 1219  35
1207 1312 1220  35
1294 1287 1220  35
67 1221 620  35
619 1236 1221  35
1283 1321 1260  35
1229 1283 1269  35
1258 445 444  35
431 1314 1290  35
1209 1278 1256  35
1224 625 1217  35
1262 1276 1255  35
1225 386 385  35
639 638 1226  35
1264 1310 1226  35
1236 619 618  35
1217 1237 1224  35
437 1252 1234  35
1250 1315 1228  35
463 1269 464  35
1229 1323 1210  35
1317 1316 1244  35
1272 1250 1230  35
1231 623 622  35
1231 621 1221  35
1232 528 527  35
1265 543 1255  35
1257 440 439  35
1233 427 426  35
1213 1317 1244  35
1230 1228 1234  35
1258 47 447  35
1292 1213 1244  35
1237 1227 1236  35
1324 617 616  35
1253 1242 1301  35
1224 1270 1243  35
1220 1312 1294  35
1297 452 1273  35
1239 538 537  35
1291 1293 1259  35
1234 1228 1240  35
39 1306 374  35
531 530 1241  35
1307 1225 384  35
1273 1301 1242  35
1218 1282 1212  35
1243 1270 1209  35
1243 628 68  35
1235 1279 1223  35
1292 1208 1213  35
544 524 58  35
1304 1245 1265  35
1253 1280 1218  35
1320 1267 1313  35
635 1303 1289  35
634 633 1247  35
1291 532 1241  35
1311 1307 382  35
629 628 1249  35
1249 1243 1209  35
1250 1297 1238  35
1297 1250 1272  35
1256 1249 1209  35
631 1285 632  35
1244 1316 1279  35
1252 1317 1234  35
615 1324 616  35
1271 1320 1313  35
449 457 1254  35
1283 1260 1254  35
541 555 1255  35
1225 1262 1216  35
1256 1298 1251  35
1251 1298 1285  35
1257 45 445  35
1300 427 1233  35
1258 447 1235  35
1235 1223 1258  35
1220 1293 1268  35
1308 1259 1287  35
451 450 1260  35
1278 1209 1270  35
1261 1224 1237  35
1237 1236 1261  35
1255 555 1262  35
1262 558 1216  35
1295 452 451  35
1288 1296 1261  35
1264 637 636  35
1303 635 634  35
1245 1304 1232  35
1325 1323 459  35
1285 631 1251  35
1309 1266 1298  35
1284 1313 1267  35
1313 1246 1253  35
1268 381 380  35
1268 1207 1220  35
1269 465 464  35
1269 463 1229  35
1270 1224 1261  35
1270 1321 1278  35
615 614 1271  35
1263 1313 1301  35
1230 1213 1272  35
1272 454 453  35
1273 1295 1263  35
1273 1294 1238  35
1232 1305 528  35
1276 1304 1255  35
483 482 1275  35
1275 1284 1267  35
1276 1262 1225  35
1319 1276 1307  35
1277 1266 1222  35
1222 1210 1277  35
1278 1321 1309  35
1309 1298 1278  35
1279 1235 1244  35
1279 1314 1223  35
1280 1253 1246  35
1280 478 477  35
1281 639 1226  35
1281 1318 1214  35
1282 53 1212  35
1282 1218 1280  35
1283 1229 1210  35
1210 1222 1283  35
1284 482 481  35
1284 480 1246  35
1298 1256 1278  35
1285 633 632  35
1323 1302 1286  35
1302 1211 1214  35
1287 1293 1220  35
1287 1294 1215  35
1295 1260 1296  35
1261 1236 1288  35
1264 1303 1277  35
1289 636 635  35
433 1316 434  35
433 432 1290  35
1291 535 534  35
1291 1241 1248  35
1244 1235 1292  35
1292 447 446  35
1293 1291 1248  35
1293 1311 1268  35
1312 1322 1219  35
1294 1242 1215  35
451 1260 1295  35
1295 1288 1263  35
1261 1321 1270  35
1296 1288 1295  35
1273 1238 1297  35
1297 1272 453  35
1266 1309 1222  35
1266 1285 1298  35
1300 1233 1257  35
1299 430 429  35
1300 1258 1223  35
1223 1299 1300  35
1301 1273 1263  35
1301 1313 1253  35
459 1323 460  35
1325 571 570  35
1266 1277 1303  35
1303 1264 1289  35
1265 1255 1304  35
1304 1276 1274  35
1305 530 529  35
529 528 1305  35
1219 1306 1315  35
1306 375 374  35
1276 1319 1274  35
1307 384 383  35
1308 1215 1212  35
1308 538 1239  35
1321 1261 1296  35
1222 1321 1283  35
1277 1286 1310  35
1310 1281 1226  35
382 381 1311  35
1311 1293 1248  35
1312 1250 1238  35
1238 1294 1312  35
1313 1263 1271  35
1267 1320 612  35
1299 1223 1314  35
1314 1279 1290  35
1315 1240 1228  35
1315 1250 1219  35
1290 1279 1316  35
1316 1317 1252  35
1317 1213 1230  35
1230 1234 1317  35
1318 1281 1310  35
1310 1286 1318  35
1319 1311 1248  35
1319 1241 1274  35
1320 1271 613  35
613 612 1320  35
1296 1260 1321  35
1321 1222 1309  35
1322 1306 1219  35
1322 1312 1207  35
1286 1210 1323  35
1323 461 460  35
1324 615 1271  35
1271 1288 1324  35
1325 569 1302  35
541 1255 542  35
466 1269 456  35
639 1329 638  36
574 1348 1332  36
1335 576 577  36
646 1346 647  36
1328 633 1326  36
648 1334 649  36
68 628 645  36
1333 628 629  36
630 1333 629  36
632 1328 631  36
1341 1347 1331  36
1327 1348 1344  36
583 1345 1339  36
1334 1346 1331  36
1345 583 584  36
1345 586 1334  36
586 1345 585  36
65 649 588  36
588 1334 587  36
579 1340 1335  36
583 1339 582  36
1349 1335 1340  36
582 1339 581  36
561 1336 560  36
1348 1335 1344  36
628 1333 645  36
1332 572 573  36
572 563 64  36
562 1332 1327  36
1342 1330 1329  36
572 1332 563  36
1335 577 578  36
635 1330 1326  36
1330 635 636  36
642 1343 641  36
1340 581 1339  36
638 1330 637  36
635 1326 634  36
1329 1343 1337  36
1330 638 1329  36
640 1329 639  36
643 1343 642  36
640 1343 1329  36
644 1336 643  36
560 644 63  36
633 1328 632  36
633 634 1326  36
1327 561 562  36
576 1348 575  36
1346 648 647  36
1328 630 631  36
1343 640 641  36
1342 1329 1337  36
581 1340 580  36
1330 636 637  36
1346 1334 648  36
1326 1341 1328  36
1332 562 563  36
1332 573 574  36
646 645 1333  36
1333 630 1328  36
1334 586 587  36
1334 588 649  36
1337 1336 1327  36
1335 578 579  36
1336 644 560  36
1336 561 1327  36
1337 1344 1342  36
1330 1342 1338  36
1326 1347 1341  36
1326 1330 1338  36
1339 1345 1331  36
1347 1326 1338  36
1335 1349 1344  36
1340 579 580  36
1333 1346 646  36
1333 1328 1341  36
1344 1337 1327  36
1338 1349 1347  36
1343 643 1336  36
1336 1337 1343  36
1348 576 1335  36
1342 1349 1338  36
584 585 1345  36
1345 1334 1331  36
1346 1333 1341  36
1341 1331 1346  36
1339 1349 1340  36
1339 1331 1347  36
1348 1327 1332  36
1348 574 575  36
1349 1339 1347  36
1349 1342 1344  36
1352 596 606  37
1355 1359 608  37
1354 589 590  37
626 1350 625  37
1350 627 645  37
1355 1361 1360  37
1360 1351 1355  37
1361 609 610  37
620 610 67  37
620 1361 610  37
1360 625 1350  37
593 1353 592  37
648 1358 647  37
595 1352 594  37
66 606 596  37
1356 1357 1359  37
594 1353 593  37
596 1352 595  37
589 1354 649  37
648 649 1354  37
649 65 589  37
1351 1358 1356  37
646 1351 1350  37
624 1360 623  37
627 1350 626  37
622 1361 621  37
609 1361 1355  37
645 627 68  37
1350 645 646  37
608 1359 607  37
1351 646 647  37
1352 1359 1357  37
592 1353 591  37
1352 606 607  37
591 1354 590  37
1353 594 1352  37
1354 591 1353  37
1357 1356 1358  37
608 609 1355  37
1351 1360 1350  37
1355 1351 1356  37
1352 1357 1353  37
1354 1358 648  37
1354 1353 1357  37
1358 1351 647  37
1358 1354 1357  37
1359 1352 607  37
1359 1355 1356  37
1361 623 1360  37
625 1360 624  37
1361 620 621  37
623 1361 622  37
Edges
686
1 69  1
69 70  1
70 71  1
71 72  1
72 2  1
3 1  2
4 73  3
73 74  3
74 75  3
75 76  3
76 3  3
2 77  4
77 78  4
78 79  4
79 80  4
80 81  4
81 82  4
82 83  4
83 84  4
84 85  4
85 86  4
86 87  4
87 88  4
88 89  4
89 90  4
90 91  4
91 92  4
92 93  4
93 4  4
5 94  5
94 95  5
95 96  5
96 97  5
97 6  5
6 98  6
98 4  6
5 3  7
7 8  8
9 7  9
8 9  10
10 5  11
11 99  12
99 100  12
100 101  12
101 102  12
102 103  12
103 104  12
104 10  12
12 11  13
13 105  14
105 106  14
106 107  14
107 12  14
6 108  15
108 109  15
109 110  15
110 111  15
111 112  15
112 13  15
14 12  16
14 113  17
113 114  17
114 115  17
115 116  17
116 15  17
13 15  18
16 117  19
117 14  19
17 118  20
118 119  20
119 120  20
120 121  20
121 122  20
122 123  20
123 124  20
124 16  20
18 125  21
125 126  21
126 127  21
127 128  21
128 129  21
129 130  21
130 17  21
19 131  22
131 132  22
132 18  22
15 133  23
133 134  23
134 135  23
135 136  23
136 137  23
137 138  23
138 139  23
139 140  23
140 141  23
141 142  23
142 143  23
143 144  23
144 145  23
145 146  23
146 147  23
147 148  23
148 149  23
149 19  23
17 150  24
150 151  24
151 152  24
152 153  24
153 154  24
154 155  24
155 156  24
156 157  24
157 158  24
158 159  24
159 160  24
160 161  24
161 162  24
162 163  24
163 164  24
164 165  24
165 166  24
166 20  24
20 167  25
167 168  25
168 169  25
169 170  25
170 171  25
171 21  25
21 172  26
172 173  26
173 174  26
174 175  26
175 176  26
176 177  26
177 178  26
178 179  26
179 180  26
180 181  26
181 182  26
182 183  26
183 184  26
184 185  26
185 186  26
186 187  26
187 188  26
188 22  26
22 189  27
189 190  27
190 191  27
191 192  27
192 193  27
193 17  27
22 194  28
194 195  28
195 196  28
196 197  28
197 198  28
198 199  28
199 200  28
200 201  28
201 202  28
202 203  28
203 204  28
204 205  28
205 206  28
206 207  28
207 208  28
208 209  28
209 210  28
210 21  28
20 211  29
211 212  29
212 213  29
213 214  29
214 215  29
215 216  29
216 217  29
217 218  29
218 219  29
219 220  29
220 221  29
221 222  29
222 223  29
223 224  29
224 225  29
225 226  29
226 227  29
227 17  29
18 228  30
228 229  30
229 230  30
230 231  30
231 232  30
232 233  30
233 234  30
234 235  30
235 236  30
236 237  30
237 238  30
238 239  30
239 240  30
240 241  30
241 242  30
242 243  30
243 244  30
244 23  30
23 245  31
245 246  31
246 247  31
247 248  31
248 249  31
249 24  31
24 250  32
250 251  32
251 252  32
252 253  32
253 254  32
254 255  32
255 256  32
256 257  32
257 258  32
258 259  32
259 260  32
260 261  32
261 262  32
262 263  32
263 264  32
264 265  32
265 266  32
266 25  32
25 267  33
267 268  33
268 269  33
269 270  33
270 271  33
271 18  33
25 272  34
272 273  34
273 274  34
274 275  34
275 276  34
276 277  34
277 278  34
278 279  34
279 280  34
280 281  34
281 282  34
282 283  34
283 284  34
284 285  34
285 286  34
286 287  34
287 288  34
288 24  34
23 289  35
289 290  35
290 291  35
291 292  35
292 293  35
293 294  35
294 295  35
295 296  35
296 297  35
297 298  35
298 299  35
299 300  35
300 301  35
301 302  35
302 303  35
303 304  35
304 305  35
305 18  35
26 27  36
28 306  37
306 26  37
27 307  38
307 308  38
308 28  38
29 309  39
309 28  39
30 310  40
310 311  40
311 29  40
27 30  41
31 312  42
312 16  42
32 313  43
313 314  43
314 315  43
315 316  43
316 317  43
317 318  43
318 31  43
32 319  44
319 320  44
320 321  44
321 322  44
322 323  44
323 19  44
33 324  45
324 325  45
325 326  45
326 327  45
327 328  45
328 329  45
329 330  45
330 331  45
331 332  45
332 333  45
333 334  45
334 335  45
335 336  45
336 337  45
337 338  45
338 339  45
339 340  45
340 32  45
13 341  46
341 33  46
34 342  47
342 6  47
34 343  48
343 344  48
344 345  48
345 346  48
346 347  48
347 348  48
348 349  48
349 33  48
35 350  49
350 351  49
351 352  49
352 353  49
353 354  49
354 355  49
355 356  49
356 357  49
357 358  49
358 359  49
359 360  49
360 361  49
361 362  49
362 363  49
363 364  49
364 365  49
365 366  49
366 34  49
35 367  50
367 368  50
368 2  50
36 369  51
369 370  51
370 371  51
371 372  51
372 35  51
1 36  52
37 7  53
38 373  54
373 37  54
9 38  55
39 374  56
374 375  56
375 376  56
376 377  56
377 378  56
378 379  56
379 380  56
380 381  56
381 382  56
382 383  56
383 384  56
384 385  56
385 386  56
386 387  56
387 40  56
41 388  57
388 389  57
389 390  57
390 40  57
41 391  58
391 392  58
392 393  58
393 394  58
394 395  58
395 396  58
396 397  58
397 398  58
398 399  58
399 400  58
400 401  58
401 402  58
402 403  58
403 404  58
404 42  58
39 405  59
405 406  59
406 407  59
407 42  59
42 408  60
408 409  60
409 410  60
410 411  60
411 412  60
412 413  60
413 414  60
414 415  60
415 416  60
416 417  60
417 418  60
418 419  60
419 420  60
420 421  60
421 43  60
44 422  61
422 423  61
423 424  61
424 43  61
44 425  62
425 426  62
426 427  62
427 428  62
428 429  62
429 430  62
430 431  62
431 432  62
432 433  62
433 434  62
434 435  62
435 436  62
436 437  62
437 438  62
438 39  62
45 439  63
439 440  63
440 44  63
46 441  64
441 45  64
43 442  65
442 46  65
46 443  66
443 38  66
47 444  67
444 445  67
445 45  67
8 47  68
48 446  69
446 447  69
447 47  69
10 48  70
37 448  71
448 36  71
49 449  72
449 450  72
450 451  72
451 452  72
452 453  72
453 454  72
454 48  72
11 49  73
31 455  74
455 30  74
50 456  75
456 457  75
457 49  75
26 458  76
458 50  76
51 459  77
459 460  77
460 461  77
461 462  77
462 463  77
463 464  77
464 465  77
465 466  77
466 50  77
51 467  78
467 468  78
468 469  78
469 52  78
29 470  79
470 471  79
471 472  79
472 473  79
473 474  79
474 475  79
475 52  79
53 476  80
476 477  80
477 478  80
478 479  80
479 480  80
480 481  80
481 482  80
482 483  80
483 54  80
54 484  81
484 485  81
485 486  81
486 487  81
487 488  81
488 55  81
55 489  82
489 490  82
490 491  82
491 492  82
492 493  82
493 494  82
494 495  82
495 496  82
496 56  82
53 497  83
497 498  83
498 499  83
499 500  83
500 501  83
501 56  83
56 502  84
502 503  84
503 504  84
504 505  84
505 506  84
506 507  84
507 508  84
508 509  84
509 510  84
510 511  84
511 512  84
512 513  84
513 514  84
514 515  84
515 516  84
516 517  84
517 518  84
518 57  84
57 519  85
519 520  85
520 521  85
521 522  85
522 523  85
523 58  85
58 524  86
524 525  86
525 526  86
526 527  86
527 528  86
528 529  86
529 530  86
530 531  86
531 532  86
532 533  86
533 534  86
534 535  86
535 536  86
536 537  86
537 538  86
538 539  86
539 540  86
540 53  86
59 541  87
541 542  87
542 543  87
543 544  87
544 58  87
60 545  88
545 546  88
546 547  88
547 59  88
57 548  89
548 549  89
549 550  89
550 551  89
551 60  89
61 552  90
552 553  90
553 62  90
60 554  91
554 62  91
61 555  92
555 59  92
62 556  93
556 557  93
557 41  93
40 558  94
558 559  94
559 61  94
63 560  95
560 561  95
561 562  95
562 563  95
563 64  95
52 564  96
564 565  96
565 566  96
566 567  96
567 64  96
63 568  97
568 569  97
569 570  97
570 571  97
571 51  97
64 572  98
572 573  98
573 574  98
574 575  98
575 576  98
576 577  98
577 578  98
578 579  98
579 580  98
580 581  98
581 582  98
582 583  98
583 584  98
584 585  98
585 586  98
586 587  98
587 588  98
588 65  98
65 589  99
589 590  99
590 591  99
591 592  99
592 593  99
593 594  99
594 595  99
595 596  99
596 66  99
66 597  100
597 598  100
598 599  100
599 600  100
600 601  100
601 602  100
602 603  100
603 604  100
604 605  100
605 55  100
66 606  101
606 607  101
607 608  101
608 609  101
609 610  101
610 67  101
54 611  102
611 612  102
612 613  102
613 614  102
614 615  102
615 616  102
616 617  102
617 618  102
618 619  102
619 67  102
67 620  103
620 621  103
621 622  103
622 623  103
623 624  103
624 625  103
625 626  103
626 627  103
627 68  103
68 628  104
628 629  104
629 630  104
630 631  104
631 632  104
632 633  104
633 634  104
634 635  104
635 636  104
636 637  104
637 638  104
638 639  104
639 640  104
640 641  104
641 642  104
642 643  104
643 644  104
644 63  104
68 645  105
645 646  105
646 647  105
647 648  105
648 649  105
649 65  105
End
