MeshVersionFormatted 1

Dimension
3

Vertices
2377
3.00000000000002  0  -29.985300148572801  0
3.00000000000002  100  -29.985300148572801  0
-3  100  -29.985300148572801  0
-3  0  -29.985300148572801  0
-3  57.5  -40.75  0
-16  57.5  -40.75  0
16  57.5  -40.75  0
3  57.5  -40.75  0
39.226162893325601  57.5  10  0
40  67.5  -6.1230320000000003e-16  0
39.226162893325601  57.5  -10  0
40  47.5  1.8369100000000001e-15  0
38.5  57.5  10  0
36.1637147334921  15  -22  0
36.1637147334921  15  22  0
36.1637147334921  100  -22  0
36.1637147334921  100  22  0
33.406586176980099  100  -22  0
33.406586176980099  15  -22  0
33.406586176980099  15  22  0
33.406586176980099  100  22  0
3  100  -39.887341350358305  0
-3  100  -39.887341350358305  0
-33.406586176980099  100  -22  0
-36.1637147334921  100  -22  0
-36.163714733492199  100  22  0
-33.406586176980099  100  22  0
3  15  -39.887341350358305  0
3  35.626897906404807  -39.887341350358305  0
29.000000000000004  29.092225479193306  -27.549954627911806  0
29.000000000000004  85.907774520806711  -27.549954627911806  0
3  79.373102093595207  -39.887341350358305  0
-33.406586176980099  15  22  0
-36.163714733492199  15  22  0
-36.1637147334921  15  -22  0
-33.406586176980099  15  -22  0
-3  79.373102093595207  -39.887341350358305  0
-29.000000000000004  85.907774520806711  -27.549954627911806  0
-29.000000000000004  29.092225479193306  -27.549954627911806  0
-3  35.626897906404807  -39.887341350358305  0
-3  15  -39.887341350358305  0
-29.000000000000004  52.015172442698599  -37.5  0
-29.000000000000004  46.530344885397099  -47  0
-16  52.015172442698599  -37.5  0
-16  46.530344885397099  -47  0
-29.000000000000004  52.015172442698599  -56.5  0
-16  52.015172442698599  -56.5  0
-29.000000000000004  62.984827557301408  -56.5  0
-16  62.984827557301408  -56.5  0
-29.000000000000004  68.469655114602887  -47  0
-16  68.469655114602887  -47  0
-29.000000000000004  62.984827557301408  -37.5  0
-16  62.984827557301408  -37.5  0
29.000000000000004  62.984827557301408  -37.5  0
29.000000000000004  68.469655114602887  -47  0
16  62.984827557301408  -37.5  0
16  68.469655114602887  -47  0
29.000000000000004  62.984827557301408  -56.5  0
16  62.984827557301408  -56.5  0
29.000000000000004  52.015172442698599  -56.5  0
16  52.015172442698599  -56.5  0
29.000000000000004  46.530344885397099  -47  0
16  46.530344885397099  -47  0
29.000000000000004  52.015172442698599  -37.5  0
16  52.015172442698599  -37.5  0
-3  0  -60  0
-3  15  -60  0
-3  43.360869702198201  -54.488991549052699  0
-3  71.639130297801813  -54.488991549052699  0
3  71.639130297801813  -54.488991549052699  0
3  43.360869702198201  -54.488991549052699  0
3  15  -60  0
3  0  -60  0
29.000000000000004  71.639130297801813  -54.488991549052699  0
-29.000000000000004  71.639130297801813  -54.488991549052699  0
29.000000000000004  43.360869702198201  -54.488991549052699  0
-29.000000000000004  43.360869702198201  -54.488991549052699  0
45  0  -60  0
60  0  -45  0
60  0  45  0
45  0  60  0
-45  0  60  0
-60  0  45  0
-60  0  -45  0
-45  0  -60  0
-43.712310601229404  0  36.28768939877061  0
-48.212310601229404  0  40.78768939877061  0
-40.78768939877061  0  48.212310601229404  0
-36.28768939877061  0  43.712310601229404  0
40.78768939877061  0  -48.212310601229404  0
36.28768939877061  0  -43.712310601229404  0
43.712310601229404  0  -36.28768939877061  0
48.212310601229404  0  -40.78768939877061  0
48.212310601229404  0  40.78768939877061  0
43.712310601229404  0  36.28768939877061  0
36.28768939877061  0  43.712310601229404  0
40.78768939877061  0  48.212310601229404  0
-36.28768939877061  0  -43.712310601229404  0
-40.78768939877061  0  -48.212310601229404  0
-48.212310601229404  0  -40.78768939877061  0
-43.712310601229404  0  -36.28768939877061  0
-45  15  -60  0
-60  15  -45  0
-60  15  45  0
-45  15  60  0
45  15  60  0
60  15  45  0
60  15  -45  0
45  15  -60  0
-40.78768939877061  15  -48.212310601229404  0
-48.212310601229404  15  -40.78768939877061  0
-36.28768939877061  15  -43.712310601229404  0
-43.712310601229404  15  -36.28768939877061  0
-48.212310601229404  15  40.78768939877061  0
-40.78768939877061  15  48.212310601229404  0
-43.712310601229404  15  36.28768939877061  0
-36.28768939877061  15  43.712310601229404  0
36.28768939877061  15  -43.712310601229404  0
43.712310601229404  15  -36.28768939877061  0
40.78768939877061  15  -48.212310601229404  0
48.212310601229404  15  -40.78768939877061  0
43.712310601229404  15  36.28768939877061  0
36.28768939877061  15  43.712310601229404  0
48.212310601229404  15  40.78768939877061  0
40.78768939877061  15  48.212310601229404  0
3.00000000000002  12.5  -29.985300148572801  0
3.00000000000002  25  -29.985300148572801  0
3.00000000000002  37.5  -29.985300148572801  0
3.00000000000002  50  -29.985300148572801  0
3.00000000000002  62.5  -29.985300148572801  0
3.00000000000002  75  -29.985300148572801  0
3.00000000000002  87.5  -29.985300148572801  0
8.1406750190049912  100  -29.014610720031172  0
13.036007176123066  100  -27.169481811474938  0
17.538461432980846  100  -24.505521736209641  0
21.512343266665486  100  -21.103016660590292  0
24.837888217890704  100  -17.064510947447783  0
27.414871340474235  100  -12.511716684182213  0
29.165627770893959  100  -7.5818455358611727  0
30.037393384294973  100  -2.4234734735729369  0
30.003894994487293  100  2.8079369935558396  0
29.066142172643442  100  7.9547221321475146  0
27.252396820941865  100  12.861768638640516  0
24.617321418142833  100  17.381188428753813  0
21.240331607187635  100  21.376775674004382  0
17.223202774373895  100  24.728111759550075  0
12.68700275278794  100  27.334194448542853  0
7.7684430918761072  100  29.116481877594385  0
2.6157588582332876  100  30.021259643718714  0
-2.6157588582333426  100  30.021259643718718  0
-7.7684430918761631  100  29.116481877594378  0
-12.687002752787993  100  27.334194448542846  0
-17.223202774373949  100  24.728111759550067  0
-21.24033160718767  100  21.376775674004374  0
-24.617321418142879  100  17.381188428753799  0
-27.252396820941918  100  12.861768638640488  0
-29.066142172643485  100  7.9547221321474959  0
-30.003894994487329  100  2.8079369935558338  0
-30.037393384295004  100  -2.4234734735729564  0
-29.165627770893988  100  -7.5818455358612038  0
-27.41487134047426  100  -12.511716684182232  0
-24.83788821789074  100  -17.06451094744779  0
-21.512343266665507  100  -21.103016660590306  0
-17.538461432980853  100  -24.505521736209655  0
-13.036007176123086  100  -27.169481811474945  0
-8.1406750190050214  100  -29.014610720031175  0
-3  11.111111111111111  -29.985300148572801  0
-3  22.222222222222221  -29.985300148572801  0
-3  33.333333333333329  -29.985300148572801  0
-3  44.444444444444443  -29.985300148572801  0
-3  55.555555555555557  -29.985300148572801  0
-3  66.666666666666657  -29.985300148572801  0
-3  77.777777777777771  -29.985300148572801  0
-3  88.888888888888886  -29.985300148572801  0
-8.1406750190049753  0  -29.01461072003119  0
-13.036007176123055  0  -27.169481811474963  0
-17.538461432980835  0  -24.505521736209669  0
-21.512343266665482  0  -21.103016660590328  0
-24.837888217890715  0  -17.064510947447825  0
-27.414871340474246  0  -12.511716684182261  0
-29.165627770893984  0  -7.5818455358612242  0
-30.037393384295001  0  -2.4234734735729906  0
-30.003894994487336  0  2.8079369935557867  0
-29.066142172643492  0  7.9547221321474622  0
-27.252396820941925  0  12.861768638640466  0
-24.6173214181429  0  17.38118842875377  0
-21.240331607187706  0  21.376775674004342  0
-17.223202774373974  0  24.728111759550046  0
-12.687002752788024  0  27.334194448542831  0
-7.768443091876196  0  29.116481877594371  0
-2.6157588582333773  0  30.021259643718714  0
2.6157588582332534  0  30.021259643718718  0
7.7684430918760734  0  29.116481877594392  0
12.687002752787906  0  27.334194448542867  0
17.223202774373867  0  24.728111759550096  0
21.240331607187606  0  21.376775674004403  0
24.617321418142815  0  17.381188428753841  0
27.252396820941854  0  12.861768638640545  0
29.066142172643428  0  7.9547221321475607  0
30.00389499448729  0  2.8079369935558738  0
30.037393384294973  0  -2.4234734735729164  0
29.16562777089397  0  -7.5818455358611407  0
27.414871340474253  0  -12.51171668418217  0
24.837888217890725  0  -17.064510947447758  0
21.5123432666655  0  -21.103016660590278  0
17.538461432980871  0  -24.505521736209616  0
13.036007176123109  0  -27.169481811474917  0
8.140675019005025  0  -29.014610720031161  0
-3  58.585301110418314  -40.844951543673702  0
-3  59.637625895785426  -41.12692112008807  0
-3  60.625  -41.587341226347256  0
-3  61.517422560540872  -42.212222230506384  0
-3  62.287777769493616  -42.982577439459128  0
-3  62.912658773652744  -43.875  0
-3  63.37307887991193  -44.862374104214574  0
-3  63.655048456326298  -45.914698889581686  0
-3  63.75  -47  0
-3  63.655048456326298  -48.085301110418314  0
-3  63.37307887991193  -49.137625895785433  0
-3  62.912658773652744  -50.125  0
-3  62.287777769493616  -51.017422560540872  0
-3  61.517422560540865  -51.787777769493616  0
-3  60.625  -52.412658773652744  0
-3  59.637625895785426  -52.87307887991193  0
-3  58.585301110418314  -53.155048456326298  0
-3  57.5  -53.25  0
-3  56.414698889581686  -53.155048456326298  0
-3  55.362374104214567  -52.87307887991193  0
-3  54.375  -52.412658773652744  0
-3  53.482577439459128  -51.787777769493609  0
-3  52.712222230506384  -51.017422560540865  0
-3  52.087341226347256  -50.125  0
-3  51.62692112008807  -49.137625895785426  0
-3  51.344951543673702  -48.085301110418314  0
-3  51.25  -46.999999999999993  0
-3  51.344951543673702  -45.914698889581679  0
-3  51.626921120088078  -44.862374104214567  0
-3  52.087341226347263  -43.874999999999993  0
-3  52.712222230506391  -42.982577439459128  0
-3  53.482577439459135  -42.212222230506384  0
-3  54.375  -41.587341226347256  0
-3  55.362374104214574  -41.12692112008807  0
-3  56.414698889581686  -40.844951543673702  0
-13.399999999999995  57.5  -40.75  0
-10.799999999999994  57.5  -40.75  0
-8.1999999999999922  57.5  -40.75  0
-5.5999999999999908  57.5  -40.75  0
-16  58.585301110418314  -40.844951543673702  0
-16  59.637625895785426  -41.12692112008807  0
-16  60.625  -41.587341226347256  0
-16  61.517422560540872  -42.212222230506384  0
-16  62.287777769493616  -42.982577439459128  0
-16  62.912658773652744  -43.875  0
-16  63.37307887991193  -44.862374104214574  0
-16  63.655048456326298  -45.914698889581686  0
-16  63.75  -47  0
-16  63.655048456326298  -48.085301110418314  0
-16  63.37307887991193  -49.137625895785433  0
-16  62.912658773652744  -50.125  0
-16  62.287777769493616  -51.017422560540872  0
-16  61.517422560540865  -51.787777769493616  0
-16  60.625  -52.412658773652744  0
-16  59.637625895785426  -52.87307887991193  0
-16  58.585301110418314  -53.155048456326298  0
-16  57.5  -53.25  0
-16  56.414698889581686  -53.155048456326298  0
-16  55.362374104214567  -52.87307887991193  0
-16  54.375  -52.412658773652744  0
-16  53.482577439459128  -51.787777769493609  0
-16  52.712222230506384  -51.017422560540865  0
-16  52.087341226347256  -50.125  0
-16  51.62692112008807  -49.137625895785426  0
-16  51.344951543673702  -48.085301110418314  0
-16  51.25  -46.999999999999993  0
-16  51.344951543673702  -45.914698889581679  0
-16  51.626921120088078  -44.862374104214567  0
-16  52.087341226347263  -43.874999999999993  0
-16  52.712222230506391  -42.982577439459128  0
-16  53.482577439459135  -42.212222230506384  0
-16  54.375  -41.587341226347256  0
-16  55.362374104214574  -41.12692112008807  0
-16  56.414698889581686  -40.844951543673702  0
16  56.414698889581686  -40.844951543673702  0
16  55.362374104214574  -41.12692112008807  0
16  54.375  -41.587341226347256  0
16  53.482577439459128  -42.212222230506384  0
16  52.712222230506384  -42.982577439459128  0
16  52.087341226347256  -43.875  0
16  51.62692112008807  -44.862374104214574  0
16  51.344951543673702  -45.914698889581686  0
16  51.25  -47  0
16  51.344951543673702  -48.085301110418314  0
16  51.62692112008807  -49.137625895785433  0
16  52.087341226347256  -50.125  0
16  52.712222230506384  -51.017422560540872  0
16  53.482577439459135  -51.787777769493616  0
16  54.375  -52.412658773652744  0
16  55.362374104214574  -52.87307887991193  0
16  56.414698889581686  -53.155048456326298  0
16  57.5  -53.25  0
16  58.585301110418314  -53.155048456326298  0
16  59.637625895785433  -52.87307887991193  0
16  60.625  -52.412658773652744  0
16  61.517422560540872  -51.787777769493609  0
16  62.287777769493616  -51.017422560540865  0
16  62.912658773652744  -50.125  0
16  63.37307887991193  -49.137625895785426  0
16  63.655048456326298  -48.085301110418314  0
16  63.75  -46.999999999999993  0
16  63.655048456326298  -45.914698889581679  0
16  63.373078879911922  -44.862374104214567  0
16  62.912658773652737  -43.874999999999993  0
16  62.287777769493609  -42.982577439459128  0
16  61.517422560540865  -42.212222230506384  0
16  60.625  -41.587341226347256  0
16  59.637625895785426  -41.12692112008807  0
16  58.585301110418314  -40.844951543673702  0
5.6000000000000014  57.5  -40.75  0
8.2000000000000028  57.5  -40.75  0
10.800000000000004  57.5  -40.75  0
13.400000000000004  57.5  -40.75  0
3  56.414698889581686  -40.844951543673702  0
3  55.362374104214574  -41.12692112008807  0
3  54.375  -41.587341226347256  0
3  53.482577439459128  -42.212222230506384  0
3  52.712222230506384  -42.982577439459128  0
3  52.087341226347256  -43.875  0
3  51.62692112008807  -44.862374104214574  0
3  51.344951543673702  -45.914698889581686  0
3  51.25  -47  0
3  51.344951543673702  -48.085301110418314  0
3  51.62692112008807  -49.137625895785433  0
3  52.087341226347256  -50.125  0
3  52.712222230506384  -51.017422560540872  0
3  53.482577439459135  -51.787777769493616  0
3  54.375  -52.412658773652744  0
3  55.362374104214574  -52.87307887991193  0
3  56.414698889581686  -53.155048456326298  0
3  57.5  -53.25  0
3  58.585301110418314  -53.155048456326298  0
3  59.637625895785433  -52.87307887991193  0
3  60.625  -52.412658773652744  0
3  61.517422560540872  -51.787777769493609  0
3  62.287777769493616  -51.017422560540865  0
3  62.912658773652744  -50.125  0
3  63.37307887991193  -49.137625895785426  0
3  63.655048456326298  -48.085301110418314  0
3  63.75  -46.999999999999993  0
3  63.655048456326298  -45.914698889581679  0
3  63.373078879911922  -44.862374104214567  0
3  62.912658773652737  -43.874999999999993  0
3  62.287777769493609  -42.982577439459128  0
3  61.517422560540865  -42.212222230506384  0
3  60.625  -41.587341226347256  0
3  59.637625895785426  -41.12692112008807  0
3  58.585301110418314  -40.844951543673702  0
39.237545671850498  58.707073658149774  9.9267256742313084  0
39.270866309008433  59.896111858772919  9.7085971347548536  0
39.324180639995369  61.049483718933068  9.348813045366736  0
39.394315299292693  62.150213104815279  8.8528136877023424  0
39.477068676509241  63.182634273854212  8.2284553613755751  0
39.567645981545937  64.131764205146681  7.4844540912946993  0
39.660790335046705  64.984376964703131  6.6318512554881215  0
39.751113466860687  65.728400038139469  5.6827143572907621  0
39.833413513859135  66.352782693894156  4.6502718831828354  0
39.903001175445247  66.84880068685986  3.549516300708361  0
39.955798106624378  67.208594225996464  2.3961235223631294  0
39.988751452370337  67.426725459912078  1.2070752996780514  0
39.976731907066814  67.347638310558494  -1.7388484736186343  0
39.909754322484993  66.895590348704062  -3.4236466823089944  0
39.807171874176767  66.158504052543407  -5.0027633851481461  0
39.681293440584454  65.159455663561417  -6.4287845857292147  0
39.547106744864394  63.928697632917178  -7.6595286697187355  0
39.420724275391215  62.502696405707226  -8.6585428287309156  0
39.317366266378947  60.923616846065705  -9.3956012161198998  0
39.249702781185391  59.238843768342697  -9.8476391395124541  0
39.249702781185391  55.761156231657303  -9.8476391395124541  0
39.317366266378947  54.076383153934302  -9.3956012161198998  0
39.420724275391208  52.497303594292774  -8.6585428287309121  0
39.547106744864401  51.071302367082843  -7.6595286697187399  0
39.681293440584462  49.840544336438583  -6.4287845857292139  0
39.807171874176774  48.841495947456586  -5.002763385148147  0
39.909754322484986  48.104409651295946  -3.4236466823089939  0
39.976731907066814  47.652361689441506  -1.7388484736186374  0
39.98875145237033  47.573274540087915  1.2070752996780556  0
39.955798106624378  47.791405774003557  2.3961235223631316  0
39.903001175445247  48.151199313140147  3.5495163007083668  0
39.833413513859121  48.647217306105858  4.6502718831828398  0
39.751113466860687  49.271599961860531  5.6827143572907586  0
39.660790335046705  50.015623035296883  6.6318512554881304  0
39.56764598154593  50.868235794853334  7.48445409129471  0
39.477068676509241  51.817365726145802  8.2284553613755804  0
39.394315299292693  52.849786895184742  8.8528136877023496  0
39.324180639995362  53.95051628106696  9.3488130453667377  0
39.27086630900844  55.10388814122711  9.708597134754859  0
39.237545671850505  56.29292634185024  9.9267256742313101  0
38.64523257866513  57.500000000000021  10  0
38.790465157330267  57.500000000000021  10  0
38.935697735995404  57.500000000000021  10  0
39.080930314660542  57.500000000000021  10  0
38.5  56.009577338238259  9.8883082622512859  0
38.5  54.552448255890958  9.5557280578614083  0
38.5  53.161162608824419  9.0096886790241921  0
38.5  51.866799419363787  8.2623877431599517  0
38.5  50.698272622290808  7.3305187182982658  0
38.5  49.6816851753197  6.2348980185873355  0
38.5  48.839745962155618  5.0000000000000044  0
38.5  48.191262513557959  3.6534102436639571  0
38.5  47.750720878181767  2.225209339563146  0
38.5  47.527962028188199  0.74730093586424728  0
38.5  47.527962028188199  -0.74730093586423474  0
38.5  47.750720878181767  -2.2252093395631425  0
38.5  48.191262513557959  -3.6534102436639455  0
38.5  48.839745962155611  -4.9999999999999929  0
38.5  49.6816851753197  -6.2348980185873337  0
38.5  50.698272622290801  -7.3305187182982596  0
38.5  51.866799419363772  -8.2623877431599446  0
38.5  53.161162608824419  -9.0096886790241903  0
38.5  54.552448255890951  -9.5557280578614048  0
38.5  56.009577338238245  -9.8883082622512841  0
38.5  57.5  -10  0
38.5  58.990422661761741  -9.8883082622512859  0
38.5  60.447551744109035  -9.5557280578614101  0
38.5  61.838837391175581  -9.0096886790241921  0
38.5  63.133200580636213  -8.2623877431599517  0
38.5  64.301727377709184  -7.3305187182982685  0
38.5  65.318314824680286  -6.2348980185873444  0
38.5  66.160254037844382  -5.0000000000000053  0
38.5  66.808737486442041  -3.6534102436639584  0
38.5  67.249279121818233  -2.2252093395631558  0
38.5  67.472037971811801  -0.74730093586424851  0
38.5  67.472037971811801  0.74730093586423352  0
38.5  67.249279121818233  2.2252093395631407  0
38.5  66.808737486442055  3.6534102436639362  0
38.5  66.160254037844396  4.999999999999992  0
38.5  65.3183148246803  6.2348980185873328  0
38.5  64.301727377709199  7.3305187182982525  0
38.5  63.133200580636228  8.2623877431599428  0
38.5  61.838837391175588  9.0096886790241886  0
38.5  60.447551744109056  9.555728057861403  0
38.5  58.990422661761755  9.8883082622512841  0
38.285534015632742  15  -14.830414166711213  0
39.569960937792601  15  -7.4645927211024725  0
40  15  -3.0892143492765165e-14  0
39.569960937792629  15  7.4645927211023988  0
38.285534015632798  15  14.830414166711151  0
36.1637147334921  19.25  -22  0
36.1637147334921  23.5  -22  0
36.1637147334921  27.75  -22  0
36.1637147334921  32  -22  0
36.1637147334921  36.25  -22  0
36.1637147334921  40.5  -22  0
36.1637147334921  44.75  -22  0
36.1637147334921  49  -22  0
36.1637147334921  53.25  -22  0
36.1637147334921  57.5  -22  0
36.1637147334921  61.75  -22  0
36.1637147334921  66  -22  0
36.1637147334921  70.25  -22  0
36.1637147334921  74.5  -22  0
36.1637147334921  78.75  -22  0
36.1637147334921  83  -22  0
36.1637147334921  87.25  -22  0
36.1637147334921  91.5  -22  0
36.1637147334921  95.75  -22  0
37.832675030596448  100  -16.64496766291419  0
39.033746796814029  100  -11.165987245268877  0
39.757986155349641  100  -5.6038584121606601  0
40  100  -3.0892143492765165e-14  0
39.75798615534967  100  5.6038584121605881  0
39.033746796814071  100  11.165987245268806  0
37.832675030596505  100  16.644967662914123  0
36.1637147334921  19.25  22  0
36.1637147334921  23.5  22  0
36.1637147334921  27.75  22  0
36.1637147334921  32  22  0
36.1637147334921  36.25  22  0
36.1637147334921  40.5  22  0
36.1637147334921  44.75  22  0
36.1637147334921  49  22  0
36.1637147334921  53.25  22  0
36.1637147334921  57.5  22  0
36.1637147334921  61.75  22  0
36.1637147334921  66  22  0
36.1637147334921  70.25  22  0
36.1637147334921  74.5  22  0
36.1637147334921  78.75  22  0
36.1637147334921  83  22  0
36.1637147334921  87.25  22  0
36.1637147334921  91.5  22  0
36.1637147334921  95.75  22  0
33.406586176980099  95.75  -22  0
33.406586176980099  91.5  -22  0
33.406586176980099  87.25  -22  0
33.406586176980099  83  -22  0
33.406586176980099  78.75  -22  0
33.406586176980099  74.5  -22  0
33.406586176980099  70.25  -22  0
33.406586176980099  66  -22  0
33.406586176980099  61.75  -22  0
33.406586176980099  57.5  -22  0
33.406586176980099  53.25  -22  0
33.406586176980099  49  -22  0
33.406586176980099  44.75  -22  0
33.406586176980099  40.5  -22  0
33.406586176980099  36.25  -22  0
33.406586176980099  32  -22  0
33.406586176980099  27.75  -22  0
33.406586176980099  23.5  -22  0
33.406586176980099  19.25  -22  0
33.406586176980099  19.25  22  0
33.406586176980099  23.5  22  0
33.406586176980099  27.75  22  0
33.406586176980099  32  22  0
33.406586176980099  36.25  22  0
33.406586176980099  40.5  22  0
33.406586176980099  44.75  22  0
33.406586176980099  49  22  0
33.406586176980099  53.25  22  0
33.406586176980099  57.5  22  0
33.406586176980099  61.75  22  0
33.406586176980099  66  22  0
33.406586176980099  70.25  22  0
33.406586176980099  74.5  22  0
33.406586176980099  78.75  22  0
33.406586176980099  83  22  0
33.406586176980099  87.25  22  0
33.406586176980099  91.5  22  0
33.406586176980099  95.75  22  0
10.195942946979779  100  -38.678711811821415  0
17.052600724292063  100  -36.182990596934829  0
23.341807844014379  100  -32.483226541910959  0
28.854281583029717  100  -27.702534799675501  0
-28.854281583029714  100  -27.702534799675504  0
-23.341807844014362  100  -32.483226541910973  0
-17.052600724292077  100  -36.182990596934815  0
-10.195942946979793  100  -38.678711811821408  0
-37.832675030596612  100  16.644967662914155  0
-39.033746796814185  100  11.165987245268834  0
-39.757986155349769  100  5.603858412160605  0
-40.000000000000114  100  2.9446574038957411e-14  0
-39.757986155349741  100  -5.6038584121606014  0
-39.033746796814142  100  -11.165987245268825  0
-37.832675030596555  100  -16.644967662914151  0
29.346422320436471  100  27.180645632335299  0
24.491630352003298  100  31.625306997732544  0
18.973665961010269  100  35.213633723318026  0
12.941941896228295  100  37.848462847976414  0
6.5597822403241137  100  39.458449753627278  0
-6.4324905987065462e-15  100  40  0
-6.5597822403241253  100  39.458449753627271  0
-12.941941896228297  100  37.848462847976407  0
-18.973665961010273  100  35.213633723318019  0
-24.491630352003313  100  31.625306997732533  0
-29.346422320436474  100  27.180645632335299  0
9.0138114717457967  15  -38.97115860160978  0
14.819148586527565  15  -37.153638249442253  0
20.28174362355292  15  -34.47681649439911  0
25.27525591203359  15  -31.002603738737996  0
29.68419387922081  15  -26.811352702555492  0
3  25.313448953202403  -39.887341350358305  0
7.9834473696644404  35.260301236616428  -39.195211035224695  0
12.808502138112422  34.571005701104177  -37.893828956414154  0
17.387883607600639  33.580131096504424  -36.023069048160437  0
23.641094375869816  31.590178031644278  -32.266060446097505  0
29.000000000000004  38.561483652795545  -27.549954627911806  0
29.000000000000004  48.030741826397772  -27.549954627911806  0
29.000000000000004  57.500000000000014  -27.549954627911806  0
29.000000000000004  66.969258173602242  -27.549954627911806  0
29.000000000000004  76.438516347204484  -27.549954627911806  0
23.641094375869827  83.409821968355729  -32.266060446097498  0
17.38788360760066  81.419868903495583  -36.02306904816043  0
12.808502138112436  80.42899429889583  -37.893828956414147  0
7.9834473696644608  79.739698763383572  -39.195211035224695  0
3  89.686551046797604  -39.887341350358305  0
-33.406586176980099  83  22  0
-33.406586176980099  66  22  0
-33.406586176980099  49  22  0
-33.406586176980099  32  22  0
29.346422320436471  15  27.180645632335299  0
24.491630352003298  15  31.625306997732544  0
18.973665961010269  15  35.213633723318026  0
12.941941896228295  15  37.848462847976414  0
6.5597822403241137  15  39.458449753627278  0
-6.4324905987065462e-15  15  40  0
-6.5597822403241253  15  39.458449753627271  0
-12.941941896228297  15  37.848462847976407  0
-18.973665961010273  15  35.213633723318019  0
-24.491630352003313  15  31.625306997732533  0
-29.346422320436474  15  27.180645632335299  0
-38.610116065583618  15  13.36985916616168  0
-39.845076508765331  15  4.4850922590717799  0
-39.845076508765317  15  -4.4850922590717772  0
-38.610116065583568  15  -13.369859166161671  0
-36.163714733492199  32  22  0
-36.163714733492199  49  22  0
-36.163714733492199  66  22  0
-36.163714733492199  83  22  0
-36.1637147334921  19.25  -22  0
-36.1637147334921  23.5  -22  0
-36.1637147334921  27.75  -22  0
-36.1637147334921  32  -22  0
-36.1637147334921  36.25  -22  0
-36.1637147334921  40.5  -22  0
-36.1637147334921  44.75  -22  0
-36.1637147334921  49  -22  0
-36.1637147334921  53.25  -22  0
-36.1637147334921  57.5  -22  0
-36.1637147334921  61.75  -22  0
-36.1637147334921  66  -22  0
-36.1637147334921  70.25  -22  0
-36.1637147334921  74.5  -22  0
-36.1637147334921  78.75  -22  0
-36.1637147334921  83  -22  0
-36.1637147334921  87.25  -22  0
-36.1637147334921  91.5  -22  0
-36.1637147334921  95.75  -22  0
-33.406586176980099  19.25  -22  0
-33.406586176980099  23.5  -22  0
-33.406586176980099  27.75  -22  0
-33.406586176980099  32  -22  0
-33.406586176980099  36.25  -22  0
-33.406586176980099  40.5  -22  0
-33.406586176980099  44.75  -22  0
-33.406586176980099  49  -22  0
-33.406586176980099  53.25  -22  0
-33.406586176980099  57.5  -22  0
-33.406586176980099  61.75  -22  0
-33.406586176980099  66  -22  0
-33.406586176980099  70.25  -22  0
-33.406586176980099  74.5  -22  0
-33.406586176980099  78.75  -22  0
-33.406586176980099  83  -22  0
-33.406586176980099  87.25  -22  0
-33.406586176980099  91.5  -22  0
-33.406586176980099  95.75  -22  0
-3  89.686551046797604  -39.887341350358305  0
-7.9834473696644466  79.739698763383572  -39.195211035224695  0
-12.808502138112431  80.42899429889583  -37.893828956414154  0
-17.387883607600642  81.419868903495569  -36.023069048160437  0
-23.641094375869823  83.409821968355715  -32.266060446097505  0
-29.000000000000004  76.438516347204484  -27.549954627911806  0
-29.000000000000004  66.969258173602242  -27.549954627911806  0
-29.000000000000004  57.500000000000007  -27.549954627911806  0
-29.000000000000004  48.030741826397772  -27.549954627911806  0
-29.000000000000004  38.561483652795538  -27.549954627911806  0
-23.641094375869827  31.590178031644278  -32.266060446097498  0
-17.38788360760066  33.580131096504424  -36.02306904816043  0
-12.808502138112436  34.57100570110417  -37.893828956414147  0
-7.9834473696644608  35.260301236616428  -39.195211035224695  0
-3  25.313448953202403  -39.887341350358305  0
-28.854281583029714  15  -27.702534799675504  0
-23.341807844014362  15  -32.483226541910973  0
-17.052600724292077  15  -36.182990596934815  0
-10.195942946979793  15  -38.678711811821408  0
-22.5  52.015172442698599  -37.5  0
-16  50.643965553373221  -39.875  0
-16  49.272758664047849  -42.25  0
-16  47.901551774722471  -44.625  0
-20.333333333333336  46.530344885397099  -47  0
-24.666666666666671  46.530344885397099  -47  0
-29.000000000000004  49.272758664047849  -51.75  0
-16  47.444482811614016  -48.583333333333336  0
-16  48.358620737830933  -50.166666666666664  0
-16  49.272758664047849  -51.75  0
-16  50.186896590264766  -53.333333333333329  0
-16  51.101034516481683  -54.916666666666664  0
-20.333333333333336  52.015172442698599  -56.5  0
-24.666666666666671  52.015172442698599  -56.5  0
-29.000000000000004  57.5  -56.5  0
-16  54.7575862213493  -56.5  0
-16  57.5  -56.5  0
-16  60.242413778650707  -56.5  0
-20.333333333333336  62.984827557301408  -56.5  0
-24.666666666666671  62.984827557301408  -56.5  0
-29.000000000000004  65.727241335952144  -51.75  0
-16  63.898965483518317  -54.916666666666664  0
-16  64.813103409735234  -53.333333333333336  0
-16  65.727241335952144  -51.75  0
-16  66.641379262169053  -50.166666666666664  0
-16  67.555517188385977  -48.583333333333336  0
-20.333333333333336  68.469655114602887  -47  0
-24.666666666666671  68.469655114602887  -47  0
-16  67.555517188385977  -45.416666666666664  0
-16  66.641379262169067  -43.833333333333336  0
-16  65.727241335952144  -42.25  0
-16  64.813103409735234  -40.666666666666664  0
-16  63.898965483518325  -39.083333333333336  0
-20.333333333333336  62.984827557301408  -37.5  0
-24.666666666666671  62.984827557301408  -37.5  0
-16  60.242413778650707  -37.5  0
-16  57.5  -37.5  0
-16  54.7575862213493  -37.5  0
20.333333333333336  62.984827557301408  -37.5  0
24.666666666666671  62.984827557301408  -37.5  0
16  67.555517188385977  -45.416666666666664  0
16  66.641379262169067  -43.833333333333336  0
16  65.727241335952144  -42.25  0
16  64.813103409735234  -40.666666666666664  0
16  63.898965483518325  -39.083333333333336  0
20.333333333333336  68.469655114602887  -47  0
24.666666666666671  68.469655114602887  -47  0
29.000000000000004  65.727241335952144  -51.75  0
16  64.356034446626779  -54.125  0
16  65.727241335952144  -51.75  0
16  67.098448225277522  -49.375  0
22.5  62.984827557301408  -56.5  0
29.000000000000004  57.5  -56.5  0
16  54.7575862213493  -56.5  0
16  57.5  -56.5  0
16  60.242413778650707  -56.5  0
22.5  52.015172442698599  -56.5  0
29.000000000000004  49.272758664047849  -51.75  0
16  47.901551774722478  -49.375  0
16  49.272758664047849  -51.75  0
16  50.643965553373228  -54.125  0
22.5  46.530344885397099  -47  0
16  50.643965553373221  -39.875  0
16  49.272758664047849  -42.25  0
16  47.901551774722471  -44.625  0
22.5  52.015172442698599  -37.5  0
16  60.242413778650707  -37.5  0
16  57.5  -37.5  0
16  54.7575862213493  -37.5  0
-3  0  -49.995100049524268  0
-3  0  -39.990200099048536  0
-3  15  -49.943670675179149  0
-3  40.782879103600408  -49.621774816154563  0
-3  38.204888505002614  -44.754558083256434  0
-3  70.063836363931699  -56.907068982314975  0
-3  68.079793254908495  -59.002831944311843  0
-3  65.751549406479882  -60.70809732940431  0
-3  63.15485140790679  -61.967386396912943  0
-3  60.374179678568552  -62.739729704645619  0
-3  57.500000000000007  -63  0
-3  54.625820321431455  -62.739729704645619  0
-3  51.845148592093224  -61.96738639691295  0
-3  49.248450593520133  -60.708097329404318  0
-3  46.920206745091512  -59.002831944311851  0
-3  44.936163636068301  -56.907068982314982  0
-3  76.795111494997414  -44.754558083256441  0
-3  74.217120896399621  -49.62177481615457  0
3  75.50611619569851  -47.188166449705498  0
3  44.936163636068308  -56.907068982314982  0
3  46.920206745091505  -59.002831944311843  0
3  49.248450593520133  -60.708097329404318  0
3  51.845148592093224  -61.96738639691295  0
3  54.625820321431455  -62.739729704645619  0
3  57.500000000000007  -63  0
3  60.374179678568559  -62.739729704645619  0
3  63.15485140790679  -61.967386396912943  0
3  65.751549406479882  -60.70809732940431  0
3  68.079793254908495  -59.002831944311836  0
3  70.063836363931699  -56.907068982314982  0
3  38.2048885050026  -44.754558083256441  0
3  40.782879103600393  -49.62177481615457  0
3.00000000000002  0  -39.990200099048536  0
3.00000000000002  0  -49.995100049524268  0
29.000000000000004  78.773452409304269  -41.01947308848225  0
20.333333333333336  71.639130297801813  -54.488991549052699  0
11.666666666666668  71.639130297801813  -54.488991549052699  0
-11.666666666666668  71.639130297801813  -54.488991549052699  0
-20.333333333333336  71.639130297801813  -54.488991549052699  0
-29.000000000000004  78.773452409304269  -41.01947308848225  0
29.000000000000004  44.936163636068308  -56.907068982314982  0
29.000000000000004  46.920206745091505  -59.002831944311843  0
29.000000000000004  49.248450593520133  -60.708097329404318  0
29.000000000000004  51.845148592093224  -61.96738639691295  0
29.000000000000004  54.625820321431455  -62.739729704645619  0
29.000000000000004  57.500000000000007  -63  0
29.000000000000004  60.374179678568559  -62.739729704645619  0
29.000000000000004  63.15485140790679  -61.967386396912943  0
29.000000000000004  65.751549406479882  -60.70809732940431  0
29.000000000000004  68.079793254908495  -59.002831944311836  0
29.000000000000004  70.063836363931699  -56.907068982314982  0
20.333333333333336  43.360869702198201  -54.488991549052699  0
11.666666666666668  43.360869702198201  -54.488991549052699  0
-11.666666666666668  43.360869702198201  -54.488991549052699  0
-20.333333333333336  43.360869702198201  -54.488991549052699  0
-29.000000000000004  44.936163636068308  -56.907068982314982  0
-29.000000000000004  46.920206745091505  -59.002831944311843  0
-29.000000000000004  49.248450593520133  -60.708097329404318  0
-29.000000000000004  51.845148592093224  -61.96738639691295  0
-29.000000000000004  54.625820321431455  -62.739729704645619  0
-29.000000000000004  57.500000000000007  -63  0
-29.000000000000004  60.374179678568559  -62.739729704645619  0
-29.000000000000004  63.15485140790679  -61.967386396912943  0
-29.000000000000004  65.751549406479882  -60.70809732940431  0
-29.000000000000004  68.079793254908495  -59.002831944311836  0
-29.000000000000004  70.063836363931699  -56.907068982314982  0
29.000000000000004  36.226547590695759  -41.01947308848225  0
-29.000000000000004  36.226547590695759  -41.01947308848225  0
36.600000000000001  0  -60  0
28.199999999999999  0  -60  0
19.799999999999997  0  -60  0
11.399999999999999  0  -60  0
59.772116295183125  0  -47.604722665003955  0
59.095389311788622  0  -50.130302149885033  0
57.99038105676658  0  -52.5  0
56.490666646784675  0  -54.641814145298085  0
54.641814145298092  0  -56.490666646784668  0
52.500000000000007  0  -57.99038105676658  0
50.130302149885033  0  -59.095389311788622  0
47.604722665003962  0  -59.772116295183125  0
60  0  35  0
60  0  25  0
60  0  15  0
60  0  5  0
60  0  -5  0
60  0  -15  0
60  0  -25  0
60  0  -35  0
47.604722665003955  0  59.772116295183125  0
50.130302149885033  0  59.095389311788622  0
52.5  0  57.99038105676658  0
54.641814145298085  0  56.490666646784675  0
56.490666646784668  0  54.641814145298092  0
57.99038105676658  0  52.500000000000007  0
59.095389311788622  0  50.130302149885033  0
59.772116295183125  0  47.604722665003962  0
-35  0  60  0
-25  0  60  0
-15  0  60  0
-5  0  60  0
5  0  60  0
15  0  60  0
25  0  60  0
35  0  60  0
-59.772116295183125  0  47.604722665003955  0
-59.095389311788622  0  50.130302149885033  0
-57.99038105676658  0  52.5  0
-56.490666646784675  0  54.641814145298085  0
-54.641814145298092  0  56.490666646784668  0
-52.500000000000007  0  57.99038105676658  0
-50.130302149885033  0  59.095389311788622  0
-47.604722665003962  0  59.772116295183125  0
-60  0  -35  0
-60  0  -25  0
-60  0  -15  0
-60  0  -5  0
-60  0  5  0
-60  0  15  0
-60  0  25  0
-60  0  35  0
-47.604722665003955  0  -59.772116295183125  0
-50.130302149885033  0  -59.095389311788622  0
-52.5  0  -57.99038105676658  0
-54.641814145298085  0  -56.490666646784675  0
-56.490666646784668  0  -54.641814145298092  0
-57.99038105676658  0  -52.500000000000007  0
-59.095389311788622  0  -50.130302149885033  0
-59.772116295183125  0  -47.604722665003962  0
-13.5  0  -60  0
-24  0  -60  0
-34.5  0  -60  0
-45.962310601229404  0  38.53768939877061  0
-48.800548232517237  0  41.488723709157014  0
-49.258115881942437  0  42.281254125861338  0
-49.571110588017632  0  43.14120001321178  0
-49.730022164981683  0  44.042432350574813  0
-49.730022164981683  0  44.957567649425229  0
-49.571110588017625  0  45.858799986788256  0
-49.258115881942423  0  46.718745874138698  0
-48.800548232517215  0  47.511276290843021  0
-48.212310601229376  0  48.212310601229404  0
-47.511276290842986  0  48.800548232517237  0
-46.718745874138662  0  49.258115881942437  0
-45.85879998678822  0  49.571110588017632  0
-44.957567649425187  0  49.730022164981683  0
-44.042432350574771  0  49.730022164981683  0
-43.141200013211737  0  49.571110588017625  0
-42.281254125861302  0  49.258115881942423  0
-41.488723709156979  0  48.800548232517215  0
-38.53768939877061  0  45.962310601229404  0
-35.699451767482763  0  43.011276290842986  0
-35.241884118057563  0  42.218745874138662  0
-34.928889411982368  0  41.35879998678822  0
-34.769977835018317  0  40.457567649425187  0
-34.769977835018317  0  39.542432350574771  0
-34.928889411982375  0  38.641200013211744  0
-35.241884118057577  0  37.781254125861302  0
-35.699451767482785  0  36.988723709156979  0
-36.287689398770624  0  36.287689398770596  0
-36.988723709157014  0  35.699451767482763  0
-37.781254125861338  0  35.241884118057563  0
-38.64120001321178  0  34.928889411982368  0
-39.542432350574813  0  34.769977835018317  0
-40.457567649425229  0  34.769977835018317  0
-41.358799986788263  0  34.928889411982375  0
-42.218745874138698  0  35.241884118057577  0
-43.011276290843021  0  35.699451767482785  0
38.53768939877061  0  -45.962310601229404  0
35.699451767482792  0  -43.011276290842993  0
35.241884118057584  0  -42.218745874138669  0
34.928889411982389  0  -41.358799986788235  0
34.769977835018338  0  -40.457567649425208  0
34.769977835018338  0  -39.542432350574792  0
34.928889411982389  0  -38.641200013211765  0
35.241884118057584  0  -37.781254125861324  0
35.699451767482792  0  -36.988723709157007  0
36.287689398770624  0  -36.287689398770624  0
36.988723709157007  0  -35.699451767482792  0
37.781254125861331  0  -35.241884118057584  0
38.641200013211765  0  -34.928889411982389  0
39.542432350574792  0  -34.769977835018338  0
40.457567649425208  0  -34.769977835018338  0
41.358799986788235  0  -34.928889411982389  0
42.218745874138676  0  -35.241884118057584  0
43.011276290842993  0  -35.699451767482792  0
45.962310601229404  0  -38.53768939877061  0
48.800548232517208  0  -41.488723709157007  0
49.258115881942416  0  -42.281254125861331  0
49.571110588017611  0  -43.141200013211765  0
49.730022164981662  0  -44.042432350574792  0
49.730022164981662  0  -44.957567649425208  0
49.571110588017611  0  -45.858799986788235  0
49.258115881942416  0  -46.718745874138676  0
48.800548232517208  0  -47.511276290842993  0
48.212310601229376  0  -48.212310601229376  0
47.511276290842993  0  -48.800548232517208  0
46.718745874138669  0  -49.258115881942416  0
45.858799986788235  0  -49.571110588017611  0
44.957567649425208  0  -49.730022164981662  0
44.042432350574792  0  -49.730022164981662  0
43.141200013211765  0  -49.571110588017611  0
42.281254125861324  0  -49.258115881942416  0
41.488723709157007  0  -48.800548232517208  0
45.962310601229404  0  38.53768939877061  0
43.011276290842986  0  35.699451767482763  0
42.218745874138662  0  35.241884118057563  0
41.35879998678822  0  34.928889411982368  0
40.457567649425187  0  34.769977835018317  0
39.542432350574771  0  34.769977835018317  0
38.641200013211744  0  34.928889411982375  0
37.781254125861302  0  35.241884118057577  0
36.988723709156979  0  35.699451767482785  0
36.287689398770596  0  36.287689398770624  0
35.699451767482763  0  36.988723709157014  0
35.241884118057563  0  37.781254125861338  0
34.928889411982368  0  38.64120001321178  0
34.769977835018317  0  39.542432350574813  0
34.769977835018317  0  40.457567649425229  0
34.928889411982375  0  41.358799986788263  0
35.241884118057577  0  42.218745874138698  0
35.699451767482785  0  43.011276290843021  0
38.53768939877061  0  45.962310601229404  0
41.488723709157014  0  48.800548232517237  0
42.281254125861338  0  49.258115881942437  0
43.14120001321178  0  49.571110588017632  0
44.042432350574813  0  49.730022164981683  0
44.957567649425229  0  49.730022164981683  0
45.858799986788256  0  49.571110588017625  0
46.718745874138698  0  49.258115881942423  0
47.511276290843021  0  48.800548232517215  0
48.212310601229404  0  48.212310601229376  0
48.800548232517237  0  47.511276290842986  0
49.258115881942437  0  46.718745874138662  0
49.571110588017632  0  45.85879998678822  0
49.730022164981683  0  44.957567649425187  0
49.730022164981683  0  44.042432350574771  0
49.571110588017625  0  43.141200013211737  0
49.258115881942423  0  42.281254125861302  0
48.800548232517215  0  41.488723709156979  0
-38.53768939877061  0  -45.962310601229404  0
-41.488723709157014  0  -48.800548232517237  0
-42.281254125861338  0  -49.258115881942437  0
-43.14120001321178  0  -49.571110588017632  0
-44.042432350574813  0  -49.730022164981683  0
-44.957567649425229  0  -49.730022164981683  0
-45.858799986788256  0  -49.571110588017625  0
-46.718745874138698  0  -49.258115881942423  0
-47.511276290843021  0  -48.800548232517215  0
-48.212310601229404  0  -48.212310601229376  0
-48.800548232517237  0  -47.511276290842986  0
-49.258115881942437  0  -46.718745874138662  0
-49.571110588017632  0  -45.85879998678822  0
-49.730022164981683  0  -44.957567649425187  0
-49.730022164981683  0  -44.042432350574771  0
-49.571110588017625  0  -43.141200013211737  0
-49.258115881942423  0  -42.281254125861302  0
-48.800548232517215  0  -41.488723709156979  0
-43.011276290842986  0  -35.699451767482763  0
-42.218745874138662  0  -35.241884118057563  0
-41.35879998678822  0  -34.928889411982368  0
-40.457567649425187  0  -34.769977835018317  0
-39.542432350574771  0  -34.769977835018317  0
-38.641200013211744  0  -34.928889411982375  0
-37.781254125861302  0  -35.241884118057577  0
-36.988723709156979  0  -35.699451767482785  0
-36.287689398770596  0  -36.287689398770624  0
-35.699451767482763  0  -36.988723709157014  0
-35.241884118057563  0  -37.781254125861338  0
-34.928889411982368  0  -38.64120001321178  0
-34.769977835018317  0  -39.542432350574813  0
-34.769977835018317  0  -40.457567649425229  0
-34.928889411982375  0  -41.358799986788263  0
-35.241884118057577  0  -42.218745874138698  0
-35.699451767482785  0  -43.011276290843021  0
-36.600000000000001  15  -60  0
-28.199999999999999  15  -60  0
-19.799999999999997  15  -60  0
-11.399999999999999  15  -60  0
-59.772116295183125  15  -47.604722665003948  0
-59.09538931178863  15  -50.130302149885026  0
-57.99038105676658  15  -52.5  0
-56.490666646784675  15  -54.641814145298085  0
-54.641814145298092  15  -56.490666646784668  0
-52.500000000000007  15  -57.99038105676658  0
-50.13030214988504  15  -59.095389311788622  0
-47.604722665003955  15  -59.772116295183125  0
-60  15  35  0
-60  15  25  0
-60  15  15  0
-60  15  5  0
-60  15  -5  0
-60  15  -15  0
-60  15  -25  0
-60  15  -35  0
-47.604722665003948  15  59.772116295183125  0
-50.130302149885026  15  59.09538931178863  0
-52.5  15  57.99038105676658  0
-54.641814145298085  15  56.490666646784675  0
-56.490666646784668  15  54.641814145298092  0
-57.99038105676658  15  52.500000000000007  0
-59.095389311788622  15  50.13030214988504  0
-59.772116295183125  15  47.604722665003955  0
33.75  15  60  0
22.5  15  60  0
11.25  15  60  0
0  15  60  0
-11.25  15  60  0
-22.5  15  60  0
-33.75  15  60  0
59.772116295183125  15  47.604722665003948  0
59.09538931178863  15  50.130302149885026  0
57.99038105676658  15  52.5  0
56.490666646784675  15  54.641814145298085  0
54.641814145298092  15  56.490666646784668  0
52.500000000000007  15  57.99038105676658  0
50.13030214988504  15  59.095389311788622  0
47.604722665003955  15  59.772116295183125  0
60  15  -36  0
60  15  -27  0
60  15  -18  0
60  15  -9  0
60  15  0  0
60  15  9  0
60  15  18  0
60  15  27  0
60  15  36  0
47.604722665003948  15  -59.772116295183125  0
50.130302149885026  15  -59.09538931178863  0
52.5  15  -57.99038105676658  0
54.641814145298085  15  -56.490666646784675  0
56.490666646784668  15  -54.641814145298092  0
57.99038105676658  15  -52.500000000000007  0
59.095389311788622  15  -50.13030214988504  0
59.772116295183125  15  -47.604722665003955  0
13.5  15  -60  0
24  15  -60  0
34.5  15  -60  0
-41.488723709157014  15  -48.800548232517237  0
-42.281254125861338  15  -49.258115881942437  0
-43.14120001321178  15  -49.571110588017632  0
-44.042432350574813  15  -49.730022164981683  0
-44.957567649425229  15  -49.730022164981683  0
-45.858799986788256  15  -49.571110588017625  0
-46.718745874138698  15  -49.258115881942423  0
-47.511276290843021  15  -48.800548232517215  0
-48.212310601229404  15  -48.212310601229376  0
-48.800548232517237  15  -47.511276290842986  0
-49.258115881942437  15  -46.718745874138662  0
-49.571110588017632  15  -45.85879998678822  0
-49.730022164981683  15  -44.957567649425187  0
-49.730022164981683  15  -44.042432350574771  0
-49.571110588017625  15  -43.141200013211737  0
-49.258115881942423  15  -42.281254125861302  0
-48.800548232517215  15  -41.488723709156979  0
-37.78768939877061  15  -45.212310601229404  0
-39.28768939877061  15  -46.712310601229404  0
-43.011276290842986  15  -35.699451767482763  0
-42.218745874138662  15  -35.241884118057563  0
-41.35879998678822  15  -34.928889411982368  0
-40.457567649425187  15  -34.769977835018317  0
-39.542432350574771  15  -34.769977835018317  0
-38.641200013211744  15  -34.928889411982375  0
-37.781254125861302  15  -35.241884118057577  0
-36.988723709156979  15  -35.699451767482785  0
-36.287689398770596  15  -36.287689398770624  0
-35.699451767482763  15  -36.988723709157014  0
-35.241884118057563  15  -37.781254125861338  0
-34.928889411982368  15  -38.64120001321178  0
-34.769977835018317  15  -39.542432350574813  0
-34.769977835018317  15  -40.457567649425229  0
-34.928889411982375  15  -41.358799986788263  0
-35.241884118057577  15  -42.218745874138698  0
-35.699451767482785  15  -43.011276290843021  0
-45.962310601229404  15  -38.53768939877061  0
-48.800548232517237  15  41.488723709157014  0
-49.258115881942437  15  42.281254125861338  0
-49.571110588017632  15  43.14120001321178  0
-49.730022164981683  15  44.042432350574813  0
-49.730022164981683  15  44.957567649425229  0
-49.571110588017625  15  45.858799986788256  0
-49.258115881942423  15  46.718745874138698  0
-48.800548232517215  15  47.511276290843021  0
-48.212310601229376  15  48.212310601229404  0
-47.511276290842986  15  48.800548232517237  0
-46.718745874138662  15  49.258115881942437  0
-45.85879998678822  15  49.571110588017632  0
-44.957567649425187  15  49.730022164981683  0
-44.042432350574771  15  49.730022164981683  0
-43.141200013211737  15  49.571110588017625  0
-42.281254125861302  15  49.258115881942423  0
-41.488723709156979  15  48.800548232517215  0
-45.962310601229404  15  38.53768939877061  0
-35.699451767482763  15  43.011276290842986  0
-35.241884118057563  15  42.218745874138662  0
-34.928889411982368  15  41.35879998678822  0
-34.769977835018317  15  40.457567649425187  0
-34.769977835018317  15  39.542432350574771  0
-34.928889411982375  15  38.641200013211744  0
-35.241884118057577  15  37.781254125861302  0
-35.699451767482785  15  36.988723709156979  0
-36.287689398770624  15  36.287689398770596  0
-36.988723709157014  15  35.699451767482763  0
-37.781254125861338  15  35.241884118057563  0
-38.64120001321178  15  34.928889411982368  0
-39.542432350574813  15  34.769977835018317  0
-40.457567649425229  15  34.769977835018317  0
-41.358799986788263  15  34.928889411982375  0
-42.218745874138698  15  35.241884118057577  0
-43.011276290843021  15  35.699451767482785  0
-39.28768939877061  15  46.712310601229404  0
-37.78768939877061  15  45.212310601229404  0
35.699451767482792  15  -43.011276290842993  0
35.241884118057584  15  -42.218745874138669  0
34.928889411982389  15  -41.358799986788235  0
34.769977835018338  15  -40.457567649425208  0
34.769977835018338  15  -39.542432350574792  0
34.928889411982389  15  -38.641200013211765  0
35.241884118057584  15  -37.781254125861324  0
35.699451767482792  15  -36.988723709157007  0
36.287689398770624  15  -36.287689398770624  0
36.988723709157007  15  -35.699451767482792  0
37.781254125861331  15  -35.241884118057584  0
38.641200013211765  15  -34.928889411982389  0
39.542432350574792  15  -34.769977835018338  0
40.457567649425208  15  -34.769977835018338  0
41.358799986788235  15  -34.928889411982389  0
42.218745874138676  15  -35.241884118057584  0
43.011276290842993  15  -35.699451767482792  0
39.28768939877061  15  -46.712310601229404  0
37.78768939877061  15  -45.212310601229404  0
48.800548232517208  15  -41.488723709157007  0
49.258115881942416  15  -42.281254125861331  0
49.571110588017611  15  -43.141200013211765  0
49.730022164981662  15  -44.042432350574792  0
49.730022164981662  15  -44.957567649425208  0
49.571110588017611  15  -45.858799986788235  0
49.258115881942416  15  -46.718745874138676  0
48.800548232517208  15  -47.511276290842993  0
48.212310601229376  15  -48.212310601229376  0
47.511276290842993  15  -48.800548232517208  0
46.718745874138669  15  -49.258115881942416  0
45.858799986788235  15  -49.571110588017611  0
44.957567649425208  15  -49.730022164981662  0
44.042432350574792  15  -49.730022164981662  0
43.141200013211765  15  -49.571110588017611  0
42.281254125861324  15  -49.258115881942416  0
41.488723709157007  15  -48.800548232517208  0
43.011276290842986  15  35.699451767482763  0
42.218745874138662  15  35.241884118057563  0
41.35879998678822  15  34.928889411982368  0
40.457567649425187  15  34.769977835018317  0
39.542432350574771  15  34.769977835018317  0
38.641200013211744  15  34.928889411982375  0
37.781254125861302  15  35.241884118057577  0
36.988723709156979  15  35.699451767482785  0
36.287689398770596  15  36.287689398770624  0
35.699451767482763  15  36.988723709157014  0
35.241884118057563  15  37.781254125861338  0
34.928889411982368  15  38.64120001321178  0
34.769977835018317  15  39.542432350574813  0
34.769977835018317  15  40.457567649425229  0
34.928889411982375  15  41.358799986788263  0
35.241884118057577  15  42.218745874138698  0
35.699451767482785  15  43.011276290843021  0
45.962310601229404  15  38.53768939877061  0
41.488723709157014  15  48.800548232517237  0
42.281254125861338  15  49.258115881942437  0
43.14120001321178  15  49.571110588017632  0
44.042432350574813  15  49.730022164981683  0
44.957567649425229  15  49.730022164981683  0
45.858799986788256  15  49.571110588017625  0
46.718745874138698  15  49.258115881942423  0
47.511276290843021  15  48.800548232517215  0
48.212310601229404  15  48.212310601229376  0
48.800548232517237  15  47.511276290842986  0
49.258115881942437  15  46.718745874138662  0
49.571110588017632  15  45.85879998678822  0
49.730022164981683  15  44.957567649425187  0
49.730022164981683  15  44.042432350574771  0
49.571110588017625  15  43.141200013211737  0
49.258115881942423  15  42.281254125861302  0
48.800548232517215  15  41.488723709156979  0
37.78768939877061  15  45.212310601229404  0
39.28768939877061  15  46.712310601229404  0
45  7.5  -60  0
-45  7.5  -60  0
-40.78768939877061  3.75  -48.212310601229404  0
-40.78768939877061  7.5  -48.212310601229404  0
-40.78768939877061  11.25  -48.212310601229404  0
-48.212310601229404  5  -40.78768939877061  0
-48.212310601229404  10  -40.78768939877061  0
-43.712310601229404  3.75  -36.28768939877061  0
-43.712310601229404  7.5  -36.28768939877061  0
-43.712310601229404  11.25  -36.28768939877061  0
-36.28768939877061  3.75  -43.712310601229404  0
-36.28768939877061  7.5  -43.712310601229404  0
-36.28768939877061  11.25  -43.712310601229404  0
-48.212310601229404  3.75  40.78768939877061  0
-48.212310601229404  7.5  40.78768939877061  0
-48.212310601229404  11.25  40.78768939877061  0
-40.78768939877061  5  48.212310601229404  0
-40.78768939877061  10  48.212310601229404  0
-36.28768939877061  3.75  43.712310601229404  0
-36.28768939877061  7.5  43.712310601229404  0
-36.28768939877061  11.25  43.712310601229404  0
-43.712310601229404  5  36.28768939877061  0
-43.712310601229404  10  36.28768939877061  0
36.28768939877061  3.75  -43.712310601229404  0
36.28768939877061  7.5  -43.712310601229404  0
36.28768939877061  11.25  -43.712310601229404  0
43.712310601229404  3.75  -36.28768939877061  0
43.712310601229404  7.5  -36.28768939877061  0
43.712310601229404  11.25  -36.28768939877061  0
48.212310601229404  3.75  -40.78768939877061  0
48.212310601229404  7.5  -40.78768939877061  0
48.212310601229404  11.25  -40.78768939877061  0
40.78768939877061  3.75  -48.212310601229404  0
40.78768939877061  7.5  -48.212310601229404  0
40.78768939877061  11.25  -48.212310601229404  0
43.712310601229404  3.75  36.28768939877061  0
43.712310601229404  7.5  36.28768939877061  0
43.712310601229404  11.25  36.28768939877061  0
36.28768939877061  5  43.712310601229404  0
36.28768939877061  10  43.712310601229404  0
40.78768939877061  3.75  48.212310601229404  0
40.78768939877061  7.5  48.212310601229404  0
40.78768939877061  11.25  48.212310601229404  0
48.212310601229404  5  40.78768939877061  0
48.212310601229404  10  40.78768939877061  0
-60  7.5  -45  0
-60  7.5  45  0
60  7.5  -45  0
60  7.5  45  0
45  7.5  60  0
-45  7.5  60  0
-13.833502491980656  21.362111374870313  26.772232514386349  0
21.502716363606499  84.311806202128224  -21.112825817173043  0
1.0028009018786983  60.340462197353943  30.118310300400175  0
-14.919706682755226  82.381453465412832  26.18244788977054  0
-1.3912216478725972  81.019086269532735  30.102869087953906  0
-14.868756110930581  79.7511879566012  -26.211415770874815  0
-27.153083180642756  65.298200328848367  -13.070130021736452  0
15.926601776416376  16.331720218415274  -25.582446733169412  0
6.3401507925000056  18.962867780379892  29.460494105299077  0
-5.9998451275143108  57.193327789515557  -29.531679319771893  0
25.85815484554184  17.922238691184777  -15.474949207799694  0
29.123566603426287  81.297314580972056  -7.7418404333718893  0
7.5419047664301617  59.840483762868566  29.175981517236018  0
9.0819244647314026  80.713251173566121  -28.733897630097331  0
23.010188060046421  35.131272347529809  -19.458917504355075  0
30.081755717803876  48.135922975029281  -1.7905859192936817  0
27.417127260955962  64.10150660020949  -12.506772475604748  0
-26.008457901927162  68.494431894624782  15.220983626680756  0
28.774264158775519  60.388502043441271  8.9532087611652127  0
18.915791761555582  47.721421977307216  -23.458709406816595  0
14.172280926011696  35.45297652050423  -26.594448261887379  0
29.562749998849956  81.379319746070834  5.8448299808887523  0
-27.205909129911142  34.600717090286082  12.959812244589752  0
-14.345366159429476  38.675969417368691  -26.501484765044694  0
-23.728120943329042  31.062821589860103  18.576719341658542  0
-29.476555867712232  35.48386577537557  6.2650522086923202  0
29.983767198805253  66.244453929133982  -3.0152826679847533  0
-0.028047754040926912  19.286075675349217  30.134986947458486  0
-5.7023333425526559  61.52741583794559  29.590566392862648  0
-26.190173919536477  41.399484902080985  -14.906140179953779  0
21.374290166595298  14.162961136493507  -21.242832788359156  0
-12.25921837601957  62.846883936197642  27.528708466055299  0
3.7473457382856203  39.506084461742866  29.9010973865133  0
29.417715944845309  19.733814450635073  6.5357641931447592  0
-19.216434745857054  25.900930619440885  23.213075208989835  0
-27.870656519422187  81.638420052955553  11.460572855507298  0
13.982266672528949  59.744508436757037  26.694839270883161  0
10.803180593616178  80.42767784150756  28.132001600698707  0
18.869358376476342  29.759284254015341  -23.496074979879115  0
-25.064876540410317  84.582949330879245  -16.729321235901644  0
-28.607349403333249  52.393306404896514  -9.4730029618706428  0
-7.2101868176778598  17.376724822189843  29.259723700920087  0
23.707192452470981  60.094709741674976  -18.603420411889374  0
30.132797604166903  82.050951951583585  -0.36432615375872329  0
-30.097902854200605  67.443087995125367  -1.494813961369261  0
26.05398734658127  81.633076768465742  -15.142918092104381  0
-27.58267040839976  16.112616546857797  -12.137319232087005  0
30.040867504507872  63.386131299467365  2.3800219697729439  0
23.514943224605208  17.041781489099002  18.845839597735967  0
-23.467110531651301  18.921023929450456  -18.905368240139133  0
-29.100402517118795  35.602388234356752  -7.8284607900702445  0
15.750051494553947  81.819845325554624  -25.691518112382894  0
25.385237121678056  55.434333462048926  16.239087452076163  0
-7.305856908735703  38.990662599781182  -29.235982621233703  0
-25.852477938576573  15.759553261891124  15.484431195087943  0
-29.317627156859906  67.697030083818106  -6.971008742739591  0
16.673960701907291  38.014138058389243  25.101738177091459  0
-25.169607318402996  50.911749654309546  16.571333453810993  0
13.081020543897953  16.244747664247033  27.147838339914273  0
27.119833017427826  15.247532083527801  13.138983298064987  0
-15.883755227480304  43.772260317935981  25.609071534780263  0
18.867812781839881  66.639917503958785  -23.497316140985955  0
-29.97466282868454  85.276782785882119  -3.1044827760318792  0
-30.121665463710482  34.84169848985227  -0.89637865453861088  0
6.5428613086731913  61.417308246140664  -29.416138272986604  0
-20.81397458119126  39.562616732476449  -21.792124429103392  0
29.467081869423708  37.241383173282962  -6.3094620294189605  0
-21.03563742465963  47.09345576906977  21.578234013427974  0
21.98613694202848  36.606578941690223  20.608930281952283  0
-28.409162926983623  57.622692203065732  10.051750434033885  0
-11.525129767319809  58.867645123416921  -27.844022856736046  0
-29.756568708106901  16.897211647662843  -4.7607608341224479  0
19.177357155805002  17.988877184292456  23.245369377979227  0
-9.6487543009013184  18.209719716075178  -28.548551021739065  0
-30.039118865423141  54.232830803876297  2.4019914215043663  0
28.032460204942577  37.554480217707152  11.058905906929045  0
-28.382038192178968  83.803658828204718  -10.128086347266974  0
20.043190974094323  58.735952113285293  22.503082468319384  0
10.3693566110717  38.724139757814584  28.294781647371366  0
-30.012015188579397  14.854572371130455  2.7197737627385412  0
9.4027106153587532  18.616946523634034  -28.630530174689738  0
25.451890373226085  32.382868030060308  16.134419773554942  0
-22.712329991961749  66.611203150061925  19.805764093723717  0
-22.223275794626613  12.119974321445339  20.352990884780638  0
-7.9252335176131554  78.642120419559618  -29.074196441024839  0
29.802832522776175  42.114197618818686  4.4619949147610969  0
-20.004545724709264  83.166473385416069  22.537443851244909  0
30.125889459246299  23.47637507255461  -0.7409516106141838  0
13.203018837051356  59.25658264488365  -27.088715705778053  0
17.262242207077982  82.688524223404016  24.700874862728547  0
-29.856520000796991  52.024753972128011  -4.0873510299471958  0
-20.271121237001324  81.041743014770475  -22.297979029382795  0
27.271514205973382  41.135029714035177  -12.821183171353224  0
-9.7817123462660334  41.124540017911393  28.503268734917174  0
22.989190309960829  79.887515891852829  19.4837202272154  0
29.20198554317534  56.3573545614016  -7.4405823250722474  0
-17.77948243454923  59.972274205227009  -24.331219232902328  0
-28.489588750100594  16.780956127194443  9.8214845033804714  0
28.941451902589215  17.109867417888484  -8.3970582211935536  0
4.7741189945301086  80.273390327709492  29.754428457392134  0
-24.561392762873858  85.700407546283003  17.460132031226131  0
-18.01301123459741  64.310808141393281  24.158842092746667  0
7.5757947664122218  41.034687851645472  -29.167200048293989  0
-29.817396197256457  78.026174513210663  4.3636119231477526  0
-8.3090148232905019  83.967820508731194  28.966851704428269  0
-17.511848004477976  16.478479047765088  -24.52454697783552  0
-23.254713429164813  61.968504503779407  -19.166025365928707  0
-3.0341694420859464  39.861717858778078  29.98186186341189  0
27.242451321790508  82.443770883113132  12.882820769531556  0
-9.4908419938514648  62.924003607495102  -43.89473272231195  0
-9.5000001469416411  58.043978198866611  -53.226282014104228  0
-6.3209911166334187  59.204780890117647  -40.986995583180594  0
-6.2500096145070323  53.160739562276767  -42.501853842569147  0
-9.4999950165996871  62.287845891902727  -51.017341374017171  0
-12.74999038549338  53.160739562276767  -42.501853842569147  0
-9.5000000000344933  51.25003060384455  -47.019558811831189  0
-12.018662810350062  59.019451609922811  -40.937511500620971  0
-9.5000000000000178  55.638229081586687  -41.033735754481668  0
-9.4999157003953876  63.396240914868251  -49.072882793076737  0
-9.5000000000024691  51.770077909384867  -44.503904481899639  0
-9.4259657471284832  61.233854799878486  -41.987931730969301  0
-9.5000000003650875  51.833845982578765  -49.637650213895157  0
-9.5000000286632194  55.419304546406288  -52.893488477073191  0
-9.5000003832445223  60.565731280448411  -52.446447623550618  0
-9.5000000040347281  53.435969362780867  -51.748279159837196  0
-9.4991466951279016  63.725822657973943  -46.450789447062164  0
6.3209028851790343  59.203674355560892  -40.986681973302581  0
9.5000000000000497  51.250202395347351  -46.949701879975628  0
12.018559730659831  59.018471296048801  -40.937265887153231  0
9.4999999992909387  54.382579965979787  -52.417027998034477  0
9.5000000000000213  51.773549891717991  -44.495949449919806  0
9.499999990331915  56.483034348734634  -53.166707457318402  0
9.499999999956497  52.71239149962102  -51.01762427898614  0
9.4999999999982201  51.624742157416549  -49.131629724685233  0
9.4999984480530628  61.463976356234873  -51.832120802216238  0
9.4999848920437486  62.908164779841513  -50.132770932270944  0
6.250021599217451  53.162243805465302  -42.500403218423251  0
9.490688918617515  62.889324188490676  -43.834927363969463  0
9.5000000000000036  55.638757252901136  -41.033570964440131  0
9.4998644807309915  63.654929199956811  -48.085977229742426  0
9.4999998842275133  59.117582378072775  -53.037046235548345  0
9.4988549017830692  63.654107114674474  -45.909373748201077  0
9.4258131232038593  61.227598628740907  -41.983277119173422  0
12.749978400782567  53.162243805465302  -42.500403218423251  0
38.5  62.361521857982929  0.025213017445855728  0
38.5  52.860878622165323  -6.8172525830160904  0
38.5  57.844413755146277  8.2048550857524738  0
38.5  59.621769227071979  -3.656281860105969  0
38.5  51.390279443941992  4.9327350711941538  0
38.5  65.799892744734322  -1.0506074172127522  0
38.5  56.099394042487091  4.6676600523146865  0
38.5  49.282105562857531  0.75923893693621525  0
38.5  61.46732057729502  5.6750905290433771  0
38.5  53.455646035851899  0.74831252115142377  0
38.5  61.152886001557476  -7.4496128574026095  0
38.5  50.665448961217329  -3.2213531072856867  0
38.5  56.990973680882767  -7.5741123485093631  0
38.5  58.042940874710048  0.68840053839464532  0
38.5  54.4151778104683  7.7841385054763395  0
38.5  55.27039126884214  -3.3088099144403564  0
38.5  63.936823472494737  -4.2962433239840188  0
38.5  65.325569005878279  2.811247710787661  0
37.895268599527775  94.099196433027529  -16.406864045065159  0
37.877144164080377  44.877639808394676  -16.476187112601323  0
37.942228039754163  93.448290551066421  16.225779777612811  0
39.429655898945157  77.126292327573012  8.5918240638133661  0
39.168581171184215  94.808463635385493  10.363068584022049  0
39.259775801127674  21.671051189882132  9.7816774629308494  0
38.107182146948922  25.886297037671454  15.571883684121683  0
37.465500295648148  53.60623435156851  17.973905330071837  0
39.97661967280979  89.37214952617127  -1.7432429248465946  0
39.767775196696988  32.779198601581022  -5.4895624661827656  0
37.764778590048515  21.076558985242976  -16.89918839891978  0
37.456478902393826  59.283200453791665  18.005228216127641  0
38.816872861050598  88.231390238774949  12.345312399307959  0
39.803112501371629  84.282539488049423  -5.0553546002799203  0
39.884204503455209  20.650194661292012  -3.8781446535426469  0
39.014041573277325  32.985995724865077  -11.278407753522703  0
38.923378049232049  76.74843414420377  -11.781414973378876  0
39.616757081983764  78.7229545480171  -7.0480283915361994  0
37.78770457725544  82.887715517837307  -16.813808429957003  0
37.609825719439229  80.248712626269651  17.464527573955404  0
37.743507644153134  38.100403067885672  -16.977993064791093  0
37.535372768883065  68.432932156765247  -17.729273889723615  0
39.609757768888016  39.05117284848118  -7.1119055846948145  0
39.900247336027206  78.924419920924933  3.5997077273709022  0
38.654055118044425  49.836326329120126  -13.159075462545246  0
38.412979728196738  26.514675713021894  -14.275643662942404  0
39.999217752522256  33.96469895267925  -0.31889114160861115  0
38.810454330964355  39.669384367071494  -12.37844570517276  0
37.966346272730384  20.251088929063101  16.13193221727068  0
39.162569172539079  94.204999583529741  -10.40022678498581  0
37.687417027056952  86.666978954275336  17.183938619415908  0
38.37219482134801  71.711137884984907  -14.455619098645004  0
37.886267183681788  43.340561222214916  16.44133205377809  0
37.538993452207826  61.576286828948682  -17.716497904063978  0
37.335230421822232  47.845944829402789  18.420614763311534  0
39.18215636888992  29.049358616813542  10.278657686651723  0
39.015330987197913  83.260653073170701  -11.271086841981846  0
38.039027978216168  69.339109400070157  15.845534120429042  0
37.474111702291509  73.835073871341322  17.943950707957431  0
39.518817016132658  26.564908791414037  -7.8944443020893491  0
39.8783632577546  94.388908164584322  -3.9746674068199117  0
37.702495806456177  76.615640712063538  -17.1288359102813  0
37.745852102107136  31.460469777397048  16.969326562374274  0
39.929588527518504  20.647004108612769  3.0246543020877463  0
39.985144228278727  26.907438320089359  -1.38961492141244  0
38.510912223185947  76.375106278662557  13.833438783569784  0
38.740479441392601  34.664640009716685  12.733863537097001  0
39.93692504054269  94.358347210417364  2.8628248774488472  0
39.494198981349655  36.994390094064919  8.0931018623318103  0
39.901259558900833  88.160544629660251  3.5814114072785892  0
37.313868617885191  65.436804874416936  18.492749332453165  0
39.542878867908314  90.431101473227685  7.6952444693144484  0
39.571830614904741  83.616209321648711  7.4484019118232494  0
37.676451557451294  37.816736508780302  17.223890970581092  0
37.556897822462368  51.983593427220313  -17.653173505916719  0
39.833903109211931  26.820646338905981  4.6438139094198672  0
39.113726858354298  20.523306543612463  -10.697197218539923  0
37.756473053219011  31.684619451630368  -16.930005608994726  0
39.817455041270421  32.944721940066543  4.8680100629403578  0
39.994379775206639  83.769970063365278  0.85475004311808234  0
38.773206061429768  82.037618522035103  12.568937450970957  0
39.465799897367702  88.958987479529185  -8.3162878493078036  0
38.25376205419105  88.630212483133064  -14.965346170128443  0
38.570541105262727  64.415427471677049  -13.556780723464533  0
39.623665186193477  43.228557334905148  6.984403904612539  0
39.000998602138353  66.687506760913649  11.352188244082594  0
38.921326668267895  71.991832835916512  11.792539886241009  0
39.678022015433967  72.794152006444577  -6.4616923612191739  0
39.184338743581378  69.395841335433971  -10.265021190879068  0
38.232425094885208  56.940347635439984  -15.055245485203118  0
39.294675042261375  44.882641741825061  -9.5495948191538513  0
39.065845972902181  46.770221844197415  10.980317835854065  0
39.951696094477711  40.977305054671788  -2.5054289953235029  0
39.943599649746687  40.036932500791671  2.7071875689398004  0
38.474730143550374  58.869083650213803  13.998522536448638  0
39.908193007587329  73.334922880632178  3.4534736845372658  0
38.528235791396746  53.85787535958049  13.753663411349706  0
39.983581447236048  73.459601333913184  -1.4608703879666707  0
38.865666956846518  40.933219382863577  12.090350869894753  0
38.326557492941717  63.570298470188931  14.654252491790524  0
39.560905938280982  70.898539062645327  7.5425078341647778  0
38.353259589868813  49.10765397537206  14.538380217159599  0
39.971859531469619  78.937832623775108  -1.9124510511332447  0
31.880659907233817  100  14.664702564719702  0
-31.960937412544265  100  -14.491729251551062  0
-31.880659907233877  100  14.664702564719702  0
31.960937412544208  100  -14.491729251551069  0
11.252418231815176  90.324150406796889  -38.384672513078883  0
18.69863755124792  24.148669463016109  -35.360443347433602  0
19.071116991596448  91.027025537214669  -35.160951305288101  0
11.02201735721944  24.847666685585075  -38.451464645409196  0
25.845557736770452  22.757357785069544  -30.528792070359827  0
26.193271458256831  92.370858404236785  -30.230986261021457  0
-23.481605633505037  67.035204873036662  32.382313025362237  0
-0.39674439845141007  82.386134277796771  39.998032375134372  0
27.053120143758594  85.337300835737338  29.46402366424795  0
20.738547285072855  59.645543026160688  34.20398597392996  0
15.254548444719331  43.783304426969863  36.977003011976393  0
-14.723784284079176  65.881503840716945  37.191533665014454  0
-11.621745279304637  48.919242226633529  38.274469776379142  0
10.617901546523045  30.430541696250636  38.565012209881942  0
12.476363461450195  57.749500767447906  38.004478088480447  0
1.1719396923306258  31.774132630480565  39.982828281120135  0
13.948658884770319  72.00407829463991  37.48913062897455  0
18.273131464011506  86.470948665838478  35.582195920136137  0
-26.817101812596146  34.96256934216354  29.679000157903776  0
4.4348052091216577  65.820940150634613  39.753396116019417  0
6.4129585907153155  46.582146631705434  39.482577956787097  0
-20.56149262896546  49.375505344855782  34.310712916944745  0
-19.237962549235014  83.074022018560768  35.069941502007545  0
-9.9394872969241117  82.377008478791453  38.745407370090767  0
8.7464527711479629  83.903114138148268  39.032032536393466  0
-28.014551855786252  54.624800622286386  28.551442771241227  0
-8.389771398189124  32.45188606092141  39.11025103327934  0
-18.119079481818012  32.244120206426771  35.660888361502742  0
21.960755696693781  74.341958798503484  33.432397599187105  0
19.579731633944906  29.805531140699458  34.880282526704065  0
-5.2196527796446794  65.773618735081655  39.657978073269796  0
22.45426678738232  44.474910314152183  33.102959128166461  0
-2.2276149739857876  49.250812146895626  39.937923475409612  0
-27.564082036323001  80.649164721983226  28.986572434402376  0
27.962431689587017  69.664062032192149  28.602489646972685  0
28.337900840749938  40.866709282638574  28.230539774149271  0
26.969792793903057  28.311169128166977  29.540316123121208  0
27.687558136159616  55.267271088182106  28.868652972675765  0
-39.700305312218944  36.530154093246679  6.2346204780780186  0
-38.520136208986983  57.099359061442726  13.79102229683353  0
-39.896500409798193  39.247628119885299  -3.6666380460959371  0
-39.883500883211781  49.37863224508984  3.8898988596457125  0
-39.854829414898617  67.065886317830717  -4.3417855272244781  0
-39.567589865199963  53.012667961768024  -7.4850744150837674  0
-39.868441860370226  62.039819542971401  4.1334308519417924  0
-39.172992471607287  76.804263413004037  -10.335716580820536  0
-38.368663706460403  42.262940312196527  14.471090493032888  0
-39.998631479337917  26.527128213555951  0.42178882540668372  0
-38.951538549505976  86.573177962488856  11.627584321391485  0
-38.614047521540883  72.293771830186458  13.351140697601696  0
-38.72090530428396  26.770708739962274  12.831454601973029  0
-39.088476479668486  28.105670960201209  -10.847450507607432  0
-39.928454096114436  76.018779241473709  3.0489094261353804  0
-39.030302335038172  88.213623048694302  -11.185722278137414  0
-39.99954169434433  87.228609127467934  -0.24408917470586264  0
-38.707044958563138  41.989455619752341  -12.900093900729074  0
-38.66242429509964  63.103484626668383  -13.118526322370178  0
-19.071116991654016  23.972974462769216  -35.16095130525688  0
-19.071116991653984  91.027025537230941  -35.160951305256901  0
-11.252418231836259  24.675849593214654  -38.384672513072701  0
-11.252418231836156  90.324150406785378  -38.384672513072729  0
-26.193271458391845  92.370858404272838  -30.230986260904476  0
-26.19327145839187  22.629141595727038  -30.230986260904452  0
-21.686942944266857  48.931587507061657  -42.840925777977198  0
-19.147457574450495  50.269977403984889  -53.477233523830826  0
-18.359730352557587  48.453571000400295  -50.331125345628841  0
-22.692947625197561  48.845354687426855  -51.009714597135506  0
-20.872302464810616  57.501825008752448  -56.5  0
-18.359730352557587  64.908053672304604  -53.168874654371166  0
-22.692947625197561  65.299837359331164  -52.490285402864501  0
-19.147457574450495  66.724460075889198  -50.022766476169181  0
-17.294842561341703  67.068387673148933  -44.572933596409705  0
-19.414156542541448  65.551018395835456  -41.944772914258692  0
-21.686942944266857  58.182354686302993  -37.5  0
-16  59.133383096145153  -54.429520702901982  0
-16  51.774174511571381  -52.415002928496214  0
-16  50.083453659177025  -48.932867415542304  0
-16  49.288353836104214  -46.626773138572304  0
-16  61.343479775425401  -54.299258758080057  0
-16  65.066439044502289  -44.737807892409336  0
-16  62.889415472157886  -52.456804868958578  0
-16  50.467229646412342  -44.341145154327634  0
-16  53.588874245887666  -53.97292373327678  0
-16  65.066634382982983  -49.265149195724355  0
-16  65.597486854060946  -47.002064191129513  0
-16  55.852692124252769  -54.375594091300819  0
-16  59.147308031039749  -39.624405998063047  0
-16  61.411125954543593  -40.027076382055498  0
-16  51.74308452650822  -42.248964301791425  0
-16  53.529414776020907  -40.212548507415114  0
-16  63.225825801153583  -41.58499725143524  0
-16  55.845245329352274  -39.655348324359821  0
19.414156539893913  65.903464278201625  -42.555227089435412  0
17.294842558333738  64.386095001178504  -39.927066407787294  0
20.639774999903384  66.119016332772603  -51.071425800371877  0
19.715420741391942  58.284509616200545  -56.5  0
19.715420741391942  48.880503855947595  -51.070594742857125  0
21.570164872908428  49.272107154291263  -42.251128447999989  0
21.68694294426686  58.18234231397242  -37.5  0
16  63.249091760855642  -51.752406617754993  0
16  56.259718449537971  -39.643491332431893  0
16  53.582364010295066  -53.788042591135536  0
16  51.755418151475105  -51.752493122980027  0
16  62.881994094097379  -41.545104862037441  0
16  64.532038972959413  -49.658951093272577  0
16  61.416905151382096  -53.788833398149187  0
16  58.714220547235442  -39.581117683155924  0
16  61.282625235253548  -39.703363282895964  0
16  56.26499991569375  -54.346005032877493  0
16  65.711554890108715  -47.37324227521249  0
16  50.504362761745277  -49.66016762170679  0
16  58.73460632622281  -54.345942026847624  0
16  49.539797738786355  -47.381057312800607  0
16  53.582420707950504  -40.204096579788782  0
16  64.916539109245633  -45.0671347583501  0
16  50.667946175099914  -43.951882982228149  0
16  51.776525796584096  -42.191938926572909  0
-3  64.855031877155398  -39.529022591891696  0
-3  61.027381581356885  -39.372498458179429  0
-3  50.033977693940116  -50.7949014702196  0
-3  49.177204248611098  -40.010716563871519  0
-3  48.896793100246398  -46.35073130457873  0
-3  55.67213637944544  -39.72180539224464  0
-3  60.305266209522472  -53.434977618109535  0
-3  68.96613873475647  -50.599116779783863  0
-3  53.43654551541114  -53.921742695816747  0
-3  51.495132933531238  -41.996580409884039  0
-3  44.299536128797463  -39.899928526837243  0
-3  60.17424732692772  -55.288549438571025  0
-3  70.40855815463506  -45.611290309821804  0
-3  62.527398629963265  -53.437285857696395  0
-3  55.578760396972378  -55.309041641768033  0
-3  65.58561092065888  -45.099777854854892  0
-3  51.649457222662491  -52.411278484572215  0
-3  64.698541859175407  -51.025333474068667  0
-3  63.579301229187955  -57.749210298203799  0
-3  53.890635906465896  -40.407351352460886  0
-3  54.978174595603569  -37.091964142643135  0
-3  69.195326426472761  -36.112730278381015  0
-3  58.320582441584627  -59.072410921647844  0
-3  50.596573625435255  -44.339104806236058  0
-3  67.076441714543606  -54.746872402284176  0
-3  57.740428558678637  -39.130626445590437  0
-3  51.916344869526888  -39.104628891205813  0
-3  60.047808093834185  -35.272795005504349  0
-3  65.772120832666147  -48.084427437366678  0
-3  48.151682427753862  -43.034740413145897  0
-3  52.195391080181281  -57.993803852818147  0
-3  50.056330306236205  -36.013875050349121  0
-3  49.945976913971656  -48.56079429810643  0
-3  51.415172798591776  -54.712191593417415  0
-3  46.549510367892346  -49.99522988799373  0
-3  64.194531445442223  -42.748812980267843  0
-3  73.583336365079305  -39.637316883282594  0
-3  48.377108816710148  -54.538457428801145  0
-3  64.35571432143567  -36.056117892626375  0
-3  44.477985201911373  -45.609605731000663  0
-3  57.758785035487328  -54.870423547555454  0
-3  67.967401272394653  -41.458817449150921  0
-3  62.412022563164214  -41.40958670661955  0
3  53.559749291784826  -36.353039404104734  0
3  68.920601365274706  -49.176807530252852  0
3  58.199198585444293  -38.174788575825438  0
3  48.600388048118099  -46.928850993545595  0
3  59.629379267828796  -58.6421994838731  0
3  70.171638525068502  -38.101234956032229  0
3  51.137270780975811  -40.995823911924752  0
3  62.894680040393261  -39.766044733888414  0
3  52.823206147648058  -52.824013796678386  0
3  54.995268824631609  -59.192977356076923  0
3  50.330161558017338  -45.550397724735326  0
3  74.079203539569036  -37.699815816108099  0
3  61.316672630462058  -54.702666216024461  0
3  48.14281757409293  -54.487282356307475  0
3  46.53437496879878  -50.063403025103838  0
3  71.77597820690751  -42.813476342500614  0
3  66.552868322502647  -45.54921415730832  0
3  49.908484639306607  -50.800784844276478  0
3  56.655031040347637  -55.239784484045707  0
3  65.128548123995472  -48.352966663628763  0
3  65.919016294583301  -40.227928375287213  0
3  44.892359914289493  -38.765868756560415  0
3  64.804268141637777  -43.517293833057984  0
3  51.373164303878347  -54.478875155221807  0
3  67.843731304550843  -42.045003603225858  0
3  49.876663979513907  -48.673960477788562  0
3  66.423515174346136  -35.799629395781118  0
3  53.789327547160198  -54.973441290454566  0
3  48.053038643910135  -42.749123134335107  0
3  58.886252497792285  -54.640363383644917  0
3  48.536884447015801  -44.870122946566532  0
3  63.93478514306527  -54.146255506342669  0
3  62.364243412463694  -52.535694394928754  0
3  50.635783798953916  -43.702005592471664  0
3  45.082588164104486  -45.3976183871969  0
3  64.166024466099387  -57.687629280109768  0
3  54.644517245710894  -40.189178959469402  0
3  51.177791364171497  -52.289218163701761  0
3  64.527883417834403  -51.147881234836348  0
3  50.907281495409315  -57.827401101418729  0
3  67.329587384877428  -54.654576677125917  0
3  62.06804954640257  -36.692661750141511  0
3  60.333539165258131  -39.703369105244285  0
3  63.388387808004481  -42.099820677542652  0
14.603297393784167  77.020911905900675  -44.328249492821087  0
-13.154390726132068  76.832462363842367  -44.684040070533825  0
21.372420065112635  65.590130456741463  -60.803977296160127  0
10.422946352400729  57.488656239787041  -62.9999959787215  0
10.388679315298631  67.94192599519441  -59.122960921774975  0
10.460811083000841  51.864017101919309  -61.974501553392088  0
10.388592150935597  63.09773490149945  -61.988841315209626  0
10.619897289824586  46.976915166383499  -59.052580038502562  0
21.608447470865677  49.31367399616024  -60.747147579001869  0
21.575409998212326  54.631632434816552  -62.740789926525409  0
20.293470710479554  69.40336902857544  -57.691576393102693  0
21.60398303188316  45.209655418622631  -57.244385294931462  0
21.536895797461177  60.337364799481712  -62.7464078759145  0
-19.757208001776863  55.654537529956144  -62.893214535507276  0
-20.809973644857113  64.000642961887507  -61.619905645456896  0
-23.654638492942116  51.451774878357114  -61.812797604704116  0
-13.043944417466466  50.783186676477236  -61.521860031585042  0
-11.535210111145613  60.289979742030795  -62.754872676066213  0
-8.8887874099307815  55.067812000471164  -62.814058983542083  0
-21.497067639381672  68.071376201864666  -59.010245842556657  0
-10.881712906480278  46.245380258206843  -58.372490249177609  0
-11.690557440716017  69.441154127037834  -57.649358577601163  0
-22.130104624860895  47.276112630239254  -59.307401311830489  0
-10.647201088177948  65.732678041753388  -60.719439210872714  0
-23.183205213990068  60.206145892827948  -62.769488717353219  0
13.155220492351077  38.168433597576573  -44.68573163543428  0
-13.155164908238522  38.167998760658286  -44.684910668311304  0
41.734965613886722  0  51.24760254268736  0
38.40988180104376  0  33.955610888448625  0
42.663463306020695  0  54.693061744810429  0
51.338479033737471  0  -43.889342393389519  0
-53.127329418440631  0  -32.552537629197595  0
23.877089102885691  0  27.84437037601317  0
-50.284866582816143  0  -48.32725664486798  0
-41.44434341322934  0  -26.819647001902784  0
43.033214783461688  0  -54.684433569020904  0
-50.484939215445159  0  -46.074936989081976  0
40.476331033947922  0  -14.306603744945534  0
-33.099106048527318  0  39.725452261648783  0
-52.754096459131489  0  30.259244830973376  0
43.830209700848791  0  51.079323024269286  0
-36.284048164655204  0  53.621974501748454  0
56.075477368091107  0  45.91186727535684  0
-39.946900294900892  0  -33.455416634356965  0
45.982638134868452  0  29.867095257409996  0
-30.736314193375893  0  -40.30184455360407  0
34.350164175351907  0  46.47395791870305  0
30.324012406296507  0  30.563495354292431  0
46.389305661072299  0  51.484525093335129  0
-34.623115583221818  0  -36.020465282922835  0
38.467685980774654  0  -50.205935253941888  0
-36.430609786115291  0  -34.060505609915694  0
-40.350245112787661  0  30.154445092177465  0
23.738947817935944  0  -40.227896128364478  0
44.248447777902193  0  34.840630314465372  0
-41.63270889839302  0  -51.328548547344013  0
30.757296908517773  0  -22.764917352532514  0
-34.539437757586455  0  -42.341270739640571  0
-54.96271618381283  0  -42.55128419968927  0
30.553558591184299  0  -43.327957349780583  0
33.794842357580073  0  -41.955748420812483  0
-11.310074556531434  0  40.11666243018945  0
52.126997189259463  0  -53.187301787198031  0
43.478097603739229  0  -33.370689775543163  0
44.991015441175342  0  -51.100664682898639  0
33.720812273841922  0  37.358568360838518  0
33.590179054163087  0  42.295817935192289  0
-38.676607886385213  0  -31.652220472996405  0
50.490267533357816  0  -41.808683455697022  0
41.191023692991209  0  -30.853180729264096  0
36.345624317425887  0  34.039198289804915  0
38.009671790074528  0  -33.481100314248337  0
-42.289798782857424  0  -55.084786888172189  0
-51.560090608185426  0  46.232001720938889  0
32.037022037995477  0  -36.152928700968836  0
34.686323249779512  0  -35.351478421734988  0
-49.464703448603885  0  20.03175582289267  0
42.525047346407177  0  32.057058541620123  0
51.095165477697186  0  -49.465290309380087  0
6.4795540330318069  0  37.035259562263427  0
53.213119910357037  0  44.661227136314785  0
-46.2684346947674  0  50.525612898729783  0
-51.004589570142556  0  43.349319832073164  0
31.346820082400239  0  35.602193565165457  0
-34.407132083058642  0  -29.788769267760756  0
-38.502076075104078  0  -34.032434563655706  0
56.106962510185916  0  -51.288461360573159  0
39.126597375871853  0  8.0100968660555605  0
40.308116154602942  0  49.956696605692102  0
-48.210700256947618  0  -50.551268967925438  0
-56.167947383031283  0  -51.416102083581919  0
-44.219411852131451  0  -33.804308647334636  0
-46.648935376328815  0  -2.4133037174017322  0
-49.757368920758587  0  -54.697589622781287  0
-41.449703120948435  0  25.567294994778848  0
-31.407554116851394  0  -51.949736735715028  0
-37.868292963120616  0  -52.893547038613697  0
51.030550380142103  0  45.356275776534623  0
-44.581971070492727  0  52.030620361739153  0
-28.120516696809197  0  46.414500616977257  0
32.711618704707007  0  -47.475961537158803  0
34.622067027140325  0  43.628415316850315  0
-43.745302265022616  0  34.33398074975711  0
-32.000897251190409  0  32.90462372809781  0
40.112375213122405  0  32.811680741901185  0
-34.348109494630485  0  -46.080800124288409  0
49.802989184176191  0  -39.1772990476559  0
50.048505438588009  0  -24.40783574014019  0
16.344690318070775  0  33.737277471964887  0
55.918851667412667  0  49.550175649036731  0
34.277334785458756  0  -43.942187672880529  0
48.767894702087311  0  20.445152749360123  0
-53.724956144879009  0  53.397024194381714  0
14.481448935448539  0  -48.028362356683679  0
48.22284289368347  0  -35.459865926532828  0
38.143767111204426  0  52.919444433851922  0
40.751941233518686  0  -25.352804063866824  0
-51.63119220141035  0  40.919250976433617  0
53.467437730020656  0  53.650202258898666  0
-39.023769600537577  0  48.877629979792637  0
-23.945005887180635  0  40.376854858230132  0
-52.830838765352581  0  -46.418902062399475  0
52.413390289198752  0  36.627403143634702  0
-35.160244937919977  0  34.198481294704692  0
-1.9140268077881195  0  35.484373755583661  0
-54.688360738932396  0  42.287770601441011  0
1.046319496778463  0  46.639964489730339  0
-40.827676517020038  0  49.558628225289922  0
-32.282397373130536  0  47.76268704410829  0
-52.401003386184293  0  37.157203625587805  0
41.369704899112996  0  -33.686926400154654  0
-41.13971131963477  0  -33.720533698987026  0
38.079889559685157  0  31.858874601801219  0
-49.257001901694814  0  -36.747748664911882  0
-41.853782587913187  0  33.279597401422507  0
40.770122483060156  0  -51.935885138450942  0
-22.609111066727685  0  -50.371721467629527  0
-33.579518223687586  0  -38.280414707222732  0
57.218353276214586  0  -48.135519791531458  0
-53.396340981167803  0  -49.816832802122285  0
33.797891980916859  0  -52.915044074092314  0
46.29368269771993  0  -33.047792588638309  0
-34.026900122247326  0  35.598627009095296  0
52.399263243543338  0  30.297758606875245  0
-35.831480988811009  0  -8.5485448959073569  0
50.622234726580785  0  41.699863909821474  0
50.336187599117295  0  47.403453704910575  0
-32.906808513796747  0  -43.041366950005141  0
-45.919948485705788  0  55.841553450270681  0
-32.283279643673751  0  44.545628460757662  0
-31.469788011356403  0  35.645855941873414  0
-46.120694356090389  0  35.189085337565331  0
-50.074660283329536  0  -39.749256768101716  0
35.156798658076085  0  30.015111803596326  0
54.13888358745799  0  -40.842756873632098  0
-47.440649867760477  0  52.629399259347679  0
-42.182861479281684  0  50.895861435307729  0
-51.018884938411958  0  -51.423169891144184  0
48.71532629001706  0  49.322846672077709  0
-23.906101189249618  0  -39.597432306021631  0
-37.535069059572301  0  31.09182553070875  0
31.556254047720689  0  -31.880962950170421  0
28.017250343114739  0  -35.418438106248047  0
30.139875182155464  0  -38.985587600325907  0
14.171013465268958  0  -35.711786647377309  0
41.088849453860185  0  -49.894763424661697  0
-49.650919603647772  0  55.767372176018014  0
-56.14277980621533  0  48.360959857927774  0
40.406376486490629  0  28.431378621681176  0
37.488304408614241  0  -34.576394330154443  0
-44.032623591737945  0  -51.306065875797898  0
53.706999445274192  0  -49.081103079402226  0
-33.504162784690081  0  37.499446117922218  0
49.791139277893819  0  52.085623985398492  0
-51.193859264873154  0  -44.130493690737737  0
-39.350000388930852  0  33.231860861908956  0
12.974687519506782  0  47.230394100421165  0
33.543325590433206  0  33.237166211751465  0
-49.746282283789256  0  48.578460125329443  0
54.389572133635411  0  41.500192940847867  0
47.28646817922322  0  34.772064230466285  0
-56.608546266107119  0  -47.571171159282336  0
32.514101055553233  0  44.103899362906034  0
-48.354813975995178  0  -16.249548279675771  0
29.359206116607179  0  46.321735032453105  0
48.252851120569808  0  -56.78749556740047  0
48.453910132548856  0  56.098588344777042  0
34.239087451029093  0  -36.926325565407843  0
-34.96591224242799  0  45.819010480225323  0
-40.454137022792509  0  9.2027040012169472  0
35.936475380244246  0  -33.518116080343091  0
23.856640701071896  0  41.950174210635964  0
-29.321197121497647  0  -45.214285233518098  0
-29.993330204987707  0  38.185616185120978  0
-35.790026611270882  0  49.414135616300129  0
-20.46020477690136  0  30.68284601632427  0
38.526016777508552  0  -53.957130921367501  0
-29.057807773948511  0  26.842066257593974  0
-53.078815960939551  0  -38.052355797671233  0
-33.582647461393215  0  41.943715129934418  0
-50.132374208966723  0  51.666008810553741  0
51.105630021539497  0  -46.72924859849477  0
-48.633134661622776  0  37.608828114143215  0
35.82284436927911  0  -48.491603411181245  0
54.442775993561803  0  -30.202148487704221  0
33.482080174359446  0  -38.35262112284488  0
-35.329659594465717  0  1.0988651486355157  0
22.996624881158336  0  51.300786174053627  0
36.352492453415032  0  -2.9132454268268519  0
-14.922636095979717  0  -33.325398833773889  0
39.564591708516026  0  -32.952024667517392  0
-19.802867004544193  0  51.355904184441087  0
-46.82646189022811  0  -56.960817297406876  0
41.427372507796264  0  33.770782667185813  0
-48.009504245479555  0  49.94480526751866  0
42.752403149829149  0  34.24591272793613  0
-34.529787928993414  0  31.018948482259923  0
-51.000634494979543  0  -41.639878761688493  0
-53.426418170396488  0  -53.775661431622353  0
-30.955001031758655  0  -35.022629408206342  0
-46.184403876746337  0  -53.190356973045695  0
-49.967576801911051  0  39.961856273610735  0
-52.262632330741845  0  49.659287589348487  0
-33.740893652946887  0  -40.756124557940659  0
49.571477358771105  0  -48.13904110310348  0
22.552241754599901  0  -29.84708576761793  0
-34.667944902263258  0  43.536152978936208  0
-40.207182106820625  0  -49.927879609773392  0
30.620070181743262  0  41.825401681496025  0
-33.928601909734454  0  -19.777756905817881  0
51.883495194129942  0  49.870710537633833  0
-43.149470392156182  0  -34.944771050160107  0
-36.394790161024027  0  27.425720374057509  0
51.442156753238429  0  43.398415040229779  0
37.326991836145538  0  49.302852634730208  0
-47.298374423851044  0  -33.000359290362056  0
-39.204344630555404  0  51.208191723095695  0
-34.117305468763384  0  -33.720061555054592  0
32.931735104430139  0  -40.436342979567414  0
-42.546128872827239  0  -33.643283857918135  0
-37.130840966670213  0  33.637340407485475  0
-49.099869821722862  0  34.102335908983157  0
28.841467732013296  0  38.584322730591538  0
26.195293432572843  0  -50.280611889492995  0
49.322491509562752  0  -4.0268900882028991  0
53.087146841725968  0  47.13192763337149  0
52.686217841896891  0  -35.328824547028354  0
45.107256601257085  0  -35.385578955069576  0
-50.049829161115923  0  41.856287459077585  0
45.201690977599867  0  -29.716671403536232  0
-13.49726199893508  0  -45.536643257210478  0
35.540958064791546  0  -45.913453904030646  0
-37.193942012091938  0  -49.162172668721524  0
-45.593619726806828  0  30.354108790868001  0
32.296374702078424  0  21.891931344811777  0
-30.162564493416991  0  41.854540013873013  0
-41.169191435640165  0  54.815855849088557  0
33.546616197788104  0  40.714215669665528  0
-35.514581605139632  0  19.897936043234814  0
32.548193710888235  0  38.883941696097992  0
-49.101351524690422  0  -27.466798270492532  0
36.836931450725089  0  -30.111947063687094  0
44.546020550502412  0  33.16499406424429  0
-44.337740434390525  0  -31.088751185415642  0
-25.260082593077122  0  -27.516284846202648  0
-41.357467353612009  0  -31.737964004738359  0
34.590076499330998  0  35.907209025782414  0
25.77890710515015  0  34.706728948019638  0
49.480111030208498  0  -31.346431418834623  0
49.115568072170625  0  38.470096738486937  0
48.971052772962906  0  -50.119263577993841  0
54.586103660236517  0  -45.623569590495634  0
-27.816686442583702  0  34.096353053236221  0
31.750115288128697  0  52.325308813187974  0
42.759462324761877  0  -50.896982649614159  0
-30.312825371076432  0  52.647971626053213  0
-45.993370650644088  0  -50.590066222469289  0
46.904986119824684  0  -50.274146324707615  0
-34.758871651847777  0  -43.625985295989608  0
49.599191778374625  0  40.426921014453285  0
47.379492619311776  0  -52.706430235260143  0
51.234489569837834  0  39.731263746903586  0
35.646301038750721  15  -35.39525356222174  0
-51.638627130724707  15  43.422302445825117  0
35.604260386144659  15  -52.448613577058502  0
-36.39211627262975  15  -34.062054390326551  0
53.508477115511262  15  53.378526142062185  0
-28.254420864651458  15  45.189110852181912  0
-41.663177614671447  15  -52.2967416124811  0
-35.734103696387344  15  27.477295532415845  0
-0.1872369647685132  15  48.985477311229957  0
-44.957255082274415  15  -35.473941331739688  0
-33.510087728126415  15  34.667200058087097  0
54.998393116176707  15  -42.488963766252411  0
34.188309563196604  15  39.930257855050691  0
36.991727927705817  15  -31.912556218229351  0
-31.315381836576535  15  -34.761514020708617  0
56.309287071924196  15  -47.629247309817934  0
41.768165154433291  15  26.885403396219676  0
-48.279302970112703  15  18.892162656354142  0
-43.749980394964631  15  -54.19168065135775  0
-48.054846298959049  15  50.596313616371006  0
54.741779406259667  15  43.092603247484142  0
15.818311444134963  15  46.532211316667706  0
31.162100832059156  15  -37.50551774879991  0
15.273197118001647  15  -48.27932228644341  0
-51.421577933953216  15  -45.231454200869294  0
31.060170537014589  15  -44.524317768185334  0
-44.418698585816649  15  35.682306655548125  0
-50.272136670718645  15  37.327975785949434  0
-31.207215435386615  15  -42.23988495107119  0
42.342383469871223  15  50.713237440072675  0
56.120863696161898  15  48.542526687356066  0
-24.921334338713098  15  -38.128073785838708  0
-49.696732184579375  15  -52.212272468445079  0
-46.43314857594487  15  33.663509309734756  0
-52.620521959065023  15  49.593829692263114  0
31.599280494785074  15  44.200249717014998  0
51.285090018139783  15  42.067172919929796  0
38.909326352145023  15  -32.939459552562624  0
39.269334918859599  15  31.336987941084562  0
39.508367762154663  15  33.823532279057829  0
50.903877429202538  15  44.279510996833835  0
52.324152850673329  15  -49.718749912345835  0
-31.141796212386577  15  41.502301529401727  0
-47.578165560128802  15  -55.328303001220718  0
44.882201497794483  15  35.417221503262191  0
48.06800917140837  15  55.375280917701453  0
25.974958777887583  15  40.697229817558863  0
-49.48488764667507  15  -41.026277290668808  0
-38.708651877458401  15  -34.23816360964527  0
-43.106403739874992  15  -35.075146530264348  0
-50.668465856581676  15  51.437533368731692  0
-47.595716243528649  15  -36.49593349587812  0
41.662123522912033  15  34.477994046262872  0
46.939526051406126  15  -31.333597806172186  0
47.503811793969426  15  50.702775431423021  0
36.544268772622353  15  34.787352235422809  0
-17.198287294034564  15  46.42184695605814  0
47.988605884875824  15  34.758680200152128  0
39.944872002948635  15  51.162293892691807  0
51.736134455537126  15  46.732505901751487  0
-40.773622917240978  15  33.459144719355692  0
52.364856002303085  15  -22.871514205855785  0
52.5341848262103  15  -46.208419847040176  0
-34.237916018942016  15  -48.577946394427123  0
-38.825784965695263  15  33.566110097455208  0
-27.353396267080463  15  -43.079800635764833  0
33.652699079230871  15  -41.293871275250332  0
-41.741529716788293  15  -50.235601690442877  0
31.712442312828266  15  31.804262809239486  0
-33.799073554789452  15  -42.775003862817293  0
-33.30800572998664  15  48.05685046174402  0
-41.932959933617113  15  -28.036144125350365  0
46.318854048043796  15  -50.47581590860608  0
-53.24964076802825  15  53.624145417704668  0
-33.786550206103549  15  44.11837851493086  0
31.573785314474573  15  -39.814788056119376  0
-34.935398285802101  15  36.16212297131657  0
-34.860051319929902  15  -44.757135090951714  0
-48.508336304263032  15  -17.772604297769345  0
48.482746892894845  15  -35.879441801795636  0
-37.755462559672125  15  53.479945562099054  0
40.846542978647591  15  -33.116647457011155  0
-56.254226912212978  15  50.609441919095232  0
-36.833279055343546  15  32.225601065567275  0
-33.166709331032315  15  36.626485725642887  0
-34.653756608155923  15  -37.646172183208456  0
-20.159502452779972  15  -42.81372907040403  0
38.685803932501983  15  -50.24336592097815  0
-35.120056141564561  15  -35.729690237789839  0
34.507342530668879  15  47.237025873695508  0
37.609228181062555  15  -34.142034370569341  0
-49.61737567653428  15  54.68248017671867  0
-35.171853684632289  15  -26.035280744281557  0
48.040185140444947  15  19.350397175494738  0
36.382560832292768  15  -34.075197124538967  0
38.838401067490437  15  49.759746873192952  0
33.44453112983016  15  39.060123096717696  0
43.222831228911339  15  -31.607706537775851  0
42.552370642883055  15  -34.11501540144738  0
-15.138236155459822  15  -50.323517309716529  0
-46.247599133264337  15  28.138121144323236  0
44.654440343338408  15  -34.144415150844338  0
44.079726634486363  15  -22.220099001889384  0
-51.747868982716106  15  -47.980281657465909  0
38.652411703041935  15  -47.796471341816691  0
26.02986059492881  15  -39.820461549849135  0
34.424728516888401  15  35.200585839069312  0
-51.431080789321506  15  -29.235659805471641  0
-39.687526305010572  15  -54.741502882646593  0
37.704300745530233  15  48.153899148152128  0
-34.033034252414922  15  -36.655040512813052  0
44.449733279634067  15  -28.199900693442824  0
39.456443017666828  15  48.466719933627587  0
-51.074161060171896  15  45.255855173707197  0
-54.247661736095665  15  35.868000960666691  0
-55.390897215510641  15  -52.436957201560979  0
-37.738260481124165  15  49.247898277576674  0
-52.22057994301322  15  30.558592063797345  0
-33.700865424816605  15  -54.204875588737004  0
-50.050212693160233  15  -47.088805016149998  0
-41.135123772416719  15  50.59509211810559  0
-42.657982340403237  15  -33.247299871197242  0
35.872477152430072  15  32.439510998332942  0
33.829480401868445  15  -36.093046215090375  0
-46.669900618928132  15  -33.150063716366752  0
34.964981888855185  15  44.287793512406388  0
28.638771845302163  15  50.030413484157812  0
-50.971361185983426  15  -40.116515477635261  0
33.966057221634578  15  42.33383317905465  0
-33.538553294025292  15  40.274198592586139  0
40.240405040543372  15  -49.108154485355755  0
53.179436027908217  15  38.972258612589144  0
30.807067324668697  15  36.635667530713832  0
30.742450872223198  15  -33.249920149645803  0
-35.70007386204945  15  34.584481104259432  0
-46.033974366403086  15  53.165458975517559  0
-33.552544943291224  15  31.726096034630263  0
-55.503351426510399  15  -47.61148010268375  0
-50.681469978908751  15  -42.515851558336472  0
-54.291922384195018  15  -41.70434148978395  0
34.6854098783881  15  -33.178261704724171  0
52.707340798778979  15  -31.122893611766958  0
-31.291865816116431  15  -45.318953490489527  0
-26.244770036077856  15  -50.529207180607557  0
-47.438873890889198  15  -50.854445976532602  0
43.107535607113725  15  34.093881139681578  0
33.603289924300363  15  -38.482487186268422  0
-52.26140804024643  15  -50.731804565542852  0
28.800742658292545  15  -50.336755271736045  0
-43.88611567130868  15  51.19165168615654  0
33.805136885050011  15  40.629651138464979  0
-34.143079803718273  15  52.553264757403817  0
-33.823573543880961  15  38.543160397839387  0
50.098584286830494  15  -39.816499987353126  0
-43.265204516213892  15  -51.256905452829862  0
52.174186072476886  15  49.817628280473961  0
-51.149632483581527  15  47.057154131259168  0
-33.332214842332036  15  -38.180314110967352  0
-51.421592549458502  15  -36.382709555612799  0
-42.879725078727027  15  31.116357505850672  0
-25.93391003019909  15  38.935603547667959  0
-35.502050004453302  15  -30.480396311648402  0
55.4033852180889  15  -52.208451668147234  0
41.477033976198761  15  54.319340806633789  0
-49.81737767676146  15  48.721540724364928  0
50.135451513105707  15  -41.926256374188043  0
-30.186589939788742  15  34.174589422937181  0
-54.451087728973  15  40.582394014198343  0
44.883565859917063  15  51.450617076914583  0
40.724847969378807  15  49.483599441408117  0
50.077788191827388  15  40.602857302989442  0
-51.741360440544028  15  -54.911578604605232  0
-33.301389068648717  15  -40.571959439433328  0
-49.468013051472973  15  -49.185911166564409  0
41.586605118693086  15  -50.438308574213067  0
-40.584031508439104  15  -34.108074542026586  0
48.544129592697338  15  29.503727709603815  0
37.934346275339529  15  33.773539840566009  0
48.109521632441393  15  -27.135125728415986  0
-46.734006471095967  15  56.955126577279927  0
-31.297519650727818  15  38.354337747742058  0
40.908090485845619  15  -54.400579355848869  0
-39.88431896922642  15  -51.116810610748921  0
-41.445632148249452  15  26.402848690217276  0
34.509760115087403  15  -28.28617200586109  0
49.410817091205601  15  48.77092837355621  0
-30.248179877300625  15  -39.486837934803766  0
39.893951107485265  15  -28.775295908786003  0
-28.178883143941349  15  52.033504689739033  0
47.37701954761414  15  -52.504143190197617  0
36.395016997793455  15  51.525942813382521  0
49.771399033933811  15  37.960322065208992  0
34.052513539902179  15  -43.405472697682214  0
31.278275110750769  15  -41.782242078521435  0
-41.994357907889928  15  -34.514791756552711  0
50.381872328365858  15  -45.881906071334306  0
-50.32432203553001  15  41.294162575952406  0
51.132495067472817  15  -43.72433338449197  0
50.0313147127642  15  -47.778320989988806  0
31.589993364127142  15  40.598103410224709  0
-42.037741393382227  15  55.048619276452037  0
-34.053597846027692  15  42.086980800516272  0
53.241371268717842  15  34.044574775049902  0
50.124101342330732  15  51.619299478380604  0
44.363990658318933  15  -51.613057347203181  0
46.614729152274997  15  -55.964210499629395  0
-45.270349310885841  15  -51.529551025137856  0
50.956021431356049  15  -54.277190694480637  0
-54.622322179754576  15  46.148138433385213  0
35.119211198839821  15  -47.221703947787134  0
51.889514518299862  15  -41.130552445538896  0
-48.946943014172398  15  -38.901116390993934  0
43.239918464428342  15  31.370582605411894  0
-39.303122234062222  15  -32.355384892427701  0
53.037486634630575  15  -37.728301105481485  0
45.548607399591944  15  33.042958272869555  0
49.288150525739304  15  -11.790762503845757  0
-43.007886215261365  15  34.258786162509914  0
34.082865297224494  15  37.394222508093947  0
35.361535517587008  15  27.673140346032213  0
41.206895830422773  15  33.323687865147257  0
-39.40853789400645  15  30.721038488987862  0
48.679572182731491  15  -50.139568948867272  0
-40.482583336356555  15  -49.389008226842577  0
-45.911074258664286  15  50.57575582957675  0
33.677053120023828  15  -39.92393454218238  0
-38.526858823487579  15  -48.654191430117102  0
-37.208654970092354  15  -51.452426824643567  0
-46.578858917695541  7.6595406854297021  -49.320876020011085  0
-49.298178668449168  11.026359790770453  -46.63072322595864  0
-46.360623731345186  13.027703868465602  -49.409234087956627  0
-44.201596981872363  4.4765426017920884  -49.741512724278415  0
-42.327155768787506  10.434637343827463  -49.279251818735524  0
-47.99707418864304  12.021598225665509  -48.415733918325763  0
-49.749189544801865  7.2633387428497418  -44.59224490632544  0
-48.353277323453433  7.4382015268535815  -48.06577535306976  0
-49.749937907233992  12.675184953766331  -44.525533706894763  0
-46.068256332275702  2.4679628316359739  -49.510296605619011  0
-49.333068486570376  10.435180472854928  -42.449646614819649  0
-47.818703097138645  2.6721319347570573  -48.568010539937504  0
-49.285664968796496  3.8112585176910039  -46.658682655332711  0
-44.51809619818107  11.513895275954019  -49.74996881206085  0
-49.749576848323656  2.088246802355481  -44.566655183928439  0
-49.427697540326641  3.5412297181481271  -42.688840992331428  0
-42.073434285583325  3.7372678956968755  -49.155564287346671  0
-38.045044782843576  11.428577440779444  -35.127562201637346  0
-39.311531008544343  7.7559952426343912  -34.795337624033209  0
-35.201092403945253  10.971369187719258  -42.129080995295453  0
-40.00984282244675  2.9989578294180936  -34.750009226784634  0
-34.759108384534258  2.3313247061004794  -40.309119839125657  0
-42.203024048650668  4.1017524774660838  -35.234584483902054  0
-40.779775353023602  7.6066445160718636  -34.808232439831585  0
-36.220770620735678  10.497648995067674  -36.355836817744624  0
-35.217018392988329  7.2521044536508699  -37.835378336293317  0
-42.206620460209784  10.959493630075547  -35.23624873187277  0
-35.002375925162681  2.5694033534081577  -38.391816675062607  0
-36.030963960463666  3.5497654502696139  -36.563540642338111  0
-34.750563879406293  7.4209638314360173  -39.923055761708014  0
-40.045512361521482  12.218645022205063  -34.750197277520904  0
-35.201367256067144  3.9968014479444141  -42.129700398848549  0
-37.786790465580928  4.5287541130397342  -35.239306399613945  0
-34.758752770046847  12.602467653131935  -40.303030484454361  0
-35.013499036702804  12.221765989702142  -38.357651637734435  0
-38.53768939877061  11.251105920000001  -45.962310601229404  0
-49.279251818735524  10.434637343827463  42.327155768787506  0
-49.155564287346671  3.7372678956968755  42.073434285583325  0
-49.320876020011085  7.6595406854297012  46.578858917695541  0
-46.63072322595864  11.026359790770453  49.298178668449168  0
-42.449646614819649  10.435180472854928  49.333068486570376  0
-49.741512724278415  4.4765426017920875  44.201596981872363  0
-44.525533706894763  12.675184953766331  49.749937907233992  0
-48.568010539937504  2.6721319347570573  47.818703097138645  0
-49.409234087956627  13.027703868465604  46.360623731345186  0
-49.74996881206085  11.513895275954019  44.51809619818107  0
-48.06577535306976  7.4382015268535806  48.353277323453433  0
-46.658682655332719  3.811258517691003  49.285664968796489  0
-44.566655183928439  2.088246802355481  49.749576848323656  0
-49.510296605619011  2.4679628316359734  46.068256332275702  0
-42.688840992331428  3.5412297181481271  49.427697540326641  0
-44.59224490632544  7.2633387428497418  49.749189544801865  0
-48.415733918325763  12.021598225665509  47.99707418864304  0
-38.53768939877061  12.290164799999999  45.962310601229404  0
-36.434015004057116  7.4940945308187565  36.146916688065197  0
-35.179066111269577  7.677590787660586  37.921275285062784  0
-35.932246020726367  2.6953621560616119  36.68098243992236  0
-39.937016110761341  12.899687440147392  34.750377820290623  0
-35.344435524590793  3.7379608067444168  42.42656535360333  0
-37.865215743355918  11.13374579576022  35.203626768319126  0
-34.758488301593992  4.480402754752923  40.29842103724976  0
-35.090715141923148  13.034636127817317  38.139510230542086  0
-34.989712369195651  2.4753289908921121  38.431714995095227  0
-34.750031043643467  11.518134582425089  39.981945712616707  0
-41.811471486871852  11.452955961639482  35.072417321622041  0
-37.844936877716961  3.9182182531397158  35.212704005497898  0
-36.083759163228144  12.048241296501164  36.50349349944824  0
-42.049839782886309  4.5596307065055157  35.166713657924163  0
-39.97046209878976  2.3127191701795322  34.750083094715464  0
-35.220749181706488  10.435727987341808  42.172846431720622  0
-39.907449514319005  7.7124719945617812  34.750815834093792  0
35.234584483902083  4.1017524774660838  -42.203024048650676  0
34.750197277520925  12.218645022205063  -40.045512361521503  0
39.923055761708  7.4209638314360173  -34.750563879406315  0
38.391816675062593  2.5694033534081577  -35.00237592516271  0
35.236248731872799  10.959493630075547  -42.206620460209791  0
36.563540642338111  3.5497654502696143  -36.030963960463694  0
37.83537833629331  7.2521044536508699  -35.217018392988358  0
42.129700398848534  3.9968014479444141  -35.201367256067158  0
38.357651637734428  12.221765989702144  -35.013499036702832  0
34.750009226784648  2.9989578294180936  -40.009842822446764  0
40.309119839125636  2.3313247061004798  -34.759108384534272  0
40.303030484454339  12.602467653131935  -34.758752770046868  0
36.355836817744624  10.497648995067674  -36.220770620735706  0
35.239306399613952  4.5287541130397342  -37.786790465580957  0
34.808232439831606  7.6066445160718636  -40.779775353023624  0
34.79533762403323  7.7559952426343921  -39.311531008544357  0
42.129080995295439  10.971369187719258  -35.201092403945268  0
35.12756220163736  11.428577440779444  -38.045044782843597  0
45.631713515968578  7.4932732314911057  -49.626570444046784  0
49.735741354622526  4.5114403321758312  -44.113331579391954  0
49.433882198163218  12.892116801335733  -46.294242585228673  0
48.383314076161334  11.005362914078779  -48.033040020419705  0
49.749494318071534  11.510289370705671  -44.427134339125573  0
49.481784947890048  7.7279780453411346  -46.156598543092485  0
49.269058455627537  10.439410890264014  -42.304873250400448  0
47.456340078737625  2.2231532768585782  -48.838496668069439  0
48.688997150327424  3.7770915453850078  -47.664617334615471  0
42.286619638969292  10.417164159343253  -49.260614180691775  0
49.545636423038658  2.6696169525697111  -45.950535448207212  0
46.017423967533645  2.9719426809979659  -49.525925238476439  0
44.351839819331097  11.351995164321981  -49.747908970329433  0
42.047392399203773  3.7377716641111247  -49.141897883034112  0
49.14806605452852  3.7430256097725136  -42.059102224029097  0
46.396765590026789  12.05513631742746  -49.395383569904439  0
44.040745632141814  4.4967457846925711  -49.7298743221614  0
47.19537337959251  6.5881621388248206  -49.005270507370675  0
38.53768939877061  11.251105920000001  -45.962310601229404  0
40.29842103724976  4.480402754752923  34.758488301593992  0
36.146916688065197  7.4940945308187565  36.434015004057116  0
36.68098243992236  2.6953621560616119  35.932246020726367  0
35.203626768319126  11.13374579576022  37.865215743355918  0
35.166713657924163  4.5596307065055157  42.049839782886309  0
34.750083094715464  2.3127191701795322  39.97046209878976  0
38.139510230542086  13.034636127817317  35.090715141923148  0
38.431714995095227  2.4753289908921121  34.989712369195651  0
37.921275285062784  7.677590787660586  35.179066111269577  0
42.42656535360333  3.7379608067444168  35.344435524590793  0
35.072417321622041  11.452955961639482  41.811471486871852  0
35.212704005497898  3.9182182531397154  37.844936877716961  0
34.750377820290623  12.899687440147392  39.937016110761341  0
34.750815834093792  7.7124719945617812  39.907449514319005  0
39.981945712616707  11.518134582425089  34.750031043643467  0
36.50349349944824  12.048241296501164  36.083759163228144  0
42.172846431720622  10.435727987341807  35.220749181706488  0
38.53768939877061  12.290164799999999  45.962310601229404  0
47.818703097138645  2.6721319347570573  48.568010539937504  0
49.749576848323656  2.088246802355481  44.566655183928439  0
42.327155768787506  10.434637343827463  49.279251818735524  0
49.749189544801865  7.2633387428497409  44.59224490632544  0
49.333068486570376  10.435180472854928  42.449646614819649  0
47.99707418864304  12.021598225665509  48.41573391832577  0
49.285664968796496  3.811258517691003  46.658682655332711  0
44.201596981872363  4.4765426017920884  49.741512724278415  0
49.427697540326641  3.5412297181481271  42.688840992331428  0
49.298178668449168  11.026359790770453  46.63072322595864  0
46.578858917695541  7.6595406854297021  49.320876020011085  0
48.353277323453433  7.4382015268535815  48.06577535306976  0
46.360623731345186  13.027703868465602  49.409234087956627  0
49.749937907233992  12.675184953766331  44.525533706894763  0
46.068256332275702  2.4679628316359734  49.510296605619011  0
42.073434285583325  3.7372678956968755  49.155564287346671  0
44.51809619818107  11.513895275954019  49.74996881206085  0
-55.606601717798213  7.5000026886268154  -55.606601717798213  0
-50.284791770778511  7.5000006495892713  -59.038197033077708  0
-59.038197033077708  7.5000006495892713  -50.284791770778511  0
55.606601717798213  7.5000026886268154  -55.606601717798213  0
59.038197033077708  7.5000006495892713  -50.284791770778511  0
50.284791770778511  7.5000006495892713  -59.038197033077708  0
50.284791770778511  7.5000006495892713  59.038197033077708  0
55.606601717798213  7.5000026886268154  55.606601717798213  0
59.038197033077708  7.5000006495892713  50.284791770778511  0
-50.284791770778511  7.5000006495892713  59.038197033077708  0
-59.038197033077708  7.5000006495892713  50.284791770778511  0
-55.606601717798213  7.5000026886268154  55.606601717798213  0
Triangles
4774
148 1297 147  1
1282 1357 1314  1
1363 1329 1295  1
1318 193 194  1
1363 1334 1329  1
201 1358 1347  1
1344 174 173  1
192 1287 191  1
1272 1297 1359  1
152 1364 151  1
204 1270 203  1
1349 145 146  1
1310 1289 1306  1
163 1351 1299  1
1264 1288 1262  1
153 1346 1263  1
182 1339 1331  1
129 1362 128  1
206 1290 205  1
131 1324 130  1
1362 127 128  1
134 1311 1273  1
133 132 2  1
1273 132 133  1
132 1273 131  1
204 1290 1270  1
197 1319 1308  1
1352 1358 1270  1
1303 1271 140  1
1305 1271 1276  1
1307 1303 1281  1
195 1318 194  1
1368 1312 1278  1
1338 1272 1292  1
1312 1368 1354  1
1359 148 149  1
207 1267 206  1
1340 1362 1280  1
138 1305 137  1
1340 1280 1267  1
126 1340 208  1
1 126 208  1
1347 200 201  1
207 1340 1267  1
1270 1290 1274  1
1301 1367 1353  1
200 1347 1293  1
1355 1275 1326  1
1262 1367 1292  1
1271 1303 1286  1
197 1308 196  1
1364 150 151  1
1319 197 198  1
186 1314 185  1
145 1354 144  1
1296 1338 1316  1
1327 1294 1320  1
156 1360 155  1
189 1301 1260  1
164 1351 163  1
1301 189 190  1
181 1306 180  1
1360 156 1295  1
1306 1309 179  1
1329 1317 1277  1
1342 1361 1346  1
1350 1334 1304  1
1366 1325 1289  1
1365 1309 1325  1
1313 1330 1269  1
167 1333 168  1
168 1333 1313  1
168 1313 169  1
170 1313 1269  1
175 167 4  1
1322 158 159  1
1309 1306 1289  1
1344 165 166  1
1299 161 162  1
154 1360 1346  1
1282 1329 1285  1
174 1344 166  1
165 1344 1265  1
165 1265 164  1
174 166 3  1
188 1343 187  1
188 189 1260  1
1261 135 136  1
136 137 1261  1
148 1359 1297  1
1287 192 1268  1
152 153 1263  1
186 1343 1314  1
1264 149 150  1
150 1364 1264  1
172 1344 173  1
1333 1283 1313  1
1336 1322 160  1
1336 160 161  1
1280 1298 1267  1
1298 1274 1290  1
1268 192 193  1
193 1318 1268  1
1269 172 171  1
171 170 1269  1
203 1358 202  1
1321 1302 1279  1
1271 138 139  1
139 140 1271  1
1262 1359 1264  1
1338 1296 1272  1
1273 133 134  1
1311 134 135  1
1352 1355 1326  1
1290 204 205  1
1335 1293 1345  1
200 1293 199  1
1302 1274 1279  1
1271 1305 138  1
1294 1284 1343  1
185 1357 184  1
199 1319 198  1
142 1368 1281  1
1348 1279 1280  1
1302 1352 1274  1
127 1362 1340  1
1279 1348 1321  1
141 142 1281  1
1281 1368 1278  1
184 1339 183  1
1357 1339 184  1
1265 1356 1351  1
176 1365 1333  1
1320 1361 1327  1
1346 153 154  1
1322 1363 158  1
1306 1331 1310  1
1271 1355 1276  1
1281 1303 141  1
1367 1288 1353  1
191 1301 190  1
1288 1364 1291  1
1263 1291 1364  1
1299 1366 1266  1
179 1309 178  1
1290 206 1267  1
1274 1298 1279  1
1291 1353 1288  1
1367 1262 1288  1
1287 1268 1292  1
1292 1272 1262  1
1275 1347 1326  1
1307 1345 1275  1
1284 1327 1317  1
1294 188 1260  1
1295 156 157  1
157 1363 1295  1
1319 1341 1308  1
1354 1349 1337  1
1272 1296 1297  1
147 1349 146  1
1290 1267 1298  1
1298 1280 1279  1
162 163 1299  1
1325 1366 1356  1
1266 1289 1300  1
1310 1350 1300  1
1301 191 1287  1
1260 1353 1320  1
1302 1321 1261  1
1302 1305 1276  1
140 141 1303  1
1303 1307 1286  1
1300 1315 1266  1
1334 1350 1323  1
1305 1302 1261  1
1261 137 1305  1
1289 1310 1300  1
1306 179 180  1
1275 1286 1307  1
1307 1281 1278  1
1312 1335 1278  1
196 1332 195  1
1283 1356 1330  1
178 1365 177  1
1331 1306 181  1
1350 1304 1315  1
1273 1348 1324  1
1311 135 1261  1
1296 1349 1297  1
1328 1332 1308  1
1313 170 169  1
1333 1365 1283  1
1314 1343 1284  1
1284 1282 1314  1
160 1322 159  1
1266 1336 1299  1
195 1332 1318  1
1337 1316 1328  1
1317 1329 1282  1
1282 1284 1317  1
1316 1318 1332  1
1268 1338 1292  1
1319 199 1293  1
1341 1319 1335  1
1294 1327 1284  1
1294 1260 1320  1
1348 1273 1311  1
1311 1261 1321  1
1322 1336 1315  1
1315 1304 1322  1
1323 1310 1331  1
1339 1357 1285  1
1324 129 130  1
1324 131 1273  1
1365 178 1309  1
1309 1289 1325  1
1358 201 202  1
1275 1355 1286  1
1361 1342 1327  1
1317 1342 1277  1
1312 1341 1335  1
1316 1337 1296  1
1277 1295 1329  1
1334 1323 1285  1
1330 1344 1269  1
1330 1313 1283  1
1331 181 182  1
1331 1339 1323  1
1332 196 1308  1
1332 1328 1316  1
1333 167 175  1
175 176 1333  1
1285 1329 1334  1
1334 1363 1304  1
1319 1293 1335  1
1278 1345 1307  1
161 1299 1336  1
1336 1266 1315  1
1337 1328 1312  1
1354 145 1349  1
1338 1268 1318  1
1318 1316 1338  1
1285 1323 1339  1
1339 182 183  1
1340 207 208  1
1340 126 127  1
1341 1312 1328  1
1328 1308 1341  1
1360 154 155  1
1342 1317 1327  1
1343 186 187  1
1343 188 1294  1
1344 172 1269  1
1344 1330 1265  1
1345 1347 1275  1
1345 1278 1335  1
1346 1360 1342  1
1346 1361 1263  1
1347 1358 1326  1
1347 1345 1293  1
1348 1362 1324  1
1348 1311 1321  1
1349 147 1297  1
1349 1296 1337  1
1315 1300 1350  1
1350 1310 1323  1
1351 164 1265  1
1366 1299 1351  1
1352 1270 1274  1
1352 1302 1276  1
1353 1291 1320  1
1353 1260 1301  1
1337 1312 1354  1
144 1368 143  1
1355 1352 1276  1
1355 1271 1286  1
1356 1265 1330  1
1356 1283 1325  1
1357 185 1314  1
1357 1282 1285  1
1358 203 1270  1
1358 1352 1326  1
1359 149 1264  1
1359 1262 1272  1
1360 1295 1277  1
1277 1342 1360  1
1361 1320 1291  1
1291 1263 1361  1
1362 129 1324  1
1362 1348 1280  1
1363 157 158  1
1363 1322 1304  1
1364 1288 1264  1
1364 152 1263  1
1325 1283 1365  1
1365 176 177  1
1289 1266 1366  1
1366 1351 1356  1
1367 1301 1287  1
1287 1292 1367  1
1368 142 143  1
1368 144 1354  1
227 1382 1370  2
246 1376 245  2
1377 280 1374  2
218 1385 217  2
277 1374 278  2
1377 246 245  2
247 1377 243  2
6 282 244  2
215 1369 214  2
1380 252 251  2
215 1385 1369  2
229 1382 228  2
268 1384 269  2
1371 247 209  2
1379 275 1375  2
1378 259 258  2
244 1377 245  2
1377 244 282  2
1377 1374 1372  2
1377 247 246  2
238 1379 237  2
1384 268 1382  2
1379 238 1372  2
277 1379 1374  2
273 1381 1375  2
1370 266 265  2
275 1379 276  2
270 1381 271  2
270 1384 1381  2
273 1375 274  2
1375 275 274  2
233 1381 232  2
5 247 243  2
1372 238 239  2
241 1372 240  2
241 1377 1372  2
243 1377 242  2
1382 268 267  2
236 1375 235  2
1379 236 237  2
236 1379 1375  2
227 1370 226  2
1381 231 232  2
1370 224 225  2
229 1384 1382  2
1384 229 230  2
231 1384 230  2
1381 273 272  2
1383 224 1370  2
222 1383 1373  2
222 1373 221  2
224 1383 223  2
220 1378 219  2
1373 261 260  2
1378 220 1373  2
1385 216 217  2
1385 215 216  2
255 1385 256  2
1380 211 212  2
247 1371 246  2
211 1380 1371  2
209 247 5  2
1376 244 245  2
213 1380 212  2
1369 213 214  2
266 1382 267  2
263 1370 264  2
1383 263 262  2
263 1383 1370  2
261 1383 262  2
259 1378 1373  2
257 1385 1378  2
1385 257 256  2
252 1369 253  2
244 1376 248  2
6 244 248  2
1380 250 1376  2
252 1380 1369  2
211 1371 210  2
248 1376 249  2
254 1385 255  2
254 253 1369  2
225 226 1370  2
1370 265 264  2
250 1380 251  2
1371 209 210  2
239 240 1372  2
280 1377 281  2
260 259 1373  2
1373 220 221  2
1374 280 279  2
279 278 1374  2
234 1381 233  2
234 235 1375  2
250 249 1376  2
1376 246 1371  2
1377 241 242  2
1377 282 281  2
258 257 1378  2
1378 218 219  2
1379 1372 1374  2
1379 277 276  2
1376 1371 1380  2
1380 213 1369  2
1381 234 1375  2
1381 272 271  2
1382 266 1370  2
1382 227 228  2
1383 261 1373  2
1383 222 223  2
1384 231 1381  2
1384 270 269  2
1385 254 1369  2
1385 218 1378  2
324 1398 323  3
346 1399 1395  3
344 1394 343  3
318 1398 319  3
296 1392 1389  3
1398 324 1396  3
1390 290 289  3
1403 285 1398  3
298 1391 299  3
1402 315 314  3
1386 354 355  3
309 1401 310  3
1392 335 1389  3
313 1402 314  3
1401 348 349  3
318 1386 356  3
331 1387 330  3
1400 339 340  3
322 318 8  3
319 1398 320  3
331 1393 1387  3
326 1396 325  3
1398 318 322  3
285 1403 286  3
1390 1403 1396  3
1396 327 1390  3
290 1390 1387  3
1390 329 1387  3
1387 292 291  3
328 1390 327  3
329 1390 328  3
1393 331 332  3
1393 294 293  3
335 1392 334  3
1392 296 295  3
1391 337 338  3
321 1398 283  3
283 1398 284  3
288 1403 1390  3
321 283 7  3
1389 298 297  3
1398 322 323  3
299 1391 300  3
292 1393 293  3
1391 338 339  3
294 1393 1392  3
294 1392 295  3
339 1400 1391  3
296 1389 297  3
1395 344 345  3
337 1391 1389  3
1399 346 347  3
305 1395 306  3
1400 303 302  3
1400 342 1394  3
303 1400 1394  3
307 1399 308  3
1401 309 1399  3
315 1402 1388  3
1397 350 351  3
311 1401 1397  3
321 1388 320  3
319 1388 1386  3
1386 318 319  3
7 317 321  3
1388 321 317  3
356 1386 355  3
1394 342 343  3
341 1400 340  3
346 1395 345  3
342 1400 341  3
344 1395 1394  3
348 1399 347  3
350 1401 349  3
348 1401 1399  3
352 1397 351  3
1402 352 353  3
318 356 8  3
352 1402 1397  3
354 1402 353  3
1388 319 320  3
1402 313 1397  3
291 290 1387  3
1387 329 330  3
1388 317 316  3
316 315 1388  3
1389 335 336  3
336 337 1389  3
1390 289 288  3
327 1396 326  3
300 1400 301  3
1391 298 1389  3
333 1393 332  3
333 334 1392  3
1393 292 1387  3
1393 333 1392  3
1394 305 304  3
304 303 1394  3
1395 307 306  3
1395 305 1394  3
1403 288 287  3
1396 324 325  3
1397 313 312  3
312 311 1397  3
1398 285 284  3
1398 321 320  3
1399 309 308  3
1399 307 1395  3
1400 302 301  3
1400 300 1391  3
1401 350 1397  3
1401 311 310  3
1402 354 1386  3
1386 1388 1402  3
287 286 1403  3
1403 1398 1396  3
389 406 407  4
405 390 391  4
440 358 359  4
413 382 383  4
404 391 392  4
369 430 431  4
431 10 369  4
385 410 12  4
415 382 414  4
367 434 366  4
406 389 390  4
373 426 372  4
425 374 424  4
371 429 370  4
433 368 432  4
403 394 402  4
13 396 397  4
398 396 399  4
397 396 398  4
404 393 403  4
400 396 9  4
391 404 405  4
396 13 401  4
390 405 406  4
410 385 409  4
408 386 387  4
411 12 410  4
412 383 384  4
384 411 412  4
383 412 413  4
411 384 12  4
419 378 418  4
418 379 417  4
419 377 378  4
422 11 421  4
382 413 414  4
401 395 396  4
407 388 389  4
386 409 385  4
394 403 393  4
393 404 392  4
395 401 402  4
402 394 395  4
388 407 408  4
408 387 388  4
386 408 409  4
381 415 416  4
417 380 416  4
382 415 381  4
379 418 378  4
381 416 380  4
380 417 379  4
422 376 11  4
371 427 428  4
375 424 374  4
374 425 373  4
365 434 435  4
430 369 370  4
364 435 436  4
10 432 368  4
436 363 364  4
434 365 366  4
362 438 361  4
365 435 364  4
368 433 367  4
358 441 357  4
398 357 397  4
363 437 362  4
439 359 360  4
359 439 440  4
357 400 9  4
400 357 399  4
376 422 423  4
376 423 375  4
424 375 423  4
426 373 425  4
11 420 421  4
427 371 372  4
372 426 427  4
430 370 429  4
429 371 428  4
432 10 431  4
434 367 433  4
377 419 420  4
420 11 377  4
438 360 361  4
438 362 437  4
441 358 440  4
437 363 436  4
360 438 439  4
397 357 13  4
399 396 400  4
399 357 398  4
13 357 441  4
1411 409 410  5
1408 404 405  5
1421 436 1412  5
439 1412 438  5
1413 1408 1411  5
419 1405 418  5
418 1405 417  5
1412 436 437  5
408 1411 1408  5
1411 408 409  5
1408 1413 1410  5
1420 429 1409  5
1415 412 413  5
401 1418 1406  5
412 1415 1411  5
1421 432 433  5
1418 401 402  5
1408 405 406  5
404 1418 403  5
1406 1418 1410  5
1415 1419 1413  5
1406 440 441  5
1412 1406 1410  5
415 1415 414  5
432 1421 1409  5
436 1421 435  5
432 1409 431  5
429 1420 428  5
1409 429 430  5
1421 433 434  5
1411 1415 1413  5
1414 422 423  5
1416 1419 1405  5
419 1416 1405  5
421 1416 420  5
422 1416 421  5
1420 1414 426  5
425 1414 424  5
1420 1404 1407  5
426 1414 425  5
440 1412 439  5
408 1408 407  5
1405 415 416  5
416 417 1405  5
1406 441 13  5
13 401 1406  5
1416 422 1414  5
1420 1409 1404  5
1412 440 1406  5
1408 406 407  5
430 431 1409  5
1409 1421 1404  5
1408 1418 404  5
1417 1419 1407  5
1411 410 411  5
411 412 1411  5
1412 1417 1404  5
1412 437 438  5
1419 1417 1413  5
1417 1407 1404  5
423 424 1414  5
1414 1420 1407  5
1415 413 414  5
1415 415 1405  5
1416 419 420  5
1416 1414 1407  5
1417 1412 1410  5
1410 1413 1417  5
402 403 1418  5
1418 1408 1410  5
1419 1415 1405  5
1419 1416 1407  5
1420 426 427  5
427 428 1420  5
434 435 1421  5
1421 1412 1404  5
375 1485 374  6
1486 389 390  6
358 1501 1496  6
490 1452 1424  6
363 1487 362  6
361 1487 360  6
367 1497 366  6
1487 1502 1488  6
1458 1484 1483  6
1424 491 490  6
461 1463 460  6
464 1484 463  6
16 466 465  6
449 1479 1447  6
465 1422 464  6
1422 465 466  6
1504 1445 1499  6
1485 1491 1455  6
1489 370 371  6
370 1499 369  6
458 1455 457  6
1490 1485 1453  6
1492 1423 1446  6
373 1490 372  6
1438 1439 1489  6
1499 370 1489  6
463 1484 1440  6
1476 455 456  6
1443 458 459  6
378 1446 377  6
1485 376 1491  6
1443 460 1463  6
452 1423 1442  6
1476 454 455  6
1436 1478 1461  6
1461 1466 1436  6
1494 1492 383  6
1432 14 447  6
474 1450 1428  6
14 1432 442  6
1432 447 448  6
478 1454 479  6
1478 442 1432  6
376 1485 375  6
451 1479 450  6
454 1423 453  6
454 1476 1423  6
1492 380 381  6
1491 376 11  6
380 1446 379  6
1449 1437 1442  6
1479 451 1442  6
1465 1477 1427  6
1457 1428 1427  6
390 1493 1486  6
1494 383 384  6
1431 1494 1448  6
1466 1448 1477  6
1493 392 393  6
1500 1475 1468  6
1493 390 391  6
1464 475 1428  6
393 1503 1493  6
1486 388 389  6
1472 484 483  6
1493 391 392  6
1498 1429 1503  6
1494 384 12  6
1427 1477 1457  6
1495 385 386  6
476 1464 477  6
474 1428 475  6
1446 380 1492  6
473 1450 474  6
386 1486 1495  6
1472 485 484  6
1429 480 1456  6
1434 1426 1424  6
1502 366 1497  6
1433 482 1429  6
362 1487 361  6
1460 487 486  6
1487 363 1502  6
1487 1488 1459  6
1501 358 359  6
396 1496 1498  6
1496 396 9  6
1499 368 10  6
1467 1482 1441  6
488 1441 1452  6
1424 1452 1434  6
366 1502 365  6
365 1502 364  6
468 1451 467  6
491 1424 472  6
17 491 472  6
1469 1471 1430  6
471 1424 1426  6
463 1440 462  6
1422 466 467  6
15 1450 473  6
379 1446 378  6
1469 1462 469  6
1452 490 489  6
1452 489 488  6
364 1502 363  6
470 471 1426  6
1424 471 472  6
446 1427 1450  6
1495 12 385  6
475 1464 476  6
1427 445 1465  6
483 1433 1472  6
482 481 1429  6
368 1497 367  6
469 1462 468  6
444 1465 445  6
382 1492 381  6
442 1478 443  6
1432 449 1447  6
1498 393 394  6
396 1498 395  6
1435 1504 1439  6
1426 1434 1473  6
460 1443 459  6
1430 1483 1462  6
444 443 1436  6
1437 1461 1447  6
1437 1449 1444  6
383 1492 382  6
1458 1439 1438  6
371 1490 1489  6
1497 368 1499  6
369 1499 10  6
1440 461 462  6
1484 1458 1440  6
487 1460 1441  6
1459 1472 1501  6
1442 451 452  6
1423 452 453  6
1463 1438 1453  6
373 1485 1490  6
1494 1431 1444  6
1431 1437 1444  6
1474 1481 1471  6
1425 1482 1467  6
1423 1476 1446  6
377 1491 11  6
449 1432 448  6
1437 1447 1479  6
12 1495 1494  6
1448 1466 1431  6
1449 1442 1423  6
1423 1492 1449  6
1427 1428 1450  6
1450 15 446  6
1422 467 1451  6
1483 1430 1435  6
1441 488 487  6
1452 1482 1434  6
1443 1485 1455  6
1438 1440 1458  6
1454 478 1475  6
479 1454 1456  6
456 1491 1476  6
1455 458 1443  6
1429 1496 1433  6
480 1429 481  6
1493 1500 1486  6
1486 387 388  6
1440 1438 1463  6
1458 1483 1435  6
1459 485 1472  6
360 1487 359  6
1460 486 485  6
1460 1459 1467  6
1478 1436 443  6
1461 1437 1431  6
1451 468 1462  6
1462 1469 1430  6
1453 1443 1463  6
1463 461 1440  6
477 1475 478  6
1464 1428 1457  6
1427 446 445  6
1465 444 1436  6
1465 1436 1466  6
1466 1461 1431  6
1474 1434 1482  6
1441 1460 1467  6
1475 477 1464  6
1464 1457 1468  6
1469 469 470  6
470 1426 1469  6
1468 1457 1470  6
1486 386 387  6
1430 1481 1435  6
1473 1474 1471  6
1433 483 482  6
1487 1459 1501  6
1473 1471 1469  6
1469 1426 1473  6
1497 1499 1445  6
1474 1473 1434  6
479 1456 480  6
1475 1464 1468  6
1455 456 457  6
1446 1491 377  6
1457 1480 1470  6
1477 1465 1466  6
1478 1432 1447  6
1447 1461 1478  6
1479 449 450  6
1479 1442 1437  6
1480 1457 1477  6
1477 1448 1480  6
1481 1430 1471  6
1481 1445 1504  6
1482 1452 1441  6
1482 1425 1474  6
1451 1484 1422  6
1451 1462 1483  6
1484 464 1422  6
1484 1451 1483  6
1485 1443 1453  6
1485 373 374  6
1500 1493 1454  6
1486 1500 1470  6
1501 1433 1496  6
1496 9 357  6
1425 1467 1488  6
1467 1459 1488  6
1489 1490 1438  6
1439 1458 1435  6
1453 1438 1490  6
1490 371 372  6
1491 1446 1476  6
1491 456 1455  6
1492 1494 1444  6
1444 1449 1492  6
1496 1429 1498  6
1493 1503 1454  6
1448 1495 1480  6
1495 1448 1494  6
1495 1486 1470  6
1470 1480 1495  6
358 1496 357  6
1472 1433 1501  6
1445 1425 1497  6
1425 1445 1474  6
1503 393 1498  6
1498 394 395  6
1504 1489 1439  6
1445 1481 1474  6
1475 1500 1454  6
1468 1470 1500  6
485 1459 1460  6
1501 359 1487  6
1502 1497 1425  6
1425 1488 1502  6
1503 1429 1456  6
1456 1454 1503  6
1489 1504 1499  6
1504 1435 1481  6
495 462 463  7
463 494 495  7
453 503 504  7
463 493 494  7
460 497 498  7
453 504 505  7
505 452 453  7
496 461 462  7
457 500 501  7
498 459 460  7
501 456 457  7
457 499 500  7
459 498 499  7
462 495 496  7
497 460 461  7
503 454 502  7
461 496 497  7
18 465 16  7
465 493 464  7
493 465 492  7
465 18 492  7
456 501 502  7
452 505 506  7
493 463 464  7
506 451 452  7
451 506 507  7
507 450 451  7
450 507 508  7
459 499 458  7
499 457 458  7
508 448 449  7
456 502 455  7
454 503 453  7
502 454 455  7
510 447 509  7
14 510 19  7
447 510 14  7
450 508 449  7
448 508 509  7
509 447 448  7
488 527 526  8
482 519 481  8
490 527 489  8
520 482 483  8
480 518 517  8
485 523 522  8
482 520 519  8
488 525 487  8
522 484 485  8
521 483 484  8
484 522 521  8
483 521 520  8
488 526 525  8
486 525 524  8
485 524 523  8
17 529 491  8
490 528 527  8
490 529 528  8
529 17 21  8
480 519 518  8
480 517 479  8
478 517 516  8
529 490 491  8
478 516 515  8
527 488 489  8
515 477 478  8
524 485 486  8
525 486 487  8
477 515 514  8
475 514 513  8
513 474 475  8
474 513 512  8
519 480 481  8
511 473 512  8
517 478 479  8
15 511 20  8
477 514 476  8
514 475 476  8
473 511 15  8
512 473 474  8
21 1505 472  9
1505 142 471  9
547 147 146  9
142 1505 143  9
1508 137 18  9
470 142 141  9
534 162 24  9
468 140 139  9
24 544 25  9
133 531 134  9
163 534 535  9
537 3 166  9
24 1506 544  9
536 166 165  9
2 22 530  9
166 536 537  9
163 535 164  9
535 165 164  9
536 165 535  9
3 537 23  9
2 530 133  9
159 541 542  9
540 158 157  9
542 160 159  9
1506 160 543  9
162 1506 24  9
162 534 163  9
555 155 154  9
157 539 540  9
157 1507 539  9
158 540 541  9
541 159 158  9
1507 157 156  9
1507 155 27  9
538 27 26  9
551 151 150  9
155 555 27  9
552 152 151  9
154 554 555  9
551 150 550  9
155 1507 156  9
552 151 551  9
553 153 152  9
553 152 552  9
148 549 149  9
550 149 549  9
144 545 145  9
147 547 548  9
545 144 21  9
548 148 147  9
148 548 549  9
149 550 150  9
546 145 545  9
146 546 547  9
21 472 17  9
145 546 146  9
470 141 469  9
144 1505 21  9
140 469 141  9
142 470 471  9
160 542 543  9
160 1506 161  9
532 136 135  9
139 467 468  9
139 1508 467  9
140 468 469  9
1508 18 466  9
466 18 16  9
531 133 530  9
134 531 532  9
532 135 134  9
137 533 18  9
153 553 554  9
554 154 153  9
136 532 533  9
533 137 136  9
137 1508 138  9
471 472 1505  9
1505 144 143  9
543 544 1506  9
1506 162 161  9
1507 27 538  9
538 539 1507  9
466 467 1508  9
1508 139 138  9
561 1512 556  10
502 568 501  10
1510 1512 564  10
564 1512 563  10
572 1511 571  10
1509 574 575  10
1511 572 1509  10
575 574 32  10
495 31 494  10
530 575 22  10
557 1510 558  10
1512 562 563  10
566 507 30  10
1513 558 1510  10
562 1512 561  10
561 556 28  10
562 561 29  10
574 1509 573  10
565 1513 1510  10
559 1513 560  10
560 509 510  10
560 510 19  10
507 566 506  10
509 560 1513  10
508 30 507  10
30 509 1513  10
500 569 499  10
499 569 498  10
504 567 503  10
567 502 503  10
504 566 567  10
566 505 506  10
566 504 505  10
568 502 567  10
568 500 501  10
497 570 496  10
570 31 495  10
570 498 569  10
569 500 568  10
570 495 496  10
498 570 497  10
1509 575 530  10
1514 571 1511  10
1511 1509 531  10
493 533 492  10
532 1514 1511  10
492 533 18  10
533 493 1514  10
493 31 1514  10
530 531 1509  10
1509 572 573  10
564 565 1510  10
558 1513 559  10
531 532 1511  10
571 1514 31  10
1512 1510 557  10
557 556 1512  10
1513 565 30  10
509 30 508  10
31 493 494  10
1514 532 533  10
516 1544 515  11
551 1516 550  11
586 1524 1535  11
1519 1529 1522  11
528 545 1517  11
527 1517 526  11
545 528 529  11
545 529 21  11
523 1543 522  11
528 1517 527  11
1543 1517 1537  11
521 1546 520  11
1522 1529 1524  11
1517 1543 525  11
524 1543 523  11
1543 1546 521  11
525 1543 524  11
1525 1528 1523  11
514 1545 513  11
518 1544 517  11
1544 514 515  11
1518 1540 1546  11
580 512 1545  11
1538 582 581  11
1545 581 580  11
512 580 511  11
511 580 20  11
513 1545 512  11
589 1536 1527  11
1518 1525 1523  11
1527 1536 1530  11
1531 1520 1532  11
1521 1536 1535  11
579 1527 578  11
577 1515 1542  11
590 1527 579  11
1528 1541 1529  11
590 579 33  11
1521 1539 1520  11
1526 548 1533  11
520 1546 519  11
1516 551 1532  11
554 1531 553  11
552 1532 551  11
555 1542 554  11
554 1542 1531  11
576 555 27  11
577 1542 576  11
1520 1530 1521  11
549 1533 548  11
549 550 1516  11
1517 546 1526  11
546 1517 545  11
583 1538 1522  11
1544 518 1546  11
1541 1528 1539  11
1540 1545 1544  11
1515 1520 1531  11
1536 1521 1530  11
1535 1536 587  11
1535 587 586  11
584 1522 1524  11
1522 1538 1519  11
1519 1518 1523  11
548 1526 547  11
1524 585 584  11
1522 584 583  11
1537 1518 1543  11
1526 1537 1517  11
1526 546 547  11
1533 549 1516  11
1530 1515 1534  11
1527 590 589  11
1541 1535 1524  11
1528 1533 1516  11
1529 1519 1523  11
1523 1528 1529  11
1530 1520 1515  11
1527 1534 578  11
1531 552 553  11
1515 1531 1542  11
1532 1539 1516  11
1532 552 1531  11
1533 1528 1525  11
1525 1526 1533  11
1534 577 578  11
1534 1527 1530  11
1524 586 585  11
1535 1541 1521  11
1536 589 588  11
588 587 1536  11
1517 525 526  11
1537 1526 1525  11
1538 583 582  11
1545 514 1544  11
1528 1516 1539  11
1539 1532 1520  11
517 1544 516  11
1546 518 519  11
1539 1521 1541  11
1541 1524 1529  11
1542 555 576  11
1515 577 1534  11
1518 1537 1525  11
1543 521 522  11
1544 1546 1540  11
1538 1540 1519  11
1545 1540 1538  11
581 1545 1538  11
1546 1543 1518  11
1540 1518 1519  11
1553 1552 1550  12
1558 598 1557  12
1560 603 602  12
1565 611 610  12
1564 606 605  12
1557 538 539  12
598 26 538  12
596 1555 595  12
592 1559 1556  12
1559 34 595  12
1556 1549 1560  12
603 1564 604  12
538 1557 598  12
603 1560 1564  12
606 1564 1552  12
600 1560 601  12
600 594 1560  12
1559 595 1555  12
1560 602 601  12
594 599 35  12
598 1558 597  12
606 1552 607  12
608 1565 609  12
613 1554 614  12
1565 1554 611  12
1547 1550 1549  12
1549 1552 1564  12
1553 1550 1548  12
1557 1563 1561  12
1562 614 1554  12
544 1562 543  12
544 616 1562  12
1562 616 615  12
542 1563 541  12
544 25 617  12
616 544 617  12
1547 1559 1555  12
1555 596 1548  12
597 1548 596  12
611 1554 612  12
604 1564 605  12
1549 1556 1547  12
1550 1555 1548  12
1565 607 1552  12
1557 540 1563  12
612 1554 613  12
1552 1551 1565  12
607 1565 608  12
1548 1558 1553  12
1551 1561 1554  12
1562 542 543  12
1554 1565 1551  12
1555 1550 1547  12
34 1559 591  12
1560 593 1556  12
593 592 1556  12
1563 1554 1561  12
1561 1558 1557  12
1558 1561 1553  12
1548 597 1558  12
1559 1547 1556  12
1559 592 591  12
594 600 599  12
593 1560 594  12
1554 1563 1562  12
1561 1551 1553  12
542 1562 1563  12
614 1562 615  12
540 1557 539  12
540 541 1563  12
1564 1560 1549  12
1552 1549 1550  12
1551 1552 1553  12
1565 610 609  12
631 613 612  13
633 615 614  13
623 604 603  13
24 617 636  13
624 606 605  13
623 603 622  13
628 610 609  13
624 605 604  13
610 629 611  13
608 627 628  13
628 609 608  13
608 626 627  13
631 612 611  13
606 625 607  13
635 615 634  13
633 613 632  13
633 614 613  13
604 623 624  13
635 616 615  13
635 617 616  13
24 25 617  13
621 603 602  13
617 635 636  13
621 602 601  13
615 633 634  13
621 601 620  13
631 611 630  13
629 610 628  13
613 631 632  13
611 629 630  13
600 620 601  13
626 608 607  13
625 606 624  13
607 625 626  13
619 600 599  13
599 618 619  13
603 621 622  13
618 599 35  13
620 600 619  13
618 35 36  13
597 576 598  14
576 597 577  14
598 576 26  14
578 595 579  14
578 597 596  14
33 595 34  14
578 596 595  14
597 578 577  14
26 576 27  14
595 33 579  14
534 636 24  15
630 643 629  15
634 38 633  15
641 1570 1567  15
633 642 632  15
38 635 1570  15
635 534 1570  15
642 633 38  15
1570 535 1567  15
645 626 644  15
1566 1568 654  15
628 643 644  15
630 642 643  15
534 635 636  15
628 644 627  15
643 628 629  15
632 642 631  15
642 630 631  15
645 624 625  15
626 645 625  15
644 626 627  15
624 645 646  15
624 646 623  15
1568 651 655  15
648 1566 647  15
623 646 622  15
621 39 620  15
39 621 646  15
618 652 36  15
646 621 622  15
652 619 1571  15
619 652 618  15
653 1571 1566  15
619 39 1571  15
1571 647 1566  15
651 650 40  15
1567 1569 640  15
1568 650 651  15
650 1568 649  15
655 651 41  15
1568 1566 648  15
640 1569 639  15
638 1569 637  15
1569 638 639  15
638 637 37  15
637 1569 537  15
535 1570 534  15
637 537 23  15
654 653 1566  15
647 1571 39  15
535 536 1567  15
1567 640 641  15
655 654 1568  15
1568 648 649  15
1569 1567 536  15
536 537 1569  15
1570 641 38  15
635 38 634  15
39 619 620  15
1571 653 652  15
42 1572 656  16
657 44 656  16
657 1572 658  16
1572 659 658  16
43 1572 42  16
45 659 660  16
659 1572 660  16
1572 43 661  16
661 660 1572  16
1572 657 656  16
1575 660 661  17
660 1575 1574  17
46 669 662  17
665 1574 1573  17
1573 666 665  17
662 661 43  17
663 1574 664  17
660 663 45  17
1573 667 666  17
669 1575 662  17
667 1573 668  17
668 47 667  17
1574 665 664  17
1573 669 668  17
1574 663 660  17
1574 1575 1573  17
661 662 1575  17
1575 669 1573  17
675 1576 674  18
1576 671 672  18
673 1576 672  18
670 1576 675  18
673 49 674  18
670 675 48  18
669 670 46  18
1576 670 669  18
671 1576 668  18
668 47 671  18
1576 673 674  18
1576 669 668  18
1578 674 675  19
674 1578 1577  19
683 676 50  19
1579 683 682  19
679 1579 680  19
675 48 676  19
677 1577 678  19
674 677 49  19
678 1577 679  19
681 1579 682  19
1578 1579 1577  19
682 51 681  19
1577 677 674  19
683 1579 1578  19
1578 675 676  19
676 683 1578  19
1579 681 680  19
1579 679 1577  19
52 683 50  20
682 1581 1580  20
684 1580 685  20
685 1580 686  20
51 1580 684  20
53 688 689  20
1581 690 689  20
1581 683 690  20
688 1581 689  20
686 1581 687  20
1580 51 682  20
1581 688 687  20
1581 686 1580  20
1581 682 683  20
690 683 52  20
693 1582 656  21
1582 693 692  21
1582 42 656  21
53 689 691  21
691 1582 692  21
1582 52 42  21
52 1582 690  21
693 656 44  21
1582 691 689  21
689 690 1582  21
1594 1591 671  22
1587 263 1583  22
251 1596 250  22
1596 249 250  22
265 1583 264  22
254 255 1588  22
267 1594 266  22
1585 272 273  22
667 1584 666  22
1591 1594 267  22
47 1591 667  22
1591 1584 667  22
665 1585 664  22
1591 269 1584  22
269 1591 268  22
271 1584 270  22
1584 271 665  22
274 1585 273  22
1586 1585 274  22
1598 279 280  22
45 1586 659  22
275 1586 274  22
1590 1597 658  22
275 1590 1586  22
6 1600 282  22
1595 6 248  22
1598 1600 693  22
1597 1598 657  22
1600 281 282  22
1600 1598 281  22
281 1598 280  22
1598 1597 279  22
279 1597 278  22
1599 253 686  22
1599 686 687  22
6 1595 692  22
249 1595 248  22
53 1596 688  22
249 1596 1595  22
1597 1590 277  22
277 1590 276  22
51 1593 681  22
1599 688 1596  22
1588 1593 684  22
253 1588 686  22
686 1588 685  22
1592 679 680  22
253 1599 252  22
1593 1592 681  22
1589 260 261  22
1593 257 1592  22
259 1589 679  22
681 1592 680  22
255 1593 1588  22
259 1592 258  22
1592 259 679  22
1589 259 260  22
1587 1583 673  22
677 1589 1587  22
265 1594 672  22
1583 263 264  22
263 1587 262  22
1585 271 272  22
271 1585 665  22
679 1589 678  22
49 1587 673  22
1583 265 672  22
672 673 1583  22
269 270 1584  22
1584 665 666  22
1585 1586 663  22
663 664 1585  22
1586 1590 659  22
1586 45 663  22
1587 49 677  22
262 1589 261  22
1588 684 685  22
1588 253 254  22
1589 262 1587  22
1589 677 678  22
658 659 1590  22
1590 275 276  22
1591 47 671  22
1591 267 268  22
257 1593 256  22
257 258 1592  22
1593 51 684  22
1593 255 256  22
671 672 1594  22
1594 265 266  22
1595 1596 691  22
691 692 1595  22
688 1599 687  22
1596 53 691  22
657 658 1597  22
1597 277 278  22
1598 693 44  22
44 657 1598  22
1599 1596 251  22
251 252 1599  22
1600 6 692  22
692 693 1600  22
698 1602 1601  23
1601 696 697  23
55 695 54  23
702 695 55  23
1601 697 698  23
700 1602 699  23
1601 702 701  23
56 1602 700  23
696 1601 701  23
701 57 696  23
702 1601 695  23
1601 694 695  23
694 1601 1602  23
1602 698 699  23
1602 56 694  23
706 1603 705  24
701 706 57  24
707 703 58  24
703 1603 702  24
704 1603 707  24
1603 703 707  24
704 707 59  24
55 703 702  24
702 1603 701  24
1603 704 705  24
1603 706 701  24
1604 59 711  25
59 1604 707  25
1604 709 712  25
708 1604 712  25
709 1604 710  25
61 712 709  25
707 708 58  25
708 712 60  25
1604 708 707  25
1604 711 710  25
1605 713 717  26
61 712 716  26
63 1605 717  26
1605 63 714  26
716 1605 715  26
62 717 713  26
713 1605 712  26
713 712 60  26
1605 714 715  26
1605 716 712  26
720 1606 719  27
1606 64 721  27
718 1606 721  27
717 720 63  27
64 1606 62  27
718 721 65  27
62 1606 717  27
1606 718 719  27
1606 720 717  27
722 1607 694  28
1607 722 723  28
1607 724 721  28
724 1607 723  28
64 1607 721  28
722 694 56  28
54 1607 64  28
721 724 65  28
1607 54 695  28
695 694 1607  28
1621 292 291  29
300 1620 301  29
1610 716 61  29
298 1617 299  29
294 1611 295  29
1619 1611 294  29
1611 1610 296  29
290 1624 720  29
1619 294 293  29
1611 296 295  29
1621 1619 292  29
292 1619 293  29
1624 290 289  29
290 1621 291  29
1621 290 720  29
296 1610 297  29
1622 1625 286  29
284 1622 285  29
718 1622 65  29
1622 286 285  29
1609 1622 284  29
1625 288 287  29
288 1624 289  29
286 1625 287  29
288 1625 1624  29
1615 7 317  29
313 1612 314  29
1616 316 315  29
1609 1615 723  29
1615 1609 7  29
7 1609 283  29
1612 698 699  29
316 1615 317  29
56 1616 700  29
1616 1615 316  29
1612 312 698  29
1612 1616 315  29
1623 312 311  29
696 1623 1618  29
312 1612 313  29
698 1623 697  29
312 1623 698  29
1623 309 1618  29
308 1618 309  29
309 1623 310  29
57 1618 706  29
1608 306 305  29
1613 1618 308  29
1608 1613 306  29
1613 1608 705  29
704 1614 59  29
1617 1620 300  29
1617 1610 709  29
302 1614 303  29
304 1608 305  29
1620 302 301  29
1620 1614 302  29
1614 304 303  29
1614 1608 304  29
1610 1611 716  29
1610 1617 298  29
306 1613 307  29
1608 1614 704  29
704 705 1608  29
723 724 1609  29
1609 284 283  29
61 709 1610  29
1610 298 297  29
1611 1619 715  29
715 716 1611  29
699 700 1612  29
1612 315 314  29
705 706 1613  29
1613 308 307  29
1614 1620 711  29
711 59 1614  29
1615 1616 722  29
722 723 1615  29
1616 1612 700  29
1616 56 722  29
709 710 1617  29
1617 300 299  29
1618 1613 706  29
1618 57 696  29
1619 1621 714  29
714 715 1619  29
1620 1617 710  29
710 711 1620  29
1621 720 63  29
63 714 1621  29
1622 1609 724  29
724 65 1622  29
1623 696 697  29
1623 311 310  29
1624 1625 719  29
719 720 1624  29
1625 1622 718  29
718 719 1625  29
238 1649 237  30
236 1649 1630  30
1642 1663 1659  30
1656 1648 1640  30
1636 1665 1655  30
225 1632 224  30
67 725 66  30
68 1663 1660  30
1649 236 237  30
1642 232 1628  30
1656 739 738  30
41 168 167  30
168 41 651  30
651 169 168  30
169 651 40  30
167 726 41  30
726 167 4  30
40 170 169  30
1655 1635 1629  30
726 727 41  30
1635 1655 1649  30
1641 1667 1661  30
173 1662 37  30
1661 1668 213  30
1661 215 1641  30
1638 1667 1641  30
1631 243 1651  30
242 1645 241  30
1635 240 1645  30
211 1627 210  30
241 1645 240  30
240 1635 239  30
1668 1661 1626  30
213 1668 212  30
210 1627 209  30
243 1631 242  30
1651 243 5  30
37 174 173  30
1664 1627 1626  30
174 637 3  30
174 37 637  30
1643 219 220  30
3 637 23  30
1667 1638 1662  30
219 1654 218  30
733 1648 734  30
69 1650 730  30
217 1641 216  30
1654 217 218  30
1638 1633 742  30
1639 223 1632  30
1654 219 1643  30
1630 1660 1658  30
233 1658 1628  30
68 1660 728  30
235 1658 234  30
1658 235 1630  30
221 1643 220  30
731 1650 1644  30
1639 1650 1643  30
230 1642 1634  30
1642 230 231  30
1634 228 229  30
228 1640 227  30
727 726 725  30
725 67 727  30
227 1666 226  30
1666 225 226  30
225 1666 1637  30
1648 733 1644  30
1639 221 222  30
1650 1633 1643  30
1648 736 735  30
1648 1656 736  30
1627 1664 1653  30
212 1668 211  30
1653 1651 1627  30
209 1651 5  30
232 1642 231  30
232 233 1628  30
171 1657 1646  30
729 1636 40  30
1665 1630 1655  30
1630 235 236  30
1646 1653 171  30
1631 1646 1645  30
223 1639 222  30
223 224 1632  30
69 742 1633  30
217 1654 1641  30
229 230 1634  30
739 1663 740  30
238 239 1635  30
1645 242 1631  30
1636 1657 170  30
170 40 1636  30
1632 225 1637  30
734 1648 735  30
742 741 1638  30
1641 1654 1638  30
1639 1632 1637  30
731 1644 732  30
1640 228 1634  30
736 1656 737  30
215 1661 214  30
215 216 1641  30
1663 1642 1628  30
1634 1659 1656  30
1643 221 1639  30
1650 69 1633  30
1639 1637 1644  30
1644 733 732  30
1653 1646 1651  30
1635 1652 1629  30
1646 1657 1652  30
1645 1646 1652  30
1662 1638 741  30
1647 173 172  30
1648 1644 1637  30
1648 1666 1640  30
1649 238 1635  30
1649 1655 1630  30
1650 1639 1644  30
1650 731 730  30
1646 1631 1651  30
1651 209 1627  30
1657 1636 1629  30
1652 1635 1645  30
172 1664 1647  30
172 171 1653  30
1654 1643 1633  30
1633 1638 1654  30
1629 1636 1655  30
1630 1665 1660  30
738 737 1656  30
1656 1640 1634  30
1629 1652 1657  30
1657 171 170  30
1660 1663 1628  30
1658 233 234  30
1656 1663 739  30
1659 1634 1642  30
1628 1658 1660  30
1660 1665 728  30
1626 1667 1647  30
1661 213 214  30
741 37 1662  30
1662 173 1647  30
1663 68 740  30
1663 1656 1659  30
1626 1647 1664  30
1664 172 1653  30
1665 1636 729  30
729 728 1665  30
1666 227 1640  30
1666 1648 1637  30
1662 1647 1667  30
1667 1626 1661  30
1626 1627 1668  30
1627 211 1668  30
353 1712 1676  31
1679 330 329  31
132 32 575  31
1675 1705 1669  31
753 1704 752  31
1683 1703 756  31
1706 333 1686  31
755 1690 29  31
72 28 758  31
1696 336 1677  31
72 758 73  31
126 757 28  31
1708 1682 745  31
758 28 757  31
29 128 127  31
127 28 561  31
757 126 1  31
29 127 561  31
1676 1712 1689  31
129 1690 1669  31
28 127 126  31
353 1676 354  31
333 1706 334  31
1691 349 1685  31
1685 1693 1691  31
131 1695 1674  31
1671 1711 1710  31
1674 1693 1684  31
131 1674 1680  31
324 323 1705  31
1671 130 1669  31
322 1705 323  31
1705 322 1671  31
356 1671 8  31
326 1702 327  31
1690 129 128  31
2 575 22  31
1671 322 8  31
575 2 132  31
132 131 32  31
1688 348 347  31
342 1701 343  31
346 1707 1688  31
346 1688 347  31
1709 753 754  31
348 1685 349  31
1691 1712 351  31
332 1686 333  31
1690 1703 1697  31
332 1694 1686  31
1672 1679 1699  31
1679 329 328  31
1707 346 345  31
1709 1670 1707  31
745 1682 744  31
336 1696 337  31
334 1706 1677  31
334 1677 335  31
337 1696 1687  31
1678 749 1673  31
1673 1687 1678  31
1698 339 1687  31
1673 749 750  31
1707 344 1701  31
1678 747 748  31
344 1707 345  31
747 1708 746  31
749 1678 748  31
751 1673 750  31
1704 1709 1700  31
751 1704 1673  31
325 1675 326  31
325 1705 1675  31
70 743 1670  31
348 1688 1685  31
130 1710 1695  31
1702 1675 1697  31
330 1694 331  31
330 1679 1672  31
341 1681 342  31
341 1698 1681  31
1684 32 1680  31
32 1684 743  31
1703 1699 1697  31
1702 1699 1679  31
32 131 1680  31
1711 356 355  31
1682 1708 1692  31
1677 336 335  31
1696 1677 1692  31
337 1687 338  31
1702 1679 328  31
1703 1672 1699  31
1711 1671 356  31
1676 1711 354  31
1673 1698 1687  31
1673 1704 1681  31
1694 332 331  31
71 744 1682  31
1683 756 71  31
71 1682 1683  31
1670 743 1684  31
1684 1680 1674  31
1670 1684 1685  31
349 1691 350  31
1683 1694 1672  31
1683 1682 1686  31
339 1698 340  31
339 338 1687  31
1670 1709 70  31
1670 1685 1688  31
1689 1695 1676  31
352 351 1712  31
1675 1669 1690  31
1690 128 29  31
1693 1685 1684  31
1691 351 350  31
1682 1706 1686  31
1708 1696 1692  31
1693 1674 1689  31
1689 1691 1693  31
1694 330 1672  31
1694 1683 1686  31
1695 1689 1674  31
1695 131 130  31
1696 1708 1678  31
1678 1687 1696  31
1702 326 1675  31
1675 1690 1697  31
1698 1673 1681  31
1698 341 340  31
1699 1702 1697  31
1672 1703 1683  31
1701 342 1681  31
753 1709 1704  31
344 343 1701  31
1701 1681 1700  31
1669 130 129  31
328 327 1702  31
1703 1690 755  31
755 756 1703  31
1700 1681 1704  31
1704 751 752  31
1705 1671 1669  31
1705 325 324  31
1706 1682 1692  31
1692 1677 1706  31
1707 1701 1700  31
1707 1670 1688  31
1708 745 746  31
1708 747 1678  31
754 70 1709  31
1709 1707 1700  31
1676 1695 1710  31
1710 130 1671  31
355 354 1711  31
1711 1676 1710  31
1712 1691 1689  31
1712 353 352  31
1713 759 760  32
743 1713 761  32
759 1713 572  32
743 761 70  32
574 743 32  32
759 74 760  32
572 1713 573  32
1713 743 574  32
571 759 572  32
31 759 571  32
760 761 1713  32
1713 574 573  32
764 1714 763  33
38 641 764  33
640 764 641  33
1714 742 762  33
741 1714 638  33
742 1714 741  33
764 763 75  33
742 69 762  33
638 1714 639  33
1714 764 640  33
37 741 638  33
762 763 1714  33
1714 640 639  33
1719 752 1717  34
1723 775 774  34
765 1724 766  34
747 1718 746  34
1718 748 1716  34
766 1721 767  34
772 1725 1715  34
1721 766 1724  34
1720 744 745  34
744 1720 777  34
1718 1722 1721  34
76 1724 765  34
770 1725 771  34
1722 768 1721  34
1719 750 751  34
1724 777 1720  34
1717 752 753  34
761 1723 1717  34
750 1719 1716  34
775 1723 760  34
754 1717 753  34
760 74 775  34
744 777 71  34
1716 1725 1722  34
752 1719 751  34
761 754 70  34
1725 1719 1715  34
750 1716 749  34
1715 774 773  34
773 772 1715  34
748 1718 747  34
748 749 1716  34
1717 754 761  34
1715 1717 1723  34
768 1722 769  34
746 1720 745  34
1719 1717 1715  34
1719 1725 1716  34
777 1724 776  34
1720 746 1718  34
1720 1718 1721  34
1721 768 767  34
1722 1718 1716  34
1722 770 769  34
1723 761 760  34
1723 774 1715  34
1724 76 776  34
1724 1720 1721  34
1725 772 771  34
1725 770 1722  34
735 1730 734  35
1732 788 789  35
1726 1731 1729  35
737 1731 736  35
1728 784 1726  35
1726 1729 1728  35
779 1735 1733  35
1733 738 739  35
780 779 77  35
780 1735 779  35
783 1728 782  35
1737 1730 1726  35
1731 1726 1730  35
738 1733 1729  35
740 1733 739  35
740 68 778  35
730 1734 762  35
762 69 730  35
1732 1736 1727  35
763 1734 1732  35
790 1732 789  35
731 1736 1734  35
785 1737 1726  35
733 1736 732  35
788 1732 1727  35
763 790 75  35
784 1728 783  35
787 1737 786  35
784 785 1726  35
735 1731 1730  35
787 788 1727  35
1736 733 1730  35
779 1733 778  35
782 1735 781  35
737 738 1729  35
1735 1729 1733  35
1730 1737 1727  35
1730 733 734  35
1731 735 736  35
1731 737 1729  35
1732 790 763  35
1727 1736 1730  35
1733 740 778  35
1729 1735 1728  35
1734 763 762  35
1734 730 731  35
1735 780 781  35
1735 782 1728  35
1736 1732 1734  35
1736 731 732  35
1737 785 786  35
1737 787 1727  35
1738 791 564  36
562 1738 563  36
756 1738 755  36
777 756 71  36
76 791 776  36
755 1738 562  36
562 29 755  36
791 1738 776  36
564 791 565  36
791 30 565  36
1738 564 563  36
1738 756 777  36
777 776 1738  36
792 1739 648  37
779 792 77  37
650 729 40  37
1739 729 650  37
728 1739 778  37
648 1739 649  37
39 792 647  37
792 648 647  37
1739 728 729  37
1739 792 779  37
68 728 778  37
779 778 1739  37
1739 650 649  37
101 1944 1804  38
996 1936 995  38
988 1798 987  38
1770 996 997  38
1818 1905 1860  38
1989 969 970  38
840 1896 1805  38
1969 821 82  38
1971 186 1910  38
182 1857 181  38
185 1902 184  38
1891 863 864  38
888 1888 887  38
853 66 725  38
853 1963 1849  38
946 1759 96  38
831 1825 832  38
200 1800 199  38
795 1956 1826  38
1922 726 175  38
929 1767 95  38
1866 1967 1881  38
1826 757 758  38
1755 1958 1793  38
1909 1763 1853  38
1822 820 819  38
975 1749 1746  38
84 1894 1771  38
1802 973 1746  38
1883 1989 1933  38
1931 1803 849  38
1771 1894 1834  38
849 1803 850  38
1931 1852 1803  38
1806 1802 1870  38
973 1802 972  38
1749 1887 1834  38
1930 979 980  38
977 1887 1749  38
1749 976 977  38
1749 975 976  38
979 1887 978  38
979 1930 1887  38
1846 1911 1865  38
986 1798 1756  38
1756 1798 1780  38
1977 179 1942  38
1857 1942 180  38
101 1948 1846  38
1925 1933 1806  38
1846 1948 1744  38
1911 1930 1865  38
990 1764 989  38
989 1764 988  38
992 1850 1762  38
177 1922 176  38
1762 1950 1764  38
1809 1785 855  38
1936 994 995  38
992 1762 991  38
1977 1872 1922  38
967 1768 966  38
1770 1936 996  38
846 1925 1806  38
1809 1965 1940  38
1965 1818 964  38
964 1818 98  38
966 1940 965  38
965 1940 99  38
1768 1883 1785  38
967 1883 1768  38
208 1877 207  38
983 1952 1944  38
1797 1764 1950  38
1944 1952 1804  38
1963 726 1922  38
175 726 4  38
203 1769 1750  38
1844 985 1756  38
1797 1747 1780  38
994 1850 993  38
726 1963 725  38
1919 1902 1805  38
1973 1747 1896  38
1857 1919 1805  38
841 1789 842  38
847 1931 848  38
1989 970 971  38
857 1961 1934  38
857 1934 87  38
1830 1795 1838  38
87 1915 856  38
863 1786 862  38
860 1795 859  38
1795 861 1786  38
1864 86 856  38
1880 83 1838  38
1879 1913 1868  38
1825 834 833  38
1891 1927 1913  38
873 1840 872  38
1861 1879 1868  38
865 1927 1891  38
1786 861 862  38
861 1795 860  38
867 868 1794  38
1825 1935 1913  38
863 1891 1786  38
1832 1949 1840  38
870 1869 1811  38
1869 870 871  38
1949 1754 1969  38
869 1794 868  38
869 1811 1794  38
821 1969 1754  38
1811 1969 1861  38
1816 1985 1863  38
190 1837 1774  38
1939 1912 1862  38
1907 874 1901  38
821 1988 822  38
1908 1910 187  38
879 1751 878  38
1841 1812 1988  38
880 1751 879  38
876 1939 875  38
89 1939 1901  38
1915 87 1934  38
883 1855 882  38
86 1864 1815  38
86 1815 891  38
1971 1910 1945  38
1953 1929 1836  38
890 1847 889  38
1847 1966 1765  38
1953 886 1888  38
186 187 1910  38
192 193 1792  38
1924 824 823  38
1979 937 938  38
1972 940 941  38
1919 184 1902  38
1789 1971 1807  38
1885 882 1855  38
1873 1945 1929  38
886 1953 885  38
1752 1966 1954  38
880 1885 1751  38
1968 1833 1812  38
1839 1774 1837  38
824 1924 1774  38
1824 808 807  38
1967 196 197  38
1897 1941 1895  38
1821 193 194  38
193 1821 1792  38
1759 1897 1895  38
824 1839 825  38
1837 190 191  38
937 1783 936  38
1745 1967 1760  38
933 1817 932  38
1928 929 930  38
1760 1967 1866  38
961 1946 960  38
1741 1783 1845  38
935 1741 934  38
1975 1928 1790  38
1856 1824 806  38
929 1928 1767  38
1970 943 1779  38
96 1814 945  38
1796 1980 1760  38
1778 939 940  38
944 1814 1779  38
944 1779 943  38
939 1979 938  38
937 1979 1783  38
1814 944 945  38
1972 1941 1955  38
1761 951 952  38
949 1753 1740  38
97 1947 946  38
946 1947 1759  38
1740 1753 1742  38
949 1740 948  38
948 1801 947  38
947 1801 97  38
951 1761 1753  38
953 1871 1761  38
1761 952 953  38
818 1831 1822  38
1871 954 955  38
1831 818 817  38
1871 953 954  38
1899 1831 815  38
815 1831 816  38
1899 815 814  38
1810 1958 1859  38
820 1822 1755  38
1921 200 201  38
1892 1994 1835  38
1893 95 1767  38
805 1856 806  38
805 1892 1835  38
1859 958 1810  38
1755 1892 80  38
1810 1946 1793  38
963 1858 962  38
1982 1994 1992  38
1750 1957 1921  38
1957 810 809  38
806 1824 807  38
810 1957 1750  38
1819 911 1781  38
894 1823 893  38
896 1951 1773  38
757 1877 208  38
1 757 208  38
1788 901 902  38
810 1820 811  38
200 1921 1800  38
758 73 796  38
207 1938 206  38
1748 1909 793  38
925 1987 924  38
926 1987 925  38
1853 1956 794  38
920 1990 1983  38
924 1777 923  38
923 1777 922  38
1772 1956 1813  38
795 1826 796  38
1823 894 1773  38
1956 1766 1826  38
1769 1974 1829  38
897 1951 896  38
892 1964 1916  38
833 832 1825  38
1769 1938 1874  38
1951 1772 1773  38
1938 1769 205  38
1918 1787 1876  38
205 1769 204  38
900 1900 899  38
905 1784 904  38
1827 910 1819  38
1819 1959 1827  38
904 1882 903  38
906 1923 905  38
905 1923 1784  38
1974 1923 1782  38
1788 900 901  38
909 1960 1776  38
909 1776 908  38
798 1851 1799  38
1781 913 1743  38
913 1781 912  38
1743 1867 1781  38
910 93 1819  38
1776 1960 1854  38
915 1743 914  38
912 1781 911  38
1914 1791 1884  38
1748 1987 1848  38
1775 1884 1791  38
1799 800 799  38
915 1914 1743  38
1775 1993 1898  38
1983 919 920  38
919 1983 1937  38
800 1799 1775  38
78 1898 1748  38
1748 1993 1777  38
1898 78 804  38
802 1898 803  38
917 1937 1914  38
1775 802 801  38
1742 1828 1740  38
828 1742 81  38
933 934 1741  38
196 1967 1745  38
1753 949 950  38
81 1899 813  38
913 914 1743  38
79 1851 797  38
838 1896 839  38
838 837 1744  38
195 1821 194  38
195 196 1745  38
1746 973 974  38
974 975 1746  38
1942 1896 1747  38
1896 1857 1805  38
793 78 1748  38
1987 1878 1848  38
1746 1870 1802  38
1887 977 978  38
202 1921 201  38
202 203 1750  38
1939 876 1912  38
878 1912 877  38
1752 844 843  38
843 1789 1752  38
950 951 1753  38
1753 1761 1742  38
1907 1901 1841  38
1901 1862 1841  38
80 820 1755  38
1859 1958 1943  38
985 1844 984  38
985 986 1756  38
1928 931 1926  38
1824 1967 1800  38
1936 1850 994  38
1872 1963 1922  38
1740 1828 1801  38
1986 1759 1947  38
1817 1881 1790  38
1790 1881 1757  38
1831 1899 1886  38
1899 81 1742  38
1762 990 991  38
1850 1936 1758  38
90 1878 927  38
90 892 1763  38
1764 1780 1798  38
1764 990 1762  38
1888 888 1847  38
1815 890 891  38
896 1773 895  38
1938 1766 1875  38
928 1982 94  38
95 1893 928  38
1883 967 968  38
1785 1809 1768  38
1843 906 907  38
1769 203 204  38
1770 997 998  38
1991 98 1818  38
1911 1846 1744  38
837 84 1771  38
1964 892 91  38
1766 1876 1875  38
894 895 1773  38
1772 1951 1876  38
189 1908 188  38
189 190 1774  38
801 800 1775  38
1937 1983 1791  38
1962 1776 1854  38
908 1843 907  38
1898 802 1775  38
922 1990 921  38
940 1972 1778  38
1760 1980 1745  38
1980 1796 1955  38
1821 195 1745  38
1797 1942 1747  38
1756 1978 1844  38
1867 1819 1781  38
911 1819 93  38
812 1917 1959  38
1750 1769 1829  38
1783 935 936  38
1890 1760 1866  38
903 1882 902  38
1923 1974 1784  38
85 1925 845  38
85 855 1785  38
831 1880 1825  38
1880 831 830  38
1900 900 1788  38
1874 1788 1903  38
1903 902 1882  38
1788 1874 1787  38
1971 1945 1807  38
1789 843 842  38
1926 932 1817  38
932 1926 931  38
1984 1884 1851  38
917 1914 916  38
1889 825 1839  38
192 1837 191  38
960 1810 959  38
1946 961 1858  38
836 1879 1861  38
867 1927 866  38
1786 1838 1795  38
859 1961 858  38
1979 939 1778  38
1796 1972 1955  38
1780 1764 1797  38
1977 1797 1932  38
1798 986 987  38
1798 988 1764  38
799 798 1799  38
1984 1914 1884  38
808 1824 1800  38
1800 198 199  38
1801 948 1740  38
1828 1742 828  38
1852 1931 1870  38
1802 971 972  38
851 1894 852  38
851 850 1803  38
1952 1978 1976  38
1747 1978 1780  38
841 1902 1789  38
841 840 1805  38
847 846 1806  38
1989 1883 969  38
1765 1945 1873  38
1789 1966 1752  38
855 854 1808  38
1905 1872 1758  38
855 1808 1809  38
99 1965 964  38
958 1859 957  38
958 959 1810  38
1868 1811 1861  38
1811 869 870  38
1906 1885 1863  38
822 1924 823  38
1853 794 793  38
1772 1823 1773  38
1814 96 1759  38
1814 1895 1779  38
1842 1954 1915  38
1966 1789 1807  38
881 1885 880  38
882 1885 881  38
1817 933 1741  38
1741 1845 1817  38
98 1991 998  38
1818 1965 1808  38
1867 1959 1819  38
910 1960 92  38
1820 810 1750  38
1829 1962 1820  38
1904 1980 1955  38
1889 1839 1792  38
1822 819 818  38
1871 956 1859  38
1823 1772 1813  38
1823 91 893  38
1824 1856 1757  38
1800 1967 198  38
865 1891 864  38
1823 1813 1964  38
758 796 1826  38
1766 1956 1772  38
1827 1981 1854  38
1827 1854 1960  38
1897 1986 1920  38
1947 97 1801  38
1784 1974 1903  38
1829 1820 1750  38
1961 857 858  38
844 1838 83  38
1943 1871 1859  38
1831 817 816  38
88 1840 873  38
88 874 1832  38
1774 1908 189  38
1833 1924 1812  38
1894 84 852  38
1834 1746 1749  38
1992 94 1982  38
1893 1835 1982  38
1836 883 884  38
884 1953 1836  38
1837 192 1792  38
1774 1839 824  38
83 1880 829  38
1838 1842 1830  38
1837 1792 1839  38
825 1889 826  38
872 1869 871  38
1840 88 1832  38
1912 876 877  38
1988 821 1754  38
1842 1838 844  38
844 1752 1842  38
1843 908 1776  38
1776 1782 1843  38
1978 1756 1780  38
984 1952 983  38
1783 1741 935  38
1783 1866 1845  38
100 1865 981  38
100 101 1846  38
1847 888 889  38
1847 890 1815  38
1987 926 1878  38
1878 90 1763  38
1849 1808 854  38
854 853 1849  38
1850 1932 1762  38
1850 992 993  38
1914 1937 1791  38
1851 798 797  38
1746 1834 1852  38
1894 851 1803  38
1763 1909 1848  38
1853 1916 1813  38
1981 1820 1962  38
1776 1962 1782  38
1855 883 1836  38
1836 1816 1855  38
1856 805 1835  38
1893 1975 1757  38
1896 1942 1857  38
1857 180 181  38
1892 1946 1858  38
1858 961 962  38
956 1871 955  38
956 957 1859  38
1860 1991 1818  38
1905 1818 1808  38
82 836 1861  38
1811 1868 1794  38
1833 1968 1906  38
1812 1841 1862  38
1863 1855 1816  38
1985 1833 1906  38
1864 856 1915  38
1966 1847 1815  38
981 1930 980  38
1865 100 1846  38
1881 1817 1845  38
1760 1890 1796  38
79 1984 1851  38
79 812 1867  38
1825 1879 834  38
1927 867 1794  38
1869 872 1840  38
1949 1907 1754  38
1870 1746 1852  38
1931 847 1806  38
1871 1943 1886  38
1831 1943 1822  38
1932 1850 1758  38
1872 1905 1849  38
1836 1929 1816  38
1765 1873 1888  38
1874 1938 1875  38
1876 1766 1772  38
1766 1938 1877  38
1875 1787 1874  38
1787 1918 1900  38
1787 1875 1876  38
1877 757 1826  38
1826 1766 1877  38
1763 1848 1878  38
1878 926 927  38
1879 836 835  38
835 834 1879  38
830 829 1880  38
1880 1838 1786  38
1824 1757 1881  38
1881 1845 1866  38
902 1903 1788  38
1882 904 1784  38
968 969 1883  38
1785 1933 1925  38
1884 1775 1799  38
1799 1851 1884  38
1855 1863 1885  38
1885 1906 1751  38
1899 1742 1761  38
1761 1871 1886  38
1930 1911 1771  38
1771 1834 1887  38
1888 886 887  38
1888 1847 1765  38
1792 1821 1889  38
826 1920 827  38
1866 1783 1890  38
1796 1979 1778  38
1868 1927 1794  38
1786 1935 1880  38
1892 805 80  38
1892 1755 1793  38
1893 1757 1856  38
1856 1835 1893  38
1894 1803 1852  38
1852 1834 1894  38
1895 1814 1759  38
1895 1941 1779  38
1896 840 839  38
1973 1976 1747  38
828 1986 1828  38
1920 1904 1897  38
804 803 1898  38
1990 922 1777  38
1761 1886 1899  38
1899 814 813  38
1788 1787 1900  38
899 1918 898  38
874 1907 1832  38
874 89 1901  38
1902 841 1805  38
184 1919 183  38
1903 1882 1784  38
1874 1903 1974  38
1904 1920 1889  38
1889 1821 1904  38
1758 1860 1905  38
1905 1808 1849  38
1833 1985 1908  38
1751 1968 1912  38
1907 1988 1754  38
1907 1949 1832  38
1908 187 188  38
1908 1774 1833  38
1853 793 1909  38
1909 1748 1848  38
1910 1985 1816  38
186 1971 185  38
1744 837 1911  38
837 1771 1911  38
1912 878 1751  38
1912 1968 1862  38
1913 1879 1825  38
1935 1786 1891  38
1914 1984 1743  38
1914 915 916  38
1842 1934 1830  38
1864 1966 1815  38
1916 1853 1763  38
1763 892 1916  38
812 811 1917  38
811 1820 1917  38
1918 897 898  38
1918 899 1900  38
1919 1857 182  38
182 183 1919  38
827 1986 828  38
1920 826 1889  38
1921 202 1750  38
1800 1957 808  38
175 176 1922  38
1872 1977 1932  38
1923 906 1843  38
1843 1782 1923  38
1924 1988 1812  38
1924 1833 1774  38
1925 846 845  38
1925 85 1785  38
1817 1790 1926  38
931 1928 930  38
1927 1868 1913  38
1927 865 866  38
1926 1790 1928  38
1928 1975 1767  38
1910 1816 1929  38
1929 1953 1873  38
1771 1887 1930  38
1930 981 1865  38
849 848 1931  38
1931 1806 1870  38
1932 1758 1872  38
1977 1942 1797  38
1802 1806 1933  38
1933 1785 1883  38
1934 1961 1830  38
1934 1842 1915  38
1891 1913 1935  38
1935 1825 1880  38
1936 1770 1860  38
1860 1758 1936  38
1937 917 918  38
918 919 1937  38
1938 205 206  38
1938 207 1877  38
1862 1901 1939  38
1939 89 875  38
1940 966 1768  38
1768 1809 1940  38
943 1970 942  38
1941 1897 1904  38
179 1977 178  38
179 180 1942  38
1958 1810 1793  38
1943 1831 1886  38
1944 101 982  38
982 983 1944  38
1910 1929 1945  38
1945 1765 1807  38
1946 1892 1793  38
1946 1810 960  38
1801 1828 1947  38
1759 1986 1897  38
1948 1973 1744  38
1948 101 1804  38
1969 1811 1869  38
1869 1840 1949  38
1950 1762 1932  38
1932 1797 1950  38
1951 897 1918  38
1918 1876 1951  38
1952 1976 1804  38
1952 984 1844  38
1953 884 885  38
1953 1888 1873  38
1864 1915 1954  38
1954 1842 1752  38
1941 1972 1970  38
1941 1904 1955  38
1956 795 794  38
1956 1853 1813  38
809 808 1957  38
1957 1800 1921  38
1958 1755 1822  38
1822 1943 1958  38
1959 1981 1827  38
1959 1867 812  38
1960 909 92  38
1960 910 1827  38
1961 859 1795  38
1795 1830 1961  38
1820 1981 1917  38
1962 1829 1782  38
1963 1872 1849  38
1963 853 725  38
1813 1916 1964  38
1964 91 1823  38
1965 99 1940  38
1965 1809 1808  38
1807 1765 1966  38
1966 1864 1954  38
197 198 1967  38
1967 1824 1881  38
1812 1862 1968  38
1968 1751 1906  38
1969 82 1861  38
1969 1869 1949  38
941 942 1970  38
1970 1779 1941  38
1971 1789 1902  38
1902 185 1971  38
1972 1796 1778  38
1972 941 1970  38
1896 838 1973  38
838 1744 1973  38
1974 1782 1829  38
1974 1769 1874  38
1790 1757 1975  38
1975 1893 1767  38
1976 1973 1948  38
1948 1804 1976  38
1977 1922 177  38
177 178 1977  38
1978 1747 1976  38
1978 1952 1844  38
1979 1796 1890  38
1890 1783 1979  38
1980 1904 1821  38
1821 1745 1980  38
1962 1854 1981  38
1981 1959 1917  38
94 1992 963  38
1982 928 1893  38
1990 1777 1993  38
1983 1775 1791  38
1984 79 1867  38
1867 1743 1984  38
1906 1863 1985  38
1985 1910 1908  38
1947 1828 1986  38
1986 827 1920  38
1987 1748 1777  38
1777 924 1987  38
1988 1924 822  38
1988 1907 1841  38
971 1802 1989  38
1802 1933 1989  38
1993 1775 1983  38
1990 920 921  38
1991 1860 1770  38
1770 998 1991  38
1994 1982 1835  38
1858 963 1992  38
1993 1748 1898  38
1993 1983 1990  38
1994 1892 1858  38
1858 1992 1994  38
2170 2189 1083  39
2166 1009 2038  39
2201 1065 1066  39
2110 1004 1005  39
2221 2218 2177  39
1064 2062 1063  39
1001 2138 1000  39
1015 593 592  39
1014 2012 1013  39
2196 1118 1119  39
2068 2077 2029  39
2159 2014 2045  39
2055 1130 1131  39
2086 2068 2045  39
2025 107 1034  39
1199 2180 1198  39
2163 2158 2024  39
2049 1195 1196  39
1135 2111 1134  39
2088 1047 1048  39
2018 28 72  39
1057 2157 1056  39
2128 2179 560  39
557 2100 558  39
1047 445 1046  39
2085 1145 1146  39
2114 2019 2098  39
1007 2110 1006  39
2134 2019 2133  39
1068 2139 1067  39
1069 2168 2139  39
2038 102 2013  39
1004 2132 1003  39
2201 2013 2149  39
2114 1073 2019  39
2153 2206 2046  39
2132 103 1003  39
36 2087 652  39
113 2044 2004  39
1018 2102 1017  39
2042 111 2206  39
2206 1098 2046  39
1002 727 2094  39
2134 2132 2019  39
1075 2019 1074  39
2019 1075 2133  39
1073 2114 1072  39
1098 2206 111  39
1998 2208 2043  39
2116 2004 2044  39
2044 113 1081  39
1017 2073 1016  39
2044 1081 1082  39
2026 2081 654  39
1088 2083 1998  39
2009 2026 653  39
2064 1095 1096  39
2138 2081 2060  39
2080 2152 2105  39
2009 2083 2105  39
2083 1088 1089  39
2167 1095 2064  39
1093 2167 2152  39
1092 2152 2080  39
1079 2221 2058  39
1097 2072 2064  39
2064 1096 1097  39
2001 2177 2062  39
1065 2201 2149  39
2149 1064 1065  39
1064 2149 2062  39
2222 2221 2177  39
110 2221 1080  39
2221 110 2218  39
727 1002 67  39
2152 2009 2105  39
1088 1998 1087  39
2081 2026 2060  39
1085 2170 1084  39
2100 2070 2017  39
655 727 41  39
2170 1083 1084  39
654 653 2026  39
1015 2073 593  39
593 2073 594  39
2073 35 594  39
35 2073 2066  39
591 34 2012  39
1015 592 1014  39
1102 2108 1996  39
2012 1014 592  39
1013 2012 1012  39
2059 2216 2078  39
33 2002 34  39
2104 1207 1208  39
2191 114 1099  39
2219 2144 2130  39
114 2191 2022  39
114 2022 1116  39
2174 2195 105  39
1101 2191 1100  39
1026 2077 1025  39
1100 2191 1099  39
2191 1101 1996  39
2108 1103 1104  39
2068 2029 2045  39
1021 2086 1020  39
2069 1135 117  39
1107 2159 1106  39
1109 2219 2014  39
1104 2151 2108  39
2029 2203 2151  39
2203 2029 2077  39
2108 1102 1103  39
2144 2195 2130  39
2014 2219 2130  39
2164 2024 2053  39
2183 2051 1032  39
2014 2130 2086  39
1033 2195 2075  39
1033 2183 1032  39
2144 2115 2195  39
1175 2047 1174  39
2051 586 2003  39
586 2051 587  39
1135 2069 2065  39
2175 2147 2079  39
2196 1117 1118  39
2002 33 590  39
2155 589 588  39
1117 2196 2069  39
1032 2051 1031  39
2065 2183 2146  39
115 2115 1115  39
1129 2059 1128  39
2216 2055 2154  39
2055 1129 1130  39
2129 1125 1126  39
2028 1116 2022  39
1133 2212 1132  39
1131 2212 2055  39
2071 2129 2005  39
2079 1123 2071  39
1125 2129 2071  39
2078 1127 2059  39
1086 2043 1085  39
2051 2003 1031  39
2051 2155 588  39
585 2003 586  39
2147 1121 1122  39
2131 2078 2002  39
2101 2117 2050  39
2185 2104 2090  39
1183 2213 1182  39
2123 1188 2120  39
2003 2016 1029  39
582 2016 583  39
2016 2003 584  39
584 2003 585  39
1178 2172 1177  39
1180 2101 2050  39
1180 2050 1179  39
1177 2034 1176  39
2054 1201 2035  39
1175 2215 2047  39
2033 2172 2117  39
2140 1172 1173  39
1049 2088 1048  39
1172 2039 122  39
2140 2215 2207  39
2039 1189 122  39
2007 1184 1185  39
1188 2123 1187  39
2145 1185 1186  39
1184 2091 1183  39
2213 1181 1182  39
2091 1184 2007  39
2101 2127 2063  39
2145 2194 2091  39
1185 2145 2007  39
1191 2164 1190  39
1192 2024 1191  39
1207 2104 2084  39
1193 2024 1192  39
1207 2120 123  39
123 2120 1188  39
125 2164 2107  39
2107 2104 1208  39
2054 2035 2015  39
2180 1200 2054  39
2025 2150 2054  39
2180 1197 1198  39
1039 2040 1999  39
1195 2163 1194  39
1193 2163 2024  39
1197 2180 2049  39
2040 1039 1040  39
106 2040 1041  39
1036 2025 1035  39
1039 1999 1038  39
2039 2210 2052  39
2015 2126 1050  39
2035 1204 2031  39
107 2025 2015  39
1204 2035 1203  39
2070 2141 2017  39
2171 2011 2088  39
2165 1205 1206  39
2031 2165 2126  39
2031 1204 1205  39
2172 2033 2034  39
2056 2136 1043  39
2088 445 1047  39
445 2088 446  39
15 2088 2011  39
20 2214 580  39
1046 2211 1045  39
2192 2205 2160  39
1155 2160 2148  39
2093 1150 1151  39
2168 1071 2114  39
2168 2098 2142  39
1044 2211 2056  39
444 2211 1046  39
2211 442 2097  39
2211 444 443  39
1046 445 444  39
19 2179 14  39
556 2018 557  39
2100 2143 2020  39
2187 2188 2020  39
28 2018 556  39
1167 2067 1166  39
2143 2100 2018  39
2082 2176 2169  39
2099 2125 120  39
2204 2187 2020  39
1170 2169 1169  39
2169 2125 2082  39
2067 2199 2184  39
1167 2199 2067  39
2100 2128 559  39
2141 2118 2017  39
1139 2061 1138  39
1142 2141 1141  39
1137 2187 1136  39
2061 2220 2070  39
1136 2187 118  39
1061 2143 1060  39
2135 2118 1995  39
2141 1142 2118  39
1995 1145 2089  39
2173 2097 2106  39
2032 2182 2008  39
1152 2096 2093  39
2085 2008 2089  39
1148 2076 2032  39
2032 1147 1148  39
1147 2085 1146  39
1145 1995 1144  39
1058 2010 1057  39
2148 121 1155  39
2096 1152 119  39
2074 119 121  39
121 2148 2074  39
1157 2192 2160  39
2160 1155 1156  39
1061 2176 1997  39
1161 2190 1160  39
2006 2057 2010  39
2200 2176 109  39
2217 2067 2184  39
2157 1054 1055  39
2192 1159 2190  39
2217 2193 1163  39
1163 2193 1162  39
2200 2199 2176  39
2199 1167 1168  39
2193 2190 1161  39
2202 1053 1054  39
1052 2200 1051  39
2202 1052 1053  39
1143 2118 1142  39
1143 1144 1995  39
1101 1102 1996  39
2203 1996 2108  39
2082 2204 1997  39
2204 118 2187  39
2066 2156 2087  39
1087 2043 1086  39
1999 1036 1037  39
1037 1038 1999  39
2069 117 1117  39
589 2155 2161  39
1009 2166 1008  39
102 2103 2013  39
1127 2129 1126  39
2012 2178 2095  39
2003 1029 1030  39
1030 1031 2003  39
2102 2066 2073  39
2004 1098 113  39
590 2161 2131  39
1123 2147 1122  39
108 2010 1058  39
108 1042 2006  39
2123 2194 2145  39
581 2041 582  39
2097 2182 2106  39
2179 2135 2008  39
653 652 2009  39
1090 2105 2083  39
2010 108 2006  39
2193 2057 2190  39
1172 2140 2039  39
2214 2063 580  39
2021 1133 116  39
2012 592 591  39
102 2038 1010  39
2013 2103 2001  39
2014 1107 1108  39
1108 1109 2014  39
1201 2054 1200  39
2035 2031 2015  39
1028 1029 2016  39
2016 584 583  39
2220 1140 2141  39
2118 1143 1995  39
2018 72 1059  39
1059 1060 2018  39
1073 1074 2019  39
2132 2134 103  39
2143 2018 1060  39
2187 1137 2061  39
1011 2162 104  39
2028 2112 2095  39
2022 2162 2109  39
2212 1131 1132  39
1095 2167 1094  39
2138 2058 2113  39
2158 2163 2040  39
2024 2158 2053  39
2025 1034 1035  39
2025 1036 1999  39
2181 2060 2026  39
654 2081 655  39
2166 2038 2027  39
1069 2139 1068  39
1116 2021 116  39
1011 2112 2109  39
1023 2077 2068  39
1105 2159 2151  39
2121 2185 1027  39
2121 1027 1028  39
2188 2187 2061  39
1205 2165 2031  39
2179 2008 2182  39
2076 1148 1149  39
2050 1178 1179  39
2011 2214 15  39
1175 1176 2034  39
2115 1113 1114  39
2035 1201 1202  39
1202 1203 2035  39
2157 2202 1054  39
2157 1057 2010  39
2124 1119 1120  39
2079 2071 2005  39
2139 2168 2027  39
2038 1009 1010  39
2207 2171 2210  39
1189 2039 2052  39
1040 1041 2040  39
2163 1195 2049  39
2041 2121 2016  39
2016 582 2041  39
1077 2133 1076  39
1077 1078 2042  39
2043 1087 1998  39
2208 1998 2156  39
2004 2116 2119  39
2044 2189 2116  39
2014 2159 1107  39
2086 1021 2068  39
2042 2206 2122  39
2046 1098 2004  39
2047 1173 1174  39
2215 1175 2034  39
1150 2093 2076  39
2136 2209 1042  39
1196 1197 2049  39
2040 2198 1999  39
581 2127 2041  39
2063 2214 2117  39
2051 2183 2000  39
2051 588 587  39
1049 2197 2171  39
1189 2186 124  39
2164 1191 2024  39
2158 2040 106  39
2015 2025 2054  39
1200 2180 1199  39
2055 2212 2154  39
2178 2012 34  39
2182 2076 2092  39
2056 1043 1044  39
2057 2193 2036  39
2057 2036 2010  39
1079 2072 112  39
999 2113 2103  39
2059 1127 1128  39
2059 1129 2055  39
2060 2181 2023  39
2081 2138 2094  39
2100 2188 2070  39
2061 1137 1138  39
1062 1063 2062  39
2062 2149 2001  39
581 580 2063  39
2214 2011 2033  39
2072 1097 112  39
2137 2064 2072  39
2111 2115 115  39
2000 2069 2037  39
2119 2153 2046  39
2066 2087 35  39
1165 2217 1164  39
1165 1166 2067  39
2068 1021 1022  39
1022 1023 2068  39
2037 2196 2124  39
2069 2000 2065  39
2197 2052 2171  39
2015 1050 107  39
2071 1123 1124  39
1124 1125 2071  39
2072 1079 2058  39
2064 2137 2023  39
2073 1015 1016  39
2066 2119 2116  39
2006 2209 2205  39
2048 2173 2106  39
2115 2111 2075  39
2111 1135 2065  39
2076 1149 1150  39
2076 2093 2092  39
2077 1023 1024  39
1024 1025 2077  39
2002 2216 2178  39
2131 2129 2078  39
2155 2175 2161  39
1121 2147 2124  39
2080 1090 1091  39
1091 1092 2080  39
2138 1001 2094  39
655 2094 727  39
2169 1171 2125  39
2125 2099 2082  39
2009 1998 2083  39
2083 1089 1090  39
2053 2185 2090  39
2084 2121 2030  39
2085 1147 2032  39
2032 2008 2085  39
2045 2014 2086  39
1020 2174 1019  39
652 2156 2009  39
2087 36 35  39
2207 2033 2011  39
2088 15 446  39
2118 2135 2128  39
2089 1145 2085  39
2195 1033 105  39
2144 2219 1111  39
2194 2041 2127  39
2127 2101 2213  39
2076 2182 2032  39
2096 2092 2093  39
1151 1152 2093  39
2092 2096 2048  39
2094 655 2081  39
2094 1001 1002  39
2028 2212 2021  39
2012 2112 1012  39
2096 119 2074  39
2074 2048 2096  39
442 2211 443  39
442 14 2097  39
2110 2132 1004  39
2110 2166 2142  39
2099 120 1153  39
1153 1154 2099  39
2100 559 558  39
2100 557 2018  39
2101 1180 1181  39
1181 2213 2101  39
2073 1017 2102  39
2153 2119 2102  39
2103 102 999  39
2103 2177 2001  39
2104 2107 2090  39
2104 2185 2084  39
2105 1090 2080  39
2009 2181 2026  39
2092 2048 2106  39
2097 2173 2056  39
1208 125 2107  39
2090 2164 2053  39
2029 2159 2045  39
2203 2162 1996  39
2112 2022 2109  39
2022 2112 2028  39
1005 1006 2110  39
2168 2114 2098  39
2111 2146 2075  39
2111 115 1134  39
2112 1011 1012  39
2112 2012 2095  39
2113 999 1000  39
2058 2138 2137  39
1071 2168 1070  39
1071 1072 2114  39
2115 2144 1113  39
1114 1115 2115  39
2189 2170 2116  39
2208 2116 2170  39
2172 1178 2050  39
2117 2101 2063  39
2128 2017 2118  39
2128 2100 2017  39
2119 2066 2102  39
2119 2046 2004  39
2120 1207 2084  39
2084 2030 2120  39
1028 2016 2121  39
2121 2041 2030  39
2134 2153 1018  39
2133 1077 2042  39
1186 1187 2123  39
2123 2120 2030  39
1120 1121 2124  39
2175 2124 2147  39
1171 2169 1170  39
1171 120 2125  39
2126 2015 2031  39
124 2186 2165  39
2041 2194 2030  39
2127 581 2063  39
2179 2128 2135  39
560 559 2128  39
2129 1127 2078  39
2129 2131 2005  39
2174 1020 2086  39
2219 1109 1110  39
2002 590 2131  39
2131 2161 2005  39
2132 2142 2098  39
2098 2019 2132  39
2133 1075 1076  39
2133 2042 2122  39
2133 2122 2134  39
2134 1018 103  39
2135 1995 2089  39
2089 2008 2135  39
2048 2074 2136  39
2136 1042 1043  39
2060 2023 2137  39
2137 2072 2058  39
2060 2137 2138  39
2138 2113 1000  39
2027 2038 2139  39
1067 2201 1066  39
2140 1173 2047  39
2215 2034 2033  39
1140 2220 1139  39
1140 1141 2141  39
2142 2132 2110  39
2142 2166 2027  39
2143 1061 1997  39
2143 2204 2020  39
2144 1111 1112  39
1112 1113 2144  39
2091 2007 2145  39
2145 1186 2123  39
1033 2075 2146  39
2146 2111 2065  39
2147 1123 2079  39
2124 2175 2037  39
2160 1156 1157  39
2209 2136 2074  39
2013 2201 2038  39
2013 2001 2149  39
2150 2025 1999  39
2198 2180 2150  39
2151 2203 2108  39
2151 1104 1105  39
2152 1092 1093  39
2167 2064 2023  39
2153 2102 1018  39
2153 2134 2122  39
2055 2216 2059  39
2154 2028 2095  39
2155 2051 2000  39
2000 2037 2155  39
1998 2009 2156  39
2156 652 2087  39
1055 1056 2157  39
2157 2010 2036  39
106 1027 2158  39
2158 2185 2053  39
2159 2029 2151  39
2159 1105 1106  39
2006 2192 2057  39
2205 2192 2006  39
2161 2079 2005  39
2161 590 589  39
2162 2203 104  39
2162 1011 2109  39
2163 1193 1194  39
2163 2049 2040  39
2164 2090 2107  39
2164 125 1190  39
1206 124 2165  39
2186 1189 2052  39
2166 2110 1007  39
1007 1008 2166  39
2167 2181 2152  39
2167 1093 1094  39
2142 2027 2168  39
2168 1069 1070  39
2176 2082 1997  39
1169 2199 1168  39
2170 1085 2043  39
2116 2208 2066  39
2088 1049 2171  39
2197 2186 2052  39
2034 1177 2172  39
2172 2050 2117  39
2173 2048 2136  39
2136 2056 2173  39
105 1019 2174  39
2174 2086 2130  39
2079 2161 2175  39
2175 2155 2037  39
2176 1061 109  39
2199 1169 2169  39
2062 2218 1062  39
2103 2222 2177  39
34 2002 2178  39
2178 2154 2095  39
2182 2097 14  39
2179 19 560  39
2180 2054 2150  39
2180 2198 2049  39
2181 2009 2152  39
2181 2167 2023  39
2182 2092 2106  39
2182 14 2179  39
2183 1033 2146  39
2183 2065 2000  39
1052 2202 2200  39
2217 1165 2067  39
2185 2158 1027  39
2185 2121 2084  39
2186 2197 2126  39
2126 2165 2186  39
1154 2204 2099  39
118 2204 1154  39
2061 2070 2188  39
2188 2100 2020  39
2189 2044 1082  39
1082 1083 2189  39
1159 2192 1158  39
1159 1160 2190  39
2191 1996 2162  39
2162 2022 2191  39
2192 1157 1158  39
2192 2190 2057  39
1161 1162 2193  39
2193 2217 2036  39
2127 2091 2194  39
2194 2123 2030  39
2115 2075 2195  39
2195 2174 2130  39
1119 2124 2196  39
2196 2037 2069  39
2197 1049 1050  39
1050 2126 2197  39
2150 1999 2198  39
2198 2040 2049  39
2199 2169 2176  39
2199 2200 2184  39
109 1051 2200  39
2200 2202 2184  39
2201 1067 2139  39
2139 2038 2201  39
2202 2157 2036  39
2202 2217 2184  39
2203 2077 1026  39
1026 104 2203  39
2204 2143 1997  39
2204 2082 2099  39
2205 2209 2148  39
2148 2160 2205  39
2206 2153 2122  39
111 2042 1078  39
2011 2171 2207  39
2140 2210 2039  39
2156 2066 2208  39
2208 2170 2043  39
2074 2148 2209  39
2209 2006 1042  39
2171 2052 2210  39
2210 2140 2207  39
2211 2097 2056  39
2211 1044 1045  39
2212 1133 2021  39
2212 2028 2154  39
2213 1183 2091  39
2091 2127 2213  39
2214 20 15  39
2214 2033 2117  39
2033 2207 2215  39
2215 2140 2047  39
2154 2178 2216  39
2216 2002 2078  39
2217 2202 2036  39
2217 1163 1164  39
110 1062 2218  39
2218 2062 2177  39
1110 1111 2219  39
2021 1116 2028  39
2141 2070 2220  39
2220 2061 1139  39
2221 2222 2058  39
2221 1079 1080  39
2222 2103 2113  39
2113 2058 2222  39
1059 795 1060  40
1209 1061 793  40
794 1061 1060  40
1059 796 795  40
1061 1209 109  40
796 1059 72  40
1060 795 794  40
796 72 73  40
1061 794 793  40
793 78 1209  40
855 1000 999  41
1000 855 854  41
1210 999 102  41
855 999 1210  41
1000 854 1001  41
855 1210 85  41
1002 66 67  41
1001 853 1002  41
853 1001 854  41
66 1002 853  41
765 713 76  42
60 765 766  42
713 765 60  42
60 769 708  42
60 768 769  42
767 60 766  42
759 570 54  42
768 60 767  42
713 62 76  42
566 64 567  42
76 62 791  42
64 566 791  42
791 566 30  42
570 759 31  42
567 64 568  42
64 791 62  42
568 54 569  42
54 570 569  42
54 568 64  42
58 771 772  42
58 775 703  42
703 74 55  42
55 74 759  42
759 54 55  42
771 58 708  42
58 774 775  42
774 58 773  42
74 703 775  42
58 772 773  42
770 708 769  42
771 708 770  42
786 48 670  43
46 784 670  43
788 48 787  43
48 786 787  43
46 781 782  43
781 46 780  43
783 46 782  43
784 46 783  43
42 792 43  43
77 662 43  43
662 77 780  43
780 46 662  43
792 42 646  43
792 646 39  43
77 43 792  43
645 42 644  43
646 42 645  43
52 644 42  43
52 764 642  43
644 52 643  43
643 52 642  43
764 52 50  43
642 764 38  43
790 48 789  43
50 75 764  43
48 788 789  43
676 75 50  43
670 785 786  43
785 670 784  43
48 790 676  43
75 676 790  43
973 2234 972  44
965 2239 1211  44
2235 2234 974  44
1069 2228 1070  44
2228 2225 2223  44
2233 1078 1077  44
1078 2233 1215  44
2231 2224 2229  44
2238 979 980  44
2233 2238 1214  44
2237 976 977  44
2233 1214 1215  44
979 2237 978  44
2238 2237 979  44
976 2237 2235  44
981 2238 980  44
1214 981 100  44
1071 2224 1072  44
969 2232 2226  44
971 2234 2232  44
976 2235 975  44
2224 2235 2229  44
2235 974 975  44
1065 2236 1066  44
1071 2228 2224  44
2227 1213 1212  44
968 2226 967  44
2239 2227 1212  44
2239 967 2226  44
969 2226 968  44
965 1211 99  44
2227 1062 1213  44
971 2232 970  44
1066 2225 1067  44
2226 2236 2227  44
1066 2236 2225  44
2234 2235 2230  44
1063 2227 1064  44
1215 111 1078  44
1062 2227 1063  44
1213 1062 110  44
2225 2228 1069  44
2225 1069 1068  44
1073 2231 1074  44
1073 1072 2224  44
1068 1067 2225  44
2223 2225 2236  44
967 2239 966  44
2223 2234 2230  44
2227 2239 2226  44
1064 2236 1065  44
2228 2230 2224  44
2228 1071 1070  44
1076 2233 1077  44
2231 1073 2224  44
2230 2228 2223  44
974 2234 973  44
2231 1076 1075  44
1075 1074 2231  44
2223 2226 2232  44
2232 969 970  44
2233 1076 2231  44
2231 2229 2233  44
2234 2223 2232  44
2234 971 972  44
2235 2237 2229  44
2235 2224 2230  44
2236 1064 2227  44
2236 2226 2223  44
977 978 2237  44
2237 2238 2229  44
2238 981 1214  44
2238 2233 2229  44
2239 1212 1211  44
2239 965 966  44
1214 1217 1216  45
1216 100 1214  45
1215 1098 1218  45
1217 1215 1218  45
113 1218 1098  45
1217 1214 1215  45
1098 1215 111  45
100 1216 101  45
2250 991 992  46
1093 2256 1094  46
2254 996 997  46
994 2250 993  46
2242 1097 1096  46
2242 1096 1095  46
1097 2242 1221  46
1221 2242 1220  46
2250 992 993  46
2252 2250 2244  46
982 2245 1216  46
2252 2257 2248  46
998 2254 997  46
998 98 1219  46
1091 2257 1092  46
996 2244 995  46
996 2254 2244  46
989 2255 988  46
987 2255 2243  46
991 2251 990  46
2250 2251 991  46
2243 2246 2245  46
2247 2255 2251  46
2245 982 983  46
2249 2245 2246  46
2253 1086 1085  46
112 1097 1221  46
2245 984 2243  46
2243 2255 2241  46
982 1216 101  46
2255 989 2251  46
2251 2250 2248  46
1089 2247 1090  46
2246 2243 2241  46
1088 2247 1089  46
2253 1085 1084  46
2240 1088 1087  46
1086 2253 2240  46
1083 2253 1084  46
2240 2253 2241  46
1081 2249 1082  46
113 1218 1081  46
1087 1086 2240  46
987 2243 986  46
984 2245 983  46
2240 2255 2247  46
2252 2244 2254  46
1095 2256 2242  46
2243 984 985  46
985 986 2243  46
994 995 2244  46
1220 2254 1219  46
1217 2249 1218  46
1217 1216 2245  46
2253 1083 2249  46
2245 2249 1217  46
1090 2257 1091  46
2247 1088 2240  46
1093 2257 2256  46
2257 1090 2247  46
2249 1083 1082  46
2249 1081 1218  46
2250 994 2244  46
2250 2252 2248  46
2248 2247 2251  46
2251 989 990  46
2242 2254 1220  46
2257 2252 2256  46
2253 2249 2246  46
2246 2241 2253  46
2254 998 1219  46
2254 2242 2252  46
2255 2240 2241  46
2255 987 988  46
2252 2242 2256  46
2256 1095 1094  46
2257 1093 1092  46
2257 2247 2248  46
1220 2258 1212  47
110 1213 1080  47
1219 1212 1211  47
2258 1220 1221  47
1211 964 1219  47
1212 2258 1213  47
1221 112 1079  47
1079 2258 1221  47
98 1219 964  47
1212 1219 1220  47
964 1211 99  47
2258 1079 1080  47
1080 1213 2258  47
857 1222 87  48
2270 2274 2262  48
2265 1113 1112  48
2266 2270 2269  48
2263 1115 1114  48
1115 1226 115  48
1226 2263 1225  48
2271 868 869  48
861 2264 860  48
1115 2263 1226  48
2263 1114 1113  48
871 2271 870  48
872 2273 871  48
2274 2273 2263  48
873 2273 872  48
1225 873 88  48
2262 2275 2269  48
2261 2275 2267  48
861 2272 2264  48
868 2271 2270  48
2270 2266 866  48
2270 866 867  48
2259 1224 1223  48
2266 863 864  48
2260 1223 1222  48
2272 2266 2261  48
1223 2260 2259  48
857 2260 1222  48
2260 857 858  48
2275 1108 1107  48
2259 1099 1224  48
2266 2272 863  48
1103 2268 2267  48
1108 2262 1109  48
2267 1106 1105  48
1108 2275 2262  48
1103 2267 1104  48
1101 2268 1102  48
1100 2259 1101  48
1099 2259 1100  48
1224 1099 114  48
859 2264 2260  48
1102 2268 1103  48
2260 858 859  48
2264 2268 2259  48
863 2272 862  48
2267 2275 1106  48
1110 2265 1111  48
1110 1109 2262  48
871 2273 2271  48
1113 2265 2263  48
2264 2259 2260  48
2264 859 860  48
2265 1112 1111  48
2265 1110 2262  48
2266 864 865  48
865 866 2266  48
1105 1104 2267  48
2268 1101 2259  48
2268 2264 2261  48
2261 2267 2268  48
2261 2266 2269  48
2262 2269 2270  48
2270 867 868  48
2274 2263 2265  48
2271 869 870  48
2273 873 1225  48
2261 2264 2272  48
2272 861 862  48
1225 2263 2273  48
2273 2274 2271  48
2265 2262 2274  48
2274 2270 2271  48
1107 1106 2275  48
2275 2261 2269  48
1228 1225 1226  49
1225 1228 1227  49
1228 2276 1229  49
1135 2276 1134  49
2276 1228 1226  49
1229 1135 117  49
1227 874 1225  49
115 2276 1226  49
874 1227 89  49
1225 874 88  49
2276 115 1134  49
2276 1135 1229  49
1119 2286 1120  50
2292 1119 1118  50
2281 875 876  50
883 2279 882  50
1128 2280 1129  50
2287 1133 1132  50
1231 116 1133  50
2287 2293 2290  50
889 2291 888  50
2278 2289 2284  50
888 2291 887  50
886 2291 2288  50
1131 2287 1132  50
2290 2293 2291  50
890 2290 889  50
2291 889 2290  50
891 2290 890  50
1230 891 86  50
1128 2282 2280  50
881 2285 880  50
879 2285 2283  50
2293 2288 2291  50
2288 2279 884  50
2288 884 885  50
2279 2288 2277  50
2279 2285 881  50
2281 2292 1228  50
877 2283 2281  50
1227 2281 1228  50
2284 2289 1124  50
875 2281 1227  50
875 1227 89  50
1133 2287 1231  50
2284 2286 2278  50
2283 2278 2286  50
2286 2284 1121  50
1126 2282 1127  50
2289 1126 1125  50
1119 2292 2286  50
1117 2292 1118  50
1229 1117 117  50
884 2279 883  50
1126 2289 2282  50
1121 2284 1122  50
879 2283 878  50
2277 2278 2279  50
2279 881 882  50
2280 1131 1130  50
1130 1129 2280  50
2292 2283 2286  50
2281 876 877  50
2282 1128 1127  50
2282 2289 2277  50
2283 877 878  50
2278 2283 2285  50
2284 1124 1123  50
1123 1122 2284  50
2285 879 880  50
2285 2279 2278  50
2286 1121 1120  50
2283 2292 2281  50
1231 2290 1230  50
2287 1131 2280  50
2282 2277 2288  50
2288 885 886  50
1125 1124 2289  50
2289 2278 2277  50
2290 891 1230  50
2290 1231 2287  50
2288 2293 2282  50
2291 886 887  50
2292 1117 1229  50
1229 1228 2292  50
2293 2287 2280  50
2280 2282 2293  50
1231 1224 1223  51
1116 1231 116  51
1223 1230 1231  51
1224 1116 114  51
1231 1116 1224  51
1230 1223 1222  51
856 1222 87  51
1230 1222 856  51
1230 856 86  51
904 2297 903  52
1152 2310 1237  52
2310 2301 1236  52
2301 907 908  52
2310 1152 1151  52
2300 2296 2302  52
1237 119 1152  52
2296 2310 2305  52
1236 2301 1235  52
1148 2305 1149  52
1150 2310 1151  52
1145 2302 1146  52
905 2297 904  52
907 2304 906  52
909 2301 908  52
92 1235 909  52
2300 2297 2296  52
2304 905 906  52
2299 900 901  52
898 2307 2303  52
2297 2300 2299  52
2297 2304 2296  52
2307 898 899  52
900 2307 899  52
2294 894 895  52
2303 895 896  52
1139 2295 1140  52
893 2294 1232  52
2294 893 894  52
1232 2294 1233  52
898 2303 897  52
893 1232 91  52
2311 2307 2306  52
2298 1138 1137  52
2306 1145 1144  52
1143 2311 2306  52
1138 2295 1139  52
1141 2311 1142  52
1138 2298 2295  52
2294 2298 1233  52
1136 2298 1137  52
118 1234 1136  52
2298 1136 1234  52
895 2303 2294  52
2307 2311 2309  52
2295 1141 1140  52
905 2304 2297  52
2305 1148 2302  52
902 2299 901  52
902 903 2297  52
1234 1233 2298  52
2295 2311 1141  52
2299 902 2297  52
2306 2302 1145  52
1146 2302 1147  52
2306 1144 1143  52
2301 909 1235  52
2301 2310 2296  52
2302 1148 1147  52
2302 2306 2300  52
2294 2308 2298  52
2303 896 897  52
2304 907 2301  52
2301 2296 2304  52
1150 1149 2305  52
2305 2302 2296  52
2303 2309 2308  52
2299 2300 2306  52
2307 900 2299  52
2299 2306 2307  52
2295 2298 2308  52
2308 2294 2303  52
2295 2308 2309  52
2309 2303 2307  52
1236 1237 2310  52
2310 1150 2305  52
2311 1143 1142  52
2311 2295 2309  52
119 1240 1237  53
1237 1239 1236  53
1240 119 121  53
1239 1237 1240  53
1235 1239 1238  53
1239 1235 1236  53
1235 910 92  53
910 1235 1238  53
1238 93 910  53
921 2323 2319  54
1171 2321 1243  54
2321 1171 1170  54
925 2328 924  54
1242 2325 1241  54
921 2319 920  54
1243 120 1171  54
1243 2321 1242  54
2321 2328 2325  54
1167 2324 1168  54
1169 2324 2321  54
1164 2327 1165  54
923 2328 2323  54
927 2325 926  54
926 2325 925  54
90 1241 927  54
2327 2329 2312  54
2328 923 924  54
917 2322 916  54
2317 2316 2313  54
919 2320 918  54
2327 1167 1166  54
2322 2320 2317  54
2320 919 2319  54
913 2326 912  54
915 2313 914  54
2318 2313 2316  54
911 2326 1238  54
2326 913 2313  54
2326 2318 1239  54
915 2322 2313  54
911 1238 93  54
2316 2317 2314  54
2318 1157 1156  54
2319 919 920  54
2322 917 2320  54
1157 2316 1158  54
1160 2314 1161  54
1157 2318 2316  54
1159 2314 1160  54
1155 2318 1156  54
121 1240 1155  54
923 2323 922  54
1167 2327 2324  54
1159 2316 2314  54
2313 913 914  54
1162 2315 1163  54
1162 1161 2314  54
2315 1164 1163  54
2315 1162 2314  54
2316 1159 1158  54
2318 2326 2313  54
2329 2323 2312  54
2315 2314 2317  54
2318 1155 1240  54
1240 1239 2318  54
2323 2329 2319  54
2319 2329 2320  54
2320 2315 2317  54
2320 917 918  54
2321 1170 1169  54
2324 2327 2312  54
2317 2313 2322  54
2322 915 916  54
2323 921 922  54
2323 2328 2312  54
2324 2328 2321  54
2324 1169 1168  54
2325 927 1241  54
2325 1242 2321  54
2326 1239 1238  54
2326 911 912  54
2327 1166 1165  54
2327 1164 2315  54
2328 925 2325  54
2328 2324 2312  54
2329 2327 2315  54
2315 2320 2329  54
1242 2330 1233  55
118 1234 1154  55
1241 1233 1232  55
2330 1242 1243  55
1232 892 1241  55
1233 2330 1234  55
1243 120 1153  55
1153 2330 1243  55
90 1241 892  55
1233 1241 1242  55
892 1232 91  55
2330 1153 1154  55
1154 1234 2330  55
937 2333 936  56
929 2340 1244  56
1183 2343 1184  56
2337 1178 1177  56
1182 2334 1183  56
2341 1188 1187  56
1188 2341 1248  56
940 2342 939  56
942 2336 941  56
1248 2335 1247  56
2341 2344 2335  56
2335 2344 2336  56
943 2336 942  56
944 2335 943  56
2336 943 2335  56
945 2335 944  56
1247 945 96  56
1181 2334 1182  56
2345 1176 1175  56
2333 2339 2338  56
2342 2344 2334  56
2342 2333 938  56
2342 2334 2332  56
2347 1172 1246  56
2333 2342 2332  56
931 2340 930  56
933 2331 932  56
2340 2347 1245  56
2340 931 2331  56
933 2338 2331  56
929 1244 95  56
2347 1174 1173  56
2337 2346 1179  56
2337 1179 1178  56
1174 2345 1175  56
2331 931 932  56
2346 2339 2332  56
1174 2347 2345  56
1248 123 1188  56
1172 2347 1173  56
1246 1172 122  56
1176 2337 1177  56
2337 2345 2339  56
938 2333 937  56
1181 2346 2334  56
935 2338 934  56
935 936 2333  56
2343 1186 1185  56
2334 2346 2332  56
2335 945 1247  56
1186 2343 2341  56
2344 2341 2343  56
2336 940 941  56
2345 2337 1176  56
2339 2331 2338  56
2338 933 934  56
2338 935 2333  56
2339 2333 2332  56
2339 2346 2337  56
2340 1245 1244  56
2340 929 930  56
2335 1248 2341  56
2341 1187 1186  56
2342 938 939  56
2342 940 2336  56
2343 1185 1184  56
2343 1183 2334  56
2343 2334 2344  56
2344 2342 2336  56
2331 2347 2340  56
2331 2339 2345  56
2346 1181 1180  56
1180 1179 2346  56
1246 1245 2347  56
2347 2331 2345  56
1250 2348 1251  57
1248 1250 1247  57
1208 2348 1207  57
1247 1250 1249  57
1251 1208 125  57
1249 946 1247  57
2348 1250 1248  57
123 2348 1248  57
946 1249 97  57
1247 946 96  57
2348 123 1207  57
2348 1208 1251  57
1193 2365 1194  58
2351 1190 1251  58
2364 949 2356  58
956 2349 955  58
1201 2362 1202  58
2353 1206 1205  58
1253 124 1206  58
2362 1201 2358  58
2350 2357 2352  58
953 2363 952  58
2357 961 962  58
2355 958 2350  58
2353 2357 1252  58
2350 958 959  58
2357 2350 961  58
961 2350 960  58
963 2357 962  58
1252 963 94  58
2358 2360 2355  58
1197 2361 2354  58
2363 2349 2359  58
958 2355 957  58
956 2355 2349  58
2360 2359 2349  58
1194 2365 2361  58
2354 1199 1198  58
2364 2351 1250  58
2356 949 950  58
2351 2364 2356  58
2354 2361 2359  58
947 2364 1249  58
947 1249 97  58
1206 2353 1253  58
2361 1197 1196  58
1192 2365 1193  58
1194 2361 1195  58
2358 2355 2352  58
2349 953 954  58
1191 2351 1192  58
1190 2351 1191  58
1251 1190 125  58
954 955 2349  58
1199 2358 1200  58
959 960 2350  58
2353 1252 1253  58
2351 1251 1250  58
949 2364 948  58
1204 2362 2353  58
2362 2358 2352  58
2353 1205 1204  58
2353 2362 2352  58
1198 1197 2354  58
2359 2360 2354  58
2355 956 957  58
2355 2350 2352  58
2356 950 951  58
951 2363 2356  58
2357 963 1252  58
2357 2353 2352  58
2358 1201 1200  58
2358 1199 2354  58
2356 2365 2351  58
2349 2363 953  58
2349 2355 2360  58
2360 2358 2354  58
1196 1195 2361  58
2365 2356 2359  58
2362 1204 1203  58
1203 1202 2362  58
2359 2356 2363  58
2363 951 952  58
2364 1250 1249  58
2364 947 948  58
2359 2361 2365  58
2365 1192 2351  58
1253 1246 1245  59
1252 1245 1244  59
1189 1253 124  59
1246 1189 122  59
1253 1189 1246  59
1245 1252 1253  59
928 1244 95  59
1252 1244 928  59
1252 928 94  59
1011 1255 844  60
1014 841 840  60
1011 843 1012  60
841 1014 1013  60
1015 840 839  60
1255 1011 104  60
840 1015 1014  60
844 1255 83  60
841 1013 842  60
842 1013 843  60
843 1011 844  60
839 1016 1015  60
837 1018 838  60
843 1013 1012  60
1254 837 84  60
1016 839 838  60
1254 1018 837  60
1016 838 1017  60
1018 1254 103  60
838 1018 1017  60
1005 2368 1004  61
850 2366 849  61
1003 1254 103  61
850 2368 2366  61
1003 2368 1254  61
849 2366 848  61
2368 852 1254  61
2368 850 851  61
852 2368 851  61
1254 852 84  61
845 2367 1210  61
847 2367 846  61
2367 1010 1210  61
2367 847 2366  61
845 1210 85  61
1008 2366 1007  61
2366 847 848  61
102 1210 1010  61
1008 2367 2366  61
1010 2367 1009  61
2366 1005 1006  61
1006 1007 2366  61
2367 1008 1009  61
2367 845 846  61
2368 1003 1004  61
2368 1005 2366  61
1051 1209 109  62
804 2371 803  62
1051 2371 1209  62
804 78 1209  62
2371 804 1209  62
802 2371 2369  62
801 2369 800  62
1053 2371 1052  62
2371 802 803  62
802 2369 801  62
797 2370 1256  62
799 2370 798  62
2370 1058 1256  62
2370 799 2369  62
797 1256 79  62
1056 2369 1055  62
2369 799 800  62
108 1256 1058  62
1056 2370 2369  62
1058 2370 1057  62
2369 1053 1054  62
1054 1055 2369  62
2370 1056 1057  62
2370 797 798  62
2371 1051 1052  62
2371 1053 2369  62
810 1045 809  63
805 1049 1050  63
808 1046 1047  63
811 1043 1044  63
1049 805 806  63
1044 810 811  63
1043 812 1042  63
806 1048 1049  63
805 1257 80  63
1048 806 807  63
812 1043 811  63
807 1047 1048  63
1257 805 1050  63
1050 107 1257  63
1047 807 808  63
1046 808 809  63
1046 809 1045  63
79 1256 812  63
1042 812 1256  63
1045 810 1044  63
1042 1256 108  63
2372 1039 1040  64
2372 1041 1258  64
818 2374 2373  64
813 2372 1258  64
2374 820 1257  64
2373 1039 2372  64
817 2373 816  64
815 2373 2372  64
1036 2374 1035  64
2374 818 819  64
820 2374 819  64
1257 820 80  64
1034 2374 1257  64
818 2373 817  64
106 1258 1041  64
1258 81 813  64
1257 107 1034  64
2373 815 816  64
1039 2373 1038  64
1041 2372 1040  64
2372 813 814  64
814 815 2372  64
2373 1036 1037  64
1037 1038 2373  64
2374 1034 1035  64
2374 1036 2373  64
824 1030 1031  65
1033 1259 821  65
1028 827 1027  65
1030 824 825  65
1027 1258 106  65
1029 826 1028  65
1032 823 1031  65
822 1033 821  65
1259 1033 105  65
1259 82 821  65
823 1032 822  65
1031 823 824  65
1033 822 1032  65
825 1029 1030  65
826 1029 825  65
81 1258 828  65
1027 828 1258  65
827 1028 826  65
828 1027 827  65
2376 1024 1025  66
2376 1026 1255  66
834 2377 833  66
829 2376 1255  66
2375 836 1259  66
2377 1024 2376  66
833 2377 832  66
831 2377 2376  66
1021 2377 2375  66
1020 1021 2375  66
836 2375 835  66
1259 836 82  66
1019 2375 1259  66
2377 834 2375  66
104 1255 1026  66
1255 83 829  66
1259 105 1019  66
2377 831 832  66
1024 2377 1023  66
1026 2376 1025  66
2375 834 835  66
2375 1019 1020  66
2376 829 830  66
830 831 2376  66
2377 1021 1022  66
1022 1023 2377  66
Edges
1320
1 126  1
126 127  1
127 128  1
128 129  1
129 130  1
130 131  1
131 132  1
132 2  1
2 133  2
133 134  2
134 135  2
135 136  2
136 137  2
137 138  2
138 139  2
139 140  2
140 141  2
141 142  2
142 143  2
143 144  2
144 145  2
145 146  2
146 147  2
147 148  2
148 149  2
149 150  2
150 151  2
151 152  2
152 153  2
153 154  2
154 155  2
155 156  2
156 157  2
157 158  2
158 159  2
159 160  2
160 161  2
161 162  2
162 163  2
163 164  2
164 165  2
165 166  2
166 3  2
4 167  3
167 168  3
168 169  3
169 170  3
170 171  3
171 172  3
172 173  3
173 174  3
174 3  3
4 175  4
175 176  4
176 177  4
177 178  4
178 179  4
179 180  4
180 181  4
181 182  4
182 183  4
183 184  4
184 185  4
185 186  4
186 187  4
187 188  4
188 189  4
189 190  4
190 191  4
191 192  4
192 193  4
193 194  4
194 195  4
195 196  4
196 197  4
197 198  4
198 199  4
199 200  4
200 201  4
201 202  4
202 203  4
203 204  4
204 205  4
205 206  4
206 207  4
207 208  4
208 1  4
5 209  5
209 210  5
210 211  5
211 212  5
212 213  5
213 214  5
214 215  5
215 216  5
216 217  5
217 218  5
218 219  5
219 220  5
220 221  5
221 222  5
222 223  5
223 224  5
224 225  5
225 226  5
226 227  5
227 228  5
228 229  5
229 230  5
230 231  5
231 232  5
232 233  5
233 234  5
234 235  5
235 236  5
236 237  5
237 238  5
238 239  5
239 240  5
240 241  5
241 242  5
242 243  5
243 5  5
6 244  6
244 245  6
245 246  6
246 247  6
247 5  6
6 248  7
248 249  7
249 250  7
250 251  7
251 252  7
252 253  7
253 254  7
254 255  7
255 256  7
256 257  7
257 258  7
258 259  7
259 260  7
260 261  7
261 262  7
262 263  7
263 264  7
264 265  7
265 266  7
266 267  7
267 268  7
268 269  7
269 270  7
270 271  7
271 272  7
272 273  7
273 274  7
274 275  7
275 276  7
276 277  7
277 278  7
278 279  7
279 280  7
280 281  7
281 282  7
282 6  7
7 283  8
283 284  8
284 285  8
285 286  8
286 287  8
287 288  8
288 289  8
289 290  8
290 291  8
291 292  8
292 293  8
293 294  8
294 295  8
295 296  8
296 297  8
297 298  8
298 299  8
299 300  8
300 301  8
301 302  8
302 303  8
303 304  8
304 305  8
305 306  8
306 307  8
307 308  8
308 309  8
309 310  8
310 311  8
311 312  8
312 313  8
313 314  8
314 315  8
315 316  8
316 317  8
317 7  8
8 318  9
318 319  9
319 320  9
320 321  9
321 7  9
8 322  10
322 323  10
323 324  10
324 325  10
325 326  10
326 327  10
327 328  10
328 329  10
329 330  10
330 331  10
331 332  10
332 333  10
333 334  10
334 335  10
335 336  10
336 337  10
337 338  10
338 339  10
339 340  10
340 341  10
341 342  10
342 343  10
343 344  10
344 345  10
345 346  10
346 347  10
347 348  10
348 349  10
349 350  10
350 351  10
351 352  10
352 353  10
353 354  10
354 355  10
355 356  10
356 8  10
9 357  11
357 358  11
358 359  11
359 360  11
360 361  11
361 362  11
362 363  11
363 364  11
364 365  11
365 366  11
366 367  11
367 368  11
368 10  11
10 369  12
369 370  12
370 371  12
371 372  12
372 373  12
373 374  12
374 375  12
375 376  12
376 11  12
11 377  13
377 378  13
378 379  13
379 380  13
380 381  13
381 382  13
382 383  13
383 384  13
384 12  13
12 385  14
385 386  14
386 387  14
387 388  14
388 389  14
389 390  14
390 391  14
391 392  14
392 393  14
393 394  14
394 395  14
395 396  14
396 9  14
13 397  15
397 398  15
398 399  15
399 400  15
400 9  15
13 401  16
401 402  16
402 403  16
403 404  16
404 405  16
405 406  16
406 407  16
407 408  16
408 409  16
409 410  16
410 411  16
411 412  16
412 413  16
413 414  16
414 415  16
415 416  16
416 417  16
417 418  16
418 419  16
419 420  16
420 421  16
421 422  16
422 423  16
423 424  16
424 425  16
425 426  16
426 427  16
427 428  16
428 429  16
429 430  16
430 431  16
431 432  16
432 433  16
433 434  16
434 435  16
435 436  16
436 437  16
437 438  16
438 439  16
439 440  16
440 441  16
441 13  16
14 442  17
442 443  17
443 444  17
444 445  17
445 446  17
446 15  17
14 447  18
447 448  18
448 449  18
449 450  18
450 451  18
451 452  18
452 453  18
453 454  18
454 455  18
455 456  18
456 457  18
457 458  18
458 459  18
459 460  18
460 461  18
461 462  18
462 463  18
463 464  18
464 465  18
465 16  18
16 466  19
466 467  19
467 468  19
468 469  19
469 470  19
470 471  19
471 472  19
472 17  19
15 473  20
473 474  20
474 475  20
475 476  20
476 477  20
477 478  20
478 479  20
479 480  20
480 481  20
481 482  20
482 483  20
483 484  20
484 485  20
485 486  20
486 487  20
487 488  20
488 489  20
489 490  20
490 491  20
491 17  20
18 492  21
492 493  21
493 494  21
494 495  21
495 496  21
496 497  21
497 498  21
498 499  21
499 500  21
500 501  21
501 502  21
502 503  21
503 504  21
504 505  21
505 506  21
506 507  21
507 508  21
508 509  21
509 510  21
510 19  21
18 16  22
19 14  23
15 20  24
17 21  25
20 511  26
511 512  26
512 513  26
513 514  26
514 515  26
515 516  26
516 517  26
517 518  26
518 519  26
519 520  26
520 521  26
521 522  26
522 523  26
523 524  26
524 525  26
525 526  26
526 527  26
527 528  26
528 529  26
529 21  26
22 530  27
530 531  27
531 532  27
532 533  27
533 18  27
22 2  28
3 23  29
24 534  30
534 535  30
535 536  30
536 537  30
537 23  30
25 24  31
26 538  32
538 539  32
539 540  32
540 541  32
541 542  32
542 543  32
543 544  32
544 25  32
27 26  33
21 545  34
545 546  34
546 547  34
547 548  34
548 549  34
549 550  34
550 551  34
551 552  34
552 553  34
553 554  34
554 555  34
555 27  34
28 556  35
556 557  35
557 558  35
558 559  35
559 560  35
560 19  35
28 561  36
561 29  36
29 562  37
562 563  37
563 564  37
564 565  37
565 30  37
30 566  38
566 567  38
567 568  38
568 569  38
569 570  38
570 31  38
31 571  39
571 572  39
572 573  39
573 574  39
574 32  39
32 575  40
575 22  40
27 576  41
576 577  41
577 578  41
578 579  41
579 33  41
20 580  42
580 581  42
581 582  42
582 583  42
583 584  42
584 585  42
585 586  42
586 587  42
587 588  42
588 589  42
589 590  42
590 33  42
34 591  43
591 592  43
592 593  43
593 594  43
594 35  43
34 595  44
595 596  44
596 597  44
597 598  44
598 26  44
35 599  45
599 600  45
600 601  45
601 602  45
602 603  45
603 604  45
604 605  45
605 606  45
606 607  45
607 608  45
608 609  45
609 610  45
610 611  45
611 612  45
612 613  45
613 614  45
614 615  45
615 616  45
616 617  45
617 25  45
35 36  46
36 618  47
618 619  47
619 620  47
620 621  47
621 622  47
622 623  47
623 624  47
624 625  47
625 626  47
626 627  47
627 628  47
628 629  47
629 630  47
630 631  47
631 632  47
632 633  47
633 634  47
634 635  47
635 636  47
636 24  47
33 34  48
23 637  49
637 37  49
37 638  50
638 639  50
639 640  50
640 641  50
641 38  50
38 642  51
642 643  51
643 644  51
644 645  51
645 646  51
646 39  51
39 647  52
647 648  52
648 649  52
649 650  52
650 40  52
40 651  53
651 41  53
36 652  54
652 653  54
653 654  54
654 655  54
655 41  54
42 43  55
44 656  56
656 42  56
44 657  57
657 658  57
658 659  57
659 45  57
45 660  58
660 661  58
661 43  58
43 662  59
662 46  59
45 663  60
663 664  60
664 665  60
665 666  60
666 667  60
667 47  60
47 668  61
668 669  61
669 46  61
46 670  62
670 48  62
47 671  63
671 672  63
672 673  63
673 49  63
49 674  64
674 675  64
675 48  64
48 676  65
676 50  65
49 677  66
677 678  66
678 679  66
679 680  66
680 681  66
681 51  66
51 682  67
682 683  67
683 50  67
50 52  68
51 684  69
684 685  69
685 686  69
686 687  69
687 688  69
688 53  69
53 689  70
689 690  70
690 52  70
52 42  71
53 691  72
691 692  72
692 693  72
693 44  72
54 55  73
56 694  74
694 695  74
695 54  74
57 696  75
696 697  75
697 698  75
698 699  75
699 700  75
700 56  75
57 701  76
701 702  76
702 55  76
55 703  77
703 58  77
59 704  78
704 705  78
705 706  78
706 57  78
59 707  79
707 58  79
58 708  80
708 60  80
61 709  81
709 710  81
710 711  81
711 59  81
61 712  82
712 60  82
60 713  83
713 62  83
63 714  84
714 715  84
715 716  84
716 61  84
63 717  85
717 62  85
62 64  86
65 718  87
718 719  87
719 720  87
720 63  87
65 721  88
721 64  88
64 54  89
56 722  90
722 723  90
723 724  90
724 65  90
66 725  91
725 726  91
726 4  91
67 66  92
41 727  93
727 67  93
68 728  94
728 729  94
729 40  94
69 730  95
730 731  95
731 732  95
732 733  95
733 734  95
734 735  95
735 736  95
736 737  95
737 738  95
738 739  95
739 740  95
740 68  95
37 741  96
741 742  96
742 69  96
70 743  97
743 32  97
71 744  98
744 745  98
745 746  98
746 747  98
747 748  98
748 749  98
749 750  98
750 751  98
751 752  98
752 753  98
753 754  98
754 70  98
29 755  99
755 756  99
756 71  99
72 28  100
73 72  101
1 757  102
757 758  102
758 73  102
74 759  103
759 31  103
74 760  104
760 761  104
761 70  104
69 762  105
762 763  105
763 75  105
75 764  106
764 38  106
76 765  107
765 766  107
766 767  107
767 768  107
768 769  107
769 770  107
770 771  107
771 772  107
772 773  107
773 774  107
774 775  107
775 74  107
76 776  108
776 777  108
777 71  108
68 778  109
778 779  109
779 77  109
77 780  110
780 781  110
781 782  110
782 783  110
783 784  110
784 785  110
785 786  110
786 787  110
787 788  110
788 789  110
789 790  110
790 75  110
30 791  111
791 76  111
39 792  112
792 77  112
78 793  113
793 794  113
794 795  113
795 796  113
796 73  113
79 797  114
797 798  114
798 799  114
799 800  114
800 801  114
801 802  114
802 803  114
803 804  114
804 78  114
80 805  115
805 806  115
806 807  115
807 808  115
808 809  115
809 810  115
810 811  115
811 812  115
812 79  115
81 813  116
813 814  116
814 815  116
815 816  116
816 817  116
817 818  116
818 819  116
819 820  116
820 80  116
82 821  117
821 822  117
822 823  117
823 824  117
824 825  117
825 826  117
826 827  117
827 828  117
828 81  117
83 829  118
829 830  118
830 831  118
831 832  118
832 833  118
833 834  118
834 835  118
835 836  118
836 82  118
84 837  119
837 838  119
838 839  119
839 840  119
840 841  119
841 842  119
842 843  119
843 844  119
844 83  119
85 845  120
845 846  120
846 847  120
847 848  120
848 849  120
849 850  120
850 851  120
851 852  120
852 84  120
66 853  121
853 854  121
854 855  121
855 85  121
86 856  122
856 87  122
87 857  123
857 858  123
858 859  123
859 860  123
860 861  123
861 862  123
862 863  123
863 864  123
864 865  123
865 866  123
866 867  123
867 868  123
868 869  123
869 870  123
870 871  123
871 872  123
872 873  123
873 88  123
88 874  124
874 89  124
89 875  125
875 876  125
876 877  125
877 878  125
878 879  125
879 880  125
880 881  125
881 882  125
882 883  125
883 884  125
884 885  125
885 886  125
886 887  125
887 888  125
888 889  125
889 890  125
890 891  125
891 86  125
90 892  126
892 91  126
91 893  127
893 894  127
894 895  127
895 896  127
896 897  127
897 898  127
898 899  127
899 900  127
900 901  127
901 902  127
902 903  127
903 904  127
904 905  127
905 906  127
906 907  127
907 908  127
908 909  127
909 92  127
92 910  128
910 93  128
93 911  129
911 912  129
912 913  129
913 914  129
914 915  129
915 916  129
916 917  129
917 918  129
918 919  129
919 920  129
920 921  129
921 922  129
922 923  129
923 924  129
924 925  129
925 926  129
926 927  129
927 90  129
94 928  130
928 95  130
95 929  131
929 930  131
930 931  131
931 932  131
932 933  131
933 934  131
934 935  131
935 936  131
936 937  131
937 938  131
938 939  131
939 940  131
940 941  131
941 942  131
942 943  131
943 944  131
944 945  131
945 96  131
96 946  132
946 97  132
97 947  133
947 948  133
948 949  133
949 950  133
950 951  133
951 952  133
952 953  133
953 954  133
954 955  133
955 956  133
956 957  133
957 958  133
958 959  133
959 960  133
960 961  133
961 962  133
962 963  133
963 94  133
98 964  134
964 99  134
99 965  135
965 966  135
966 967  135
967 968  135
968 969  135
969 970  135
970 971  135
971 972  135
972 973  135
973 974  135
974 975  135
975 976  135
976 977  135
977 978  135
978 979  135
979 980  135
980 981  135
981 100  135
100 101  136
101 982  137
982 983  137
983 984  137
984 985  137
985 986  137
986 987  137
987 988  137
988 989  137
989 990  137
990 991  137
991 992  137
992 993  137
993 994  137
994 995  137
995 996  137
996 997  137
997 998  137
998 98  137
102 999  138
999 1000  138
1000 1001  138
1001 1002  138
1002 67  138
103 1003  139
1003 1004  139
1004 1005  139
1005 1006  139
1006 1007  139
1007 1008  139
1008 1009  139
1009 1010  139
1010 102  139
104 1011  140
1011 1012  140
1012 1013  140
1013 1014  140
1014 1015  140
1015 1016  140
1016 1017  140
1017 1018  140
1018 103  140
105 1019  141
1019 1020  141
1020 1021  141
1021 1022  141
1022 1023  141
1023 1024  141
1024 1025  141
1025 1026  141
1026 104  141
106 1027  142
1027 1028  142
1028 1029  142
1029 1030  142
1030 1031  142
1031 1032  142
1032 1033  142
1033 105  142
107 1034  143
1034 1035  143
1035 1036  143
1036 1037  143
1037 1038  143
1038 1039  143
1039 1040  143
1040 1041  143
1041 106  143
108 1042  144
1042 1043  144
1043 1044  144
1044 1045  144
1045 1046  144
1046 1047  144
1047 1048  144
1048 1049  144
1049 1050  144
1050 107  144
109 1051  145
1051 1052  145
1052 1053  145
1053 1054  145
1054 1055  145
1055 1056  145
1056 1057  145
1057 1058  145
1058 108  145
72 1059  146
1059 1060  146
1060 1061  146
1061 109  146
110 1062  147
1062 1063  147
1063 1064  147
1064 1065  147
1065 1066  147
1066 1067  147
1067 1068  147
1068 1069  147
1069 1070  147
1070 1071  147
1071 1072  147
1072 1073  147
1073 1074  147
1074 1075  147
1075 1076  147
1076 1077  147
1077 1078  147
1078 111  147
112 1079  148
1079 1080  148
1080 110  148
113 1081  149
1081 1082  149
1082 1083  149
1083 1084  149
1084 1085  149
1085 1086  149
1086 1087  149
1087 1088  149
1088 1089  149
1089 1090  149
1090 1091  149
1091 1092  149
1092 1093  149
1093 1094  149
1094 1095  149
1095 1096  149
1096 1097  149
1097 112  149
111 1098  150
1098 113  150
114 1099  151
1099 1100  151
1100 1101  151
1101 1102  151
1102 1103  151
1103 1104  151
1104 1105  151
1105 1106  151
1106 1107  151
1107 1108  151
1108 1109  151
1109 1110  151
1110 1111  151
1111 1112  151
1112 1113  151
1113 1114  151
1114 1115  151
1115 115  151
116 1116  152
1116 114  152
117 1117  153
1117 1118  153
1118 1119  153
1119 1120  153
1120 1121  153
1121 1122  153
1122 1123  153
1123 1124  153
1124 1125  153
1125 1126  153
1126 1127  153
1127 1128  153
1128 1129  153
1129 1130  153
1130 1131  153
1131 1132  153
1132 1133  153
1133 116  153
115 1134  154
1134 1135  154
1135 117  154
118 1136  155
1136 1137  155
1137 1138  155
1138 1139  155
1139 1140  155
1140 1141  155
1141 1142  155
1142 1143  155
1143 1144  155
1144 1145  155
1145 1146  155
1146 1147  155
1147 1148  155
1148 1149  155
1149 1150  155
1150 1151  155
1151 1152  155
1152 119  155
120 1153  156
1153 1154  156
1154 118  156
121 1155  157
1155 1156  157
1156 1157  157
1157 1158  157
1158 1159  157
1159 1160  157
1160 1161  157
1161 1162  157
1162 1163  157
1163 1164  157
1164 1165  157
1165 1166  157
1166 1167  157
1167 1168  157
1168 1169  157
1169 1170  157
1170 1171  157
1171 120  157
119 121  158
122 1172  159
1172 1173  159
1173 1174  159
1174 1175  159
1175 1176  159
1176 1177  159
1177 1178  159
1178 1179  159
1179 1180  159
1180 1181  159
1181 1182  159
1182 1183  159
1183 1184  159
1184 1185  159
1185 1186  159
1186 1187  159
1187 1188  159
1188 123  159
124 1189  160
1189 122  160
125 1190  161
1190 1191  161
1191 1192  161
1192 1193  161
1193 1194  161
1194 1195  161
1195 1196  161
1196 1197  161
1197 1198  161
1198 1199  161
1199 1200  161
1200 1201  161
1201 1202  161
1202 1203  161
1203 1204  161
1204 1205  161
1205 1206  161
1206 124  161
123 1207  162
1207 1208  162
1208 125  162
78 1209  163
1209 109  163
85 1210  164
1210 102  164
99 1211  165
1211 1212  165
1212 1213  165
1213 110  165
100 1214  166
1214 1215  166
1215 111  166
101 1216  167
1216 1217  167
1217 1218  167
1218 113  167
98 1219  168
1219 1220  168
1220 1221  168
1221 112  168
87 1222  169
1222 1223  169
1223 1224  169
1224 114  169
88 1225  170
1225 1226  170
1226 115  170
89 1227  171
1227 1228  171
1228 1229  171
1229 117  171
86 1230  172
1230 1231  172
1231 116  172
91 1232  173
1232 1233  173
1233 1234  173
1234 118  173
92 1235  174
1235 1236  174
1236 1237  174
1237 119  174
93 1238  175
1238 1239  175
1239 1240  175
1240 121  175
90 1241  176
1241 1242  176
1242 1243  176
1243 120  176
95 1244  177
1244 1245  177
1245 1246  177
1246 122  177
96 1247  178
1247 1248  178
1248 123  178
97 1249  179
1249 1250  179
1250 1251  179
1251 125  179
94 1252  180
1252 1253  180
1253 124  180
84 1254  181
1254 103  181
83 1255  182
1255 104  182
79 1256  183
1256 108  183
80 1257  184
1257 107  184
81 1258  185
1258 106  185
82 1259  186
1259 105  186
End
