MeshVersionFormatted 1

Dimension
3

Vertices
5934
158.75  0  0  0
-158.75  0  0  0
156.70482602652578  239.91288610809158  25.399999999999999  0
156.70482602652578  25.399999999999999  25.399999999999999  0
155.5425986667332  19.049999999999997  31.75  0
158.75  19.049999999999997  0  0
-158.75  19.049999999999997  0  0
155.5425986667332  19.049999999999997  -31.75  0
156.70482602652578  25.399999999999999  -25.399999999999999  0
156.70482602652578  239.9128861527702  -25.399999999999999  0
153.18544130338398  269.732357089706  25.399999999999999  0
153.18544130338398  269.732357089706  -25.399999999999999  0
106.90863713894019  463.54999999999995  -25.399999999999999  0
103.9172212420786  469.89999999999998  -31.75  0
107.94999999999999  469.89999999999998  0  0
103.9172212420786  469.89999999999998  31.75  0
106.90863713894019  463.54999999999995  25.399999999999999  0
129.51509564526219  25.399999999999999  25.399999999999999  0
129.5150956449574  127  25.399999999999999  0
80.354311698294197  297.43358188450395  25.399999999999999  0
77.461644374775787  307.34687945106197  25.4000000000254  0
77.461644375182189  463.54999999999995  25.399999999999999  0
129.51509564526219  19.049999999999997  31.75  0
129.51509564526219  19.049999999999997  -31.75  0
129.51509564526219  25.399999999999999  -25.399999999999999  0
77.461644375182189  463.54999999999995  -25.399999999999999  0
77.461644374750406  307.34687887244996  -25.4000000000254  0
80.354312376143994  297.43358067825801  -25.399999999999999  0
129.5150956449574  127  -25.399999999999999  0
77.461644375182189  469.89999999999998  -31.75  0
-146.04999999999998  469.89999999999998  0  0
77.461644375182189  469.89999999999998  31.75  0
73.193397191551398  469.89999999999998  34.331272909122802  0
73.19324811214419  469.89999999999998  -34.331673462271397  0
107.94999999999999  488.94999999999999  0  0
-146.04999999999998  488.94999999999999  0  0
-114.3  488.94999999999999  0  0
76.199999999999989  488.94999999999999  0  0
-107.94999999999999  482.59999999999997  0  0
69.849999999999994  482.59999999999997  0  0
69.849999999999994  306.60512242149798  0  0
-107.94999999999999  466.11616003962797  0  0
74.553703703699  289.97501849355803  0  0
-144.40370370369899  434.71651559139195  0  0
120.64999999999999  127  0  0
-120.64999999999999  127  0  0
-190.5  196.84999999999999  0  0
-190.5  438.14999999999998  0  0
-311.14999999999998  438.14999999999998  0  0
-311.14999999999998  196.84999999999999  0  0
-120.64999999999999  6.3499999999999996  0  0
120.64999999999999  6.3499999999999996  0  0
71.42966660172219  463.54999999999995  29.765625  0
70.217803733758601  466.72499999999997  33.223812492704397  0
71.42966660172219  463.54999999999995  -29.765625  0
70.2176594633588  466.72499999999997  -33.2242001247714  0
71.429681864023394  307.34684037417799  -29.765582485987998  0
-114.3  466.11616003962797  -3.1385556515274e-13  0
71.429681789194987  307.34684037265401  29.765582777579997  0
75.134383723946996  294.148886678444  -30.238148060717798  0
-143.46296296295918  440.99644448109001  0  0
123.3477036618082  127  -30.238121657468596  0
-127  127  0  0
-190.5  190.5  0  0
-190.5  444.5  0  0
123.34770363234419  127  30.2381217777376  0
75.1343836666192  294.14888661215002  30.238148301001797  0
123.34771013835099  25.399999999999999  30.238095238090398  0
123.34771013835099  25.399999999999999  -30.238095238090398  0
-292.09999999999997  444.5  0  0
-292.09999999999997  190.5  0  0
-298.44999999999999  450.84999999999997  0  0
-298.44999999999999  184.14999999999998  0  0
-298.44999999999999  317.5  -158.75  0
-298.44999999999999  317.5  158.75  0
-298.44999999999999  437.633010222704  -73.024999999999991  0
-298.44999999999999  450.33301022270399  -73.024999999999991  0
-298.44999999999999  384.17499999999995  -126.48301022272938  0
-298.44999999999999  396.875  -126.48301022272938  0
-298.44999999999999  311.14999999999998  -146.04999999999998  0
-298.44999999999999  323.84999999999997  -146.04999999999998  0
-298.44999999999999  238.125  -126.48301022272938  0
-298.44999999999999  250.82499999999999  -126.48301022272938  0
-298.44999999999999  184.6669897772706  -73.024999999999991  0
-298.44999999999999  197.36698977727059  -73.024999999999991  0
-298.44999999999999  165.09999999999999  0  0
-298.44999999999999  177.79999999999998  0  0
-298.44999999999999  184.6669897772706  73.024999999999991  0
-298.44999999999999  197.36698977727059  73.024999999999991  0
-298.44999999999999  238.125  126.48301022272938  0
-298.44999999999999  250.82499999999999  126.48301022272938  0
-298.44999999999999  311.14999999999998  146.04999999999998  0
-298.44999999999999  323.84999999999997  146.04999999999998  0
-298.44999999999999  384.17499999999995  126.48301022272938  0
-298.44999999999999  396.875  126.48301022272938  0
-298.44999999999999  437.633010222704  73.024999999999991  0
-298.44999999999999  450.33301022270399  73.024999999999991  0
-298.44999999999999  457.19999999999999  0  0
-298.44999999999999  469.89999999999998  0  0
-317.5  450.33301022270399  -73.024999999999991  0
-317.5  437.633010222704  -73.024999999999991  0
-317.5  317.5  -158.75  0
-317.5  317.5  158.75  0
-317.5  384.17499999999995  -126.48301022272938  0
-317.5  396.875  -126.48301022272938  0
-317.5  311.14999999999998  -146.04999999999998  0
-317.5  323.84999999999997  -146.04999999999998  0
-317.5  238.125  -126.48301022272938  0
-317.5  250.82499999999999  -126.48301022272938  0
-317.5  184.6669897772706  -73.024999999999991  0
-317.5  197.36698977727059  -73.024999999999991  0
-317.5  165.09999999999999  0  0
-317.5  177.79999999999998  0  0
-317.5  184.6669897772706  73.024999999999991  0
-317.5  197.36698977727059  73.024999999999991  0
-317.5  238.125  126.48301022272938  0
-317.5  250.82499999999999  126.48301022272938  0
-317.5  311.14999999999998  146.04999999999998  0
-317.5  323.84999999999997  146.04999999999998  0
-317.5  384.17499999999995  126.48301022272938  0
-317.5  396.875  126.48301022272938  0
-317.5  437.633010222704  73.024999999999991  0
-317.5  450.33301022270399  73.024999999999991  0
-317.5  457.19999999999999  0  0
-317.5  469.89999999999998  0  0
157.67658929153345  0  -18.429750117380301  0
154.47087320454702  0  -36.610269480362376  0
149.17620354976296  0  -54.295697752949906  0
141.86418165134171  0  -71.246869856823366  0
132.63369006180366  0  -87.234550268740449  0
121.60955534513776  0  -102.04253303773811  0
108.94086001166146  0  -115.47056559972148  0
94.798926432817311  0  -127.33705684986319  0
79.375000000000014  0  -137.48153285077962  0
62.877662858716157  0  -145.7668069672435  0
45.53001319288559  0  -152.08083508008386  0
27.566648204625203  0  -156.33823079068802  0
9.2304915895380493  0  -158.48142012556383  0
-9.2304915895380297  0  -158.48142012556383  0
-27.566648204625185  0  -156.33823079068802  0
-45.530013192885569  0  -152.08083508008386  0
-62.877662858716143  0  -145.7668069672435  0
-79.374999999999972  0  -137.48153285077964  0
-94.798926432817268  0  -127.33705684986323  0
-108.94086001166144  0  -115.47056559972151  0
-121.60955534513774  0  -102.04253303773814  0
-132.63369006180363  0  -87.234550268740492  0
-141.86418165134168  0  -71.246869856823395  0
-149.17620354976293  0  -54.295697752949934  0
-154.47087320454702  0  -36.610269480362405  0
-157.67658929153345  0  -18.429750117380319  0
-156.58485691518217  0  26.129391207066504  0
-150.14848711997575  0  51.546040736243498  0
-139.61645800403014  0  75.556648644635416  0
-125.27605586667748  0  97.50626813948476  0
-107.5184494955864  0  116.79617081935965  0
-86.82802010193528  0  132.9001784241764  0
-63.76914866365891  0  145.37901560649036  0
-38.970821083601876  0  153.89229221786869  0
-13.109471093732768  0  158.20778826480884  0
13.109471093732747  0  158.20778826480884  0
38.970821083601862  0  153.89229221786869  0
63.769148663658868  0  145.37901560649038  0
86.828020101935238  0  132.90017842417643  0
107.51844949558638  0  116.79617081935967  0
125.27605586667747  0  97.506268139484789  0
139.61645800403014  0  75.556648644635445  0
150.14848711997575  0  51.546040736243526  0
156.58485691518217  0  26.129391207066529  0
156.70482602652578  218.46159749728241  25.399999999999999  0
156.70482602652578  197.01030888647327  25.399999999999999  0
156.70482602652578  175.55902027566412  25.399999999999999  0
156.70482602652578  154.10773166485495  25.399999999999999  0
156.70482602652578  132.65644305404578  25.399999999999999  0
156.70482602652578  111.20515444323664  25.399999999999999  0
156.70482602652578  89.753865832427493  25.399999999999999  0
156.70482602652578  68.302577221618321  25.399999999999999  0
156.70482602652578  46.851288610809149  25.399999999999999  0
155.76125068924935  19.14452263497229  30.659201050432561  0
155.96634412118709  19.425674018943447  29.598342302610209  0
156.15267547062589  19.887163592734829  28.598935835351199  0
156.31619215847505  20.516434873341307  27.691360255029284  0
156.45356619010761  21.296254823357867  26.904332610324904  0
156.56248192727358  22.203664399565685  26.263190855054415  0
156.64125896449914  23.211318697011613  25.789121122442502  0
156.68888162049635  24.288084534632183  25.498298581052548  0
158.54890120002125  19.049999999999997  7.9880177932889316  0
157.94611428956347  19.049999999999997  15.955797718326661  0
156.94316644625604  19.049999999999997  23.88315318007167  0
158.75  9.5249999999999986  0  0
149.58968135964207  19.049999999999997  -53.145928637297843  0
140.70912536259746  19.049999999999997  -73.501731542140135  0
129.07473316711324  19.049999999999997  -92.419022705493489  0
114.9142029433842  19.049999999999997  -109.52756941467621  0
98.504672230420056  19.049999999999997  -124.49253812489133  0
80.167294042002368  19.049999999999997  -137.02104752914107  0
60.260951540183477  19.049999999999997  -146.86790057555689  0
39.175234287252053  19.049999999999997  -153.84038325010411  0
17.322813538832481  19.049999999999997  -157.80203620707451  0
-4.8686341977737317  19.049999999999997  -158.67532543230618  0
-26.964797274936284  19.049999999999997  -156.44315967124163  0
-48.533228873220359  19.049999999999997  -151.1492249240452  0
-69.151810473120747  19.049999999999997  -142.8971294613352  0
-88.417013190324084  19.049999999999997  -131.84837609353428  0
-105.95179529085468  19.049999999999997  -118.2192013788151  0
-121.41298132283086  19.049999999999997  -102.27634362990267  0
-134.49797844690443  19.049999999999997  -84.331822544612649  0
-144.95069851922619  19.049999999999997  -64.73683262863895  0
-152.56657002509772  19.049999999999997  -43.874869923191348  0
-157.19654177411834  19.049999999999997  -22.154226555171608  0
155.76125068924935  19.14452263497229  -30.659201050432561  0
155.96634412118709  19.425674018943447  -29.598342302610209  0
156.15267547062589  19.887163592734829  -28.598935835351199  0
156.31619215847505  20.516434873341307  -27.691360255029284  0
156.45356619010761  21.296254823357867  -26.904332610324904  0
156.56248192727358  22.203664399565685  -26.263190855054415  0
156.64125896449914  23.211318697011613  -25.789121122442502  0
156.68888162049635  24.288084534632183  -25.498298581052548  0
156.70482602652578  218.46159753749319  -25.399999999999999  0
156.70482602652578  197.01030892221615  -25.399999999999999  0
156.70482602652578  175.55902030693915  -25.399999999999999  0
156.70482602652578  154.10773169166214  -25.399999999999999  0
156.70482602652578  132.6564430763851  -25.399999999999999  0
156.70482602652578  111.20515446110809  -25.399999999999999  0
156.70482602652578  89.753865845831058  -25.399999999999999  0
156.70482602652578  68.30257723055405  -25.399999999999999  0
156.70482602652578  46.851288615277042  -25.399999999999999  0
158.75000001570589  239.26007343893622  -4.236129199601976e-10  0
155.81734409522244  254.9254057979023  25.399999999999999  0
155.81734404167898  254.92540581203463  -25.399999999999999  0
154.825038505468  268.69416322751096  -12.765825258284634  0
155.37273548578463  268.34756763010273  -1.2165786023376567e-08  0
154.82503850074474  268.69416343711652  12.765825216379689  0
146.59608951152407  297.42575008596953  -25.399999999999999  0
140.00101981162626  325.11778192981291  -25.399999999999999  0
133.39950176035316  352.80827723986908  -25.399999999999999  0
126.79065537099706  380.49702439883902  -25.400000000000002  0
120.17343766897086  408.18377209663089  -25.399999999999999  0
113.54661119930948  435.86822146366842  -25.399999999999999  0
104.26245354140397  469.77635486203803  -30.502841018653719  0
104.63859623447559  469.41328444221614  -29.312573886778456  0
105.03340928505851  468.82864113607565  -28.220518130805999  0
105.43578958432157  468.04473399686896  -27.264579465420034  0
105.83517771561847  467.08962743853374  -26.478142993296817  0
106.2211054318621  465.99613248768912  -25.890320484499917  0
106.58280891816011  464.80221940546301  -25.524686657133504  0
106.15234397386327  469.89999999999998  -21.292558875119418  0
107.49978799800621  469.89999999999998  -10.684154513094756  0
107.49978799800613  469.89999999999998  10.684154513095812  0
106.15234397386291  469.89999999999998  21.292558875121507  0
104.26245354140397  469.77635486203803  30.502841018653719  0
104.63859623447559  469.41328444221614  29.312573886778456  0
105.03340928505851  468.82864113607565  28.220518130805999  0
105.43578958432157  468.04473399686896  27.264579465420034  0
105.83517771561847  467.08962743853374  26.478142993296817  0
106.2211054318621  465.99613248768912  25.890320484499917  0
106.58280891816011  464.80221940546301  25.524686657133504  0
147.42005708931234  293.96414701903313  25.399999999999999  0
141.65036173401364  318.19491080136783  25.399999999999999  0
135.87587782181404  342.42453385031007  25.399999999999999  0
130.09605692139073  366.65288433750783  25.399999999999999  0
124.31023976088126  390.87980358072491  25.399999999999999  0
118.51768784575913  415.10511343642798  25.399999999999999  0
112.71750809463684  439.32859809086801  25.399999999999999  0
152.17320429631519  25.399999999999999  25.399999999999999  0
147.64158256610457  25.399999999999999  25.399999999999999  0
143.10996083589399  25.399999999999999  25.399999999999999  0
138.5783391056834  25.399999999999999  25.399999999999999  0
134.04671737547278  25.399999999999999  25.399999999999999  0
129.51509564526219  36.688888888888883  25.399999999999999  0
129.51509564526219  47.977777777777774  25.399999999999999  0
129.51509564526219  59.266666666666659  25.399999999999999  0
129.51509564526219  70.555555555555543  25.399999999999999  0
129.51509564526219  81.844444444444434  25.399999999999999  0
129.51509564526219  93.133333333333326  25.399999999999999  0
129.51509564526219  104.42222222222222  25.399999999999999  0
129.51509564526219  115.71111111111111  25.399999999999999  0
129.09804803504289  143.33245642349581  25.399999999999999  0
127.84799220852813  159.62234353068291  25.399999999999999  0
125.76818634165357  175.8272029589661  25.399999999999999  0
122.86405129160767  191.90479796398466  25.399999999999999  0
119.14315646744569  207.81322350650237  25.399999999999999  0
114.61520010099616  223.51101547473255  25.399999999999999  0
109.29198396915007  238.95725875741971  25.399999999999999  0
103.18738263341999  254.111693885992  25.399999999999999  0
96.317307276940824  268.934821967831  25.399999999999999  0
88.69966423317112  283.38800763715699  25.399999999999999  0
77.79488660808677  303.88030332552142  25.40000000000002  0
78.775028088937134  300.53798288378681  25.399999999998368  0
77.461644375144886  449.34971631373287  25.400000000002208  0
77.461644375107582  435.14943262746579  25.400000000004415  0
77.461644375070279  420.9491489411987  25.400000000006624  0
77.461644375032961  406.74886525493162  25.400000000008834  0
77.461644374995657  392.54858156866453  25.400000000011044  0
77.461644374958354  378.34829788239745  25.40000000001325  0
77.46164437492105  364.1480141961303  25.40000000001546  0
77.461644374883747  349.94773050986322  25.40000000001767  0
77.461644374846443  335.74744682359614  25.40000000001988  0
77.46164437480914  321.54716313732905  25.400000000022086  0
102.00080501164719  463.54999999999995  25.399999999999999  0
97.092972884354197  463.54999999999995  25.399999999999999  0
92.185140757061191  463.54999999999995  25.399999999999999  0
87.277308629768186  463.54999999999995  25.399999999999999  0
82.36947650247518  463.54999999999995  25.399999999999999  0
150.337098062439  19.049999999999997  31.75  0
145.1315974581448  19.049999999999997  31.75  0
139.92609685385059  19.049999999999997  31.75  0
134.72059624955639  19.049999999999997  31.75  0
129.51509564526219  19.146470768372478  30.647334071814992  0
129.51509564526219  19.432951858009481  29.578172089882003  0
129.51509564526219  19.900738685968811  28.574999999999999  0
129.51509564526219  20.535617786194489  27.668298678490476  0
129.51509564526219  21.318298678490475  26.885617786194491  0
129.51509564526219  22.224999999999998  26.250738685968816  0
129.51509564526219  23.228172089882001  25.782951858009483  0
129.51509564526219  24.297334071814991  25.496470768372479  0
134.72059624955639  19.049999999999997  -31.75  0
139.92609685385059  19.049999999999997  -31.75  0
145.1315974581448  19.049999999999997  -31.75  0
150.337098062439  19.049999999999997  -31.75  0
122.49988142202425  19.049999999999997  52.687774213663673  0
112.12561657480653  19.049999999999997  72.180804981099172  0
98.676772242710328  19.049999999999997  89.694576869286109  0
82.522127141446802  19.049999999999997  104.74884740201624  0
64.104655338237336  19.049999999999997  116.93081571581463  0
43.929379527264295  19.049999999999997  125.90644190965595  0
22.5495228791562  19.049999999999997  131.42960670230437  0
0.55133919253588082  19.049999999999997  133.34886023170492  0
-21.461962682259109  19.049999999999997  131.61157493862504  0
-42.886759341351848  19.049999999999997  126.26538865895503  0
-63.135564692910791  19.049999999999997  117.45689835385267  0
-81.65313932395425  19.049999999999997  105.42764029675955  0
-97.931715635877055  19.049999999999997  90.507466943969391  0
-111.52492126257253  19.049999999999997  73.105502100573773  0
-122.0600189792185  19.049999999999997  53.698922398804399  0
-129.24812747304924  19.049999999999997  32.819872710149482  0
-132.89214271391239  19.049999999999997  11.040874281737763  0
-132.89214271391268  19.049999999999997  -11.040874281734416  0
-129.24812747305006  19.049999999999997  -32.819872710146228  0
-122.06001897921985  19.049999999999997  -53.698922398801344  0
-111.52492126257437  19.049999999999997  -73.105502100570959  0
-97.931715635879343  19.049999999999997  -90.507466943966932  0
-81.653139323956907  19.049999999999997  -105.42764029675749  0
-63.135564692913711  19.049999999999997  -117.4568983538511  0
-42.886759341355088  19.049999999999997  -126.26538865895392  0
-21.461962682262421  19.049999999999997  -131.61157493862453  0
0.55133919253255248  19.049999999999997  -133.34886023170492  0
22.549522879152832  19.049999999999997  -131.42960670230497  0
43.929379527261133  19.049999999999997  -125.90644190965708  0
64.104655338234409  19.049999999999997  -116.93081571581622  0
82.522127141444145  19.049999999999997  -104.74884740201834  0
98.676772242708054  19.049999999999997  -89.694576869288582  0
112.12561657480474  19.049999999999997  -72.180804981101957  0
122.4998814220229  19.049999999999997  -52.687774213666778  0
-156.63681818221082  19.049999999999997  25.816074251385135  0
-150.35353146767835  19.049999999999997  50.944853274868251  0
-140.06741830983387  19.049999999999997  74.717339540551208  0
-126.05232346207427  19.049999999999997  96.500643779265019  0
-108.68136747377751  19.049999999999997  115.71483424362553  0
-88.417013190324212  19.049999999999997  131.8483760935342  0
-65.798753714341558  19.049999999999997  144.4717498670222  0
-41.428749608660148  19.049999999999997  153.24888647511582  0
-15.95579771832664  19.049999999999997  157.94611428956347  0
9.9419415940753755  19.049999999999997  158.43838012722799  0
35.574998951074306  19.049999999999997  154.71257851135138  0
60.260951540183115  19.049999999999997  146.867900575557  0
83.342591094742104  19.049999999999997  135.1131933218019  0
104.20542059388251  19.049999999999997  119.76139953612787  0
122.29401387111345  19.049999999999997  101.22122638701781  0
137.12680259354886  19.049999999999997  79.986264511288937  0
148.30889694153069  19.049999999999997  56.6218472675206  0
134.04671737547278  25.399999999999999  -25.399999999999999  0
138.5783391056834  25.399999999999999  -25.399999999999999  0
143.10996083589399  25.399999999999999  -25.399999999999999  0
147.64158256610457  25.399999999999999  -25.399999999999999  0
152.17320429631519  25.399999999999999  -25.399999999999999  0
129.51509564526219  19.146470768372478  -30.647334071814992  0
129.51509564526219  19.432951858009481  -29.578172089882003  0
129.51509564526219  19.900738685968811  -28.574999999999999  0
129.51509564526219  20.535617786194489  -27.668298678490476  0
129.51509564526219  21.318298678490475  -26.885617786194491  0
129.51509564526219  22.224999999999998  -26.250738685968816  0
129.51509564526219  23.228172089882001  -25.782951858009483  0
129.51509564526219  24.297334071814991  -25.496470768372479  0
102.00080501164719  463.54999999999995  -25.399999999999999  0
97.092972884354197  463.54999999999995  -25.399999999999999  0
92.185140757061191  463.54999999999995  -25.399999999999999  0
87.277308629768186  463.54999999999995  -25.399999999999999  0
82.36947650247518  463.54999999999995  -25.399999999999999  0
77.461644375144473  449.34971626113179  -25.400000000002187  0
77.461644375106744  435.14943252226357  -25.400000000004372  0
77.461644375069028  420.9491487833954  -25.40000000000656  0
77.461644375031312  406.74886504452724  -25.400000000008749  0
77.461644374993597  392.54858130565901  -25.400000000010934  0
77.461644374955867  378.34829756679085  -25.400000000013122  0
77.461644374918151  364.14801382792268  -25.400000000015311  0
77.461644374880436  349.94773008905452  -25.400000000017496  0
77.461644374842706  335.74744635018635  -25.400000000019684  0
77.46164437480499  321.54716261131813  -25.400000000021873  0
78.775028517613151  300.53798186827305  -25.399999999998368  0
77.79488671685229  303.88030248522705  -25.40000000000002  0
129.09804804145472  143.33245629802761  -25.399999999999999  0
127.84799223414194  159.62234328072799  -25.399999999999999  0
125.7681863991595  175.82720258648317  -25.399999999999999  0
122.86405139352928  191.90479747190125  -25.399999999999999  0
119.14315662607447  207.81322289870184  -25.399999999999999  0
114.61520032832664  223.51101475603747  -25.399999999999999  0
109.29198427681632  238.95725793357067  -25.399999999999999  0
103.18738303263331  254.11169296362266  -25.399999999999999  0
96.317307778429438  268.93482095443903  -25.399999999999999  0
88.699664847121198  283.38800654107138  -25.399999999999999  0
129.51509564526219  45.719999999999999  -25.399999999999999  0
129.51509564526219  66.039999999999992  -25.399999999999999  0
129.51509564526219  86.359999999999999  -25.399999999999999  0
129.51509564526219  106.68000000000001  -25.399999999999999  0
99.507958430929193  469.89999999999998  -31.75  0
95.098695619779789  469.89999999999998  -31.75  0
90.689432808630386  469.89999999999998  -31.75  0
86.280169997480996  469.89999999999998  -31.75  0
81.870907186331593  469.89999999999998  -31.75  0
77.461644375182189  464.3788413205973  -25.454325130276303  0
77.461644375182189  465.19350093640094  -25.616371003064415  0
77.461644375182189  465.98003979551828  -25.88336496855333  0
77.461644375182189  466.72499999999997  -26.250738685968813  0
77.461644375182189  467.41563507420534  -26.712206289150657  0
77.461644375182189  468.04012806053453  -27.259871939465423  0
77.461644375182189  468.58779371084927  -27.884364925794625  0
77.461644375182189  469.04926131403113  -28.574999999999999  0
77.461644375182189  469.41663503144662  -29.319960204481681  0
77.461644375182189  469.68362899693551  -30.106499063598992  0
77.461644375182189  469.84567486972367  -30.921158679402673  0
97.263008649760664  469.89999999999998  50.992980093741387  0
87.619151298545603  469.89999999999998  68.925265043001374  0
75.233529523755237  469.89999999999998  85.085933388211586  0
60.424496445598905  469.89999999999998  99.059600315761855  0
43.572695197981425  469.89999999999998  110.48709447777472  0
25.111275089502406  469.89999999999998  119.07468993228282  0
5.5147581750008037  469.89999999999998  124.6016559111625  0
-14.713157594915396  469.89999999999998  126.92593036079533  0
-35.052545145305729  469.89999999999998  125.98777142593028  0
-54.980612192702104  469.89999999999998  121.81129302103992  0
-73.98513880663694  469.89999999999998  114.50384501970025  0
-91.57764322530133  469.89999999999998  104.25325399326105  0
-107.30593751854391  469.89999999999998  91.322995421322432  0
-120.76575037444586  469.89999999999998  76.045421464828607  0
-131.61111826384203  469.89999999999998  58.813218371326791  0
-139.56327789408647  469.89999999999998  40.069313086484136  0
-144.41783138538568  469.89999999999998  20.295488506697943  0
99.507958430929193  469.89999999999998  31.75  0
95.098695619779789  469.89999999999998  31.75  0
90.689432808630386  469.89999999999998  31.75  0
86.280169997480996  469.89999999999998  31.75  0
81.870907186331593  469.89999999999998  31.75  0
76.71240303582502  469.89999999999998  31.817345146758733  0
75.980256234096373  469.89999999999998  31.990663661607147  0
75.278443937425166  469.89999999999998  32.261845856621164  0
74.622157364009098  469.89999999999998  32.629558557804323  0
74.032813447617755  469.89999999999998  33.09671921599265  0
73.542229187714923  469.89999999999998  33.666151451851341  0
67.692910772346806  469.89999999999998  -46.509655510879483  0
60.59375214295541  469.89999999999998  -57.830384484209397  0
52.026621949484053  469.89999999999998  -68.085199839980817  0
42.149427161047065  469.89999999999998  -77.085087663955449  0
31.144221494253351  469.89999999999998  -84.664164518324029  0
19.213849849562997  469.89999999999998  -90.682734959252855  0
6.5782095303059158  469.89999999999998  -95.029866364584237  0
-6.5298028434626705  469.89999999999998  -97.625433613180107  0
-19.868584020909431  469.89999999999998  -98.421595928945962  0
-33.192277284575482  469.89999999999998  -97.403678668755532  0
-46.255304013246715  469.89999999999998  -94.590443801405343  0
-58.816890119031257  469.89999999999998  -90.033744092206319  0
-70.645503928610466  469.89999999999998  -83.817567367185873  0
-81.523123710866273  469.89999999999998  -76.056488472758176  0
-91.249256192998544  469.89999999999998  -66.893557463912487  0
-99.644631996957116  469.89999999999998  -56.497662945249836  0
-106.55450988292883  469.89999999999998  -45.060419163034993  0
-111.85152889697893  469.89999999999998  -32.792634224520377  0
-115.43805585285244  469.89999999999998  -19.920424541344488  0
-117.24798487980159  469.89999999999998  -6.6810471145067618  0
-117.24795586767243  469.89999999999998  6.6814735209127107  0
-115.43796935120848  469.89999999999998  19.920843088345784  0
-111.85138650019451  469.89999999999998  32.79303719757467  0
-106.55431421562203  469.89999999999998  45.060799134654609  0
-99.644386665613467  469.89999999999998  56.498012911903238  0
-91.248965719497363  469.89999999999998  66.893870975111355  0
-81.522793449134639  469.89999999999998  76.05675974995097  0
-70.645139965941098  469.89999999999998  83.817791410266523  0
-58.816499163883194  469.89999999999998  90.033916771674868  0
-46.254893271596785  469.89999999999998  94.590561934481741  0
-33.191854327100039  469.89999999999998  97.403740078043626  0
-19.868156643443413  469.89999999999998  98.421599482566776  0
-6.5293789233090678  469.89999999999998  97.625379245634292  0
6.5786221795683275  469.89999999999998  95.029755077959351  0
19.21424362209747  469.89999999999998  90.68256880475306  0
31.144589132153598  469.89999999999998  84.663946558463067  0
42.149761888113204  469.89999999999998  77.084821916109064  0
52.026917596119645  469.89999999999998  68.084891202339605  0
60.594003259883564  469.89999999999998  57.830038645496856  0
67.693112731049908  469.89999999999998  46.509278845498891  0
76.71235510104114  469.89999999999998  -31.817364153142766  0
75.980168904130579  469.89999999999998  -31.990731473486083  0
75.278329603400735  469.89999999999998  -32.26198160891569  0
74.622028869408524  469.89999999999998  -32.629770871235174  0
74.03268042618167  469.89999999999998  -33.097006184999763  0
73.542093107488952  469.89999999999998  -33.666501979553381  0
-144.41783138538568  469.89999999999998  -20.295488506697779  0
-139.56327789408658  469.89999999999998  -40.069313086483788  0
-131.61111826384229  469.89999999999998  -58.813218371326279  0
-120.76575037444627  469.89999999999998  -76.045421464828053  0
-107.30593751854454  469.89999999999998  -91.322995421321792  0
-91.577643225302168  469.89999999999998  -104.25325399326046  0
-73.985138806638048  469.89999999999998  -114.50384501969971  0
-54.980612192703447  469.89999999999998  -121.81129302103952  0
-35.052545145307292  469.89999999999998  -125.98777142593008  0
-14.713157594917138  469.89999999999998  -126.92593036079536  0
5.5147581749989278  469.89999999999998  -124.60165591116285  0
25.111275089500452  469.89999999999998  -119.07468993228355  0
43.572695197979421  469.89999999999998  -110.48709447777584  0
60.424496445597001  469.89999999999998  -99.059600315763376  0
75.233529523753504  469.89999999999998  -85.085933388213491  0
87.619151298544097  469.89999999999998  -68.925265043003705  0
97.263008649759456  469.89999999999998  -50.992980093744116  0
106.02058463255042  488.94999999999999  22.053318563700152  0
100.29096283981038  488.94999999999999  43.436558202359926  0
90.935226280623723  488.94999999999999  63.499999999999993  0
78.237644276110217  488.94999999999999  81.634026430190488  0
62.584026430190505  488.94999999999999  97.287644276110214  0
44.450000000000017  488.94999999999999  109.98522628062371  0
24.386558202359943  488.94999999999999  119.34096283981036  0
3.0033185637001658  488.94999999999999  125.07058463255042  0
-19.04999999999999  488.94999999999999  127  0
-41.103318563700142  488.94999999999999  125.07058463255042  0
-62.486558202359923  488.94999999999999  119.34096283981037  0
-82.549999999999983  488.94999999999999  109.98522628062372  0
-100.6840264301905  488.94999999999999  97.287644276110214  0
-116.3376442761102  488.94999999999999  81.634026430190517  0
-129.0352262806237  488.94999999999999  63.499999999999993  0
-138.39096283981036  488.94999999999999  43.436558202359947  0
-144.12058463255042  488.94999999999999  22.053318563700202  0
-144.12058463255042  488.94999999999999  -22.053318563700152  0
-138.39096283981036  488.94999999999999  -43.436558202359926  0
-129.0352262806237  488.94999999999999  -63.499999999999993  0
-116.33764427611021  488.94999999999999  -81.634026430190488  0
-100.6840264301905  488.94999999999999  -97.287644276110214  0
-82.550000000000011  488.94999999999999  -109.98522628062371  0
-62.486558202359937  488.94999999999999  -119.34096283981036  0
-41.103318563700157  488.94999999999999  -125.07058463255042  0
-19.050000000000004  488.94999999999999  -127  0
3.0033185637001516  488.94999999999999  -125.07058463255042  0
24.386558202359929  488.94999999999999  -119.34096283981037  0
44.449999999999982  488.94999999999999  -109.98522628062372  0
62.584026430190505  488.94999999999999  -97.287644276110214  0
78.237644276110203  488.94999999999999  -81.634026430190517  0
90.935226280623723  488.94999999999999  -63.499999999999993  0
100.29096283981036  488.94999999999999  -43.436558202359947  0
106.02058463255042  488.94999999999999  -22.053318563700202  0
-113.12731444168686  488.94999999999999  -14.90038279508199  0
-109.63813317711337  488.94999999999999  -29.433868714213741  0
-103.91837142894204  488.94999999999999  -43.242595100191828  0
-96.108868714213742  488.94999999999999  -55.986545280858067  0
-86.401920908018653  488.94999999999999  -67.351920908018641  0
-75.036545280858064  488.94999999999999  -77.058868714213745  0
-62.292595100191832  488.94999999999999  -84.868371428942041  0
-48.483868714213742  488.94999999999999  -90.588133177113377  0
-33.950382795081993  488.94999999999999  -94.077314441686866  0
-19.050000000000004  488.94999999999999  -95.25  0
-4.1496172049180124  488.94999999999999  -94.077314441686866  0
10.383868714213737  488.94999999999999  -90.588133177113377  0
24.192595100191831  488.94999999999999  -84.868371428942041  0
36.936545280858056  488.94999999999999  -77.058868714213745  0
48.301920908018644  488.94999999999999  -67.351920908018656  0
58.008868714213733  488.94999999999999  -55.986545280858074  0
65.818371428942029  488.94999999999999  -43.242595100191835  0
71.53813317711338  488.94999999999999  -29.433868714213752  0
75.027314441686869  488.94999999999999  -14.900382795082001  0
75.027314441686869  488.94999999999999  14.90038279508199  0
71.53813317711338  488.94999999999999  29.433868714213741  0
65.818371428942044  488.94999999999999  43.242595100191828  0
58.008868714213747  488.94999999999999  55.986545280858067  0
48.301920908018658  488.94999999999999  67.351920908018641  0
36.93654528085807  488.94999999999999  77.058868714213745  0
24.192595100191838  488.94999999999999  84.868371428942041  0
10.383868714213747  488.94999999999999  90.588133177113377  0
-4.1496172049180018  488.94999999999999  94.077314441686866  0
-19.04999999999999  488.94999999999999  95.25  0
-33.950382795081978  488.94999999999999  94.077314441686866  0
-48.483868714213727  488.94999999999999  90.588133177113377  0
-62.292595100191825  488.94999999999999  84.868371428942041  0
-75.03654528085805  488.94999999999999  77.058868714213745  0
-86.401920908018639  488.94999999999999  67.351920908018656  0
-96.108868714213727  488.94999999999999  55.986545280858074  0
-103.91837142894202  488.94999999999999  43.242595100191835  0
-109.63813317711337  488.94999999999999  29.433868714213752  0
-113.12731444168686  488.94999999999999  14.900382795082001  0
-113.19733407181499  488.85352923162748  0  0
-112.128172089882  488.56704814199048  0  0
-111.125  488.09926131403114  0  0
-110.21829867849047  487.46438221380549  0  0
-109.43561778619448  486.68170132150948  0  0
-108.80073868596881  485.77499999999998  0  0
-108.33295185800948  484.77182791011796  0  0
-108.04647076837247  483.70266592818496  0  0
-107.12198060262979  482.59999999999997  -12.10521510465632  0
-104.65334684521935  482.59999999999997  -23.984932955859456  0
-100.59008470383476  482.59999999999997  -35.417856887330863  0
-95.00788506418283  482.59999999999997  -46.191013158150042  0
-88.010733743622922  482.59999999999997  -56.103718250586084  0
-79.728974432138344  482.59999999999997  -64.971317224325219  0
-70.316880636011675  482.59999999999997  -72.628623488628278  0
-59.949781854299424  482.59999999999997  -78.932995915971148  0
-48.820797522000674  482.59999999999997  -83.76699597636312  0
-37.137239560379157  482.59999999999997  -87.040575394958495  0
-25.116750548119249  482.59999999999997  -88.692753581038929  0
-12.983249451880756  482.59999999999997  -88.692753581038929  0
-0.96276043962086888  482.59999999999997  -87.040575394958495  0
10.720797522000669  482.59999999999997  -83.766995976363134  0
21.849781854299422  482.59999999999997  -78.932995915971148  0
32.21688063601168  482.59999999999997  -72.628623488628293  0
41.628974432138335  482.59999999999997  -64.971317224325233  0
49.910733743622913  482.59999999999997  -56.103718250586105  0
56.907885064182807  482.59999999999997  -46.191013158150071  0
62.490084703834754  482.59999999999997  -35.417856887330892  0
66.553346845219352  482.59999999999997  -23.984932955859456  0
69.021980602629796  482.59999999999997  -12.105215104656326  0
75.097334071814984  488.85352923162748  0  0
74.028172089881991  488.56704814199048  0  0
73.024999999999991  488.09926131403114  0  0
72.118298678490461  487.46438221380549  0  0
71.335617786194476  486.68170132150948  0  0
70.700738685968801  485.77499999999998  0  0
70.232951858009471  484.77182791011796  0  0
69.946470768372464  483.70266592818496  0  0
68.857060451413915  482.59999999999997  13.249857463061907  0
65.900422434387906  482.59999999999997  26.203735005129381  0
61.046132356525064  482.59999999999997  38.572264407550911  0
54.402627036691939  482.59999999999997  50.079153161855999  0
46.118311405671562  482.59999999999997  60.467356387834734  0
36.378243385241412  482.59999999999997  69.504818791407843  0
25.399999999999991  482.59999999999997  76.989658396436596  0
13.428817066172513  482.59999999999997  82.754676254469743  0
0.73211102871635703  482.59999999999997  86.671091392964115  0
-12.40649468016689  482.59999999999997  88.651417569406902  0
-25.693505319833115  482.59999999999997  88.651417569406902  0
-38.832111028716341  482.59999999999997  86.671091392964115  0
-51.528817066172515  482.59999999999997  82.754676254469743  0
-63.500000000000014  482.59999999999997  76.989658396436582  0
-74.478243385241399  482.59999999999997  69.504818791407857  0
-84.218311405671557  482.59999999999997  60.467356387834727  0
-92.502627036691948  482.59999999999997  50.079153161855977  0
-99.146132356525044  482.59999999999997  38.572264407550925  0
-104.0004224343879  482.59999999999997  26.203735005129381  0
-106.95706045141391  482.59999999999997  13.249857463061891  0
69.849999999999994  365.27008161433196  0  0
69.849999999999994  423.93504080716599  0  0
-107.143114731197  465.07452308337758  11.951103465966849  0
-104.82492625499009  462.07402054449631  23.364779729668349  0
-101.24655826890741  457.41883747130493  33.866768627948773  0
-96.699639170651466  451.46417017819971  43.286980395992963  0
-89.564460408095343  442.04011806902128  54.137863590701166  0
-81.598824291134022  431.42925816791535  63.172513952840326  0
-73.080673097446251  420.02440075151947  70.599043907000507  0
-59.577996936983837  402.00338588600221  79.12428696819984  0
-45.327031359978918  383.47797778673163  84.92721978457088  0
-30.163542749914395  365.05947999510931  88.20605857628253  0
-13.658521777821672  347.54611109920199  88.734616799892819  0
-1.6981945724113656  336.95537338177559  87.19071665083068  0
10.983492188214754  327.78078994780799  83.673137047818315  0
23.970848596524085  320.43334791296348  77.797222807594139  0
33.467643013736144  316.20831961107206  71.729398568614798  0
42.360680612301962  313.00142370628259  64.279755494968867  0
50.336703639824968  310.65445565715447  55.575859819354406  0
57.149029719730173  308.99292160010128  45.791838143798131  0
64.115021545801838  307.5785805321903  31.412724813361212  0
68.402989906540498  306.83561370150829  15.9737384656557  0
68.402989791196006  306.83561378502998  -15.973738366052727  0
64.115021607356056  307.57858082724528  -31.412724703795167  0
57.149029719861353  308.99292203230391  -45.791837926772722  0
50.336703684087638  310.65445598459911  -55.575859591944294  0
42.360680614882781  313.00142414332191  -64.279755109066841  0
33.46764343580265  316.20832039643813  -71.729398439339406  0
23.970849265336614  320.43334885860571  -77.797222904050997  0
10.983492531992066  327.78079056612552  -83.67313800413234  0
-1.698188067555837  336.95538547263487  -87.190698725232551  0
-13.658543497424887  347.5460863917753  -88.734665696402743  0
-30.163509229340502  365.05950584478722  -88.205985465195283  0
-45.327039622322161  383.47797255681314  -84.9272363442646  0
-59.577998857028497  402.00338417686311  -79.124286603506093  0
-73.080670834157871  420.02439451422646  -70.59903097017461  0
-81.598829446508972  431.42926332108493  -63.172524120737968  0
-89.564456183367909  442.04011328169935  -54.137856331772916  0
-96.699641735201126  451.46417328500576  -43.286983886725999  0
-101.24655743073546  457.41883619980268  -33.866767661119432  0
-104.82492651724644  462.0740206182416  -23.364779918468464  0
-107.14311495682179  465.07452428783347  -11.951103802283308  0
71.97026683553085  295.19716850301387  0  0
70.384566878297917  300.80346446659007  0  0
-138.96176130899428  434.37475796700363  0  0
-133.5416008942118  434.96919044649576  0  0
-128.30308636111386  436.48226236691045  0  0
-123.4007161077358  438.86933758121222  0  0
-118.97906979893764  442.06000707067238  0  0
-115.16855006226606  445.96016952979443  0  0
-112.08153871995405  450.45480223473885  0  0
-109.80908704956268  455.4113518971115  0  0
-108.41822729766352  460.68363774342225  0  0
73.294876217398681  290.20883574307061  -15.100890146815756  0
69.561139506275481  290.93510871586398  -29.771069648473073  0
63.484265978922721  292.22745223894248  -43.594361166356265  0
55.286555721446412  294.20527252330493  -56.186836399260841  0
45.281322188166229  297.02496825808953  -67.216092244874304  0
33.876934566080934  300.85143183480943  -76.436281573247854  0
21.54546747819964  305.80952409294383  -83.723277540076126  0
8.7613863246776571  311.94130897109687  -89.089117950925953  0
-4.0748327099703134  319.16482480705702  -92.689523446822761  0
-22.90176262828356  331.64662097250459  -95.277805888255585  0
-40.982977421325018  345.44608072505224  -95.123894122671345  0
-58.373682324591485  359.90425306666344  -92.657371117821555  0
-75.180953907350457  374.50724913240822  -87.984530578934638  0
-91.40053713695049  388.82601735983252  -80.960347848144124  0
-106.83181414006322  402.42757027625493  -71.262618549284952  0
-116.45586331622613  410.83529446615393  -63.097495613284877  0
-125.2826331705084  418.47228383937812  -53.420769988890051  0
-132.96619938080508  425.05189760953203  -42.133523337480696  0
-137.71015707928751  429.07996518833636  -32.617180030904422  0
-141.33374554874618  432.13828918099983  -22.285098017015059  0
-143.62056295209618  434.05993510689501  -11.318604109933908  0
117.69950133140149  169.74748805918927  0  0
108.90411168784966  211.68427107588496  0  0
94.430714975145463  252.01507117169237  0  0
118.81705540092288  127  -20.950652635515141  0
113.37391469781984  127  -41.264730292241921  0
104.48596496659252  127  -60.324999999999974  0
92.423262062304701  127  -77.552325108680961  0
77.552325108680975  127  -92.423262062304687  0
60.325000000000038  127  -104.48596496659249  0
41.264730292241964  127  -113.37391469781983  0
20.95065263551518  127  -118.81705540092288  0
3.4177363400061437e-14  127  -120.64999999999999  0
-20.950652635515112  127  -118.8170554009229  0
-41.264730292241872  127  -113.37391469781986  0
-60.324999999999932  127  -104.48596496659256  0
-77.552325108680932  127  -92.42326206230473  0
-92.42326206230463  127  -77.552325108681018  0
-104.48596496659249  127  -60.325000000000038  0
-113.37391469781981  127  -41.264730292242  0
-118.81705540092288  127  -20.95065263551524  0
-121.71119554444385  139.1293212145487  0  0
-124.86251986431985  150.89008757252981  0  0
-130.00820124444476  161.92495495414596  0  0
-136.99187861059761  171.89864433868306  0  0
-145.601355661317  180.50812138940239  0  0
-155.57504504585404  187.49179875555521  0  0
-166.60991242747022  192.63748013568011  0  0
-178.37067878545133  195.78880445555615  0  0
-190.5  436.31705540092287  -20.950652635515141  0
-190.5  430.87391469781983  -41.264730292241921  0
-190.5  421.98596496659252  -60.324999999999974  0
-190.5  409.92326206230473  -77.552325108680961  0
-190.5  395.05232510868098  -92.423262062304687  0
-190.5  377.82500000000005  -104.48596496659249  0
-190.5  358.76473029224195  -113.37391469781983  0
-190.5  338.45065263551515  -118.81705540092288  0
-190.5  317.50000000000006  -120.64999999999999  0
-190.5  296.5493473644849  -118.8170554009229  0
-190.5  276.23526970775811  -113.37391469781986  0
-190.5  257.17500000000007  -104.48596496659256  0
-190.5  239.94767489131908  -92.42326206230473  0
-190.5  225.07673793769538  -77.552325108681018  0
-190.5  213.01403503340751  -60.325000000000038  0
-190.5  204.12608530218017  -41.264730292242  0
-190.5  198.68294459907713  -20.95065263551524  0
-167.38800484504736  437.29043674074376  0  0
-143.62056381621451  434.05993541668886  11.318603796146068  0
-141.33374528641801  432.13828903398013  22.285097550230446  0
-137.71015760417083  429.07996525126282  32.617179820554597  0
-132.96619937689081  425.05189736806352  42.133522711478875  0
-125.28263364338221  418.47228447002385  53.420770229877839  0
-116.45586296764485  410.83529491535688  63.097495227491834  0
-106.83181326786089  402.42757139202826  71.262617689210671  0
-91.400535843530562  388.82601909058877  80.960347737074429  0
-75.180952955842727  374.50725028368993  87.984530502185564  0
-58.373681873421958  359.90425307086917  92.657370338291301  0
-40.982976624105071  345.44608114394339  95.12389333612505  0
-22.901762025162043  331.64662110773924  95.277805569654788  0
-4.0748323385072984  319.16482421969778  92.689523743872698  0
8.7613864002610544  311.94130990956529  89.089115188008194  0
21.54546706132739  305.8095220258723  83.723277074782999  0
33.876937494727947  300.85142777860489  76.436287728701785  0
45.281319155806855  297.02497036973625  67.216089300570957  0
55.286557964418257  294.20527157935578  56.186837913137794  0
63.484264884218106  292.22745293087667  43.594360803972542  0
69.561140105849447  290.93510858918239  29.771069822262618  0
73.294875852336119  290.20883594677406  15.100890196714575  0
-190.5  198.68294459907713  20.950652635515141  0
-190.5  204.12608530218017  41.264730292241921  0
-190.5  213.01403503340748  60.324999999999974  0
-190.5  225.0767379376953  77.552325108680961  0
-190.5  239.94767489131902  92.423262062304687  0
-190.5  257.17499999999995  104.48596496659249  0
-190.5  276.23526970775805  113.37391469781983  0
-190.5  296.54934736448485  118.81705540092288  0
-190.5  317.49999999999994  120.64999999999999  0
-190.5  338.4506526355151  118.8170554009229  0
-190.5  358.76473029224189  113.37391469781986  0
-190.5  377.82499999999993  104.48596496659256  0
-190.5  395.05232510868092  92.42326206230473  0
-190.5  409.92326206230462  77.552325108681018  0
-190.5  421.98596496659252  60.325000000000038  0
-190.5  430.87391469781983  41.264730292242  0
-190.5  436.31705540092287  20.95065263551524  0
-118.81705540092288  127  20.950652635515141  0
-113.37391469781984  127  41.264730292241921  0
-104.48596496659252  127  60.324999999999974  0
-92.423262062304701  127  77.552325108680961  0
-77.552325108680975  127  92.423262062304687  0
-60.325000000000038  127  104.48596496659249  0
-41.264730292241964  127  113.37391469781983  0
-20.95065263551518  127  118.81705540092288  0
-3.4177363400061437e-14  127  120.64999999999999  0
20.950652635515112  127  118.8170554009229  0
41.264730292241872  127  113.37391469781986  0
60.324999999999932  127  104.48596496659256  0
77.552325108680932  127  92.42326206230473  0
92.42326206230463  127  77.552325108681018  0
104.48596496659249  127  60.325000000000038  0
113.37391469781981  127  41.264730292242  0
118.81705540092288  127  20.95065263551524  0
-250.82499999999999  438.14999999999998  0  0
-311.14999999999998  198.68294459907713  20.950652635515141  0
-311.14999999999998  204.12608530218017  41.264730292241921  0
-311.14999999999998  213.01403503340748  60.324999999999974  0
-311.14999999999998  225.0767379376953  77.552325108680961  0
-311.14999999999998  239.94767489131902  92.423262062304687  0
-311.14999999999998  257.17499999999995  104.48596496659249  0
-311.14999999999998  276.23526970775805  113.37391469781983  0
-311.14999999999998  296.54934736448485  118.81705540092288  0
-311.14999999999998  317.49999999999994  120.64999999999999  0
-311.14999999999998  338.4506526355151  118.8170554009229  0
-311.14999999999998  358.76473029224189  113.37391469781986  0
-311.14999999999998  377.82499999999993  104.48596496659256  0
-311.14999999999998  395.05232510868092  92.42326206230473  0
-311.14999999999998  409.92326206230462  77.552325108681018  0
-311.14999999999998  421.98596496659252  60.325000000000038  0
-311.14999999999998  430.87391469781983  41.264730292242  0
-311.14999999999998  436.31705540092287  20.95065263551524  0
-250.82499999999999  196.84999999999999  0  0
-311.14999999999998  436.31705540092287  -20.950652635515141  0
-311.14999999999998  430.87391469781983  -41.264730292241921  0
-311.14999999999998  421.98596496659252  -60.324999999999974  0
-311.14999999999998  409.92326206230473  -77.552325108680961  0
-311.14999999999998  395.05232510868098  -92.423262062304687  0
-311.14999999999998  377.82500000000005  -104.48596496659249  0
-311.14999999999998  358.76473029224195  -113.37391469781983  0
-311.14999999999998  338.45065263551515  -118.81705540092288  0
-311.14999999999998  317.50000000000006  -120.64999999999999  0
-311.14999999999998  296.5493473644849  -118.8170554009229  0
-311.14999999999998  276.23526970775811  -113.37391469781986  0
-311.14999999999998  257.17500000000007  -104.48596496659256  0
-311.14999999999998  239.94767489131908  -92.42326206230473  0
-311.14999999999998  225.07673793769538  -77.552325108681018  0
-311.14999999999998  213.01403503340751  -60.325000000000038  0
-311.14999999999998  204.12608530218017  -41.264730292242  0
-311.14999999999998  198.68294459907713  -20.95065263551524  0
-120.64999999999999  66.674999999999997  0  0
-118.81705540092288  6.3499999999999996  20.950652635515141  0
-113.37391469781984  6.3499999999999996  41.264730292241921  0
-104.48596496659252  6.3499999999999996  60.324999999999974  0
-92.423262062304701  6.3499999999999996  77.552325108680961  0
-77.552325108680975  6.3499999999999996  92.423262062304687  0
-60.325000000000038  6.3499999999999996  104.48596496659249  0
-41.264730292241964  6.3499999999999996  113.37391469781983  0
-20.95065263551518  6.3499999999999996  118.81705540092288  0
-3.4177363400061437e-14  6.3499999999999996  120.64999999999999  0
20.950652635515112  6.3499999999999996  118.8170554009229  0
41.264730292241872  6.3499999999999996  113.37391469781986  0
60.324999999999932  6.3499999999999996  104.48596496659256  0
77.552325108680932  6.3499999999999996  92.42326206230473  0
92.42326206230463  6.3499999999999996  77.552325108681018  0
104.48596496659249  6.3499999999999996  60.325000000000038  0
113.37391469781981  6.3499999999999996  41.264730292242  0
118.81705540092288  6.3499999999999996  20.95065263551524  0
120.64999999999999  66.674999999999997  0  0
118.81705540092288  6.3499999999999996  -20.950652635515141  0
113.37391469781984  6.3499999999999996  -41.264730292241921  0
104.48596496659252  6.3499999999999996  -60.324999999999974  0
92.423262062304701  6.3499999999999996  -77.552325108680961  0
77.552325108680975  6.3499999999999996  -92.423262062304687  0
60.325000000000038  6.3499999999999996  -104.48596496659249  0
41.264730292241964  6.3499999999999996  -113.37391469781983  0
20.95065263551518  6.3499999999999996  -118.81705540092288  0
3.4177363400061437e-14  6.3499999999999996  -120.64999999999999  0
-20.950652635515112  6.3499999999999996  -118.8170554009229  0
-41.264730292241872  6.3499999999999996  -113.37391469781986  0
-60.324999999999932  6.3499999999999996  -104.48596496659256  0
-77.552325108680932  6.3499999999999996  -92.42326206230473  0
-92.42326206230463  6.3499999999999996  -77.552325108681018  0
-104.48596496659249  6.3499999999999996  -60.325000000000038  0
-113.37391469781981  6.3499999999999996  -41.264730292242  0
-118.81705540092288  6.3499999999999996  -20.95065263551524  0
77.461644375182189  469.83536615594386  30.84630077696464  0
77.461644375182189  469.64278038245203  29.960998264056922  0
77.461644375182189  469.32616317050116  29.112114667438021  0
77.461644375182189  468.89195993347795  28.316930809156958  0
77.461644375182189  468.34900979714951  27.591634339447438  0
77.461644375182189  467.70836566055249  26.950990202850459  0
77.461644375182189  466.98306919084303  26.408040066521998  0
77.461644375182189  466.1878853325619  25.973836829498808  0
77.461644375182189  465.33900173594304  25.657219617547941  0
77.461644375182189  464.4536992230353  25.464633844056078  0
71.674437231438262  463.85052798021189  29.152823723732944  0
71.990481921403699  464.17581287783929  28.587348978690081  0
72.36431242868278  464.56321940112974  28.102502709875637  0
72.78137451638041  465.01337468271134  27.717072822341766  0
73.233583446393794  465.50377129451238  27.433713417481904  0
73.713713201673826  466.01682261885736  27.256124155066892  0
74.209418505800627  466.5412930650005  27.189361850214329  0
74.706915014140947  467.06610979493161  27.237182814800811  0
75.193584129309258  467.57863252862717  27.397603278757753  0
75.657998216053628  468.06588713325607  27.666197688550486  0
76.08887024323883  468.51539934949716  28.037053456058061  0
76.475591263874776  468.91607225945984  28.500886425647479  0
76.80814224844157  469.25761489427919  29.04677953478307  0
77.079133390184793  469.53314078459204  29.659912747840952  0
77.281379515388082  469.73614607834048  30.325581457797686  0
77.40882294295163  469.85938657756913  31.028279441116496  0
76.331078996926351  463.54999999999995  25.501454415186743  0
75.236639870412674  463.54999999999995  25.802575771499452  0
74.21329886384207  463.54999999999995  26.293741992999557  0
73.29375596567381  463.54999999999995  26.959258282281777  0
72.507394384403284  463.54999999999995  27.777858634329931  0
71.879341633212576  463.54999999999995  28.723385373557022  0
70.263009684505334  467.27633296409249  33.240637304874852  0
70.397253976805331  467.81091395505894  33.290600527997192  0
70.61645766576865  468.31249999999994  33.372184054814397  0
70.913960358228564  468.76585066075472  33.482909011147385  0
71.280722585418303  469.1571911069027  33.619411075227511  0
71.70560046265534  469.47463065701555  33.77754270091107  0
72.175684290638415  469.70852407099522  33.952499138770143  0
72.676690810128164  469.85176461581375  34.13896442597261  0
71.341607144782259  464.22927288115397  30.031480781927236  0
71.222392344642003  464.86140186804522  30.386801303389866  0
71.07505807275416  465.43650473913306  30.819923602887304  0
70.900283493389949  465.93977158061551  31.325921026972267  0
70.697734444608272  466.34756381939178  31.90220137580927  0
70.468213049348208  466.62409873196873  32.542104033910519  0
71.341597160201417  464.22931057690028  -30.031510180206542  0
71.222363889134868  464.86146060932242  -30.386883898995762  0
71.0750060078568  465.43656714825818  -30.820072889328184  0
70.90020569787697  465.93982232480636  -31.326141274421555  0
70.697631675315037  466.34759299835019  -31.902488189416683  0
70.468088272734519  466.62410687480747  -32.542446405617049  0
71.429667873579632  450.53307003118147  -29.765621457164837  0
71.429669145437074  437.51614006236298  -29.765617914329678  0
71.429670417294517  424.49921009354449  -29.765614371494515  0
71.429671689151959  411.48228012472595  -29.765610828659355  0
71.429672961009402  398.46535015590746  -29.765607285824192  0
71.429674232866844  385.44842018708897  -29.765603742989033  0
71.429675504724287  372.43149021827048  -29.76560020015387  0
71.429676776581729  359.41456024945199  -29.76559665731871  0
71.429678048439172  346.39763028063351  -29.765593114483547  0
71.429679320296614  333.38070031181502  -29.765589571648388  0
71.429680592154057  320.36377034299647  -29.765586028813225  0
67.893072770854317  307.96086657477662  -38.903973647280907  0
63.444303985605714  308.81765484048753  -47.614165493732528  0
58.145021873223627  309.97024942155895  -55.798368769551239  0
52.069611457217185  311.4857817927134  -63.360168075878711  0
45.315347446964068  313.44141450918846  -70.211442403106332  0
38.001500008978454  315.91907249380165  -76.273596836014903  0
30.272034206987144  318.99568266661447  -81.485759947786164  0
22.288572897456433  322.72672857485628  -85.812574881313409  0
14.218119037183893  327.13395635045202  -89.251392926062721  0
6.2107959956162118  332.1909477463243  -91.840415210185427  0
-1.6181984757952261  337.83653063826887  -93.641028817660043  0
-9.2017118816023089  343.9773253993709  -94.739267976679869  0
-16.513961257297392  350.51505652505688  -95.21632355629491  0
-23.55855188769727  357.35745761106426  -95.142893367918361  0
-30.359270408785832  364.42060958759549  -94.57706244829356  0
-36.943637068500017  371.63654974243536  -93.557757253384665  0
-43.34121463395357  378.9450611765929  -92.101103379747357  0
-49.57539956187528  386.29786414811861  -90.220008290049435  0
-55.668819021806719  393.65145643345954  -87.925962583878359  0
-61.632537547605345  400.96404909729216  -85.201059334034497  0
-67.467602395961933  408.19630958655068  -82.021345862243734  0
-73.171844612392462  415.31344627834414  -78.378575852426351  0
-78.734092438865105  422.26829183052331  -74.237627130047258  0
-84.127110823772668  429.0088729990876  -69.554704019437679  0
-89.31841978892075  435.48116647600347  -64.300792267978835  0
-94.262069476295935  441.62007912973388  -58.443557486710397  0
-98.89128333127664  447.33965215937127  -51.94160841640084  0
-103.12340828169954  452.53955013984017  -44.768649690003748  0
-106.85516873858505  457.09901053067892  -36.916067060303703  0
-109.96564552889717  460.87971061651257  -28.408316637127033  0
-112.32069285612718  463.72962698989937  -19.316972917377761  0
-113.79643548799142  465.50971648501763  -9.7803985011450703  0
-113.91958324301051  465.65806815406614  8.5024354753703069  0
-112.79908474025773  464.30719111751858  16.843436826459932  0
-110.99267105635172  462.12389898151838  24.883087606662457  0
-108.57803290839303  459.19534153825435  32.516716427529289  0
-105.64208053740383  455.61965921278352  39.678390314979531  0
-102.27020525105965  451.49362748540199  46.335237032596567  0
-98.539075141343673  446.90560879735403  52.479106986500511  0
-94.514213280419199  441.93240188165589  58.117756860447408  0
-90.249433010085454  436.63932010045625  63.268382694270784  0
-85.789919116490069  431.08443257898699  67.958338994517121  0
-81.169581956741538  425.31343626480674  72.211724999165384  0
-76.410865498510432  419.36307865118329  76.044990749825473  0
-71.534466949715537  413.26754333879501  79.482191013191184  0
-66.554891113211781  407.06105710508183  82.55384086435707  0
-61.477263145534991  400.77251359912276  85.278633373554641  0
-56.302594806818441  394.42388221466302  87.659945105675931  0
-51.030606388956322  388.0409598539361  89.713940144066854  0
-45.655698936041567  381.65122351463958  91.456426823851217  0
-40.164259050035419  375.2824479752644  92.883437402304693  0
-34.540962794879185  368.96438784563355  93.984914304931849  0
-28.769334814017032  362.73145041909277  94.752952395880058  0
-22.828919349536079  356.62554925086602  95.174707113050218  0
-16.70267838308272  350.69163353435778  95.221159791949589  0
-10.374655183351456  344.98550868810446  94.853934954709516  0
-3.8402930849371364  339.5678363975951  94.027387794308481  0
2.8875102002573274  334.5010451495645  92.690006605979576  0
9.7768832038355953  329.85150822363897  90.783710020891007  0
16.766446937274829  325.66966815195485  88.260160240754331  0
23.770538760831815  321.98881218400896  85.082395130715952  0
30.686666507065404  318.81777381490656  81.233381292787058  0
37.404386135251755  316.13924233108594  76.716687001192568  0
43.817552722654341  313.91697940265345  71.555515724489368  0
49.829864909444517  312.10112826402519  65.788256008134468  0
55.358639515393719  310.63838329432565  59.463551299344083  0
60.33379021164334  309.47589539699061  52.636651836062391  0
64.700497852431567  308.56597198057534  45.369196131728472  0
68.411562245962372  307.86720472240063  37.723807918191945  0
71.429667982401455  449.34971276115033  29.765621161598958  0
71.42966936308072  435.1494255223007  29.765617323197915  0
71.429670743759985  420.94913828345108  29.765613484796873  0
71.429672124439236  406.74885104460145  29.765609646395831  0
71.429673505118501  392.54856380575183  29.765605807994788  0
71.429674885797766  378.34827656690214  29.765601969593742  0
71.429676266477031  364.14798932805252  29.7655981311927  0
71.429677647156296  349.94770208920289  29.765594292791658  0
71.429679027835562  335.74741485035327  29.765590454390615  0
71.429680408514827  321.54712761150364  29.765586615989573  0
67.294133998563879  466.72499999999997  40.215084533518585  0
63.823940074749714  466.72499999999997  46.95181100327008  0
59.829186914577988  466.72499999999997  53.391351094489735  0
55.335159724293817  466.72499999999997  59.492945067388433  0
50.370303917123366  466.72499999999997  65.217972247335538  0
44.966045065067718  466.72499999999997  70.530195478441854  0
39.156589987471541  466.72499999999997  75.395990490412544  0
32.978710235396647  466.72499999999997  79.784558726868525  0
26.471509342259409  466.72499999999997  83.668122288017145  0
19.676175313942636  466.72499999999997  87.022099753762447  0
12.635719925021927  466.72499999999997  89.825261774364293  0
5.3947064712581714  466.72499999999997  92.05986544381885  0
-2.0010322984249136  466.72499999999997  93.711766605430356  0
-9.5046842850994668  466.72499999999997  94.770509378724313  0
-17.068754341889736  466.72499999999997  95.229392341032082  0
-24.645364899451607  466.72499999999997  95.085510944843662  0
-32.186559012035104  466.72499999999997  94.339775902443819  0
-39.644603905967941  466.72499999999997  92.996907421463703  0
-46.972293109218526  466.72499999999997  91.065405327835052  0
-54.123245249678178  466.72499999999997  88.55749526525652  0
-61.052197630887122  466.72499999999997  85.489051311708337  0
-67.715292726986576  466.72499999999997  81.879495502822365  0
-74.070355783497234  466.72499999999997  77.751674898084246  0
-80.077161766820836  466.72499999999997  73.131716967990585  0
-85.697689972780395  466.72499999999997  68.048864217502924  0
-90.896364682627862  466.72499999999997  62.535289092566323  0
-95.640280343261637  466.72499999999997  56.625890341261659  0
-99.899409846352555  466.72499999999997  50.358072118544335  0
-103.64679458805395  466.72499999999997  43.771507232749087  0
-106.85871510629281  466.72499999999997  36.907886032417309  0
-109.5148412155757  466.72499999999997  29.810652522893168  0
-111.59836068901568  466.72499999999997  22.524729382966154  0
-113.0960856730735  466.72499999999997  15.096233622096634  0
-113.9985361614504  466.72499999999997  7.5721846780004416  0
-114.29999999977551  466.72499999999997  0.00020680221990866093  0
-113.99856904128178  466.72499999999997  -7.5717723825368033  0
-113.09615122461993  466.72499999999997  -15.095825245276277  0
-111.59845849736182  466.72499999999997  -22.524327509652704  0
-109.51497066163346  466.72499999999997  -29.810259696785614  0
-106.85887537071986  466.72499999999997  -36.907504739949431  0
-103.6469846564399  466.72499999999997  -43.771139887351261  0
-99.899628515639762  466.72499999999997  -50.357721045367526  0
-95.640526229360063  466.72499999999997  -56.625557762460112  0
-90.896636229175854  466.72499999999997  -62.534977113232209  0
-85.697985460995781  466.72499999999997  -68.04857481234194  0
-80.077479326380171  466.72499999999997  -73.13145196882283  0
-74.070693404374225  466.72499999999997  -77.751435982249561  0
-67.71564827217469  466.72499999999997  -81.879284182563424  0
-61.052568849926089  466.72499999999997  -85.488868924598719  0
-54.123629792898392  466.72499999999997  -88.557342965734406  0
-46.972688542613653  466.72499999999997  -91.065284079896202  0
-39.645007726601065  466.72499999999997  -92.996817992559528  0
-32.186968663881494  466.72499999999997  -94.339718858623897  0
-24.645777789577203  466.72499999999997  -95.085486647172786  0
-17.069167856863483  466.72499999999997  -95.229400943304896  0
-9.5050958075353655  466.72499999999997  -94.770550826491828  0
-2.0014392235487328  466.72499999999997  -93.711840636344618  0
5.394306719121392  466.72499999999997  -92.059971589293454  0
12.635329876144962  466.72499999999997  -89.825399362540423  0
19.675797437180485  466.72499999999997  -87.022267913761397  0
26.471146029422407  466.72499999999997  -83.668319955452688  0
32.978363786111153  466.72499999999997  -79.784784650584101  0
39.156262594624472  466.72499999999997  -75.396243240400395  0
44.965738800926232  466.72499999999997  -70.53047345489459  0
50.370020720218193  466.72499999999997  -65.218273690772264  0
55.334901387149301  466.72499999999997  -59.493268069791505  0
59.828955072365957  466.72499999999997  -53.391693611381861  0
63.823736194939627  466.72499999999997  -46.952170866654861  0
67.29395937163423  466.72499999999997  -40.215459465603239  0
72.676542565797305  469.85176461581375  -34.139362735401079  0
72.175536856010538  469.70852407099522  -33.952895272652789  0
71.705453787754664  469.47463065701555  -33.777936793525043  0
71.280576597185103  469.1571911069027  -33.61980332287289  0
70.913814962739082  468.76585066075472  -33.483299666182688  0
70.616312751088913  468.31249999999994  -33.372573417988782  0
70.397109416392198  467.81091395505894  -33.290988939312363  0
70.262865341051452  467.27633296409249  -33.241025133254283  0
77.408822942931167  469.85938657755372  -31.028279440950012  0
77.281379515308444  469.73614607828961  -30.325581457474804  0
77.07913338999451  469.53314078449  -29.659912747384546  0
76.808142248118003  469.25761489405551  -29.046779534242283  0
76.475591263487203  468.91607225897644  -28.500886425085245  0
76.088870242871181  468.5153993486939  -28.037053455491154  0
75.657998215453375  468.06588713238119  -27.666197688014066  0
75.193584127891484  467.57863252811109  -27.397603278543485  0
74.706915012225423  467.06610979450204  -27.237182815038647  0
74.209418505203701  466.54129306311415  -27.189361849753823  0
73.713713203091842  466.01682261460223  -27.256124152708217  0
73.23358344612268  465.50377129238768  -27.433713417027306  0
72.781374509988623  465.01337469178691  -27.717072831756333  0
72.364312421337843  464.56321941331112  -28.102502722762683  0
71.99048192374245  464.17581285163493  -28.587348969719603  0
71.674437241876348  463.85052790700973  -29.152823691970628  0
71.87934163321404  463.54999999999995  -28.723385373554329  0
72.50739438440489  463.54999999999995  -27.777858634327938  0
73.293755965675359  463.54999999999995  -26.959258282280437  0
74.213298863843377  463.54999999999995  -26.293741992998775  0
75.236639870413626  463.54999999999995  -25.802575771499093  0
76.331078996926863  463.54999999999995  -25.501454415186654  0
71.879364186415884  307.34684049765133  -28.723353192424479  0
72.507418039648599  307.34684075015554  -27.777835497807832  0
73.29377819882842  307.34684106630556  -26.959243381153698  0
74.21331750277318  307.34684143599924  -26.293733935770415  0
75.236653216315233  307.34684184742343  -25.802572688537982  0
76.331085919071356  307.34684228743163  -25.501454086436674  0
73.819023171359262  296.59097202665163  -30.099827429063499  0
72.777656032842671  299.16280522814645  -29.980710658184908  0
72.0257377334311  301.83451303413437  -29.88368387917701  0
71.574369829046972  304.57381720945818  -29.811365648232965  0
79.46468537501309  296.87369633412482  -25.487604165646687  0
78.59956470703689  296.32932422323165  -25.748000783279601  0
77.78286220574283  295.81541896000266  -26.174004971707497  0
77.037112382119332  295.34616025342962  -26.753862394375727  0
76.382892016044494  294.93449592167508  -27.47157358582152  0
75.838252400375609  294.59178463499262  -28.307335410013707  0
75.418221268448335  294.32748250652429  -29.238087469829583  0
68.74659171123686  295.39430681579006  -45.324794153774235  0
59.979292732030984  297.35505595354869  -59.081866168120605  0
49.172560025998635  300.22120092107031  -71.122086133212434  0
36.77754123157392  304.20510736908989  -81.14592166914565  0
23.334256425027824  309.4866885303544  -88.981850243997542  0
9.4069347049704568  316.13678546466559  -94.629889402358501  0
-11.395069694450363  328.4455275655389  -99.396261635227219  0
-31.389276481949612  342.82437329717413  -100.50809484642168  0
-50.452237966376593  358.3628555225535  -98.677840932958503  0
-68.723421370114949  374.31484085333597  -94.205994545842771  0
-86.267320271670272  390.09282075149599  -87.032870863919044  0
-102.92162837060205  405.14942437117014  -76.84472111155948  0
-113.30484490279311  414.47750263906471  -68.155708440567835  0
-122.82820837707516  422.95664810094837  -57.781867533371056  0
-131.11950183550402  430.26425098915149  -45.621211623301406  0
-136.2390023885863  434.73772021737778  -35.337583986252397  0
-140.15016678493882  438.1342727426898  -24.153904264408585  0
-142.61788316951501  440.26761607971201  -12.270677378375684  0
-138.62439866920388  440.73896607035391  0  0
-133.82499126931535  441.40501307009964  0  0
-129.23939849853056  442.97031590760014  0  0
-125.03448327410194  445.37789736375214  0  0
-121.36324947549372  448.54013944761579  0  0
-118.35928484499564  452.34197545294114  0  0
-116.13190776615565  456.64507031375933  -8.6107036781844416e-16  0
-114.76218715702751  461.29284348474181  -1.0720206198328784e-13  0
123.17643569118491  137.36700466944328  -30.238121657468596  0
122.66281870280238  147.72269470551711  -30.238121657468596  0
121.80741326235056  158.0557678237351  -30.238121657468596  0
120.6111529662972  168.35494642389932  -30.238121657468596  0
119.07534342287687  178.60898989856497  -30.238121657468596  0
117.20166082713956  188.80670690113104  -30.238121657468596  0
114.99215013153741  198.93696756016709  -30.238121657468596  0
112.44922281404746  208.98871562664573  -30.238121657468596  0
109.57565424626432  218.9509805408228  -30.238121657468596  0
106.3745806643376  228.81288940559563  -30.238121657468596  0
102.84949574605787  238.56367885327165  -30.238121657468596  0
99.004246797828216  248.1927067927956  -30.238121657468596  0
94.843030555682901  257.68946402461427  -30.238121657468596  0
90.370388604935442  267.04358571050273  -30.238121657468596  0
85.591202423455059  276.24486268583286  -30.238121657468596  0
80.510688053982449  285.28325260193941  -30.238121657468596  0
116.89638241478676  127  -49.64106947212094  0
107.41488769797573  127  -67.757227664886514  0
95.148997636805049  127  -84.116991438776921  0
80.416667106177897  127  -98.296285034248214  0
63.599785743742885  127  -109.92755456822464  0
45.134278654257102  127  -118.7092957200904  0
25.498806413299008  127  -124.4138692891476  0
5.2023572874275947  127  -126.89340202963254  0
-15.228946696287503  127  -126.08361980258034  0
-35.265487819942919  127  -122.00551368205232  0
-54.387881359340568  127  -114.76479582712764  0
-72.100439010138317  127  -104.54915922447834  0
-87.944018058355468  127  -91.623412334138976  0
-101.50792322063522  127  -76.322614757577739  0
-112.44055263624323  127  -59.043391864426425  0
-120.45851204672229  127  -40.233653519033851  0
-125.35396090657393  127  -20.380983416732708  0
-127.7818100542715  136.93358667133623  0  0
-130.10797232294868  146.62256143492843  0  0
-133.92118359518247  155.82834905377973  0  0
-139.12753690039816  164.32428067194212  0  0
-145.59882867800067  171.90117132199933  0  0
-153.17571932805788  178.37246309960184  0  0
-161.67165094622027  183.57881640481753  0  0
-170.8774385650716  187.39202767705132  0  0
-180.56641332866383  189.71818994572848  0  0
-190.5  442.57058463255044  -22.053318563700152  0
-190.5  436.84096283981035  -43.436558202359926  0
-190.5  427.48522628062369  -63.499999999999993  0
-190.5  414.7876442761102  -81.634026430190488  0
-190.5  399.13402643019049  -97.287644276110214  0
-190.5  381  -109.98522628062371  0
-190.5  360.93655820235995  -119.34096283981036  0
-190.5  339.55331856370015  -125.07058463255042  0
-190.5  317.5  -127  0
-190.5  295.44668143629985  -125.07058463255042  0
-190.5  274.06344179764005  -119.34096283981037  0
-190.5  254.00000000000003  -109.98522628062372  0
-190.5  235.86597356980951  -97.287644276110214  0
-190.5  220.2123557238898  -81.634026430190517  0
-190.5  207.51477371937628  -63.499999999999993  0
-190.5  198.15903716018965  -43.436558202359947  0
-190.5  192.42941536744956  -22.053318563700202  0
-166.91633110341127  443.622899616155  0  0
-190.5  192.42941536744956  22.053318563700152  0
-190.5  198.15903716018963  43.436558202359926  0
-190.5  207.51477371937628  63.499999999999993  0
-190.5  220.2123557238898  81.634026430190488  0
-190.5  235.86597356980951  97.287644276110214  0
-190.5  254  109.98522628062371  0
-190.5  274.06344179764005  119.34096283981036  0
-190.5  295.44668143629985  125.07058463255042  0
-190.5  317.5  127  0
-190.5  339.55331856370015  125.07058463255042  0
-190.5  360.93655820235995  119.34096283981037  0
-190.5  381  109.98522628062372  0
-190.5  399.13402643019049  97.287644276110214  0
-190.5  414.7876442761102  81.634026430190517  0
-190.5  427.48522628062369  63.499999999999993  0
-190.5  436.84096283981035  43.436558202359947  0
-190.5  442.57058463255044  22.053318563700202  0
-125.3539609076779  127  20.380983409942708  0
-120.45851205108094  127  40.233653505984101  0
-112.44055264583781  127  59.043391846154755  0
-101.50792323717187  127  76.322614735584267  0
-87.944018083170235  127  91.623412310320703  0
-72.100439044116953  127  104.5491592010456  0
-54.387881402855754  127  114.76479580650548  0
-35.265487872812223  127  122.00551366677055  0
-15.228946757753572  127  126.08361979515621  0
5.2023572186933302  127  126.8934020324505  0
25.498806339168684  127  124.41386930434071  0
45.134278577095692  127  118.70929574942781  0
63.599785666335187  127  109.92755461300969  0
80.41666703163618  127  98.296285095231141  0
95.148997568459649  127  84.116991516085847  0
107.4148876392525  127  67.757227757979877  0
116.89638236907537  127  49.64106957976356  0
123.15436041700752  138.01468413736146  30.2381217777376  0
122.57456898612128  149.01579726928586  30.2381217777376  0
121.60904369079373  159.98978511094177  30.2381217777376  0
120.25897413835895  170.92312679810757  30.2381217777376  0
118.52602372660567  181.80235154599899  30.2381217777376  0
116.41232759433274  192.6140552463944  30.2381217777376  0
113.92048999068118  203.34491698260911  30.2381217777376  0
111.05358106648293  213.98171544197092  30.2381217777376  0
107.81513309157998  224.51134520557497  30.2381217777376  0
104.20913610277478  234.92083289524811  30.2381217777376  0
100.24003298777342  245.19735315782802  30.2381217777376  0
95.912714011179219  255.32824446706323  30.2381217777376  0
91.232510789280752  265.30102472366468  30.2381217777376  0
86.205189721057536  275.10340663428866  30.2381217777376  0
80.83694488349812  284.72331285050223  30.2381217777376  0
-142.6178833422469  440.2676161308172  12.270676990140466  0
-140.15016698718162  438.13427289459526  24.153904016426871  0
-136.23900217629659  434.73772014569983  35.33758343416838  0
-131.11950106670997  430.26425074836595  45.621210681096493  0
-122.82820697835032  422.95664783446506  57.781865880366453  0
-113.30484499046969  414.47750489426903  68.1557103752735  0
-102.92162685738612  405.14942443615735  76.844718973321775  0
-86.267319963756151  390.09282097170745  87.032870276440704  0
-68.723419989252861  374.31484098937199  94.205990682547366  0
-50.452236670414173  358.36285628319348  98.677838813162325  0
-31.389275804833758  342.82437364244589  100.50809436761404  0
-11.395069869142727  328.44552665830264  99.396262171251564  0
9.4069345579815611  316.13678492177638  94.629889880680793  0
23.334256374726927  309.48668910078055  88.981849446185223  0
36.777541825810985  304.20510710460758  81.145923150793493  0
49.172559599412956  300.22120166982836  71.122085923748202  0
59.979292261003273  297.35505618720697  59.081865871683789  0
68.746591445439634  295.39430697392316  45.324794296123258  0
71.574369896541313  304.57381720195946  29.811366116200865  0
72.025737475318152  301.83451296024822  29.883684530073243  0
72.777655742278725  299.16280513510122  29.980711334489257  0
73.819023187375834  296.59097203044058  30.099827908457105  0
71.879364131621259  307.34684049422685  28.723353449248293  0
72.507417963009345  307.34684074500166  27.77783569872652  0
73.293778115109788  307.34684105898629  26.959243527458341  0
74.213317425440053  307.34684142614788  26.293734032086356  0
75.23665315684336  307.34684183475423  25.802572742379851  0
76.331085886379142  307.34684227174876  25.501454107629797  0
79.464685428091215  296.87369630246258  25.487604160944464  0
78.599564726835126  296.32932417083703  25.748000787146573  0
77.782862196210331  295.8154188893489  26.174004996632235  0
77.037112349728389  295.34616016857228  26.753862451371802  0
76.382891969463088  294.93449582804641  27.471573683800749  0
75.838252350036129  294.59178453913063  28.307335555250962  0
75.418221226029814  294.32748241574785  29.238087665541958  0
128.46395415128762  127  25.48760416776096  0
127.44181561031419  127  25.747999508773262  0
126.47688272981227  127  26.174001230237469  0
125.59577980645636  127  26.753855150650079  0
124.82281811215587  127  27.471562019579387  0
124.17932510075025  127  28.307318966805269  0
123.68305594380618  127  29.238065900418388  0
123.68306540208074  25.399999999999999  29.238043940946223  0
124.17933621174291  25.399999999999999  28.307301746070387  0
124.82282961908989  25.399999999999999  27.471549399650712  0
125.59579055622497  25.399999999999999  26.753846717819101  0
126.47689172785087  25.399999999999999  26.173996327455789  0
127.44182206730012  25.399999999999999  25.747997278330811  0
128.4639575198475  25.399999999999999  25.487603602350003  0
123.34771013835099  35.560000000000002  30.238095238090398  0
123.34771013835099  45.719999999999999  30.238095238090398  0
123.34771013835099  55.879999999999995  30.238095238090398  0
123.34771013835099  66.039999999999992  30.238095238090398  0
123.34771013835099  76.199999999999989  30.238095238090398  0
123.34771013835099  86.359999999999999  30.238095238090398  0
123.34771013835099  96.52000000000001  30.238095238090398  0
123.34771013835099  106.68000000000001  30.238095238090398  0
123.34771013835099  116.84  30.238095238090398  0
123.44141621832586  24.297334071813811  30.261025160868918  0
123.71965865268179  23.228172089879752  30.329234855514461  0
124.17399281461884  22.224999999996889  30.440612527020605  0
124.79061399053069  21.318298678486808  30.591774021198447  0
125.5507864580126  20.535617786190642  30.778126372538789  0
126.43141276130589  19.900738685965223  30.994007359144987  0
127.40573551580337  19.432951858006618  31.232857546480044  0
128.44415041764066  19.146470768370815  31.487419592465798  0
128.44415041762576  19.146470768373522  -31.487419592462143  0
127.40573551579092  19.432951858011279  -31.232857546476993  0
126.43141276129606  19.900738685971067  -30.994007359142579  0
125.55078645800535  20.535617786196902  -30.778126372537013  0
124.79061399052583  21.318298678492777  -30.591774021197253  0
124.173992814616  22.225000000001952  -30.440612527019908  0
123.71965865268049  23.228172089883415  -30.329234855514144  0
123.44141621832553  24.29733407181573  -30.26102516086884  0
116.66655373526112  25.399999999999999  50.178832584441757  0
106.78630149981555  25.399999999999999  68.743623791523319  0
93.977878326390424  25.399999999999999  85.423406542177659  0
78.592502039472606  25.399999999999999  99.760807049539736  0
61.052052703082374  25.399999999999999  111.36268163410959  0
41.837504311679268  25.399999999999999  119.91089705681556  0
21.475736075385605  25.399999999999999  125.17105400219486  0
0.52508494527083283  25.399999999999999  126.99891450638565  0
-20.439964459295979  25.399999999999999  125.34435708440456  0
-40.844532706051083  25.399999999999999  120.25275110376612  0
-60.129109231345346  25.399999999999999  111.86371271795399  0
-77.764894594243842  25.399999999999999  100.40727647310301  0
-93.268300605598768  25.399999999999999  86.197587565683463  0
-106.21421072626094  25.399999999999999  69.624287714830061  0
-116.24763712306633  25.399999999999999  51.141830856001725  0
-123.09345473623807  25.399999999999999  31.257021628711005  0
-126.56394544182159  25.399999999999999  10.515118363556738  0
-126.56394544182135  25.399999999999999  -10.515118363559797  0
-123.09345473623731  25.399999999999999  -31.257021628714028  0
-116.24763712306509  25.399999999999999  -51.141830856004589  0
-106.21421072625928  25.399999999999999  -69.624287714832604  0
-93.268300605596679  25.399999999999999  -86.197587565685694  0
-77.764894594241369  25.399999999999999  -100.40727647310491  0
-60.129109231342625  25.399999999999999  -111.86371271795545  0
-40.844532706048184  25.399999999999999  -120.25275110376711  0
-20.439964459292984  25.399999999999999  -125.34435708440505  0
0.52508494527395455  25.399999999999999  -126.99891450638565  0
21.475736075388653  25.399999999999999  -125.17105400219434  0
41.837504311682167  25.399999999999999  -119.91089705681455  0
61.052052703085153  25.399999999999999  -111.36268163410807  0
78.592502039475036  25.399999999999999  -99.760807049537803  0
93.977878326392499  25.399999999999999  -85.423406542175371  0
106.7863014998172  25.399999999999999  -68.743623791520733  0
116.66655373526231  25.399999999999999  -50.178832584438972  0
123.68306540208074  25.399999999999999  -29.238043940946223  0
124.17933621174291  25.399999999999999  -28.307301746070387  0
124.82282961908989  25.399999999999999  -27.471549399650712  0
125.59579055622497  25.399999999999999  -26.753846717819101  0
126.47689172785087  25.399999999999999  -26.173996327455789  0
127.44182206730012  25.399999999999999  -25.747997278330811  0
128.4639575198475  25.399999999999999  -25.487603602350003  0
128.46395416655227  127  -25.487604165198793  0
127.44181563957406  127  -25.74799949866598  0
126.47688277058693  127  -26.174001208020442  0
125.59577985516898  127  -26.75385511243659  0
124.82281816429955  127  -27.471561962392013  0
124.17932515109968  127  -28.307318888769299  0
123.68305598666623  127  -29.238065800908792  0
123.34771013835099  34.636363636363633  -30.238095238090398  0
123.34771013835099  43.872727272727275  -30.238095238090398  0
123.34771013835099  53.109090909090909  -30.238095238090398  0
123.34771013835099  62.345454545454544  -30.238095238090398  0
123.34771013835099  71.581818181818178  -30.238095238090398  0
123.34771013835099  80.818181818181813  -30.238095238090398  0
123.34771013835099  90.054545454545462  -30.238095238090398  0
123.34771013835099  99.290909090909082  -30.238095238090398  0
123.34771013835099  108.52727272727273  -30.238095238090398  0
123.34771013835099  117.76363636363635  -30.238095238090398  0
-241.29999999999998  444.5  0  0
-292.09999999999997  191.42597298954715  15.308158392426026  0
-292.09999999999997  194.19038918689139  30.393089364519835  0
-292.09999999999997  198.75293717895232  45.034820654402019  0
-292.09999999999997  205.04708474204233  59.0198428495586  0
-292.09999999999997  212.98104903150562  72.144222834856777  0
-292.09999999999997  222.43913498227016  84.21657759658099  0
-292.09999999999997  233.283422403419  95.060865017729839  0
-292.09999999999997  245.35577716514319  104.51895096849435  0
-292.09999999999997  258.48015715044141  112.45291525795764  0
-292.09999999999997  272.46517934559796  118.74706282104766  0
-292.09999999999997  287.10691063548018  123.30961081310861  0
-292.09999999999997  302.19184160757396  126.07402701045285  0
-292.09999999999997  317.5  127  0
-292.09999999999997  332.80815839242598  126.07402701045285  0
-292.09999999999997  347.89308936451982  123.30961081310861  0
-292.09999999999997  362.53482065440198  118.74706282104768  0
-292.09999999999997  376.51984284955859  112.45291525795766  0
-292.09999999999997  389.64422283485681  104.51895096849437  0
-292.09999999999997  401.71657759658098  95.060865017729867  0
-292.09999999999997  412.56086501772984  84.216577596581033  0
-292.09999999999997  422.01895096849432  72.144222834856791  0
-292.09999999999997  429.95291525795767  59.019842849558621  0
-292.09999999999997  436.24706282104768  45.034820654402054  0
-292.09999999999997  440.80961081310858  30.393089364519877  0
-292.09999999999997  443.57402701045282  15.308158392426085  0
-241.29999999999998  190.5  0  0
-292.09999999999997  443.75552055860368  -13.731115339840605  0
-292.09999999999997  441.53081057518102  -27.301245906800059  0
-292.09999999999997  437.85195274021589  -40.55129432726946  0
-292.09999999999997  432.76207829821152  -53.325915898153603  0
-292.09999999999997  426.32086137328383  -65.475339861481757  0
-292.09999999999997  418.60381934461674  -76.857125329608166  0
-292.09999999999997  409.70142747423762  -87.337831274384754  0
-292.09999999999997  399.7180581672921  -96.794581001209835  0
-292.09999999999997  388.77075730102257  -105.11650276592511  0
-292.09999999999997  376.98787196887338  -112.20602964464491  0
-292.09999999999997  364.50754572816913  -117.98004341673251  0
-292.09999999999997  351.47609899321105  -122.37084904994133  0
-292.09999999999997  338.04631356220114  -125.32696836277383  0
-292.09999999999997  324.37564139034805  -126.81374355909273  0
-292.09999999999997  310.62435860965201  -126.81374355909273  0
-292.09999999999997  296.95368643779886  -125.32696836277383  0
-292.09999999999997  283.52390100678895  -122.37084904994131  0
-292.09999999999997  270.49245427183087  -117.98004341673251  0
-292.09999999999997  258.01212803112668  -112.20602964464491  0
-292.09999999999997  246.22924269897743  -105.11650276592511  0
-292.09999999999997  235.2819418327079  -96.794581001209835  0
-292.09999999999997  225.29857252576238  -87.337831274384754  0
-292.09999999999997  216.39618065538326  -76.857125329608166  0
-292.09999999999997  208.67913862671617  -65.475339861481743  0
-292.09999999999997  202.23792170178845  -53.325915898153582  0
-292.09999999999997  197.14804725978411  -40.551294327269432  0
-292.09999999999997  193.46918942481898  -27.30124590680008  0
-292.09999999999997  191.24447944139632  -13.731115339840624  0
-298.44999999999999  450.6672484595224  -6.9789997649965594  0
-298.44999999999999  450.11949474735923  -13.938870576741587  0
-298.44999999999999  449.20824021836165  -20.860535913114784  0
-298.44999999999999  447.93598255785298  -27.725023970548204  0
-298.44999999999999  446.30620893564725  -34.513519664421139  0
-298.44999999999999  444.32338644795868  -41.207416199899235  0
-298.44999999999999  441.99294987340181  -47.788366071865781  0
-298.44999999999999  439.32128677664082  -54.23833135415795  0
-298.44999999999999  436.31572000051887  -60.539633140268556  0
-298.44999999999999  432.98448759465487  -66.674999999999983  0
-298.44999999999999  429.33672023552231  -72.627615319253849  0
-298.44999999999999  425.38241619989924  -78.381163393201291  0
-298.44999999999999  421.13241396028707  -83.919874146495815  0
-298.44999999999999  416.59836247741055  -89.228566357953724  0
-298.44999999999999  411.7926892712261  -94.292689271226095  0
-298.44999999999999  406.72856635795375  -99.098362477410518  0
-298.44999999999999  401.41987414649583  -103.63241396028705  0
-298.44999999999999  395.88116339320129  -107.88241619989924  0
-298.44999999999999  390.12761531925389  -111.83672023552228  0
-298.44999999999999  384.17500000000001  -115.48448759465488  0
-298.44999999999999  378.03963314026856  -118.81572000051885  0
-298.44999999999999  371.73833135415799  -121.8212867766408  0
-298.44999999999999  365.28836607186582  -124.49294987340184  0
-298.44999999999999  358.70741619989923  -126.82338644795871  0
-298.44999999999999  352.01351966442115  -128.80620893564725  0
-298.44999999999999  345.22502397054825  -130.43598255785298  0
-298.44999999999999  338.3605359131148  -131.70824021836162  0
-298.44999999999999  331.43887057674164  -132.61949474735923  0
-298.44999999999999  324.47899976499656  -133.16724845952243  0
-298.44999999999999  317.5  -133.34999999999999  0
-298.44999999999999  310.52100023500344  -133.16724845952243  0
-298.44999999999999  303.56112942325842  -132.61949474735925  0
-298.44999999999999  296.6394640868852  -131.70824021836162  0
-298.44999999999999  289.77497602945181  -130.43598255785298  0
-298.44999999999999  282.9864803355789  -128.80620893564725  0
-298.44999999999999  276.29258380010077  -126.82338644795874  0
-298.44999999999999  269.71163392813423  -124.49294987340186  0
-298.44999999999999  263.26166864584206  -121.82128677664083  0
-298.44999999999999  256.96036685973144  -118.81572000051885  0
-298.44999999999999  250.82500000000005  -115.48448759465489  0
-298.44999999999999  244.87238468074617  -111.83672023552232  0
-298.44999999999999  239.11883660679871  -107.88241619989924  0
-298.44999999999999  233.5801258535042  -103.63241396028708  0
-298.44999999999999  228.2714336420463  -99.098362477410546  0
-298.44999999999999  223.2073107287739  -94.292689271226109  0
-298.44999999999999  218.40163752258951  -89.228566357953767  0
-298.44999999999999  213.86758603971296  -83.919874146495857  0
-298.44999999999999  209.61758380010076  -78.381163393201305  0
-298.44999999999999  205.66327976447772  -72.627615319253891  0
-298.44999999999999  202.01551240534513  -66.67500000000004  0
-298.44999999999999  198.68427999948116  -60.53963314026857  0
-298.44999999999999  195.67871322335918  -54.238331354157985  0
-298.44999999999999  193.00705012659819  -47.788366071865838  0
-298.44999999999999  190.67661355204129  -41.207416199899249  0
-298.44999999999999  188.69379106435275  -34.513519664421175  0
-298.44999999999999  187.06401744214702  -27.725023970548261  0
-298.44999999999999  185.7917597816384  -20.860535913114802  0
-298.44999999999999  184.88050525264077  -13.938870576741625  0
-298.44999999999999  184.33275154047757  -6.9789997649966153  0
-298.35352923162748  185.252665928185  0  0
-298.06704814199048  186.32182791011797  0  0
-297.59926131403114  187.32499999999999  0  0
-296.96438221380549  188.23170132150949  0  0
-296.18170132150948  189.01438221380548  0  0
-295.27499999999998  189.64926131403115  0  0
-294.27182791011796  190.11704814199049  0  0
-293.20266592818496  190.40352923162749  0  0
-298.35352923162748  449.74733407181498  0  0
-298.06704814199048  448.67817208988197  0  0
-297.59926131403114  447.67499999999995  0  0
-296.96438221380549  446.76829867849045  0  0
-296.18170132150948  445.98561778619444  0  0
-295.27499999999998  445.35073868596879  0  0
-294.27182791011796  444.88295185800945  0  0
-293.20266592818496  444.59647076837246  0  0
-298.44999999999999  325.16974899967425  -158.56461600963186  0
-298.44999999999999  332.82158494517927  -158.00889701142671  0
-298.44999999999999  340.4376366191139  -157.08414091285437  0
-298.44999999999999  348.00011637990121  -155.79250752463187  0
-298.44999999999999  355.49136170564981  -154.13701351638576  0
-298.44999999999999  362.89387644579193  -152.12152537108014  0
-298.44999999999999  370.19037168415389  -149.75075035466674  0
-298.44999999999999  377.36380611802088  -147.030225522047  0
-298.44999999999999  384.39742585888899  -143.96630478502408  0
-298.44999999999999  391.27480356194826  -140.56614407244706  0
-298.44999999999999  397.97987679290748  -136.83768461720783  0
-298.44999999999999  404.49698554255383  -132.78963440912349  0
-298.44999999999999  410.81090880143012  -128.4314478570229  0
-298.44999999999999  416.9069001092073  -123.77330370753657  0
-298.44999999999999  422.77072199572626  -118.82608127216231  0
-298.44999999999999  428.38867923326876  -113.60133501812922  0
-298.44999999999999  433.74765082239651  -108.11126758240405  0
-298.44999999999999  438.83512063665341  -102.36870127186708  0
-298.44999999999999  443.63920665455851  -96.387048116220413  0
-298.44999999999999  448.14868871061793  -90.180278543570992  0
-298.44999999999999  452.35303470054146  -83.762888751848578  0
-298.44999999999999  456.2424251794597  -77.149866852263727  0
-298.44999999999999  459.80777629569297  -70.356657863879562  0
-298.44999999999999  463.04076100650747  -63.399127641054186  0
-298.44999999999999  465.93382852630958  -56.293525818002557  0
-298.44999999999999  468.48022196185559  -49.05644785702291  0
-298.44999999999999  470.6739940932888  -41.704796289025701  0
-298.44999999999999  472.51002126414693  -34.255741236889257  0
-298.44999999999999  473.98401534789957  -26.726680313842383  0
-298.44999999999999  475.09253376306606  -19.135197990532564  0
-298.44999999999999  475.83298751352424  -11.499024525679781  0
-298.44999999999999  476.20364723523062  -3.8359945562360211  0
-298.44999999999999  476.20364723523062  3.8359945562359665  0
-298.44999999999999  475.83298751352424  11.499024525679761  0
-298.44999999999999  475.09253376306606  19.135197990532507  0
-298.44999999999999  473.98401534789957  26.726680313842365  0
-298.44999999999999  472.51002126414699  34.255741236889207  0
-298.44999999999999  470.6739940932888  41.704796289025644  0
-298.44999999999999  468.48022196185565  49.056447857022889  0
-298.44999999999999  465.93382852630964  56.2935258180025  0
-298.44999999999999  463.04076100650747  63.399127641054129  0
-298.44999999999999  459.80777629569297  70.356657863879548  0
-298.44999999999999  456.2424251794597  77.149866852263727  0
-298.44999999999999  452.35303470054146  83.762888751848536  0
-298.44999999999999  448.14868871061799  90.180278543570964  0
-298.44999999999999  443.63920665455851  96.387048116220399  0
-298.44999999999999  438.83512063665347  102.36870127186705  0
-298.44999999999999  433.74765082239657  108.11126758240403  0
-298.44999999999999  428.38867923326876  113.60133501812921  0
-298.44999999999999  422.77072199572626  118.82608127216226  0
-298.44999999999999  416.9069001092073  123.77330370753654  0
-298.44999999999999  410.81090880143012  128.4314478570229  0
-298.44999999999999  404.49698554255394  132.78963440912347  0
-298.44999999999999  397.97987679290753  136.8376846172078  0
-298.44999999999999  391.27480356194826  140.56614407244706  0
-298.44999999999999  384.39742585888905  143.96630478502408  0
-298.44999999999999  377.36380611802093  147.030225522047  0
-298.44999999999999  370.19037168415389  149.75075035466671  0
-298.44999999999999  362.89387644579193  152.12152537108014  0
-298.44999999999999  355.49136170564987  154.13701351638574  0
-298.44999999999999  348.00011637990121  155.79250752463187  0
-298.44999999999999  340.4376366191139  157.08414091285437  0
-298.44999999999999  332.82158494517932  158.00889701142671  0
-298.44999999999999  325.16974899967431  158.56461600963183  0
-298.44999999999999  309.32774768020749  158.53951176921686  0
-298.44999999999999  301.17716670444406  157.90860525381601  0
-298.44999999999999  293.06987094823018  156.8589535044585  0
-298.44999999999999  285.02735950246563  155.39334000888806  0
-298.44999999999999  277.07095966170493  153.5156513106221  0
-298.44999999999999  269.22177036800656  151.23086670253699  0
-298.44999999999999  261.50060626033121  148.54504502267835  0
-298.44999999999999  253.92794247786145  145.46530858731199  0
-298.44999999999999  246.52386036361315  141.9998243038213  0
-298.44999999999999  239.30799421232405  138.15778201353714  0
-298.44999999999999  232.29947920383344  133.94937012193071  0
-298.44999999999999  225.5169006600255  129.3857485807938  0
-298.44999999999999  218.97824475989665  124.47901929405278  0
-298.44999999999999  212.70085084344197  119.24219402569503  0
-298.44999999999999  206.70136543084297  113.68915989490993  0
-298.44999999999999  200.99569807888841  107.83464254994529  0
-298.44999999999999  195.59897919168975  101.69416711833532  0
-298.44999999999999  190.52551989756955  95.284017037053474  0
-298.44999999999999  185.78877409852177  88.621190871764782  0
-298.44999999999999  181.40130279288226  81.723357239685654  0
-298.44999999999999  177.37474076581935  74.608807955587082  0
-298.44999999999999  173.71976573597516  67.296409525190398  0
-298.44999999999999  170.4460700400752  59.805553114585663  0
-298.44999999999999  167.56233493059378  52.15610312834503  0
-298.44999999999999  165.07620755463321  44.368344532693008  0
-298.44999999999999  162.99428067506429  36.462929063422571  0
-298.44999999999999  161.32207518770429  28.460820461204303  0
-298.44999999999999  160.06402548089389  20.38323887951497  0
-298.44999999999999  159.22346767629639  12.251604612605137  0
-298.44999999999999  158.8026307821028  4.087481292729449  0
-298.44999999999999  158.8026307821028  -4.0874812927293949  0
-298.44999999999999  159.22346767629639  -12.251604612605082  0
-298.44999999999999  160.06402548089389  -20.383238879514948  0
-298.44999999999999  161.32207518770429  -28.46082046120425  0
-298.44999999999999  162.99428067506426  -36.462929063422521  0
-298.44999999999999  165.07620755463321  -44.368344532692952  0
-298.44999999999999  167.56233493059375  -52.156103128344981  0
-298.44999999999999  170.44607004007517  -59.805553114585621  0
-298.44999999999999  173.71976573597516  -67.296409525190384  0
-298.44999999999999  177.37474076581933  -74.608807955586997  0
-298.44999999999999  181.40130279288221  -81.723357239685583  0
-298.44999999999999  185.78877409852174  -88.621190871764753  0
-298.44999999999999  190.52551989756955  -95.284017037053445  0
-298.44999999999999  195.59897919168975  -101.6941671183353  0
-298.44999999999999  200.99569807888838  -107.83464254994529  0
-298.44999999999999  206.70136543084291  -113.68915989490991  0
-298.44999999999999  212.70085084344191  -119.242194025695  0
-298.44999999999999  218.9782447598966  -124.47901929405276  0
-298.44999999999999  225.5169006600255  -129.38574858079377  0
-298.44999999999999  232.29947920383341  -133.94937012193071  0
-298.44999999999999  239.30799421232396  -138.15778201353712  0
-298.44999999999999  246.5238603636131  -141.99982430382127  0
-298.44999999999999  253.92794247786139  -145.46530858731199  0
-298.44999999999999  261.50060626033115  -148.54504502267835  0
-298.44999999999999  269.2217703680065  -151.23086670253699  0
-298.44999999999999  277.07095966170493  -153.5156513106221  0
-298.44999999999999  285.02735950246557  -155.39334000888806  0
-298.44999999999999  293.06987094823012  -156.85895350445847  0
-298.44999999999999  301.17716670444401  -157.90860525381601  0
-298.44999999999999  309.32774768020744  -158.53951176921686  0
-298.44999999999999  437.72948099107651  -71.922334071814987  0
-298.44999999999999  438.01596208071351  -70.853172089881994  0
-298.44999999999999  438.48374890867285  -69.849999999999994  0
-298.44999999999999  439.1186280088985  -68.943298678490464  0
-298.44999999999999  439.90130890119451  -68.160617786194479  0
-298.44999999999999  440.80801022270401  -67.525738685968804  0
-298.44999999999999  441.81118231258603  -67.057951858009474  0
-298.44999999999999  442.88034429451903  -66.771470768372467  0
-298.44999999999999  443.98301022270402  -66.674999999999997  0
-298.44999999999999  445.08567615088901  -66.771470768372467  0
-298.44999999999999  446.15483813282202  -67.057951858009474  0
-298.44999999999999  447.15801022270404  -67.525738685968804  0
-298.44999999999999  448.06471154421354  -68.160617786194479  0
-298.44999999999999  448.84739243650955  -68.943298678490464  0
-298.44999999999999  449.4822715367352  -69.849999999999994  0
-298.44999999999999  449.95005836469454  -70.853172089881994  0
-298.44999999999999  450.23653945433153  -71.922334071814987  0
-298.44999999999999  450.23653945433153  -74.127665928184996  0
-298.44999999999999  449.95005836469454  -75.196827910117989  0
-298.44999999999999  449.4822715367352  -76.199999999999989  0
-298.44999999999999  448.84739243650955  -77.106701321509519  0
-298.44999999999999  448.06471154421354  -77.889382213805504  0
-298.44999999999999  447.15801022270404  -78.524261314031179  0
-298.44999999999999  446.15483813282202  -78.992048141990509  0
-298.44999999999999  445.08567615088901  -79.278529231627516  0
-298.44999999999999  443.98301022270402  -79.374999999999986  0
-298.44999999999999  442.88034429451903  -79.278529231627516  0
-298.44999999999999  441.81118231258603  -78.992048141990509  0
-298.44999999999999  440.80801022270401  -78.524261314031179  0
-298.44999999999999  439.90130890119451  -77.889382213805504  0
-298.44999999999999  439.1186280088985  -77.106701321509519  0
-298.44999999999999  438.48374890867285  -76.199999999999989  0
-298.44999999999999  438.01596208071351  -75.196827910117989  0
-298.44999999999999  437.72948099107651  -74.127665928184996  0
-298.44999999999999  384.27147076837247  -125.38034429454437  0
-298.44999999999999  384.55795185800946  -124.31118231261138  0
-298.44999999999999  385.0257386859688  -123.30801022272938  0
-298.44999999999999  385.66061778619445  -122.40130890121985  0
-298.44999999999999  386.44329867849046  -121.61862800892386  0
-298.44999999999999  387.34999999999997  -120.98374890869819  0
-298.44999999999999  388.35317208988198  -120.51596208073886  0
-298.44999999999999  389.42233407181499  -120.22948099110185  0
-298.44999999999999  390.52499999999998  -120.13301022272938  0
-298.44999999999999  391.62766592818497  -120.22948099110185  0
-298.44999999999999  392.69682791011797  -120.51596208073886  0
-298.44999999999999  393.69999999999999  -120.98374890869819  0
-298.44999999999999  394.60670132150949  -121.61862800892386  0
-298.44999999999999  395.3893822138055  -122.40130890121985  0
-298.44999999999999  396.02426131403115  -123.30801022272938  0
-298.44999999999999  396.49204814199049  -124.31118231261138  0
-298.44999999999999  396.77852923162749  -125.38034429454437  0
-298.44999999999999  396.77852923162749  -127.58567615091438  0
-298.44999999999999  396.49204814199049  -128.65483813284737  0
-298.44999999999999  396.02426131403115  -129.65801022272939  0
-298.44999999999999  395.3893822138055  -130.56471154423889  0
-298.44999999999999  394.60670132150949  -131.34739243653488  0
-298.44999999999999  393.69999999999999  -131.98227153676055  0
-298.44999999999999  392.69682791011797  -132.45005836471989  0
-298.44999999999999  391.62766592818497  -132.73653945435689  0
-298.44999999999999  390.52499999999998  -132.83301022272937  0
-298.44999999999999  389.42233407181499  -132.73653945435689  0
-298.44999999999999  388.35317208988198  -132.45005836471989  0
-298.44999999999999  387.34999999999997  -131.98227153676055  0
-298.44999999999999  386.44329867849046  -131.34739243653488  0
-298.44999999999999  385.66061778619445  -130.56471154423889  0
-298.44999999999999  385.0257386859688  -129.65801022272939  0
-298.44999999999999  384.55795185800946  -128.65483813284737  0
-298.44999999999999  384.27147076837247  -127.58567615091438  0
-298.44999999999999  311.24647076837249  -144.94733407181496  0
-298.44999999999999  311.53295185800948  -143.87817208988199  0
-298.44999999999999  312.00073868596883  -142.87499999999997  0
-298.44999999999999  312.63561778619447  -141.96829867849047  0
-298.44999999999999  313.41829867849049  -141.18561778619448  0
-298.44999999999999  314.32499999999999  -140.55073868596881  0
-298.44999999999999  315.328172089882  -140.08295185800947  0
-298.44999999999999  316.39733407181501  -139.79647076837247  0
-298.44999999999999  317.5  -139.69999999999999  0
-298.44999999999999  318.60266592818499  -139.79647076837247  0
-298.44999999999999  319.671827910118  -140.08295185800947  0
-298.44999999999999  320.67500000000001  -140.55073868596881  0
-298.44999999999999  321.58170132150951  -141.18561778619448  0
-298.44999999999999  322.36438221380553  -141.96829867849047  0
-298.44999999999999  322.99926131403117  -142.87499999999997  0
-298.44999999999999  323.46704814199052  -143.87817208988199  0
-298.44999999999999  323.75352923162751  -144.94733407181496  0
-298.44999999999999  323.75352923162751  -147.152665928185  0
-298.44999999999999  323.46704814199052  -148.22182791011798  0
-298.44999999999999  322.99926131403117  -149.22499999999999  0
-298.44999999999999  322.36438221380553  -150.1317013215095  0
-298.44999999999999  321.58170132150951  -150.91438221380548  0
-298.44999999999999  320.67500000000001  -151.54926131403116  0
-298.44999999999999  319.671827910118  -152.0170481419905  0
-298.44999999999999  318.60266592818499  -152.30352923162749  0
-298.44999999999999  317.5  -152.39999999999998  0
-298.44999999999999  316.39733407181501  -152.30352923162749  0
-298.44999999999999  315.328172089882  -152.0170481419905  0
-298.44999999999999  314.32499999999999  -151.54926131403116  0
-298.44999999999999  313.41829867849049  -150.91438221380548  0
-298.44999999999999  312.63561778619447  -150.1317013215095  0
-298.44999999999999  312.00073868596883  -149.22499999999999  0
-298.44999999999999  311.53295185800948  -148.22182791011798  0
-298.44999999999999  311.24647076837249  -147.152665928185  0
-298.44999999999999  238.22147076837248  -125.38034429454437  0
-298.44999999999999  238.50795185800948  -124.31118231261138  0
-298.44999999999999  238.97573868596882  -123.30801022272938  0
-298.44999999999999  239.6106177861945  -122.40130890121985  0
-298.44999999999999  240.39329867849048  -121.61862800892386  0
-298.44999999999999  241.29999999999998  -120.98374890869819  0
-298.44999999999999  242.303172089882  -120.51596208073886  0
-298.44999999999999  243.37233407181498  -120.22948099110185  0
-298.44999999999999  244.47499999999999  -120.13301022272938  0
-298.44999999999999  245.57766592818501  -120.22948099110185  0
-298.44999999999999  246.64682791011799  -120.51596208073886  0
-298.44999999999999  247.65000000000001  -120.98374890869819  0
-298.44999999999999  248.55670132150951  -121.61862800892386  0
-298.44999999999999  249.33938221380549  -122.40130890121985  0
-298.44999999999999  249.97426131403117  -123.30801022272938  0
-298.44999999999999  250.44204814199051  -124.31118231261138  0
-298.44999999999999  250.7285292316275  -125.38034429454437  0
-298.44999999999999  250.7285292316275  -127.58567615091438  0
-298.44999999999999  250.44204814199051  -128.65483813284737  0
-298.44999999999999  249.97426131403117  -129.65801022272939  0
-298.44999999999999  249.33938221380549  -130.56471154423889  0
-298.44999999999999  248.55670132150951  -131.34739243653488  0
-298.44999999999999  247.65000000000001  -131.98227153676055  0
-298.44999999999999  246.64682791011799  -132.45005836471989  0
-298.44999999999999  245.57766592818501  -132.73653945435689  0
-298.44999999999999  244.47499999999999  -132.83301022272937  0
-298.44999999999999  243.37233407181498  -132.73653945435689  0
-298.44999999999999  242.303172089882  -132.45005836471989  0
-298.44999999999999  241.29999999999998  -131.98227153676055  0
-298.44999999999999  240.39329867849048  -131.34739243653488  0
-298.44999999999999  239.6106177861945  -130.56471154423889  0
-298.44999999999999  238.97573868596882  -129.65801022272939  0
-298.44999999999999  238.50795185800948  -128.65483813284737  0
-298.44999999999999  238.22147076837248  -127.58567615091438  0
-298.44999999999999  184.76346054564308  -71.922334071814987  0
-298.44999999999999  185.04994163528008  -70.853172089881994  0
-298.44999999999999  185.51772846323942  -69.849999999999994  0
-298.44999999999999  186.1526075634651  -68.943298678490464  0
-298.44999999999999  186.93528845576108  -68.160617786194479  0
-298.44999999999999  187.84198977727058  -67.525738685968804  0
-298.44999999999999  188.8451618671526  -67.057951858009474  0
-298.44999999999999  189.91432384908558  -66.771470768372467  0
-298.44999999999999  191.0169897772706  -66.674999999999997  0
-298.44999999999999  192.11965570545561  -66.771470768372467  0
-298.44999999999999  193.18881768738859  -67.057951858009474  0
-298.44999999999999  194.19198977727061  -67.525738685968804  0
-298.44999999999999  195.09869109878011  -68.160617786194479  0
-298.44999999999999  195.88137199107609  -68.943298678490464  0
-298.44999999999999  196.51625109130177  -69.849999999999994  0
-298.44999999999999  196.98403791926111  -70.853172089881994  0
-298.44999999999999  197.27051900889811  -71.922334071814987  0
-298.44999999999999  197.27051900889811  -74.127665928184996  0
-298.44999999999999  196.98403791926111  -75.196827910117989  0
-298.44999999999999  196.51625109130177  -76.199999999999989  0
-298.44999999999999  195.88137199107609  -77.106701321509519  0
-298.44999999999999  195.09869109878011  -77.889382213805504  0
-298.44999999999999  194.19198977727061  -78.524261314031179  0
-298.44999999999999  193.18881768738859  -78.992048141990509  0
-298.44999999999999  192.11965570545561  -79.278529231627516  0
-298.44999999999999  191.0169897772706  -79.374999999999986  0
-298.44999999999999  189.91432384908558  -79.278529231627516  0
-298.44999999999999  188.8451618671526  -78.992048141990509  0
-298.44999999999999  187.84198977727058  -78.524261314031179  0
-298.44999999999999  186.93528845576108  -77.889382213805504  0
-298.44999999999999  186.1526075634651  -77.106701321509519  0
-298.44999999999999  185.51772846323942  -76.199999999999989  0
-298.44999999999999  185.04994163528008  -75.196827910117989  0
-298.44999999999999  184.76346054564308  -74.127665928184996  0
-298.44999999999999  165.19647076837248  1.1026659281850075  0
-298.44999999999999  165.48295185800947  2.171827910117996  0
-298.44999999999999  165.95073868596882  3.1749999999999994  0
-298.44999999999999  166.58561778619449  4.0817013215095237  0
-298.44999999999999  167.36829867849048  4.8643822138055102  0
-298.44999999999999  168.27499999999998  5.4992613140311848  0
-298.44999999999999  169.27817208988199  5.9670481419905173  0
-298.44999999999999  170.34733407181497  6.2535292316275202  0
-298.44999999999999  171.44999999999999  6.3499999999999996  0
-298.44999999999999  172.55266592818501  6.2535292316275202  0
-298.44999999999999  173.62182791011799  5.9670481419905181  0
-298.44999999999999  174.625  5.4992613140311857  0
-298.44999999999999  175.5317013215095  4.8643822138055102  0
-298.44999999999999  176.31438221380549  4.0817013215095255  0
-298.44999999999999  176.94926131403116  3.1749999999999994  0
-298.44999999999999  177.41704814199051  2.1718279101179974  0
-298.44999999999999  177.7035292316275  1.10266592818501  0
-298.44999999999999  177.7035292316275  -1.1026659281850075  0
-298.44999999999999  177.41704814199051  -2.171827910117996  0
-298.44999999999999  176.94926131403116  -3.1749999999999994  0
-298.44999999999999  176.31438221380549  -4.0817013215095237  0
-298.44999999999999  175.5317013215095  -4.8643822138055102  0
-298.44999999999999  174.625  -5.4992613140311848  0
-298.44999999999999  173.62182791011799  -5.9670481419905173  0
-298.44999999999999  172.55266592818501  -6.2535292316275202  0
-298.44999999999999  171.44999999999999  -6.3499999999999996  0
-298.44999999999999  170.34733407181497  -6.2535292316275202  0
-298.44999999999999  169.27817208988199  -5.9670481419905181  0
-298.44999999999999  168.27499999999998  -5.4992613140311857  0
-298.44999999999999  167.36829867849048  -4.8643822138055102  0
-298.44999999999999  166.58561778619449  -4.0817013215095255  0
-298.44999999999999  165.95073868596882  -3.1749999999999994  0
-298.44999999999999  165.48295185800947  -2.1718279101179974  0
-298.44999999999999  165.19647076837248  -1.10266592818501  0
-298.44999999999999  184.76346054564308  74.127665928184996  0
-298.44999999999999  185.04994163528008  75.196827910117989  0
-298.44999999999999  185.51772846323942  76.199999999999989  0
-298.44999999999999  186.1526075634651  77.106701321509519  0
-298.44999999999999  186.93528845576108  77.889382213805504  0
-298.44999999999999  187.84198977727058  78.524261314031179  0
-298.44999999999999  188.8451618671526  78.992048141990509  0
-298.44999999999999  189.91432384908558  79.278529231627516  0
-298.44999999999999  191.0169897772706  79.374999999999986  0
-298.44999999999999  192.11965570545561  79.278529231627516  0
-298.44999999999999  193.18881768738859  78.992048141990509  0
-298.44999999999999  194.19198977727061  78.524261314031179  0
-298.44999999999999  195.09869109878011  77.889382213805504  0
-298.44999999999999  195.88137199107609  77.106701321509519  0
-298.44999999999999  196.51625109130177  76.199999999999989  0
-298.44999999999999  196.98403791926111  75.196827910117989  0
-298.44999999999999  197.27051900889811  74.127665928184996  0
-298.44999999999999  197.27051900889811  71.922334071814987  0
-298.44999999999999  196.98403791926111  70.853172089881994  0
-298.44999999999999  196.51625109130177  69.849999999999994  0
-298.44999999999999  195.88137199107609  68.943298678490464  0
-298.44999999999999  195.09869109878011  68.160617786194479  0
-298.44999999999999  194.19198977727061  67.525738685968804  0
-298.44999999999999  193.18881768738859  67.057951858009474  0
-298.44999999999999  192.11965570545561  66.771470768372467  0
-298.44999999999999  191.0169897772706  66.674999999999997  0
-298.44999999999999  189.91432384908558  66.771470768372467  0
-298.44999999999999  188.8451618671526  67.057951858009474  0
-298.44999999999999  187.84198977727058  67.525738685968804  0
-298.44999999999999  186.93528845576108  68.160617786194479  0
-298.44999999999999  186.1526075634651  68.943298678490464  0
-298.44999999999999  185.51772846323942  69.849999999999994  0
-298.44999999999999  185.04994163528008  70.853172089881994  0
-298.44999999999999  184.76346054564308  71.922334071814987  0
-298.44999999999999  238.22147076837248  127.58567615091438  0
-298.44999999999999  238.50795185800948  128.65483813284737  0
-298.44999999999999  238.97573868596882  129.65801022272939  0
-298.44999999999999  239.6106177861945  130.56471154423889  0
-298.44999999999999  240.39329867849048  131.34739243653488  0
-298.44999999999999  241.29999999999998  131.98227153676055  0
-298.44999999999999  242.303172089882  132.45005836471989  0
-298.44999999999999  243.37233407181498  132.73653945435689  0
-298.44999999999999  244.47499999999999  132.83301022272937  0
-298.44999999999999  245.57766592818501  132.73653945435689  0
-298.44999999999999  246.64682791011799  132.45005836471989  0
-298.44999999999999  247.65000000000001  131.98227153676055  0
-298.44999999999999  248.55670132150951  131.34739243653488  0
-298.44999999999999  249.33938221380549  130.56471154423889  0
-298.44999999999999  249.97426131403117  129.65801022272939  0
-298.44999999999999  250.44204814199051  128.65483813284737  0
-298.44999999999999  250.7285292316275  127.58567615091438  0
-298.44999999999999  250.7285292316275  125.38034429454437  0
-298.44999999999999  250.44204814199051  124.31118231261138  0
-298.44999999999999  249.97426131403117  123.30801022272938  0
-298.44999999999999  249.33938221380549  122.40130890121985  0
-298.44999999999999  248.55670132150951  121.61862800892386  0
-298.44999999999999  247.65000000000001  120.98374890869819  0
-298.44999999999999  246.64682791011799  120.51596208073886  0
-298.44999999999999  245.57766592818501  120.22948099110185  0
-298.44999999999999  244.47499999999999  120.13301022272938  0
-298.44999999999999  243.37233407181498  120.22948099110185  0
-298.44999999999999  242.303172089882  120.51596208073886  0
-298.44999999999999  241.29999999999998  120.98374890869819  0
-298.44999999999999  240.39329867849048  121.61862800892386  0
-298.44999999999999  239.6106177861945  122.40130890121985  0
-298.44999999999999  238.97573868596882  123.30801022272938  0
-298.44999999999999  238.50795185800948  124.31118231261138  0
-298.44999999999999  238.22147076837248  125.38034429454437  0
-298.44999999999999  311.24647076837249  147.152665928185  0
-298.44999999999999  311.53295185800948  148.22182791011798  0
-298.44999999999999  312.00073868596883  149.22499999999999  0
-298.44999999999999  312.63561778619447  150.1317013215095  0
-298.44999999999999  313.41829867849049  150.91438221380548  0
-298.44999999999999  314.32499999999999  151.54926131403116  0
-298.44999999999999  315.328172089882  152.0170481419905  0
-298.44999999999999  316.39733407181501  152.30352923162749  0
-298.44999999999999  317.5  152.39999999999998  0
-298.44999999999999  318.60266592818499  152.30352923162749  0
-298.44999999999999  319.671827910118  152.0170481419905  0
-298.44999999999999  320.67500000000001  151.54926131403116  0
-298.44999999999999  321.58170132150951  150.91438221380548  0
-298.44999999999999  322.36438221380553  150.1317013215095  0
-298.44999999999999  322.99926131403117  149.22499999999999  0
-298.44999999999999  323.46704814199052  148.22182791011798  0
-298.44999999999999  323.75352923162751  147.152665928185  0
-298.44999999999999  323.75352923162751  144.94733407181496  0
-298.44999999999999  323.46704814199052  143.87817208988199  0
-298.44999999999999  322.99926131403117  142.87499999999997  0
-298.44999999999999  322.36438221380553  141.96829867849047  0
-298.44999999999999  321.58170132150951  141.18561778619448  0
-298.44999999999999  320.67500000000001  140.55073868596881  0
-298.44999999999999  319.671827910118  140.08295185800947  0
-298.44999999999999  318.60266592818499  139.79647076837247  0
-298.44999999999999  317.5  139.69999999999999  0
-298.44999999999999  316.39733407181501  139.79647076837247  0
-298.44999999999999  315.328172089882  140.08295185800947  0
-298.44999999999999  314.32499999999999  140.55073868596881  0
-298.44999999999999  313.41829867849049  141.18561778619448  0
-298.44999999999999  312.63561778619447  141.96829867849047  0
-298.44999999999999  312.00073868596883  142.87499999999997  0
-298.44999999999999  311.53295185800948  143.87817208988199  0
-298.44999999999999  311.24647076837249  144.94733407181496  0
-298.44999999999999  384.27147076837247  127.58567615091438  0
-298.44999999999999  384.55795185800946  128.65483813284737  0
-298.44999999999999  385.0257386859688  129.65801022272939  0
-298.44999999999999  385.66061778619445  130.56471154423889  0
-298.44999999999999  386.44329867849046  131.34739243653488  0
-298.44999999999999  387.34999999999997  131.98227153676055  0
-298.44999999999999  388.35317208988198  132.45005836471989  0
-298.44999999999999  389.42233407181499  132.73653945435689  0
-298.44999999999999  390.52499999999998  132.83301022272937  0
-298.44999999999999  391.62766592818497  132.73653945435689  0
-298.44999999999999  392.69682791011797  132.45005836471989  0
-298.44999999999999  393.69999999999999  131.98227153676055  0
-298.44999999999999  394.60670132150949  131.34739243653488  0
-298.44999999999999  395.3893822138055  130.56471154423889  0
-298.44999999999999  396.02426131403115  129.65801022272939  0
-298.44999999999999  396.49204814199049  128.65483813284737  0
-298.44999999999999  396.77852923162749  127.58567615091438  0
-298.44999999999999  396.77852923162749  125.38034429454437  0
-298.44999999999999  396.49204814199049  124.31118231261138  0
-298.44999999999999  396.02426131403115  123.30801022272938  0
-298.44999999999999  395.3893822138055  122.40130890121985  0
-298.44999999999999  394.60670132150949  121.61862800892386  0
-298.44999999999999  393.69999999999999  120.98374890869819  0
-298.44999999999999  392.69682791011797  120.51596208073886  0
-298.44999999999999  391.62766592818497  120.22948099110185  0
-298.44999999999999  390.52499999999998  120.13301022272938  0
-298.44999999999999  389.42233407181499  120.22948099110185  0
-298.44999999999999  388.35317208988198  120.51596208073886  0
-298.44999999999999  387.34999999999997  120.98374890869819  0
-298.44999999999999  386.44329867849046  121.61862800892386  0
-298.44999999999999  385.66061778619445  122.40130890121985  0
-298.44999999999999  385.0257386859688  123.30801022272938  0
-298.44999999999999  384.55795185800946  124.31118231261138  0
-298.44999999999999  384.27147076837247  125.38034429454437  0
-298.44999999999999  437.72948099107651  74.127665928184996  0
-298.44999999999999  438.01596208071351  75.196827910117989  0
-298.44999999999999  438.48374890867285  76.199999999999989  0
-298.44999999999999  439.1186280088985  77.106701321509519  0
-298.44999999999999  439.90130890119451  77.889382213805504  0
-298.44999999999999  440.80801022270401  78.524261314031179  0
-298.44999999999999  441.81118231258603  78.992048141990509  0
-298.44999999999999  442.88034429451903  79.278529231627516  0
-298.44999999999999  443.98301022270402  79.374999999999986  0
-298.44999999999999  445.08567615088901  79.278529231627516  0
-298.44999999999999  446.15483813282202  78.992048141990509  0
-298.44999999999999  447.15801022270404  78.524261314031179  0
-298.44999999999999  448.06471154421354  77.889382213805504  0
-298.44999999999999  448.84739243650955  77.106701321509519  0
-298.44999999999999  449.4822715367352  76.199999999999989  0
-298.44999999999999  449.95005836469454  75.196827910117989  0
-298.44999999999999  450.23653945433153  74.127665928184996  0
-298.44999999999999  450.23653945433153  71.922334071814987  0
-298.44999999999999  449.95005836469454  70.853172089881994  0
-298.44999999999999  449.4822715367352  69.849999999999994  0
-298.44999999999999  448.84739243650955  68.943298678490464  0
-298.44999999999999  448.06471154421354  68.160617786194479  0
-298.44999999999999  447.15801022270404  67.525738685968804  0
-298.44999999999999  446.15483813282202  67.057951858009474  0
-298.44999999999999  445.08567615088901  66.771470768372467  0
-298.44999999999999  443.98301022270402  66.674999999999997  0
-298.44999999999999  442.88034429451903  66.771470768372467  0
-298.44999999999999  441.81118231258603  67.057951858009474  0
-298.44999999999999  440.80801022270401  67.525738685968804  0
-298.44999999999999  439.90130890119451  68.160617786194479  0
-298.44999999999999  439.1186280088985  68.943298678490464  0
-298.44999999999999  438.48374890867285  69.849999999999994  0
-298.44999999999999  438.01596208071351  70.853172089881994  0
-298.44999999999999  437.72948099107651  71.922334071814987  0
-298.44999999999999  184.33275154047757  6.9789997649965594  0
-298.44999999999999  184.88050525264077  13.938870576741587  0
-298.44999999999999  185.79175978163838  20.860535913114784  0
-298.44999999999999  187.06401744214702  27.725023970548204  0
-298.44999999999999  188.69379106435275  34.513519664421139  0
-298.44999999999999  190.67661355204129  41.207416199899235  0
-298.44999999999999  193.00705012659816  47.788366071865781  0
-298.44999999999999  195.67871322335918  54.23833135415795  0
-298.44999999999999  198.68427999948113  60.539633140268556  0
-298.44999999999999  202.01551240534511  66.674999999999983  0
-298.44999999999999  205.66327976447769  72.627615319253849  0
-298.44999999999999  209.61758380010076  78.381163393201291  0
-298.44999999999999  213.86758603971293  83.919874146495815  0
-298.44999999999999  218.40163752258945  89.228566357953724  0
-298.44999999999999  223.2073107287739  94.292689271226095  0
-298.44999999999999  228.27143364204625  99.098362477410518  0
-298.44999999999999  233.58012585350417  103.63241396028705  0
-298.44999999999999  239.11883660679871  107.88241619989924  0
-298.44999999999999  244.87238468074614  111.83672023552228  0
-298.44999999999999  250.82499999999999  115.48448759465488  0
-298.44999999999999  256.96036685973144  118.81572000051885  0
-298.44999999999999  263.26166864584201  121.8212867766408  0
-298.44999999999999  269.71163392813418  124.49294987340184  0
-298.44999999999999  276.29258380010077  126.82338644795871  0
-298.44999999999999  282.98648033557885  128.80620893564725  0
-298.44999999999999  289.77497602945175  130.43598255785298  0
-298.44999999999999  296.6394640868852  131.70824021836162  0
-298.44999999999999  303.56112942325836  132.61949474735923  0
-298.44999999999999  310.52100023500344  133.16724845952243  0
-298.44999999999999  317.5  133.34999999999999  0
-298.44999999999999  324.47899976499656  133.16724845952243  0
-298.44999999999999  331.43887057674158  132.61949474735925  0
-298.44999999999999  338.3605359131148  131.70824021836162  0
-298.44999999999999  345.22502397054819  130.43598255785298  0
-298.44999999999999  352.0135196644211  128.80620893564725  0
-298.44999999999999  358.70741619989923  126.82338644795874  0
-298.44999999999999  365.28836607186577  124.49294987340186  0
-298.44999999999999  371.73833135415794  121.82128677664083  0
-298.44999999999999  378.03963314026856  118.81572000051885  0
-298.44999999999999  384.17499999999995  115.48448759465489  0
-298.44999999999999  390.12761531925383  111.83672023552232  0
-298.44999999999999  395.88116339320129  107.88241619989924  0
-298.44999999999999  401.41987414649577  103.63241396028708  0
-298.44999999999999  406.7285663579537  99.098362477410546  0
-298.44999999999999  411.7926892712261  94.292689271226109  0
-298.44999999999999  416.59836247741049  89.228566357953767  0
-298.44999999999999  421.13241396028707  83.919874146495857  0
-298.44999999999999  425.38241619989924  78.381163393201305  0
-298.44999999999999  429.33672023552231  72.627615319253891  0
-298.44999999999999  432.98448759465487  66.67500000000004  0
-298.44999999999999  436.31572000051881  60.53963314026857  0
-298.44999999999999  439.32128677664082  54.238331354157985  0
-298.44999999999999  441.99294987340181  47.788366071865838  0
-298.44999999999999  444.32338644795868  41.207416199899249  0
-298.44999999999999  446.30620893564725  34.513519664421175  0
-298.44999999999999  447.93598255785298  27.725023970548261  0
-298.44999999999999  449.2082402183616  20.860535913114802  0
-298.44999999999999  450.11949474735923  13.938870576741625  0
-298.44999999999999  450.6672484595224  6.9789997649966153  0
-298.44999999999999  457.29647076837244  1.1026659281850075  0
-298.44999999999999  457.58295185800944  2.171827910117996  0
-298.44999999999999  458.05073868596878  3.1749999999999994  0
-298.44999999999999  458.68561778619443  4.0817013215095237  0
-298.44999999999999  459.46829867849044  4.8643822138055102  0
-298.44999999999999  460.37499999999994  5.4992613140311848  0
-298.44999999999999  461.37817208988196  5.9670481419905173  0
-298.44999999999999  462.44733407181496  6.2535292316275202  0
-298.44999999999999  463.54999999999995  6.3499999999999996  0
-298.44999999999999  464.65266592818494  6.2535292316275202  0
-298.44999999999999  465.72182791011795  5.9670481419905181  0
-298.44999999999999  466.72499999999997  5.4992613140311857  0
-298.44999999999999  467.63170132150947  4.8643822138055102  0
-298.44999999999999  468.41438221380548  4.0817013215095255  0
-298.44999999999999  469.04926131403113  3.1749999999999994  0
-298.44999999999999  469.51704814199047  2.1718279101179974  0
-298.44999999999999  469.80352923162746  1.10266592818501  0
-298.44999999999999  469.80352923162746  -1.1026659281850075  0
-298.44999999999999  469.51704814199047  -2.171827910117996  0
-298.44999999999999  469.04926131403113  -3.1749999999999994  0
-298.44999999999999  468.41438221380548  -4.0817013215095237  0
-298.44999999999999  467.63170132150947  -4.8643822138055102  0
-298.44999999999999  466.72499999999997  -5.4992613140311848  0
-298.44999999999999  465.72182791011795  -5.9670481419905173  0
-298.44999999999999  464.65266592818494  -6.2535292316275202  0
-298.44999999999999  463.54999999999995  -6.3499999999999996  0
-298.44999999999999  462.44733407181496  -6.2535292316275202  0
-298.44999999999999  461.37817208988196  -5.9670481419905181  0
-298.44999999999999  460.37499999999994  -5.4992613140311857  0
-298.44999999999999  459.46829867849044  -4.8643822138055102  0
-298.44999999999999  458.68561778619443  -4.0817013215095255  0
-298.44999999999999  458.05073868596878  -3.1749999999999994  0
-298.44999999999999  457.58295185800944  -2.1718279101179974  0
-298.44999999999999  457.29647076837244  -1.10266592818501  0
-303.21249999999998  450.33301022270399  -73.024999999999991  0
-307.97500000000002  450.33301022270399  -73.024999999999991  0
-312.73750000000001  450.33301022270399  -73.024999999999991  0
-317.5  437.72948099107651  -71.922334071814987  0
-317.5  438.01596208071351  -70.853172089881994  0
-317.5  438.48374890867285  -69.849999999999994  0
-317.5  439.1186280088985  -68.943298678490464  0
-317.5  439.90130890119451  -68.160617786194479  0
-317.5  440.80801022270401  -67.525738685968804  0
-317.5  441.81118231258603  -67.057951858009474  0
-317.5  442.88034429451903  -66.771470768372467  0
-317.5  443.98301022270402  -66.674999999999997  0
-317.5  445.08567615088901  -66.771470768372467  0
-317.5  446.15483813282202  -67.057951858009474  0
-317.5  447.15801022270404  -67.525738685968804  0
-317.5  448.06471154421354  -68.160617786194479  0
-317.5  448.84739243650955  -68.943298678490464  0
-317.5  449.4822715367352  -69.849999999999994  0
-317.5  449.95005836469454  -70.853172089881994  0
-317.5  450.23653945433153  -71.922334071814987  0
-303.21249999999998  437.633010222704  -73.024999999999991  0
-307.97500000000002  437.633010222704  -73.024999999999991  0
-312.73750000000001  437.633010222704  -73.024999999999991  0
-317.5  450.23653945433153  -74.127665928184996  0
-317.5  449.95005836469454  -75.196827910117989  0
-317.5  449.4822715367352  -76.199999999999989  0
-317.5  448.84739243650955  -77.106701321509519  0
-317.5  448.06471154421354  -77.889382213805504  0
-317.5  447.15801022270404  -78.524261314031179  0
-317.5  446.15483813282202  -78.992048141990509  0
-317.5  445.08567615088901  -79.278529231627516  0
-317.5  443.98301022270402  -79.374999999999986  0
-317.5  442.88034429451903  -79.278529231627516  0
-317.5  441.81118231258603  -78.992048141990509  0
-317.5  440.80801022270401  -78.524261314031179  0
-317.5  439.90130890119451  -77.889382213805504  0
-317.5  439.1186280088985  -77.106701321509519  0
-317.5  438.48374890867285  -76.199999999999989  0
-317.5  438.01596208071351  -75.196827910117989  0
-317.5  437.72948099107651  -74.127665928184996  0
-317.5  325.16974899967425  -158.56461600963186  0
-317.5  332.82158494517927  -158.00889701142671  0
-317.5  340.4376366191139  -157.08414091285437  0
-317.5  348.00011637990121  -155.79250752463187  0
-317.5  355.49136170564981  -154.13701351638576  0
-317.5  362.89387644579193  -152.12152537108014  0
-317.5  370.19037168415389  -149.75075035466674  0
-317.5  377.36380611802088  -147.030225522047  0
-317.5  384.39742585888899  -143.96630478502408  0
-317.5  391.27480356194826  -140.56614407244706  0
-317.5  397.97987679290748  -136.83768461720783  0
-317.5  404.49698554255383  -132.78963440912349  0
-317.5  410.81090880143012  -128.4314478570229  0
-317.5  416.9069001092073  -123.77330370753657  0
-317.5  422.77072199572626  -118.82608127216231  0
-317.5  428.38867923326876  -113.60133501812922  0
-317.5  433.74765082239651  -108.11126758240405  0
-317.5  438.83512063665341  -102.36870127186708  0
-317.5  443.63920665455851  -96.387048116220413  0
-317.5  448.14868871061793  -90.180278543570992  0
-317.5  452.35303470054146  -83.762888751848578  0
-317.5  456.2424251794597  -77.149866852263727  0
-317.5  459.80777629569297  -70.356657863879562  0
-317.5  463.04076100650747  -63.399127641054186  0
-317.5  465.93382852630958  -56.293525818002557  0
-317.5  468.48022196185559  -49.05644785702291  0
-317.5  470.6739940932888  -41.704796289025701  0
-317.5  472.51002126414693  -34.255741236889257  0
-317.5  473.98401534789957  -26.726680313842383  0
-317.5  475.09253376306606  -19.135197990532564  0
-317.5  475.83298751352424  -11.499024525679781  0
-317.5  476.20364723523062  -3.8359945562360211  0
-317.5  476.20364723523062  3.8359945562359665  0
-317.5  475.83298751352424  11.499024525679761  0
-317.5  475.09253376306606  19.135197990532507  0
-317.5  473.98401534789957  26.726680313842365  0
-317.5  472.51002126414699  34.255741236889207  0
-317.5  470.6739940932888  41.704796289025644  0
-317.5  468.48022196185565  49.056447857022889  0
-317.5  465.93382852630964  56.2935258180025  0
-317.5  463.04076100650747  63.399127641054129  0
-317.5  459.80777629569297  70.356657863879548  0
-317.5  456.2424251794597  77.149866852263727  0
-317.5  452.35303470054146  83.762888751848536  0
-317.5  448.14868871061799  90.180278543570964  0
-317.5  443.63920665455851  96.387048116220399  0
-317.5  438.83512063665347  102.36870127186705  0
-317.5  433.74765082239657  108.11126758240403  0
-317.5  428.38867923326876  113.60133501812921  0
-317.5  422.77072199572626  118.82608127216226  0
-317.5  416.9069001092073  123.77330370753654  0
-317.5  410.81090880143012  128.4314478570229  0
-317.5  404.49698554255394  132.78963440912347  0
-317.5  397.97987679290753  136.8376846172078  0
-317.5  391.27480356194826  140.56614407244706  0
-317.5  384.39742585888905  143.96630478502408  0
-317.5  377.36380611802093  147.030225522047  0
-317.5  370.19037168415389  149.75075035466671  0
-317.5  362.89387644579193  152.12152537108014  0
-317.5  355.49136170564987  154.13701351638574  0
-317.5  348.00011637990121  155.79250752463187  0
-317.5  340.4376366191139  157.08414091285437  0
-317.5  332.82158494517932  158.00889701142671  0
-317.5  325.16974899967431  158.56461600963183  0
-317.5  309.58696565136432  158.55266124350393  0
-317.5  301.69360435291412  157.96113558925748  0
-317.5  293.83954024453232  156.97689366323917  0
-317.5  286.04429976709565  155.60238244595632  0
-317.5  278.3272631166659  153.84101918886611  0
-317.5  270.70761606226898  151.69718291854986  0
-317.5  263.20430224705012  149.17620354976296  0
-317.5  255.83597609139221  146.2843486344272  0
-317.5  248.62095641508768  143.02880777950904  0
-317.5  241.57718089386574  139.41767477252378  0
-317.5  234.72216146350468  135.45992745910473  0
-317.5  228.0729407824  131.16540542266418  0
-317.5  221.64604986083049  126.54478552163897  0
-317.5  215.45746696226189  121.60955534513776  0
-317.5  209.52257787886657  116.37198465298493  0
-317.5  203.85613768001971  110.84509487116406  0
-317.5  198.47223402887221  105.04262671850145  0
-317.5  193.3842521582003  98.979006045073959  0
-317.5  188.60484159260778  92.6693079672729  0
-317.5  184.14588469981504  86.129219388689307  0
-317.5  180.01846714922038  79.375000000000014  0
-317.5  176.23285035117937  72.423441854814641  0
-317.5  172.79844594552188  65.291827621984609  0
-317.5  169.72379240273258  57.997887618165237  0
-317.5  167.01653379596783  50.559755727454942  0
-317.5  164.68340079668559  42.995924317702098  0
-317.5  162.7301939411355  35.325198265564921  0
-317.5  161.16176920931198  27.566648204625203  0
-317.5  159.9820259522227  19.739563112788286  0
-317.5  159.19389719748764  11.863402356844873  0
-317.5  158.79934235737042  3.9577473134190941  0
-317.5  158.79934235737042  -3.9577473134190395  0
-317.5  159.19389719748764  -11.863402356844817  0
-317.5  159.9820259522227  -19.739563112788233  0
-317.5  161.16176920931196  -27.56664820462515  0
-317.5  162.7301939411355  -35.325198265564865  0
-317.5  164.68340079668556  -42.99592431770202  0
-317.5  167.01653379596783  -50.559755727454885  0
-317.5  169.72379240273256  -57.997887618165187  0
-317.5  172.79844594552188  -65.291827621984552  0
-317.5  176.23285035117934  -72.423441854814556  0
-317.5  180.01846714922036  -79.374999999999972  0
-317.5  184.14588469981501  -86.129219388689307  0
-317.5  188.60484159260776  -92.669307967272857  0
-317.5  193.38425215820024  -98.979006045073945  0
-317.5  198.47223402887215  -105.0426267185014  0
-317.5  203.85613768001969  -110.84509487116405  0
-317.5  209.52257787886651  -116.37198465298488  0
-317.5  215.45746696226186  -121.60955534513774  0
-317.5  221.64604986083043  -126.5447855216389  0
-317.5  228.07294078239997  -131.16540542266418  0
-317.5  234.72216146350462  -135.45992745910468  0
-317.5  241.57718089386569  -139.41767477252375  0
-317.5  248.62095641508762  -143.02880777950901  0
-317.5  255.83597609139218  -146.2843486344272  0
-317.5  263.20430224705007  -149.17620354976293  0
-317.5  270.70761606226893  -151.69718291854983  0
-317.5  278.32726311666585  -153.84101918886611  0
-317.5  286.04429976709554  -155.60238244595632  0
-317.5  293.83954024453226  -156.97689366323917  0
-317.5  301.69360435291401  -157.96113558925748  0
-317.5  309.58696565136427  -158.55266124350393  0
-317.5  384.27147076837247  -125.38034429454437  0
-317.5  384.55795185800946  -124.31118231261138  0
-317.5  385.0257386859688  -123.30801022272938  0
-317.5  385.66061778619445  -122.40130890121985  0
-317.5  386.44329867849046  -121.61862800892386  0
-317.5  387.34999999999997  -120.98374890869819  0
-317.5  388.35317208988198  -120.51596208073886  0
-317.5  389.42233407181499  -120.22948099110185  0
-317.5  390.52499999999998  -120.13301022272938  0
-317.5  391.62766592818497  -120.22948099110185  0
-317.5  392.69682791011797  -120.51596208073886  0
-317.5  393.69999999999999  -120.98374890869819  0
-317.5  394.60670132150949  -121.61862800892386  0
-317.5  395.3893822138055  -122.40130890121985  0
-317.5  396.02426131403115  -123.30801022272938  0
-317.5  396.49204814199049  -124.31118231261138  0
-317.5  396.77852923162749  -125.38034429454437  0
-317.5  396.77852923162749  -127.58567615091438  0
-317.5  396.49204814199049  -128.65483813284737  0
-317.5  396.02426131403115  -129.65801022272939  0
-317.5  395.3893822138055  -130.56471154423889  0
-317.5  394.60670132150949  -131.34739243653488  0
-317.5  393.69999999999999  -131.98227153676055  0
-317.5  392.69682791011797  -132.45005836471989  0
-317.5  391.62766592818497  -132.73653945435689  0
-317.5  390.52499999999998  -132.83301022272937  0
-317.5  389.42233407181499  -132.73653945435689  0
-317.5  388.35317208988198  -132.45005836471989  0
-317.5  387.34999999999997  -131.98227153676055  0
-317.5  386.44329867849046  -131.34739243653488  0
-317.5  385.66061778619445  -130.56471154423889  0
-317.5  385.0257386859688  -129.65801022272939  0
-317.5  384.55795185800946  -128.65483813284737  0
-317.5  384.27147076837247  -127.58567615091438  0
-317.5  311.24647076837249  -144.94733407181496  0
-317.5  311.53295185800948  -143.87817208988199  0
-317.5  312.00073868596883  -142.87499999999997  0
-317.5  312.63561778619447  -141.96829867849047  0
-317.5  313.41829867849049  -141.18561778619448  0
-317.5  314.32499999999999  -140.55073868596881  0
-317.5  315.328172089882  -140.08295185800947  0
-317.5  316.39733407181501  -139.79647076837247  0
-317.5  317.5  -139.69999999999999  0
-317.5  318.60266592818499  -139.79647076837247  0
-317.5  319.671827910118  -140.08295185800947  0
-317.5  320.67500000000001  -140.55073868596881  0
-317.5  321.58170132150951  -141.18561778619448  0
-317.5  322.36438221380553  -141.96829867849047  0
-317.5  322.99926131403117  -142.87499999999997  0
-317.5  323.46704814199052  -143.87817208988199  0
-317.5  323.75352923162751  -144.94733407181496  0
-317.5  323.75352923162751  -147.152665928185  0
-317.5  323.46704814199052  -148.22182791011798  0
-317.5  322.99926131403117  -149.22499999999999  0
-317.5  322.36438221380553  -150.1317013215095  0
-317.5  321.58170132150951  -150.91438221380548  0
-317.5  320.67500000000001  -151.54926131403116  0
-317.5  319.671827910118  -152.0170481419905  0
-317.5  318.60266592818499  -152.30352923162749  0
-317.5  317.5  -152.39999999999998  0
-317.5  316.39733407181501  -152.30352923162749  0
-317.5  315.328172089882  -152.0170481419905  0
-317.5  314.32499999999999  -151.54926131403116  0
-317.5  313.41829867849049  -150.91438221380548  0
-317.5  312.63561778619447  -150.1317013215095  0
-317.5  312.00073868596883  -149.22499999999999  0
-317.5  311.53295185800948  -148.22182791011798  0
-317.5  311.24647076837249  -147.152665928185  0
-317.5  238.20317903722088  -125.48965136972392  0
-317.5  238.43579112152577  -124.52075230844846  0
-317.5  238.81710857140385  -123.60017054938325  0
-317.5  239.33774208571907  -122.75057387067217  0
-317.5  239.98487193946542  -121.9928821621948  0
-317.5  240.7425636479428  -121.34575230844845  0
-317.5  241.59216032665387  -120.82511879413325  0
-317.5  242.51274208571908  -120.44380134425515  0
-317.5  243.48164114699452  -120.21118925995025  0
-317.5  244.47499999999999  -120.13301022272938  0
-317.5  245.46835885300547  -120.21118925995025  0
-317.5  246.43725791428091  -120.44380134425515  0
-317.5  247.35783967334612  -120.82511879413325  0
-317.5  248.20743635205719  -121.34575230844845  0
-317.5  248.96512806053457  -121.9928821621948  0
-317.5  249.61225791428092  -122.75057387067217  0
-317.5  250.13289142859614  -123.60017054938325  0
-317.5  250.51420887847422  -124.52075230844846  0
-317.5  250.74682096277911  -125.48965136972392  0
-317.5  250.7285292316275  -127.58567615091438  0
-317.5  250.44204814199051  -128.65483813284737  0
-317.5  249.97426131403117  -129.65801022272939  0
-317.5  249.33938221380549  -130.56471154423889  0
-317.5  248.55670132150951  -131.34739243653488  0
-317.5  247.65000000000001  -131.98227153676055  0
-317.5  246.64682791011799  -132.45005836471989  0
-317.5  245.57766592818501  -132.73653945435689  0
-317.5  244.47499999999999  -132.83301022272937  0
-317.5  243.37233407181498  -132.73653945435689  0
-317.5  242.303172089882  -132.45005836471989  0
-317.5  241.29999999999998  -131.98227153676055  0
-317.5  240.39329867849048  -131.34739243653488  0
-317.5  239.6106177861945  -130.56471154423889  0
-317.5  238.97573868596882  -129.65801022272939  0
-317.5  238.50795185800948  -128.65483813284737  0
-317.5  238.22147076837248  -127.58567615091438  0
-317.5  184.76346054564308  -71.922334071814987  0
-317.5  185.04994163528008  -70.853172089881994  0
-317.5  185.51772846323942  -69.849999999999994  0
-317.5  186.1526075634651  -68.943298678490464  0
-317.5  186.93528845576108  -68.160617786194479  0
-317.5  187.84198977727058  -67.525738685968804  0
-317.5  188.8451618671526  -67.057951858009474  0
-317.5  189.91432384908558  -66.771470768372467  0
-317.5  191.0169897772706  -66.674999999999997  0
-317.5  192.11965570545561  -66.771470768372467  0
-317.5  193.18881768738859  -67.057951858009474  0
-317.5  194.19198977727061  -67.525738685968804  0
-317.5  195.09869109878011  -68.160617786194479  0
-317.5  195.88137199107609  -68.943298678490464  0
-317.5  196.51625109130177  -69.849999999999994  0
-317.5  196.98403791926111  -70.853172089881994  0
-317.5  197.27051900889811  -71.922334071814987  0
-317.5  197.27051900889811  -74.127665928184996  0
-317.5  196.98403791926111  -75.196827910117989  0
-317.5  196.51625109130177  -76.199999999999989  0
-317.5  195.88137199107609  -77.106701321509519  0
-317.5  195.09869109878011  -77.889382213805504  0
-317.5  194.19198977727061  -78.524261314031179  0
-317.5  193.18881768738859  -78.992048141990509  0
-317.5  192.11965570545561  -79.278529231627516  0
-317.5  191.0169897772706  -79.374999999999986  0
-317.5  189.91432384908558  -79.278529231627516  0
-317.5  188.8451618671526  -78.992048141990509  0
-317.5  187.84198977727058  -78.524261314031179  0
-317.5  186.93528845576108  -77.889382213805504  0
-317.5  186.1526075634651  -77.106701321509519  0
-317.5  185.51772846323942  -76.199999999999989  0
-317.5  185.04994163528008  -75.196827910117989  0
-317.5  184.76346054564308  -74.127665928184996  0
-317.5  165.19647076837248  1.1026659281850075  0
-317.5  165.48295185800947  2.171827910117996  0
-317.5  165.95073868596882  3.1749999999999994  0
-317.5  166.58561778619449  4.0817013215095237  0
-317.5  167.36829867849048  4.8643822138055102  0
-317.5  168.27499999999998  5.4992613140311848  0
-317.5  169.27817208988199  5.9670481419905173  0
-317.5  170.34733407181497  6.2535292316275202  0
-317.5  171.44999999999999  6.3499999999999996  0
-317.5  172.55266592818501  6.2535292316275202  0
-317.5  173.62182791011799  5.9670481419905181  0
-317.5  174.625  5.4992613140311857  0
-317.5  175.5317013215095  4.8643822138055102  0
-317.5  176.31438221380549  4.0817013215095255  0
-317.5  176.94926131403116  3.1749999999999994  0
-317.5  177.41704814199051  2.1718279101179974  0
-317.5  177.7035292316275  1.10266592818501  0
-317.5  177.7035292316275  -1.1026659281850075  0
-317.5  177.41704814199051  -2.171827910117996  0
-317.5  176.94926131403116  -3.1749999999999994  0
-317.5  176.31438221380549  -4.0817013215095237  0
-317.5  175.5317013215095  -4.8643822138055102  0
-317.5  174.625  -5.4992613140311848  0
-317.5  173.62182791011799  -5.9670481419905173  0
-317.5  172.55266592818501  -6.2535292316275202  0
-317.5  171.44999999999999  -6.3499999999999996  0
-317.5  170.34733407181497  -6.2535292316275202  0
-317.5  169.27817208988199  -5.9670481419905181  0
-317.5  168.27499999999998  -5.4992613140311857  0
-317.5  167.36829867849048  -4.8643822138055102  0
-317.5  166.58561778619449  -4.0817013215095255  0
-317.5  165.95073868596882  -3.1749999999999994  0
-317.5  165.48295185800947  -2.1718279101179974  0
-317.5  165.19647076837248  -1.10266592818501  0
-317.5  184.76346054564308  74.127665928184996  0
-317.5  185.04994163528008  75.196827910117989  0
-317.5  185.51772846323942  76.199999999999989  0
-317.5  186.1526075634651  77.106701321509519  0
-317.5  186.93528845576108  77.889382213805504  0
-317.5  187.84198977727058  78.524261314031179  0
-317.5  188.8451618671526  78.992048141990509  0
-317.5  189.91432384908558  79.278529231627516  0
-317.5  191.0169897772706  79.374999999999986  0
-317.5  192.11965570545561  79.278529231627516  0
-317.5  193.18881768738859  78.992048141990509  0
-317.5  194.19198977727061  78.524261314031179  0
-317.5  195.09869109878011  77.889382213805504  0
-317.5  195.88137199107609  77.106701321509519  0
-317.5  196.51625109130177  76.199999999999989  0
-317.5  196.98403791926111  75.196827910117989  0
-317.5  197.27051900889811  74.127665928184996  0
-317.5  197.27051900889811  71.922334071814987  0
-317.5  196.98403791926111  70.853172089881994  0
-317.5  196.51625109130177  69.849999999999994  0
-317.5  195.88137199107609  68.943298678490464  0
-317.5  195.09869109878011  68.160617786194479  0
-317.5  194.19198977727061  67.525738685968804  0
-317.5  193.18881768738859  67.057951858009474  0
-317.5  192.11965570545561  66.771470768372467  0
-317.5  191.0169897772706  66.674999999999997  0
-317.5  189.91432384908558  66.771470768372467  0
-317.5  188.8451618671526  67.057951858009474  0
-317.5  187.84198977727058  67.525738685968804  0
-317.5  186.93528845576108  68.160617786194479  0
-317.5  186.1526075634651  68.943298678490464  0
-317.5  185.51772846323942  69.849999999999994  0
-317.5  185.04994163528008  70.853172089881994  0
-317.5  184.76346054564308  71.922334071814987  0
-317.5  238.22147076837248  127.58567615091438  0
-317.5  238.50795185800948  128.65483813284737  0
-317.5  238.97573868596882  129.65801022272939  0
-317.5  239.6106177861945  130.56471154423889  0
-317.5  240.39329867849048  131.34739243653488  0
-317.5  241.29999999999998  131.98227153676055  0
-317.5  242.303172089882  132.45005836471989  0
-317.5  243.37233407181498  132.73653945435689  0
-317.5  244.47499999999999  132.83301022272937  0
-317.5  245.57766592818501  132.73653945435689  0
-317.5  246.64682791011799  132.45005836471989  0
-317.5  247.65000000000001  131.98227153676055  0
-317.5  248.55670132150951  131.34739243653488  0
-317.5  249.33938221380549  130.56471154423889  0
-317.5  249.97426131403117  129.65801022272939  0
-317.5  250.44204814199051  128.65483813284737  0
-317.5  250.7285292316275  127.58567615091438  0
-317.5  250.7285292316275  125.38034429454437  0
-317.5  250.44204814199051  124.31118231261138  0
-317.5  249.97426131403117  123.30801022272938  0
-317.5  249.33938221380549  122.40130890121985  0
-317.5  248.55670132150951  121.61862800892386  0
-317.5  247.65000000000001  120.98374890869819  0
-317.5  246.64682791011799  120.51596208073886  0
-317.5  245.57766592818501  120.22948099110185  0
-317.5  244.47499999999999  120.13301022272938  0
-317.5  243.37233407181498  120.22948099110185  0
-317.5  242.303172089882  120.51596208073886  0
-317.5  241.29999999999998  120.98374890869819  0
-317.5  240.39329867849048  121.61862800892386  0
-317.5  239.6106177861945  122.40130890121985  0
-317.5  238.97573868596882  123.30801022272938  0
-317.5  238.50795185800948  124.31118231261138  0
-317.5  238.22147076837248  125.38034429454437  0
-317.5  311.24647076837249  147.152665928185  0
-317.5  311.53295185800948  148.22182791011798  0
-317.5  312.00073868596883  149.22499999999999  0
-317.5  312.63561778619447  150.1317013215095  0
-317.5  313.41829867849049  150.91438221380548  0
-317.5  314.32499999999999  151.54926131403116  0
-317.5  315.328172089882  152.0170481419905  0
-317.5  316.39733407181501  152.30352923162749  0
-317.5  317.5  152.39999999999998  0
-317.5  318.60266592818499  152.30352923162749  0
-317.5  319.671827910118  152.0170481419905  0
-317.5  320.67500000000001  151.54926131403116  0
-317.5  321.58170132150951  150.91438221380548  0
-317.5  322.36438221380553  150.1317013215095  0
-317.5  322.99926131403117  149.22499999999999  0
-317.5  323.46704814199052  148.22182791011798  0
-317.5  323.75352923162751  147.152665928185  0
-317.5  323.75352923162751  144.94733407181496  0
-317.5  323.46704814199052  143.87817208988199  0
-317.5  322.99926131403117  142.87499999999997  0
-317.5  322.36438221380553  141.96829867849047  0
-317.5  321.58170132150951  141.18561778619448  0
-317.5  320.67500000000001  140.55073868596881  0
-317.5  319.671827910118  140.08295185800947  0
-317.5  318.60266592818499  139.79647076837247  0
-317.5  317.5  139.69999999999999  0
-317.5  316.39733407181501  139.79647076837247  0
-317.5  315.328172089882  140.08295185800947  0
-317.5  314.32499999999999  140.55073868596881  0
-317.5  313.41829867849049  141.18561778619448  0
-317.5  312.63561778619447  141.96829867849047  0
-317.5  312.00073868596883  142.87499999999997  0
-317.5  311.53295185800948  143.87817208988199  0
-317.5  311.24647076837249  144.94733407181496  0
-317.5  384.27147076837247  127.58567615091438  0
-317.5  384.55795185800946  128.65483813284737  0
-317.5  385.0257386859688  129.65801022272939  0
-317.5  385.66061778619445  130.56471154423889  0
-317.5  386.44329867849046  131.34739243653488  0
-317.5  387.34999999999997  131.98227153676055  0
-317.5  388.35317208988198  132.45005836471989  0
-317.5  389.42233407181499  132.73653945435689  0
-317.5  390.52499999999998  132.83301022272937  0
-317.5  391.62766592818497  132.73653945435689  0
-317.5  392.69682791011797  132.45005836471989  0
-317.5  393.69999999999999  131.98227153676055  0
-317.5  394.60670132150949  131.34739243653488  0
-317.5  395.3893822138055  130.56471154423889  0
-317.5  396.02426131403115  129.65801022272939  0
-317.5  396.49204814199049  128.65483813284737  0
-317.5  396.77852923162749  127.58567615091438  0
-317.5  396.77852923162749  125.38034429454437  0
-317.5  396.49204814199049  124.31118231261138  0
-317.5  396.02426131403115  123.30801022272938  0
-317.5  395.3893822138055  122.40130890121985  0
-317.5  394.60670132150949  121.61862800892386  0
-317.5  393.69999999999999  120.98374890869819  0
-317.5  392.69682791011797  120.51596208073886  0
-317.5  391.62766592818497  120.22948099110185  0
-317.5  390.52499999999998  120.13301022272938  0
-317.5  389.42233407181499  120.22948099110185  0
-317.5  388.35317208988198  120.51596208073886  0
-317.5  387.34999999999997  120.98374890869819  0
-317.5  386.44329867849046  121.61862800892386  0
-317.5  385.66061778619445  122.40130890121985  0
-317.5  385.0257386859688  123.30801022272938  0
-317.5  384.55795185800946  124.31118231261138  0
-317.5  384.27147076837247  125.38034429454437  0
-317.5  437.72948099107651  74.127665928184996  0
-317.5  438.01596208071351  75.196827910117989  0
-317.5  438.48374890867285  76.199999999999989  0
-317.5  439.1186280088985  77.106701321509519  0
-317.5  439.90130890119451  77.889382213805504  0
-317.5  440.80801022270401  78.524261314031179  0
-317.5  441.81118231258603  78.992048141990509  0
-317.5  442.88034429451903  79.278529231627516  0
-317.5  443.98301022270402  79.374999999999986  0
-317.5  445.08567615088901  79.278529231627516  0
-317.5  446.15483813282202  78.992048141990509  0
-317.5  447.15801022270404  78.524261314031179  0
-317.5  448.06471154421354  77.889382213805504  0
-317.5  448.84739243650955  77.106701321509519  0
-317.5  449.4822715367352  76.199999999999989  0
-317.5  449.95005836469454  75.196827910117989  0
-317.5  450.23653945433153  74.127665928184996  0
-317.5  450.23653945433153  71.922334071814987  0
-317.5  449.95005836469454  70.853172089881994  0
-317.5  449.4822715367352  69.849999999999994  0
-317.5  448.84739243650955  68.943298678490464  0
-317.5  448.06471154421354  68.160617786194479  0
-317.5  447.15801022270404  67.525738685968804  0
-317.5  446.15483813282202  67.057951858009474  0
-317.5  445.08567615088901  66.771470768372467  0
-317.5  443.98301022270402  66.674999999999997  0
-317.5  442.88034429451903  66.771470768372467  0
-317.5  441.81118231258603  67.057951858009474  0
-317.5  440.80801022270401  67.525738685968804  0
-317.5  439.90130890119451  68.160617786194479  0
-317.5  439.1186280088985  68.943298678490464  0
-317.5  438.48374890867285  69.849999999999994  0
-317.5  438.01596208071351  70.853172089881994  0
-317.5  437.72948099107651  71.922334071814987  0
-317.5  457.29647076837244  1.1026659281850075  0
-317.5  457.58295185800944  2.171827910117996  0
-317.5  458.05073868596878  3.1749999999999994  0
-317.5  458.68561778619443  4.0817013215095237  0
-317.5  459.46829867849044  4.8643822138055102  0
-317.5  460.37499999999994  5.4992613140311848  0
-317.5  461.37817208988196  5.9670481419905173  0
-317.5  462.44733407181496  6.2535292316275202  0
-317.5  463.54999999999995  6.3499999999999996  0
-317.5  464.65266592818494  6.2535292316275202  0
-317.5  465.72182791011795  5.9670481419905181  0
-317.5  466.72499999999997  5.4992613140311857  0
-317.5  467.63170132150947  4.8643822138055102  0
-317.5  468.41438221380548  4.0817013215095255  0
-317.5  469.04926131403113  3.1749999999999994  0
-317.5  469.51704814199047  2.1718279101179974  0
-317.5  469.80352923162746  1.10266592818501  0
-317.5  469.80352923162746  -1.1026659281850075  0
-317.5  469.51704814199047  -2.171827910117996  0
-317.5  469.04926131403113  -3.1749999999999994  0
-317.5  468.41438221380548  -4.0817013215095237  0
-317.5  467.63170132150947  -4.8643822138055102  0
-317.5  466.72499999999997  -5.4992613140311848  0
-317.5  465.72182791011795  -5.9670481419905173  0
-317.5  464.65266592818494  -6.2535292316275202  0
-317.5  463.54999999999995  -6.3499999999999996  0
-317.5  462.44733407181496  -6.2535292316275202  0
-317.5  461.37817208988196  -5.9670481419905181  0
-317.5  460.37499999999994  -5.4992613140311857  0
-317.5  459.46829867849044  -4.8643822138055102  0
-317.5  458.68561778619443  -4.0817013215095255  0
-317.5  458.05073868596878  -3.1749999999999994  0
-317.5  457.58295185800944  -2.1718279101179974  0
-317.5  457.29647076837244  -1.10266592818501  0
-303.21249999999998  396.875  -126.48301022272938  0
-307.97500000000002  396.875  -126.48301022272938  0
-312.73750000000001  396.875  -126.48301022272938  0
-303.21249999999998  384.17499999999995  -126.48301022272938  0
-307.97500000000002  384.17499999999995  -126.48301022272938  0
-312.73750000000001  384.17499999999995  -126.48301022272938  0
-303.21249999999998  323.84999999999997  -146.04999999999998  0
-307.97500000000002  323.84999999999997  -146.04999999999998  0
-312.73750000000001  323.84999999999997  -146.04999999999998  0
-303.21249999999998  311.14999999999998  -146.04999999999998  0
-307.97500000000002  311.14999999999998  -146.04999999999998  0
-312.73750000000001  311.14999999999998  -146.04999999999998  0
-303.21249999999998  250.82499999999999  -126.48301022272938  0
-307.97500000000002  250.82499999999999  -126.48301022272938  0
-312.73750000000001  250.82499999999999  -126.48301022272938  0
-303.21249999999998  238.125  -126.48301022272938  0
-307.97500000000002  238.125  -126.48301022272938  0
-312.73750000000001  238.125  -126.48301022272938  0
-303.21249999999998  197.36698977727059  -73.024999999999991  0
-307.97500000000002  197.36698977727059  -73.024999999999991  0
-312.73750000000001  197.36698977727059  -73.024999999999991  0
-303.21249999999998  184.6669897772706  -73.024999999999991  0
-307.97500000000002  184.6669897772706  -73.024999999999991  0
-312.73750000000001  184.6669897772706  -73.024999999999991  0
-303.21249999999998  177.79999999999998  0  0
-307.97500000000002  177.79999999999998  0  0
-312.73750000000001  177.79999999999998  0  0
-303.21249999999998  165.09999999999999  0  0
-307.97500000000002  165.09999999999999  0  0
-312.73750000000001  165.09999999999999  0  0
-303.21249999999998  197.36698977727059  73.024999999999991  0
-307.97500000000002  197.36698977727059  73.024999999999991  0
-312.73750000000001  197.36698977727059  73.024999999999991  0
-303.21249999999998  184.6669897772706  73.024999999999991  0
-307.97500000000002  184.6669897772706  73.024999999999991  0
-312.73750000000001  184.6669897772706  73.024999999999991  0
-303.21249999999998  250.82499999999999  126.48301022272938  0
-307.97500000000002  250.82499999999999  126.48301022272938  0
-312.73750000000001  250.82499999999999  126.48301022272938  0
-303.21249999999998  238.125  126.48301022272938  0
-307.97500000000002  238.125  126.48301022272938  0
-312.73750000000001  238.125  126.48301022272938  0
-303.21249999999998  323.84999999999997  146.04999999999998  0
-307.97500000000002  323.84999999999997  146.04999999999998  0
-312.73750000000001  323.84999999999997  146.04999999999998  0
-303.21249999999998  311.14999999999998  146.04999999999998  0
-307.97500000000002  311.14999999999998  146.04999999999998  0
-312.73750000000001  311.14999999999998  146.04999999999998  0
-303.21249999999998  396.875  126.48301022272938  0
-307.97500000000002  396.875  126.48301022272938  0
-312.73750000000001  396.875  126.48301022272938  0
-303.21249999999998  384.17499999999995  126.48301022272938  0
-307.97500000000002  384.17499999999995  126.48301022272938  0
-312.73750000000001  384.17499999999995  126.48301022272938  0
-303.21249999999998  450.33301022270399  73.024999999999991  0
-307.97500000000002  450.33301022270399  73.024999999999991  0
-312.73750000000001  450.33301022270399  73.024999999999991  0
-303.21249999999998  437.633010222704  73.024999999999991  0
-307.97500000000002  437.633010222704  73.024999999999991  0
-312.73750000000001  437.633010222704  73.024999999999991  0
-303.21249999999998  469.89999999999998  0  0
-307.97500000000002  469.89999999999998  0  0
-312.73750000000001  469.89999999999998  0  0
-303.21249999999998  457.19999999999999  0  0
-307.97500000000002  457.19999999999999  0  0
-312.73750000000001  457.19999999999999  0  0
95.017726062444012  0  65.201977972740139  0
-86.853274911813003  0  -26.584768952991084  0
-7.842214345255206  0  10.686928957101133  0
-59.061851612744739  0  24.023982065585166  0
93.651927433823346  0  -42.906378572585041  0
15.548621184642361  0  -131.26655547120728  0
-11.825624604421185  0  -82.669990345636137  0
75.2919047666756  0  7.7794187902609995  0
-38.139596066333382  0  -131.59020984844406  0
-47.020465511495459  0  77.503660935615045  0
36.537667404239755  0  31.800521107775381  0
-84.041809965733549  0  -88.856205946967222  0
-125.05868148020468  0  10.196382128402728  0
-64.085665687489893  0  116.64737698496708  0
-128.98876516049123  0  -46.598480642737208  0
-2.3678932116616727  0  118.74961244246217  0
123.72198250804281  0  12.158746813111886  0
132.38679000836484  0  -50.592856840374388  0
-7.2358185433432771  0  56.762857407055293  0
-102.24612066267372  0  71.258721519437117  0
-37.022618275777766  0  -31.782182599797196  0
60.86663670384997  0  115.80941735302376  0
45.172739909596189  0  -85.1935817468907  0
27.67195532904606  0  -27.44348213320221  0
89.789792748866262  0  -101.46393228148669  0
36.534197280472831  0  77.680554226294902  0
136.75523526698734  0  -22.718950264648928  0
118.61565290281274  0  -75.891698500545999  0
56.348668064182981  0  -125.51640640866103  0
157.74587145072942  56.306750834116826  17.827017143929378  0
158.5823099016456  5.1249627795017973  -7.2947574502814163  0
157.02681040061481  5.142636634979814  -23.326879675802562  0
158.70395873232266  53.826418993635961  -3.8230854933181302  0
158.52135148727891  141.01451739138571  -8.5172544077643728  0
158.54467557594836  151.57104389408619  8.0714525655100147  0
158.74359686555835  40.587875834968003  -1.4258170237088117  0
158.74598159989205  215.65994773937439  1.1295246286522751  0
151.74155985501531  9.0011090890436449  -46.648274488632566  0
158.61622313918011  68.189049963134295  -6.5158466112871487  0
158.53021255443568  119.30754288679368  -8.3507010152108734  0
158.53924813113326  129.17507649291574  8.1773652245059978  0
157.48840641200789  39.606640230570491  -19.974091864368482  0
158.53404078174734  176.52782122514418  8.2777058060355238  0
158.26142258623591  90.179963679306269  12.445265002435987  0
158.65682128577538  75.247403978238211  5.4383416124340718  0
158.70425767445619  28.898032053795017  -3.8106555866175094  0
157.96033007113058  79.329933824443756  -15.814443519121395  0
158.15033231234671  99.505631103240873  -13.785314268971176  0
158.70960188847081  193.58532352175652  -3.581168580659182  0
158.34262925075319  110.06922609628623  11.365485557534406  0
157.91110523688494  72.622209366806928  16.298630091681133  0
157.68236849168025  40.282952243450033  18.380238487407077  0
158.63634548908311  60.624441297516853  6.0060294594895991  0
158.71485145245461  85.452733124451967  -3.3404233901205962  0
158.5688748099474  17.713749584288777  -7.5811899796291113  0
158.74996867833545  101.52718049644555  0.099722753256633476  0
157.83192637253038  58.960445564309708  -17.048328878108645  0
158.52671531902666  165.68694915598925  -8.4168301729500445  0
156.21332219975577  11.046177053432366  -28.265888758630812  0
158.10699522324606  12.581169718747356  -14.273771802731451  0
158.09750985962432  30.271485988771978  14.37845180073267  0
158.52866892036792  46.518169985595627  8.379954077223335  0
157.20212424452231  28.323309235546077  -22.114579648046096  0
157.32538687915692  15.138201004442761  -21.219923263848088  0
155.22948630368842  16.479995784300236  -33.247091329814317  0
158.05695445561236  23.109308994801179  -14.817612770500009  0
158.13433513617343  4.677640530153182  -13.967625103802654  0
158.63074410604344  32.326069328279331  6.1521967103601671  0
158.29522617590956  33.600761033651345  -12.007658802515957  0
158.31105503561187  46.152369706923729  -11.797133275142231  0
155.54287553037312  4.0341686768270835  -31.748643620521005  0
157.07613324354674  27.486765727292489  22.992408861525501  0
154.39586213461627  11.816859738554648  -36.925333521967971  0
127.39882621336712  387.24150088782289  -0.26090197649121349  0
120.98400232770497  414.48171883977705  -1.2516064426461173  0
133.9828341803647  359.25805088359874  -0.41607049309547606  0
113.41559066076765  445.47013576052984  -8.657527572733418  0
147.78324960449334  300.60753869589217  -0.3005401540763718  0
140.73569487552618  330.55850064899005  -0.41551632450586945  0
115.05370575195282  438.67017218849725  8.1014532042146072  0
139.24848818778071  30.153147196187415  25.399999999999999  0
89.226595372048052  438.51686522092359  25.399999999999999  0
90.244577970169644  318.47314580145013  25.399999999999999  0
96.41117610495175  299.42293612739223  25.399999999999999  0
83.507644916857402  304.50673766177772  25.399999999999999  0
133.33036918886521  247.29535240665146  25.399999999999999  0
87.816451257104163  455.65132074594419  25.399999999999999  0
100.88219167178045  346.85209902619357  25.399999999999999  0
98.28868821142342  455.38595603344879  25.399999999999999  0
142.62565764042247  42.522407025551075  25.399999999999999  0
117.13458513886853  278.84339746236304  25.399999999999999  0
118.51770205391743  314.01358917547572  25.399999999999999  0
99.93195492970149  383.53380165504205  25.399999999999999  0
93.260888900944948  413.8105216547076  25.399999999999999  0
133.06700144173598  22.985926278617473  25.876777028944812  0
152.92491946254458  21.040174760539422  27.133245308513509  0
140.21652181041935  22.188544108082343  26.271948242826891  0
152.82539926011006  23.405753833677011  25.721278557761515  0
133.80565346145735  19.368678313082128  29.763631779121969  0
151.77711930843626  19.446346597640098  29.5417175985467  0
147.14718503916873  22.788707818191575  25.961765973871977  0
146.16784687240695  20.287515270381011  27.983702097627877  0
133.63515885762374  20.654237170131477  27.530967508700805  0
139.81341100988737  19.691390749493578  28.968942570705792  0
138.79559348272301  19.049999999999997  -37.832878872382025  0
138.79908560978276  19.049999999999997  38.586035203991571  0
135.76209572055214  19.049999999999997  33.488874707902788  0
152.8992499852566  23.127640273488449  -25.820507502886244  0
146.26322228619514  22.994897477435547  -25.873097596866685  0
135.38716243021474  20.898500435522223  -27.271272315600513  0
132.55426107958982  19.574354572336482  -29.22327180901009  0
143.19239963721526  20.870181637269631  -27.299916225432291  0
147.05612607393641  19.517961297555253  -29.357486530248551  0
153.19421254286198  19.589711395780778  -29.188155676923312  0
139.71018982564246  19.405988002476629  -29.653736616370473  0
150.76832430243755  20.928581331936599  -27.241240182168255  0
139.96483561855666  22.989822590494651  -25.875177036309086  0
133.25487792370967  23.131491644021608  -25.819032976077494  0
95.842893060894326  298.05520009777416  -25.399999999999999  0
115.6748369614169  308.83945703235889  -25.399999999999999  0
143.10243382881285  48.712454845122629  -25.399999999999999  0
93.986603906764614  454.26369401202004  -25.399999999999999  0
90.291772833795491  316.17473595355301  -25.399999999999999  0
104.69682677814195  337.67910764623588  -25.399999999999999  0
83.422721034506424  303.92105472396594  -25.399999999999999  0
116.59727611339278  278.48297388689684  -25.399999999999999  0
133.26198350047278  247.27099761773027  -25.399999999999999  0
85.138844526181629  459.62501651229837  -25.399999999999999  0
138.00504295631055  32.673485784081528  -25.399999999999999  0
98.532832667818141  374.98435566256762  -25.399999999999999  0
91.742711043355669  410.63516088630359  -25.399999999999999  0
148.20091529729979  32.815023094789964  -25.399999999999999  0
92.127283507159703  466.3487930363155  -26.050065128453529  0
87.894159458857217  469.38464182196441  -29.244115962502775  0
99.498727449897444  469.1918947446066  -28.835978090202463  0
97.009118288626098  465.71355039806184  -25.779945588602533  0
87.552728025656563  465.60776017265869  -25.742660899215068  0
96.199492641081164  468.00059628361117  -27.22068518202741  0
93.974316168311972  469.46196079438761  -29.432410828981272  0
82.512454278085357  468.23735518000319  -27.466169772680427  0
100.97873108740647  466.9316514410595  -26.375343403418235  0
82.83618142459764  469.47350624726903  -29.462080915206116  0
82.593985527506675  466.09913851943145  -25.934125791529656  0
91.193060790244445  468.38787709856075  -27.636917800575688  0
86.88837799822123  467.69991153844194  -26.943677682145527  0
75.92583146999776  469.89999999999998  34.242690631634346  0
89.633860747947352  469.89999999999998  38.955303032886569  0
79.957795848795726  469.89999999999998  35.702005307758988  0
78.195454101259699  469.89999999999998  -34.393778509085081  0
76.461091893411336  469.89999999999998  -32.686257422673435  0
84.701795046828366  469.89999999999998  35.100362918785422  0
76.355990540243866  469.89999999999998  32.739259504388876  0
90.164190480758592  469.89999999999998  -37.615825595581548  0
74.588418247288914  469.89999999999998  34.27648439840732  0
79.677869443201772  469.89999999999998  40.671254039480161  0
80.21825277683871  469.89999999999998  -48.288059231107596  0
77.869645148295419  469.89999999999998  33.880935019474428  0
75.17354370999135  469.89999999999998  -34.008691056202743  0
75.576130011778417  469.89999999999998  37.090819901213905  0
82.133399844205883  469.89999999999998  -37.137915192295274  0
80.422140083329381  469.89999999999998  50.650022599748112  0
75.151027105157823  469.89999999999998  33.211323689311634  0
76.096407946144581  469.89999999999998  -39.098459605466502  0
-102.18538903997555  484.92064278655846  -32.710952140518074  0
65.678298243983406  487.17369321179876  -32.770924839949096  0
-13.994945605989267  487.13246872014616  -90.661797021548438  0
36.805161551756477  487.36875770200623  -71.913655257408166  0
48.851324028100265  485.17156076507842  -58.220617202129397  0
44.467813060785751  487.1261479062718  -64.880153255126217  0
-95.763716499877631  488.47286148849491  -52.281465687112799  0
-82.021150025809177  486.09915420978615  -64.232649962967884  0
23.72735468215668  484.84762160544523  -78.400051305451441  0
-92.937857966161786  485.10844469264146  -50.357596391952356  0
4.4580829552081305  486.98795925034904  -87.559130971544249  0
-97.936677060744103  485.07319814565915  -42.065515144346641  0
41.023666033547869  485.01705868371056  -66.178413368913738  0
-37.534895026285  484.6494028641805  -87.304360678452241  0
2.4928234561055795  488.5504790664034  -90.504580017054138  0
-109.80901360305559  487.51704622440832  -9.276873024528923  0
-62.674116734468576  487.68656629818122  -80.372968859298126  0
-37.336720555187682  486.84190412444002  -88.658398468624796  0
-107.85698964840057  488.46811325065096  -27.009751674316146  0
-73.286391192439055  488.4610758840293  -75.309200038694399  0
17.672585250300621  486.83047556297157  -82.73037328354674  0
26.846370891624964  487.19010664428191  -78.418425368887412  0
-47.508899383142293  485.13306543274228  -84.777936776839368  0
-26.625615294393015  485.08114304247385  -89.083260514892459  0
65.489131281628374  488.51266172896692  -38.599232453785504  0
-111.9721593567359  488.66463922964391  -9.1115124116051049  0
-59.930903231740139  488.65442541393628  -83.905974661074822  0
32.305198645849352  488.53134818070424  -77.513784097243771  0
-76.638467362520103  487.26065743049264  -70.378488386927827  0
69.806231455050494  485.25159647606336  -10.548065343363906  0
69.054138395941393  486.70316216606841  -20.260576369550016  0
-28.279189433608046  488.50082700865704  -92.444653206340604  0
32.568946570535473  485.20857406361131  -73.066221064790838  0
71.70090587556561  488.16491016253468  -16.234229180239939  0
-49.377181474401681  488.4725077463022  -87.740801953963398  0
62.214090823303934  484.43246631424972  -36.707810108679034  0
-108.21380733623626  486.21163972855567  -12.437699406523702  0
73.986113427793384  488.6967078654497  -9.0415945260040083  0
49.134635569636032  488.46039085507516  -62.957226249455282  0
-85.400667150484594  488.31375582019143  -64.420903113412436  0
55.121888075771182  484.84161361394462  -49.745307500340587  0
67.729401397796124  484.44872659949044  -20.531184817433935  0
-73.869136188826062  484.86758909247862  -70.517296913509412  0
57.674350276506701  488.52023530946326  -52.476198960078484  0
14.197897101082283  484.8584936576687  -82.896227092491884  0
-64.20142821727363  484.55925609007056  -76.939846027551894  0
60.035379169013495  485.83975281844107  -42.514725393686298  0
60.469384733123206  487.5306679802074  -44.754650669858997  0
-23.758103012896377  487.20659376357423  -90.757404093028555  0
-4.9589092787501752  487.29527470433089  -89.876942269368314  0
-12.224099872856469  488.50896856082528  -92.673750994982612  0
19.850158824472359  488.49501759408469  -84.352024947891877  0
-39.486477644545133  488.3705530804433  -90.316583873797583  0
70.134142534476652  488.43080252792316  -25.416632294125442  0
-105.83532238488316  486.80684739184323  -25.639210830561403  0
-15.115365945294696  485.04737190121216  -89.303938376597955  0
-90.703425742656975  487.12779084684308  -55.767703441389102  0
-51.823708422066616  487.17114758411481  -84.724389221506598  0
-5.603536607817297  484.93025076847437  -88.325350625397888  0
65.656157988877212  485.31842702242363  -28.933371524879249  0
-102.61519794012608  487.29053376624262  -35.949060919204776  0
-57.148937691764303  485.42791069600247  -81.057156128383866  0
4.4165861667273134  484.99510447394096  -86.233058207884753  0
-66.894826463344458  486.55357632946794  -76.56054789202885  0
-105.95197689518579  484.94650150315761  -20.769485540367782  0
-86.45206918159883  484.76671588837058  -58.549763147999805  0
-109.31756686570819  488.094745941984  -18.114475072496909  0
-107.63574966157741  484.35619932340956  -9.9937215385694778  0
11.289720133708798  488.14641412919354  -87.020793068002703  0
-97.4693114721222  487.15644793335326  -45.82564058092575  0
-102.88267749929955  488.51115307649565  -40.101526248956894  0
53.493408820254459  487.17187052935839  -54.680235676739109  0
71.457554046163395  487.20438623372911  -8.1873441530959745  0
41.636115197516702  488.64195171930533  -70.861675635149552  0
-107.89366364511925  485.09771560972661  10.063973155509039  0
-35.0996914836863  488.48368042195835  91.464039626627056  0
69.784722866637992  485.28832978852756  10.868777223919574  0
-69.974947002470927  485.06553407409444  73.475756116892839  0
-57.475763281970082  488.51705342484479  84.630468863190032  0
-56.692465589217754  487.06802880397913  82.561539580610969  0
-102.98288492418223  488.50605116339426  39.861166332242924  0
-109.5256002331238  487.17835356906727  8.2379565125658747  0
-1.9741235182047916  484.84887633810649  87.663957296302669  0
-105.58735181846464  486.92918102283642  26.841418418152539  0
-70.280562197451317  488.54030172532276  77.624446378935261  0
54.057425026073901  487.17183468778387  53.923760878672624  0
48.670959696043056  484.85166468370903  58.228990500775033  0
62.135465491937069  484.78885112534988  37.168225998834842  0
-108.35080669708368  488.53006048087337  25.893690795485284  0
64.69083067746007  488.46893407041409  40.050593914556657  0
-1.6760734355656908  487.11375783374308  89.105631456986742  0
-103.01384726907678  487.30013303079568  35.035238255516461  0
-96.572646537283148  488.48585653279008  51.132175065826772  0
-23.499399096034288  488.06389573355438  91.906878853978071  0
-76.862455744044112  487.15173931055438  70.045824161163964  0
-49.124388850962518  485.5547566784744  84.433099096007254  0
-60.333376825881537  484.94413894557317  79.239132512556196  0
71.26260243559426  487.35177729885487  11.467537525166007  0
71.21770467833251  488.47569417641324  21.711026350479031  0
-79.486836683291727  488.50217943423519  70.563540746630309  0
-97.796063685747967  487.12215109984277  45.191452928134225  0
41.009854664745653  487.91378444148216  69.391536904378256  0
73.425611867435464  488.55540699042621  10.290931905950208  0
61.336085634677175  486.94579719358273  41.833820650932729  0
39.466963095152053  485.17445225944988  67.647796396612776  0
-101.723270129254  484.91017215227652  33.851101963453004  0
16.764238977391301  484.51219773924208  81.688704795361957  0
56.003383292630048  485.00066364875624  48.520262510695318  0
-87.141714575109759  484.93020370379389  57.841940056737045  0
-107.99921179767527  487.16551321717685  18.420519678653893  0
28.095759133736287  488.70371503769758  80.742048331509608  0
32.869827905037539  486.9076629494399  74.228632700931001  0
67.632801450936029  484.3552024523334  20.817067762773291  0
-111.15774137194541  488.48399167642492  11.813955652315057  0
-91.449170348492444  487.17059676994785  54.868884182360127  0
26.209297032110889  487.73355270061671  79.536960255037826  0
-12.447989437625489  487.13146150747696  90.561261582457988  0
-84.074163435942637  486.83387615515534  62.970401405238647  0
8.0222702602834133  486.02374012647294  85.729060888789064  0
-93.468680967722008  485.00035250767195  49.48801300969032  0
-45.215172893148804  487.93184866309321  87.993482007291675  0
17.730120398934453  486.88540809510141  82.759148492128006  0
-78.275622648997995  484.9132279520793  66.882776017960978  0
48.856483390562389  488.47127498997577  63.295653911907223  0
46.298011481600966  486.78178066818418  62.567627165796068  0
-105.5091465716788  484.82580417731293  22.356642354860483  0
68.995616972948639  486.76172790996304  20.733508703668416  0
-34.528670003109895  486.85701919898156  89.205332030620099  0
-98.317602794416374  485.11082810013005  41.377936172652184  0
67.36973274891416  487.85582373131109  30.627385619799576  0
25.187239921984094  485.57217926779117  77.962374185472754  0
-87.66419769766965  488.44007759653351  62.417287481038443  0
-10.987465280574392  485.16530686353144  89.077106060402983  0
36.064733510416907  488.57144464910652  75.021118206177533  0
-66.516150388016143  487.24101157466248  77.541502148831327  0
9.5446114074014865  487.83761945408935  87.085356470676089  0
-22.229861615278637  485.54959570149521  89.570194654707649  0
-10.720406500975386  488.50232370899488  92.533831323083774  0
58.099245142830426  488.47011046224458  51.624604767752018  0
18.133835348016213  488.58057218249309  85.369169540145677  0
65.834198521111162  485.78267851448823  29.16616197659992  0
2.3386516988066575  488.55955328713833  90.566324777760599  0
31.268639522008982  484.39586916249749  73.603020618647292  0
-32.560587430283853  484.55913720752835  88.180771850285382  0
6.3290023813382525  483.96294831902441  85.354856730684432  0
-41.095107027397759  485.01376860923955  86.615236028947933  0
46.851649789958117  438.66144110152135  59.667265355148558  0
20.410881793872953  433.30908270989949  79.662091411473654  0
-6.3727003675811265  438.33467001196135  87.991454551165759  0
35.594588660058278  400.10080813846446  70.122599282777799  0
47.720179099469803  357.6352497839722  58.693723540296226  0
56.157525706923025  397.78073514454559  47.402933211379569  0
22.736958207946273  367.02034362839123  78.466936500205932  0
-29.981431822455331  422.31373937165586  88.225358023138725  0
64.220481718437838  438.26041000100821  31.132569350750828  0
67.294073877176331  395.21127612544103  21.163905742861239  0
-1.0223537122592603  392.38420034672794  87.05293774091777  0
64.232913430270159  352.83492182591021  31.099297911144649  0
-53.829879799545388  443.33752443126173  81.814240576620719  0
64.628681469872703  438.06611483820495  -30.018132311381105  0
7.0441384007672703  394.72954847542098  -84.984151117261874  0
58.782780005827334  356.07603105650605  -42.956586882159115  0
-17.845253849538274  398.89415818285715  -88.891836445834244  0
67.527141589839061  347.17155995985524  -20.18931782237723  0
-33.815984961180085  433.81397617247399  -87.665133822553429  0
55.407039931368004  400.45211086974371  -48.573235476532439  0
43.355665819623049  359.83031345995732  -63.314633960953536  0
-4.6569278281748279  438.81540170022271  -87.727130771823553  0
21.769184227542368  364.52527214579504  -78.974706070981696  0
22.7587217522982  437.76899704380406  -78.455342618835758  0
66.951295559862061  393.72651698658495  -22.516375419353075  0
35.214391468816729  402.08991618311882  -70.417226717039966  0
47.946843549114348  439.82103892256566  -58.434860780663222  0
-57.713446007095321  444.32024881643724  -80.052157640231172  0
-112.4908503207391  447.61278979974685  -11.447606472440704  0
-124.41023287984478  432.54967033971525  -25.460760395093562  0
-107.07500682256317  451.81051711917451  -21.836939711053247  0
-43.786588747324053  361.97719268046831  -88.322810255703999  0
-119.40911891349144  427.37630007267603  -38.222492090764923  0
-100.6124426875906  438.80474558408503  -41.754944046214035  0
-66.510516726671639  387.52841014010454  -79.615647021316988  0
-121.58373221167338  438.0804091084521  -13.762247332514207  0
-84.160668848433247  409.76256750772359  -66.786567564053399  0
-95.009703728734792  425.39341047924665  -53.946858973854354  0
68.07790857754874  299.025349724931  -22.277417482055192  0
-107.68529835305254  428.97010656185444  -42.957297629147732  0
-108.20186378054697  456.90965119042005  -11.950682730053849  0
-111.88224654933762  442.34917558799583  -23.083234550600608  0
-89.756699954458398  398.81002581324708  -72.047833057004922  0
-130.94695610573118  434.1026626194851  -14.311358849778191  0
-108.61836715992767  417.02018568029411  -54.579756156187791  0
-164.69250809281766  432.9134503562554  -31.371126059538035  0
-116.20316115424293  272.81575644450595  -117.62505260473701  0
105.01822210128734  173.80548821321435  -52.348073124533407  0
-124.32394206746849  175.07972042373063  -52.348073124533371  0
-74.779960486621249  242.72003951337871  -117.62505260473701  0
76.090839525488207  262.83481734032148  -52.348073124533407  0
-136.61814494646961  255.59284676040357  -109.30591458328092  0
-36.812355881304114  280.68764411869586  -117.62505260473701  0
-140.91227269049512  180.80581960025097  -28.1131676844618  0
97.458453607425611  237.48610921759965  -25.48786028945435  0
-34.85689124568492  177.57151161719725  -117.62505260473701  0
-161.07720911246878  193.99796266596255  -28.125105508980621  0
-14.662461419427643  254.75344979856919  -117.62505260473701  0
-154.87777073681656  236.63394856078219  -94.32796835976778  0
-80.866051439217813  162.62222926318341  -94.32796835976778  0
-156.49941475506955  341.67124659001729  -117.62505260473701  0
-155.31120837842479  413.02788026692855  -70.810995794677666  0
-165.22299511125505  204.79462181518869  -52.348073124533371  0
-141.41875277599479  194.73205754438709  -56.023009983527714  0
-139.92848838280273  282.64310875431505  -117.62505260473701  0
-99.517935637250858  232.64865596043742  -109.30591458328092  0
-91.826458444989697  320.65772927126216  -117.62505260473701  0
-44.684243555494078  201.29683884575701  -117.62505260473701  0
-66.433545095551906  273.58455264485116  -120.64016602782537  0
-68.479097752433049  338.97888723691528  -107.84581906522811  0
3.1577292712621841  225.67354155501025  -117.62505260473701  0
-123.33603676034227  333.7094239541384  -117.62505260473701  0
-101.0300493206673  356.06004897116452  -107.17174348092361  0
94.057910893264818  219.45846996810997  -52.348073124533407  0
-97.239793033944679  194.75750653142097  -94.32796835976778  0
24.171246590017347  161.00058524493039  -117.62505260473701  0
-28.861988823269911  152.6009459353975  -117.62505260473701  0
-94.307268675136967  259.39793627628256  -117.62505260473701  0
-41.521065811144041  319.45304439811457  -108.44505322158379  0
-63.749611381713819  178.9407670246996  -108.1296712616672  0
71.95254066152927  168.56839876442888  -94.327968359767809  0
-124.57301002088583  217.94676351775644  -91.900119977491144  0
-117.80290748959399  304.74883697842318  -120.64016602782537  0
35.142309381631094  279.02206538069538  -88.892269519852377  0
16.209423954138401  194.16396323965768  -117.62505260473701  0
-112.70537818481129  152.27700488874493  -52.348073124533371  0
-0.68304786043646004  282.2506921056796  -107.52699138872762  0
46.261857367203049  247.63619179815993  -94.327968359767809  0
-13.407984937880968  201.28280088881141  -120.64016602782537  0
62.218584147671322  209.11324559367148  -94.327968359767809  0
-62.746550201430765  302.8375385805723  -117.62505260473701  0
-124.36098869136914  156.8745727733621  -25.488730305685174  0
-148.93160123557104  389.45254066152921  -94.327968359767809  0
-58.102063723717436  223.19273132486302  -117.62505260473701  0
-164.89905406460244  288.63801117673006  -117.62505260473701  0
-126.14007741744288  161.83582050243044  28.162315510576363  0
35.142309514446566  279.02206464493565  88.892269796037397  0
-156.49941475506955  341.67124659001735  117.62505260473701  0
76.090839525488207  262.83481734032148  52.348073124533386  0
105.01822210128734  173.80548821321435  52.348073124533386  0
-14.662461419427615  254.75344979856919  117.62505260473701  0
-28.861988823269883  152.6009459353975  117.62505260473701  0
71.952540661529326  168.56839876442888  94.327968359767794  0
-160.62542722662764  193.13901130861228  25.488730305626287  0
-46.117030564398533  249.46747812548523  120.64429802592075  0
97.440837261048387  235.84463885745726  28.123703441512838  0
-58.102063723717407  223.19273132486302  117.62505260473701  0
-0.68304726143023231  282.25069297186724  107.52699087368798  0
-91.826458444989683  320.65772927126216  117.62505260473701  0
-139.9284883828027  282.64310875431511  117.62505260473701  0
-34.856891245684892  177.57151161719725  117.62505260473701  0
-140.1309770218671  193.66966717596449  55.854802787211135  0
-71.039414299961138  341.04725258514486  107.57488240115973  0
62.218584147671379  209.11324559367151  94.327968359767794  0
94.057910893264818  219.45846996810997  52.348073124533386  0
-101.93337093324902  231.49620332679558  108.12967126159811  0
23.223453888468725  196.07643446234576  115.72808063747907  0
-89.428449016382373  290.29132827053843  120.64016602782731  0
-124.77164087246423  217.70877887062551  91.636158490643865  0
-154.87777073681656  236.63394856078219  94.327968359767809  0
-116.06434501937797  165.5879630641744  56.3983080812392  0
46.261857367203106  247.63619179815998  94.327968359767794  0
-12.751163021747885  199.69709251042656  120.64016602782731  0
-148.93160123557104  389.45254066152927  94.327968359767794  0
-138.55923297541048  253.75038861818047  108.12967126159811  0
-94.307268675136953  259.39793627628262  117.62505260473701  0
-97.239793033944665  194.757506531421  94.327968359767809  0
-155.3112082305496  413.02788041420854  70.810995568115217  0
-116.97518987655261  143.63090570133858  36.115479156921033  0
-74.779960486621235  242.72003951337871  117.62505260473701  0
-164.89905406460244  288.63801117673006  117.62505260473701  0
-80.866051439217799  162.62222926318341  94.327968359767809  0
-43.528388737815078  317.99947468305066  109.5722473929692  0
-167.15390249296556  432.85066189587343  32.320178401586496  0
-123.33603676034227  333.7094239541384  117.62505260473701  0
-140.67187979592015  179.76051455364029  25.477715999996303  0
-36.812355881304086  280.68764411869586  117.62505260473701  0
-98.595015155261251  358.12778975608614  105.66786155597778  0
3.1577292712622125  225.67354155501027  117.62505260473701  0
-132.05056695884122  306.88885782800162  120.64240589745461  0
-62.74655020143075  302.83753858057236  117.62505260473701  0
24.171246590017375  161.00058524493039  117.62505260473701  0
-61.907153239702893  180.88185505341693  109.30591458321454  0
-44.684243555494049  201.29683884575704  117.62505260473701  0
-165.22299511125505  204.79462181518869  52.3480731245334  0
-116.20316115424292  272.81575644450595  117.62505260473701  0
44.13229811771015  165.0054925192988  111.03822473137927  0
-108.39579871374778  448.39304398213477  22.169357605143762  0
-45.012920878024971  362.3794857846508  88.302997720431051  0
-84.884595019705145  420.01683914562005  62.549454692670736  0
-96.097763333004877  419.30530939144319  56.878685725718178  0
-86.86981287895496  407.27179951559441  67.137143192731301  0
-122.11017178520402  428.01939380577255  36.000276065355365  0
-116.44001965018623  442.73043524092787  11.706486395537924  0
68.138368330723878  298.22284705271687  22.954059955267454  0
-115.28245522176216  435.89777360419174  28.063232704169927  0
-101.21026087160911  433.48947352282391  44.430379939579964  0
-129.78474222590398  432.64072691855489  21.134247048049467  0
-67.332898619702874  386.15729103110971  80.048157341952816  0
-109.57371591394188  452.80720731737051  12.047236927422635  0
-108.96707350423709  419.17388496294978  52.216428474169952  0
-124.38190311392668  437.16522406075751  11.02333414121791  0
-250.82499999999999  287.21390191073004  116.78687752708828  0
-250.82499999999999  208.16140243329477  51.004838811097869  0
-250.82499999999999  240.04822208557135  92.507538059846894  0
-250.82499999999999  394.95177791442853  92.507538059846965  0
-250.82499999999999  347.7860980892699  116.78687752708831  0
-250.82499999999999  426.83859756670518  51.004838811097954  0
-250.82499999999999  426.83859756670529  -51.004838811097827  0
-250.82499999999999  208.1614024332948  -51.004838811097969  0
-250.82499999999999  394.9517779144287  -92.507538059846851  0
-250.82499999999999  287.21390191073004  -116.78687752708828  0
-250.82499999999999  347.78609808926996  -116.78687752708828  0
-250.82499999999999  240.04822208557152  -92.507538059847022  0
-311.14999999999998  361.07102436522462  -28.053737543428273  0
-311.14999999999998  320.74795572463108  -62.689545757188206  0
-311.14999999999998  296.86971591161426  43.148766424393976  0
-311.14999999999998  353.9495239337549  23.652191754392092  0
-311.14999999999998  407.25576021552354  6.1164461195626343  0
-311.14999999999998  219.03382010133305  -0.58086093284425977  0
-311.14999999999998  395.99635894548675  54.6412108014758  0
-311.14999999999998  290.71992247216463  -93.510974810259455  0
-311.14999999999998  234.74266925438513  39.830010774292958  0
-311.14999999999998  327.47766894981902  -100.76729955987088  0
-311.14999999999998  226.40521514057238  -38.138883144598587  0
-311.14999999999998  258.79703206948949  -5.283779717442938  0
-311.14999999999998  405.29122023701598  -42.791461356263191  0
-311.14999999999998  352.85270559059614  80.935271401678577  0
-311.14999999999998  305.82667050543108  96.710736158424623  0
-311.14999999999998  266.06612826673819  -61.117432149779169  0
-311.14999999999998  309.59190833126723  -15.034890255380658  0
-311.14999999999998  262.27535615354446  81.094656023953547  0
-311.14999999999998  369.52934048389761  -77.739035956236833  0
77.451777914428547  66.674999999999997  92.507538059846965  0
-77.451777914428661  66.674999999999997  92.507538059846894  0
30.286098089269874  66.674999999999997  116.78687752708831  0
109.33859756670523  66.674999999999997  51.004838811097905  0
-109.33859756670525  66.674999999999997  51.004838811097862  0
-30.28609808926997  66.674999999999997  116.78687752708828  0
-109.3385975667052  66.674999999999997  -51.004838811097969  0
77.451777914428689  66.674999999999997  -92.507538059846851  0
30.286098089269981  66.674999999999997  -116.78687752708828  0
-30.286098089269835  66.674999999999997  -116.78687752708831  0
109.33859756670527  66.674999999999997  -51.004838811097827  0
-77.45177791442849  66.674999999999997  -92.507538059847022  0
-95.593600962266635  6.3499999999999996  -22.718957159686628  0
-68.025104565842511  6.3499999999999996  -57.187455216938353  0
-95.116189629304799  6.3499999999999996  22.761057716217334  0
-48.551231990118438  6.3499999999999996  -2.128690042070458  0
84.059800962194785  6.3499999999999996  -51.70592914556709  0
-17.14279731652805  6.3499999999999996  -54.085332356791909  0
3.3987000588277638  6.3499999999999996  -97.68739809877998  0
40.044845757810222  6.3499999999999996  -66.965381990025051  0
-40.283755466856952  6.3499999999999996  -91.143347834867569  0
-64.20911137496087  6.3499999999999996  61.574046016961354  0
-24.668185854249383  6.3499999999999996  92.923798829749202  0
-10.335373290137811  6.3499999999999996  44.156657191533789  0
10.746214984011239  6.3499999999999996  -9.4801029034167108  0
60.327793172984229  6.3499999999999996  -12.552596927394026  0
24.621615951056526  6.3499999999999996  87.320959675350977  0
86.695628388599317  6.3499999999999996  29.028970101610664  0
100.37792142732904  6.3499999999999996  -10.922675255880172  0
40.225504721043663  6.3499999999999996  34.657238991303473  0
69.453095428957667  6.3499999999999996  69.407628976110004  0
92.511053566151958  469.15175419484456  28.759540179079345  0
79.689139162256765  469.47778998967215  29.473202723485898  0
80.488167202283648  468.13634269525392  27.358193915745989  0
80.970394181463874  465.72762711904926  25.785065789936898  0
87.779203667447575  466.95162623439126  26.387963170445332  0
100.47754901950778  469.07694816852114  28.623445355910093  0
95.400976173583203  466.72892099179779  26.253004336193545  0
102.35620271086015  466.27914208405849  26.016390012826065  0
85.616076172076731  469.45825011075431  29.422967419916233  0
75.588066547619562  466.11851419518723  26.253188110078053  0
76.239396139215657  467.18629423893532  26.689765474055353  0
75.938187183018954  464.95493087812844  25.747688161105991  0
74.366376367623616  464.99541679302416  26.397188938900612  0
72.362292998868497  465.93291481483675  28.609782999302929  0
71.259177165491778  466.92187836258103  30.804905133326571  0
71.665036939284292  465.26953536730855  29.429601606500412  0
70.857454861858699  467.50757623528278  31.952144466843624  0
72.15236694863782  467.52004748357245  29.863880513716946  0
75.817502299652546  469.71773814679079  30.606912649053481  0
74.463802414207734  468.52620179237732  28.85429214381611  0
71.585781937640974  468.31452901262833  31.434940617925339  0
73.651101137888375  469.26178712328664  30.613314461312516  0
72.944771791980145  468.46543372452783  29.954924455187356  0
73.208060056321855  469.7402730891157  32.42798918940715  0
74.48189481643027  469.73464857364996  31.33044398931596  0
72.943894819821253  466.88427295409593  28.500059265819438  0
75.158401745564291  469.23508280617943  29.602045282292224  0
71.70622784100054  466.35755281069834  29.751631290354222  0
72.280749753484699  469.20227029785917  31.905745153085931  0
73.745702146385625  467.67176328032764  28.41474444989403  0
4.7149076436545307  401.82474184807404  92.237691128348231  0
-3.7657465030872501  435.59334402218627  94.015711958385509  0
58.62444168187821  436.15992462473628  55.129335289013788  0
11.609183957255031  432.73929173535578  90.180801388517253  0
53.712668207814019  344.05075780322522  61.466711440254969  0
-18.184783731956536  383.7811094579888  95.246070264392074  0
64.594598317949448  386.57219419120872  45.564719600024866  0
-37.929939170087891  437.57067378724702  93.360111380255873  0
48.868584930813725  389.09454918307972  -66.780448643265657  0
46.638385906162569  403.70339095498611  68.975346733764681  0
56.345535011359473  409.5940146971277  -58.207179972498842  0
63.93771316129434  360.40545191005623  46.750422075728189  0
49.637707779813738  434.24341674406566  65.98909985713486  0
-3.4810132646655916  429.05407742069644  -93.96897973286174  0
26.140445320104462  428.10479738609877  -83.84739800238674  0
46.84302190933262  417.69854198954317  -68.779881968902899  0
29.844244294005499  376.49526234975116  81.742983643356879  0
-2.4994520877472013  373.42999046303578  93.801076026899736  0
65.179883161182715  413.38467203488005  44.473467175986045  0
38.732071532717327  435.15901675841195  75.721824524954087  0
30.137736782362076  351.88795671632073  -81.566715333088325  0
6.6016914433436753  399.82624366468536  -91.730873898025678  0
54.689879742728891  362.80527560433535  -60.290900105470996  0
25.707947646958957  433.42371174726412  84.079061736154515  0
-29.958915953854842  405.27763687495644  94.623242666438628  0
-11.254518355865571  408.61269484192047  94.930463845574693  0
26.333374796961763  349.60602227980769  83.743129819935064  0
12.609546423398186  431.95454722791584  -89.834490148632199  0
13.078438783698417  366.81198674852328  89.667864485121669  0
34.348008828917678  405.2711211590169  78.874680050741446  0
65.144868826216765  346.30208932730301  -44.539718940920054  0
-15.192739001597584  394.85572126330368  -95.171865788110949  0
-70.22182171333462  441.02856379853409  80.336835651764972  0
19.662705172643591  400.67282825717973  87.028092925307604  0
-19.456983090178294  430.49589007421781  -95.249130519728681  0
-55.753359079835121  434.83523696422236  87.894402166785824  0
-2.2954467560699712  372.472328906065  -93.76485186676463  0
36.339697055732721  404.02939933827298  -77.488992509092256  0
45.770673809897033  343.70647204312513  -69.791423160951013  0
-45.338660013979435  413.20907237346592  91.550362395074103  0
43.66395892934537  374.12782225665035  71.690458607881595  0
23.483402596802279  391.14089082660996  -85.22600638031993  0
-50.800231558388205  427.08611730772145  -89.802479342102401  0
59.18983814113308  386.05541351761616  -54.323937887908109  0
-21.153573371486306  434.94455006557007  95.226768710645501  0
39.250719491951649  372.77037471254505  -75.323227537863573  0
-65.970118853968103  439.06604464552987  -82.891887098373559  0
63.99116170735698  335.31145145021708  46.655417287734025  0
-35.931678806096414  436.67275391956105  -93.742047239687452  0
65.883065474008987  439.90697196252438  43.11539039818269  0
38.605761437206446  438.19677533694971  -75.818043189572876  0
65.491698745733615  373.90660528735907  -43.877826668895352  0
51.356261257673594  441.08767728246022  -64.152325567482066  0
55.14445285699874  375.31976216093364  59.730609115013976  0
56.902095496264337  405.87667742648455  57.47905435657708  0
58.185805124015971  336.15124412408989  -55.742200412658889  0
40.95138573117795  345.7615065882286  73.975646062325097  0
14.707568526419443  363.21720055766099  -89.067328842758585  0
-33.477064283239891  404.80166318152476  -94.151061152635265  0
65.442353811534929  402.25450866307904  -43.9727716591347  0
59.701166693176788  427.41749510295318  -53.579998548558066  0
60.914327147002453  446.77545249243121  -51.75199400918931  0
66.375801757278722  425.12350506406034  -42.130688270263477  0
67.13482177026863  446.17428527467609  -40.555381842944463  0
-115.45751474557319  469.26069155674645  -4.5381937222363575  0
-20.238021066883775  469.40218261511166  -96.710858768312022  0
-113.99295949547221  469.72248547219931  -21.641537111450411  0
-108.71164928688381  467.90696989768827  32.81580723061807  0
-16.643597757649506  469.06020297393309  96.243769485716086  0
28.861948355420388  469.77490929072269  84.964690618366504  0
-111.35048024949342  469.77879589622682  31.58825001911568  0
26.257710985619909  469.18536713572541  85.109822855619711  0
-104.85639208218639  468.98376305503871  -43.479819133111917  0
-62.101102740438577  467.79868048334299  85.175309711161233  0
-84.340471172822092  468.59808810699258  70.189442653757453  0
-113.84345434967609  469.18326385624187  -17.611783325597887  0
31.918240501596038  468.13561761000074  -80.857181439435053  0
-11.516303376159666  467.78835659620967  -95.135534913855963  0
-95.091105558388975  469.643781568892  60.504720077690884  0
-112.75827107979003  467.94742876193015  -18.385036301602508  0
-114.61373896935497  468.41338174208522  -5.7427730252010516  0
-25.81362896754915  468.90763794835084  95.880935586827789  0
-58.001938215219099  469.66670579889427  -89.087055593330533  0
-69.174435359837716  469.28261834961381  -82.512004615861855  0
63.243173432297397  469.76495615727089  52.305005625190596  0
-114.86245977365681  468.55883259346086  1.9913103428964185  0
-88.736847381116874  469.24808246845902  -66.749828956610813  0
47.662313192682291  469.67956319063353  70.7776800406983  0
-90.640379872945616  468.23990088475392  63.409903662595525  0
-111.85379435532495  469.2218640385243  -26.319593053841871  0
-100.64098465193351  469.71978229335457  53.140677544086401  0
-106.35955893780952  469.7592051537215  43.374429258219919  0
-115.6953243364987  469.72907524715453  12.079582566199857  0
-99.661718254223103  468.75392873843373  -52.100473086126506  0
-75.510010884623711  469.75279699387448  -79.451629366359569  0
-114.05638753040547  468.14092719727677  10.485046588284165  0
41.104459143785078  469.76374541837032  76.737470901010042  0
9.632436656516834  469.19655744873359  -92.067635083744804  0
-38.017076162758869  469.74905420955878  -95.594184380794005  0
-103.12403992976537  467.62226300483121  45.042091317031883  0
-81.665668683413685  469.76969235940794  74.768658980754481  0
-42.458398014924043  468.06183918413939  92.633278311003579  0
-25.184588042712814  467.79289733690268  95.237609249310282  0
-72.816179787425966  468.60986130698063  -79.374168618487644  0
18.586292317295246  468.98685995531577  -88.528781116313638  0
39.160725581953521  467.90880748124499  75.681839688672355  0
-104.74554159602405  468.55199074426167  42.887547136821894  0
-99.444806463156624  469.79441204803095  -55.362207174327047  0
-87.934194906690223  468.41401765384836  -66.48647843635753  0
3.4790125257255795  467.65887714919944  92.691862619900263  0
-114.61345381541076  469.15671862927019  12.54679326230702  0
61.79564225282148  468.61208113456189  -51.530157634289594  0
-102.81189773998686  468.00898313539267  -45.915634835850369  0
68.220651502407705  467.6102797538851  38.475953587837409  0
-44.925450957962212  468.62442304958978  -92.323312293503804  0
51.324496203928589  468.1339756614106  -64.675498212836629  0
-54.081772824951706  468.10225008878894  88.911773999832889  0
-64.95680162638422  468.57390889792845  -84.134509117689674  0
-91.758814837568139  469.74191882401459  -64.862415279837535  0
11.154663508248401  467.97110058499226  90.602624859923964  0
-93.750675878602621  468.60659826574545  -60.086677551647846  0
-108.98518223361674  468.0403312568568  -32.228111443875484  0
-7.9666119526759296  468.8353466248829  95.41126693940042  0
13.154586526718504  469.05039722418883  90.716472409567302  0
55.928544412165706  469.02642197436745  -60.33176238299184  0
-66.362760967557179  469.74380260499032  -85.184097014176103  0
-9.2651653194120378  469.65369805278652  96.705122273303658  0
0.25983675269152329  468.91745997348897  -94.1691337357408  0
-75.916719685036767  467.62941843737264  76.575546062464227  0
-49.353515962293599  467.65651839466233  -90.448308029095713  0
26.79006424105922  467.8947806493378  83.748725686447543  0
35.759021229345805  469.02516698132621  -79.103861158317642  0
-33.240078805016537  468.12346428054514  -94.515295327065459  0
60.138506154106679  467.57303717278177  -53.138785072379271  0
-50.392289647970387  469.7861166933987  -92.411908278427603  0
30.408303741384941  469.74561761352646  -83.96304532611822  0
-52.771362291971755  468.52868603378465  -89.681797137042906  0
-111.10765721457244  469.68796143290143  -31.457879921448651  0
-74.086919831913605  469.74938315856713  80.430939834575383  0
-3.1533004022703022  468.02729169517596  94.197430232170987  0
35.047982526761416  469.53493694952442  80.449382626981361  0
-89.086770903047849  469.17255961475735  66.244344601729523  0
51.239876006660381  469.08725993278887  65.830965515614878  0
32.902493296376953  468.69774163830988  80.652921740512923  0
-0.21059855307050768  469.24188389673554  94.632513007828223  0
5.5159626115515934  468.69062948222495  92.732895418158321  0
-77.644173847458774  469.28896106327016  -76.740365446320055  0
-72.0477826779304  469.29125568479731  80.710615206891532  0
10.440043589804123  469.64719261384761  92.601094569148117  0
48.410851383807696  469.73308858461456  -70.267835215385603  0
-65.367913332544219  468.57103807251502  83.906538709847567  0
27.499651983386066  469.25163153305368  -84.532979768208406  0
65.942141517147192  467.69982420402016  43.337465211036083  0
-102.05249945124828  469.49371287085017  -49.945766470431785  0
-105.92866707549045  469.30984463955866  42.190592613785256  0
20.672710410442527  468.45566201467784  87.136029211997368  0
61.812972584621335  469.23793181838681  52.634832154456518  0
64.440238989968208  467.6261771641843  -46.117617801265268  0
4.4731756529947688  467.65084912837017  -92.442029866268669  0
-113.76033361236539  469.74281162985727  22.89516834030152  0
45.460730610456039  467.83224987615847  -70.348702108274935  0
19.676228152292978  467.81962986160477  -87.235101247114088  0
68.651043357278979  469.76318144077248  42.607071962240184  0
18.531593327528164  467.57754684409372  87.649374867081988  0
-108.60542705411017  469.03022556113791  -35.246288169162007  0
-3.3499607836117686  467.94187948496716  -94.192979742859393  0
68.018578330119553  468.58815107200132  40.08840067653648  0
-86.329223471899454  467.63369615261945  67.612034989321174  0
-63.981888890974901  469.77186251108958  86.565799835867239  0
55.45395975158597  467.7674704218818  59.626213145990882  0
62.724422961416991  467.68935027632705  49.133520626077363  0
-84.276442812481889  469.70491368171582  -72.239101065724896  0
-88.895124443153293  469.73916738966818  67.924487083274627  0
-20.53082748146538  469.66713485237898  97.22021232400985  0
40.063490556568041  469.07726316715991  76.012131258172232  0
-98.023931917027539  467.77537423789545  -53.570234095552635  0
-14.726945221894859  468.70323656208473  -95.84416794920304  0
-20.495709352964418  467.97510006763815  -95.495517465483388  0
56.248833213725277  468.8075799677693  59.594861965579291  0
19.58127146281636  469.708552987519  89.345050252216211  0
-40.611179834907503  467.83861964584997  -92.984642453291741  0
-42.866701259405289  469.68408789787242  94.313454482899161  0
-94.987251565409736  467.70544475496217  57.755354071333194  0
-27.502219772807017  469.68006635249179  -96.895932044879032  0
27.038907280211511  467.51560279572897  -83.471173241704136  0
-81.343471143392151  467.79234905612492  72.300217658515052  0
50.860409226217399  469.27015357383226  -66.558059932865234  0
-80.963471514448997  469.3006785500761  74.109390601966552  0
-5.1856586379029412  469.39286850268314  -95.704612058611019  0
-75.533712732792594  467.69727073092741  -76.884544940114992  0
-106.29040750994297  467.89004741793769  -38.780336460297143  0
20.625384181317614  469.70151608895452  -88.865350503055609  0
-53.722825300085198  469.66644529465657  90.837368090400844  0
12.159767740503732  469.73350800662081  -92.275281898211304  0
25.22228565742418  468.49508681269486  -84.944313701481605  0
13.448504144459875  467.90481511424537  -89.776226911774657  0
-33.631256853530346  467.94351374700693  94.373329024817991  0
-31.51179612204615  469.63817348426301  96.359972739507384  0
59.222863797473892  467.53936620543419  54.462526586440077  0
45.863905988030226  469.07176167132531  71.114471308427696  0
-82.356259696531822  467.81794407726619  -71.42746693027739  0
-77.040790033574524  468.62182590107921  76.353322161006815  0
-92.696545699116328  467.68067359950982  -60.636789675908247  0
-27.172623108027672  468.85640540088332  -95.727771125260915  0
57.12895092106335  469.71716394494683  -60.632874061547781  0
57.24061211543696  469.58977213547359  59.997015976082423  0
-68.46419735483218  467.83568809641503  -81.664288489396981  0
-49.381283332325594  468.96481527038071  91.266565982137877  0
-58.380005262972162  468.98323448035325  87.7854165625386  0
7.3798065534917896  468.4587807498599  -92.04583368295711  0
-60.069207121274196  469.1853363349789  -87.257595581017512  0
68.815784300094293  469.79225827135679  -42.500846095258552  0
-18.069483400524707  468.08253464388213  95.549825511638915  0
-111.02113981094534  469.32007959017824  29.530436909020125  0
44.02606334447605  468.95563971400054  -72.589486672386116  0
38.556770251615326  467.93706611126379  -76.156996468644905  0
-101.13359341898541  469.13692247102728  50.473543147701143  0
-115.52646608920935  469.30706926606496  4.4147470803821127  0
63.867520788608786  469.77395365156718  -51.367257567588453  0
-99.682662163392536  468.13381184570329  51.321029523334609  0
65.950186888197749  469.32122115309789  -45.891377958026141  0
60.141576999822391  468.41513513526075  53.798817291157889  0
45.016513760312662  468.12182940168026  70.921280257335752  0
-87.457957631847933  467.506512033891  -66.419368268289134  0
61.010949925484852  469.34780175988101  -54.117520030983222  0
-36.470608541874938  469.07852646072405  -94.705014597048148  0
-95.507100538154134  468.89373591895401  58.229699201217862  0
-116.54723200392044  469.76146889747025  0.16901853974338291  0
-95.714716617197169  469.35053256566209  -58.836704876721122  0
50.858245661232374  467.9632402400149  65.064247107351903  0
-106.79884743106165  469.70644205501372  -42.118014761299108  0
67.289723156584969  469.33751650175725  43.370705361813016  0
2.9543790831035714  469.66760224496846  -94.71005236052217  0
-115.87933477089281  469.76175629377002  -11.401854657549359  0
-13.576370038604153  469.79496479773087  -97.46151417724866  0
-49.942070487663266  469.25503878205126  -91.428882414095511  0
64.596321321264298  468.62501657497899  46.86694866821238  0
65.688586998993614  468.5447189923816  -44.737699803331829  0
-41.092430382938261  469.06538262725167  93.72230532372636  0
53.916465829946233  469.80729900859006  64.915572715119197  0
-113.18776929897423  469.2598528901006  21.280736736070935  0
1.9955377999743398  469.76554147899208  95.212628164392839  0
67.689255072846308  467.86867299506321  -39.868684520917924  0
39.042091543480595  469.68834119046488  -78.036602705923599  0
57.101200253716016  468.0934362998766  -57.72967666713788  0
-69.849034817383568  467.71872992484202  80.761589706326802  0
-10.978656398675719  467.85597067638338  95.116419856130534  0
19.744859683297996  469.21375869289199  88.307654046994514  0
33.022643175500448  467.76093163402675  79.963322089849896  0
-12.752809452978109  469.35660403811022  -96.443321366787202  0
-71.709286149710294  468.57437434401822  80.081917840151291  0
-33.731800368621691  468.91878441755705  95.00201853475005  0
-83.372443457607815  468.98524498353754  -71.527223291049765  0
-106.45116761045517  467.69884870960391  38.24625335662963  0
-64.734181026587862  469.35047554289508  85.159708845223449  0
-57.812794288974061  467.62356763445655  -87.147882000885616  0
-114.33854211542496  467.59611701015939  3.9851961865955055  0
-48.892071169074271  467.55846013549547  90.571724647462887  0
-110.76529511167274  467.53794610056053  -26.096759342036506  0
-110.68582116551887  467.68493082087878  26.528611778125519  0
-7.2568836408903223  468.71161262113134  -95.220798795947388  0
-112.70921558200195  467.69950495503548  18.158515874196347  0
-111.54146031453217  468.51938716637392  -24.981182180927195  0
-27.288328727126547  467.6051098777462  -95.017946413468309  0
-43.801241595771316  469.50832140494242  -93.682818164390113  0
-3.8338073175005771  469.79775010469712  -96.432622740044067  0
-113.67871355269652  467.57808730557758  -11.841637898247807  0
68.441197955509267  468.83804249524792  -39.647230665956691  0
-114.04821916429698  468.57343874859481  -12.701333471309551  0
-78.966993300531641  468.46622746991272  -74.711824132043276  0
-63.607850419547816  467.55680649009531  -84.310727516305434  0
-107.84439755182866  468.81251762736821  36.576531098882235  0
-113.21134693305378  468.53433953192803  17.729786639183654  0
-57.882570608646951  468.45586159327132  -87.536493097122644  0
-111.23222518102743  468.57257885256269  26.235565409763325  0
69.196665498963938  469.42762595480326  -39.683483857834055  0
-108.89061250335638  469.56172722763768  36.571322974958584  0
-109.66780490182721  468.68862203626628  31.479937529123696  0
-114.34856566980514  467.568794694779  -3.5369048783289569  0
-114.95162570247047  469.30159236009297  -11.340322307425151  0
75.763449308859563  469.69157459197231  -30.527305510805437  0
71.995424113562009  467.37493735427535  -29.951988755466424  0
74.636839152208182  468.45956051145851  -28.663514103268746  0
71.3003948402269  468.19839911897805  -31.765814637448862  0
72.283302049050562  466.07922410706055  -28.781889351430582  0
72.317310577889856  468.47058180635941  -30.634309755494659  0
70.954111505099959  467.21884682757485  -31.565218470527583  0
71.690162643443358  465.31753162409422  -29.396182765074698  0
71.428709787097773  466.44684437025205  -30.26734357616596  0
74.441302443547997  469.72349384907676  -31.3107899525695  0
75.021200852961144  469.18681673853229  -29.576961375626386  0
73.290556376493242  468.25786423559555  -29.388508872076898  0
73.183634494997463  469.72672418558068  -32.391895728115173  0
72.175091253126581  469.19040711451964  -32.024478443763542  0
73.539483098307727  469.20696529998321  -30.593178173677117  0
73.922799740095414  467.53964660928864  -28.16074538411295  0
72.964194194414802  466.95834330050604  -28.531105287885605  0
75.939336961711135  464.95308145485819  -25.746963887338008  0
74.366590255081576  464.99466948086962  -26.396863528295579  0
75.587280674923903  466.11565526056921  -26.252120972314209  0
76.239288220168376  467.19612462055483  -26.696870209297664  0
74.311104508173671  346.4891551460297  -26.236688966895432  0
73.760947431354253  384.83255553702315  -26.589831191606748  0
73.805229548701135  371.47742016139256  -26.558359544610578  0
74.845107302507458  331.72276535784488  -25.964135004301767  0
73.647631412459631  411.33674266724387  -26.673012200034631  0
74.686809480417878  318.67802185283574  -26.038363517504898  0
74.201563047680025  423.52708231148483  -26.30074594659386  0
72.7255315215792  338.24038725079441  -27.520137704298243  0
74.676709054246501  452.05918748018286  -26.043281568334198  0
73.645456960620564  358.38850982689354  -26.674646453833976  0
73.802740976382253  398.20456427608553  -26.560113111135564  0
72.742189099730751  432.53089493259563  -27.501560062367659  0
74.855737059267867  438.72350012579091  -25.959339669685757  0
72.707436892930218  323.81103765971795  -27.540485631490853  0
72.713354632571892  446.89926395842718  -27.533811612299921  0
77.429603575138984  298.83509376044884  -25.693497637387313  0
75.449959449665513  304.63550223754299  -25.790732972545612  0
74.301498303333446  302.69471075242092  -26.561279746994963  0
72.786960257392352  304.28252748455316  -27.6862635243283  0
75.06042634715908  299.9491588366464  -26.57812429896109  0
74.166961978458602  297.78355432660641  -28.275685569663825  0
76.59781114813137  301.71926187718452  -25.624911547962647  0
73.191080461181912  300.89860444596155  -28.071015127102875  0
75.786176516125337  297.48829415576068  -26.794264918719652  0
-103.94787345106317  441.9009404885519  -46.533733952690362  0
-28.023952618685055  350.61485338123339  -96.231601171711972  0
-97.811856985393604  423.24540137979409  -61.685818604340199  0
-121.78912965652468  442.46487735348092  -23.115108070288837  0
-114.2273239707178  457.37357916522569  -14.766869146657378  0
-109.96299149090429  449.50781679556212  -33.416078024575462  0
-112.53384664039744  438.4456820743672  -39.881434902380221  0
64.520530997059581  302.37561962057077  -47.353922792467166  0
69.260723549428292  300.57797939922546  -38.457145199236486  0
-45.121533462636435  366.65836576355673  -93.654964455216827  0
-122.13740279746224  446.12805807538444  -12.256479740327217  0
-130.50739850329839  440.72784194182304  -15.281093542329  0
-116.59509479826694  450.60947793801643  -17.483821160400375  0
-127.79757851895991  437.05713505096816  -29.385044160149693  0
-97.221957619216212  433.37631629090401  -57.041681858475947  0
-96.575596055490493  410.92241433003016  -70.489875219488297  0
-118.34857884402851  430.15204158092354  -46.170695955808753  0
-61.487710463375592  382.60508632705216  -88.545823768353785  0
-79.358645466769161  397.92282454196169  -80.620939241968642  0
-82.21337458986082  413.40795203556826  -73.490998980448452  0
-109.2893343664541  422.22357275784816  -58.272569801973894  0
-66.545116373596926  396.60377565276889  -83.721794478033885  0
-18.545211756896798  339.29233396247685  -97.38852824240324  0
-140.37199471811414  169.46851544595401  -23.532388466350138  0
-137.7189903147482  180.01231819311997  -52.385233305822389  0
-21.430205824679206  296.06979417532074  -117.33270062893344  0
-146.6507344480242  261.95416270654187  -117.33270062893338  0
7.9302133195315605  290.88428476218667  -107.97752540699345  0
36.898370001911502  200.88620930487909  -117.33270062893344  0
76.083577373649348  213.61825498092759  -89.80256121069155  0
-2.3453711166262963  156.80076559016396  -127  0
109.59625940896655  163.89601143343816  -60.143671499268855  0
-49.960078352494179  320.43660726006226  -117.33270062893344  0
59.251410785435496  254.25469984231671  -89.80256121069155  0
-144.78431944154943  216.72207493033261  -89.802561210691479  0
69.525689488181513  274.96622600216921  -65.71250387164558  0
-104.01480979961632  296.736742857884  -127  0
36.864318502530693  284.89752750445302  -93.160290874805781  0
-55.545837293458135  170.84926555197578  -117.33270062893338  0
-130.90578251290628  155.0493898460891  -24.396597849183738  0
-153.09639490106838  363.15706834768639  -117.33270062893344  0
-128.9650592094182  379.8575550990887  -106.13999398878286  0
-94.731044665195853  158.11721987592733  -89.802561210691479  0
101.24465912213435  201.70824185393116  -62.319824545479804  0
-123.83743799827523  141.56740461366726  -34.357433437500873  0
-20.763257142115947  213.48519020038361  -127  0
-131.63226257157248  308.17626635422675  -127  0
-164.07287184511455  438.91665005042216  -33.38229963096385  0
-36.382262571572539  238.97309056171611  -127  0
-107.09374052407361  241.79886759679255  -117.33270062893338  0
-146.65101878759884  403.85157154675488  -89.80256121069155  0
-75.701132403207438  210.40625947592636  -117.33270062893338  0
-9.3237336457732454  185.86773742842746  -127  0
-168.11509623762461  189.65397355226  -27.588335604680481  0
-160.69923440983598  315.15462888337368  -127  0
-153.64709944593986  181.86621709816052  -25.537954284715475  0
-78.526909438283866  281.1177374284274  -127  0
98.564548319559606  236.87910955366843  -45.04340613209029  0
45.657068347686419  164.40360509893154  -117.33270062893344  0
-162.37089053691582  198.42193718101333  -56.502844523269978  0
-158.21690461319858  427.272604344169  -60.795332392019979  0
-109.03406072941846  186.18846946397952  -89.802561210691479  0
22.540369094767811  235.54948982347057  -117.33270062893344  0
33.80226208534603  262.9906076663637  -104.75093347127189  0
-116.61379069512084  354.39837000191147  -117.33270062893344  0
-122.99123874414246  157.03344717183461  -50.305548059331308  0
-55.796158183962689  261.70384181603731  -127  0
0.063401785528583332  265.10997216522242  -118.81767164942831  0
-81.950510176529363  340.04036909476781  -117.33270062893344  0
84.903012092125607  246.39249222708816  -64.044717896745595  0
86.35157154675494  170.84898121240104  -89.80256121069155  0
106.37660266867795  210.08119233005851  -47.499934234726666  0
109.88476985597617  186.54039738094315  -52.305336987747246  0
118.12204122915364  156.15287940632814  -43.00850099497967  0
78.537964713769327  272.12942138023305  -53.489891741453668  0
89.705151846479794  253.98231550621227  -49.074816094729009  0
106.81575079730732  219.04756770520115  -39.38542994802998  0
112.86999598435273  192.48440900667663  -41.991224388213048  0
116.16498612638736  173.48833964016134  -42.525508094566433  0
80.039791983810971  278.61878973373717  -42.63668613136322  0
22.540369094767897  235.54948982347059  117.33270062893341  0
-136.67589872249329  165.49867108163289  25.930485056923999  0
-116.42808946835065  274.31743469621392  124.39125445250993  0
101.24465909371776  201.70824184243168  62.319824599425857  0
-160.69923440983598  315.15462888337373  127  0
-124.12581895366411  161.47248895499266  52.351909062759667  0
59.251410785435496  254.25469984231671  89.802561210691522  0
-154.82625604309862  427.0451935847978  60.509409077956143  0
-20.763257142115918  213.48519020038364  127  0
-131.63226257157248  308.17626635422675  127  0
-36.382262571572511  238.97309056171611  127  0
-2.3453711166262678  156.80076559016396  127  0
2.9366072600623454  267.53992164750582  117.33270062893341  0
-151.59478320373623  180.54843990892073  25.998119544091207  0
-85.575356394211099  254.20021092545443  124.39125445250993  0
-49.960078352494122  320.43660726006232  117.33270062893341  0
-119.29615818396267  198.20384181603731  89.802561210691536  0
-93.054882804627567  224.48945251244879  115.56763399277038  0
109.51315927802943  164.62392042130335  60.130215623136507  0
-100.77792506966732  172.71568055845057  89.802561210691536  0
-144.92127023386166  257.74354129570565  115.84854111244955  0
45.657068347686504  164.40360509893156  117.33270062893341  0
-164.3246768596658  188.07142471528323  27.1886622823361  0
-55.54583729345805  170.8492655519758  117.33270062893341  0
-154.03766030958892  289.72694644200942  124.76180057209582  0
30.96648301899009  263.66048810050825  106.13999398893345  0
-21.430205824679149  296.06979417532079  117.33270062893341  0
-144.7843194415494  216.72207493033267  89.802561210691536  0
-55.79615818396266  261.70384181603731  127  0
-123.89415115198975  142.07842910832301  34.554700495204195  0
-57.62072865912117  224.63285176209394  124.39125445250993  0
-104.0148097996163  296.73674285788405  127  0
83.109718054411701  250.87321203911023  63.743032494665172  0
-145.13599755392454  186.28960858877355  52.044180537800266  0
35.276342467382989  283.18753558061132  95.221360476744806  0
-153.09639490106838  363.1570683476865  117.33270062893341  0
86.35157154675494  170.84898121240104  89.802561210691522  0
-165.63509011036788  199.23500830613486  55.758366362209834  0
-130.47845728491865  382.3475368200302  104.75093347142227  0
76.083577373649348  213.61825498092759  89.802561210691522  0
-116.61379069512083  354.39837000191153  117.33270062893341  0
-78.526909438283852  281.11773742842746  127  0
-9.3237336457732454  185.86773742842746  127  0
96.50682317840824  238.70746365519869  48.244464312163657  0
-164.07287195410478  438.9166500966665  33.382299495598176  0
36.898370001911587  200.88620930487912  117.33270062893341  0
-81.950510176529335  340.04036909476787  117.33270062893341  0
-146.65101878759884  403.85157154675488  89.802561210691522  0
117.4924032330249  157.6267006547599  44.33151697096379  0
110.30795867199402  197.31681496282749  45.89497910153694  0
86.058391576858526  264.01979795082536  46.60276974633517  0
103.79952057797368  219.2910668475194  47.129771460802523  0
114.36954528339601  178.58075124992041  45.152881447308239  0
-62.665093080793859  381.43136751130618  88.960595205040448  0
-28.375495182320957  349.8365669886204  96.503022612042031  0
-91.322797460663551  409.06292673160641  72.578369329436157  0
-111.75223365087702  450.04532058444323  29.622846567164469  0
-118.17669528436979  440.76193895629183  31.002240969274304  0
5.2612848348841741  325.21605820417506  93.039232534488164  0
-11.640263122575302  336.34934986090286  96.206695601873307  0
-61.871663149799154  390.92796010798492  86.176021022336826  0
-124.50981061883064  442.91359817076898  17.311384315313582  0
-110.98625380898106  436.97223317283817  42.787119561600655  0
-116.52043800177321  428.89440605369208  48.513846119527265  0
-106.15170353206445  445.363915411101  41.93838054685623  0
-124.64511368149262  434.71120423282269  36.135101984400954  0
-99.727359315157358  432.97100618144395  55.107702660065527  0
-80.154055409127409  411.81720354962897  74.907217825646725  0
-90.038804691392102  423.62819513774934  65.919046127220014  0
-78.276117187019693  396.03794499437674  81.690174196922129  0
-115.96453199957001  452.93968116712364  15.054783437589697  0
-45.649373605929036  365.81080712311757  93.944012642095302  0
-132.55401531978788  439.02867528069805  20.343641586757045  0
-102.74745249102925  420.93118171298619  61.26267119883866  0
16.779141812607659  318.89928168140466  89.114658284891348  0
67.832376445471979  301.1111841974855  41.385399830750934  0
46.033329310409847  306.52583586091254  70.792497996195706  0
57.102429137331768  303.45913280526469  58.780008922524644  0
33.339230954524709  310.93944472269573  80.618244612185237  0
-46.517574320871766  373.78319335589708  91.983255958134876  0
-71.881085271041357  402.09707544030397  80.747496143827689  0
75.232192989263851  304.32479463061287  25.892538417571881  0
74.277444961850392  297.59123083971792  28.24115368273371  0
75.457257152199688  298.53324537514908  26.687278910245396  0
77.411493138483635  298.91134356325392  25.688711067073783  0
73.556782598704501  300.92395271510873  27.612695752158544  0
75.893379424123594  301.53139028487169  25.872602034248345  0
73.021249038463552  303.92073019142305  27.478358770873449  0
75.001324974817706  439.4151976450608  25.895998936763824  0
73.738698767683232  358.55600164782794  26.605860032507479  0
73.73861574676053  371.95758840588792  26.605920117911786  0
74.952785356004469  321.82596978476272  25.916636782868117  0
73.741737180842307  413.10278746992668  26.603662422047886  0
72.703829555827383  321.83602231468177  27.544563263142088  0
73.738116904927026  399.4352891420167  26.606281191666699  0
73.738331347730551  345.7648974577474  26.606125963697437  0
72.659495597566121  439.67900087356907  27.595259681020941  0
73.722437213074272  426.43473226511014  26.617668190832532  0
73.738719099600729  385.65727585347719  26.605845317879101  0
73.739577440132024  333.94888394630595  26.605224229092347  0
73.758060413255919  451.37854332878067  26.591902886030475  0
124.68487850661273  166.01103553848975  25.881345215726885  0
126.83455124134713  138.69901539815453  25.897954288409927  0
98.292905561812631  253.42942314716655  27.547097814063996  0
84.322337015813787  288.26175241615664  25.550252125262809  0
85.326916799463106  279.27725395006019  27.766969774672908  0
126.1439823815283  151.05553579187978  25.895308041982045  0
121.33158763179887  177.57427525124493  26.908608103404063  0
109.00895105916686  230.88720421099123  26.153694122040708  0
114.2403519226433  216.06379284511701  25.924233121207109  0
80.723444243387632  286.88447793492833  28.068023870005945  0
117.90527663192989  192.29185930006838  27.563138882717489  0
121.23524550011103  187.55429066833599  25.892927583350147  0
92.177597651119981  266.81179747292163  27.427664017099438  0
92.744436134926104  271.08235834341338  25.804583035040377  0
87.800324081555459  279.22435806429462  26.052278594063587  0
103.97628711473783  245.4500093014648  25.96069067094372  0
117.93825258043591  201.09137887302256  26.051997502024687  0
98.68984770899857  258.38981497922532  25.86161676250277  0
124.37973803154011  140.41250472317057  27.651018476049295  0
82.145750138906124  287.88689987047331  26.411983124221756  0
104.09183854347918  239.11664449253058  27.603908188934955  0
114.04780550866514  208.46090115662321  27.547990876677257  0
110.01862788699577  222.16122967348056  27.580813765085768  0
123.53172629763793  154.89778701546072  27.531932058003786  0
122.06248341038878  166.78721709859755  27.748365236238897  0
125.63007762000242  66.18219386786582  26.727138769246487  0
125.6583029277199  76.464205714438464  26.705433622806346  0
126.93654525010422  107.98213261516625  25.94710607889213  0
125.52717333051385  86.795909823958937  26.808444009066353  0
125.88664394508824  96.75284410644818  26.538777661670469  0
124.53200416633398  105.80635372798068  27.81410120650531  0
124.51936958641154  45.871428542893241  27.830150367052251  0
125.63092533649336  56.120127002787797  26.726483202727529  0
126.93283931090936  45.609633447317847  25.948754252430376  0
125.59867495791579  35.812550946270612  26.751585351361378  0
125.43699797774541  116.64374641985199  26.882596234726961  0
125.63772929256349  21.981506673544523  28.06185228821575  0
127.47039547442684  22.33780245070659  26.576543961674428  0
127.98812398035791  23.88982549673992  25.774196246170511  0
124.52277898725355  23.433766710997155  28.353943310339709  0
126.05347498841174  23.572920240444702  26.749853804108373  0
127.60223273281483  20.94132571187922  27.653211126914879  0
126.17166313310614  20.705055274735631  29.085144832571547  0
127.77710697887073  19.797038092308796  29.319215505961878  0
49.236474684495114  22.109476863138518  -118.06379227917837  0
111.16657325541797  20.159515035674062  66.93783265162466  0
-98.353256149675957  22.792389832142611  -81.229414134317864  0
97.975029948705597  19.566326467854694  -86.72073869752343  0
-109.13803827260115  22.792601538544844  66.033665612023839  0
-24.286024385120339  22.667608575302602  -125.28578158375963  0
-51.906192572317423  21.308739482539782  -117.54304118713253  0
-99.914794704981333  19.46336119556576  -84.872219733229031  0
-88.670753132698351  20.385702581436579  -94.317648729969207  0
69.00414857565805  20.798809340831134  -108.96171916968609  0
108.11109734866284  21.277867339136783  -69.493437552486355  0
64.657421527317993  19.435394389854082  114.12875697597784  0
96.04518492476771  22.859328821252543  -83.90072078016189  0
121.49988388135986  19.628924711988628  -48.171881420197778  0
-124.58995294525739  20.947637813420151  32.749958712321138  0
-128.9440098482946  20.815115744369443  1.8070466725765648  0
114.45220814903934  20.761616137465907  -59.540708865914723  0
-26.100923797102659  19.499967082745052  -128.37570312890446  0
-124.60384929743093  23.435454271311293  26.117191144506254  0
-122.47697020632235  19.478352090498184  46.64119646328308  0
-115.78679605165487  20.552086904597893  57.433941572463745  0
69.172859803883043  20.830620581756484  108.81534930776407  0
121.39332301414674  20.234546976951066  45.546859524144089  0
-110.93791142602069  21.310849444886141  -64.830105379304229  0
-118.38415418133538  19.828321909342552  -54.445300786879749  0
88.906248489717612  19.331923163929687  -96.862712964508205  0
85.883829200195976  22.15824676779506  -94.761672822063687  0
-51.749814580568156  19.580858768906026  -120.13648666402212  0
-120.55428133927214  22.536076479524041  42.065290078621466  0
58.402946544942381  23.742170100043779  -113.02248601852288  0
-14.85589908803839  19.481745093790046  130.20376253778193  0
4.1784631721790557  21.625592667564646  -128.17540934592893  0
102.54233184386217  20.888251849280412  -78.073914538960679  0
14.381280324252502  23.299388930120212  126.54293421233945  0
-129.28861773985616  19.712503274471239  -17.930264638007532  0
94.146023072317575  19.648570897772508  90.599114371039505  0
97.188014744346518  22.909407307295623  82.540823629201711  0
-37.774404282957271  20.966019688872951  -123.14086403678853  0
47.945393424247627  19.464322286910587  -122.01162138952371  0
-53.170632591918547  20.900434361717952  117.38904501101966  0
118.67823842880857  22.986035794862801  -46.538080416124188  0
43.173308919907015  23.600571056308766  -119.71318668833926  0
-120.57466799108455  21.380793353141719  -44.238045237977786  0
-75.663338472717257  23.536116080147647  -102.34834367166297  0
46.050276688983729  19.393103557033374  122.94992901412263  0
-124.89714608638708  21.219170573736108  -30.513744573572396  0
56.344540125229088  20.486317576742824  -116.40862682861818  0
-39.827758104483244  19.9258760662714  123.88724296348171  0
21.945147009517481  20.933945503411316  126.95316674404651  0
71.023799563399422  24.148901405151936  -105.43362929293988  0
-43.67852835179454  23.075340960608322  -119.7219597239623  0
29.420974954998186  19.47585939386472  -127.71885520141826  0
17.740046753607817  20.704650889917435  -127.85002582694756  0
69.217006113428099  19.573893646912673  -111.01356960951665  0
-92.676733733064012  19.755905245806758  91.791500873700599  0
105.56331909421949  19.416244202960261  77.950568305283696  0
113.62938298940236  19.468221960830501  -65.355007163696484  0
-102.49699945535097  20.956595734268316  78.021254879851966  0
-125.14448175010477  23.56017364656611  -23.175759881906718  0
-127.41689712957545  23.134660080500566  -0.4854953467888099  0
-104.03336406935644  20.786322429981908  -76.254077471431586  0
81.546601404856034  20.383017407445461  -100.54535554207504  0
-121.24150189520057  23.589420043253892  -38.684898421507903  0
7.3752690434487471  21.371524592070521  128.22952424625754  0
117.22975058172204  21.459912866386698  52.307732168301158  0
-67.566560237073759  19.487434075548968  112.27046501634362  0
15.578270234762684  19.507872651104812  130.05274839151718  0
115.61727101770302  19.307772058953315  62.772988965843759  0
-13.719050525453698  20.439182768560173  -128.6566791370519  0
-38.554517986572883  21.560727189801032  122.36179436478542  0
-92.025536035543908  21.377283986568372  89.595164196323154  0
-16.070195516169498  22.797147755005589  126.54162735928834  0
-111.83249260102275  19.553559724901415  -67.977298699902818  0
-48.059433169130152  23.387973482661035  117.90888010046153  0
78.885512408352312  22.735735811270079  100.27588071547508  0
-107.98280562431309  23.288564910340643  -67.532350612029433  0
-24.60075277443925  20.464997932664254  126.99312011057937  0
37.758599369673966  20.994586694044116  123.11674692934254  0
-65.531211837604772  19.974895109369129  -112.33269218721981  0
-78.804624494700718  21.302452780392024  -101.49784928971251  0
104.39468277754418  20.620067717424337  76.069485156283449  0
65.443253196384546  23.055416641625378  109.36338445678146  0
-80.870412620549459  19.705286685301257  102.47352857125293  0
111.74925968561979  23.067671936297785  -61.270179411932638  0
-115.87212914073089  23.350276403566191  -52.811962636858162  0
110.9580518564979  21.511150649703566  64.47423091246398  0
45.271163279134257  23.031202145440542  119.1476311851995  0
103.68333959746815  23.25043653025071  -73.987357213180189  0
29.256744105909569  22.983423586137381  124.07511447658149  0
-126.99759115618616  21.980026912809745  15.985033893489327  0
51.162858540022086  20.151387530011704  119.2649674563088  0
92.62769843780616  20.812605137990726  -89.725184429089538  0
-127.60372737917569  21.373631350772062  -14.630457283645031  0
-10.371428805422466  23.770611287113219  -126.78911961542443  0
30.510866286100967  19.595009087093221  127.16719196880059  0
-78.256935248548828  19.528882034986935  -104.97013594333616  0
23.46410982875696  22.724628507119039  -125.41501216372141  0
-66.993793185174667  22.267632218880344  108.86416295818145  0
-129.23274706040976  19.703869316412522  18.4525164525446  0
-87.480939463666289  23.163485919964156  -92.62614079409596  0
81.687798418368885  19.588090781108843  102.14503186923041  0
-65.917269074876614  21.87859645490553  -109.79879853270853  0
41.192670406502465  20.515152098541282  -122.5552755676807  0
1.563023439172478  19.803762514240994  130.33985761966682  0
105.84773235968495  19.529737124440089  -77.062259030758867  0
-124.63115100283488  19.620032698360568  -39.43241043288559  0
2.3106866821997012  19.957108578308478  -130.0587821942907  0
-131.35032819799028  19.373075094654354  0.027039105094569162  0
89.422162053179974  21.296199866284503  92.287693486736487  0
-113.22472914342931  19.499069342275686  65.896369500727133  0
-58.930573863822502  23.644414252503228  -112.77905632806397  0
122.63211913624565  19.287908950187695  47.826012285414677  0
119.96551163463181  24.027713188414332  42.135641458600347  0
119.83464170067366  21.10392511428028  -46.868135512603004  0
-80.921498873852613  21.318882154582205  99.800497001510607  0
-103.38302408923836  19.36655160181558  81.055868029092082  0
-100.12999654290493  23.436896703289392  78.626276045940401  0
-10.825512121904527  19.307961443356412  -131.11231943874634  0
-67.236321709423365  20.693932117520152  110.19374890677861  0
-89.273590382073564  19.236282707890872  -96.992704007914824  0
86.757297252676594  23.972201616323598  92.970418772591941  0
-126.57576641600868  19.587143323566739  32.949091906887418  0
-120.1372222764454  20.842899688984915  46.791457371218257  0
-52.327208311912294  19.324101174379926  120.64531015015741  0
-109.56029476250933  20.90183867849958  67.848968401814489  0
-95.94859321025335  21.014017022405465  -85.863337673090555  0
-113.03693168119642  24.222067388506456  58.134823072176005  0
12.795387727912837  23.665685812245542  -126.59644150600946  0
-39.455091549228072  19.561064734919256  -124.76418064152583  0
-57.418366208468207  23.153577650015404  113.73917745886477  0
-70.554893715448586  24.274805638966832  105.71915749651198  0
-115.65414027588098  22.54818272266369  54.086829968932619  0
-121.2200317145555  24.067054848880453  38.349173361463599  0
-126.73252242769071  23.355192704413454  -12.405443288481973  0
59.392985868930936  21.903370144170172  -113.44218285619681  0
33.775331710555385  24.246945945365997  -122.53591989701316  0
58.978690336325691  19.382084838773974  -117.33432435066972  0
-116.39844765388764  21.471002842736194  -54.111616899614972  0
76.225736954075643  21.895494371223347  -102.89618732564442  0
-9.5408661509052362  20.88852470363577  128.52768890347255  0
88.202600665471593  24.03348971563911  -91.581182991347447  0
-27.799106743820232  24.01335236723801  124.0772287543528  0
57.352004099730955  21.912716885820878  114.48068511742082  0
102.06314696922637  24.251024736535943  75.754522086952875  0
35.112385355481905  21.928658189624709  -123.12402776010131  0
112.76842872272684  24.495397931356461  58.555406775008613  0
-33.575042038199825  24.197836046032073  -122.60056050750286  0
12.950863937131263  19.287446027418589  -130.99111433108573  0
79.78536194546659  20.938957994651016  101.15194336329215  0
121.71037248174579  21.716125980559756  40.201189552072329  0
-7.9490598808613449  24.203560399230515  126.86494172192742  0
78.682983049614919  19.410842045540321  -105.03762044204919  0
-85.866186466170589  23.877100557347983  93.824856466471729  0
96.875496304824495  21.037197259767396  84.782728683740274  0
104.28117311793216  22.281890470725408  73.911774449834539  0
-30.910464956375463  19.237361112158283  128.14349642524596  0
-26.257032566711391  22.083739441342967  125.21129698168414  0
-93.184783305651166  23.091039702046469  86.926346400010019  0
-75.693779349574285  23.035469971471652  102.54584853134254  0
52.865461827772918  24.134736423476983  115.61401844739625  0
-5.1388682105776713  22.387010508017003  127.65693999853215  0
-37.959067622906808  23.503773416856202  121.49808867278637  0
80.482833184077251  23.71463860741552  -98.536346629163134  0
2.3866696255254451  23.466017372208565  -127.27930221902724  0
47.548138641641351  21.439394535997522  119.25717499860775  0
67.204354265754247  22.644404371563173  -108.50230813631195  0
-102.05566488308686  24.267578104202133  -75.759530358517978  0
29.936226967786098  20.674521964497455  -125.58966972764699  0
-11.352547137433277  21.911368169238074  -127.53990099588754  0
-26.980281600487846  20.806143221080543  -126.11228158525537  0
61.351172924132221  20.521311971919285  113.80136405885312  0
116.22930822928265  23.040975129903082  52.300907347068865  0
108.88410146929813  23.505371132627793  65.9302783524044  0
4.060511777059828  23.692681954344273  127.16901794208142  0
117.23459676499516  20.143803883594167  55.684083155421568  0
72.299122921305141  24.332684945844441  104.52172713063467  0
112.77295444145464  22.78505942414316  59.621180431344513  0
127.89027518822978  19.831275717329795  -29.167023355504696  0
126.44335530244662  20.542690044246811  -29.04936095339265  0
126.82400407165987  23.805461434294738  -26.223882655519777  0
127.86993922676798  22.491884781895369  -26.350108682860778  0
128.30855415570375  24.154665588259277  -25.641325852780451  0
127.39145726594579  21.211825659474112  -27.475440873346709  0
124.47250372968477  23.507110072213852  -28.386707789347017  0
125.39332123104815  21.764906838505894  -28.568872309134818  0
125.8330198645527  22.961278139464682  -27.187385219848188  0
125.25877842298608  102.37175814354839  -27.037647752623343  0
127.55503862924861  55.284900601741853  -25.710076449657997  0
127.6238994459688  115.00922656097393  -25.688162247653089  0
125.12380285961525  47.333437758500509  -27.163165833526882  0
126.65560648698714  36.992150326144113  -26.080271456788481  0
127.57224756306532  76.035949274902123  -25.704518933161403  0
127.67555107445789  96.255140646863055  -25.672288607376586  0
125.33728831637372  87.959276042795821  -26.967905697010391  0
125.30678732340822  62.767646838792629  -26.994724921919392  0
124.91088833778997  114.28033408796739  -27.376926130303843  0
124.88923559472374  75.185495448771206  -27.399836923420871  0
126.21233348487931  151.6654361925012  -25.848360288581272  0
127.46832695279079  139.07289909508364  -25.665705977314133  0
90.551154576679551  275.05749378448309  -25.85106075528499  0
105.92685731648533  235.52911659402511  -27.119525435195214  0
123.52074974183444  168.97492180668323  -26.266058475587066  0
120.86647117486774  179.02281139586839  -27.107665198258793  0
123.39173659224218  159.39381183760744  -27.22625338647056  0
111.26366797102565  225.47345937130717  -25.952459147301109  0
124.18788164772633  145.68761710430454  -27.561605089380066  0
125.69081226041629  135.98201520261193  -26.586990907585722  0
97.317539092346749  261.39036807246123  -25.858031256335316  0
104.91375789746149  243.36815539662862  -25.916213136015038  0
117.37700758296728  198.61930782614706  -26.752571235923689  0
120.39575350174897  188.04322444558974  -26.255485964069873  0
84.323219716998835  286.12627900832058  -25.890761240993807  0
115.44414000066973  211.84323047764525  -25.923448543210274  0
99.962436989374737  250.6755416352101  -27.094968862460291  0
124.11471579731602  133.56627816261246  -28.30127393304647  0
83.079302256181563  283.52598118715707  -27.61955658716893  0
112.62378851368356  213.43177169112124  -27.60392840859409  0
108.93029958610788  225.01208003370579  -27.77482086713659  0
89.304713682627437  272.25079918370852  -27.542197115895018  0
94.34718624562754  261.95622484844512  -27.610156627540224  0
35.401613206165138  75.752301165392041  -121.96608455796667  0
-124.88826518916078  76.21916922607835  23.063417310577705  0
-91.09917631603706  76.117409172512183  -88.486948611304214  0
-88.234896674678595  76.278502512769592  91.34332492748878  0
5.3982097772133155  76.395975581868967  -126.88522109056356  0
115.75278532445607  59.7099958786659  52.25220272515206  0
61.504189188316637  73.620338435453448  111.11361173271146  0
86.021693721361601  60.327792025390167  93.430552868471565  0
-111.63789716191116  76.296947711073528  60.547336169864245  0
36.483478244807856  76.267621682016653  121.64684876790122  0
-60.738080437560733  75.980350607328845  -111.53423503463142  0
80.458150680389153  59.125158362852353  -98.262332503822606  0
60.9632317264074  78.057363701169137  -111.41132966387374  0
7.2644758944237182  76.469903303648024  126.79206359224278  0
-125.80752228990036  76.185805776804457  -17.362814727924263  0
99.331061618564519  60.256424231742827  -79.134949281142156  0
-27.447991247630778  76.049628543262671  -123.99841844342203  0
-113.97279873982917  76.1645811332953  -56.028574383169804  0
-24.858505168926122  75.841364766193294  124.54338489364449  0
85.280994822681592  92.148651469017935  -94.107130027717645  0
-57.904701879656585  76.111896974151165  113.03117048066032  0
80.227798281919618  92.990449632451885  98.45049711827572  0
113.70808191776132  92.740248078327838  56.563876339795542  0
113.74348928790562  59.599352248998194  -56.4926423936082  0
103.49387920939836  92.214146021089064  -73.607180126604931  0
103.90712985064037  60.118363965116387  73.022656526602475  0
99.210469932532177  91.99562579496191  79.286081097290506  0
115.54888060841836  92.730665289020521  -52.701576732973372  0
-240.58789196830347  434.28942989116894  49.892174393342842  0
-239.97723890859507  229.71419554883994  91.775010416031463  0
-237.00122959115481  274.50774710386122  119.50174137189151  0
-237.00122959115353  360.49225289613827  119.5017413718917  0
-224.5558387335181  317.50000000000244  127  0
-240.58789196830401  200.71057010883135  49.89217439334351  0
-239.97723890859547  405.28580445116006  91.775010416031492  0
-240.71604535597535  193.09736075199055  25.553538857262446  0
-241.61088408705822  213.0323179607374  72.218442307651088  0
-242.50431245052175  250.40516682221087  107.82988157669769  0
-250.48786776386763  299.20469952339829  125.67530378109639  0
-241.61088408705882  421.96768203926274  72.218442307650875  0
-240.71604535597479  441.90263924800945  25.553538857262261  0
-250.48786776387155  335.79530047660251  125.67530378109626  0
-242.50431245052147  384.59483317778898  107.82988157669779  0
-239.88431417563069  434.76513412512747  -48.763596243672033  0
-238.97894850534846  269.74282722964995  -117.67859809235891  0
-239.61259946074296  407.64649448596236  -89.457305637339402  0
-240.52905466696484  200.52894910079294  -49.46486886200254  0
-239.18799311434537  366.95512895413083  -116.97516924599978  0
-238.04031478830632  318.45219110703192  -126.99643039115584  0
-239.92529785946613  228.33072375950712  -90.431411438430359  0
-242.20783358605777  388.70524760082014  -105.16088966011034  0
-241.02671270083721  442.01721154465594  -24.989278283764101  0
-241.97840487362276  423.16234452179981  -70.458987717369851  0
-242.92205589147216  343.21722481872638  -124.36890426317619  0
-243.14805308166842  293.67072342940236  -124.74440098907031  0
-242.13967255074718  247.63995988040188  -106.05929848197252  0
-241.41237119934539  212.45811670828198  -71.380688946864964  0
-240.67686115679265  193.05698025166521  -25.356159723340465  0
-297.89871231258161  353.45966855547613  -125.72039797946522  0
-296.61786346199625  314.31631426139603  -128.84845326516285  0
-297.9835814921546  419.92369181726747  -81.61032412607851  0
-293.9888721731698  275.87571791173434  -120.28928020050724  0
-297.88107685382664  340.54960660444561  -128.67475439580394  0
-296.4970740994309  377.00267063021772  -114.19637588052203  0
-296.56415690263202  396.69056211193947  -101.62217940768291  0
-294.44000524632332  198.11639155522994  -44.612332186898591  0
-297.91221701003701  187.05627910033107  -9.5458143914278271  0
-294.43217182211544  208.62020698494581  -66.235238903843353  0
-298.22745452372772  448.52226060970202  -13.181224520932261  0
-295.99928458840037  240.28912062583265  -102.51426832493151  0
-296.63285492711333  198.31243022593088  -49.094898107180143  0
-296.17616976764833  437.26886182456889  -46.50572410162615  0
-294.93690885355556  202.94740702655224  -56.365428781199313  0
-294.59843201078843  231.16853031358906  -93.841510686469974  0
-296.56237161717462  215.53552365369944  -78.746450625587286  0
-294.56237673192032  412.66494276061826  -84.847416010477858  0
-295.84594954824883  444.4938772317501  -17.708388263752841  0
-293.77846327236227  361.48434228672414  -119.38087597423485  0
-297.91727672562092  381.27870159371383  -114.2014899682153  0
-296.53406757731142  208.22291167786909  -68.184440391692107  0
-298.00897729427504  190.88812282302871  -33.71846063959979  0
-293.7831565399361  258.4052392235381  -112.67010676117317  0
-297.98579608034987  262.71999051157343  -118.95982031990752  0
-296.61221124279348  194.10995428096015  -37.222078227508447  0
-294.51782228959905  305.09774061136341  -126.87358207683707  0
-294.31376156013175  444.62516648468045  -8.3390478828593064  0
-297.95124559982878  278.01291095383397  -124.78447307199566  0
-297.95282141626774  206.08524603601862  -68.688622213393245  0
-297.97132362981546  195.39075762400316  -47.247656016374769  0
-297.9101942267792  399.06461909379146  -102.23843988516548  0
-293.60276577541265  325.47090748498869  -126.93035105516631  0
-296.49028381106626  275.34744328914365  -121.66702977190535  0
-294.51920497101554  191.63663328988582  -20.230669721151138  0
-296.72275619949551  425.88184399393981  -69.953433754949387  0
-296.88675385622037  284.64846508461244  -124.9304265568185  0
-297.89590627942766  291.96902981308369  -128.23901090526721  0
-296.56035950389037  404.65087834583011  -94.878714467191742  0
-293.85677741043344  435.96352298640579  -46.45868145342552  0
-296.53825535095228  223.50712793378403  -88.073794592146058  0
-297.90634744629006  249.85160343614649  -111.92364772495712  0
-297.96455284781689  188.13620060881698  -20.093003199527345  0
-297.97442775437815  214.44765678968861  -80.778706868990852  0
-294.08171145790487  442.16262177185013  -25.862841313264312  0
-294.51852885297944  352.57524728005052  -122.55824365045858  0
-294.44228985345416  223.17010792037405  -85.701858655677199  0
-296.59187967224204  189.31711881634686  -13.2086021923192  0
-296.58986331812542  362.66528230092729  -120.68510946127451  0
-294.98724633174561  267.46376499747385  -117.48286577559431  0
-296.40637170583994  294.16010041253503  -126.54901239219603  0
-293.89669970287264  443.79905135327698  -15.605326269325055  0
-296.49769235289187  353.04950163018543  -123.76496213422151  0
-294.34926416867148  216.11303020351909  -77.16492542751611  0
-297.49786079133509  446.20399730737029  -18.349775759692101  0
-296.84512938637806  232.58590556041491  -97.284219404183204  0
-297.97039593094871  303.69062393005532  -130.19877043933107  0
-295.73085903602043  328.06168894330835  -127.70445116308569  0
-296.5677062592971  387.68600224379884  -108.0418546431804  0
-295.01875782167048  440.03618166052831  -35.984298673218916  0
-297.58328015960677  447.4206629501578  -7.6803458602610837  0
-294.64801705930228  316.05050575506323  -127.52539693617364  0
-297.88794770582399  390.28003375795242  -108.60713826885062  0
-294.64873640444858  388.34768860170186  -106.04486460800466  0
-297.93029866766841  316.74367191894936  -130.83184141791861  0
-296.48139132629774  258.04139549220434  -114.2024141448278  0
-296.55037325720207  191.38664808516251  -26.27041949088979  0
-294.30626290008689  190.5104209278025  -10.162931610144547  0
-297.86310210590329  237.97917402103431  -103.70471425356708  0
-294.20727547358894  293.79754880058226  -125.13482867213193  0
-298.02011088156246  428.79734941414381  -69.194435832325837  0
-294.19575219210918  194.26766799392388  -32.144898475910416  0
-295.62068427922219  432.08584670252452  -57.191113863294703  0
-296.96200344599862  266.87956569858687  -118.94171761460011  0
-297.55682635194842  328.47834617219422  -129.63859328824455  0
-297.73213277654008  440.17615041751509  -44.262810695279576  0
-296.56568237162293  442.62732208773923  -30.688017736295699  0
-293.95895691772944  379.17293741913284  -111.33817172714157  0
-297.9860409557611  444.4411331637159  -32.224143599309038  0
-294.33886693809785  419.05635676287477  -76.935355232838262  0
-293.80556121567065  242.54218038076203  -102.80879063904689  0
-294.3506686822119  396.87951462878607  -99.663291289579547  0
-294.25889168403489  338.99898263331283  -125.55084505588498  0
-297.71475678656515  200.90171912510442  -58.350963462211574  0
-296.37166274805651  341.45589513412267  -126.40149273272462  0
-296.68158253175255  247.87715985801157  -108.54305696797418  0
-297.73547809527417  434.83381689434782  -56.948114495387046  0
-294.520398172981  405.36873823756099  -92.358417628678126  0
-297.93484507302088  369.85143703066063  -119.91510988845857  0
-296.71502679634011  412.19453658473219  -87.583891693018344  0
-296.61637206285246  419.29648331826036  -79.051544196481245  0
-294.85239938651864  370.06406531584702  -116.30048343329099  0
-295.02643644197792  283.98292125674124  -123.23801277397101  0
-296.24224747743659  445.81096787511865  -7.6206388722661478  0
-294.74706354610743  250.53228777751906  -108.58858639418509  0
-294.47254887222596  426.14932720222311  -66.643414875915596  0
-297.93233334535506  225.64248522540913  -93.171749464030228  0
-297.94750426333627  408.50982426880313  -94.049395643829897  0
-296.63384186635062  304.04448299515434  -128.19982168946669  0
-298.44999999999999  469.45970071455429  -16.297144700739274  0
-298.44999999999999  382.91145028575579  132.88688248513509  0
-298.44999999999999  239.30240042122139  120.51801321011148  0
-298.44999999999999  191.24529860828056  -57.443584163484715  0
-298.44999999999999  179.58388784492894  -3.2681247421884763  0
-298.44999999999999  252.45063433408475  -126.32355975052104  0
-298.44999999999999  392.6944775617377  -118.41572311605415  0
-298.44999999999999  377.42545495932842  -140.87459697178812  0
-298.44999999999999  446.38178191844713  -80.66714306829931  0
-298.44999999999999  387.61843361225698  -133.84164901593917  0
-298.44999999999999  308.43705892105567  -138.69716171972618  0
-298.44999999999999  183.53425182914646  70.524413815401061  0
-298.44999999999999  381.66027270158747  -135.54249031055852  0
-298.44999999999999  199.5664797882005  -72.35419536177676  0
-298.44999999999999  164.01260425807638  14.377673138713382  0
-298.44999999999999  322.49209800961466  151.92865042916247  0
-298.44999999999999  323.52449879558645  -150.83641834356243  0
-298.44999999999999  310.99010498700471  150.95313882740962  0
-298.44999999999999  385.95093084153814  134.15753592232895  0
-298.44999999999999  459.47114322251218  56.974250307153433  0
-298.44999999999999  174.2497940540066  8.659656120918255  0
-298.44999999999999  332.76384679050517  -138.69645589848469  0
-298.44999999999999  374.57652289865462  127.71915911398773  0
-298.44999999999999  378.37887707050947  132.23038162237427  0
-298.44999999999999  391.82796500257507  118.61435668333422  0
-298.44999999999999  407.30462420965546  122.06872607851307  0
-298.44999999999999  251.45078148296668  -121.12064264847125  0
-298.44999999999999  189.69140181178179  81.394150863730403  0
-298.44999999999999  328.87249198967453  153.67175417886952  0
-298.44999999999999  457.93807552653425  -38.1586317449445  0
-298.44999999999999  326.77654944617683  137.04422674628262  0
-298.44999999999999  236.10786115285757  -122.31185081248994  0
-298.44999999999999  407.54377689296774  -122.5725709276899  0
-298.44999999999999  319.03489350862895  -153.87868622546907  0
-298.44999999999999  233.70095646220742  -124.41404278539507  0
-298.44999999999999  382.42169777270675  130.15689675818427  0
-298.44999999999999  237.66516469527753  -131.79665540017484  0
-298.44999999999999  178.97629142657468  9.5133036606361525  0
-298.44999999999999  326.01139033928274  -144.84041066207394  0
-298.44999999999999  182.7927115878648  -66.97585810709397  0
-298.44999999999999  186.71716500434505  -83.714142882956793  0
-298.44999999999999  196.67194213293803  79.113130603373207  0
-298.44999999999999  162.95462967262952  -0.097348229664511274  0
-298.44999999999999  446.13436421029928  -83.860990598738709  0
-298.44999999999999  447.74858304449748  65.856575761486596  0
-298.44999999999999  308.09144760764877  137.06041249458715  0
-298.44999999999999  182.74661987620451  63.356348627097226  0
-298.44999999999999  236.81661055841525  -124.96985455115497  0
-298.44999999999999  439.54064014535771  -79.406821308012226  0
-298.44999999999999  439.19579462914567  80.852187935396344  0
-298.44999999999999  195.75130547119954  65.293715864331162  0
-298.44999999999999  451.2831965872648  -71.578771894929886  0
-298.44999999999999  184.64059354030601  -65.151303567089755  0
-298.44999999999999  328.2986684213015  -141.56670254432478  0
-298.44999999999999  166.95108158508768  20.680452277645191  0
-298.44999999999999  431.4115843524973  -92.891548059750562  0
-298.44999999999999  317.57497748970133  154.05577078724954  0
-298.44999999999999  179.97897862286712  69.774959339097606  0
-298.44999999999999  234.52235338349334  122.34177357343795  0
-298.44999999999999  324.47899717168127  153.85506114927256  0
-298.44999999999999  379.24885097368661  126.71211495623842  0
-298.44999999999999  166.39744883219706  6.6944014623471375  0
-298.44999999999999  179.35441926608851  -0.14878379850942761  0
-298.44999999999999  165.69916194225604  -17.289946380342226  0
-298.44999999999999  327.85322596364415  145.84648397790184  0
-298.44999999999999  171.59453828544233  7.9144466684414265  0
-298.44999999999999  324.94647921940492  -147.34846428338037  0
-298.44999999999999  189.81019104159247  -65.606954131413602  0
-298.44999999999999  456.19933410896522  -15.435960410554689  0
-298.44999999999999  395.69181759151775  -116.89896310859547  0
-298.44999999999999  467.38802242430285  -6.984764712719385  0
-298.44999999999999  199.86343459080277  -79.680923117638756  0
-298.44999999999999  382.24465462204392  -121.02792786985805  0
-298.44999999999999  185.89813819928094  -61.064829443074473  0
-298.44999999999999  314.55901093617553  -154.42038120695312  0
-298.44999999999999  389.48544506844496  116.51353426339311  0
-298.44999999999999  398.11549884115254  116.53449401542409  0
-298.44999999999999  409.64457780445861  -112.99429497118562  0
-298.44999999999999  451.60363339725092  -75.59371188907528  0
-298.44999999999999  441.31886850007436  -88.145128725568384  0
-298.44999999999999  461.88070004539986  -8.6024726967686469  0
-298.44999999999999  384.62742974943239  -138.85409389187518  0
-298.44999999999999  290.01118979732649  142.94004892949633  0
-298.44999999999999  397.72285601248581  120.25363238315099  0
-298.44999999999999  384.88293316763441  -132.58179725293806  0
-298.44999999999999  376.4898757959628  -133.86456828374227  0
-298.44999999999999  255.10793043440648  -139.48877234416315  0
-298.44999999999999  325.35541458577086  148.07485960730673  0
-298.44999999999999  235.62714719632083  -112.62055390495573  0
-298.44999999999999  327.80470836902526  -148.34961924429285  0
-298.44999999999999  237.51287914972352  129.0458301171038  0
-298.44999999999999  193.47474941654781  60.071441407393905  0
-298.44999999999999  299.74672040667701  150.62643352562745  0
-298.44999999999999  449.52557783455029  -77.751207768736862  0
-298.44999999999999  204.8978859883664  -82.696853386537455  0
-298.44999999999999  180.47717287943348  -69.386156004637726  0
-298.44999999999999  305.58388813086515  148.39444047314123  0
-298.44999999999999  293.55155764196991  -143.82826822651199  0
-298.44999999999999  399.4915647715498  -113.34409465071911  0
-298.44999999999999  448.67920026580634  -81.470516022768308  0
-298.44999999999999  241.09921558189694  119.06283729722982  0
-298.44999999999999  177.21494564155964  -5.3339179329112785  0
-298.44999999999999  193.55139390605368  -63.019809426004322  0
-298.44999999999999  442.0674284823628  81.029463266244207  0
-298.44999999999999  467.05426507972425  9.9489853725616779  0
-298.44999999999999  454.31456195167328  46.340043239770523  0
-298.44999999999999  247.32565303721753  136.92979384050804  0
-298.44999999999999  451.49248819923338  -77.22468209005541  0
-298.44999999999999  182.00793764592999  -52.711916396443215  0
-298.44999999999999  447.93440171898175  -79.625796220889555  0
-298.44999999999999  243.71304789714705  -118.30095383643592  0
-298.44999999999999  179.47599944053684  -7.3649747630002915  0
-298.44999999999999  402.3003343156966  -118.95021153552786  0
-298.44999999999999  333.21148639394892  -150.81714760309123  0
-298.44999999999999  445.72255368566681  80.775194206670577  0
-298.44999999999999  174.4700071390549  -8.9131538977821645  0
-298.44999999999999  241.23236160929122  133.47009163796426  0
-298.44999999999999  378.33504838951359  -129.42740560655426  0
-298.44999999999999  307.58031311941301  140.23981476994055  0
-298.44999999999999  237.77052690253697  122.53020307666345  0
-298.44999999999999  463.66923404246  -7.4875659697268517  0
-298.44999999999999  470.72715527508882  -8.4502839061994486  0
-298.44999999999999  201.12753972097636  72.439357453644178  0
-298.44999999999999  187.62285733536694  -65.137444359395161  0
-298.44999999999999  454.76352919043501  67.730215049044631  0
-298.44999999999999  451.44847929817882  -66.754109795739083  0
-298.44999999999999  466.59390641499124  -10.465055712923151  0
-298.44999999999999  438.03379060653742  78.667788218512953  0
-298.44999999999999  166.2187860397311  10.412095591542121  0
-298.44999999999999  391.70723634757144  133.6617396367038  0
-298.44999999999999  242.20109515756377  116.32102107397108  0
-298.44999999999999  448.166743250894  80.234003839761982  0
-298.44999999999999  179.35457452284805  65.45641599231341  0
-298.44999999999999  468.97630036168869  -5.7309333263902822  0
-298.44999999999999  454.82860495436637  -2.0851615592976329  0
-298.44999999999999  449.4822515225394  -68.318412495450104  0
-298.44999999999999  312.53855992897655  -140.06850839052808  0
-298.44999999999999  199.26514825523114  -84.400454999658109  0
-298.44999999999999  471.66152804687437  -2.2574006675286227  0
-298.44999999999999  202.65343378128071  77.07128427144518  0
-298.44999999999999  186.43415992081341  -66.760328783886365  0
-298.44999999999999  443.46191697319699  -60.682098723225927  0
-298.44999999999999  300.13211850192607  -151.10092887523828  0
-298.44999999999999  251.8194881164404  -134.2342911208286  0
-298.44999999999999  193.49395826552654  -65.9463995398348  0
-298.44999999999999  440.33951308699267  -66.653252654097201  0
-298.44999999999999  438.9476892121192  -64.531269234912273  0
-298.44999999999999  183.73348415860653  -69.347166817508509  0
-298.44999999999999  167.09341339897293  -7.9398396063527592  0
-298.44999999999999  258.56550999874986  137.99208219595181  0
-298.44999999999999  192.67247847917403  -83.41684297890481  0
-298.44999999999999  248.53071198561364  -133.59433720626512  0
-298.44999999999999  322.00487085392791  -154.83748096067066  0
-298.44999999999999  353.75817728348909  -141.1406160552641  0
-298.44999999999999  196.21717685817848  91.775490481854362  0
-298.44999999999999  325.73730815646604  143.79572728758211  0
-298.44999999999999  456.2998105472642  15.29121605802667  0
-298.44999999999999  435.37245055648179  -71.779036701816992  0
-298.44999999999999  248.8791977090016  -136.64064422844868  0
-298.44999999999999  317.01835463514874  -154.34770783003509  0
-298.44999999999999  309.38124681925393  149.44121943776105  0
-298.44999999999999  451.55175136244333  70.246501871069299  0
-298.44999999999999  454.14831664635602  62.5696448393726  0
-298.44999999999999  401.57230293024941  -123.83625891026227  0
-298.44999999999999  450.93304599589919  -69.626682699874735  0
-298.44999999999999  183.30530077283214  67.772389863538706  0
-298.44999999999999  194.65765723096746  85.68563765291988  0
-298.44999999999999  444.24925089473294  64.843912705692503  0
-298.44999999999999  168.48550169201502  13.842153696584756  0
-298.44999999999999  439.83519524328813  61.01133097442132  0
-298.44999999999999  400.95504350114004  122.10553001278747  0
-298.44999999999999  387.27510596018402  137.80029472788991  0
-298.44999999999999  309.86569420705274  -145.9535289490735  0
-298.44999999999999  326.6187597334843  -137.72908594823218  0
-298.44999999999999  382.76009319983319  -126.09887780164686  0
-298.44999999999999  326.92699497321695  140.79803391159339  0
-298.44999999999999  238.00919655642306  131.92601394949315  0
-298.44999999999999  389.7369488536753  -117.08636959853013  0
-298.44999999999999  445.56343371263824  -65.075038617477077  0
-298.44999999999999  448.19802968534106  -66.497146284498683  0
-298.44999999999999  438.21986310093268  65.297699508789833  0
-298.44999999999999  436.50612888020646  -74.545047680118557  0
-298.44999999999999  435.14606128636535  80.562623860580757  0
-298.44999999999999  471.24728157907236  8.6625168864438553  0
-298.44999999999999  320.76090596357506  154.15044464144694  0
-298.44999999999999  198.20713683229246  77.178650911068246  0
-298.44999999999999  455.24695366982735  9.731291463414097  0
-298.44999999999999  301.69188228251789  144.87261234052255  0
-298.44999999999999  301.99340417941733  138.8932184645214  0
-298.44999999999999  370.16107162510724  135.94475801872932  0
-298.44999999999999  341.26447442318238  142.1862145875067  0
-298.44999999999999  412.566497965005  110.04960043648859  0
-298.44999999999999  461.40163430848884  23.576389778281367  0
-298.44999999999999  240.5936914185522  -133.34252428667361  0
-298.44999999999999  192.91827572899371  81.336263873901601  0
-298.44999999999999  248.74653189081371  134.30994957338763  0
-298.44999999999999  452.00110268521843  57.016831457036872  0
-298.44999999999999  397.9459080427082  -122.18063242159447  0
-298.44999999999999  164.77730264836589  -10.479037499047436  0
-298.44999999999999  234.9580021962685  112.05849335281501  0
-298.44999999999999  236.78524620522609  124.84349894755621  0
-298.44999999999999  470.65496274547877  -4.2309491061032025  0
-298.44999999999999  447.70473235169277  59.415031765969076  0
-298.44999999999999  194.73953865352581  79.6512598861366  0
-298.44999999999999  461.24495208307127  -24.146359428896762  0
-298.44999999999999  331.41462090318817  -144.68955108442634  0
-298.44999999999999  311.05336050975836  -141.80503355672616  0
-298.44999999999999  460.01264564190035  -7.0207159036161251  0
-298.44999999999999  389.30404669404572  134.25336953237579  0
-298.44999999999999  313.384630292162  137.32575727981782  0
-298.44999999999999  398.41155067903969  131.48940921012209  0
-298.44999999999999  185.74430333311534  79.18507039903362  0
-298.44999999999999  272.01731175123916  138.25266900237358  0
-298.44999999999999  179.14810227792603  2.3096025164613647  0
-298.44999999999999  401.9516132980213  125.4097099555446  0
-298.44999999999999  172.75744613338418  17.625734743637047  0
-298.44999999999999  437.0205670733414  -69.230693336810702  0
-298.44999999999999  305.38395994767654  -149.21171584047951  0
-298.44999999999999  472.16527820017973  0.016072039087034581  0
-298.44999999999999  189.70587599656994  -81.525477814477767  0
-298.44999999999999  385.33779609339871  -120.46911485731532  0
-298.44999999999999  165.32874165243763  -7.3238606508667248  0
-298.44999999999999  234.51046684800286  -117.91814635708776  0
-298.44999999999999  305.52976408038154  -153.5685478733387  0
-298.44999999999999  262.79073955574461  130.00861479658434  0
-298.44999999999999  400.86666173236028  111.64753962822033  0
-298.44999999999999  241.53597594456426  -118.91561869960752  0
-298.44999999999999  191.64074205847643  -65.15307804309009  0
-298.44999999999999  252.61486673770813  134.10340136977797  0
-298.44999999999999  394.71067411098483  119.02723059159837  0
-298.44999999999999  433.68152693175972  -75.460293760152922  0
-298.44999999999999  256.00270074088257  -124.07626017993576  0
-298.44999999999999  454.29658144518987  72.061162387287084  0
-298.44999999999999  458.8623694226041  34.672677183065986  0
-298.44999999999999  301.65967699765611  -139.0835540304266  0
-298.44999999999999  385.45863595747903  131.99679907681553  0
-298.44999999999999  163.75206616589745  2.5708244143424377  0
-298.44999999999999  309.14755036504909  -153.5079412774767  0
-298.44999999999999  306.96054513882899  -145.77133399700199  0
-298.44999999999999  468.235216587889  6.3455083863328809  0
-298.44999999999999  471.65149242288453  2.3156202085526836  0
-298.44999999999999  420.1235258675863  -103.63093806976546  0
-298.44999999999999  469.62608402403242  16.079715997952082  0
-298.44999999999999  169.06321677734454  8.4931462495185226  0
-298.44999999999999  448.66215588761224  -78.643890632391148  0
-298.44999999999999  377.92455834368872  123.85954436577234  0
-298.44999999999999  394.42035448607157  114.58673309810744  0
-298.44999999999999  175.44626160597949  -6.45109210553208  0
-298.44999999999999  454.06450999953495  -70.336158332971792  0
-298.44999999999999  252.79386844651228  127.93556807821251  0
-298.44999999999999  387.80236318759268  -136.72990937628603  0
-298.44999999999999  165.19136893552161  -5.1573195199375537  0
-298.44999999999999  401.11070393136742  128.86353957154722  0
-298.44999999999999  459.03360370270906  10.602543882730112  0
-298.44999999999999  382.81422385380489  -124.0373677722219  0
-298.44999999999999  236.16141004246279  -126.79385887445022  0
-298.44999999999999  198.50248695885512  72.826354451660066  0
-298.44999999999999  394.71435115464448  -119.74103081383757  0
-298.44999999999999  162.86022612671997  -7.1185874691212163  0
-298.44999999999999  446.50846296301853  54.183311180024823  0
-298.44999999999999  329.33587569779138  149.19974661674655  0
-298.44999999999999  470.60828403596457  4.3785838810364019  0
-298.44999999999999  192.01301486185454  64.574165282441911  0
-298.44999999999999  387.02442590078294  119.2679107823035  0
-298.44999999999999  164.11828404764745  4.8851473716087614  0
-298.44999999999999  163.77638481767971  -3.2880377982297113  0
-298.44999999999999  398.18033583136724  -124.86772334116749  0
-298.44999999999999  172.12983414147701  -13.905596377788216  0
-298.44999999999999  179.98861719597895  -63.182868149659768  0
-298.44999999999999  397.96830983638029  -129.01170370019042  0
-298.44999999999999  199.77331290986098  80.810118488499967  0
-298.44999999999999  309.26912325814362  147.07549816822615  0
-298.44999999999999  382.32247375418905  127.69765776691169  0
-298.44999999999999  430.61548475105599  -80.650607922668996  0
-298.44999999999999  450.68350159213969  -79.38573394787592  0
-298.44999999999999  233.17671283267183  117.88235426809864  0
-298.44999999999999  373.01006880431714  -128.57929707316177  0
-298.44999999999999  397.68318488931197  -118.69249631962175  0
-298.44999999999999  188.97204135743817  85.09227851493344  0
-298.44999999999999  456.53645454758345  -63.179342330190899  0
-298.44999999999999  189.31626007440636  65.057158149648927  0
-298.44999999999999  324.85494918541275  -149.47612449532488  0
-298.44999999999999  175.067125457976  29.472220231705652  0
-298.44999999999999  379.37998242329024  128.91613870329678  0
-298.44999999999999  242.47857099888461  -134.30000311048303  0
-298.44999999999999  193.68488982260632  -80.648505547395928  0
-298.44999999999999  325.02782109903774  145.98212906354541  0
-298.44999999999999  384.02931267625956  120.49996101069938  0
-298.44999999999999  447.02694287400033  84.073180308529928  0
-298.44999999999999  444.36344365160028  -80.749941279910757  0
-298.44999999999999  189.20155626280351  60.972361544854927  0
-298.44999999999999  398.46970646929623  124.80897818960969  0
-298.44999999999999  319.39538572694534  -138.43515487633593  0
-298.44999999999999  244.04129026861122  135.75112927190625  0
-298.44999999999999  169.1116339054322  -7.5343631012763206  0
-298.44999999999999  313.34255740142163  -137.06860369729969  0
-298.44999999999999  398.84303466678659  127.01368994439703  0
-298.44999999999999  394.10240854857523  133.57443485153917  0
-298.44999999999999  256.86004023323483  -132.88796903182197  0
-298.44999999999999  384.26044395970388  -122.59558790201693  0
-298.44999999999999  231.83585932460736  -120.41783163176174  0
-298.44999999999999  228.26713787631891  -123.51042719253928  0
-298.44999999999999  455.70289764864668  -5.4682443139123853  0
-298.44999999999999  400.85664114690945  -129.55505668652901  0
-298.44999999999999  393.29322664795461  -134.59505348257281  0
-298.44999999999999  236.54636761761671  127.17704114135397  0
-298.44999999999999  251.5261340645221  130.59202181820694  0
-298.44999999999999  462.78981463969535  13.154182223812677  0
-298.44999999999999  236.60496036991739  120.04711525661544  0
-298.44999999999999  438.06045632165939  -67.35893992583982  0
-298.44999999999999  316.51480470568214  137.90452454407688  0
-298.44999999999999  385.29835232854589  -135.51067261790448  0
-298.44999999999999  309.23452893148391  -143.35205320337042  0
-298.44999999999999  195.45085750567554  -83.269180924783015  0
-298.44999999999999  177.05727103566858  59.009101659078581  0
-298.44999999999999  450.6286664726756  77.775712039797085  0
-298.44999999999999  197.93329109652345  69.103671976532993  0
-298.44999999999999  251.82662703490737  -124.0795629618698  0
-298.44999999999999  255.92511352460517  131.16078604531648  0
-298.44999999999999  197.89224400918519  -69.134585455176406  0
-298.44999999999999  340.40488521092573  -143.80832616618662  0
-298.44999999999999  166.64348223792194  -5.8317596080409126  0
-298.44999999999999  256.52978242972006  122.56086147175463  0
-298.44999999999999  238.5755685138696  -117.50681774566938  0
-298.44999999999999  233.79060218152219  125.81204627299158  0
-298.44999999999999  251.26474852888936  138.45693656623209  0
-298.44999999999999  184.37489282118747  58.041522649343484  0
-298.44999999999999  449.52854694946069  -62.472835328388378  0
-298.44999999999999  429.31979781523768  83.724325391313428  0
-298.44999999999999  239.88680519146862  113.02363702134289  0
-298.44999999999999  203.03128823045603  -76.940244167493645  0
-298.44999999999999  436.780299571201  76.976978973192786  0
-298.44999999999999  182.64322585236121  72.921238567675616  0
-298.44999999999999  381.22123605331882  -131.65745649244278  0
-298.44999999999999  308.07639252754768  -151.14117578103995  0
-298.44999999999999  198.60897739740432  -76.035981811136907  0
-298.44999999999999  191.50908526033797  84.379380815220742  0
-298.44999999999999  456.32224857004258  4.9367858320415348  0
-298.44999999999999  322.50507610326605  -139.73426576693487  0
-298.44999999999999  205.1779886428389  83.287515821680813  0
-298.44999999999999  435.09897441633859  86.371094883858234  0
-298.44999999999999  404.10588530845712  -127.37181032266092  0
-298.44999999999999  402.90727034717349  117.12085491666646  0
-298.44999999999999  189.49464081613036  54.673860361700306  0
-298.44999999999999  237.09383651996046  -128.83216203896941  0
-298.44999999999999  196.35193608549005  -66.230578795186403  0
-298.44999999999999  306.45716240774294  145.56108879159441  0
-298.44999999999999  452.27771867986309  -73.641674039911152  0
-298.44999999999999  234.86710885515006  129.35215470544782  0
-298.44999999999999  302.21162275234462  -145.23585054678679  0
-298.44999999999999  382.06926411156087  125.31851679234676  0
-298.44999999999999  326.5158852941961  -152.90336161902826  0
-298.44999999999999  367.22960693883988  -137.19593297432951  0
-298.44999999999999  393.9241010995429  -114.25612675277884  0
-298.44999999999999  191.28407812471229  88.449809087665884  0
-298.44999999999999  171.91238312923329  11.554558587510096  0
-298.44999999999999  255.06340988702584  -128.37252813373462  0
-298.44999999999999  245.77123490812437  -116.49855363730336  0
-298.44999999999999  324.63005926264077  -141.80648212155123  0
-298.44999999999999  232.96505318059138  -128.39642047273409  0
-298.44999999999999  241.32959534457288  -114.8052978795877  0
-298.44999999999999  332.33754900065986  138.91248907620007  0
-298.44999999999999  238.32459783857567  -120.72812970691021  0
-298.44999999999999  190.11238489133561  -86.691225320075333  0
-298.44999999999999  399.46061242279313  -126.96989063779461  0
-298.44999999999999  309.48254012617224  -148.45463237683836  0
-298.44999999999999  257.34282611822698  126.36956335273257  0
-298.44999999999999  436.60658311102196  72.400895479006692  0
-298.44999999999999  243.23017281243199  119.03961271185914  0
-298.44999999999999  383.91351209945202  -130.23699569433438  0
-298.44999999999999  397.93248797515884  128.88516765380294  0
-298.44999999999999  245.83421586332517  117.95625756190427  0
-298.44999999999999  215.18026024496888  103.71461923035291  0
-298.44999999999999  437.03249180036141  68.759496093521193  0
-298.44999999999999  458.9579888400234  -10.230231786845179  0
-298.44999999999999  320.97181286525466  -152.59083819042073  0
-298.44999999999999  244.70103083139213  -136.34012734177836  0
-298.44999999999999  391.94158370699932  136.1153273436741  0
-298.44999999999999  398.30826823491719  -131.60903610592163  0
-298.44999999999999  203.76393957613271  -92.931130174349818  0
-298.44999999999999  390.24028424830675  -134.84595760979215  0
-298.44999999999999  186.61597949324394  -80.073270153354215  0
-298.44999999999999  249.71878171945457  132.13993909907521  0
-298.44999999999999  381.94940601537093  122.68777141998007  0
-298.44999999999999  183.48617368511182  -71.25985088444564  0
-298.44999999999999  252.30890127465943  121.03328726199828  0
-298.44999999999999  434.50080310000084  71.80570792595708  0
-298.44999999999999  311.59180105352459  153.19064297476152  0
-298.44999999999999  310.13817905044721  142.36183101772579  0
-298.44999999999999  322.0443462259467  136.84641472018609  0
-298.44999999999999  325.11859063185437  150.87931160025298  0
-298.44999999999999  185.88206338458616  66.438503449069614  0
-298.44999999999999  405.11817058132573  127.52564381968529  0
-298.44999999999999  199.10294787746031  74.804303056757178  0
-298.44999999999999  175.33701516890858  12.930079308533502  0
-298.44999999999999  466.11498564119842  7.0603343193834212  0
-298.44999999999999  228.96798347397765  122.99431045879378  0
-298.44999999999999  179.03101975610852  -13.094234374943296  0
-298.44999999999999  185.1615449214539  -67.869211745387915  0
-298.44999999999999  238.19290482143808  116.98950135224423  0
-298.44999999999999  225.70992683947347  112.88809035047493  0
-298.44999999999999  183.56142572265517  76.377518765550064  0
-298.44999999999999  248.10356643799295  -119.34967864369517  0
-298.44999999999999  439.56295279554928  91.895463416964958  0
-298.44999999999999  177.1458781093078  -8.2154879599709005  0
-298.44999999999999  322.91146325489422  -152.41031967271414  0
-298.44999999999999  446.52502713035744  63.087404183618141  0
-298.44999999999999  436.2314011863869  74.338443453968409  0
-298.44999999999999  181.22326146719541  46.815545579573772  0
-298.44999999999999  199.62822565018516  86.165452996760976  0
-298.44999999999999  266.20925297049382  -136.54887697697254  0
-298.44999999999999  205.61854799916  93.437670017181176  0
-298.44999999999999  378.88406283933  -124.75844320218202  0
-298.44999999999999  306.84427169892984  152.73325397539972  0
-298.44999999999999  189.95323717937745  -62.890463638797755  0
-298.44999999999999  436.57980294653737  -77.754572907440249  0
-298.44999999999999  231.08443029192804  128.28855288302691  0
-298.44999999999999  318.96436382167389  138.14953781473551  0
-298.44999999999999  279.99555031388132  -140.81891084314074  0
-298.44999999999999  215.06395168293596  -103.76326334860067  0
-298.44999999999999  389.42792800689188  119.22299620820112  0
-298.44999999999999  443.68556016368348  60.230494249946169  0
-298.44999999999999  329.08191396684299  142.89724335123574  0
-298.44999999999999  310.94132976016391  -150.95891560509662  0
-298.44999999999999  437.03765786723284  70.937768120562097  0
-298.44999999999999  184.95713775174332  -78.214280080405004  0
-298.44999999999999  306.23836279434892  142.77250409289107  0
-298.44999999999999  454.95452893160825  -9.8202900972247154  0
-298.44999999999999  175.76776594157673  6.5702757652751291  0
-298.44999999999999  332.66803952245021  145.11014102019357  0
-298.44999999999999  186.53333287776013  63.302895228118444  0
-298.44999999999999  322.12121614103131  -136.48000187941983  0
-298.44999999999999  186.56267441784399  82.676764723610745  0
-298.44999999999999  436.86553402335716  -83.4857784145767  0
-298.44999999999999  443.88302321508729  82.815409208235181  0
-298.44999999999999  261.16271179767614  -128.03361071960165  0
-298.44999999999999  450.56590979860306  66.988700386543982  0
-298.44999999999999  443.85530446800533  86.763306361171402  0
-298.44999999999999  336.21586582685399  151.57680926387499  0
-298.44999999999999  458.2483044504317  64.191405457566262  0
-298.44999999999999  311.93110994649066  -153.32489370631328  0
-298.44999999999999  249.63258601362475  -132.07838529441116  0
-298.44999999999999  196.3911141999524  82.113083805126138  0
-298.44999999999999  163.1301458915799  8.7748087460461228  0
-298.44999999999999  457.98116465879582  -6.9090002318188333  0
-298.44999999999999  461.79409226041832  8.2011486909364937  0
-298.44999999999999  454.97736069413639  1.8716018465243738  0
-298.44999999999999  251.88987958738275  -130.60206546431701  0
-298.44999999999999  451.88561058315747  74.539531884127783  0
-298.44999999999999  432.38702330822156  76.897749782534646  0
-298.44999999999999  451.95254505635933  -52.577088657869105  0
-298.44999999999999  441.82508388821526  -81.999596751633646  0
-298.44999999999999  196.36477128457813  -80.300581067667451  0
-298.44999999999999  462.6314587182892  -13.560671542869155  0
-298.44999999999999  168.35311217378478  -10.953184157788593  0
-298.44999999999999  465.34384773142347  -7.7905208357007458  0
-298.44999999999999  248.73199098457164  120.02271534106931  0
-298.44999999999999  442.43689232342837  -65.342708313797019  0
-298.44999999999999  226.54873082505884  -113.87080733888094  0
-298.44999999999999  171.216081316214  -8.5896229644527118  0
-298.44999999999999  382.00425391576977  -128.3379943648693  0
-298.44999999999999  323.54103082527178  139.9274210894587  0
-298.44999999999999  316.46193335956059  -137.92279677590125  0
-298.44999999999999  178.80023370456792  17.379812049723892  0
-298.44999999999999  440.62087894166211  84.932198372710218  0
-298.44999999999999  459.03828775621139  6.7158813925139231  0
-298.44999999999999  380.90344898308439  137.72084594260687  0
-298.44999999999999  195.2908603903133  -87.645645278981974  0
-298.44999999999999  246.11773902020968  134.16080856284009  0
-298.44999999999999  314.72240289511137  -139.24410634315578  0
-298.44999999999999  426.70496849167398  96.34381521424622  0
-298.44999999999999  464.32388963545037  8.470229653191824  0
-298.44999999999999  464.03057739983103  -9.5992211699531342  0
-298.44999999999999  252.7517245901702  124.67049598212941  0
-298.44999999999999  182.28476509483116  -73.093194716365957  0
-298.44999999999999  441.63863906196264  64.697936321306528  0
-298.44999999999999  311.38091121736977  140.10001199202938  0
-298.44999999999999  305.6799841642607  -142.42598499494397  0
-298.44999999999999  449.78897954078644  62.505199056336032  0
-298.44999999999999  177.63365412034852  5.0222737328041305  0
-298.44999999999999  387.39799106742964  -119.14967594413032  0
-298.44999999999999  314.59469584566421  154.35849800449125  0
-298.44999999999999  183.06476003682147  -76.176712501841109  0
-298.44999999999999  173.92258106304519  -24.623574572226818  0
-298.44999999999999  180.83558188038111  4.7496223192831337  0
-298.44999999999999  355.99127001862303  141.76253205815314  0
-298.44999999999999  309.45421787798716  144.67093711917562  0
-298.44999999999999  396.08094199714424  132.75405449208978  0
-298.44999999999999  246.48131479395309  -134.10342218399836  0
-298.44999999999999  245.73024103718626  -119.18004216669095  0
-298.44999999999999  177.26776549311316  -39.215372111061292  0
-298.44999999999999  197.05060378674764  -77.849755830422993  0
-298.44999999999999  198.96167562347046  70.637332435347133  0
-298.44999999999999  197.32038947007416  67.65037147357468  0
-298.44999999999999  187.74340834433281  80.135507025583181  0
-298.44999999999999  187.6825259140968  65.892521359646167  0
-298.44999999999999  250.97492793807712  123.15957295252424  0
-298.44999999999999  324.15068447335346  142.20773194526348  0
-298.44999999999999  384.30583580380858  131.05011935672061  0
-298.44999999999999  445.95399308507643  65.545238088615719  0
-298.44999999999999  451.64671917837836  72.358737258748548  0
-298.44999999999999  439.00012376616291  67.746428003743958  0
-298.44999999999999  457.01508207185663  -3.0076075571589516  0
-298.44999999999999  395.52937731528374  -132.82420672819094  0
-298.44999999999999  191.83113030566003  -80.826545735979622  0
-298.44999999999999  396.05189460832844  -120.94323672891345  0
-298.44999999999999  397.49008151428023  122.88014027475583  0
-298.44999999999999  252.10471861963524  -128.30816793305038  0
-298.44999999999999  315.20089609631771  139.13332036837127  0
-298.44999999999999  240.04084287074252  -119.96547593543764  0
-298.44999999999999  321.06390455054708  139.45222415669778  0
-301.60095262593308  439.24456554288884  -68.797750064600947  0
-312.38408930068607  441.58113346792186  -67.146778495596038  0
-302.07960519739561  447.07919568916014  -67.48098200243669  0
-301.50406528813028  448.75105543508573  -68.831165852983219  0
-303.56153648795072  449.90841424919097  -70.742000411105579  0
-308.03335497286582  448.38596603858468  -68.449360144919311  0
-314.24799391060304  446.81009583884793  -67.339044766356992  0
-303.55764549652531  438.04758784592428  -70.768174528408906  0
-313.52806408404155  444.24845478815104  -66.680550521702074  0
-312.41751476596693  449.90634832685816  -70.736645634112691  0
-314.5330596872401  448.71677898976185  -68.792514529259677  0
-314.67235998411178  439.46589130455664  -68.562026027488528  0
-312.41834561110869  438.06045358826424  -70.734623849265489  0
-307.67502802143946  443.49168595148615  -66.694036371885218  0
-301.77977130656399  444.50440039724305  -66.696441531763  0
-307.89045089357825  445.84219669465051  -66.953268314349572  0
-302.79373915984786  441.39384797956819  -67.226833144974194  0
-307.90445428307748  439.39022427592704  -68.639932469495122  0
-301.60095262593308  448.72145490251921  -77.252249935399036  0
-312.41751476596693  438.05967211854988  -75.313354365887307  0
-307.67502802143946  444.4743344939219  -79.355963628114765  0
-301.77977130656399  443.461620048165  -79.353558468236983  0
-302.07960519739561  440.8868247562479  -78.569017997563293  0
-303.56153648795072  438.05760619621708  -75.307999588894418  0
-307.90445428307748  448.57579616948101  -77.410067530504861  0
-313.52806408404155  443.71756565725707  -79.369449478297909  0
-303.55764549652531  449.91843259948376  -75.281825471591063  0
-312.41834561110869  449.90556685714381  -75.315376150734494  0
-301.50406528813028  439.21496501032232  -77.218834147016764  0
-314.24799391060304  441.15592460656012  -78.710955233642991  0
-308.03335497286582  439.58005440682336  -77.600639855080672  0
-307.89045089357825  442.12382375075754  -79.096731685650411  0
-312.38408930068607  446.38488697748619  -78.903221504403945  0
-314.67235998411178  448.50012914085141  -77.487973972511455  0
-314.5330596872401  439.2492414556462  -77.257485470740306  0
-302.79373915984786  446.57217246583986  -78.823166855025789  0
-317.5  324.36427191080099  153.5241778327709  0
-317.5  386.49294120435212  -138.35778074055563  0
-317.5  436.4038708694747  63.912353701995762  0
-317.5  196.81871032897729  -93.15752928162793  0
-317.5  324.62582959112001  133.69108116185157  0
-317.5  166.17493414445914  6.3494438885977171  0
-317.5  440.4819898329186  -63.595411244822031  0
-317.5  409.2943967963979  53.54301494342532  0
-317.5  233.85692071724807  104.94613199925742  0
-317.5  190.88681085609036  -87.346869359084636  0
-317.5  457.30642789336491  53.32357818883159  0
-317.5  451.46689135530988  69.971607567686533  0
-317.5  189.84177479866636  87.050818060855832  0
-317.5  315.87379626148453  138.47882682303171  0
-317.5  392.67664829477781  117.84422528425935  0
-317.5  164.57577342187355  10.291586243751105  0
-317.5  325.04525438324578  -147.55323761291444  0
-317.5  173.0874748921789  18.520117971228377  0
-317.5  247.79508734729325  -120.1757306358177  0
-317.5  193.36479837096954  80.248217656485878  0
-317.5  231.52137782040128  115.863725078146  0
-317.5  236.42431978891804  118.99292269798016  0
-317.5  237.44681430808166  129.49426622903414  0
-317.5  238.05616970674927  -131.56836677928754  0
-317.5  403.82700411950151  -120.4326616056008  0
-317.5  466.47316193989718  -11.489434875679235  0
-317.5  444.2845588079287  -85.917857699798276  0
-317.5  244.48595729710837  -119.64651058346574  0
-317.5  384.26118969530069  -109.56394488920951  0
-317.5  437.13040581865164  -82.589799286261325  0
-317.5  301.730402566485  137.32207082707907  0
-317.5  467.04948139409305  -31.091811887748396  0
-317.5  469.05796270656134  -5.4636152667987323  0
-317.5  217.64571027222141  -74.701151834514633  0
-317.5  440.53223908419972  -90.236951184753522  0
-317.5  179.43791412844809  -2.1756848639733128  0
-317.5  302.4945753817762  -149.50354822557262  0
-317.5  395.23937572551819  79.943329296727526  0
-317.5  325.19860402607856  -137.46127256375379  0
-317.5  453.21185268610361  68.071097760982184  0
-317.5  440.6429307530907  -66.957305918462254  0
-317.5  170.33635059260195  7.7079082779896497  0
-317.5  386.20210657526093  119.60901802329177  0
-317.5  193.90978137031846  -80.919732039404536  0
-317.5  326.46394357635575  139.6298806609332  0
-317.5  326.50453596491656  142.74629896309665  0
-317.5  328.97603144297807  147.57941538454799  0
-317.5  205.80291657420403  -64.804924193840137  0
-317.5  398.57123850962859  -130.81565196422881  0
-317.5  242.88438490153567  116.2706486807764  0
-317.5  182.26879286704596  -74.035153979921589  0
-317.5  321.65642951200692  -152.36766113686855  0
-317.5  433.75233737860054  -64.42971003116871  0
-317.5  451.44419685114013  -71.575182422984099  0
-317.5  455.88017533560804  -64.180869930542812  0
-317.5  383.97692531218394  -120.94451788493264  0
-317.5  436.58548330599433  76.071173921641801  0
-317.5  179.20305504761814  -22.396208642558229  0
-317.5  253.01775542613606  -122.59307286326583  0
-317.5  447.38475236018371  -83.204825337022996  0
-317.5  173.5351542320704  12.252041018263638  0
-317.5  251.58046304822389  -125.17125079622129  0
-317.5  378.6661803589169  118.43033400795566  0
-317.5  402.46534774458735  124.40468644958395  0
-317.5  308.28104368126947  -131.31760485976628  0
-317.5  451.2520678323022  -76.284898353212313  0
-317.5  448.39827580677968  2.4723015525156704  0
-317.5  177.5234506684437  -3.8292613988440185  0
-317.5  197.41970724853476  61.724395801471033  0
-317.5  459.99725666882  7.4330479613112761  0
-317.5  204.71148936569935  -73.134098189618584  0
-317.5  468.31182414311883  -8.7851153832175459  0
-317.5  390.08838357489338  118.79596844561749  0
-317.5  454.42529368921055  71.185971857587148  0
-317.5  381.13661734231533  -125.16482650686805  0
-317.5  194.86797380672522  -66.203053502125613  0
-317.5  193.32832839544997  -66.626143391947267  0
-317.5  256.68251686072887  134.28955136112407  0
-317.5  252.1920213661391  127.84635650532447  0
-317.5  188.70380054236165  62.336419246723061  0
-317.5  366.17428219643028  138.66595307704685  0
-317.5  238.00228337829569  114.41848814540528  0
-317.5  410.82758148272529  116.68312713548271  0
-317.5  209.85326773551128  -96.283885927896549  0
-317.5  437.9494255940478  -66.790108907450332  0
-317.5  193.5023718053003  82.792280772574983  0
-317.5  307.611214094964  -152.56292071625401  0
-317.5  464.60802227400279  7.6881865324700573  0
-317.5  411.41886074503202  -117.57527679501517  0
-317.5  250.61566683527096  -122.83675594435248  0
-317.5  202.14971343550607  -76.906219903245187  0
-317.5  427.47595141587243  65.366568709819887  0
-317.5  195.52023961854084  -79.473648312473529  0
-317.5  389.87694959761251  -115.23890003630686  0
-317.5  385.08645750224474  -121.98560398098095  0
-317.5  393.75997680496823  119.54154551312089  0
-317.5  172.40684211165402  8.2210957416835129  0
-317.5  313.49039760815015  139.60010337126548  0
-317.5  460.59374968231998  11.460395154658475  0
-317.5  458.57703708731469  -6.0278963187320889  0
-317.5  319.96498813256079  -139.35024582679779  0
-317.5  247.66302493568759  134.03390949946373  0
-317.5  327.11658214232409  144.83859808983487  0
-317.5  183.34458788095952  -71.374868043010721  0
-317.5  447.04345027819664  80.756221539859908  0
-317.5  166.76076974129865  19.807574529040103  0
-317.5  198.55181580858891  -67.650628253220347  0
-317.5  323.5849804039641  -151.28017754777164  0
-317.5  183.36436226501561  69.128877920426945  0
-317.5  322.10702962173173  -139.59142978066987  0
-317.5  434.4249251522387  52.976830417382203  0
-317.5  226.30752985987829  122.22368275043929  0
-317.5  215.1094241044151  71.183910945673944  0
-317.5  251.62628980729386  -129.9350944891321  0
-317.5  430.48586603274782  -90.98333394723646  0
-317.5  437.5582870733196  -70.300485181580584  0
-317.5  444.2008629125761  -82.720982788017665  0
-317.5  430.36236433829549  74.046273249518052  0
-317.5  234.77024768482778  -130.40174691144105  0
-317.5  395.83138609343177  -108.27600408105813  0
-317.5  312.79619086624433  -151.8627146035241  0
-317.5  374.84394461032952  -139.54438326220426  0
-317.5  325.09922278613635  -149.60515497604138  0
-317.5  307.53744516658719  -145.83652657592327  0
-317.5  256.47609576502225  125.26322436770678  0
-317.5  436.17885703250164  -70.310683393655353  0
-317.5  322.81908455035307  -140.96566054080679  0
-317.5  324.26791163920541  141.80040433633312  0
-317.5  449.08141236259274  79.269505712839802  0
-317.5  470.27307474762296  5.0899618826661257  0
-317.5  383.42923201142264  119.56988526582853  0
-317.5  179.34142291604664  19.897745504410327  0
-317.5  253.06731487301138  -138.23749277260566  0
-317.5  395.50881780373118  -115.69756979823508  0
-317.5  276.8479054742578  101.24929558587502  0
-317.5  192.83243015639653  60.465366607367081  0
-317.5  443.95811413202557  80.905932330176597  0
-317.5  438.02426684030956  12.165462098785792  0
-317.5  252.55710776662883  -115.38617428448435  0
-317.5  174.27228353646865  -6.6428821556266122  0
-317.5  315.17786267212659  -139.25244083906236  0
-317.5  445.11045823097089  65.214028672645711  0
-317.5  311.05448912579328  -153.57726519506019  0
-317.5  324.15990168207156  -140.23433853885234  0
-317.5  379.66279455071515  -128.93803157211087  0
-317.5  441.31972891014323  60.211730280401582  0
-317.5  177.69262577617607  4.0726417954376091  0
-317.5  191.84528965832419  81.039045148634088  0
-317.5  176.77968705617067  14.719891970077079  0
-317.5  198.4282745766526  -65.082872417645291  0
-317.5  189.7956360200146  81.002328425444276  0
-317.5  391.2892126224765  134.02749358148014  0
-317.5  444.32909444090757  -65.696466934803993  0
-317.5  200.94115559972718  -86.319114705084743  0
-317.5  200.46113247264628  70.368835365383518  0
-317.5  163.11863510811173  -0.51686908219617422  0
-317.5  450.57791174452717  -68.43142219612723  0
-317.5  232.85745093639122  65.756330039286397  0
-317.5  237.03178139829731  131.93960648927094  0
-317.5  170.22901906013465  14.945033935457479  0
-317.5  372.66062857818952  92.380079856840197  0
-317.5  383.35353389964251  -125.31875243984882  0
-317.5  334.71657731252958  122.31803817853385  0
-317.5  441.65267093053467  -6.8198407980048259  0
-317.5  452.84342932222899  -74.547186595200159  0
-317.5  247.04300278916568  -117.71191407321304  0
-317.5  186.97220275826754  -66.183464909793329  0
-317.5  200.77041152581279  92.599085702795435  0
-317.5  437.09481425415265  83.996273753469353  0
-317.5  237.26878476285717  -124.46919557698396  0
-317.5  188.07433140128245  -63.463677144262128  0
-317.5  443.21102588425225  63.504379606745843  0
-317.5  462.39463264081621  7.9955096764053195  0
-317.5  321.13384197970475  154.2855056652175  0
-317.5  336.57858080111043  149.19707054470771  0
-317.5  450.33018524593029  67.888610145792555  0
-317.5  303.46546383094858  -80.933237793423785  0
-317.5  244.46655620206656  -102.39884808252492  0
-317.5  471.76913334280135  -7.7276490368087618  0
-317.5  384.8255880227253  121.43599912381625  0
-317.5  472.00499565180667  -0.089924405392269979  0
-317.5  470.11171733024088  -13.721437136624544  0
-317.5  456.13303251373003  1.3610550117851747  0
-317.5  438.07486934043652  -68.943706992708826  0
-317.5  323.96720662164699  -143.07945777019242  0
-317.5  401.29157255885252  127.89055052445471  0
-317.5  308.90948510946185  134.18059706482299  0
-317.5  436.9000377027449  69.898245226959901  0
-317.5  191.87970146425278  64.633179204816514  0
-317.5  198.50725579471793  -73.458572101550558  0
-317.5  392.34009408195027  101.36879988615313  0
-317.5  221.60652444869058  113.74489262058813  0
-317.5  439.27032737734066  -67.608977042859408  0
-317.5  398.31933670807052  -125.11809860938958  0
-317.5  316.83769396599212  134.97634610127693  0
-317.5  311.40589550464989  151.77847511639985  0
-317.5  237.7739606979348  -114.70265558423486  0
-317.5  437.18775068077639  -71.705253729587639  0
-317.5  310.15315745464522  -144.87273910140769  0
-317.5  439.08178169738107  66.492230790751933  0
-317.5  187.54914889558529  -44.637138630927986  0
-317.5  453.73367422008852  -3.7137979169389879  0
-317.5  184.4877455850918  28.436332975097041  0
-317.5  455.91090902771884  -1.464061802442729  0
-317.5  184.54081667216815  -63.060065325210857  0
-317.5  196.45976300403117  85.190790462246582  0
-317.5  181.81603007724453  73.754357269641872  0
-317.5  379.56163892215437  128.66150680869382  0
-317.5  252.58575884316321  135.40626244327822  0
-317.5  171.71961978294453  29.545592054810001  0
-317.5  387.52297923914296  137.57312492914338  0
-317.5  382.93736770234693  127.96564171236324  0
-317.5  363.92957388913555  118.84338875510898  0
-317.5  447.17905030157567  -65.58817894157329  0
-317.5  466.95828604191922  9.3825751245286053  0
-317.5  440.76217553764496  64.908971076958196  0
-317.5  408.09846743685608  -123.79233432531665  0
-317.5  310.77856915879141  -143.30162084628165  0
-317.5  456.54517173371386  -4.5960008502620662  0
-317.5  461.2930347512854  6.6108781415779658  0
-317.5  396.78350458688459  -120.97189646876983  0
-317.5  318.42047701716689  -138.76245861013024  0
-317.5  382.16606215727177  122.33221078754246  0
-317.5  250.94429021443435  -133.59420746130886  0
-317.5  262.34663855971354  63.025907649957432  0
-317.5  465.30725492206466  -8.0733211244001843  0
-317.5  174.00478400351975  -12.519017665026228  0
-317.5  244.687537076377  -118.61683767647793  0
-317.5  225.20455351067955  -109.00179759020791  0
-317.5  386.80765337556772  -43.985824821245579  0
-317.5  387.29858860235748  -134.26648797334968  0
-317.5  373.29303114932736  -131.60411598363103  0
-317.5  183.27854586855224  71.40316393057725  0
-317.5  444.74009759641427  -62.950122486847789  0
-317.5  453.12260802669448  9.9217935523155099  0
-317.5  311.02008992080522  -141.60433987427822  0
-317.5  309.52408788933946  148.1790726277456  0
-317.5  450.21595899831232  -79.348667595398553  0
-317.5  180.28394094732394  -10.182460112985193  0
-317.5  368.18312365515425  -123.74892117626706  0
-317.5  405.38722753132242  127.39317206851494  0
-317.5  414.43473102771827  -103.99900283530586  0
-317.5  393.13176623826041  135.56892307722958  0
-317.5  275.14205273490552  133.46107285310717  0
-317.5  169.24498531127912  -9.8633144775710715  0
-317.5  191.71064057831583  -80.701115213307048  0
-317.5  184.2033870997559  -76.995958298140593  0
-317.5  380.5362320780601  109.78664909048027  0
-317.5  233.01224524945482  125.70408346733485  0
-317.5  319.81645010247917  -132.4966673584124  0
-317.5  416.40878085949771  -73.564335832105598  0
-317.5  251.50371058297412  -127.45378395273796  0
-317.5  203.37913516188976  78.917663279456562  0
-317.5  248.16383503919189  -133.1942183099456  0
-317.5  437.57364486726686  -75.624995912352247  0
-317.5  450.1049120779079  -61.644630547239885  0
-317.5  454.18014861682724  -12.345622922940535  0
-317.5  445.6952144700536  84.50763028761078  0
-317.5  250.06120209605257  -120.01363958688503  0
-317.5  441.68279434820465  80.126377454764778  0
-317.5  249.23437415990017  -121.48385950023949  0
-317.5  229.26734464602313  -121.74924293662023  0
-317.5  193.70155141840493  66.273111926052309  0
-317.5  440.87160130166609  -80.262143448833314  0
-317.5  189.06241156663245  2.8552081737041854  0
-317.5  197.91916518220052  -69.298193658934949  0
-317.5  456.67094452825165  -8.7004613006229032  0
-317.5  385.00244206379597  -133.04882394727295  0
-317.5  313.34636463986072  152.48457052560701  0
-317.5  408.05653914025419  123.40262120175086  0
-317.5  401.9740610413308  -124.54516158510575  0
-317.5  248.38519999614476  118.78182884019571  0
-317.5  245.50891098370255  118.57329928289141  0
-317.5  462.55727232601373  -8.356194204974523  0
-317.5  397.65460120285337  121.09536062198683  0
-317.5  449.88162506461634  -4.7086532739170526  0
-317.5  438.21272182978004  77.732430104274854  0
-317.5  432.70535797355404  92.578086592622938  0
-317.5  165.73614064917703  -4.8580679320936522  0
-317.5  322.52370483451705  139.86199489820717  0
-317.5  273.53611524989151  -135.69277371482585  0
-317.5  193.70389941762164  90.353580403155632  0
-317.5  247.98039200643655  -137.01041042253971  0
-317.5  181.29788342900511  43.952441967257087  0
-317.5  382.61982974099999  -127.09013288415331  0
-317.5  398.57722994931044  125.25314979624767  0
-317.5  191.09190505345023  83.569227271042209  0
-317.5  342.14232269945575  92.775206147066939  0
-317.5  309.58975042866092  -146.91583372824866  0
-317.5  297.61844818174541  126.04617430409577  0
-317.5  268.6463107690027  -106.55549959966775  0
-317.5  292.31491429821244  144.47058612291744  0
-317.5  255.44560921396251  129.19177579348403  0
-317.5  387.94876571767139  118.06360825699493  0
-317.5  378.321086208775  -133.40887267179565  0
-317.5  324.77753628480917  143.89708797276512  0
-317.5  198.73132233387764  -76.028351518232782  0
-317.5  238.81292126251014  -121.86122450731098  0
-317.5  314.45075315186097  154.56834796354804  0
-317.5  403.77774828924117  -127.96544401605243  0
-317.5  313.12396287419034  137.19157771109664  0
-317.5  398.94255329881247  -127.32232125248198  0
-317.5  397.25582741896477  123.17865366116838  0
-317.5  459.85857565930672  -17.016701162649184  0
-317.5  174.69902175435968  8.1134465464593735  0
-317.5  240.16936768491459  -133.83080227922596  0
-317.5  240.31638795855972  -118.75611228316251  0
-317.5  454.90347260954763  -38.319611021392198  0
-317.5  209.16794992123687  83.898612690809557  0
-317.5  259.48426095128917  -125.24719350821205  0
-317.5  247.14152333312754  88.165582043778073  0
-317.5  235.25941897207517  -123.71702522907211  0
-317.5  195.69715827709518  67.242208089249857  0
-317.5  389.19310623189858  134.30130884563877  0
-317.5  251.84499409782833  125.78662350543864  0
-317.5  182.73015573435157  7.040827658170449  0
-317.5  402.13917478412009  119.75861004199376  0
-317.5  385.41573870463321  132.50779728215431  0
-317.5  236.51437623825882  122.81096543642671  0
-317.5  434.74112701890391  73.66965843131554  0
-317.5  393.28787026357304  -134.6123847923302  0
-317.5  383.13072727567078  -128.91177842241711  0
-317.5  294.9303897774667  -118.63147212775382  0
-317.5  296.98601786264555  -24.214375673340264  0
-317.5  442.12655788219172  -65.555044711193531  0
-317.5  349.7791009758613  -121.13211975968952  0
-317.5  324.51878840324218  150.63894002650045  0
-317.5  243.19913754277528  119.05625952019605  0
-317.5  369.85260319263728  -108.19604649079379  0
-317.5  193.80603461865192  -62.821664732907188  0
-317.5  310.46509381557695  138.80641639320027  0
-317.5  350.16258130955265  -4.9144216705936632  0
-317.5  436.09073255826092  79.202680399930017  0
-317.5  203.95653276839357  64.289163288356647  0
-317.5  179.31089304296259  8.4075921413198476  0
-317.5  246.87069373317874  137.22675829218574  0
-317.5  318.34272784107645  138.19849367725013  0
-317.5  205.53309689907073  73.931693700993847  0
-317.5  245.75295664164494  134.01535821347761  0
-317.5  324.45242966167376  148.4395353343489  0
-317.5  249.65691567478643  132.87510527006879  0
-317.5  252.06510209858726  131.02215519171685  0
-317.5  391.87397345484396  119.47291373921878  0
-317.5  191.70638895872636  -83.119430632684868  0
-317.5  251.2227618607152  122.75608571281133  0
-317.5  251.60671932926712  108.3016674846546  0
-317.5  386.8168243025529  134.15154556244565  0
-317.5  454.766917167217  4.3145076223561194  0
-317.5  327.44346918575974  -152.93183310070043  0
-317.5  320.43822787969782  -137.48787701667919  0
-317.5  377.40023240114766  -117.55265849541367  0
-317.5  451.42490848927935  71.862928848060676  0
-317.5  362.1381991138922  -139.45424729532448  0
-317.5  172.52404619359842  -8.1804449289108554  0
-317.5  453.1084534713716  -0.25436136053094144  0
-317.5  302.52592797921278  149.814666940694  0
-317.5  179.42765150720462  3.0685743508032899  0
-317.5  321.03070584413138  137.21252067488675  0
-317.5  178.69707463900417  -57.987270478961577  0
-317.5  451.64551827657357  60.025338572862694  0
-317.5  381.11631772409362  -135.61651475672937  0
-317.5  457.66411831124071  -13.118786070388508  0
-317.5  200.87109117903341  -68.590797330809892  0
-317.5  326.37414389536144  149.07367954583566  0
-317.5  431.7091595356714  80.799568615604542  0
-317.5  203.2114028935672  -22.356114042759089  0
-317.5  276.52398725247434  24.259604160018355  0
-317.5  201.23769861913115  83.284385060301645  0
-317.5  170.34404424723036  10.844033251676244  0
-317.5  236.74819997127287  -127.87591140863117  0
-317.5  252.15858184352723  117.33796506614604  0
-317.5  453.89238242918003  -72.143111455430102  0
-317.5  243.45474783367649  134.61738036170235  0
-317.5  311.12012973179537  -149.29278896406564  0
-317.5  398.95013938177999  129.79737108571413  0
-317.5  441.49627695369588  82.999590539617714  0
-317.5  245.34599399200829  -134.58875420837921  0
-317.5  189.66581498298956  -65.592912302520887  0
-317.5  167.29732660303623  13.272562871662561  0
-317.5  199.6006874676026  -71.612125173090178  0
-317.5  399.58101828488662  122.73085069708559  0
-317.5  399.32822796801855  12.456225550126854  0
-317.5  441.85228744175038  -22.977583334742082  0
-317.5  451.65010060714297  -72.882296981649048  0
-317.5  237.85178798975937  -123.05585441866752  0
-317.5  206.65112791881489  5.6096979056706626  0
-317.5  379.13703821660192  133.17925214359124  0
-317.5  238.87765969106414  131.08725149243421  0
-317.5  187.24663323945191  80.805867147243575  0
-317.5  312.99984769561968  -137.71411908631131  0
-317.5  439.02105966795864  -78.983928595901403  0
-317.5  468.72003702856813  -21.711698989321881  0
-317.5  396.49190795717482  118.00224618498014  0
-317.5  342.55731622867108  -143.80443349337946  0
-317.5  180.7367656971449  12.643753140769237  0
-317.5  456.89862414940706  66.432357233090059  0
-317.5  163.36146971909233  -4.0683207096885043  0
-317.5  233.46337843954228  -126.76088485977999  0
-317.5  451.13691001585357  77.541289355488033  0
-317.5  214.99941138870653  -49.535868206418371  0
-317.5  307.24996145088488  65.87500561986802  0
-317.5  451.06317074216986  -74.345211985745763  0
-317.5  183.35158969909264  -3.7743135921562661  0
-317.5  184.29661941976215  61.347750647402215  0
-317.5  330.53854478791078  -144.8234476629861  0
-317.5  242.97603924102123  -117.05499256489368  0
-317.5  320.14450927177484  139.25453843962777  0
-317.5  192.96077687296179  85.770559614709725  0
-317.5  316.91462368902603  -138.96878462878058  0
-317.5  467.4448741259676  15.486285780072386  0
-317.5  307.4344690043925  149.76868404541108  0
-317.5  390.02254588771478  -135.12993932501689  0
-317.5  440.07918914030722  -66.072534085210719  0
-317.5  186.59599352763937  65.632003615977737  0
-317.5  312.42122205791424  105.6987201332862  0
-317.5  434.28627279331641  69.516289925201377  0
-317.5  422.70078131280815  -15.650092479196568  0
-317.5  351.23114848393897  -86.76400353300275  0
-317.5  452.75956600672191  39.274462121930753  0
-317.5  188.45075388692177  83.748488513456479  0
-317.5  322.48297728822928  151.82703994822211  0
-317.5  322.74338158390452  -114.64906163242885  0
-317.5  398.12719460524289  127.6240233817995  0
-317.5  400.00051454251485  -119.34989399561155  0
-317.5  451.05742122869412  -65.940142871955516  0
-317.5  436.4274530631136  -74.003949022497906  0
-317.5  237.02794950149686  -120.64656680446149  0
-317.5  331.36713920237588  -139.75858948177074  0
-317.5  179.83364077112802  69.55118474513749  0
-317.5  253.82403442965784  126.45565498820555  0
-317.5  447.36673264933006  -79.78928474481242  0
-317.5  318.55568737340957  22.53039650619225  0
-317.5  457.95796173117662  60.717817277404869  0
-317.5  376.7724711765083  -124.74063564849553  0
-317.5  260.00563989681729  -137.73952501536721  0
-317.5  373.60581202539782  130.50947685389204  0
-317.5  323.72879575438878  -153.92146416058239  0
-317.5  448.81987376807047  -67.402783065548363  0
-317.5  331.88715295509854  -131.52605833121123  0
-317.5  253.00541692639274  124.3460778213414  0
-317.5  383.153882351459  130.90416344363317  0
-317.5  415.14305452943404  102.37299397936404  0
-317.5  292.97179482690501  -142.86908842754312  0
-317.5  190.49253411527488  -63.28883298509713  0
-317.5  461.40651728994447  -12.301428653113767  0
-317.5  240.55811920426697  -14.48141151165831  0
-317.5  442.88943240148006  -80.635844957037008  0
-317.5  236.29491890284848  127.42962900423977  0
-317.5  164.79488386955632  -2.6895249583663796  0
-317.5  198.23191432475809  75.693503981542591  0
-317.5  236.52582251299745  -125.76304903553587  0
-317.5  451.9925680536748  74.282615485707396  0
-317.5  393.92697091937714  115.1732568504687  0
-317.5  382.59946615718462  -131.44294292663511  0
-317.5  441.32087637545072  -83.348083325833002  0
-317.5  314.32532927965377  -154.09939712639004  0
-317.5  384.30609183541861  -117.62267624303975  0
-317.5  250.32868547379547  120.69226839483709  0
-317.5  457.51043750214598  -55.503834557508291  0
-317.5  170.09437574360143  -7.246591203201949  0
-317.5  444.29550211699922  -55.882468442306127  0
-317.5  262.69473922369315  140.62949131096295  0
-317.5  213.85037179128784  53.442763882155582  0
-317.5  242.73204755929271  111.80342922048202  0
-317.5  184.22953335455082  -66.281799296900701  0
-317.5  251.54041832988906  139.45136558387898  0
-317.5  446.12761283130311  61.464678780388141  0
-317.5  261.29405851170321  130.38336551805151  0
-317.5  388.19938997779286  119.67959994965524  0
-317.5  441.42764529647121  88.42781008553807  0
-317.5  328.42840383779759  152.34361159290276  0
-317.5  388.05582429156107  -119.88630463535685  0
-317.5  395.23385636223412  120.57925307038899  0
-317.5  307.7254450735557  153.11825426796037  0
-317.5  182.18196876490057  1.1820681293660642  0
-317.5  229.86679639978109  -90.036418885609805  0
-317.5  254.07803050076853  121.6484213659067  0
-317.5  453.3478757157435  -7.71870949426153  0
-317.5  241.32472433620785  -120.21502248956598  0
-317.5  185.55999426696641  -68.068232504152064  0
-317.5  439.55431345099987  -81.264102876430627  0
-317.5  179.04576567473273  0.32019901758380021  0
-317.5  240.4752432973128  118.76601668875034  0
-317.5  428.65626321644976  -44.936494104913606  0
-317.5  239.92649010063147  133.54070292213962  0
-317.5  390.97258397671482  -119.43688817189714  0
-317.5  426.72207587314364  34.084423507688967  0
-317.5  451.51202585379787  -70.195671752288021  0
-317.5  309.17014616278021  -143.42430574245722  0
-317.5  445.26683932420269  -80.578819059881212  0
-317.5  176.80966468510616  6.3788021886283426  0
-317.5  394.73128856640119  -119.47367640437818  0
-317.5  390.37100095922887  111.78456620761919  0
-317.5  449.16118276387368  -12.394593929272924  0
-317.5  389.75810469133825  -118.83954073981673  0
-317.5  350.20124455732838  141.12760833119188  0
-317.5  200.3878984171715  -80.079592890432195  0
-317.5  200.76225865783456  -74.201181545051213  0
-317.5  178.80701868872637  -5.6560078788997492  0
-317.5  239.74395245762949  -120.78948568100978  0
-317.5  197.07718330126232  -78.340083791984853  0
-317.5  420.25045157311985  78.351088387874171  0
-317.5  383.4494181287717  -123.24577825903989  0
-317.5  247.24154025550828  115.15175426485932  0
-317.5  233.39036395351113  32.96190611294827  0
-317.5  310.29136384892769  150.03398062593544  0
-317.5  189.51540516649183  65.523945340217622  0
-317.5  457.23196657579916  3.429478556353232  0
-317.5  307.44449544311544  -148.73749477912688  0
-317.5  176.1664694629107  -5.5590520316309426  0
-317.5  176.01789323891285  -8.1569855405418021  0
-317.5  308.71564318839324  142.02528116734061  0
-317.5  438.02733209255695  69.475296689582905  0
-317.5  303.13834341202647  142.99631694819777  0
-317.5  198.18180782561402  71.04170713263531  0
-317.5  390.49864384981316  136.37726574751557  0
-317.5  317.91271689566651  153.80291043857167  0
-317.5  242.86842863383566  -134.33553329393482  0
-317.5  254.82512477152588  -131.94409506647798  0
-317.5  234.39515311690482  130.17232210503371  0
-317.5  333.75299453019937  138.24387264364074  0
-317.5  183.98399079507118  76.444326784642769  0
-317.5  311.81384662543451  141.03888574272762  0
-317.5  197.46917923247884  69.198983089746875  0
-317.5  467.132567581915  -6.4132536601059718  0
-317.5  232.77006160623966  121.08253853569795  0
-317.5  436.5745577785915  71.801628721612232  0
-317.5  437.32036992829256  -72.941087951483951  0
-317.5  392.13188509487401  -118.48887890067411  0
-317.5  244.99697000378961  -113.42375861082024  0
-317.5  442.94805681371378  65.716374616633431  0
-317.5  397.91035736511714  -118.03568409153854  0
-317.5  399.01669175346024  -122.58972893575235  0
-317.5  236.76407823145482  125.32552790188585  0
-317.5  329.90393826392801  143.66739932408368  0
-317.5  333.61568964863767  -150.84701757512548  0
-317.5  439.29229462176448  80.0547707005543  0
-317.5  162.96354669672741  6.6388756829764866  0
-317.5  376.65150049528984  124.01452527162805  0
-317.5  337.72197624260099  -48.144326925628526  0
-317.5  386.08058768578167  -120.22572564357512  0
-317.5  205.98709443272639  -81.221187733310515  0
-317.5  249.62475347974032  135.77428686013039  0
-317.5  382.04063288788558  125.57406777406413  0
-317.5  385.30361671746437  116.17611875789416  0
-317.5  432.42344513830676  -76.146416370389389  0
-317.5  306.34614284351181  -141.71415398522447  0
-317.5  167.7598121964246  -6.679038417863512  0
-317.5  212.82775764160451  101.64082246591822  0
-317.5  388.37901318715205  -90.582998266163258  0
-317.5  459.78550902686715  -8.5260186967945124  0
-317.5  195.2805664794592  -85.438988579356689  0
-317.5  168.07143340689254  8.591684793600173  0
-317.5  471.06390773295146  -3.3268754494996422  0
-317.5  249.79589947798056  -131.36948271865313  0
-317.5  198.20949881930207  -57.676461281315802  0
-317.5  324.05140971072541  -141.99182188922137  0
-317.5  326.10024962067183  -145.92325755400188  0
-317.5  320.59018670427656  -154.56115720875317  0
-317.5  447.23469144958818  54.544763162935084  0
-317.5  311.01194457774636  -150.78186348417915  0
-317.5  195.01515880494654  64.413318651170599  0
-317.5  179.79617666312313  -69.546632322007085  0
-317.5  436.77858816420957  -77.382727346510393  0
-317.5  438.17465766810852  -77.036071698479589  0
-317.5  255.89129847060329  139.19219668033546  0
-317.5  315.86664161820175  126.12280933017158  0
-317.5  307.18345241546251  147.87199128366078  0
-317.5  383.22478544316107  136.02213901487264  0
-317.5  261.11711800672538  119.63105239968891  0
-317.5  309.94124403876594  -149.07671280159161  0
-317.5  186.95216649531301  56.434177828923559  0
-317.5  309.59465886982849  146.24388915261386  0
-317.5  180.5839155162987  -65.179116411332274  0
-317.5  201.02686511130656  75.045697318585496  0
-317.5  188.5705289262587  -83.468560000828248  0
-317.5  381.12973517821666  -121.54092002205591  0
-317.5  400.15440969517641  112.12800999711413  0
-317.5  448.42181883086522  65.276183848119572  0
-317.5  163.80864196319683  2.9752268019747459  0
-317.5  464.58634555475351  -15.867568062274346  0
-317.5  197.35552036814343  77.832317649487848  0
-317.5  437.66257915373677  68.041745133635729  0
-317.5  461.53500846017596  -23.963494256001358  0
-317.5  188.75259184361275  -59.018383833691914  0
-317.5  327.96473468573822  -148.58609018926802  0
-317.5  177.01324694003111  10.389027352553233  0
-317.5  163.58143800776372  15.010243146283994  0
-317.5  196.77054119352283  53.348649566722905  0
-317.5  471.11419189767395  2.5787148235668691  0
-317.5  164.39083341139906  -8.2290185718717801  0
-317.5  189.70418198184072  -80.722903048640433  0
-317.5  242.84800225017625  -119.25922185418993  0
-317.5  323.66480118974204  137.56261380510705  0
-317.5  183.45508422454355  -68.768727355026144  0
-317.5  390.03556036389153  116.26632069357606  0
-317.5  195.19502316672714  81.037982028918975  0
-317.5  248.34000632286333  120.49173622506447  0
-317.5  453.78424931289447  -68.511385150075895  0
-317.5  458.24887906638355  5.3471844004442026  0
-317.5  454.15032748211371  -19.982058755007362  0
-317.5  190.2989116180299  -8.4185784702343707  0
-317.5  326.76890286521717  -141.29488669561431  0
-317.5  253.69659499278148  -127.0324997491454  0
-317.5  317.51379352440409  -154.07102445963932  0
-317.5  402.67415734565202  -114.74010609574619  0
-317.5  309.99474532497925  144.22130230873378  0
-317.5  306.60963300247101  139.03167628734587  0
-317.5  185.00391751860045  67.830262851893522  0
-317.5  186.28586855020683  -79.901049942404256  0
-317.5  325.49837484147872  -143.68306073947318  0
-317.5  192.20419192551103  -65.455219466885822  0
-317.5  313.24700687402031  -140.36083972018912  0
-317.5  197.20889470060973  -81.756769415191769  0
-317.5  381.44714805399815  -140.10941243369606  0
-317.5  189.13556800803045  15.642874119752996  0
-317.5  457.3151145851138  7.712849936757638  0
-317.5  177.67777839144509  57.222875455746795  0
-317.5  306.8615559573463  145.50489689760644  0
-317.5  361.82538752413677  51.7950969506959  0
-317.5  196.83022726400429  -67.5809912231026  0
-317.5  200.82244652576276  33.311559047412651  0
-317.5  252.08577046089064  -67.846741115927202  0
-317.5  376.27606950735742  139.86055831092423  0
-317.5  325.39056004352784  146.48078828630915  0
-317.5  471.43658171954644  10.175877935981953  0
-317.5  397.45860971696516  132.07065943897885  0
-317.5  184.74263592137754  79.606555882780114  0
-317.5  464.39133377737528  10.378938520858103  0
-317.5  311.2682664483051  154.08984690800753  0
-317.5  317.27952387265691  -137.43440336390253  0
-317.5  198.55962875943879  73.013469461183249  0
-317.5  246.00900223455326  -119.46827159668734  0
-317.5  433.86606732890141  76.727548935731932  0
-317.5  459.75816503682933  21.330399092178485  0
-317.5  387.58726130361663  -118.36738280862328  0
-317.5  239.11938312012074  121.22755018917988  0
-317.5  225.17650603341238  85.913158469281086  0
-317.5  199.83927568068779  78.553955883541789  0
-317.5  181.40719255454624  65.162307146993101  0
-317.5  179.19962723185557  5.7657733800946582  0
-317.5  166.73491558567099  -16.059131630247837  0
-317.5  464.06008767518864  -11.179950175418064  0
-317.5  198.35845413719633  66.195263991093526  0
-317.5  384.28992279210621  -136.26846589182776  0
-317.5  436.86794603854713  73.960603485444949  0
-317.5  453.05105875045842  64.755385918902093  0
-317.5  237.45335320600392  -129.62529391105946  0
-317.5  165.11000573960777  4.60651921763505  0
-317.5  195.91377613025978  78.823969156892645  0
-317.5  468.14082185471995  6.8077983617567472  0
-317.5  395.61607025518862  -132.67056293756067  0
-317.5  170.38104847188779  -37.280047859338474  0
-317.5  394.93033943087329  133.36346456753759  0
-317.5  197.68514543590487  80.750179473355175  0
-301.60095262593308  385.78655532018479  -122.25576028733033  0
-312.38408930068607  388.12312324521781  -120.60478871832542  0
-302.07960519739561  393.6211854664561  -120.93899222516607  0
-301.50406528813028  395.29304521238168  -122.2891760757126  0
-303.56153648795072  396.45040402648692  -124.20001063383496  0
-308.03335497286582  394.92795581588064  -121.9073703676487  0
-314.24799391060304  393.35208561614388  -120.79705498908638  0
-303.55764549652531  384.58957762322024  -124.22618475113829  0
-313.52806408404155  390.79044456544699  -120.13856074443146  0
-312.41751476596693  396.44833810415412  -124.19465585684208  0
-314.5330596872401  395.2587687670578  -122.25052475198906  0
-314.67235998411178  386.00788108185259  -122.02003625021791  0
-312.41834561110869  384.60244336556019  -124.19263407199487  0
-307.67502802143946  390.0336757287821  -120.1520465946146  0
-301.77977130656399  391.046390174539  -120.15445175449238  0
-307.89045089357825  392.38418647194646  -120.41127853707896  0
-302.79373915984786  387.93583775686415  -120.68484336770358  0
-307.90445428307748  385.93221405322299  -122.09794269222451  0
-301.60095262593308  395.26344467981517  -130.71026015812842  0
-312.41751476596693  384.60166189584584  -128.77136458861668  0
-307.67502802143946  391.01632427121785  -132.81397385084415  0
-301.77977130656399  390.00360982546096  -132.81156869096637  0
-302.07960519739561  387.42881453354386  -132.02702822029266  0
-303.56153648795072  384.59959597351303  -128.7660098116238  0
-307.90445428307748  395.11778594677696  -130.86807775323425  0
-313.52806408404155  390.25955543455302  -132.82745970102729  0
-303.55764549652531  396.46042237677972  -128.73983569432045  0
-312.41834561110869  396.44755663443976  -128.77338637346389  0
-301.50406528813028  385.75695478761827  -130.67684436974616  0
-314.24799391060304  387.69791438385607  -132.16896545637238  0
-308.03335497286582  386.12204418411932  -131.05865007781006  0
-307.89045089357825  388.66581352805349  -132.55474190837978  0
-312.38408930068607  392.92687675478214  -132.36123172713334  0
-314.67235998411178  395.04211891814737  -130.94598419524084  0
-314.5330596872401  385.79123123294215  -130.71549569346968  0
-302.79373915984786  393.11416224313581  -132.28117707775516  0
-314.5330596872401  322.23376876705782  -141.81751452925968  0
-307.67502802143946  317.00867572878212  -139.71903637188521  0
-303.56153648795072  323.42540402648694  -143.76700041110556  0
-312.41834561110869  311.57744336556021  -143.75962384926547  0
-307.89045089357825  319.35918647194649  -139.97826831434958  0
-301.77977130656399  318.02139017453902  -139.72144153176299  0
-314.67235998411178  312.98288108185261  -141.58702602748852  0
-301.50406528813028  322.26804521238171  -141.8561658529832  0
-302.79373915984786  314.91083775686417  -140.2518331449742  0
-313.52806408404155  317.76544456544701  -139.70555052170207  0
-301.60095262593308  312.76155532018481  -141.82275006460094  0
-302.07960519739561  320.59618546645618  -140.5059820024367  0
-303.55764549652531  311.56457762322026  -143.79317452840891  0
-308.03335497286582  321.90295581588066  -141.4743601449193  0
-307.90445428307748  312.90721405322302  -141.66493246949511  0
-312.41751476596693  323.42333810415414  -143.76164563411268  0
-312.38408930068607  315.09812324521783  -140.17177849559602  0
-314.24799391060304  320.3270856161439  -140.36404476635698  0
-302.07960519739561  314.40381453354388  -151.59401799756327  0
-302.79373915984786  320.08916224313583  -151.84816685502577  0
-312.38408930068607  319.90187675478217  -151.92822150440395  0
-307.67502802143946  317.99132427121788  -152.38096362811476  0
-301.60095262593308  322.23844467981519  -150.27724993539903  0
-301.50406528813028  312.73195478761829  -150.24383414701677  0
-308.03335497286582  313.09704418411934  -150.62563985508066  0
-314.67235998411178  322.01711891814739  -150.51297397251145  0
-312.41834561110869  323.42255663443979  -148.3403761507345  0
-312.41751476596693  311.57666189584586  -148.33835436588728  0
-303.56153648795072  311.57459597351306  -148.33299958889441  0
-301.77977130656399  316.97860982546098  -152.37855846823697  0
-314.5330596872401  312.76623123294218  -150.28248547074028  0
-307.90445428307748  322.09278594677698  -150.43506753050485  0
-314.24799391060304  314.6729143838561  -151.73595523364298  0
-313.52806408404155  317.23455543455304  -152.3944494782979  0
-307.89045089357825  315.64081352805351  -152.12173168565039  0
-303.55764549652531  323.43542237677974  -148.30682547159105  0
-301.52231155602306  249.25792706544851  -122.30615630062485  0
-302.12102951617709  247.60058922223689  -120.95551603333067  0
-313.07572701530734  242.02109783929615  -120.62631625892242  0
-308.02728265285293  246.43771507780133  -120.44394990481806  0
-301.68472587001708  239.74109891265525  -122.25067274856264  0
-314.45154029244833  239.96204924476999  -122.01582145563336  0
-303.57762376661708  250.40939136283325  -124.22347505975229  0
-312.99671747443472  238.5943097317585  -124.08718427558509  0
-313.95358899506533  247.46897422213559  -120.88313358505356  0
-312.4757776125017  250.43431924850591  -124.29006378143472  0
-303.66948632260141  238.54567415854467  -124.21021567287445  0
-308.13803733470633  239.8932132219548  -122.08645135009613  0
-301.8634215804791  245.02384132025745  -120.15677333140306  0
-308.00971429129237  244.0523628976018  -120.14709056732997  0
-302.95209260644901  241.89241537630247  -120.68191061477218  0
-314.93065673914276  249.24139866650418  -122.28730482888352  0
-314.13294676445321  244.99498394677994  -120.15433605706947  0
-308.08649409070603  248.93227669492171  -121.96026940936103  0
-312.41751476596693  238.55166189584585  -128.77136458861668  0
-312.38408930068607  246.87687675478216  -132.36123172713334  0
-303.56153648795072  238.54959597351302  -128.7660098116238  0
-303.55764549652531  250.41042237677974  -128.73983569432045  0
-301.60095262593308  249.21344467981518  -130.71026015812842  0
-301.77977130656399  243.953609825461  -132.81156869096637  0
-307.89045089357825  242.61581352805351  -132.55474190837978  0
-313.52806408404155  244.20955543455301  -132.82745970102729  0
-314.67235998411178  248.99211891814741  -130.94598419524084  0
-314.5330596872401  239.74123123294217  -130.71549569346968  0
-314.24799391060304  241.64791438385609  -132.16896545637238  0
-302.79373915984786  247.06416224313585  -132.28117707775516  0
-301.50406528813028  239.70695478761829  -130.67684436974616  0
-312.41834561110869  250.39755663443978  -128.77338637346389  0
-308.03335497286582  240.07204418411933  -131.05865007781006  0
-307.67502802143946  244.96632427121787  -132.81397385084415  0
-307.90445428307748  249.06778594677695  -130.86807775323425  0
-302.07960519739561  241.37881453354385  -132.02702822029266  0
-314.24799391060304  193.8440753934145  -67.339044766356992  0
-314.67235998411178  186.49987085912318  -68.562026027488528  0
-307.89045089357825  192.87617624921708  -66.953268314349572  0
-314.5330596872401  195.75075854432842  -68.792514529259677  0
-307.90445428307748  186.42420383049364  -68.639932469495122  0
-302.79373915984786  188.42782753413474  -67.226833144974194  0
-303.55764549652531  185.08156740049085  -70.768174528408906  0
-301.50406528813028  195.7850349896523  -68.831165852983219  0
-307.67502802143946  190.52566550605272  -66.694036371885218  0
-301.77977130656399  191.53837995180962  -66.696441531763  0
-312.41834561110869  185.09443314283081  -70.734623849265489  0
-312.38408930068607  188.61511302248843  -67.146778495596038  0
-313.52806408404155  191.28243434271758  -66.680550521702074  0
-312.41751476596693  196.94032788142474  -70.736645634112691  0
-308.03335497286582  195.41994559315125  -68.449360144919311  0
-303.56153648795072  196.94239380375757  -70.742000411105579  0
-301.60095262593308  186.27854509745541  -68.797750064600947  0
-302.07960519739561  194.11317524372674  -67.48098200243669  0
-312.41834561110869  196.93954641171038  -75.315376150734494  0
-307.89045089357825  189.15780330532411  -79.096731685650411  0
-302.07960519739561  187.92080431081445  -78.569017997563293  0
-307.90445428307748  195.60977572404755  -77.410067530504861  0
-308.03335497286582  186.61403396138996  -77.600639855080686  0
-303.56153648795072  185.09158575078362  -75.307999588894418  0
-312.38408930068607  193.41886653205276  -78.903221504403945  0
-302.79373915984786  193.60615202040645  -78.823166855025789  0
-314.67235998411178  195.53410869541801  -77.487973972511455  0
-314.5330596872401  186.28322101021277  -77.257485470740306  0
-301.50406528813028  186.24894456488889  -77.218834147016764  0
-307.67502802143946  191.50831404848847  -79.355963628114765  0
-301.60095262593308  195.75543445708578  -77.252249935399036  0
-312.41751476596693  185.09365167311645  -75.313354365887307  0
-314.24799391060304  188.18990416112669  -78.710955233642991  0
-301.77977130656399  190.4955996027316  -79.353558468236983  0
-303.55764549652531  196.95241215405034  -75.281825471591063  0
-313.52806408404155  190.75154521182361  -79.369449478297909  0
-313.81981080241451  166.64855429959033  4.1555528135276703  0
-303.33808989172337  174.60849356975723  5.5087583328552485  0
-313.57238321397233  165.43095555951902  2.0232656828787894  0
-307.97383152299813  167.90969023738367  5.2714994816203511  0
-307.96800401861617  172.3708417701362  6.2828775600334925  0
-302.37736146480256  165.43095657352245  2.0232686994508065  0
-302.12944603814839  166.64856664429485  4.1555670769128668  0
-304.28080944451415  177.49156965252604  1.9549772719078633  0
-312.58295825657729  174.57442297419581  5.5281534962695638  0
-312.47631621285979  177.43132254069303  2.1322008967724293  0
-314.7183060139223  168.49245219307991  5.619200207305501  0
-301.40222026485691  172.19034130089625  6.3066944398937874  0
-314.54075992104094  172.18465955158271  6.3073588246799694  0
-301.35259321618327  176.5379859037605  3.7993288148216662  0
-304.709826567817  170.20388899763535  6.2265325318178339  0
-301.2304246910702  168.49256098962778  5.6192574687345207  0
-308.04967129866685  176.3746691864358  4.0087570896937317  0
-311.2349977256859  170.20306994466884  6.2263685593700497  0
-314.2680627490742  176.32280024352426  4.0716480430790973  0
-307.97459405375804  165.90555002000747  3.0954118335628316  0
-314.67235998411178  175.96711891814741  -4.4629739725114641  0
-303.55764549652531  177.38542237677973  -2.2568254715910765  0
-312.41834561110869  177.37255663443977  -2.290376150734506  0
-313.52806408404155  171.184555434553  -6.3444494782979124  0
-307.67502802143946  171.94132427121787  -6.3309636281147776  0
-301.77977130656399  170.928609825461  -6.3285584682369951  0
-302.79373915984786  174.03916224313585  -5.7981668550257925  0
-303.56153648795072  165.52459597351302  -2.2829995888944175  0
-312.38408930068607  173.85187675478215  -5.8782215044039541  0
-302.07960519739561  168.35381453354384  -5.5440179975632971  0
-301.60095262593308  176.18844467981518  -4.2272499353990405  0
-307.90445428307748  176.04278594677695  -4.3850675305048643  0
-314.5330596872401  166.71623123294216  -4.2324854707403139  0
-314.24799391060304  168.62291438385608  -5.6859552336429982  0
-312.41751476596693  165.52666189584585  -2.288354365887308  0
-301.50406528813028  166.68195478761828  -4.1938341470167781  0
-308.03335497286582  167.04704418411933  -4.5756398550806843  0
-307.89045089357825  169.5908135280535  -6.0717316856504144  0
-312.41751476596693  196.94032788142474  75.313354365887292  0
-301.60095262593308  186.27854509745541  77.252249935399036  0
-308.03335497286582  195.41994559315125  77.600639855080672  0
-303.56153648795072  196.94239380375757  75.307999588894404  0
-307.67502802143946  190.52566550605272  79.355963628114765  0
-307.89045089357825  192.87617624921708  79.096731685650411  0
-314.5330596872401  195.75075854432842  77.257485470740306  0
-301.50406528813028  195.7850349896523  77.218834147016764  0
-314.24799391060304  193.8440753934145  78.710955233642991  0
-312.41834561110869  185.09443314283081  75.315376150734494  0
-301.77977130656399  191.53837995180962  79.353558468236983  0
-302.07960519739561  194.11317524372674  78.569017997563293  0
-303.55764549652531  185.08156740049085  75.281825471591077  0
-302.79373915984786  188.42782753413474  78.823166855025789  0
-312.38408930068607  188.61511302248843  78.903221504403945  0
-314.67235998411178  186.49987085912318  77.487973972511455  0
-307.90445428307748  186.42420383049364  77.410067530504861  0
-313.52806408404155  191.28243434271758  79.369449478297909  0
-308.03335497286582  186.61403396138994  68.449360144919311  0
-301.77977130656399  190.4955996027316  66.696441531763  0
-303.55764549652531  196.95241215405034  70.76817452840892  0
-314.24799391060304  188.18990416112669  67.339044766356992  0
-302.79373915984786  193.60615202040645  67.226833144974194  0
-307.90445428307748  195.60977572404755  68.639932469495122  0
-303.56153648795072  185.09158575078362  70.742000411105565  0
-312.41751476596693  185.09365167311645  70.736645634112676  0
-312.38408930068607  193.41886653205276  67.146778495596038  0
-312.41834561110869  196.93954641171038  70.734623849265489  0
-301.50406528813028  186.24894456488889  68.831165852983219  0
-307.89045089357825  189.15780330532411  66.953268314349572  0
-301.60095262593308  195.75543445708578  68.797750064600947  0
-313.52806408404155  190.75154521182361  66.680550521702074  0
-307.67502802143946  191.50831404848847  66.694036371885218  0
-314.5330596872401  186.28322101021277  68.792514529259677  0
-314.67235998411178  195.53410869541801  68.562026027488528  0
-302.07960519739561  187.92080431081445  67.48098200243669  0
-312.38408930068607  242.07312324521783  132.36123172713334  0
-314.5330596872401  249.20876876705782  130.71549569346971  0
-301.60095262593308  239.73655532018481  130.71026015812842  0
-303.56153648795072  250.40040402648697  128.7660098116238  0
-307.67502802143946  243.98367572878212  132.81397385084415  0
-301.77977130656399  244.99639017453902  132.81156869096637  0
-314.24799391060304  247.3020856161439  132.16896545637238  0
-313.52806408404155  244.74044456544698  132.82745970102729  0
-312.41834561110869  238.55244336556021  128.77338637346389  0
-307.90445428307748  239.88221405322304  130.86807775323425  0
-307.89045089357825  246.33418647194648  132.55474190837978  0
-301.50406528813028  249.2430452123817  130.67684436974616  0
-303.55764549652531  238.53957762322025  128.73983569432045  0
-308.03335497286582  248.87795581588065  131.05865007781006  0
-302.79373915984786  241.88583775686413  132.28117707775516  0
-302.07960519739561  247.57118546645614  132.02702822029266  0
-314.67235998411178  239.95788108185258  130.94598419524084  0
-312.41751476596693  250.39833810415413  128.77136458861668  0
-301.60095262593308  249.21344467981518  122.25576028733033  0
-302.79373915984786  247.06416224313585  120.68484336770358  0
-301.50406528813028  239.70695478761829  122.2891760757126  0
-314.67235998411178  248.99211891814741  122.02003625021791  0
-314.24799391060304  241.64791438385609  120.79705498908638  0
-312.38408930068607  246.87687675478216  120.60478871832542  0
-308.03335497286582  240.07204418411936  121.9073703676487  0
-302.07960519739561  241.37881453354385  120.93899222516607  0
-307.90445428307748  249.06778594677695  122.09794269222451  0
-312.41751476596693  238.55166189584585  124.19465585684208  0
-307.67502802143946  244.96632427121787  120.1520465946146  0
-303.55764549652531  250.41042237677974  124.22618475113831  0
-314.5330596872401  239.74123123294217  122.25052475198906  0
-301.77977130656399  243.953609825461  120.15445175449238  0
-312.41834561110869  250.39755663443978  124.19263407199487  0
-307.89045089357825  242.61581352805351  120.41127853707896  0
-313.52806408404155  244.20955543455301  120.13856074443146  0
-303.56153648795072  238.54959597351302  124.20001063383495  0
-302.89364649978381  322.00898708893078  150.52118948735739  0
-312.75737487240201  323.55770652451014  147.95438747709258  0
-314.57144216361979  320.17518326841429  151.80898380622799  0
-311.83541236391994  322.24299268552517  150.27214641918712  0
-304.25311697121663  323.44841112283046  148.27236475714201  0
-301.8014951206909  312.93269457854575  150.46160075110549  0
-307.96255587139439  313.83944486409274  151.2387220099927  0
-314.14067642403222  312.93276669977581  150.46167541658758  0
-312.45716549454323  317.68895209026522  152.39718812605898  0
-307.97153850355647  312.01141719959134  149.24342431303114  0
-302.3301733005278  311.50215930999747  148.13528344772354  0
-307.94093400570358  315.8339808276499  152.17755090695798  0
-301.10934743938435  320.13009602669746  151.8297140837891  0
-302.34594950360685  315.11019595854378  151.93314003262199  0
-313.61789115844545  311.50216418762545  148.13529747705155  0
-303.36406472492644  317.683350240241  152.39735241572447  0
-313.57195264030452  315.11095142736934  151.93344685686981  0
-307.70569289578856  320.12163075615013  151.83355878144309  0
-314.24799391060304  314.6729143838561  140.36404476635698  0
-303.55764549652531  323.43542237677974  143.79317452840891  0
-302.07960519739561  314.40381453354388  140.5059820024367  0
-313.52806408404155  317.23455543455304  139.70555052170207  0
-314.5330596872401  312.76623123294218  141.81751452925968  0
-307.89045089357825  315.64081352805351  139.97826831434958  0
-303.56153648795072  311.57459597351306  143.76700041110556  0
-312.38408930068607  319.90187675478217  140.17177849559602  0
-301.60095262593308  322.23844467981519  141.82275006460094  0
-314.67235998411178  322.01711891814739  141.58702602748852  0
-307.67502802143946  317.99132427121788  139.71903637188521  0
-301.50406528813028  312.73195478761829  141.8561658529832  0
-308.03335497286582  313.09704418411934  141.4743601449193  0
-307.90445428307748  322.09278594677698  141.66493246949511  0
-312.41751476596693  311.57666189584586  143.76164563411268  0
-301.77977130656399  316.97860982546098  139.72144153176299  0
-302.79373915984786  320.08916224313583  140.2518331449742  0
-312.41834561110869  323.42255663443979  143.75962384926547  0
-308.03335497286582  394.92795581588064  131.05865007781006  0
-312.41834561110869  384.60244336556019  128.77338637346389  0
-301.60095262593308  385.78655532018479  130.71026015812842  0
-314.67235998411178  386.00788108185259  130.94598419524084  0
-307.67502802143946  390.0336757287821  132.81397385084415  0
-314.5330596872401  395.2587687670578  130.71549569346968  0
-301.50406528813028  395.29304521238168  130.67684436974616  0
-301.77977130656399  391.046390174539  132.81156869096637  0
-312.41751476596693  396.44833810415412  128.77136458861668  0
-312.38408930068607  388.12312324521781  132.36123172713334  0
-303.56153648795072  396.45040402648692  128.7660098116238  0
-314.24799391060304  393.35208561614388  132.16896545637238  0
-302.07960519739561  393.6211854664561  132.02702822029266  0
-313.52806408404155  390.79044456544699  132.82745970102729  0
-302.79373915984786  387.93583775686415  132.28117707775516  0
-307.89045089357825  392.38418647194646  132.55474190837978  0
-307.90445428307748  385.93221405322299  130.86807775323425  0
-303.55764549652531  384.58957762322024  128.73983569432045  0
-301.60095262593308  395.26344467981517  122.25576028733033  0
-302.07960519739561  387.42881453354386  120.93899222516607  0
-314.5330596872401  385.79123123294215  122.25052475198906  0
-301.77977130656399  390.00360982546096  120.15445175449238  0
-312.41751476596693  384.60166189584584  124.19465585684208  0
-303.56153648795072  384.59959597351303  124.20001063383495  0
-307.67502802143946  391.01632427121785  120.1520465946146  0
-301.50406528813028  385.75695478761827  122.2891760757126  0
-313.52806408404155  390.25955543455302  120.13856074443146  0
-308.03335497286582  386.12204418411932  121.9073703676487  0
-314.24799391060304  387.69791438385607  120.79705498908638  0
-312.38408930068607  392.92687675478214  120.60478871832542  0
-314.67235998411178  395.04211891814737  122.02003625021791  0
-312.41834561110869  396.44755663443976  124.19263407199487  0
-302.79373915984786  393.11416224313581  120.68484336770358  0
-307.89045089357825  388.66581352805349  120.41127853707896  0
-307.90445428307748  395.11778594677696  122.09794269222451  0
-303.55764549652531  396.46042237677972  124.22618475113829  0
-314.24799391060304  446.81009583884793  78.710955233642991  0
-308.03335497286582  448.38596603858468  77.600639855080672  0
-301.60095262593308  439.24456554288884  77.252249935399036  0
-314.5330596872401  448.71677898976185  77.257485470740306  0
-302.79373915984786  441.39384797956819  78.823166855025789  0
-302.07960519739561  447.07919568916014  78.569017997563293  0
-303.55764549652531  438.04758784592428  75.281825471591077  0
-314.67235998411178  439.46589130455664  77.487973972511455  0
-301.77977130656399  444.50440039724305  79.353558468236983  0
-307.67502802143946  443.49168595148615  79.355963628114765  0
-312.38408930068607  441.58113346792186  78.903221504403945  0
-313.52806408404155  444.24845478815104  79.369449478297909  0
-312.41834561110869  438.06045358826424  75.315376150734494  0
-301.50406528813028  448.75105543508573  77.218834147016764  0
-307.89045089357825  445.84219669465051  79.096731685650411  0
-312.41751476596693  449.90634832685816  75.313354365887292  0
-307.90445428307748  439.39022427592704  77.410067530504861  0
-303.56153648795072  449.90841424919097  75.307999588894404  0
-307.67502802143946  444.4743344939219  66.694036371885218  0
-307.90445428307748  448.57579616948101  68.639932469495122  0
-314.24799391060304  441.15592460656012  67.339044766356992  0
-303.56153648795072  438.05760619621708  70.742000411105565  0
-301.60095262593308  448.72145490251921  68.797750064600947  0
-314.67235998411178  448.50012914085141  68.562026027488528  0
-301.77977130656399  443.461620048165  66.696441531763  0
-302.07960519739561  440.8868247562479  67.48098200243669  0
-313.52806408404155  443.71756565725707  66.680550521702074  0
-301.50406528813028  439.21496501032232  68.831165852983219  0
-307.89045089357825  442.12382375075754  66.953268314349572  0
-312.41751476596693  438.05967211854988  70.736645634112676  0
-303.55764549652531  449.91843259948376  70.76817452840892  0
-308.03335497286582  439.58005440682336  68.449360144919311  0
-312.38408930068607  446.38488697748619  67.146778495596038  0
-302.79373915984786  446.57217246583986  67.226833144974194  0
-312.41834561110869  449.90556685714381  70.734623849265489  0
-314.5330596872401  439.2492414556462  68.792514529259677  0
-312.59885736558795  457.47805545874797  1.8584911858709305  0
-310.92854695921983  458.65835457284618  4.0489881470566944  0
-302.33754941746196  458.64555024243396  4.0334690497771941  0
-311.69743333299584  469.51301036927458  2.1828896756187643  0
-312.24464930262207  460.71480654743027  5.6819167616664448  0
-307.38984354809133  464.97057847517107  6.1890594435568724  0
-312.94385736729879  468.15529638310852  4.3719269462935113  0
-303.6953432612014  460.13588827168252  5.354095731920145  0
-313.5818057431498  463.27068577022777  6.3438539990329827  0
-308.18016673092444  466.92092168322085  5.3813926641336129  0
-304.21474721347107  468.40281307381201  4.0954493368418969  0
-304.05040818452522  457.56456066463119  2.1206168825651024  0
-314.01234417970795  466.09436382331069  5.8179646556701901  0
-301.21912085890511  464.34203910085279  6.3004106265163538  0
-305.00483102092051  462.42457953971928  6.2494742808960799  0
-303.20720116884195  469.61664465348173  1.8757192349552485  0
-302.33671638897869  466.47513641822297  5.636140251518353  0
-312.38408930068607  465.95187675478212  -5.8782215044039541  0
-307.90445428307748  468.14278594677694  -4.3850675305048643  0
-312.41751476596693  457.62666189584581  -2.288354365887308  0
-307.67502802143946  464.04132427121783  -6.3309636281147776  0
-301.77977130656399  463.02860982546093  -6.3285584682369942  0
-301.50406528813028  458.78195478761825  -4.1938341470167781  0
-313.52806408404155  463.284555434553  -6.3444494782979124  0
-302.79373915984786  466.13916224313579  -5.7981668550257925  0
-308.03335497286582  459.1470441841193  -4.5756398550806843  0
-307.89045089357825  461.69081352805347  -6.0717316856504144  0
-314.24799391060304  460.72291438385605  -5.6859552336429982  0
-302.07960519739561  460.45381453354383  -5.5440179975632971  0
-303.55764549652531  469.4854223767797  -2.2568254715910765  0
-303.56153648795072  457.62459597351301  -2.2829995888944228  0
-314.67235998411178  468.06711891814734  -4.4629739725114641  0
-301.60095262593308  468.28844467981514  -4.2272499353990405  0
-314.5330596872401  458.81623123294213  -4.2324854707403139  0
-312.41834561110869  469.47255663443974  -2.290376150734506  0
-298.01428303473682  389.75254344400662  109.31887947557931  0
-294.50487973324056  267.93856243612163  117.44373663115847  0
-294.30097869469887  339.67409103655643  125.44899312620721  0
-296.70110859676254  380.65833318153898  112.45101804512221  0
-294.43784582806614  427.5769204582781  64.230519693338564  0
-294.43248961616979  278.55804839384433  121.34855826170474  0
-295.14471911998055  350.84521735598679  123.34990504069634  0
-293.60329037985463  435.3651720009521  47.77743319503368  0
-295.46263735727575  247.27172053738636  106.97021726615428  0
-294.54652201477796  372.03779731700297  115.23621252485974  0
-294.32248139179103  407.28343576881451  90.388664186795836  0
-297.95915934675708  190.59699183047798  32.108527967360409  0
-295.40445685063736  444.13805443821417  18.11791478588356  0
-296.52639693784715  226.80846048051333  91.453377863470962  0
-296.69833673875985  195.27300159100491  41.158427302806174  0
-296.55873508315472  205.49961712632444  63.661192170893962  0
-297.9278281535623  416.22352108098556  85.847033482361056  0
-295.76538978142901  438.09682338985982  43.388875255959071  0
-296.84975572623983  217.41975997154813  81.608292523403804  0
-296.93097035645894  446.35103190523284  9.8740231939786884  0
-296.56044321628701  269.14995846420669  119.4133192967915  0
-297.61335858848577  289.64886097999579  127.18582918322889  0
-295.31202878378883  445.08041606058896  8.6347256956436489  0
-293.71247755261919  444.17387140731398  11.646534561794272  0
-297.92114457530676  266.77673657199739  120.57848290377419  0
-296.01640742081145  442.01894523884994  31.131319767254791  0
-297.6308331157108  301.4515616655184  129.23770593921023  0
-296.49750044483619  192.43711088605261  30.671798733742342  0
-297.89345892551734  444.69330927619256  30.290400746616434  0
-296.53750730251409  390.42250668401226  106.17802508361214  0
-297.53839839207711  440.67638562529385  41.788299610074631  0
-296.60490932867589  406.20638727556059  93.487248752223309  0
-298.00753095465876  196.50638444861252  50.270117712225293  0
-294.54687046608382  195.12974445507643  35.767494591791646  0
-294.44431054271479  314.45029002680553  127.41209083737017  0
-294.38080822230711  199.98382588788945  49.262170355736949  0
-296.55463588687383  279.33497392607921  123.04155121321115  0
-296.49849106544178  311.40070226426252  128.62553790640808  0
-297.92084421989159  277.52235575474174  124.55371405390636  0
-297.97815178222703  211.72764475153951  77.198284696321451  0
-297.89337292669956  362.10888996592581  122.90501667336844  0
-294.35571337181068  238.42527046971222  99.90772750762217  0
-297.82669355232917  423.3923767024362  76.451485354089783  0
-297.70139841263187  350.38340485076964  126.14324266132485  0
-296.35286955534417  258.48241032917343  114.29684145489853  0
-294.40560198050008  206.0237352442237  61.74384273765822  0
-294.78800493664664  432.74858941654105  54.760883619421755  0
-294.04620238452998  360.74445133870483  119.73567845445439  0
-296.3903749789107  361.1068114267095  121.05396942025902  0
-294.3670174571364  190.58450800677878  11.310286958335256  0
-296.64868355774183  371.81489124073084  116.91900200945399  0
-298.02840521360531  437.37157483276349  53.022731834529495  0
-294.46048126341378  229.00036132511855  91.720224370040995  0
-297.90279473039305  314.84595587640183  130.74429127912467  0
-297.94514618550011  203.49825859734517  64.266818865925472  0
-294.43300979016675  192.01689889744137  22.270875457271501  0
-297.94642044399757  338.23202349670612  129.21915684752076  0
-296.40966736060142  415.31526706506526  83.620333960310518  0
-297.46814713344651  398.88655805942307  101.31789750243061  0
-294.73000453655169  213.02979638477387  73.213002829065346  0
-296.74468538354671  211.11570750145455  72.996766231089666  0
-297.58946116073508  326.92646172797174  129.81628989576251  0
-296.62665093935834  199.5965353650854  52.08772254263512  0
-297.96284067099771  234.94236041983373  101.59664822033589  0
-297.95079017214562  374.05495594165711  118.03240733781342  0
-296.50485907750635  189.10446097827051  9.894102940790658  0
-297.87399843110563  256.43196954854903  115.56433170090236  0
-297.05506251366802  445.15305301018441  21.061591720685279  0
-296.73632862638618  434.31313474887361  54.758822162992892  0
-294.4325359887863  414.06931114030766  83.164421485506665  0
-297.59523233197035  246.92817375206315  109.37702612089052  0
-296.59004680608831  235.93675811061991  99.761130848945299  0
-297.94751070394966  223.3110791309339  90.865439534249219  0
-294.79273951834102  221.03178456504773  83.519101341006646  0
-296.5320357841062  427.77482572210971  66.554882694805627  0
-296.76453664136295  190.19445082142423  21.094150183013813  0
-294.95761841688125  302.1258320858372  126.75032878999838  0
-298.05658773109212  407.39276011718528  95.496183346676361  0
-297.93546368187003  187.37210047109878  13.689902956464785  0
-294.85111311194225  397.5498742021536  99.401424417063922  0
-294.49388429604574  420.72673675766981  74.782779911146051  0
-296.56378311434122  340.22273597702235  126.81401556687759  0
-298.06444939183439  447.95310835608734  13.705095888038327  0
-294.32902618291484  386.51464489668308  107.09238474218208  0
-297.9421983247118  430.1478137142924  66.597872216614107  0
-295.79921522981465  326.90240868202602  127.84347921466897  0
-295.10728967232001  290.69352991384005  124.91329541924192  0
-294.0469409762681  255.81344818650751  111.36222499112873  0
-293.73828067982407  442.35141499189393  24.40848094558665  0
-296.41638748363107  421.8301186447062  75.345960271364291  0
-293.86933934058635  439.47808704931259  36.253077202718849  0
-293.74467183342489  323.71498803086428  127.06478202674155  0
Triangles
11912
127 2771 128  1
2758 2778 2781  1
2754 2779 2764  1
2762 143 142  1
147 2768 148  1
2765 143 2762  1
2768 147 2765  1
2770 2754 2761  1
144 2765 145  1
2777 2760 2776  1
143 2765 144  1
140 2762 141  1
2 2766 152  1
148 2768 149  1
151 2766 2  1
156 2767 157  1
2757 2763 2773  1
154 2773 155  1
2773 153 2766  1
153 2773 154  1
2767 2773 2763  1
159 2769 160  1
161 2769 162  1
2769 2779 2775  1
163 2775 164  1
2757 2772 2763  1
2765 2774 2755  1
165 2754 166  1
2754 165 2775  1
2754 167 166  1
167 2754 168  1
168 2770 169  1
2758 2770 2761  1
127 2780 2771  1
2780 127 126  1
2781 131 130  1
131 2778 132  1
2765 147 146  1
2759 139 138  1
136 2782 2759  1
139 2762 140  1
2778 134 133  1
2760 2777 2774  1
2782 136 135  1
2772 2764 2779  1
136 2759 137  1
2768 2766 151  1
2768 151 150  1
2773 2767 156  1
2782 134 2778  1
2755 2757 2766  1
2757 2774 2756  1
131 2781 2778  1
2758 2780 2770  1
2759 138 137  1
134 2782 135  1
2774 2757 2755  1
2759 2762 139  1
2770 168 2754  1
2772 2757 2756  1
142 141 2762  1
2762 2759 2760  1
160 2769 161  1
2769 159 2767  1
2764 2777 2761  1
2761 2754 2764  1
2765 146 145  1
2765 2762 2760  1
2766 153 152  1
2766 2768 2755  1
2767 159 158  1
158 157 2767  1
150 149 2768  1
2768 2765 2755  1
162 2775 163  1
2769 2767 2763  1
1 2780 126  1
1 169 2770  1
129 2781 130  1
129 128 2771  1
2769 2763 2772  1
2772 2756 2764  1
2773 156 155  1
2773 2766 2757  1
2774 2765 2760  1
2774 2777 2756  1
2775 165 164  1
2775 162 2769  1
2760 2759 2776  1
2776 2758 2777  1
2777 2758 2761  1
2777 2764 2756  1
2778 133 132  1
2781 129 2771  1
2779 2754 2775  1
2779 2769 2772  1
2780 1 2770  1
2780 2758 2771  1
2771 2758 2781  1
2778 2758 2776  1
2778 2776 2782  1
2776 2759 2782  1
2822 2789 2799  2
2793 2794 2803  2
2816 227 2795  2
227 2823 2795  2
6 2808 2799  2
137 199 198  2
137 198 136  2
199 137 138  2
199 138 200  2
201 139 140  2
201 140 141  2
147 207 206  2
2796 171 172  2
188 2825 189  2
1 2784 190  2
2813 2784 2820  2
212 2812 211  2
216 2817 215  2
2823 227 2810  2
2792 2807 2798  2
2805 2821 2815  2
2817 217 2819  2
2817 2819 2813  2
2812 214 2817  2
2804 176 177  2
178 2805 2783  2
179 189 180  2
171 2802 2790  2
5 189 179  2
189 185 184  2
189 184 183  2
2814 187 2821  2
180 189 181  2
189 182 181  2
2825 188 2814  2
2814 2805 2825  2
186 2825 4  2
2815 2806 2783  2
130 193 192  2
211 2818 8  2
191 128 129  2
196 133 134  2
2808 6 190  2
192 129 130  2
195 132 133  2
196 135 197  2
132 194 131  2
135 196 134  2
133 196 195  2
132 195 194  2
193 131 194  2
131 193 130  2
139 201 200  2
197 136 198  2
136 197 135  2
176 2804 2797  2
2819 2816 2822  2
224 2801 225  2
225 2800 226  2
226 2810 227  2
2804 2798 2797  2
2787 222 2811  2
170 2790 228  2
222 2787 223  2
223 2793 224  2
2787 2811 2788  2
2802 2811 221  2
221 2811 222  2
220 2802 221  2
143 204 203  2
219 2802 220  2
151 7 210  2
170 228 3  2
219 10 228  2
141 202 201  2
202 142 203  2
200 138 139  2
202 141 142  2
205 145 206  2
203 142 143  2
148 208 207  2
204 143 144  2
144 205 204  2
208 149 209  2
207 147 148  2
147 206 146  2
150 210 209  2
210 150 151  2
145 205 144  2
206 145 146  2
7 151 2  2
149 208 148  2
209 149 150  2
2806 2804 2783  2
218 2819 217  2
191 129 192  2
2799 2821 6  2
2802 219 2790  2
214 2812 213  2
2810 226 2800  2
6 2821 187  2
2788 2796 173  2
174 2794 2788  2
173 174 2788  2
2788 2794 2787  2
187 2814 188  2
2789 2823 2786  2
2790 219 228  2
2790 170 171  2
2809 2801 2793  2
211 2812 2818  2
175 2797 2803  2
2786 2815 2789  2
2793 223 2787  2
2794 2793 2787  2
175 2803 2794  2
2794 174 175  2
227 2816 9  2
2792 2786 2810  2
171 2796 2802  2
172 173 2796  2
2804 2806 2798  2
2800 225 2801  2
2815 2786 2806  2
2798 2807 2797  2
126 2820 2784  2
2823 2810 2786  2
2791 127 128  2
2820 2785 2813  2
2801 224 2793  2
2807 2792 2800  2
2810 2800 2792  2
2784 1 126  2
2797 175 176  2
2801 2809 2807  2
177 2783 2804  2
2783 177 178  2
128 191 2791  2
2821 2799 2789  2
2786 2792 2806  2
2792 2798 2806  2
2800 2801 2807  2
2797 2809 2803  2
2816 2819 218  2
2816 218 9  2
2793 2803 2809  2
2809 2797 2807  2
191 2826 2791  2
2812 2817 2785  2
2811 2802 2796  2
2796 2788 2811  2
2824 2812 2785  2
2818 191 8  2
2822 2795 2823  2
2784 2813 2808  2
189 183 182  2
189 186 185  2
2815 2783 2805  2
2825 178 4  2
2795 2822 2816  2
2799 2819 2822  2
2817 2813 2785  2
213 2812 212  2
2826 127 2791  2
2819 2808 2813  2
215 2817 214  2
2818 2812 2826  2
2785 2820 126  2
189 2825 186  2
2821 2789 2815  2
2819 2799 2808  2
217 2817 216  2
2808 190 2784  2
2789 2822 2823  2
127 2826 2824  2
2824 126 127  2
2805 2814 2821  2
178 2825 2805  2
126 2824 2785  2
2812 2824 2826  2
2826 191 2818  2
231 228 230  3
228 231 232  3
11 229 233  3
228 229 3  3
233 228 232  3
228 233 229  3
230 228 10  3
12 231 230  3
247 240 14  4
250 17 249  4
13 247 248  4
2830 2828 239  4
247 13 246  4
257 250 256  4
2830 13 248  4
247 245 244  4
247 243 242  4
247 242 241  4
247 241 240  4
2831 233 232  4
2828 2827 238  4
2828 262 2827  4
233 2831 258  4
252 250 251  4
254 250 253  4
235 2831 234  4
231 2831 232  4
2829 237 2827  4
234 231 12  4
2831 2832 259  4
233 258 11  4
2829 2827 261  4
2831 235 2832  4
260 2832 2829  4
238 2827 237  4
262 2828 263  4
247 244 243  4
2833 263 2828  4
255 250 254  4
2833 17 264  4
17 250 257  4
13 2830 239  4
256 250 255  4
250 16 251  4
247 246 245  4
253 250 252  4
262 261 2827  4
237 2829 236  4
238 239 2828  4
263 2833 264  4
261 260 2829  4
236 2832 235  4
15 2830 248  4
2833 2828 2830  4
259 258 2831  4
2831 231 234  4
2832 236 2829  4
2832 260 259  4
2833 15 249  4
15 2833 2830  4
2833 249 17  4
274 177 176  5
178 265 4  5
170 2839 283  5
171 280 172  5
170 283 282  5
275 176 276  5
282 171 170  5
177 274 273  5
173 279 278  5
283 2839 284  5
21 2838 2836  5
2844 287 286  5
20 2838 289  5
2838 21 288  5
298 2836 2841  5
2838 20 2837  5
2841 297 298  5
2841 296 297  5
2845 260 2841  5
2842 264 17  5
292 2835 291  5
2846 2841 261  5
294 2847 293  5
302 2842 301  5
2847 2835 292  5
304 2840 303  5
304 290 2840  5
264 2847 263  5
291 2835 290  5
2847 264 2835  5
2847 294 2846  5
2842 302 2840  5
2841 2846 296  5
264 2842 2835  5
2839 170 3  5
285 2844 286  5
2837 20 287  5
287 2844 2837  5
296 2846 295  5
11 2839 229  5
261 2841 260  5
2846 263 2847  5
11 2844 2839  5
279 173 172  5
280 171 281  5
281 171 282  5
279 172 280  5
277 175 19  5
278 174 173  5
276 175 277  5
174 278 19  5
274 176 275  5
2843 177 272  5
272 177 273  5
269 270 18  5
2843 272 271  5
269 2834 270  5
2834 269 268  5
2837 2836 2838  5
177 2843 178  5
175 276 176  5
19 175 174  5
2838 288 289  5
266 2834 267  5
270 2843 271  5
2834 268 267  5
2842 2840 2835  5
290 2835 2840  5
299 21 2836  5
258 2845 2844  5
2844 2845 2837  5
2845 258 259  5
265 2843 266  5
285 284 2839  5
2839 3 229  5
2840 302 303  5
290 304 22  5
2836 298 299  5
260 2845 259  5
2842 17 300  5
300 301 2842  5
2843 270 2834  5
266 2843 2834  5
2844 285 2839  5
2844 11 258  5
2845 2841 2836  5
2836 2837 2845  5
294 295 2846  5
2846 261 262  5
292 293 2847  5
263 2846 262  5
265 178 2843  5
2855 2857 2850  6
184 2851 185  6
2848 316 269  6
2849 184 183  6
2851 266 265  6
2852 309 310  6
181 2849 182  6
268 2850 2848  6
308 23 309  6
2857 2856 2850  6
179 2853 180  6
2852 307 308  6
181 2853 2849  6
179 5 305  6
2849 2855 2854  6
2854 267 266  6
2855 2849 2853  6
311 2856 2852  6
267 2854 2850  6
186 2851 265  6
186 265 4  6
315 2848 314  6
309 2852 308  6
306 2857 2855  6
316 2848 315  6
313 2856 312  6
316 18 269  6
313 314 2848  6
2848 269 268  6
2849 183 182  6
306 2853 305  6
2856 311 312  6
2850 268 267  6
2851 186 185  6
2851 184 2849  6
2852 310 311  6
2856 2857 2852  6
2853 181 180  6
2853 179 305  6
2854 266 2851  6
2851 2849 2854  6
2850 2854 2855  6
2855 2853 306  6
2856 313 2848  6
2848 2850 2856  6
2857 306 307  6
307 2852 2857  6
333 359 358  7
324 367 325  7
360 331 361  7
353 193 192  7
2859 307 306  7
197 349 198  7
2858 320 319  7
349 197 350  7
209 340 339  7
342 205 343  7
202 345 203  7
348 199 198  7
340 209 208  7
343 205 204  7
206 341 207  7
345 202 346  7
205 342 206  7
204 344 343  7
346 201 200  7
201 346 202  7
199 347 200  7
344 204 203  7
203 345 344  7
209 339 210  7
210 339 338  7
7 338 337  7
340 208 207  7
338 7 210  7
337 355 7  7
358 334 333  7
356 335 357  7
336 355 337  7
355 336 356  7
334 357 335  7
335 356 336  7
340 207 341  7
341 206 342  7
334 358 357  7
332 359 333  7
359 332 360  7
329 363 362  7
362 330 329  7
330 362 361  7
330 361 331  7
331 360 332  7
363 328 364  7
366 326 325  7
326 366 365  7
325 367 366  7
365 327 326  7
369 322 370  7
368 323 369  7
327 365 364  7
327 364 328  7
328 363 329  7
367 324 368  7
321 370 322  7
321 371 370  7
323 368 324  7
2859 23 2860  7
320 2858 191  7
305 2859 306  7
192 354 353  7
307 2859 2860  7
2859 305 371  7
322 369 323  7
371 305 5  7
352 193 353  7
354 192 191  7
354 191 2858  7
24 2858 317  7
2858 319 318  7
347 199 348  7
348 198 349  7
196 350 197  7
346 200 347  7
351 195 194  7
350 196 351  7
195 351 196  7
193 352 194  7
351 194 352  7
2858 318 317  7
2858 24 354  7
371 321 2859  7
2860 23 308  7
23 2859 321  7
308 307 2860  7
320 191 8  7
25 384 372  8
374 2870 2862  8
2862 2870 2865  8
2863 2868 2865  8
8 211 320  8
2868 319 2866  8
320 2867 2866  8
211 2867 320  8
375 2862 2861  8
2871 373 372  8
377 2864 378  8
382 2871 383  8
2864 380 379  8
377 24 317  8
380 2864 2863  8
384 2871 372  8
373 2871 2870  8
2867 211 212  8
381 2871 382  8
2868 2866 2865  8
2861 218 376  8
319 2868 318  8
217 2861 216  8
215 2869 214  8
218 2861 217  8
216 2861 215  8
218 9 376  8
214 2867 213  8
2861 376 375  8
214 2869 2867  8
2862 375 374  8
2863 381 380  8
2868 317 318  8
2864 379 378  8
2864 377 317  8
2869 2866 2867  8
2870 374 373  8
319 320 2866  8
2865 2869 2862  8
212 213 2867  8
2869 2865 2866  8
2868 2863 2864  8
317 2868 2864  8
2869 215 2861  8
2861 2862 2869  8
2870 2871 2863  8
2863 2865 2870  8
2871 384 383  8
2871 381 2863  8
27 2876 399  9
2880 12 2879  9
397 2883 396  9
2883 394 395  9
2879 2873 2872  9
400 2878 401  9
409 2879 410  9
2883 2884 394  9
2876 2877 398  9
2873 2879 234  9
2878 2876 27  9
2873 234 235  9
2883 395 396  9
392 393 2884  9
239 2884 238  9
238 2883 237  9
394 2884 393  9
386 2875 385  9
391 239 2875  9
26 2881 389  9
2875 387 2881  9
389 2881 388  9
391 2884 239  9
390 2875 2881  9
2875 13 385  9
2877 235 236  9
407 2880 408  9
411 2879 2872  9
2879 411 410  9
235 2877 2873  9
2880 2879 409  9
236 2883 2877  9
2880 219 10  9
219 2880 407  9
220 406 405  9
221 403 222  9
2885 374 375  9
220 404 221  9
406 220 219  9
219 407 406  9
415 225 224  9
402 222 403  9
403 221 404  9
404 220 405  9
226 414 413  9
25 2882 412  9
224 29 415  9
29 224 223  9
223 402 29  9
402 223 222  9
412 2882 2874  9
225 415 414  9
414 226 225  9
226 2874 227  9
2874 226 413  9
2874 413 412  9
374 2882 373  9
374 2885 2882  9
2881 26 390  9
28 2878 400  9
28 411 2872  9
398 2877 397  9
2876 398 399  9
9 2885 376  9
2881 387 388  9
387 2875 386  9
390 391 2875  9
2876 2878 2872  9
2872 2873 2876  9
13 2875 239  9
2877 2876 2873  9
27 401 2878  9
2878 28 2872  9
12 2880 230  9
12 234 2879  9
409 408 2880  9
2880 10 230  9
376 2885 375  9
2885 9 227  9
2882 25 372  9
372 373 2882  9
2883 397 2877  9
2883 236 237  9
2884 2883 238  9
2884 391 392  9
2874 2882 2885  9
2885 227 2874  9
2890 387 2886  10
428 2893 2895  10
2893 427 426  10
2889 385 2894  10
2891 2894 2888  10
2893 428 427  10
2895 420 430  10
419 2895 2887  10
430 420 431  10
2893 2887 2895  10
2895 419 420  10
245 385 246  10
241 2888 242  10
2891 2897 2886  10
416 240 14  10
385 2889 386  10
240 2888 241  10
2888 240 416  10
387 2889 2886  10
245 2894 385  10
388 2890 389  10
425 2893 426  10
13 246 385  10
2894 2891 2889  10
389 422 421  10
387 2890 388  10
425 2896 2893  10
420 30 431  10
422 389 2896  10
422 2896 423  10
2891 2886 2889  10
2892 417 418  10
418 2887 2892  10
2895 430 429  10
242 2894 243  10
2888 416 417  10
2889 387 386  10
2894 242 2888  10
423 2896 424  10
389 421 26  10
2888 2892 2891  10
2892 2888 417  10
2887 418 419  10
2890 2898 2896  10
2896 425 424  10
2898 2893 2896  10
2894 245 244  10
244 243 2894  10
2887 2897 2892  10
2895 429 428  10
2898 2887 2893  10
2896 389 2890  10
2897 2891 2892  10
2887 2898 2897  10
2898 2890 2886  10
2886 2897 2898  10
484 445 446  11
509 474 475  11
448 480 481  11
480 31 479  11
2904 453 452  11
494 436 437  11
440 491 439  11
2905 2910 2899  11
2906 417 418  11
451 2900 2904  11
458 2907 459  11
30 2903 2902  11
471 513 470  11
460 2916 34  11
469 513 514  11
511 473 510  11
515 467 468  11
479 31 506  11
473 511 472  11
512 472 511  11
2912 499 33  11
512 471 472  11
471 512 513  11
513 469 470  11
508 476 477  11
508 475 476  11
506 478 479  11
478 507 477  11
482 446 447  11
477 507 508  11
507 478 506  11
485 445 484  11
447 481 482  11
475 508 509  11
31 480 448  11
481 447 448  11
446 483 484  11
446 482 483  11
474 509 510  11
510 473 474  11
488 441 442  11
441 488 489  11
444 486 443  11
441 490 440  11
445 485 444  11
490 441 489  11
487 442 443  11
487 443 486  11
486 444 485  11
442 487 488  11
491 440 490  11
435 495 496  11
437 493 494  11
493 437 438  11
493 438 492  11
439 492 438  11
436 494 495  11
492 439 491  11
432 2914 2900  11
436 495 435  11
435 497 434  11
2904 452 451  11
434 498 433  11
497 435 496  11
453 2904 2901  11
2900 451 450  11
2916 2909 2913  11
449 2900 450  11
458 2915 2907  11
456 2915 457  11
2915 2899 2907  11
504 2911 503  11
2899 2915 2905  11
420 2902 2913  11
2907 2912 33  11
498 2914 433  11
498 434 497  11
2903 30 500  11
416 2906 522  11
2906 416 417  11
465 518 464  11
467 515 516  11
2902 2916 2913  11
502 2903 501  11
2903 502 2911  11
2902 420 30  11
462 520 461  11
2916 460 2909  11
2913 419 420  11
514 468 469  11
517 466 516  11
467 516 466  11
461 2909 460  11
518 465 517  11
468 514 515  11
466 517 465  11
519 464 518  11
520 462 519  11
521 461 520  11
464 519 463  11
519 462 463  11
2910 453 2901  11
32 2905 454  11
2911 34 2916  11
2900 2914 2908  11
499 2908 2914  11
453 2910 32  11
419 2913 2906  11
505 2911 504  11
500 501 2903  11
2911 502 503  11
2900 449 432  11
2908 2904 2900  11
2905 456 455  11
455 454 2905  11
2906 2909 522  11
2906 418 419  11
499 2912 2908  11
33 459 2907  11
2901 2912 2910  11
2904 2908 2901  11
2909 461 521  11
521 522 2909  11
2899 2910 2912  11
2910 2905 32  11
2911 2916 2902  11
2902 2903 2911  11
2912 2901 2908  11
2912 2907 2899  11
34 2911 505  11
2909 2906 2913  11
2914 432 433  11
2914 498 499  11
2915 458 457  11
2915 456 2905  11
416 522 14  11
432 449 16  11
439 531 440  12
445 537 446  12
438 529 530  12
529 438 437  12
525 432 524  12
16 523 524  12
528 435 527  12
527 434 526  12
529 436 528  12
526 433 525  12
529 437 436  12
531 439 530  12
434 527 435  12
523 16 250  12
249 523 250  12
35 249 15  12
435 528 436  12
433 526 434  12
432 525 433  12
524 432 16  12
438 530 439  12
523 249 35  12
442 534 443  12
537 445 536  12
443 535 444  12
444 536 445  12
441 533 442  12
440 532 441  12
448 36 31  12
446 538 447  12
36 448 539  12
447 539 448  12
532 440 531  12
533 441 532  12
534 442 533  12
535 443 534  12
536 444 535  12
538 446 537  12
539 447 538  12
516 550 517  13
521 553 554  13
514 548 515  13
547 513 546  13
509 542 543  13
540 507 506  13
507 540 541  13
542 509 508  13
544 511 510  13
512 546 513  13
512 545 546  13
548 514 547  13
543 510 509  13
506 36 540  13
510 543 544  13
541 508 507  13
36 506 31  13
511 544 545  13
519 551 552  13
513 547 514  13
545 512 511  13
508 541 542  13
552 520 519  13
515 549 516  13
553 521 520  13
517 550 518  13
14 556 247  13
248 35 15  13
522 555 14  13
248 556 35  13
554 522 521  13
556 248 247  13
550 516 549  13
549 515 548  13
551 519 518  13
518 550 551  13
520 552 553  13
555 522 554  13
556 14 555  13
583 530 584  14
580 526 527  14
582 529 583  14
529 582 528  14
560 543 561  14
527 581 580  14
581 527 528  14
35 576 38  14
544 561 543  14
560 542 543  14
544 562 561  14
547 565 564  14
562 544 545  14
562 545 563  14
551 570 569  14
569 550 551  14
563 546 564  14
548 566 565  14
564 546 547  14
548 567 566  14
565 547 548  14
546 563 545  14
594 36 37  14
541 558 540  14
541 559 558  14
557 36 540  14
540 558 557  14
36 594 539  14
36 557 37  14
537 592 591  14
590 536 591  14
539 594 593  14
592 537 538  14
538 593 592  14
593 538 539  14
591 536 537  14
531 586 585  14
532 587 586  14
536 590 535  14
587 532 533  14
589 534 535  14
534 589 588  14
532 586 531  14
533 588 587  14
588 533 534  14
535 590 589  14
530 583 529  14
581 528 582  14
584 530 531  14
531 585 584  14
579 525 526  14
35 575 556  14
524 577 523  14
525 579 578  14
526 580 579  14
576 35 523  14
523 577 576  14
525 578 524  14
577 524 578  14
556 574 555  14
572 554 573  14
552 571 570  14
555 573 554  14
572 553 554  14
553 572 571  14
575 35 38  14
559 541 542  14
542 560 559  14
573 555 574  14
574 556 575  14
549 568 567  14
550 569 568  14
570 551 552  14
550 568 549  14
567 548 549  14
571 552 553  14
2939 2930 2934  15
2930 2940 2934  15
2982 2973 2926  15
605 2928 2917  15
2973 2924 2956  15
2984 600 601  15
39 2984 602  15
599 2953 2932  15
557 2935 558  15
599 2932 598  15
2978 2980 2962  15
610 2978 2962  15
2940 612 613  15
2925 2937 2961  15
2923 2987 2986  15
608 2959 2924  15
2980 2978 2933  15
2956 2936 561  15
2953 2971 2983  15
2942 37 595  15
2971 2977 2935  15
597 2942 596  15
2936 2956 2945  15
559 2923 560  15
557 2983 2935  15
37 2942 557  15
560 2956 561  15
2953 599 600  15
2948 2967 566  15
2936 2943 563  15
2931 2966 2927  15
2944 2968 2938  15
2927 2961 2937  15
2989 2954 2950  15
2954 2989 627  15
624 2958 623  15
2947 2989 2950  15
625 2954 626  15
2957 620 621  15
38 2954 625  15
2963 2988 2957  15
629 628 2989  15
2921 619 620  15
2955 2988 2960  15
615 2979 2975  15
2946 631 630  15
612 2940 2930  15
618 2925 617  15
2975 2919 2972  15
617 2961 616  15
622 2976 2952  15
2966 2967 2919  15
2946 632 631  15
632 2946 624  15
2929 618 619  15
620 2957 2921  15
2918 2952 2976  15
2963 621 2952  15
624 40 632  15
2953 2983 2932  15
604 605 2917  15
575 2950 2954  15
2941 2970 574  15
2967 2931 567  15
613 2972 2940  15
618 2949 2925  15
570 2944 2990  15
2988 2922 2921  15
2921 2929 619  15
2955 2960 572  15
2920 2990 2944  15
2923 2986 2973  15
2928 606 2926  15
608 2982 607  15
561 2936 562  15
2949 618 2929  15
2925 2938 2937  15
2928 605 606  15
606 607 2926  15
568 2985 2968  15
2931 2967 2966  15
2986 2926 2973  15
2977 2971 2917  15
2929 2921 2922  15
2922 2920 2929  15
2930 2939 611  15
2930 611 612  15
2937 2985 2927  15
568 567 2931  15
2932 597 598  15
604 2981 603  15
609 2962 2959  15
2943 2936 2933  15
2948 566 565  15
565 2969 2948  15
558 2987 559  15
2983 2971 2935  15
2936 2980 2933  15
2936 563 562  15
2938 2949 2920  15
2931 2927 2985  15
569 2944 570  15
2938 2968 2937  15
2943 2974 2951  15
611 2978 610  15
2972 613 614  15
2934 2965 2948  15
2941 574 573  15
573 2960 2941  15
2942 595 596  15
2942 597 2932  15
564 2969 565  15
564 563 2943  15
2938 2920 2944  15
2990 2922 2955  15
2973 2982 2924  15
2933 2978 2974  15
630 2989 2946  15
2976 622 623  15
627 2989 628  15
2970 2941 2918  15
2934 2948 2969  15
2965 2967 2948  15
2929 2920 2949  15
2949 2938 2925  15
2950 575 2970  15
2950 2970 2947  15
564 2943 2951  15
2934 2974 2939  15
621 622 2952  15
2947 2976 2958  15
600 2984 2953  15
2984 601 602  15
2954 627 626  15
2954 38 575  15
572 571 2955  15
2922 2990 2920  15
2956 560 2923  15
2956 2924 2945  15
621 2963 2957  15
2988 2955 2922  15
2958 624 2946  15
2946 2947 2958  15
2945 2924 2959  15
2959 608 609  15
2918 2964 2963  15
2960 573 572  15
616 2979 615  15
2961 617 2925  15
2959 2980 2945  15
2962 609 610  15
2952 2918 2963  15
2957 2988 2921  15
2964 2918 2941  15
2941 2960 2964  15
2965 2934 2940  15
2965 2972 2919  15
614 2975 2972  15
2927 2975 2979  15
567 566 2967  15
2967 2965 2919  15
2968 2944 569  15
569 568 2968  15
2969 564 2951  15
2969 2974 2934  15
2918 2947 2970  15
2970 575 574  15
2971 2953 2981  15
2917 2981 604  15
2919 2975 2966  15
2972 2965 2940  15
2956 2923 2973  15
2926 2986 2928  15
2974 2969 2951  15
2974 2943 2933  15
2975 614 615  15
2975 2927 2966  15
2976 623 2958  15
2976 2947 2918  15
2987 558 2935  15
2977 2917 2928  15
2978 611 2939  15
2939 2974 2978  15
2979 616 2961  15
2961 2927 2979  15
2980 2936 2945  15
2980 2959 2962  15
603 2981 2984  15
2981 2917 2971  15
2926 607 2982  15
2982 608 2924  15
2983 557 2942  15
2942 2932 2983  15
2981 2953 2984  15
2984 39 603  15
2985 2937 2968  15
2985 568 2931  15
2977 2986 2987  15
2977 2928 2986  15
2987 2923 559  15
2987 2935 2977  15
2988 2963 2964  15
2964 2960 2988  15
2989 2947 2946  15
2989 630 629  15
2955 571 2990  15
571 570 2990  15
3010 3044 2992  16
586 3010 2992  16
579 3040 580  16
634 3057 3029  16
3053 643 3060  16
3057 3046 3043  16
630 2993 629  16
3018 580 3040  16
628 3014 627  16
580 3050 581  16
3001 588 2995  16
3004 3024 3020  16
640 641 3061  16
583 3052 3058  16
3010 586 585  16
587 3037 2995  16
576 3015 577  16
631 2993 630  16
3055 3040 579  16
3057 3020 3046  16
625 3019 576  16
3059 3028 3021  16
3019 3015 576  16
3015 3019 3014  16
625 576 38  16
3035 3052 3038  16
3023 3061 3035  16
581 3027 582  16
3013 645 646  16
583 3058 584  16
589 3016 590  16
649 3045 3036  16
3013 3012 645  16
592 3009 2997  16
3026 2991 2998  16
597 3030 2998  16
2998 600 599  16
594 595 37  16
3026 3042 2991  16
595 3030 596  16
2998 599 598  16
591 3048 3009  16
3011 3051 2994  16
3054 3058 3007  16
2991 601 600  16
645 3062 644  16
2992 587 586  16
649 3025 648  16
588 3001 589  16
3012 3013 2996  16
39 602 652  16
602 2991 652  16
3011 3039 3034  16
2991 602 601  16
2994 647 3039  16
651 3022 650  16
2997 3017 3008  16
652 3042 651  16
600 2998 2991  16
3033 3053 3010  16
3053 3033 3049  16
629 3014 628  16
633 3029 2993  16
646 647 2994  16
3001 3011 3016  16
588 587 2995  16
3037 3012 2996  16
3044 3053 3060  16
632 2993 631  16
3005 3008 3000  16
593 592 2997  16
2998 598 597  16
3030 597 596  16
3061 3023 640  16
641 642 2999  16
3042 3022 651  16
2997 3005 593  16
2995 3051 3001  16
3051 3013 2994  16
635 3024 3004  16
3003 3024 636  16
3003 636 637  16
637 3021 3003  16
578 3055 579  16
3004 634 635  16
3030 3005 3026  16
594 593 3005  16
578 577 3006  16
3046 3020 3006  16
3010 3054 3033  16
3052 583 3056  16
3045 649 650  16
3008 3005 2997  16
3009 592 591  16
648 3039 647  16
3054 3010 585  16
642 3053 3049  16
3031 3036 3017  16
3048 3034 3031  16
3037 3062 3012  16
3060 644 3062  16
646 2994 3013  16
3013 3051 2996  16
627 3019 626  16
3014 629 2993  16
3020 3057 3004  16
577 3046 3006  16
3009 3048 3031  16
3016 589 3001  16
3008 3045 3022  16
3017 2997 3009  16
3041 3040 3002  16
3021 637 638  16
3019 625 626  16
3019 627 3014  16
3024 3003 3002  16
3020 3055 3006  16
3028 3050 3018  16
3021 3041 3003  16
3022 3042 3000  16
3000 3008 3022  16
3028 3059 3047  16
639 640 3023  16
3002 3020 3024  16
3024 635 636  16
3025 649 3036  16
3031 3017 3009  16
3005 3030 594  16
3005 3000 3026  16
3027 581 3050  16
582 3027 3056  16
3028 3018 3021  16
639 3059 638  16
2993 3043 3014  16
3029 633 634  16
3026 2998 3030  16
3030 595 594  16
3034 3048 3016  16
3039 648 3025  16
3032 3050 3028  16
3032 3047 3038  16
3007 3049 3033  16
3010 3053 3044  16
3025 3031 3034  16
3034 3016 3011  16
2999 3007 3035  16
3038 3047 3023  16
3017 3036 3045  16
3036 3031 3025  16
2996 2995 3037  16
3037 587 2992  16
3032 3056 3027  16
3038 3023 3035  16
3039 3025 3034  16
3039 3011 2994  16
3040 3055 3002  16
3040 3041 3018  16
3002 3003 3041  16
3041 3021 3018  16
3042 652 2991  16
3042 3026 3000  16
3015 3014 3043  16
3043 2993 3029  16
643 644 3060  16
3044 3037 2992  16
3045 650 3022  16
3045 3008 3017  16
3046 577 3015  16
3015 3043 3046  16
639 3023 3047  16
3047 3032 3028  16
3048 591 590  16
590 3016 3048  16
3049 3007 2999  16
2999 642 3049  16
3050 580 3018  16
3050 3032 3027  16
3051 3011 3001  16
3051 2995 2996  16
3038 3056 3032  16
3052 3035 3007  16
3053 642 643  16
3062 645 3012  16
585 584 3054  16
3054 3007 3033  16
3055 578 3006  16
3055 3020 3002  16
3056 3038 3052  16
3056 583 582  16
3043 3029 3057  16
3057 634 3004  16
3052 3007 3058  16
3058 3054 584  16
3021 638 3059  16
3059 639 3047  16
633 632 40  16
632 633 2993  16
641 2999 3061  16
2999 3035 3061  16
3062 3037 3044  16
3044 3060 3062  16
3066 3073 3069  17
3071 3063 3068  17
635 3071 634  17
3067 670 671  17
3074 3068 3067  17
636 3071 635  17
3073 3064 3065  17
633 3071 654  17
3065 642 643  17
3064 638 639  17
640 3065 3064  17
638 3064 3063  17
3065 640 641  17
672 3074 3067  17
633 654 40  17
653 674 41  17
674 3074 673  17
3067 669 670  17
3063 636 637  17
3068 3074 3072  17
638 3063 637  17
666 3073 665  17
664 3070 663  17
3064 639 640  17
3075 662 3070  17
660 648 659  17
3070 3073 3065  17
3070 643 644  17
643 3070 3065  17
3075 660 661  17
3075 644 645  17
659 649 658  17
3065 641 642  17
660 647 648  17
649 659 648  17
647 660 3075  17
658 650 657  17
650 658 649  17
657 651 656  17
655 39 42  17
39 655 652  17
651 657 650  17
656 652 655  17
652 656 651  17
3069 669 3067  17
669 3069 668  17
3073 3070 664  17
3069 3067 3066  17
663 3070 662  17
3073 3066 3064  17
3067 671 672  17
3063 3064 3066  17
3071 3068 3072  17
3066 3068 3063  17
3071 636 3063  17
3068 3066 3067  17
3069 666 667  17
667 668 3069  17
644 3075 3070  17
662 3075 661  17
654 3072 653  17
3071 633 634  17
3074 674 653  17
3072 654 3071  17
3073 664 665  17
3073 666 3069  17
3074 672 673  17
3074 653 3072  17
3075 645 646  17
646 647 3075  17
3079 684 685  18
41 3080 653  18
689 3090 688  18
604 694 603  18
605 693 604  18
692 606 691  18
603 42 39  18
683 3085 682  18
3090 609 610  18
691 607 690  18
689 609 3090  18
686 3081 3079  18
606 692 605  18
607 691 606  18
690 607 608  18
609 689 608  18
684 3079 3077  18
608 689 690  18
3086 616 617  18
3077 3088 3085  18
687 3090 3081  18
611 3090 610  18
3087 3078 3082  18
615 3084 614  18
676 3080 675  18
3083 679 680  18
3089 618 619  18
3083 678 679  18
42 603 694  18
678 3083 3078  18
3087 3082 3076  18
654 3087 3076  18
618 3089 3086  18
694 604 693  18
693 605 692  18
3079 685 686  18
3085 680 681  18
683 3077 3085  18
622 3076 621  18
3081 3084 3079  18
3084 3081 613  18
3078 3083 3082  18
624 3076 623  18
3089 3076 3082  18
623 3076 622  18
624 654 3076  18
621 3089 620  18
654 624 40  18
3084 616 3086  18
616 3084 615  18
3078 676 677  18
677 678 3078  18
613 3081 612  18
3084 3086 3077  18
3080 41 675  18
3080 676 3078  18
3081 686 687  18
3081 611 612  18
3089 621 3076  18
3078 3087 3080  18
680 3085 3083  18
3085 3088 3083  18
3077 3079 3084  18
3084 613 614  18
3085 681 682  18
3077 683 684  18
3086 617 618  18
3086 3089 3088  18
3087 654 653  18
653 3080 3087  18
3082 3083 3088  18
3088 3077 3086  18
3082 3088 3089  18
3089 619 620  18
3090 611 3081  18
3090 687 688  18
3099 3107 3105  19
3091 704 703  19
693 3093 692  19
699 3098 700  19
3106 724 3092  19
3096 3104 3102  19
3106 697 726  19
697 3106 698  19
3095 3107 3102  19
44 726 697  19
699 3106 3098  19
724 3106 725  19
3095 723 722  19
701 3091 702  19
709 678 710  19
690 3100 689  19
3095 724 723  19
3093 3104 3096  19
687 3099 3097  19
3100 688 689  19
693 3103 3093  19
694 42 705  19
3103 3091 3093  19
704 3103 705  19
688 3100 3099  19
3107 722 721  19
720 3107 721  19
3097 717 3094  19
686 3094 685  19
714 682 683  19
681 713 712  19
680 712 711  19
682 714 713  19
676 3101 675  19
684 3094 716  19
3097 3094 686  19
712 680 681  19
713 681 682  19
715 683 684  19
717 3097 718  19
683 715 714  19
684 716 715  19
679 711 710  19
711 679 680  19
708 677 709  19
708 3101 676  19
695 706 43  19
678 709 677  19
3101 708 707  19
675 696 41  19
677 708 676  19
3101 695 696  19
679 710 678  19
695 3101 706  19
3096 692 3093  19
3091 703 702  19
700 3098 701  19
724 3095 3092  19
692 3096 691  19
3091 3103 704  19
717 716 3094  19
3094 684 685  19
3104 3093 3091  19
722 3107 3095  19
690 691 3096  19
3092 3104 3098  19
718 3105 719  19
3097 686 687  19
3091 701 3098  19
3098 3106 3092  19
3105 718 3097  19
3099 687 688  19
3100 690 3096  19
3107 3099 3100  19
707 706 3101  19
3101 696 675  19
3100 3096 3102  19
3102 3092 3095  19
3103 693 694  19
694 705 3103  19
3091 3098 3104  19
3104 3092 3102  19
720 719 3105  19
3105 3097 3099  19
3106 699 698  19
3106 726 725  19
3107 720 3105  19
3107 3100 3102  19
707 3113 708  20
747 3154 746  20
727 3110 728  20
733 3143 3110  20
706 3117 707  20
727 45 730  20
3123 763 762  20
758 3155 759  20
720 3155 3124  20
3114 3127 3109  20
3156 3120 3151  20
3121 766 3114  20
747 746 46  20
745 3154 3148  20
3131 3145 3129  20
714 3141 715  20
3148 3122 743  20
3154 745 746  20
3154 3111 3148  20
733 3110 732  20
3130 3151 3118  20
3138 3151 3147  20
3142 3139 740  20
3150 3147 3133  20
3135 3129 3134  20
3149 3133 3120  20
3110 730 731  20
730 3110 727  20
706 43 729  20
3148 743 744  20
707 3117 3113  20
3113 710 709  20
710 3146 711  20
3150 3136 3152  20
3146 712 711  20
3149 3141 714  20
3149 3115 3141  20
3123 3135 3134  20
760 3123 761  20
3146 713 712  20
3145 3157 763  20
3142 740 741  20
716 3141 3132  20
3155 3123 760  20
3155 758 3124  20
3124 723 722  20
757 3124 758  20
755 3108 756  20
723 3124 757  20
723 3108 724  20
3108 757 756  20
3108 772 726  20
44 726 772  20
757 3108 723  20
772 3108 755  20
772 755 48  20
3123 3155 3135  20
765 3114 766  20
3135 717 3132  20
766 3121 767  20
763 3157 764  20
743 3122 742  20
3154 750 3116  20
770 3125 3119  20
752 3119 3116  20
3119 754 771  20
754 47 771  20
3126 3119 3125  20
3116 3126 3111  20
754 3119 753  20
3108 726 725  20
725 724 3108  20
3114 3140 3128  20
3114 3157 3127  20
3117 706 729  20
3110 731 732  20
750 3154 749  20
3119 3126 3116  20
738 3138 737  20
3139 3151 738  20
709 708 3113  20
3117 729 728  20
3144 3128 3137  20
767 3121 768  20
3120 3131 3115  20
3131 3156 3112  20
3116 750 751  20
751 752 3116  20
728 3110 3117  20
3113 3150 3146  20
3139 738 739  20
3131 3112 3140  20
3119 752 753  20
3119 771 770  20
735 3143 734  20
3138 3143 735  20
3126 3137 3111  20
768 3125 769  20
3122 741 742  20
3122 3148 3111  20
762 761 3123  20
3129 3135 3132  20
3124 722 721  20
721 720 3124  20
3125 770 769  20
3125 768 3121  20
3125 3121 3126  20
3137 3142 3122  20
3157 3145 3127  20
3145 3131 3109  20
3142 3156 3130  20
3114 3144 3121  20
3153 3132 3141  20
3132 3153 3129  20
3128 3142 3137  20
3151 3130 3156  20
3109 3131 3140  20
3141 3115 3153  20
717 3135 718  20
717 716 3132  20
3147 3152 3143  20
3120 3156 3131  20
3145 3109 3127  20
3123 3145 763  20
3155 760 759  20
719 718 3135  20
3113 3117 3136  20
3117 3110 3136  20
3122 3111 3137  20
3144 3114 3128  20
3138 735 736  20
736 737 3138  20
739 740 3139  20
3139 3142 3118  20
3112 3128 3140  20
3140 3114 3109  20
3141 716 715  20
3115 3149 3120  20
3130 3118 3142  20
3142 741 3122  20
3147 3143 3138  20
3143 733 734  20
3137 3126 3144  20
3126 3121 3144  20
3145 3123 3134  20
3134 3129 3145  20
3113 3146 710  20
3150 3149 3146  20
3151 3138 738  20
3151 3120 3133  20
744 745 3148  20
3154 3116 3111  20
3149 714 713  20
713 3146 3149  20
3150 3133 3149  20
3133 3147 3151  20
3151 3139 3118  20
3147 3150 3152  20
3143 3136 3110  20
3115 3131 3153  20
3131 3129 3153  20
3154 747 748  20
748 749 3154  20
3155 720 719  20
719 3135 3155  20
3156 3142 3128  20
3128 3112 3156  20
3157 3114 765  20
765 764 3157  20
3152 3136 3143  20
3136 3150 3113  20
3181 3187 3182  21
3191 748 747  21
3166 754 753  21
3183 3194 3189  21
752 3198 3166  21
3207 3182 797  21
794 3166 795  21
3174 3189 3181  21
794 47 754  21
3187 3193 800  21
3196 808 776  21
3164 3185 3173  21
3162 727 728  21
808 3196 809  21
827 3162 826  21
729 3168 728  21
3162 824 825  21
45 727 827  21
3162 827 727  21
3199 3167 3163  21
3159 789 788  21
824 3165 823  21
3168 793 792  21
3209 821 822  21
3165 824 3162  21
793 3168 729  21
729 43 793  21
816 3205 3194  21
3161 3176 3177  21
785 3170 786  21
786 3159 787  21
784 3195 3170  21
819 3204 3185  21
789 3161 790  21
3191 813 3183  21
3191 747 811  21
748 3191 3158  21
748 3158 749  21
811 747 46  21
749 3158 750  21
795 3207 796  21
754 3166 794  21
818 3164 817  21
821 3209 3204  21
797 3182 798  21
779 3186 780  21
3160 3202 3197  21
3160 3200 3186  21
3167 3185 3163  21
3193 3202 802  21
3171 3200 3197  21
3160 3186 805  21
780 3200 781  21
3185 3164 819  21
3201 3170 3163  21
3170 3199 3163  21
777 3190 778  21
782 3200 3175  21
3160 805 804  21
784 3170 785  21
3190 776 808  21
779 3190 3186  21
807 3186 3190  21
3200 782 781  21
772 3196 773  21
810 772 48  21
44 772 773  21
3196 775 774  21
776 3190 777  21
773 3196 774  21
3196 776 775  21
750 3198 751  21
813 3191 812  21
3176 3209 3165  21
3159 788 787  21
3160 804 803  21
803 802 3160  21
3161 792 791  21
791 790 3161  21
825 826 3162  21
3162 3176 3165  21
3167 3199 3180  21
819 3164 818  21
3167 3206 3185  21
817 3205 816  21
822 823 3165  21
3179 3204 3209  21
3166 753 752  21
3166 3198 3174  21
3177 3176 3162  21
3188 3178 3192  21
3162 728 3168  21
3168 792 3161  21
3187 799 3182  21
3189 3174 3183  21
3201 3184 3170  21
3159 786 3170  21
3200 780 3186  21
3178 3169 3192  21
3193 3187 3172  21
3178 3208 3187  21
3205 3178 3189  21
3164 3205 817  21
3207 797 796  21
3198 3183 3174  21
783 3195 784  21
783 782 3175  21
822 3165 3209  21
3184 3161 3159  21
3162 3168 3177  21
3168 3161 3177  21
3178 3181 3189  21
3169 3205 3206  21
821 3204 820  21
3176 3161 3184  21
3180 3199 3203  21
3202 3171 3197  21
3187 800 799  21
3207 3181 3182  21
799 798 3182  21
3181 3207 3174  21
3183 3198 3158  21
3183 813 814  21
3159 3161 789  21
3159 3170 3184  21
3205 3173 3206  21
3179 3185 3204  21
3186 807 806  21
806 805 3186  21
3187 3181 3178  21
3172 3187 3208  21
3188 3167 3180  21
3208 3178 3188  21
3194 3183 814  21
3178 3205 3169  21
3190 779 778  21
3190 808 807  21
3183 3158 3191  21
3191 811 812  21
3169 3167 3192  21
3167 3188 3192  21
3193 802 801  21
801 800 3193  21
3194 814 815  21
815 816 3194  21
3195 783 3175  21
3175 3203 3195  21
3196 772 810  21
810 809 3196  21
3202 3208 3180  21
3171 3202 3180  21
3198 752 751  21
3198 750 3158  21
3199 3170 3195  21
3171 3180 3203  21
3200 3160 3197  21
3200 3171 3175  21
3163 3185 3201  21
3185 3179 3201  21
3202 3160 802  21
3202 3193 3172  21
3199 3195 3203  21
3203 3175 3171  21
3204 819 820  21
3209 3176 3179  21
3189 3194 3205  21
3205 3164 3173  21
3173 3185 3206  21
3206 3167 3169  21
3207 795 3166  21
3166 3174 3207  21
3188 3180 3208  21
3208 3202 3172  21
3184 3201 3179  21
3184 3179 3176  21
777 3223 778  22
3218 3224 3216  22
3210 656 657  22
775 3220 3215  22
773 3220 774  22
697 3220 773  22
669 787 668  22
782 3221 3211  22
3223 3214 779  22
779 3214 780  22
3224 698 699  22
3220 3218 3215  22
793 695 43  22
3214 3213 3212  22
3214 662 3221  22
698 3224 3220  22
670 789 788  22
786 668 787  22
788 669 670  22
783 665 784  22
785 667 786  22
3217 695 793  22
775 3215 776  22
3217 791 673  22
696 3217 674  22
671 790 789  22
695 3217 696  22
790 671 672  22
791 3217 792  22
697 773 44  22
784 666 785  22
672 791 790  22
696 674 41  22
789 670 671  22
791 672 673  22
665 3211 664  22
787 669 788  22
668 786 667  22
667 785 666  22
666 784 665  22
3211 3221 663  22
663 3221 662  22
662 3212 661  22
3214 3223 3213  22
3211 665 783  22
3219 3218 3210  22
658 3219 3210  22
656 3222 655  22
3222 703 704  22
3222 3216 703  22
703 3216 702  22
3223 3219 3213  22
655 705 42  22
705 3222 704  22
702 3216 701  22
3210 657 658  22
663 664 3211  22
3211 783 782  22
660 3219 659  22
660 661 3212  22
3215 777 776  22
3219 660 3212  22
3212 662 3214  22
780 3221 781  22
701 3224 700  22
3218 3223 3215  22
3216 3222 3210  22
3223 3218 3219  22
673 674 3217  22
3217 793 792  22
3224 3218 3220  22
3216 3210 3218  22
3219 658 659  22
3219 3212 3213  22
3220 775 774  22
3220 697 698  22
3221 782 781  22
3221 780 3214  22
3222 705 655  22
3222 656 3210  22
3223 779 778  22
3223 777 3215  22
3224 699 700  22
3224 701 3216  22
3225 3227 799  23
835 3225 836  23
3227 3226 797  23
834 3225 835  23
3226 832 831  23
3226 829 846  23
794 3226 846  23
797 3226 796  23
799 3227 798  23
3229 3225 802  23
3227 797 798  23
830 3226 831  23
794 846 47  23
832 3227 833  23
50 846 829  23
829 3226 830  23
3226 3227 832  23
3225 799 800  23
3225 3229 837  23
805 3229 804  23
842 3230 843  23
3229 840 839  23
840 3229 3228  23
837 3229 838  23
3230 842 3228  23
809 3230 808  23
3230 810 828  23
845 3230 828  23
828 49 845  23
802 3225 801  23
840 3228 841  23
804 3229 803  23
807 3230 3228  23
3229 805 3228  23
807 3228 806  23
810 3230 809  23
3230 807 808  23
828 810 48  23
800 801 3225  23
3225 837 836  23
3226 794 795  23
795 796 3226  23
3227 3225 834  23
834 833 3227  23
805 806 3228  23
3228 842 841  23
839 838 3229  23
3229 802 803  23
3230 845 844  23
844 843 3230  23
3235 3234 855  24
3236 766 767  24
848 3231 849  24
850 3233 851  24
3231 847 828  24
758 3231 757  24
3231 3233 850  24
755 3231 828  24
3235 855 854  24
760 3235 3233  24
763 3235 762  24
828 48 755  24
3233 3231 758  24
852 3235 853  24
49 828 847  24
847 3231 848  24
3235 852 3233  24
3231 755 756  24
853 3235 854  24
760 3233 759  24
3236 3232 860  24
766 3234 765  24
3234 3236 858  24
855 3234 856  24
3232 3236 768  24
863 846 50  24
3232 768 769  24
3232 771 846  24
863 3232 846  24
3234 858 857  24
3234 3235 763  24
3236 3234 766  24
3234 763 764  24
860 3232 861  24
768 3236 767  24
47 846 771  24
770 3232 769  24
771 3232 770  24
756 757 3231  24
3231 850 849  24
3232 863 862  24
862 861 3232  24
852 851 3233  24
3233 758 759  24
764 765 3234  24
3234 857 856  24
3235 760 761  24
761 762 3235  24
3236 860 859  24
859 858 3236  24
3253 3252 3238  25
3251 838 837  25
3254 832 3245  25
844 3243 3241  25
3247 863 862  25
3237 3238 3255  25
3252 860 859  25
829 3245 830  25
863 3247 3242  25
832 3254 833  25
3252 3253 3248  25
830 3245 831  25
3238 3252 3244  25
3247 862 861  25
835 3251 836  25
3250 841 840  25
838 3250 839  25
838 3251 3250  25
3240 3237 3241  25
841 3243 842  25
845 3241 49  25
844 3241 845  25
3253 3238 3237  25
841 3250 3243  25
3249 847 3241  25
856 3244 857  25
856 3246 3244  25
850 3255 851  25
3255 850 3249  25
847 3249 848  25
3246 856 855  25
3249 850 849  25
853 3246 854  25
851 3255 852  25
3245 3248 3239  25
853 3255 3246  25
860 3252 3247  25
3244 3246 3238  25
835 3254 3251  25
3254 835 834  25
3243 3250 3240  25
3250 840 839  25
3241 847 49  25
3241 3243 3240  25
3242 829 50  25
50 863 3242  25
3243 844 843  25
843 842 3243  25
858 3252 859  25
858 857 3244  25
3245 832 831  25
3245 829 3242  25
855 854 3246  25
3246 3255 3238  25
3248 3245 3242  25
3247 861 860  25
3239 3253 3240  25
3248 3242 3247  25
849 848 3249  25
3249 3241 3237  25
3250 3251 3239  25
3239 3240 3250  25
837 836 3251  25
3251 3254 3239  25
3248 3247 3252  25
3252 858 3244  25
3237 3240 3253  25
3253 3239 3248  25
834 833 3254  25
3254 3245 3239  25
3255 853 852  25
3255 3249 3237  25
3260 811 864  26
812 3260 813  26
865 3260 864  26
3260 868 3257  26
3260 814 813  26
814 3257 815  26
870 3261 3257  26
3261 870 871  26
3261 3258 819  26
814 3260 3257  26
865 864 51  26
868 3260 867  26
811 3260 812  26
864 811 46  26
3257 816 815  26
3261 871 872  26
3261 816 3257  26
816 3261 817  26
3258 873 874  26
3258 3261 873  26
3258 876 3256  26
3259 824 3256  26
822 3256 823  26
827 3259 882  26
3259 881 882  26
827 882 45  26
3259 878 879  26
824 3259 825  26
819 3258 820  26
873 3261 872  26
822 3258 3256  26
875 3258 874  26
876 3258 875  26
880 3259 879  26
881 3259 880  26
878 3259 3256  26
878 3256 877  26
52 882 881  26
876 877 3256  26
3256 824 823  26
3257 868 869  26
869 870 3257  26
3258 822 821  26
821 820 3258  26
3259 827 826  26
826 825 3259  26
3260 865 866  26
866 867 3260  26
3261 819 818  26
818 817 3261  26
3266 733 732  27
883 882 52  27
883 3266 882  27
3264 889 890  27
730 3266 731  27
3266 730 882  27
888 3264 3263  27
733 3263 734  27
3266 886 3263  27
3265 891 892  27
3264 888 889  27
733 3266 3263  27
886 3266 885  27
882 730 45  27
3263 735 734  27
731 3266 732  27
735 3264 736  27
3264 735 3263  27
3264 3265 738  27
738 3265 739  27
893 3265 892  27
3262 746 745  27
3267 3265 894  27
3262 899 864  27
3262 745 744  27
746 864 46  27
746 3262 864  27
3267 3262 743  27
3265 3267 741  27
891 3264 890  27
3265 3264 891  27
741 3267 742  27
894 3265 893  27
899 3262 898  27
864 899 51  27
743 3262 744  27
3262 3267 896  27
896 3267 895  27
3262 896 897  27
897 898 3262  27
3263 886 887  27
887 888 3263  27
3264 738 737  27
737 736 3264  27
3265 741 740  27
740 739 3265  27
3266 883 884  27
884 885 3266  27
894 895 3267  27
3267 743 742  27
3283 3286 3285  28
881 3284 52  28
3277 3270 3271  28
3277 3279 3278  28
3268 51 899  28
895 3276 3269  28
872 3278 873  28
3269 896 895  28
898 3268 899  28
868 3277 869  28
866 3270 867  28
51 3270 865  28
897 3268 898  28
3269 897 896  28
871 3278 872  28
3275 3281 3280  28
876 3286 877  28
874 3282 875  28
3285 3281 3283  28
879 3286 3283  28
3272 3284 3281  28
3284 881 3283  28
3281 3285 3280  28
3277 867 3270  28
3269 3273 3271  28
889 3275 3274  28
3269 3276 3273  28
887 3275 888  28
3272 887 886  28
884 3284 3272  28
3268 3271 3270  28
3286 876 3282  28
892 3276 893  28
889 3274 890  28
865 3270 866  28
897 3269 3268  28
3276 3274 3273  28
3276 892 3274  28
867 3277 868  28
3270 51 3268  28
3271 3268 3269  28
3282 873 3278  28
3272 886 885  28
885 884 3272  28
3271 3280 3279  28
3275 889 888  28
3274 892 891  28
891 890 3274  28
3273 3274 3275  28
3275 887 3272  28
3276 895 894  28
894 893 3276  28
870 3278 871  28
870 869 3277  28
873 3282 874  28
3278 870 3277  28
3279 3277 3271  28
3286 879 878  28
3280 3271 3273  28
3273 3275 3280  28
3281 3275 3272  28
3284 3283 3281  28
876 875 3282  28
3282 3278 3279  28
3283 881 880  28
880 879 3283  28
3284 884 883  28
883 52 3284  28
3285 3282 3279  28
3279 3280 3285  28
878 877 3286  28
3286 3282 3285  28
906 3290 907  29
302 3293 301  29
16 251 449  29
901 3288 902  29
3292 450 449  29
3293 3291 3287  29
450 3292 3287  29
3292 3294 3293  29
904 3289 905  29
900 3288 901  29
251 3292 449  29
900 32 453  29
3291 3290 3289  29
3288 900 453  29
903 3289 904  29
3295 453 452  29
451 3295 452  29
3290 906 3289  29
3290 909 908  29
3290 3291 303  29
254 3292 253  29
909 3290 304  29
3289 903 3288  29
304 22 909  29
3294 254 255  29
300 257 17  29
3294 257 300  29
257 3294 256  29
3294 3292 254  29
451 450 3287  29
3293 302 3291  29
903 902 3288  29
453 3295 3288  29
3295 3291 3289  29
3289 906 905  29
3290 303 304  29
3290 908 907  29
3291 3295 3287  29
3291 302 303  29
3292 251 252  29
252 253 3292  29
3287 3292 3293  29
301 3294 300  29
255 256 3294  29
3294 301 3293  29
3289 3288 3295  29
3295 451 3287  29
919 904 905  30
904 919 920  30
904 920 921  30
921 903 904  30
917 3297 3296  30
902 923 901  30
917 3296 916  30
923 902 922  30
922 903 921  30
900 925 32  30
924 900 901  30
901 923 924  30
900 924 925  30
903 922 902  30
910 931 53  30
930 911 912  30
931 910 911  30
3299 929 914  30
911 930 931  30
929 3299 928  30
914 929 913  30
927 3298 926  30
930 913 929  30
913 930 912  30
909 3298 908  30
927 3299 3298  30
3298 907 908  30
3299 927 928  30
919 3297 918  30
3297 907 3296  30
3297 919 905  30
907 3297 906  30
926 909 22  30
907 3298 3296  30
916 3299 915  30
3297 917 918  30
3297 905 906  30
3298 909 926  30
3298 3299 3296  30
3299 914 915  30
3299 916 3296  30
912 3302 911  31
3316 3309 3312  31
942 3314 3301  31
3302 942 941  31
914 3300 913  31
914 3312 3300  31
3302 940 910  31
3307 934 3303  31
940 3302 941  31
3300 3314 3302  31
910 940 53  31
3300 3312 3304  31
3312 3309 3304  31
3303 944 3301  31
944 3303 945  31
922 3313 921  31
3310 3311 457  31
3315 3309 3308  31
3303 932 945  31
932 3303 933  31
937 3315 3310  31
54 945 932  31
939 3310 459  31
3311 3313 3305  31
459 3310 458  31
3315 3308 3310  31
939 459 33  31
3305 454 455  31
918 3316 917  31
3306 918 919  31
3313 920 921  31
916 3316 3312  31
3305 925 454  31
923 3305 922  31
924 3305 923  31
925 3305 924  31
454 925 32  31
920 3313 3306  31
942 3301 943  31
3300 912 913  31
3301 944 943  31
3314 3300 3304  31
3302 910 911  31
3302 912 3300  31
934 3307 935  31
934 933 3303  31
937 3310 938  31
3301 3307 3303  31
455 3311 3305  31
3309 3307 3304  31
3309 3315 3307  31
3306 919 920  31
935 3315 936  31
3307 3301 3304  31
3308 3306 3313  31
3311 3310 3308  31
3309 3316 3306  31
3306 3308 3309  31
3310 457 458  31
3310 939 938  31
3311 455 456  31
456 457 3311  31
3312 914 915  31
915 916 3312  31
3313 922 3305  31
3313 3311 3308  31
3304 3301 3314  31
3314 942 3302  31
3315 937 936  31
3315 935 3307  31
3316 916 917  31
3316 918 3306  31
3329 1047 3336  32
1052 3320 1051  32
55 56 951  32
944 53 943  32
54 1032 53  32
943 53 942  32
3327 3377 3376  32
3374 973 3353  32
941 53 940  32
3329 3371 3319  32
1028 3321 1027  32
968 3355 967  32
1016 3322 1015  32
963 3347 961  32
1099 3344 3330  32
1103 3331 1102  32
973 3374 972  32
963 962 57  32
1012 3356 1011  32
1101 3331 3344  32
1079 993 1078  32
991 1080 1081  32
986 1086 1087  32
3378 3380 3379  32
959 3368 958  32
3344 3358 3338  32
55 948 947  32
1077 58 1076  32
994 1078 993  32
1080 991 992  32
1083 990 1082  32
54 53 945  32
3335 1036 1035  32
1047 3329 1046  32
1032 1042 3366  32
942 53 941  32
3317 3345 3350  32
3366 1034 1033  32
1043 3366 1042  32
1024 3373 3343  32
1036 3335 3323  32
3373 3333 3343  32
1037 3328 1038  32
1021 3343 3345  32
1034 3366 3335  32
1051 3340 1050  32
1015 3322 1014  32
3318 3361 3342  32
3336 1049 3340  32
3318 1053 1054  32
1053 3320 1052  32
1055 3361 3318  32
1057 3361 1056  32
1059 3324 1058  32
3352 1060 1061  32
1066 1004 1065  32
1065 3349 1064  32
1064 3349 1063  32
1004 1066 1003  32
1068 1002 1067  32
1070 1000 1069  32
1073 997 1072  32
1072 998 1071  32
1075 58 995  32
1071 999 1070  32
997 1073 996  32
996 1073 1074  32
58 1075 1076  32
995 1074 1075  32
996 1074 995  32
1001 1069 1000  32
998 1072 997  32
1067 1003 1066  32
999 1071 998  32
1069 1001 1068  32
1000 1070 999  32
1060 3352 3324  32
1002 1068 1001  32
1062 3349 3352  32
1003 1067 1002  32
1060 3324 1059  32
1062 3352 1061  32
1065 1005 3349  32
1009 3356 3352  32
1008 3349 1007  32
1005 1065 1004  32
3356 1009 1010  32
3349 1008 3352  32
3341 3361 3324  32
3356 3341 3324  32
1024 3343 1023  32
3364 1041 1040  32
1026 3373 1025  32
1028 3364 3321  32
3321 3370 3357  32
3364 1028 1029  32
1041 3364 1031  32
3345 1020 1021  32
1049 3336 1048  32
3321 3364 3328  32
1031 3364 1030  32
1041 1031 59  32
3345 1019 1020  32
1026 3321 3373  32
3320 1053 3318  32
1017 3322 1016  32
1017 3334 3322  32
1058 3361 1057  32
3330 1097 1098  32
1094 3365 1093  32
1097 3351 1096  32
3372 966 3355  32
3332 3354 3367  32
955 3379 954  32
3331 3367 3354  32
3367 1104 1105  32
3347 964 3372  32
3339 3368 3347  32
3376 957 3368  32
3339 3372 3355  32
963 961 962  32
958 3368 957  32
970 3337 969  32
3344 3338 3330  32
3380 1110 56  32
3337 971 3374  32
1101 3344 1100  32
3339 3360 3368  32
3359 980 981  32
980 3375 979  32
983 3359 982  32
980 3359 3375  32
1088 985 1087  32
983 3363 3359  32
1086 986 987  32
988 1084 1085  32
990 1083 989  32
3319 1043 1044  32
1079 992 993  32
992 1079 1080  32
1078 994 1077  32
58 1077 994  32
1082 991 1081  32
1082 990 991  32
1084 989 1083  32
987 1085 1086  32
1085 987 988  32
1087 985 986  32
1084 988 989  32
985 1088 3363  32
3363 1091 3359  32
985 3363 984  32
1091 3363 1090  32
1090 3363 1089  32
1092 3365 3359  32
3375 3351 3348  32
3353 976 3348  32
3375 977 978  32
3351 3375 3365  32
1096 3351 1095  32
3348 976 977  32
975 3353 974  32
56 952 3380  32
3376 3368 3360  32
1103 3367 3331  32
971 3337 970  32
1105 3369 3367  32
3369 1106 1107  32
3369 1105 1106  32
3369 3378 3377  32
3379 3376 3377  32
55 951 950  32
3376 3360 3327  32
1109 3380 3378  32
3377 3327 3369  32
55 947 946  32
3345 3333 3350  32
1019 3345 3334  32
1054 1055 3318  32
3334 3342 3322  32
3319 1045 3329  32
1045 3319 1044  32
1050 3340 1049  32
3320 3318 3317  32
1038 3328 1039  32
3323 3370 3328  32
3342 3334 3317  32
1014 3341 1013  32
3323 1037 1036  32
3371 3370 3323  32
3356 1012 3341  32
3361 3341 3342  32
956 3376 955  32
3355 3362 3339  32
3319 3371 3335  32
3336 3326 3329  32
3378 1107 1108  32
954 3379 953  32
1039 3364 1040  32
3328 1037 3323  32
3329 1045 1046  32
3346 3350 3333  32
1098 1099 3330  32
3348 3338 3353  32
3367 1103 1104  32
3338 3374 3353  32
3327 3332 3369  32
3325 3327 3360  32
3373 1024 1025  32
3350 3340 3320  32
3334 1017 1018  32
1018 1019 3334  32
3335 1035 1034  32
3335 3366 3319  32
3336 1047 1048  32
3350 3346 3340  32
3358 3344 3331  32
3337 968 969  32
3374 971 972  32
3338 3348 3330  32
3372 3339 3347  32
966 3372 965  32
3340 3346 3336  32
3340 1051 3320  32
3341 1012 1013  32
3341 1014 3322  32
3341 3322 3342  32
3342 3317 3318  32
1022 1023 3343  32
3333 3373 3357  32
3344 1099 1100  32
3331 1101 1102  32
3343 1021 1022  32
3345 3317 3334  32
3346 3357 3326  32
3326 3336 3346  32
3347 959 960  32
961 3347 960  32
977 3375 3348  32
3365 1095 3351  32
3349 1005 1006  32
1006 1007 3349  32
3333 3345 3343  32
3350 3320 3317  32
3351 1097 3330  32
3330 3348 3351  32
3349 1062 1063  32
3352 1008 1009  32
3353 973 974  32
976 3353 975  32
3325 3362 3354  32
3362 3358 3354  32
3355 966 967  32
3355 968 3337  32
3324 3352 3356  32
3356 1010 1011  32
3326 3357 3370  32
3357 3346 3333  32
3358 3331 3354  32
3358 3362 3337  32
981 982 3359  32
3359 1091 1092  32
3327 3325 3332  32
3360 3339 3325  32
3361 1055 1056  32
3361 1058 3324  32
3362 3325 3339  32
3362 3355 3337  32
3363 983 984  32
3363 1088 1089  32
1029 1030 3364  32
3364 1039 3328  32
3365 1092 1093  32
1095 3365 1094  32
1033 1032 3366  32
3366 1043 3319  32
3367 3369 3332  32
3354 3332 3325  32
957 3376 956  32
3368 959 3347  32
1107 3378 3369  32
953 3380 952  32
3370 3321 3328  32
3370 3371 3326  32
3323 3335 3371  32
3371 3329 3326  32
964 3347 963  32
964 965 3372  32
3321 1026 1027  32
3321 3357 3373  32
3374 3338 3358  32
3358 3337 3374  32
3375 978 979  32
3375 3359 3365  32
945 53 944  32
1042 1032 54  32
3378 3379 3377  32
55 950 949  32
3380 1109 1110  32
55 949 948  32
952 56 55  32
3378 1108 1109  32
3379 955 3376  32
3380 953 3379  32
3408 3533 3471  33
1091 3446 3572  33
3591 3589 3557  33
3484 3391 3502  33
1058 3419 1057  33
3525 3467 3571  33
3471 3423 3588  33
494 3465 493  33
3412 1075 3573  33
1046 3486 1045  33
937 3479 938  33
3429 3492 3410  33
3386 3496 494  33
3401 499 3479  33
934 3483 935  33
3411 3442 472  33
3574 1059 1060  33
3590 3587 3572  33
1116 3559 1117  33
1107 3561 3432  33
3449 3542 3497  33
3402 3427 3412  33
3459 3556 3522  33
3517 3540 1086  33
1083 3429 1082  33
3544 3381 3550  33
3453 3446 3431  33
932 1042 3430  33
932 3430 933  33
937 3548 3479  33
3565 1048 1049  33
1042 932 54  33
3548 937 936  33
3539 3459 3546  33
3558 492 493  33
495 3457 3386  33
3398 3529 3419  33
3563 1056 3529  33
3433 3418 3574  33
3459 3539 3516  33
3457 495 3413  33
1054 3426 1053  33
3443 491 492  33
1055 3456 1054  33
3499 1067 1068  33
1059 3513 1058  33
1063 3562 3390  33
488 3509 3485  33
3568 3418 3555  33
3395 3533 3407  33
3499 1068 1069  33
1066 3502 1065  33
1065 3502 3445  33
1065 3445 1064  33
3384 3576 3591  33
1067 3484 1066  33
484 3407 483  33
3404 497 3556  33
3538 3486 3495  33
3386 3457 3388  33
3388 3472 3564  33
3479 33 939  33
3491 3422 3460  33
33 3479 499  33
499 3401 498  33
3426 3462 3436  33
486 3489 485  33
3514 491 3490  33
490 3498 489  33
1063 3390 1062  33
3455 486 487  33
3427 3402 3534  33
478 3550 3383  33
3551 3500 3382  33
3579 3481 3406  33
483 3407 3408  33
3481 3579 3438  33
3547 3481 3389  33
477 3383 3454  33
3586 3463 3569  33
474 3488 473  33
3505 3551 3566  33
3494 1096 3394  33
3452 3508 3468  33
3466 463 3560  33
3511 3421 3478  33
1100 3475 1099  33
34 3528 1111  33
3531 3532 3477  33
1114 3584 1115  33
3428 3541 3441  33
3389 3410 3470  33
1111 3528 1112  33
3402 3595 3397  33
3554 3474 3559  33
1110 3559 3474  33
1071 3384 3570  33
477 3547 476  33
3492 3429 1083  33
3470 3545 3424  33
3585 3583 3396  33
3585 3392 3596  33
1088 3523 3506  33
471 3442 3399  33
1084 3519 3492  33
3437 3492 3519  33
3581 3431 3542  33
3523 1088 1089  33
1096 3494 1095  33
1100 3512 3475  33
3394 3577 3493  33
3497 1092 1093  33
3444 3549 3505  33
3493 3520 3494  33
3482 1097 1098  33
3520 3580 3494  33
1109 3450 1108  33
3448 3532 3531  33
1101 3501 3478  33
1118 3559 1110  33
1107 3432 1106  33
3532 3448 3393  33
1103 3532 3393  33
1106 3477 1105  33
3474 3450 1109  33
56 1118 1110  33
3573 1076 3595  33
1078 3396 3583  33
1095 3494 3580  33
468 3551 467  33
3550 478 479  33
3579 3585 3396  33
1070 3570 3416  33
3596 3397 3585  33
3443 3490 491  33
3456 1055 3563  33
494 495 3386  33
1048 3565 3422  33
481 3476 3409  33
482 3476 481  33
1050 3480 3447  33
3447 3480 3472  33
3507 1082 3429  33
476 3424 475  33
3455 3571 3464  33
3390 1061 1062  33
485 3395 484  33
3395 3489 3458  33
3583 3585 3397  33
3408 482 483  33
1103 3501 1102  33
3560 464 3452  33
3394 1096 1097  33
1097 3482 3394  33
3489 3395 485  33
1067 3499 3405  33
1078 1079 3396  33
3392 3406 3383  33
3585 3579 3392  33
3595 3402 3573  33
491 3514 490  33
1058 3513 3419  33
3587 3434 3523  33
471 3451 470  33
3442 471 472  33
3506 3523 3420  33
3548 3553 3473  33
1043 3487 3469  33
1075 3412 1074  33
3402 3397 3381  33
3400 3463 3420  33
3488 474 3435  33
496 3404 3413  33
1046 3546 3486  33
3533 3408 3407  33
3405 3458 3391  33
3507 3389 3481  33
3383 477 478  33
3407 484 3395  33
3536 3423 3533  33
3588 3570 3384  33
3551 3382 3566  33
3544 3409 3534  33
480 481 3409  33
3410 3545 3470  33
476 3470 3424  33
3411 472 473  33
3488 3435 3403  33
3589 3591 3578  33
3402 3412 3573  33
3413 495 496  33
3404 496 497  33
3501 3511 3478  33
465 3510 3508  33
469 470 3415  33
1092 3497 3446  33
3416 1069 1070  33
3570 1070 1071  33
486 3455 3417  33
3518 3391 3504  33
489 3509 488  33
1059 3574 3418  33
3529 3439 3563  33
1056 1057 3419  33
3400 3434 3527  33
3488 3569 3463  33
464 3508 3452  33
3414 3549 3444  33
3413 3491 3457  33
3422 1047 1048  33
3569 3517 3586  33
3593 3588 3530  33
3545 3410 3437  33
475 3435 474  33
1085 3540 3519  33
3463 3586 3420  33
492 3558 3443  33
1053 3436 1052  33
3409 3544 480  33
3476 482 3387  33
1116 3584 3559  33
3521 3441 3541  33
3410 3389 3429  33
1082 3507 1081  33
934 3430 3483  33
1042 3469 3430  33
3500 3542 3520  33
3542 3415 3581  33
3561 3428 3441  33
3521 3466 3503  33
3524 3555 3418  33
3433 1061 3390  33
3453 3572 3446  33
3399 3552 3451  33
3435 475 3424  33
3403 3545 3437  33
1052 3480 1051  33
3436 1053 3426  33
3540 1085 1086  33
3425 3403 3437  33
3396 1079 3575  33
1080 1081 3438  33
3462 3456 3461  33
3529 3398 3385  33
3496 3386 3388  33
3436 3440 3472  33
3428 3561 3450  33
460 3535 3528  33
3411 3400 3442  33
3442 3527 3399  33
3461 3456 3439  33
3439 3385 3443  33
1075 1076 3573  33
3444 3505 3577  33
3504 3455 3464  33
1064 3562 1063  33
1091 1092 3446  33
3446 3497 3431  33
1047 3546 1046  33
1050 3565 1049  33
3477 1104 1105  33
463 3466 462  33
3542 3500 3415  33
1094 3497 1093  33
1107 1108 3450  33
3450 3474 3428  33
3451 3415 470  33
3451 471 3399  33
3421 3510 3414  33
464 3560 463  33
3527 3552 3399  33
3434 3420 3523  33
3454 3383 3406  33
3389 3507 3429  33
3485 3455 487  33
3504 3489 3417  33
3456 3462 3426  33
3426 1054 3456  33
3457 3491 3460  33
3388 3460 3447  33
3458 3504 3391  33
3458 3543 3395  33
498 3556 497  33
3515 3538 3487  33
3565 1050 3447  33
3460 3388 3457  33
3439 3443 3461  33
3465 3462 3461  33
3462 3465 3440  33
3440 3436 3462  33
3506 3420 3586  33
3400 3411 3463  33
3525 3509 3524  33
3567 3445 3518  33
3465 3558 493  33
3472 3440 3564  33
3432 3531 3477  33
462 3521 461  33
3390 3525 3433  33
3562 1064 3445  33
3468 3393 3448  33
3448 3452 3468  33
3430 934 933  33
3469 1042 1043  33
1112 3592 1113  33
3470 3547 3389  33
3530 3387 3593  33
3471 3533 3423  33
3472 3388 3447  33
3480 1050 1051  33
3522 3473 3495  33
3553 3487 3538  33
1109 1110 3474  33
3537 3428 3554  33
3444 3526 3414  33
3475 1098 1099  33
3578 3412 3589  33
3409 3557 3427  33
3477 1106 3432  33
3466 3531 3503  33
3421 3511 3468  33
3478 1100 1101  33
3479 939 938  33
3401 3548 3473  33
3480 1052 3436  33
3436 3472 3480  33
3481 3547 3454  33
3454 3406 3481  33
3482 1098 3475  33
3482 3526 3444  33
3483 936 935  33
3483 3430 3469  33
3484 1067 3405  33
3405 3391 3484  33
3485 487 488  33
3433 3525 3524  33
3473 3522 3401  33
1045 3515 1044  33
3469 3553 3483  33
3487 1043 1044  33
3488 3463 3411  33
3411 473 3488  33
3489 486 3417  33
3489 3504 3458  33
3490 3443 3385  33
3385 3398 3490  33
3491 3413 3404  33
3404 3516 3491  33
1083 1084 3492  33
3492 3437 3410  33
3577 3566 3493  33
3382 3493 3566  33
3394 3493 3494  33
3580 3520 3449  33
3486 3538 3515  33
3495 3546 3459  33
3465 3564 3440  33
3465 494 3496  33
3497 1094 3449  33
3497 3542 3431  33
3555 3524 3498  33
3398 3513 3568  33
1069 3536 3499  33
3543 3536 3533  33
3500 468 469  33
469 3415 3500  33
3501 1101 1102  33
3501 1103 3393  33
3502 3518 3445  33
3502 1066 3484  33
3432 3441 3503  33
3466 3521 462  33
3455 3504 3417  33
3391 3518 3502  33
466 3582 3549  33
3523 1089 3587  33
3517 1086 1087  33
1087 1088 3506  33
3507 3481 3438  33
3438 1081 3507  33
3421 3468 3508  33
3508 464 465  33
3509 489 3498  33
3509 3571 3485  33
3510 3421 3508  33
3510 465 466  33
3511 3501 3393  33
3393 3468 3511  33
3526 3482 3475  33
3512 1100 3478  33
3398 3419 3513  33
3513 1059 3418  33
3498 490 3514  33
3514 3490 3398  33
3487 1044 3515  33
3515 1045 3486  33
3491 3539 3422  33
3516 3404 3459  33
1087 3506 3517  33
3425 3517 3569  33
3504 3464 3518  33
3445 3567 3562  33
3519 1084 1085  33
3519 3425 3437  33
3520 3493 3382  33
3382 3500 3520  33
3503 3441 3521  33
461 3535 460  33
498 3401 3522  33
3522 3495 3459  33
3587 3590 3434  33
3420 3434 3400  33
3509 3498 3524  33
3418 3433 3524  33
3525 3390 3467  33
3467 3464 3571  33
3475 3512 3526  33
3527 3434 3590  33
3527 3442 3400  33
3572 3453 3590  33
1114 3592 3584  33
3528 34 460  33
1056 3563 1055  33
1056 3419 3529  33
3557 3409 3476  33
3476 3387 3530  33
3531 3432 3503  33
3531 3560 3448  33
3532 1103 1104  33
1104 3477 3532  33
3499 3543 3405  33
3423 3536 3416  33
3409 3427 3534  33
3534 3402 3381  33
3592 1114 1113  33
3535 3521 3541  33
3536 3543 3499  33
3536 1069 3416  33
3537 3528 3535  33
3537 3541 3428  33
3495 3473 3538  33
3553 3469 3487  33
1047 3422 3539  33
3539 3491 3516  33
3540 3517 3425  33
3425 3519 3540  33
3541 3537 3535  33
3521 3535 461  33
3431 3581 3552  33
3542 3449 3520  33
3533 3395 3543  33
3543 3458 3405  33
3544 3550 479  33
479 480 3544  33
3545 3403 3435  33
3435 3424 3545  33
3546 3495 3486  33
3546 1047 3539  33
3547 3470 476  33
3547 477 3454  33
3548 3401 3479  33
3548 936 3483  33
3549 3414 3510  33
3510 466 3549  33
3381 3544 3534  33
3550 3392 3383  33
3566 3577 3505  33
3505 3549 3582  33
3552 3527 3453  33
3453 3431 3552  33
3538 3473 3553  33
3553 3548 3483  33
3428 3474 3554  33
3554 3559 3584  33
3498 3514 3555  33
3418 3568 3513  33
3556 498 3522  33
3556 3459 3404  33
1074 3412 3578  33
3557 3476 3530  33
3558 3465 3461  33
3461 3443 3558  33
3559 1118 1117  33
3584 1116 1115  33
3560 3452 3448  33
3560 3531 3466  33
3441 3432 3561  33
3561 1107 3450  33
3467 3562 3567  33
3467 3390 3562  33
3439 3529 3385  33
3439 3456 3563  33
3564 3465 3496  33
3496 3388 3564  33
3460 3422 3565  33
3447 3460 3565  33
3551 3505 3582  33
1089 1090 3587  33
3518 3464 3567  33
3464 3467 3567  33
3555 3514 3568  33
3514 3398 3568  33
3569 3488 3403  33
3403 3425 3569  33
3570 3588 3423  33
3423 3416 3570  33
3571 3455 3485  33
3571 3509 3525  33
1090 1091 3572  33
1090 3572 3587  33
3530 3588 3594  33
3453 3527 3590  33
1060 1061 3574  33
1061 3433 3574  33
1080 3438 3575  33
1079 1080 3575  33
1072 1073 3576  33
3578 3591 3576  33
3577 3394 3482  33
3482 3444 3577  33
1073 1074 3578  33
3578 3576 1073  33
3396 3575 3579  33
3575 3438 3579  33
3449 1094 3580  33
1094 1095 3580  33
3451 3552 3581  33
3415 3451 3581  33
467 3551 3582  33
3582 466 467  33
3583 3595 1077  33
1077 1078 3583  33
3537 3554 3584  33
3537 3584 3592  33
3517 3506 3586  33
3397 3596 3381  33
3384 1071 1072  33
3384 1072 3576  33
3550 3381 3596  33
482 3408 3387  33
3588 3593 3471  33
3384 3591 3594  33
3412 3427 3589  33
3427 3557 3589  33
3392 3579 3406  33
3591 3530 3594  33
3557 3530 3591  33
3588 3384 3594  33
3592 1112 3528  33
3528 3537 3592  33
3526 3421 3414  33
3408 3471 3593  33
3421 3526 3512  33
3392 3550 3596  33
1076 1077 3595  33
3595 3583 3397  33
3500 3551 468  33
3387 3408 3593  33
3421 3512 3478  33
3612 1126 1127  34
505 1111 34  34
3597 1120 1121  34
1122 3607 3597  34
3597 1119 1120  34
501 3606 502  34
3602 3598 3600  34
3609 3611 3610  34
500 3597 501  34
1113 3610 1114  34
1119 3597 500  34
3607 1122 1123  34
1125 3599 1124  34
3610 1113 3609  34
948 3604 947  34
3600 3610 3602  34
1115 3610 3600  34
3609 1111 505  34
1119 500 30  34
1111 3609 1112  34
1118 3603 951  34
3603 1118 1117  34
3603 3605 949  34
3600 3598 3603  34
56 1118 951  34
951 3603 950  34
1130 3613 1129  34
3605 3601 3604  34
3599 3612 3608  34
3613 1128 1129  34
1126 3612 3599  34
1126 3599 1125  34
1128 3613 3612  34
3601 1130 1131  34
946 3604 1134  34
1132 3604 3601  34
1134 3604 1133  34
946 1134 55  34
502 3606 503  34
3597 1121 1122  34
3605 3604 948  34
3599 3611 3607  34
3609 505 504  34
1124 3607 1123  34
3600 1117 1116  34
1116 1115 3600  34
3601 1131 1132  34
3601 3605 3598  34
3607 3611 3606  34
3611 3609 3606  34
3603 949 950  34
3603 1117 3600  34
3604 1132 1133  34
3604 946 947  34
948 949 3605  34
3605 3603 3598  34
503 3609 504  34
3606 501 3597  34
3606 3597 3607  34
3607 1124 3599  34
3613 1130 3601  34
3598 3602 3608  34
1113 1112 3609  34
3609 503 3606  34
3610 3611 3602  34
3610 1115 1114  34
3611 3599 3608  34
3608 3602 3611  34
1127 1128 3612  34
3608 3613 3598  34
3601 3598 3613  34
3613 3608 3612  34
426 3617 425  35
1122 428 429  35
1121 1122 429  35
1120 430 431  35
1121 430 1120  35
430 1121 429  35
427 1123 1124  35
423 3614 422  35
1130 3615 1129  35
426 1124 1125  35
1124 426 427  35
428 1122 1123  35
1123 427 428  35
3617 426 1125  35
3616 3615 3614  35
3617 1127 3616  35
1139 3615 1138  35
423 3616 3614  35
424 3617 3616  35
1128 3616 1127  35
1140 3614 1139  35
421 1140 26  35
421 3614 1140  35
3615 1139 3614  35
1137 3615 1130  35
1132 1136 1131  35
1137 1131 1136  35
1131 1137 1130  35
1136 1133 1135  35
1120 431 1119  35
431 30 1119  35
55 1135 1134  35
1134 1135 1133  35
1133 1136 1132  35
3614 421 422  35
3616 1128 3615  35
3615 1128 1129  35
3615 1137 1138  35
3616 423 424  35
1127 3617 1126  35
3617 424 425  35
3617 1125 1126  35
3629 954 3624  36
3621 398 3618  36
3628 957 3619  36
395 3620 396  36
1140 390 26  36
1145 3623 1144  36
3624 3630 3629  36
958 3619 957  36
393 3628 394  36
960 3625 3618  36
956 3622 955  36
1141 962 57  36
3620 395 3619  36
397 3627 3618  36
961 3631 3625  36
3632 3630 3626  36
3623 1146 399  36
1140 3626 390  36
1146 3623 1145  36
960 3627 959  36
1142 962 1141  36
1144 3623 1143  36
3631 3621 3625  36
962 1142 3631  36
3620 3619 958  36
392 3624 3622  36
3620 959 3627  36
3631 961 962  36
3622 956 3628  36
952 1136 1135  36
390 3630 391  36
1136 952 3632  36
3624 392 391  36
1137 3632 3626  36
3632 953 3629  36
398 3621 399  36
398 397 3618  36
395 394 3619  36
957 3628 956  36
958 959 3620  36
396 3627 397  36
3625 960 961  36
3626 1140 1139  36
393 392 3622  36
3622 954 955  36
1143 3631 1142  36
3632 1137 1136  36
954 3629 953  36
954 3622 3624  36
3621 3631 3623  36
3621 3618 3625  36
3626 1138 1137  36
952 1135 55  36
3627 960 3618  36
3627 396 3620  36
3619 394 3628  36
3628 393 3622  36
3630 3624 391  36
953 3632 952  36
3631 1143 3623  36
3630 3632 3629  36
3626 1139 1138  36
390 3626 3630  36
399 1146 27  36
3623 399 3621  36
3634 1145 1144  37
3639 3633 400  37
3634 1146 1145  37
3639 3637 3633  37
1155 1154 3641  37
1157 3638 1147  37
1153 3641 1154  37
3640 3637 3635  37
3636 1144 1143  37
57 1150 1141  37
3634 3636 3635  37
60 1157 1147  37
1141 3636 1142  37
400 1151 28  37
1146 3634 401  37
3637 3640 3638  37
3634 3639 401  37
1146 401 27  37
1152 3633 1153  37
1151 3633 1152  37
1151 400 3633  37
1149 3636 1150  37
3638 1155 3641  37
1144 3636 3634  37
3636 1143 1142  37
3640 3636 1149  37
3637 3639 3635  37
3636 1141 1150  37
3636 3640 3635  37
1155 3638 1156  37
3633 3641 1153  37
3638 1148 1147  37
3638 1157 1156  37
400 401 3639  37
3639 3634 3635  37
3640 1149 1148  37
1148 3638 3640  37
3641 3633 3637  37
3637 3638 3641  37
1172 3658 3655  38
3648 3647 3645  38
972 1164 1163  38
3653 1176 1175  38
3649 965 1159  38
970 1163 1162  38
1150 57 963  38
3650 1150 963  38
3654 1182 1181  38
1178 3652 1179  38
3653 1178 1177  38
3646 992 993  38
986 3661 985  38
1176 3653 1177  38
1175 1176 61  38
3653 3652 1178  38
3648 3662 3644  38
1150 3650 1149  38
3662 3648 3658  38
3647 990 991  38
1182 3654 3646  38
3661 3663 983  38
981 982 3663  38
988 3656 987  38
990 3647 3642  38
992 3647 991  38
1183 3646 994  38
3647 992 3646  38
994 3646 993  38
994 58 1183  38
986 3656 3644  38
3642 988 989  38
985 3661 984  38
3657 1170 1169  38
3651 3643 977  38
1167 3660 1168  38
979 3659 3651  38
3643 3651 1166  38
3660 1167 3659  38
3663 3661 3660  38
3651 977 978  38
3664 975 3643  38
969 1162 1161  38
1164 972 973  38
3664 973 974  38
989 990 3642  38
975 3664 974  38
966 1160 1159  38
969 1161 968  38
1163 971 972  38
977 3643 976  38
3651 3659 1167  38
1168 3660 3657  38
1147 1158 60  38
1163 970 971  38
1162 969 970  38
1161 967 968  38
1159 965 966  38
3649 1158 3650  38
1160 967 1161  38
1160 966 967  38
1147 3650 1158  38
965 3649 964  38
1149 3650 1148  38
3655 1174 1173  38
973 3664 1164  38
1166 1165 3643  38
3643 975 976  38
3656 3648 3644  38
1171 3662 3658  38
3652 1181 1180  38
1174 3655 3653  38
3646 1183 1182  38
3654 1181 3652  38
3645 3654 3652  38
3647 3648 3642  38
3644 3662 3657  38
3648 3656 3642  38
1159 1158 3649  38
3649 963 964  38
3650 1147 1148  38
3650 963 3649  38
978 979 3651  38
3651 1167 1166  38
1180 1179 3652  38
3652 3653 3645  38
3653 1175 1174  38
3653 3655 3645  38
3654 3645 3647  38
3647 3646 3654  38
1173 1172 3655  38
3655 3648 3645  38
3656 986 987  38
3656 988 3642  38
1169 1168 3657  38
3661 3657 3660  38
3648 3655 3658  38
3658 1172 1171  38
3659 979 980  38
980 981 3659  38
983 3663 982  38
3657 3661 3644  38
3661 983 984  38
3661 986 3644  38
3662 1171 1170  38
1170 3657 3662  38
3660 3659 3663  38
3659 981 3663  38
3643 1165 3664  38
1165 1164 3664  38
1213 3707 3684  39
1239 3701 1240  39
1219 3681 1218  39
3669 1164 1163  39
1220 3681 1219  39
1211 3680 1210  39
3712 1204 3700  39
3682 3696 1233  39
3702 1170 3692  39
3717 1195 3699  39
1160 3679 1161  39
1161 3679 1162  39
3671 3705 3675  39
1209 3672 1208  39
1217 3686 1216  39
1216 3686 1215  39
63 1217 1216  39
3674 3698 3678  39
3707 3703 3684  39
3707 1213 1214  39
3672 3680 3694  39
3680 3672 1209  39
1235 3668 1236  39
3709 3708 3667  39
3716 1159 1158  39
1191 3718 1192  39
3711 3675 3677  39
3719 1188 3720  39
1187 3720 1188  39
3715 1187 1186  39
1186 1185 3715  39
1188 3719 1189  39
62 1200 1184  39
1191 3719 3713  39
1184 3715 1185  39
3685 3712 3671  39
3717 3721 1197  39
3721 3717 3716  39
3675 3711 3671  39
60 3721 1158  39
1199 1198 3721  39
1159 3716 3677  39
3702 3689 1172  39
3672 1207 1208  39
1164 3669 3667  39
3673 3712 3685  39
3669 1162 3679  39
1160 3677 3675  39
1194 3699 1195  39
3672 3700 1206  39
1231 3683 3682  39
1164 3674 1165  39
3682 1233 1232  39
3678 3706 3710  39
1167 3706 3683  39
1229 3702 3692  39
3692 1230 1229  39
3683 1231 1230  39
1230 3692 3683  39
1172 3689 1173  39
1175 1243 61  39
3689 1243 1175  39
1227 3702 1228  39
1243 3689 1226  39
1173 3689 1174  39
1243 1226 65  39
3702 1227 3689  39
1169 3692 1170  39
1231 3682 1232  39
3665 3707 3681  39
3668 3688 3678  39
3666 3701 3676  39
3693 3684 3703  39
3684 1211 1212  39
1213 3684 1212  39
3697 3701 3666  39
3697 3666 3665  39
3695 1225 1242  39
1225 64 1242  39
1221 3697 3665  39
1224 3695 1223  39
1225 3695 1224  39
3665 1220 1221  39
1241 3701 3695  39
3701 3697 3695  39
1211 3684 3680  39
1165 3674 1166  39
3672 1206 1207  39
3668 1238 1237  39
1237 1236 3668  39
3669 1163 1162  39
3711 3677 3716  39
1204 3712 1203  39
1206 3700 1205  39
1193 3699 1194  39
3671 3700 3670  39
3687 3709 3704  39
3670 3687 3704  39
3720 1187 3715  39
3673 1200 1201  39
3674 1164 3667  39
3696 3668 1235  39
3685 3711 3699  39
3705 3670 3704  39
3676 1239 1238  39
1238 3668 3676  39
3677 1160 1159  39
1197 3721 1198  39
3687 3693 3690  39
3668 3696 3688  39
3679 1160 3675  39
3705 3709 3669  39
1209 1210 3680  39
3693 3708 3690  39
1218 3686 1217  39
3681 1220 3665  39
1167 3683 1168  39
1167 3710 3706  39
1168 3692 1169  39
3682 3683 3706  39
3681 3707 3686  39
3693 3687 3680  39
3718 1191 3713  39
1190 1189 3719  39
1214 1215 3686  39
3686 1218 3681  39
3691 3678 3698  39
3680 3687 3694  39
1235 1234 3696  39
3688 3706 3678  39
1227 1226 3689  39
3689 1175 1174  39
3708 3693 3691  39
3678 3691 3668  39
3703 3691 3693  39
3676 3668 3691  39
1170 3702 1171  39
3692 1168 3683  39
3680 3684 3693  39
3691 3703 3676  39
3687 3670 3694  39
3670 3672 3694  39
1223 3697 1222  39
3695 1242 1241  39
1234 1233 3696  39
3696 3682 3688  39
3697 1221 1222  39
3697 1223 3695  39
3698 3674 3667  39
3691 3698 3708  39
1195 3717 1196  39
3673 3720 3715  39
1204 1205 3700  39
3700 3672 3670  39
3701 1241 1240  39
3701 1239 3676  39
3702 1229 1228  39
3702 1172 1171  39
3703 3707 3666  39
3666 3676 3703  39
3669 3709 3667  39
3705 3671 3670  39
3705 3669 3679  39
3679 3675 3705  39
3674 3678 3710  39
3706 3688 3682  39
3707 1214 3686  39
3707 3665 3666  39
3698 3667 3708  39
3708 3709 3690  39
3709 3705 3704  39
3709 3687 3690  39
3710 1167 1166  39
1166 3674 3710  39
3717 1197 1196  39
3711 3685 3671  39
1202 1203 3712  39
3712 3700 3671  39
3685 3699 3713  39
1193 1192 3718  39
3673 3685 3714  39
3685 3713 3714  39
3715 1184 1200  39
1200 3673 3715  39
1202 3673 1201  39
3673 1202 3712  39
3699 3711 3717  39
3711 3716 3717  39
3713 3699 3718  39
3699 1193 3718  39
3714 3713 3719  39
3719 1191 1190  39
3720 3673 3714  39
3714 3719 3720  39
3716 1158 3721  39
3721 60 1199  39
1253 3757 1254  40
1255 3760 1256  40
3723 3755 3735  40
1279 1280 3770  40
1250 3746 1251  40
3749 3742 1248  40
1275 3740 3758  40
1243 3766 1293  40
1256 3769 1257  40
67 1310 1292  40
1293 61 1243  40
1299 3769 3760  40
1281 3770 1280  40
1281 3774 3770  40
3727 1263 1264  40
1278 3770 1277  40
1220 3723 1221  40
66 1278 1277  40
3774 1283 3771  40
1271 3733 1270  40
3728 3756 3747  40
3722 3747 3734  40
3774 1281 1282  40
1283 3774 1282  40
3754 3725 3765  40
3740 1275 1276  40
1285 3773 3771  40
1285 3771 1284  40
1289 3772 3765  40
1288 3765 1287  40
1292 3772 1291  40
3772 1289 1290  40
3743 1271 1272  40
1290 1291 3772  40
1309 3754 3772  40
3732 3722 3734  40
1305 3756 1306  40
1308 3756 3728  40
3741 3745 3739  40
3743 3733 1271  40
3746 1250 3742  40
3741 3739 3738  40
1266 3741 1265  40
3751 1263 3727  40
1219 3751 3723  40
1219 3723 1220  40
3723 3751 3727  40
63 1261 1217  40
1217 3751 1218  40
3751 1217 1261  40
3724 3739 3736  40
1222 3735 1223  40
3749 3759 3755  40
3759 1247 1246  40
1245 3759 1246  40
1247 3759 3749  40
1225 3744 1244  40
1244 64 1225  40
1244 3744 1245  40
3739 3749 3738  40
3737 1302 3768  40
3743 3758 3761  40
1273 3758 3743  40
3748 1305 1304  40
3729 3769 1298  40
1293 3766 1294  40
3747 3761 3728  40
3762 1301 3760  40
1302 3737 1303  40
3730 3722 3732  40
3769 1299 1298  40
3760 1301 1300  40
1301 3768 1302  40
1260 1243 65  40
3729 1298 1297  40
3729 3766 1259  40
3766 1296 1295  40
3766 1243 1260  40
1296 3766 3729  40
1296 3729 1297  40
3739 3745 3752  40
3767 3747 3722  40
1221 3735 1222  40
1263 3751 1262  40
1304 3737 3748  40
1251 3726 1252  40
1275 3758 1274  40
3773 1285 1286  40
1253 1252 3726  40
3746 3731 3726  40
3727 3741 3738  40
3752 3750 3736  40
3743 3761 3767  40
1309 3772 1310  40
3729 1259 1258  40
1258 1257 3729  40
3733 3745 1268  40
3733 3767 3764  40
3726 3757 1253  40
3731 3746 3724  40
3737 3753 3763  40
3722 3730 3764  40
3733 1268 1269  40
1269 1270 3733  40
1305 3748 3734  40
3750 3752 3732  40
1223 3744 1224  40
3735 1221 3723  40
3730 3752 3745  40
3731 3724 3753  40
3737 1304 1303  40
3757 3726 3731  40
1248 3742 1249  40
3755 3723 3727  40
3749 3739 3742  40
1266 3745 3741  40
1276 1277 3740  40
3725 3774 3771  40
3741 3727 1264  40
1264 1265 3741  40
3739 3724 3742  40
3742 1250 1249  40
1272 1273 3743  40
3747 3767 3761  40
3744 1225 1224  40
3744 1223 3735  40
3745 1266 1267  40
1267 1268 3745  40
3726 1251 3746  40
3746 3742 3724  40
3756 1305 3747  40
3747 1305 3734  40
3748 3750 3732  40
3732 3734 3748  40
1248 1247 3749  40
3738 3749 3755  40
3750 3748 3737  40
3724 3763 3753  40
3751 1219 1218  40
3751 1261 1262  40
3752 3730 3732  40
3752 3736 3739  40
3750 3737 3763  40
3753 3762 3731  40
3754 3761 3725  40
1289 3765 1288  40
3755 3744 3735  40
3755 3727 3738  40
3756 1308 1307  40
1307 1306 3756  40
3757 1255 1254  40
3760 3757 3762  40
3758 1273 1274  40
3758 3740 3725  40
3759 1245 3744  40
3744 3755 3759  40
1300 1299 3760  40
3760 1255 3757  40
3758 3725 3761  40
3761 3754 3728  40
3757 3731 3762  40
3768 1301 3762  40
3763 3724 3736  40
3736 3750 3763  40
3730 3745 3764  40
3745 3733 3764  40
1287 3773 1286  40
3765 3772 3754  40
1295 1294 3766  40
3766 1260 1259  40
3722 3764 3767  40
3767 3733 3743  40
3762 3753 3768  40
3753 3737 3768  40
3769 3729 1257  40
3769 1256 3760  40
3740 1277 3770  40
3770 1278 1279  40
1283 1284 3771  40
3773 1287 3765  40
3772 1292 1310  40
3765 3725 3773  40
3725 3771 3773  40
3774 3725 3740  40
3740 3770 3774  40
3754 1308 3728  40
1308 3754 1309  40
1018 3776 1017  41
3788 1002 1003  41
1022 3780 1021  41
1299 3795 3777  41
1020 3781 1019  41
3796 3780 1022  41
3784 3787 3779  41
1176 1293 61  41
997 3792 996  41
3801 1014 3793  41
1308 3799 1309  41
3795 1299 1298  41
3787 3794 3783  41
1293 3794 1294  41
1176 3794 1293  41
1301 3791 3775  41
3787 3784 3785  41
3795 3784 3788  41
1295 3794 3787  41
3794 1295 1294  41
1179 3783 1178  41
3791 1301 1300  41
3793 1301 3775  41
1024 3796 1023  41
3793 1015 3776  41
3781 1020 3780  41
3782 3801 3775  41
3797 1311 1312  41
3799 3797 1309  41
1314 3797 1313  41
3800 3798 1307  41
1309 3797 1310  41
1313 3797 1312  41
1026 1027 3798  41
1311 3797 1031  41
59 1311 1031  41
1027 3799 3798  41
3799 1030 3797  41
1028 1029 3799  41
1015 3793 1014  41
3800 1026 3798  41
1024 1025 3800  41
3780 1020 1021  41
1012 1013 3801  41
1011 3801 3782  41
3777 1300 1299  41
1019 3781 1018  41
1017 3776 1016  41
1022 1023 3796  41
1001 3788 3786  41
3782 3791 3802  41
1301 3793 1302  41
1302 3776 1303  41
3781 3780 1304  41
1180 3792 3783  41
1007 3802 3789  41
1006 3790 1005  41
3778 997 998  41
3792 997 3778  41
3778 3784 3779  41
3784 3778 3786  41
1001 3786 1000  41
995 3792 1183  41
999 3786 3778  41
995 1183 58  41
3792 995 996  41
1183 3792 1182  41
1010 3782 1009  41
1011 3782 1010  41
1015 1016 3776  41
1303 3781 1304  41
3790 1003 1004  41
3790 1006 3789  41
1180 3783 1179  41
3778 998 999  41
1296 3787 3785  41
3792 3779 3783  41
3780 3796 1305  41
1305 1304 3780  41
3781 1303 3776  41
3776 1018 3781  41
3802 1009 3782  41
1009 3802 1008  41
1178 3794 1177  41
3779 3792 3778  41
3788 1001 1002  41
3784 3795 3785  41
3785 1298 1297  41
1297 1296 3785  41
3786 999 1000  41
3786 3788 3784  41
3787 1296 1295  41
3787 3783 3779  41
1003 3790 3788  41
3777 3790 3789  41
1006 1007 3789  41
3789 3791 3777  41
3790 3795 3788  41
3790 1004 1005  41
3782 3775 3791  41
3791 1300 3777  41
3792 1180 1181  41
1181 1182 3792  41
1014 3801 1013  41
3793 3776 1302  41
3794 1176 1177  41
3794 1178 3783  41
3795 3790 3777  41
3795 1298 3785  41
3796 3800 1306  41
1306 1305 3796  41
1030 3799 1029  41
1030 1031 3797  41
1308 1307 3798  41
1026 3800 1025  41
3799 1308 3798  41
3799 1027 1028  41
1307 1306 3800  41
3800 3796 1024  41
3793 3775 3801  41
3801 1011 1012  41
3791 3789 3802  41
3802 1007 1008  41
1310 1314 67  41
1314 1310 3797  41
1325 3805 1324  42
3804 1327 1314  42
1324 3805 1323  42
288 3808 3803  42
1315 1311 59  42
3809 1312 1311  42
1327 3804 1326  42
1312 3809 3807  42
1314 1327 67  42
1326 3804 1325  42
1323 3806 1322  42
3805 1325 3804  42
289 20 1321  42
1321 3806 289  42
1315 3809 1311  42
3806 1323 3805  42
288 1320 21  42
1319 3803 1318  42
1320 3803 1319  42
1318 3809 1317  42
3803 1320 288  42
1313 3807 3804  42
1317 3809 1316  42
3804 1314 1313  42
3804 3807 3805  42
3807 1313 1312  42
3808 3809 3803  42
289 3808 288  42
3806 1321 1322  42
3809 3808 3807  42
3807 3808 3805  42
3808 289 3806  42
3806 3805 3808  42
3809 1315 1316  42
3809 1318 3803  42
930 1032 931  43
3822 1032 930  43
3822 929 928  43
3820 1037 1036  43
3814 3816 1035  43
1038 3812 3811  43
299 1320 3813  43
3813 1320 1319  43
3816 294 3820  43
3810 3819 3818  43
294 3816 293  43
1037 3820 3812  43
3819 3810 291  43
1034 3819 3814  43
290 927 926  43
928 927 3822  43
1320 299 21  43
1040 3815 1041  43
931 1032 53  43
3812 296 3811  43
3818 3819 1033  43
291 3810 290  43
1315 3815 1316  43
296 3812 295  43
293 3814 292  43
3811 3817 1039  43
3817 3811 297  43
298 3817 297  43
298 3813 3821  43
1316 3815 1317  43
3813 1319 1318  43
3813 298 299  43
1315 1041 3815  43
3822 930 929  43
927 290 3822  43
296 297 3811  43
3811 1039 1038  43
3812 1038 1037  43
295 3820 294  43
3813 1317 3815  43
1317 3813 1318  43
1035 1034 3814  43
292 3819 291  43
1041 1315 59  43
3815 1040 3821  43
1036 1035 3816  43
3816 3814 293  43
3817 298 3821  43
3817 1040 1039  43
1033 1032 3818  43
3818 3822 3810  43
3819 292 3814  43
3819 1034 1033  43
3820 295 3812  43
3820 1036 3816  43
3821 3813 3815  43
3821 1040 3817  43
290 926 22  43
3822 290 3810  43
1032 3822 3818  43
3827 3842 3837  44
3839 281 3834  44
3823 280 279  44
281 3839 282  44
3833 3844 3839  44
1292 1327 3832  44
1279 3841 1278  44
3832 3827 1292  44
1280 1281 3847  44
3841 3846 3828  44
3824 19 1328  44
278 3824 3828  44
1333 1278 3841  44
3829 1281 1282  44
3840 3836 286  44
286 285 3840  44
3824 1329 1330  44
3828 279 278  44
1327 1292 67  44
3840 3835 3836  44
3838 3840 285  44
3831 282 3839  44
3831 3830 283  44
3824 1331 3841  44
1322 3842 1323  44
1324 1323 3842  44
283 3830 284  44
3837 3842 3826  44
1322 3826 3842  44
1331 3824 1330  44
3841 3828 3824  44
1282 3833 3829  44
3824 1328 1329  44
3845 3843 3830  44
3830 3831 3845  44
1287 1288 3843  44
1289 3835 3825  44
3843 3825 3838  44
3843 3845 1287  44
1292 3827 1291  44
3835 1289 1290  44
3823 3828 3846  44
3847 3846 1280  44
1325 3832 1326  44
20 3826 1321  44
1288 1289 3825  44
3840 3838 3825  44
1325 3842 3832  44
3826 20 287  44
3835 3837 3836  44
1291 3835 1290  44
279 3828 3823  44
3846 3847 3823  44
280 3834 281  44
280 3823 3829  44
1287 3845 1286  44
3838 285 284  44
283 282 3831  44
3831 3839 3844  44
19 3824 278  44
3826 1322 1321  44
3833 1282 1283  44
1283 1284 3833  44
3834 280 3829  44
3829 3833 3834  44
3835 1291 3827  44
3837 3826 287  44
287 286 3836  44
3835 3840 3825  44
287 3836 3837  44
3837 3835 3827  44
284 3830 3838  44
3825 3843 1288  44
3839 3834 3833  44
3844 3845 3831  44
1278 1334 66  44
1278 1333 1334  44
3841 1331 1332  44
1332 1333 3841  44
3842 3827 3832  44
3842 1325 1324  44
3838 3830 3843  44
3832 1327 1326  44
3844 3833 1284  44
1284 1285 3844  44
3845 3844 1285  44
1285 1286 3845  44
3846 3841 1279  44
1279 1280 3846  44
1281 3829 3847  44
3829 3823 3847  44
271 3855 272  45
3856 3855 271  45
1348 3853 3852  45
3855 3856 3854  45
1342 3857 1336  45
3848 1346 3849  45
270 3857 3856  45
3857 1340 1339  45
1337 3857 1338  45
1346 3848 1345  45
3858 1333 1332  45
1329 3858 1330  45
277 1328 19  45
277 3858 1329  45
1350 3858 3853  45
276 3852 3850  45
1341 270 18  45
3852 275 3851  45
275 3852 276  45
3853 1349 1350  45
1333 1350 1334  45
3849 1346 1347  45
1334 1350 66  45
3858 1332 1331  45
3853 1348 1349  45
1345 3855 1344  45
1347 3851 3849  45
1344 3854 1343  45
3854 1344 3855  45
1340 270 1341  45
1336 3857 1337  45
1342 1336 1335  45
273 3849 274  45
273 272 3848  45
274 3851 275  45
3849 273 3848  45
277 1329 1328  45
277 276 3850  45
3851 274 3849  45
3851 1348 3852  45
1348 3851 1347  45
3852 3853 3850  45
3858 1350 1333  45
1330 3858 1331  45
1342 1335 68  45
1342 1343 3854  45
3855 1345 3848  45
3848 272 3855  45
271 270 3856  45
3857 1339 1338  45
3857 1342 3854  45
3854 3856 3857  45
3858 277 3850  45
3850 3853 3858  45
270 1340 3857  45
1353 3859 1354  46
313 3860 314  46
313 3864 3860  46
3866 1358 1357  46
3866 3864 311  46
311 3864 312  46
3861 3863 1339  46
1341 18 316  46
3864 3866 3865  46
309 3866 310  46
1351 68 1335  46
3861 1341 316  46
3861 1339 1340  46
3863 1337 1338  46
1341 3861 1340  46
3866 309 1358  46
1351 3862 1352  46
1353 3862 3859  46
1337 3862 1336  46
3859 3860 3864  46
3862 3863 3859  46
1356 3866 1357  46
23 1358 309  46
1335 3862 1351  46
1354 3865 1355  46
1337 3863 3862  46
1339 3863 1338  46
3860 315 314  46
3861 316 315  46
315 3860 3861  46
3862 1353 1352  46
3862 1335 1336  46
3863 3861 3860  46
3860 3859 3863  46
3864 313 312  46
3859 3864 3865  46
3865 1356 1355  46
3865 1354 3859  46
311 310 3866  46
3866 1356 3865  46
3966 3946 3910  47
3986 3875 3874  47
3906 3990 3932  47
338 3974 337  47
3973 3935 3984  47
3988 3989 3886  47
3883 3950 3877  47
3975 3903 4020  47
4022 3943 3897  47
4041 3978 3934  47
3942 3951 3890  47
3948 1371 4042  47
3906 3964 3996  47
3982 3991 3924  47
3966 3875 3946  47
3954 3899 3877  47
1362 3880 1361  47
3980 1364 3907  47
3971 353 3923  47
3928 3893 4005  47
3892 3958 3928  47
3879 3958 3899  47
3916 1396 3896  47
330 331 3990  47
3867 3913 4001  47
3929 3951 1386  47
3942 1386 3951  47
354 3923 353  47
3920 3913 4003  47
1400 1366 69  47
3913 3905 4003  47
3990 4022 330  47
352 3892 351  47
3877 3971 3923  47
24 1359 354  47
1366 1400 3907  47
3935 3898 4035  47
3894 3904 3873  47
3969 3918 3905  47
4014 3919 3973  47
4038 1367 3979  47
340 3939 3891  47
3875 3986 3962  47
321 3934 3978  47
1366 3907 1365  47
3965 336 337  47
340 3972 339  47
3951 3909 4004  47
3996 3997 1377  47
3924 4024 3937  47
332 3949 3932  47
3991 3998 3871  47
3997 3996 3964  47
3998 3999 1381  47
1373 4040 1374  47
325 3911 3878  47
3906 3940 3936  47
3955 3915 3900  47
3915 3930 3900  47
4016 1352 1353  47
1358 3978 1357  47
1357 3889 1356  47
1355 4016 1354  47
3889 1357 3978  47
3981 3921 3937  47
4038 4016 3931  47
3904 3894 3995  47
3967 3888 4015  47
3967 3878 3888  47
3953 4009 4031  47
3979 68 1351  47
3990 3906 3914  47
1383 3956 3926  47
3938 1375 4017  47
3930 3933 3970  47
3989 3998 3887  47
3983 3924 3871  47
3885 3881 3956  47
3959 3901 3912  47
3902 4015 3975  47
3944 3955 3953  47
3906 3936 3914  47
4021 4010 4039  47
1351 1352 3979  47
1371 1370 4042  47
68 3979 1367  47
3957 3944 4031  47
349 3918 348  47
1352 4016 3979  47
322 3934 321  47
1389 3966 3910  47
1388 1387 4033  47
352 3971 3870  47
3954 3877 3950  47
3999 3998 3895  47
3998 3989 3895  47
1392 3960 1393  47
3872 1392 4013  47
1391 3977 3917  47
3874 342 3986  47
3939 3890 3891  47
3874 341 342  47
3869 3927 3992  47
3945 344 3894  47
350 4018 3920  47
1398 1397 4007  47
1362 3980 3880  47
1365 3907 1364  47
3910 3946 3968  47
3878 324 325  47
3958 3892 3870  47
1398 3954 1399  47
3880 1360 1361  47
1400 3950 3907  47
1382 1381 3999  47
336 3886 335  47
3974 3965 337  47
3925 1384 4000  47
3971 352 353  47
3980 1362 1363  47
4036 4035 3872  47
3884 345 346  47
1383 1382 3885  47
3885 3895 3881  47
335 3976 334  47
3965 3881 3988  47
3982 3924 3921  47
3976 335 3886  47
3902 324 3967  47
324 3878 3967  47
1355 1356 3889  47
3934 3922 3868  47
3927 3942 3890  47
1386 3942 1387  47
3890 3939 3927  47
3925 3959 3912  47
3892 352 3870  47
3876 4032 4001  47
4034 3963 3919  47
4032 3876 4005  47
344 3962 343  47
344 345 3894  47
3998 3991 3887  47
3881 3895 3989  47
4005 3916 4032  47
1396 3916 1397  47
1375 3938 4008  47
3897 328 329  47
347 3973 3984  47
3963 1394 3994  47
3877 3923 3883  47
3899 3954 3879  47
326 3961 3911  47
328 3970 3933  47
339 3901 338  47
3901 3972 3912  47
3901 3882 3974  47
323 3922 322  47
4021 4020 3903  47
3902 3947 3922  47
3995 4036 3904  47
3904 3917 3873  47
349 4003 3905  47
3896 3867 4001  47
1379 1378 4019  47
3952 3947 4021  47
1364 3980 1363  47
3978 4041 3889  47
1394 3963 4002  47
3963 4034 4011  47
3901 3959 3882  47
3972 340 3891  47
3945 3968 3946  47
3876 3928 4005  47
3948 3888 4009  47
3911 325 326  47
3909 3972 3891  47
3912 3929 3925  47
1397 3916 4029  47
3920 3928 3876  47
4006 3897 3943  47
3897 329 4022  47
3944 3961 3915  47
3933 3915 3961  47
4005 4029 3916  47
4007 1397 4029  47
1392 1391 4013  47
3873 3977 3968  47
3918 349 3905  47
348 3918 4014  47
3969 4011 4034  47
3928 3920 4018  47
3920 3876 3913  47
3949 332 3921  47
3921 332 333  47
3922 3934 322  47
3922 323 3902  47
3880 1359 1360  47
3880 3883 3923  47
3924 3937 3921  47
334 3976 3982  47
3925 3929 1385  47
1385 1384 3925  47
1384 1383 3926  47
3926 3956 3882  47
341 3874 3939  47
3992 3966 3869  47
3892 3928 4018  47
3893 3928 3958  47
1386 1385 3929  47
3929 3912 3909  47
4017 1374 4040  47
4006 4023 3938  47
1353 1354 4016  47
4041 3952 3931  47
331 3932 3990  47
331 332 3932  47
3961 326 327  47
327 328 3933  47
3931 3889 4041  47
3985 3981 3964  47
3935 3973 3898  47
4035 4030 3960  47
4023 4028 4008  47
3943 4022 3914  47
3871 1380 3983  47
3983 1379 4024  47
1375 1374 4017  47
3943 3914 3936  47
3939 340 341  47
3939 3874 3927  47
1377 1376 3940  47
1376 4008 4028  47
3987 3975 3941  47
4015 3902 3967  47
3942 3927 3869  47
3869 1388 4033  47
4008 3938 4023  47
3897 4006 3970  47
3955 3944 3915  47
3957 3878 3911  47
3894 3873 3945  47
3941 3888 3948  47
3966 3992 3875  47
3946 3962 3945  47
3947 3952 3868  47
3868 3922 3947  47
4023 4006 3943  47
4026 4009 3953  47
3921 3981 3949  47
1378 1377 3997  47
3950 3980 3907  47
3950 1400 1399  47
3951 3929 3909  47
3890 3951 4004  47
1368 4039 4010  47
3952 4041 3868  47
1372 3955 1373  47
1371 3948 4026  47
3950 1399 3954  47
3954 1398 3879  47
3900 1373 3955  47
3955 1372 3953  47
3956 3965 3882  47
3956 1383 3885  47
4009 3888 4037  47
3957 3911 3944  47
3958 3879 3893  47
3958 3870 3899  47
1384 3926 4000  47
3926 3882 3959  47
3994 1393 4030  47
3960 1392 3872  47
3961 3944 3911  47
3961 327 3933  47
3962 344 3945  47
3962 3946 3875  47
3969 3867 4011  47
1395 1394 4002  47
1377 3940 3996  47
3981 3985 3949  47
3965 3974 3882  47
3965 3956 3881  47
3966 1389 1388  47
1388 3869 3966  47
324 3902 323  47
1368 1367 4012  47
3968 3945 3873  47
3918 3969 4034  47
3969 3905 3913  47
3867 3969 3913  47
3933 3930 3915  47
3970 328 3897  47
3971 3877 3899  47
3899 3870 3971  47
3972 3909 3912  47
3901 339 3972  47
3919 4014 3918  47
3919 3898 3973  47
3974 338 3901  47
1369 3903 3987  47
3975 3987 3903  47
4020 4021 3947  47
3976 3886 3887  47
3871 3924 3991  47
3977 3873 3917  47
3977 1391 1390  47
354 3880 3923  47
3880 354 1359  47
4016 4038 3979  47
1367 4038 4012  47
3980 3950 3883  47
3883 3880 3980  47
3978 23 321  47
23 3978 1358  47
3921 333 3982  47
333 334 3982  47
1379 4019 4024  47
1380 1379 3983  47
3884 346 3984  47
346 347 3984  47
3906 3932 3985  47
3932 3949 3985  47
342 343 3986  47
343 3962 3986  47
3941 1370 3987  47
1370 1369 3987  47
3886 336 3988  47
336 3965 3988  47
3887 3886 3989  47
3989 3988 3881  47
4031 4037 3957  47
3896 3908 3867  47
3991 3982 3976  47
3976 3887 3991  47
3927 3874 3992  47
3874 3875 3992  47
1381 1380 3993  47
1380 3871 3993  47
1394 1393 3994  47
1393 3960 4030  47
3894 345 3995  47
345 3884 3995  47
3940 3906 3996  47
3964 3906 3985  47
4025 1378 3997  47
1378 4025 4019  47
3998 1381 3993  47
3993 3871 3998  47
3895 3885 3999  47
3885 1382 3999  47
3926 3959 4000  47
3959 3925 4000  47
1369 1368 4010  47
3913 3876 4001  47
3908 1395 4002  47
4002 4011 3908  47
4003 349 350  47
350 3920 4003  47
3909 3891 4004  47
3891 3890 4004  47
3919 3918 4034  47
1370 3941 4042  47
3952 4039 4043  47
3930 3970 4006  47
3893 3879 4007  47
3879 1398 4007  47
3940 1376 4028  47
1376 1375 4008  47
4009 4026 3948  47
3944 3953 4031  47
3981 3937 4019  47
3903 1369 4010  47
4011 3867 3908  47
4011 4002 3963  47
3931 4043 4038  47
4039 4012 4043  47
1391 3917 4013  47
4040 3930 4027  47
347 348 4014  47
3973 347 4014  47
3941 3975 4015  47
3888 3941 4015  47
4016 1355 3889  47
3889 3931 4016  47
4040 1373 3900  47
3938 4017 4027  47
4018 350 351  47
351 3892 4018  47
3984 3935 3884  47
3981 4019 4025  47
3902 3975 4020  47
3947 3902 4020  47
3903 4010 4021  47
4039 1368 4012  47
329 330 4022  47
4022 3990 3914  47
3943 3936 4023  47
4037 4031 4009  47
4019 3937 4024  47
4024 3924 3983  47
3964 3981 4025  47
3997 3964 4025  47
3953 1372 4026  47
1372 1371 4026  47
3930 4006 4027  47
4006 3938 4027  47
4028 4023 3936  47
3936 3940 4028  47
4029 4005 3893  47
3893 4007 4029  47
4030 4035 3898  47
3934 3868 4041  47
1395 3896 1396  47
3896 1395 3908  47
3896 4001 4032  47
3916 3896 4032  47
1387 3942 4033  47
3942 3869 4033  47
3930 4040 3900  47
3941 3948 4042  47
3960 3872 4035  47
4035 4036 3935  47
4036 3995 3884  47
3884 3935 4036  47
3888 3878 4037  47
3878 3957 4037  47
3872 3917 3904  47
3917 3872 4013  47
4012 4038 4043  47
3952 4021 4039  47
4027 4017 4040  47
3898 3994 4030  47
3910 1390 1389  47
3977 3910 3968  47
4043 3931 3952  47
3963 3898 3919  47
1390 3910 3977  47
3898 3963 3994  47
3872 3904 4036  47
1404 4052 4046  48
1403 4052 1404  48
1361 4045 1362  48
381 382 4047  48
4047 4052 4049  48
1401 4050 1402  48
1401 69 1366  48
383 4048 4047  48
1407 4048 384  48
1407 384 25  48
4044 4049 4045  48
4050 1401 1366  48
4048 383 384  48
4051 1364 1363  48
383 4047 382  48
4044 377 378  48
4049 4052 4051  48
1363 4045 4051  48
377 4044 1359  48
4045 1361 4044  48
1364 4050 1365  48
24 377 1359  48
1359 4044 1360  48
1360 4044 1361  48
4044 378 379  48
4044 380 4049  48
4052 1403 4050  48
1364 4051 4050  48
4046 1406 1405  48
1405 1404 4046  48
4047 4048 4046  48
381 4049 380  48
4048 1407 1406  48
1406 4046 4048  48
380 4044 379  48
4049 381 4047  48
4050 1403 1402  48
4050 1366 1365  48
4045 1363 1362  48
4045 4049 4051  48
4050 4051 4052  48
4052 4047 4046  48
25 4057 1407  49
1423 4062 1424  49
4056 4061 1417  49
4053 1423 1422  49
4061 1419 1418  49
414 4060 4058  49
4057 1404 1405  49
1422 4060 4053  49
4056 1416 1415  49
4057 25 412  49
1403 1415 1402  49
4056 412 4054  49
4057 1403 1404  49
4060 1422 1421  49
1401 1415 69  49
1415 4057 4056  49
1402 1415 1401  49
1417 4061 1418  49
4063 4060 1420  49
4060 4063 4058  49
4055 1409 1410  49
413 4058 4061  49
4061 4063 1419  49
4060 414 4059  49
415 4055 4053  49
4062 4053 4055  49
4062 1410 1411  49
1413 1424 4062  49
4062 1411 1412  49
1424 1413 1414  49
4059 4053 4060  49
4062 1412 1413  49
4054 412 413  49
4057 1415 1403  49
1424 1414 62  49
4053 4062 1423  49
4056 1417 1416  49
1406 4057 1405  49
4053 4059 415  49
412 4056 4057  49
413 414 4058  49
1420 4060 1421  49
1410 4062 4055  49
4055 29 1408  49
1420 1419 4063  49
4063 4061 4058  49
4061 4056 4054  49
4054 413 4061  49
415 4059 414  49
4055 1408 1409  49
1407 4057 1406  49
29 4055 415  49
4067 408 4075  50
28 4078 411  50
4072 1185 1184  50
4073 4072 4081  50
1412 4081 1413  50
4079 4071 4083  50
1409 4065 4073  50
4064 4072 4065  50
1187 4069 1188  50
4066 410 411  50
1189 4077 4076  50
4072 4070 1185  50
4069 1187 4068  50
4080 4067 4075  50
403 4064 402  50
62 4081 1184  50
1187 4070 4068  50
4066 4074 410  50
1408 4065 1409  50
4078 1154 4082  50
4080 4086 1196  50
1189 4076 1190  50
4083 4084 1192  50
411 4078 4066  50
1155 1156 4082  50
4070 4072 4064  50
4082 1154 1155  50
4078 1151 1152  50
1154 4078 1153  50
4076 4083 1191  50
1157 60 1199  50
4081 1414 1413  50
408 4071 407  50
4084 4083 4071  50
407 4079 406  50
4076 1191 1190  50
4081 62 1414  50
4065 29 402  50
409 4080 4075  50
4080 1194 4067  50
4068 403 404  50
4074 4066 4085  50
1194 1193 4067  50
4070 1187 1186  50
1410 4073 1411  50
29 4065 1408  50
4074 409 410  50
1198 4082 1199  50
402 4064 4065  50
1194 4080 1195  50
403 4068 4070  50
4072 1184 4081  50
404 4077 4069  50
4069 1189 1188  50
4064 403 4070  50
1185 4070 1186  50
1193 1192 4084  50
4068 404 4069  50
4081 1412 4073  50
4065 4072 4073  50
4073 1412 1411  50
4080 1196 1195  50
4086 4080 4074  50
1197 1196 4086  50
408 4067 4071  50
408 409 4075  50
4077 1189 4069  50
405 406 4076  50
4077 404 405  50
405 4076 4077  50
1156 1199 4082  50
4082 4085 4066  50
4076 406 4079  50
4079 407 4071  50
1409 4073 1410  50
4080 409 4074  50
4082 4066 4078  50
1199 1156 1157  50
1192 1191 4083  50
4083 4076 4079  50
4078 28 1151  50
4078 1152 1153  50
4071 4067 4084  50
4067 1193 4084  50
4085 4082 1198  50
1198 1197 4085  50
4074 4085 4086  50
4085 1197 4086  50
4101 63 1216  51
1215 4101 1216  51
4109 1347 1348  51
4109 1346 1347  51
1390 4097 1391  51
4103 1391 4097  51
1209 4103 4097  51
1211 4097 4089  51
4097 1389 4089  51
4091 1392 4103  51
1215 4104 4101  51
1206 4087 4091  51
4091 1207 1206  51
4090 1264 4095  51
1277 1349 1350  51
4101 4088 63  51
4101 1383 4088  51
4112 1369 1368  51
4110 1419 1418  51
1400 1416 1415  51
1201 4114 4111  51
1204 4106 4099  51
4098 1396 4099  51
4106 1204 1203  51
4111 1202 1201  51
1400 1417 1416  51
4099 4106 4098  51
4089 1387 4104  51
1386 4104 1387  51
4104 1385 4101  51
1392 4091 1393  51
4097 1211 1210  51
4099 1395 4087  51
4110 1418 1417  51
1419 4114 1420  51
4110 4114 1419  51
4114 1422 1421  51
4114 1423 1422  51
1200 1423 4114  51
4106 1203 1202  51
1423 1200 1424  51
4087 1394 4091  51
4106 4111 4102  51
1393 4091 1394  51
1395 4099 1396  51
4091 1208 1207  51
4090 1379 1378  51
1388 4089 1389  51
1387 4089 1388  51
4089 4104 1213  51
4089 1213 1212  51
4107 1377 1376  51
4095 1262 4088  51
1264 4090 1265  51
1262 4095 1263  51
63 4088 1261  51
4105 1268 4107  51
4105 1375 1374  51
4107 1378 1377  51
1270 4100 1271  51
1372 4093 4096  51
4108 1273 4093  51
1373 4096 4100  51
4094 4113 4108  51
1273 4108 1274  51
1349 4109 1348  51
4113 1275 4108  51
4092 1344 1345  51
1346 4109 4092  51
1343 1367 1342  51
4109 1276 4113  51
1342 1367 68  51
1383 4101 1384  51
1381 4088 1382  51
4095 4088 1381  51
4107 1266 4090  51
1380 4090 4095  51
4105 1376 1375  51
4090 1380 1379  51
1378 4107 4090  51
4096 1271 4100  51
4100 1374 1373  51
4108 4093 4094  51
1376 4105 4107  51
1374 4100 4105  51
4093 1371 1370  51
4092 1343 1344  51
1274 4108 1275  51
4094 1370 1369  51
1205 4099 4087  51
1396 4098 1397  51
1383 1382 4088  51
4088 1262 1261  51
1212 1211 4089  51
1389 4097 1390  51
1266 4107 1267  51
1266 1265 4090  51
4087 1206 1205  51
1394 4087 1395  51
4092 1345 1346  51
4109 4112 4092  51
4093 1372 1371  51
1370 4094 4093  51
1369 4112 4094  51
1368 4092 4112  51
1264 1263 4095  51
4095 1381 1380  51
4093 1272 4096  51
1272 4093 1273  51
1210 1209 4097  51
1391 4103 1392  51
1399 4102 4110  51
1398 4102 1399  51
1397 4098 1398  51
4099 1205 1204  51
4096 1373 1372  51
1271 4096 1272  51
1385 4104 1386  51
1385 1384 4101  51
1420 4114 1421  51
1399 4110 1400  51
4103 1209 1208  51
1208 4091 4103  51
4104 1215 1214  51
1214 1213 4104  51
4100 1269 4105  51
1269 4100 1270  51
1202 4111 4106  51
4106 4102 4098  51
1268 4105 1269  51
1268 1267 4107  51
1276 4109 1277  51
1275 4113 1276  51
1349 1277 4109  51
4112 4109 4113  51
4111 4110 4102  51
4102 1398 4098  51
4112 4113 4094  51
1417 1400 4110  51
4114 1201 1200  51
4092 1367 1343  51
1277 1350 66  51
4092 1368 1367  51
1400 1415 69  51
4110 4111 4114  51
1424 1200 62  51
4118 1440 4128  52
4118 1253 1254  52
4124 1434 1433  52
4124 1248 1249  52
4122 1427 1426  52
4116 1432 1431  52
1428 4122 4120  52
1244 4122 1451  52
1429 4123 1430  52
1251 4125 4117  52
1246 4123 4120  52
1248 4124 4116  52
1432 4124 1433  52
1426 1451 4122  52
4117 1249 1250  52
1246 4120 1245  52
1451 64 1244  52
4120 1429 1428  52
4122 1428 1427  52
1431 4123 4116  52
1251 4117 1250  52
1434 4117 1435  52
4117 1436 1435  52
1438 4128 1439  52
1436 4125 1437  52
4128 1440 1439  52
1445 4126 1446  52
1255 4129 4118  52
1253 4119 1252  52
1444 4129 4121  52
4118 1442 1441  52
4126 1447 1446  52
1448 4127 1449  52
4127 1259 1260  52
1447 4115 1448  52
1425 1450 4127  52
4127 1448 4115  52
1449 4127 1450  52
1256 4129 1255  52
1440 4118 1441  52
1253 4128 4119  52
1255 4118 1254  52
4126 1257 1258  52
1257 4126 4121  52
1259 4127 4115  52
1425 1260 65  52
4115 1447 4126  52
4115 1258 1259  52
1247 4123 1246  52
1247 1248 4116  52
1436 4117 4125  52
4117 1434 4124  52
1442 4129 1443  52
1442 4118 4129  52
4125 4128 1438  52
4119 1251 1252  52
1429 4120 4123  52
1245 4122 1244  52
1256 1257 4121  52
4121 1445 1444  52
1451 1426 71  52
4122 1245 4120  52
4123 1247 4116  52
4123 1431 1430  52
4124 1432 4116  52
4124 1249 4117  52
4125 1251 4119  52
4125 1438 1437  52
4126 1445 4121  52
4126 1258 4115  52
4127 1260 1425  52
1450 1425 70  52
4128 4125 4119  52
4128 1253 4118  52
4129 1256 4121  52
4129 1444 1443  52
4137 1230 1231  53
4140 1232 1233  53
4132 1459 1458  53
1425 1452 70  53
1226 4138 1425  53
4132 1457 4139  53
1455 4139 1456  53
1425 65 1226  53
4139 1457 1456  53
1459 4137 1460  53
1459 4132 4137  53
1230 4137 4132  53
4135 1233 1234  53
1454 4138 4130  53
1228 4139 4130  53
1452 4138 1453  53
1457 4132 1458  53
1452 1425 4138  53
1228 4130 1227  53
4134 1463 1462  53
1461 4137 4134  53
1235 4141 4135  53
1463 4140 1464  53
1465 4140 4135  53
1461 4134 1462  53
4141 1468 1467  53
4131 1468 4141  53
1236 4141 1235  53
4131 1470 1469  53
1470 4142 1471  53
1237 4142 4131  53
1472 4136 1473  53
1472 4142 4136  53
4133 1475 4143  53
1474 4143 1475  53
4144 1241 1242  53
4133 1240 1241  53
1241 4144 4133  53
4144 1479 1478  53
1479 1451 71  53
1451 1479 4144  53
1239 4143 4136  53
1232 4140 4134  53
1235 4135 1234  53
1237 4131 1236  53
4136 1474 1473  53
1451 1242 64  53
4142 1238 4136  53
4143 1239 1240  53
1455 1454 4130  53
1227 4138 1226  53
1470 4131 4142  53
1468 4131 1469  53
4139 1229 4132  53
1229 1230 4132  53
1477 4144 1478  53
1477 1476 4133  53
1463 4134 4140  53
4134 1231 1232  53
1466 4141 1467  53
1466 1465 4135  53
1238 1239 4136  53
1474 4136 4143  53
4137 1231 4134  53
4137 1461 1460  53
4138 1227 4130  53
4138 1454 1453  53
4139 1455 4130  53
1229 4139 1228  53
4140 1233 4135  53
4140 1465 1464  53
4141 1466 4135  53
4141 1236 4131  53
1238 4142 1237  53
4142 1472 1471  53
4143 1240 4133  53
1475 4133 1476  53
4144 1477 4133  53
4144 1242 1451  53
1471 4239 4225  54
4232 4234 4183  54
1457 4240 4224  54
4231 1487 1488  54
4199 4223 4221  54
4231 4180 4217  54
4204 1453 4189  54
4190 4229 4227  54
1554 4172 1452  54
1514 4182 1513  54
4232 1459 1458  54
4167 1533 1534  54
4211 4216 4170  54
1518 4186 4169  54
4149 1505 1506  54
4156 4213 4200  54
4188 4174 4161  54
4212 4192 1544  54
4192 4187 4153  54
4241 1525 4188  54
1542 4192 4153  54
1522 4213 1521  54
1454 4204 4184  54
1550 4238 1551  54
4221 4158 4204  54
1547 4155 1548  54
4155 1480 1481  54
4238 4199 4163  54
1480 1547 72  54
1548 4205 1549  54
4155 1547 1480  54
1459 4232 4226  54
4233 4150 4165  54
4223 4220 4221  54
4150 4208 4203  54
1505 4149 4145  54
4221 4189 4163  54
4240 4180 4224  54
4242 1495 4176  54
4215 4147 4180  54
1518 4169 1517  54
4207 1497 1498  54
1493 4242 4147  54
1460 4226 4208  54
4202 4206 4177  54
4164 4193 4190  54
1507 4219 4149  54
1505 4145 1504  54
4145 1502 1503  54
1500 4233 4165  54
1502 4233 1501  54
1508 4219 1507  54
4195 4237 4214  54
1552 4172 1553  54
4196 1453 1452  54
1493 4147 1492  54
1487 4220 1486  54
1453 4196 4189  54
4180 4240 4217  54
1452 70 1554  54
1497 4176 1496  54
1487 4231 4220  54
1462 4236 4164  54
4236 1461 4222  54
4208 4150 4222  54
4219 4146 4202  54
4209 1510 4201  54
1516 4173 1515  54
1515 4173 1514  54
4170 4216 4152  54
4211 4167 4187  54
1474 4154 1475  54
1531 4228 1530  54
4160 4200 4185  54
1546 4212 1545  54
4191 4160 4185  54
1479 1546 71  54
1539 4153 1538  54
1476 4159 4152  54
1537 4187 1536  54
4153 1540 1541  54
1513 4182 1512  54
4182 4173 4181  54
1510 4209 1509  54
4243 4171 4146  54
4237 4195 4181  54
4171 4214 1467  54
4186 1518 1519  54
1520 4213 4186  54
4210 4239 4168  54
4161 4191 4185  54
4213 4241 4200  54
4147 4242 4234  54
4161 4198 4191  54
1523 4213 1522  54
4153 1539 1540  54
1475 4159 1476  54
4174 1527 1528  54
4166 4198 4161  54
4175 1531 1532  54
1538 4153 1537  54
4157 4170 4152  54
1530 4174 1529  54
1533 4175 1532  54
73 1539 1538  54
1503 1504 4145  54
4177 4227 4202  54
1466 4171 1467  54
1466 4206 4171  54
1491 4215 1490  54
1491 1492 4147  54
1469 4168 1470  54
1469 1468 4148  54
4145 4229 4197  54
4149 1506 1507  54
4150 4233 4193  54
1500 4165 1499  54
4151 4207 4203  54
4151 4203 4208  54
1477 4216 1478  54
1477 1476 4152  54
1535 4187 4167  54
4153 1541 1542  54
4161 4174 4166  54
4174 4188 1527  54
4155 1481 1482  54
1482 4199 4155  54
1472 4160 1473  54
4156 4239 4230  54
1530 4228 4174  54
4170 4175 4167  54
1455 4240 1456  54
4158 4231 4217  54
4157 4152 4159  54
4159 1475 4154  54
4160 4225 4156  54
4241 4213 1523  54
1525 4241 1524  54
4154 4166 4159  54
1458 1457 4162  54
4235 4162 4224  54
1552 4238 4172  54
4199 4238 4205  54
4190 4193 4197  54
1463 1462 4164  54
1497 4207 4176  54
1498 1499 4165  54
4228 4166 4174  54
4159 4228 4157  54
4167 1534 1535  54
4187 1535 1536  54
4168 1471 1470  54
1469 4194 4168  54
4194 4218 4210  54
4169 1516 1517  54
1478 4179 1479  54
4216 1477 4152  54
4206 4202 4146  54
4178 4237 4181  54
4172 1554 1553  54
4172 4238 4163  54
4173 1516 4169  54
4182 1514 4173  54
1528 1529 4174  54
4228 4159 4166  54
4175 1533 4167  54
4175 4170 4157  54
1495 4242 1494  54
1495 1496 4176  54
1465 4206 1466  54
1465 1464 4177  54
4173 4218 4178  54
4210 4169 4186  54
1544 4192 1543  54
4212 1544 1545  54
4217 1455 4184  54
4215 1491 4147  54
4173 4178 4181  54
1468 4237 4148  54
4171 4243 4195  54
1512 4201 1511  54
4234 4232 4162  54
4183 4176 4151  54
1455 1454 4184  54
4189 4221 4204  54
4185 4188 4161  54
4160 4191 1473  54
4218 4173 4169  54
4186 1519 1520  54
4187 1537 4153  54
4167 4211 4170  54
4188 1525 1526  54
1526 1527 4188  54
1453 4204 1454  54
4163 4196 4172  54
1463 4227 1464  54
1463 4164 4190  54
4198 4166 4154  54
1474 1473 4191  54
4192 1542 1543  54
4192 4212 4179  54
4193 4236 4150  54
4145 4233 1502  54
4194 1469 4148  54
4148 4178 4194  54
4182 4243 4201  54
4182 4181 4195  54
1452 4172 4196  54
4196 4163 4189  54
4193 4145 4197  54
4227 1463 4190  54
4154 1474 4198  54
1474 4191 4198  54
4205 1550 1549  54
1482 4223 4199  54
4241 1523 1524  54
4200 4160 4156  54
4201 1510 1511  54
4201 1512 4182  54
4229 4202 4227  54
4146 4219 4209  54
4207 1498 4165  54
4165 4150 4203  54
4158 4221 4220  54
4158 4184 4204  54
4205 1548 4155  54
4155 4199 4205  54
4146 4171 4206  54
4206 1465 4177  54
4165 4203 4207  54
4207 4151 4176  54
1460 4222 1461  54
4226 1460 1459  54
1508 1509 4209  54
4209 4201 4146  54
4239 4210 4230  54
4168 4194 4210  54
4211 4187 4192  54
4192 4179 4211  54
4212 1546 1479  54
1479 4179 4212  54
4213 4230 4186  54
4213 1520 1521  54
1468 1467 4214  54
4214 4171 4195  54
4215 1488 1489  54
1489 1490 4215  54
4216 4211 4179  54
4179 1478 4216  54
4184 4158 4217  54
4180 4231 4215  54
4169 4210 4218  54
4218 4194 4178  54
4219 4229 4149  54
4219 1508 4209  54
1485 4223 1484  54
1485 1486 4220  54
4221 4163 4199  54
4223 1485 4220  54
1461 4236 1462  54
4222 1460 4208  54
4223 1482 1483  54
1483 1484 4223  54
4162 4235 4234  54
4162 1457 4224  54
4225 4160 1472  54
1472 1471 4225  54
4226 4183 4151  54
4151 4208 4226  54
4229 4219 4202  54
4227 4177 1464  54
4228 1531 4175  54
4175 4157 4228  54
4229 4190 4197  54
4229 4145 4149  54
4210 4186 4230  54
4230 4213 4156  54
4231 4158 4220  54
4231 1488 4215  54
4183 4226 4232  54
4232 1458 4162  54
4233 1500 1501  54
4233 4145 4193  54
4147 4235 4180  54
4183 4242 4176  54
4224 4180 4235  54
4235 4147 4234  54
4222 4150 4236  54
4236 4193 4164  54
4237 4178 4148  54
4237 1468 4214  54
4238 1552 1551  54
4238 1550 4205  54
4239 4156 4225  54
4239 1471 4168  54
4240 1457 1456  54
4240 1455 4217  54
4241 4188 4185  54
4185 4200 4241  54
4242 4183 4234  54
4242 1493 1494  54
4146 4201 4243  54
4243 4182 4195  54
2071 4615 4374  55
1615 4729 1614  55
1753 4713 1752  55
4659 4425 4474  55
79 4608 4510  55
1613 1614 4729  55
1525 4663 1524  55
1803 4685 1802  55
4330 4654 4542  55
4539 4254 4380  55
1783 4606 4275  55
4679 4600 4542  55
1819 4642 1818  55
1533 4352 1532  55
4623 4338 4381  55
1661 4711 4607  55
4734 1533 1534  55
4471 1824 4388  55
4526 4652 1643  55
1652 4307 1651  55
1885 4645 1884  55
4398 1635 1636  55
4255 4576 4301  55
4676 4271 4522  55
4643 4443 4573  55
2074 4566 2073  55
1932 4550 1931  55
91 4717 4493  55
4740 1937 4629  55
4730 4632 1983  55
4326 2078 2079  55
2086 4729 4434  55
4729 1615 4434  55
4428 1618 75  55
4670 4432 4362  55
2088 4729 2087  55
4715 2121 4639  55
1612 4729 4433  55
2010 4268 2009  55
4665 4719 4413  55
4349 1592 1593  55
1998 4731 1997  55
4689 2118 2119  55
4483 2123 2124  55
4688 4671 4618  55
1586 4365 1585  55
4369 4571 4423  55
1775 4318 1774  55
4417 4675 4582  55
1755 4706 1754  55
1565 4747 4548  55
1493 4485 4299  55
4485 1495 4321  55
4492 4369 4408  55
4663 1525 4623  55
1848 4726 1847  55
4658 4317 4367  55
4702 1523 4663  55
1663 4623 1662  55
4663 1523 1524  55
1523 4702 1522  55
1522 4702 4332  55
1669 4620 4528  55
1667 4603 4545  55
1814 4588 1813  55
1665 4663 1664  55
4604 1521 4332  55
1669 4280 1668  55
1672 4330 1671  55
4528 4437 1669  55
4685 1803 4395  55
4402 4732 4620  55
4732 1806 4620  55
4437 1808 1809  55
1812 4280 1811  55
1810 4437 1809  55
1808 4528 1807  55
4528 1808 4437  55
4499 4291 4278  55
1812 4588 4280  55
82 4499 1814  55
4499 82 4291  55
4753 1785 1786  55
1787 4470 1786  55
4466 4606 4567  55
1785 4606 1784  55
4275 4544 4278  55
1782 4291 1781  55
4354 4604 4470  55
4733 1790 1791  55
4354 4733 4601  55
1789 4733 4354  55
1518 1519 4270  55
1798 4249 83  55
4249 4751 4600  55
1797 4561 1796  55
1516 4654 1515  55
1793 4646 1792  55
4270 1519 4646  55
4475 4679 1517  55
1805 4732 1804  55
1795 4561 4270  55
4561 1795 1796  55
1513 4662 4341  55
4662 1513 1514  55
1673 4654 1672  55
1513 4341 1512  55
4662 1675 4341  55
1676 4386 4341  55
1772 4403 4277  55
1772 4277 1771  55
4403 1773 4318  55
4461 4609 4482  55
4684 1776 4667  55
1776 4684 1775  55
1775 4684 4318  55
4318 1773 1774  55
1773 4403 1772  55
4386 4467 4461  55
4593 4721 4478  55
4667 1776 1777  55
1780 4609 1779  55
4416 4556 4482  55
4536 4706 1755  55
4254 4539 1510  55
1750 4450 1749  55
1509 4539 4706  55
4380 4713 4539  55
4450 1750 4380  55
1747 4556 4416  55
1747 4416 80  55
1673 4662 4654  55
1512 4478 1511  55
4478 1512 4341  55
4567 4470 4604  55
4601 4646 1519  55
4733 1789 1790  55
1795 4270 1794  55
4249 1797 83  55
4247 4352 4317  55
1527 4574 4338  55
4315 4381 4338  55
1533 4734 4352  55
4589 1826 1827  55
4734 4727 1653  55
4642 1817 1818  55
1823 4471 4311  55
1530 4247 4346  55
1826 4589 4388  55
4388 1824 1825  55
1529 4589 4563  55
1823 4311 1822  55
1821 4367 1820  55
4257 4574 1528  55
4257 4579 4574  55
4563 1830 4257  55
4563 4257 1529  55
4257 1832 4579  55
85 4257 1831  55
1830 4563 1829  55
1660 4607 4284  55
1834 1835 4735  55
4625 1842 1843  55
4381 4696 4557  55
1834 4579 1833  55
4579 4315 4574  55
1839 4529 1838  55
1836 4735 1835  55
4284 1659 1660  55
1838 4529 1837  55
1842 4463 1841  55
1842 4625 4463  55
1847 4726 1846  55
4339 4718 4628  55
4625 1844 4669  55
4628 1816 4391  55
4628 4391 4339  55
4669 1846 4726  55
1845 4669 1844  55
1658 4726 4718  55
4726 1848 4718  55
1817 4642 4391  55
1817 4391 1816  55
4352 4247 1532  55
4346 4658 4471  55
4642 4296 4283  55
4307 1650 1651  55
1535 4734 1534  55
1653 4727 1652  55
4734 1535 4727  55
1873 4359 1872  55
4723 1863 4457  55
4345 4648 4355  55
1868 4345 4248  55
4641 4727 1536  55
1868 4248 1867  55
1866 4306 87  55
4727 4641 4511  55
4641 1538 4355  55
4502 4442 4465  55
4511 4703 4698  55
4648 4345 4491  55
1870 4491 4345  55
1877 4565 4392  55
1879 4565 1878  55
4509 1882 4286  55
1880 4509 4495  55
1854 4305 1853  55
4565 1879 4495  55
4703 1873 1874  55
4565 1877 1878  55
1876 4538 1875  55
4687 4305 4372  55
4508 1851 1852  55
1882 4509 1881  55
1849 4286 86  55
4286 4480 1648  55
4480 1849 1850  55
1849 4480 4286  55
4687 4372 4258  55
4459 4526 4298  55
4306 1866 4248  55
1861 4723 4672  55
1861 4672 1860  55
1859 4672 4264  55
1865 4457 1864  55
4457 1863 1864  55
4526 1643 1644  55
4599 4487 4309  55
4305 4487 4372  55
1857 4309 1856  55
4309 1858 4264  55
1854 4487 4305  55
4258 4412 4298  55
1859 4264 1858  55
4526 1644 1645  55
1643 4652 1642  55
1863 4723 1862  55
2055 4707 2054  55
2057 4526 2056  55
4248 4355 1538  55
4672 4723 4281  55
73 4457 4306  55
4524 1908 1909  55
2065 4655 4583  55
4637 4366 4383  55
4736 4500 1900  55
1631 4644 4640  55
1896 4285 1895  55
1893 4447 4438  55
4429 4514 4285  55
4438 1891 1892  55
1896 4429 4285  55
1904 4737 1903  55
4737 2062 4560  55
1898 4637 4429  55
1898 4429 1897  55
2062 4366 4736  55
2062 4736 4560  55
4271 1889 1890  55
4271 4580 4522  55
4738 4455 1888  55
4598 1636 1637  55
1636 4598 4398  55
4455 4738 4676  55
1637 4676 4522  55
1886 4645 1885  55
1883 4645 4576  55
1638 4645 4455  55
1913 4409 4635  55
4576 4645 1639  55
1916 4255 1915  55
1913 4635 1912  55
4576 1916 88  55
1916 4576 4255  55
4409 1913 1914  55
1910 1911 4739  55
4524 4739 4674  55
1642 4558 1641  55
4524 1909 1910  55
4294 4506 4335  55
4294 2062 4737  55
4737 1904 4294  55
1903 4560 1902  55
4534 4506 4524  55
4506 4294 1906  55
1906 4294 1905  55
4652 4570 4558  55
4652 4526 2057  55
1908 4524 4506  55
4570 4290 4558  55
4376 4558 4290  55
4616 1632 1633  55
1634 4655 4616  55
1949 4363 1948  55
4549 1917 4334  55
1925 4712 4537  55
4383 4366 2063  55
4655 2065 2066  55
2068 4616 2067  55
4655 1634 1635  55
4644 2068 2069  55
4644 4443 4519  55
4246 1946 1947  55
4374 4643 4573  55
4443 2070 4573  55
1947 4363 4246  55
4246 1945 1946  55
1945 4344 1944  55
4302 4640 4519  55
4420 4592 4334  55
90 4549 4444  55
4444 4363 1949  55
4363 4444 4302  55
4615 2071 2072  55
1940 4700 1939  55
4700 1940 4615  55
4612 4344 4374  55
4615 1942 4612  55
4456 2075 2076  55
4468 2075 4456  55
4629 4700 2072  55
4717 4629 4566  55
1937 4700 4629  55
4700 1937 1938  55
1936 4740 1935  55
1935 4717 1934  55
4439 4626 4472  55
4472 4562 4393  55
4439 1927 1928  55
1924 4537 4360  55
4569 4393 1626  55
1924 4360 1923  55
1925 4537 1924  55
1627 4537 4350  55
1919 4334 1918  55
4420 1628 1629  55
1919 4420 4334  55
4360 1921 1922  55
1921 4420 1920  55
1628 4420 4360  55
4550 1932 4493  55
4456 4326 1623  55
4393 4569 4472  55
4456 1623 1624  55
2075 4468 2074  55
4326 2077 2078  55
4326 4456 2077  55
4468 4393 4562  55
1623 4326 1622  55
2077 4456 2076  55
4752 1979 4453  55
1956 4725 4631  55
1622 4326 1621  55
4725 1958 4300  55
1619 4725 75  55
4657 4261 4631  55
4259 4634 4303  55
4725 1956 1957  55
1955 4631 4261  55
1955 4261 1954  55
1958 4725 1957  55
4720 4453 1979  55
1979 4752 1978  55
4632 4730 4670  55
4432 4289 4362  55
4326 4432 4431  55
4362 4289 4720  55
1977 4554 1976  55
4515 92 1951  55
1952 4404 4515  55
2081 4453 4289  55
4741 1969 1970  55
1981 4720 1980  55
2079 4432 4326  55
1967 4530 4331  55
4633 2082 2083  55
4661 1976 4554  55
4255 4301 4409  55
4741 1970 1971  55
4409 4376 4290  55
4705 4274 4419  55
4605 4673 4666  55
4530 4399 4308  55
4634 1964 1965  55
1968 4530 93  55
1969 4741 4399  55
1960 4428 4300  55
4300 1958 1959  55
1618 4272 1617  55
4691 1801 4685  55
4751 1798 1799  55
4504 4682 4272  55
1962 4428 1961  55
4428 1960 1961  55
4428 1962 4259  55
1964 4634 4259  55
2086 4434 2085  55
1986 4516 1985  55
4434 4682 4673  55
2016 4531 2015  55
4433 4710 1611  55
4729 2088 4433  55
4714 2097 2098  55
1991 4452 4262  55
1990 4479 1989  55
4245 4710 4267  55
4454 1998 1999  55
1608 4621 4541  55
1995 4541 4373  55
4554 2082 4661  55
1995 4373 1994  55
4262 4452 4415  55
4621 4415 4452  55
1997 4541 1996  55
1987 4742 4279  55
94 4594 2018  55
4479 1988 1989  55
4479 4742 1988  55
4516 94 1985  55
4527 4516 4279  55
2091 4627 4489  55
4266 4527 4267  55
4489 4266 2090  55
2014 4531 4507  55
2016 4627 4531  55
4594 4489 4627  55
4664 2010 2011  55
2014 4507 2013  55
2012 4664 2011  55
4507 2012 2013  55
2008 4268 4473  55
1998 4454 4731  55
4714 4435 2097  55
4496 4614 4540  55
2006 4473 4327  55
1606 4269 1605  55
2005 4750 2004  55
4327 4473 4320  55
4540 95 4535  55
4268 4664 4319  55
4266 4489 4304  55
4490 4319 2093  55
4664 4268 2010  55
95 4540 2001  55
4490 2094 4469  55
1602 4714 1601  55
2096 4435 2095  55
4288 4743 4650  55
2097 4435 2096  55
1603 4714 1602  55
4469 2095 4435  55
4413 4424 2103  55
4435 4714 1603  55
2095 4469 2094  55
1999 4614 4454  55
4269 4636 4458  55
4414 4458 4535  55
4614 1999 2000  55
1596 4476 4368  55
2029 4358 2028  55
4584 4426 4293  55
1592 4477 1591  55
1591 4436 1590  55
2107 4477 4349  55
4503 4665 2104  55
4503 2104 2105  55
4559 2031 2032  55
2021 4575 2020  55
2047 4719 2046  55
4719 2045 2046  55
2045 4719 4411  55
4424 4413 4719  55
4743 4288 2042  55
2045 4411 2044  55
4680 4722 4406  55
4263 4683 4406  55
2040 4680 2039  55
2038 4680 4405  55
4405 2036 2037  55
4744 4692 97  55
97 4692 2035  55
4405 4744 2036  55
2034 4692 4559  55
2031 4375 2030  55
4375 4559 1598  55
4692 4744 4476  55
2034 4559 2033  55
1597 4692 4476  55
4347 2026 2027  55
2025 4293 2024  55
4347 2025 2026  55
2025 4347 4293  55
4375 4358 2029  55
4678 2027 4358  55
2027 4678 4347  55
4668 2050 2051  55
4745 2047 2048  55
2052 4668 2051  55
96 4611 2052  55
4575 4693 4651  55
4426 4584 4572  55
2023 4371 2022  55
2022 4575 2021  55
2100 4693 4572  55
4575 4371 4426  55
4745 2048 2049  55
4693 4575 4426  55
2047 4745 4424  55
1538 73 4248  55
96 4651 4611  55
4477 2108 4436  55
2107 4349 2106  55
4436 4551 4486  55
2108 4477 2107  55
2133 4377 2132  55
2123 4639 2122  55
4427 4486 4348  55
4709 2118 4689  55
4497 4430 4709  55
2120 4689 2119  55
2117 4709 2116  55
2121 4715 2120  55
2110 4430 4400  55
2115 4709 4581  55
4690 2113 4581  55
2115 4581 2114  55
2114 4581 2113  55
2113 4690 2112  55
1482 4448 4312  55
2125 4505 4483  55
4639 2121 2122  55
2126 4505 2125  55
2130 4445 4382  55
2127 4505 2126  55
1582 4273 1581  55
4445 2130 2131  55
4365 4445 4377  55
2129 4462 99  55
99 4462 2128  55
1586 4462 4382  55
4365 4370 4244  55
2135 4699 4314  55
4244 1583 1584  55
2135 4314 2134  55
1585 4244 1584  55
4364 4716 4699  55
4671 4312 4618  55
2137 4364 2136  55
2139 4451 4324  55
2111 4690 4581  55
2141 4688 4451  55
98 4690 4378  55
98 4378 2145  55
4746 2142 2143  55
2145 4746 2144  55
4746 2143 2144  55
2142 4746 4546  55
4451 2139 2140  55
2139 4324 2138  55
4389 1683 1684  55
4694 1485 1486  55
4448 1482 1483  55
4448 1483 4273  55
1693 4379 1692  55
1582 4448 4273  55
4591 4492 4295  55
1485 4694 4273  55
1580 4694 1579  55
1487 4694 1486  55
4379 4423 1691  55
1689 4423 4422  55
1703 4533 4252  55
4488 1701 4353  55
4337 1698 1699  55
4353 4252 4343  55
1698 4337 4351  55
1698 4351 4322  55
4322 1696 1697  55
77 4295 1695  55
4591 77 1696  55
77 4591 4295  55
1694 4408 1693  55
4408 1694 4295  55
4292 1707 1708  55
4252 4533 4287  55
1702 4353 1701  55
4533 1703 1704  55
4252 4353 1702  55
4474 4401 1490  55
1709 4659 4292  55
1705 4695 4533  55
1709 4292 1708  55
4292 1706 1707  55
4401 4474 4425  55
4659 4474 4517  55
1489 4390 1488  55
76 4425 1712  55
1685 4701 4389  55
1579 4523 1578  55
4422 4385 4701  55
4385 1488 4390  55
1682 4553 4460  55
4694 4385 4571  55
1687 4701 1686  55
4701 1685 1686  55
1489 4553 4390  55
4694 1580 4273  55
4273 1483 1484  55
1680 4460 4401  55
1488 4385 1487  55
1680 4401 1679  55
4425 76 4401  55
4401 76 1679  55
1499 4724 4421  55
4342 4521 4356  55
1499 4316 4464  55
4310 81 1764  55
1560 4596 4397  55
4596 1502 1503  55
1758 4536 1757  55
4265 4417 4297  55
1762 4602 1761  55
4602 4282 4297  55
4536 1755 1756  55
1758 4582 4536  55
4417 4602 4297  55
1760 4582 1759  55
4282 1763 81  55
1505 4397 1504  55
4564 1506 4265  55
1506 4564 1505  55
1507 4265 1506  55
1760 4602 4582  55
4595 4333 4525  55
74 4396 4277  55
1768 4649 4260  55
1766 4525 1765  55
4282 4310 4333  55
4649 1768 4619  55
1768 4260 1767  55
1505 4564 4397  55
4525 1766 4260  55
1502 4596 4520  55
4564 4357 1557  55
4397 1558 1559  55
4704 4656 4361  55
1745 4613 1744  55
1501 4656 1500  55
1563 4251 1562  55
1741 4328 4253  55
4656 4418 4498  55
4543 1716 4464  55
1716 4543 1715  55
4329 4577 4361  55
4613 4704 4577  55
1713 4498 4418  55
4418 1746 78  55
4656 4498 4316  55
1745 4704 4613  55
4250 4597 4421  55
4464 4316 4543  55
1718 4464 1717  55
1721 4421 1720  55
4421 4597 1498  55
1718 4724 4464  55
4441 4749 1726  55
4250 1722 1723  55
4250 1721 1722  55
4250 4501 4313  55
1496 4342 4321  55
4597 4250 4313  55
1728 4441 1727  55
4441 1726 1727  55
1567 4585 1566  55
4624 1737 1738  55
1737 4548 1736  55
1739 4624 1738  55
1737 4624 4548  55
1732 4513 1731  55
1733 4747 4622  55
4548 1735 1736  55
1735 4747 1734  55
1740 1741 4253  55
1564 4325 1563  55
4747 1735 4548  55
4622 4513 1732  55
4253 4555 4494  55
4596 1560 1561  55
4513 4622 4547  55
4547 4608 4513  55
79 4510 1729  55
1493 4299 1492  55
1492 4517 1491  55
4501 4749 4521  55
4485 1569 1570  55
1569 4485 4321  55
1571 4485 1570  55
1568 4321 4276  55
4695 4292 4677  55
4364 2138 4324  55
4671 4688 4546  55
1987 4279 1986  55
4710 4433 4267  55
4644 2069 4443  55
2068 4644 4616  55
4247 1530 1531  55
1531 1532 4247  55
4248 1866 1867  55
2050 4668 4617  55
4691 4542 4600  55
4561 1797 4249  55
1723 4501 4250  55
1497 4597 4342  55
4251 1561 1562  55
1743 4613 4328  55
1575 4287 1574  55
4252 1702 1703  55
4251 4325 4256  55
4253 1739 1740  55
4556 1747 1748  55
4254 1510 1511  55
4576 88 1883  55
4255 1914 1915  55
4656 1501 4520  55
4555 4253 4328  55
1528 1529 4257  55
4257 1830 1831  55
4298 1645 1646  55
1646 1647 4258  55
4259 1962 1963  55
1963 1964 4259  55
1766 1767 4260  55
4595 4649 4396  55
4404 1952 1953  55
1953 4261 4404  55
4262 1990 1991  55
4415 4621 1609  55
4263 1593 1594  55
1594 1595 4263  55
1858 4309 1857  55
4459 4599 4638  55
4282 1762 1763  55
1556 4595 1555  55
2089 4433 2088  55
2089 2090 4266  55
1611 4710 1610  55
4267 4433 4266  55
4473 2006 2007  55
2008 2009 4268  55
1605 4435 1604  55
4414 4586 4269  55
4270 1793 1794  55
4270 4475 1518  55
4271 1890 1891  55
1891 4438 4271  55
1617 4682 1616  55
1967 4331 1966  55
1484 1485 4273  55
4273 1580 1581  55
2083 2084 4274  55
4399 1968 1969  55
4466 4702 4544  55
4275 1782 1783  55
4276 1567 1568  55
1496 4321 1495  55
4619 4277 4396  55
1770 1771 4277  55
4291 1782 4275  55
1666 4702 1665  55
4742 1987 1988  55
4245 4267 4279  55
1810 1811 4280  55
4603 4588 4499  55
4457 4728 4723  55
2053 2054 4281  55
81 4310 4282  55
4265 4297 4449  55
1657 4512 1656  55
4296 4642 4384  55
4748 4529 1839  55
4748 1839 1840  55
1895 4447 1894  55
4653 4514 4583  55
1648 1649 4286  55
4286 1882 86  55
4695 1705 1706  55
1574 4323 1573  55
4288 2040 2041  55
2041 2042 4288  55
2080 2081 4289  55
4720 1981 4632  55
1640 4558 4376  55
2059 4652 2058  55
4275 4278 4291  55
4291 82 1781  55
4517 1490 1491  55
4299 4677 4517  55
4293 2023 2024  55
4347 4708 4293  55
1904 1905 4294  55
4294 4335 2061  55
1694 1695 4295  55
4492 4591 1576  55
4512 4352 1656  55
1820 4384 1819  55
4602 1762 4282  55
4357 4564 4449  55
1646 4258 4298  55
4707 2055 4526  55
4299 1571 1572  55
1572 1573 4299  55
1959 1960 4300  55
1618 4428 4303  55
1639 1640 4301  55
4409 1914 4255  55
4334 4592 4549  55
4640 4302 4568  55
4634 1965 4331  55
4272 1618 4303  55
2017 4627 2016  55
4594 94 4516  55
1851 4508 4480  55
1852 1853 4305  55
4248 73 4306  55
4306 1865 87  55
1536 4727 1535  55
1873 4703 4359  55
4530 1968 4399  55
4605 4419 4274  55
4412 4258 4372  55
1856 4487 1855  55
4310 1764 1765  55
4310 4525 4333  55
4317 4658 4247  55
4311 1821 1822  55
1481 1482 4312  55
4244 4448 1583  55
4501 4521 4313  55
1725 1726 4749  55
4314 4365 4377  55
4314 2133 2134  55
1527 4338 1526  55
4735 1836 4696  55
1714 4543 4498  55
4316 1499 1500  55
1656 4352 1655  55
4296 4512 4283  55
4481 1678 4684  55
1678 74 4318  55
2092 2093 4319  55
4319 4490 4268  55
4435 4586 4469  55
2006 4327 2005  55
4321 1568 1569  55
1495 4485 1494  55
1697 1698 4322  55
4518 4343 1575  55
4299 1573 4323  55
4323 1574 4287  55
4370 4697 4244  55
2138 4364 2137  55
4325 4251 1563  55
4325 4555 4256  55
4336 4431 4340  55
1621 4336 1620  55
4327 4586 4414  55
4750 4535 2003  55
4328 1741 1742  55
1742 1743 4328  55
4596 1503 4397  55
4251 4256 4329  55
4751 4249 1798  55
4330 1670 1671  55
4504 4634 4331  55
4331 1965 1966  55
1521 4604 1520  55
1521 1522 4332  55
4595 1556 4357  55
4282 4449 4297  55
1917 4549 90  55
1917 1918 4334  55
4587 4652 2059  55
2060 2061 4335  55
1620 4657 1619  55
4336 1621 4326  55
1699 1700 4337  55
4518 4353 4343  55
4315 4338 4574  55
4711 1661 4623  55
4339 4512 1657  55
1657 1658 4339  55
4515 4730 92  55
4657 1620 4336  55
1675 4662 1674  55
1675 1676 4341  55
4321 4356 4276  55
4342 1496 1497  55
4252 4287 4343  55
4287 1575 4343  55
1944 4612 1943  55
4344 1945 4246  55
4345 1868 1869  55
1869 1870 4345  55
1824 4471 1823  55
4589 4346 4388  55
4358 2027 2028  55
4293 4708 4584  55
2120 4715 4689  55
1588 4486 4427  55
1593 4263 4349  55
4349 2105 2106  55
4712 1927 4439  55
1927 4712 1926  55
1608 4454 1607  55
1576 4322 4351  55
1655 4734 1654  55
4352 4512 4317  55
4353 4518 4488  55
1701 4488 1700  55
1788 4470 1787  55
1788 1789 4354  55
1538 4641 1537  55
4355 4248 4345  55
4585 1567 4276  55
4356 4321 4342  55
4449 4282 4333  55
4357 1556 1557  55
1480 1481 4671  55
4647 4708 4681  55
1872 4491 1871  55
4538 1877 4392  55
1922 1923 4360  55
4712 4439 4350  55
4361 4520 4329  55
4704 1745 1746  55
4289 4432 2080  55
4632 4670 4362  55
4363 4552 4246  55
4363 1947 1948  55
4370 4365 4314  55
4699 2135 2136  55
4244 1585 4365  55
4462 1586 1587  55
4637 1898 1899  55
1900 4500 89  55
4317 4296 4367  55
4367 1821 4311  55
1596 4683 1595  55
4680 2038 2039  55
1691 4423 1690  55
1577 4523 4492  55
4699 2136 4364  55
4618 4312 4697  55
4371 2023 4293  55
4575 2022 4371  55
4305 4687 4508  55
4487 1856 4309  55
1993 4452 1992  55
1993 1994 4373  55
4612 1944 4344  55
2071 4573 2070  55
4375 2029 2030  55
4605 2085 4434  55
4376 4409 4301  55
4301 1640 4376  55
2132 4445 2131  55
4377 2133 4314  55
4378 4690 72  55
72 1480 4378  55
1691 1692 4379  55
4379 4408 4369  55
4380 1750 1751  55
1751 1752 4380  55
4394 4711 4557  55
4338 4623 1526  55
2129 2130 4382  55
4445 2132 4377  55
2063 2064 4383  55
4285 4514 4686  55
4384 1820 4367  55
4367 4296 4384  55
4422 1687 1688  55
4422 1688 1689  55
4386 1676 1677  55
4341 4593 4478  55
1801 4691 1800  55
4330 4402 1670  55
1825 1826 4388  55
4346 4589 1530  55
1683 4389 4553  55
1684 1685 4389  55
4553 1682 1683  55
4390 4701 4385  55
4283 4339 4391  55
1816 4628 1815  55
1877 4538 1876  55
4495 1879 1880  55
1625 4393 4456  55
4550 4626 1930  55
4463 1840 1841  55
4557 4711 4381  55
4402 4330 4387  55
4395 1803 1804  55
4277 4619 1770  55
4396 74 1555  55
1559 1560 4397  55
4397 1503 1504  55
4447 1895 4285  55
4583 4383 2064  55
4399 4741 4419  55
4308 4673 4504  55
4436 2108 2109  55
2109 2110 4400  55
4401 4460 1489  55
1489 1490 4401  55
4387 4395 4402  55
4620 1669 1670  55
4318 74 4403  55
74 4277 4403  55
4261 1953 1954  55
4404 4657 4340  55
2037 2038 4405  55
4680 2040 4288  55
4263 4440 4349  55
4683 1596 4368  55
4276 4356 4407  55
1728 4510 4441  55
4492 4523 4369  55
4408 4379 1693  55
1972 4754 4705  55
1975 4661 1974  55
4583 4655 4653  55
4271 4738 1889  55
4440 4722 4446  55
4411 2043 2044  55
4487 4599 4412  55
4412 4459 4298  55
2103 2104 4413  55
4722 4440 4406  55
2003 4535 2002  55
4750 2005 4327  55
1609 1610 4415  55
4262 4710 4245  55
4482 4609 4416  55
4416 1780 80  55
4417 4265 1507  55
1507 1508 4417  55
4418 78 1713  55
4656 4704 4418  55
4399 4666 4308  55
4274 4705 4633  55
4420 1919 1920  55
4420 1921 4360  55
1720 4724 1719  55
4421 1721 4250  55
4423 1689 1690  55
4571 4422 4423  55
4423 4379 4369  55
4422 4571 4385  55
4617 4424 4745  55
2082 4453 2081  55
1711 4659 1710  55
1711 1712 4425  55
4371 4293 4426  55
2100 4572 2099  55
2125 4483 2124  55
1587 4427 4505  55
4428 4259 4303  55
4428 75 4300  55
4429 1896 1897  55
4366 4637 4500  55
4430 4497 4400  55
4430 2110 2111  55
92 4730 1984  55
4431 4336 4326  55
4432 4670 4431  55
4432 2079 2080  55
4433 2089 4266  55
4433 1611 1612  55
1615 4682 4434  55
2085 4605 2084  55
4435 1603 1604  55
4435 1605 4269  55
2109 4400 4436  55
1590 4486 1589  55
4437 1810 4280  55
4280 1669 4437  55
1892 1893 4438  55
4686 4438 4447  55
4350 4569 1627  55
1928 4626 4439  55
4349 4503 2105  55
4440 4263 4406  55
4407 4608 4585  55
4407 4356 4441  55
1650 4307 4442  55
4698 4538 4392  55
2069 2070 4443  55
4519 4643 4552  55
4444 1949 1950  55
1950 90 4444  55
4445 4365 1586  55
1586 4382 4445  55
4650 4665 4446  55
4411 4665 4650  55
4438 4686 4410  55
4447 1893 1894  55
4448 1582 1583  55
4448 4697 4312  55
4449 4333 4357  55
4449 4564 4265  55
1748 1749 4450  55
4450 4380 4254  55
4312 4671 1481  55
4451 2140 2141  55
4452 1991 1992  55
4452 1993 4373  55
1978 4752 1977  55
4453 4720 4289  55
4540 4535 4458  55
4454 1608 4731  55
4455 1886 1887  55
1887 1888 4455  55
4456 1624 1625  55
4393 1625 1626  55
4457 1865 4306  55
73 4728 4457  55
4414 4269 4458  55
4496 4458 4636  55
4264 4638 4599  55
4281 4707 4638  55
4460 1680 1681  55
1681 1682 4460  55
1778 4667 1777  55
4609 1778 1779  55
2128 4484 2127  55
4462 2129 4382  55
4463 4625 4284  55
4463 4607 4394  55
4464 1716 1717  55
1499 4421 1498  55
4442 4502 1650  55
4442 4392 4465  55
4702 4663 1665  55
4545 4702 1666  55
4467 4386 1677  55
1677 1678 4467  55
4456 4393 4468  55
4610 2074 4468  55
4586 4435 4269  55
2094 4490 2093  55
1785 4753 4606  55
4470 1788 4354  55
4388 4346 4471  55
4471 4658 4311  55
4439 4569 4350  55
4626 4550 4472  55
4473 4490 4320  55
4473 2007 2008  55
1490 4517 4474  55
4659 1711 4425  55
4679 4475 4600  55
1517 1518 4475  55
4405 4368 4476  55
4476 1596 1597  55
4436 1591 4477  55
4477 1592 4349  55
4556 1748 4450  55
4254 1511 4478  55
4479 1990 4262  55
4262 4245 4479  55
1850 1851 4480  55
4508 1852 4305  55
4467 4578 4461  55
4467 1678 4481  55
4721 4556 4254  55
4482 4593 4461  55
4505 2127 4484  55
4427 4348 4483  55
4484 2128 4462  55
4462 1587 4484  55
4485 1571 4299  55
4485 1493 1494  55
4486 1588 1589  55
4486 1590 4436  55
4487 4412 4372  55
4487 1854 1855  55
4488 4518 4337  55
4337 1700 4488  55
2090 2091 4489  55
4594 2017 2018  55
4490 4469 4320  55
4490 4473 4268  55
4491 1870 1871  55
4491 1872 4359  55
4408 4295 4492  55
4492 1576 1577  55
4493 1932 1933  55
1933 91 4493  55
4325 1564 4494  55
4624 1739 4253  55
4509 4286 1649  55
4495 4502 4465  55
1607 4636 1606  55
1607 4454 4496  55
2118 4709 2117  55
4551 4348 4486  55
4498 1713 1714  55
4498 4543 4316  55
4603 4280 4588  55
4280 4603 1668  55
1899 89 4500  55
4500 4736 4366  55
4501 1723 1724  55
1724 1725 4501  55
4502 4509 1649  55
1649 1650 4502  55
4503 4349 4440  55
4440 4446 4503  55
4682 1615 1616  55
4504 4331 4308  55
4427 1587 1588  55
4427 4483 4505  55
4506 1906 1907  55
1907 1908 4506  55
4507 4531 2092  55
2092 4319 4507  55
1648 4687 1647  55
1648 4480 4508  55
4509 4502 4495  55
4509 1880 1881  55
4407 4441 4510  55
4510 1728 1729  55
4641 4355 4648  55
4307 4698 4442  55
4512 4339 4283  55
4512 4296 4317  55
1730 4608 79  55
1730 1731 4513  55
4514 4429 4383  55
4383 4583 4514  55
1951 1952 4515  55
4515 4404 4340  55
4516 1986 4279  55
4516 4527 4304  55
4517 1492 4299  55
4677 4659 4517  55
2053 4281 4728  55
4351 4337 4518  55
4246 4643 4344  55
4640 4644 4519  55
1501 1502 4520  55
4520 4596 4329  55
4441 4356 4521  55
4521 4342 4313  55
4580 4271 4438  55
4598 4522 4580  55
4523 1577 1578  55
1587 4505 4484  55
4635 1911 1912  55
4506 4534 4335  55
4333 4595 4357  55
4525 4310 1765  55
1645 4298 4526  55
4526 2055 2056  55
4279 4267 4527  55
4527 4266 4304  55
1806 4732 1805  55
1806 1807 4528  55
1837 4696 1836  55
4529 4748 4394  55
4308 4331 4530  55
4530 1967 93  55
2091 2092 4531  55
4531 2014 2015  55
4358 4375 4532  55
4532 4681 4678  55
4323 4695 4677  55
4533 1704 1705  55
4335 4587 2060  55
4674 4570 4534  55
4535 95 2002  55
4535 4750 4414  55
1509 4675 1508  55
4536 1756 1757  55
4537 1627 1628  55
1628 4360 4537  55
4703 4511 4359  55
1875 4703 1874  55
4706 4539 4713  55
4539 1509 1510  55
4458 4496 4540  55
2001 4614 2000  55
4541 4621 4373  55
4541 1995 1996  55
4387 4330 4542  55
1516 4679 4654  55
4543 1714 1715  55
4724 1499 4464  55
4545 1666 1667  55
4544 4275 4466  55
4545 4603 4278  55
4278 4544 4545  55
2142 4688 2141  55
4546 4378 1480  55
1566 4622 1565  55
4608 4547 4585  55
1564 4624 4494  55
1564 1565 4548  55
4568 4549 4592  55
4444 4568 4302  55
4562 4472 4550  55
4550 1930 1931  55
4551 4436 4400  55
4400 4497 4551  55
4552 4363 4302  55
4302 4519 4552  55
4389 4390 4553  55
4553 1489 4460  55
1976 4661 1975  55
4453 4554 4752  55
4328 4256 4555  55
4555 4325 4494  55
4450 4254 4556  55
4556 4721 4482  55
4696 1837 4529  55
4529 4394 4557  55
4570 4674 4290  55
4558 1640 1641  55
2031 4559 4375  55
2032 2033 4559  55
4736 1900 1901  55
1901 1902 4560  55
4561 4249 4475  55
4475 4270 4561  55
4562 4550 4493  55
2074 4610 4566  55
1828 4589 1827  55
1828 1829 4563  55
4564 1557 1558  55
1558 4397 4564  55
4565 4495 4465  55
4465 4392 4565  55
4493 4610 4562  55
1937 4740 1936  55
4332 4466 4567  55
4470 4753 1786  55
4568 4444 4549  55
1629 4660 4592  55
1626 1627 4569  55
4569 4439 4472  55
4570 4652 4587  55
4587 4335 4534  55
4571 4369 4523  55
4694 1487 4385  55
1601 4647 1600  55
2099 4714 2098  55
4573 2071 4374  55
4643 4519 4443  55
4574 1527 1528  55
4579 4735 4315  55
4611 4651 4630  55
2020 4651 2019  55
4645 1886 4455  55
1639 4301 4576  55
4577 4329 4256  55
4256 4328 4577  55
4578 4467 4481  55
4609 4667 1778  55
1832 4257 85  55
1832 1833 4579  55
4438 4410 4580  55
4522 4598 1637  55
4581 4709 4430  55
4430 2111 4581  55
4675 1509 4536  55
4582 1758 1759  55
4653 4686 4514  55
4583 2064 2065  55
4584 4714 4572  55
4714 2099 4572  55
4547 1566 4585  55
4585 4276 4407  55
4586 4327 4320  55
4320 4469 4586  55
2059 2060 4587  55
4587 4534 4570  55
4588 1812 1813  55
4588 1814 4499  55
4589 1828 4563  55
4589 1529 1530  55
4590 4515 4340  55
4340 4431 4590  55
4591 1696 4322  55
4281 4723 4728  55
4592 4420 1629  55
4660 4640 4568  55
4593 4341 4386  55
4386 4461 4593  55
4594 4516 4304  55
4304 4489 4594  55
4595 4525 4260  55
4595 4396 1555  55
4596 1561 4251  55
4251 4329 4596  55
4313 4342 4597  55
4597 1497 1498  55
4598 4580 4410  55
4410 4398 4598  55
4459 4412 4599  55
4599 4309 4264  55
4475 4249 4600  55
4542 4691 4387  55
1519 1520 4601  55
4601 4604 4354  55
4602 4417 4582  55
4602 1760 1761  55
4499 4278 4603  55
4603 1667 1668  55
4604 4601 1520  55
4604 4332 4567  55
1598 4559 1597  55
4605 4274 2084  55
4606 4466 4275  55
4606 1783 1784  55
4607 4463 4284  55
4607 1660 1661  55
4608 4407 4510  55
4608 1730 4513  55
4609 1780 4416  55
4609 4461 4578  55
4468 4562 4610  55
4610 4717 4566  55
4630 4668 4611  55
2102 4630 2101  55
1942 4615 1941  55
1942 1943 4612  55
4577 4328 4613  55
4613 1743 1744  55
4614 2001 4540  55
4614 4496 4454  55
4615 1940 1941  55
4615 4612 4374  55
1633 1634 4616  55
4616 2066 2067  55
4617 2049 2050  55
4617 4630 2102  55
4716 4364 4324  55
4324 4451 4618  55
4619 1768 1769  55
1769 1770 4619  55
4620 1806 4528  55
4620 1670 4402  55
4452 4373 4621  55
4621 1608 1609  55
4622 1566 4547  55
4622 1732 1733  55
4623 1661 1662  55
4623 1525 1526  55
4624 4253 4494  55
4624 1564 4548  55
1844 4625 1843  55
1659 4284 4625  55
4626 1928 1929  55
1929 1930 4626  55
4627 2091 4531  55
4627 2017 4594  55
84 4718 1848  55
84 1815 4628  55
4629 2072 2073  55
2073 4566 4629  55
4651 2020 4575  55
4630 4693 2101  55
4657 4404 4261  55
4631 1955 1956  55
4632 1981 1982  55
1982 1983 4632  55
4633 2083 4274  55
1973 1974 4754  55
4634 4504 4272  55
4272 4303 4634  55
4409 4290 4635  55
4635 4739 1911  55
4636 4269 1606  55
4636 1607 4496  55
4383 4429 4637  55
4637 1899 4500  55
4638 4264 4281  55
4707 4281 2054  55
4639 2123 4483  55
4483 4348 4639  55
4640 4660 1630  55
1630 1631 4640  55
4359 4511 4641  55
4641 1536 1537  55
4283 4391 4642  55
4642 1819 4384  55
4643 4374 4344  55
4643 4246 4552  55
4644 1631 1632  55
1632 4616 4644  55
4398 4410 4653  55
4655 2066 4616  55
4646 1791 1792  55
4646 1793 4270  55
1599 4532 1598  55
1599 1600 4647  55
4648 4491 4359  55
4359 4641 4648  55
4619 4396 4649  55
4649 4595 4260  55
4650 4722 4288  55
4411 4743 2043  55
4651 4693 4630  55
4651 96 2019  55
4558 1642 4652  55
4652 2057 2058  55
4645 1883 1884  55
1639 4645 1638  55
4654 4330 1672  55
1515 4662 1514  55
4655 1635 4398  55
4398 4653 4655  55
4316 1500 4656  55
4656 4520 4361  55
4631 1619 4657  55
4657 4336 4340  55
4367 4311 4658  55
4658 4346 4247  55
4659 4677 4292  55
4659 1709 1710  55
4568 4592 4660  55
4660 1629 1630  55
4661 2082 4633  55
4661 4754 1974  55
4662 1515 4654  55
4662 1673 1674  55
4663 4623 1663  55
1663 1664 4663  55
4664 2012 4507  55
4507 4319 4664  55
4413 2104 4665  55
4665 4503 4446  55
4666 4399 4419  55
4419 4605 4666  55
4667 4609 4578  55
4578 4481 4667  55
4668 2052 4611  55
4668 4630 4617  55
4669 4726 1659  55
1659 4625 4669  55
4730 4515 4590  55
4590 4431 4670  55
1598 4532 4375  55
4671 4546 1480  55
4281 4264 4672  55
4672 1859 1860  55
4673 4308 4666  55
4673 4605 4434  55
4635 4290 4674  55
4674 4534 4524  55
4536 4582 4675  55
4675 4417 1508  55
4676 1637 1638  55
1638 4455 4676  55
4677 4299 4323  55
4695 1706 4292  55
4678 4358 4532  55
4708 4347 4678  55
4542 4654 4679  55
4679 1516 1517  55
4680 4406 4368  55
4368 4405 4680  55
4681 4532 1599  55
1599 4647 4681  55
4682 1617 4272  55
4682 4504 4673  55
4368 4406 4683  55
4683 4263 1595  55
1678 4318 4684  55
4684 4667 4481  55
1801 1802 4685  55
4685 4395 4387  55
4686 4653 4410  55
4686 4447 4285  55
4258 1647 4687  55
4687 1648 4508  55
4618 4451 4688  55
4688 2142 4546  55
4551 4715 4348  55
4551 4497 4689  55
4690 2111 72  55
4690 98 2112  55
4691 1799 1800  55
4691 4685 4387  55
4692 1597 4559  55
4692 2034 2035  55
4426 4572 4693  55
4693 2100 2101  55
4694 4571 4523  55
4523 1579 4694  55
4695 4323 4287  55
4287 4533 4695  55
4696 4529 4557  55
4696 4381 4315  55
4697 4448 4244  55
4697 4324 4618  55
4392 4442 4698  55
4698 4307 4511  55
4699 4716 4370  55
4370 4314 4699  55
1938 1939 4700  55
4700 4615 2072  55
4701 4390 4389  55
4701 1687 4422  55
4702 4545 4544  55
4702 4466 4332  55
4703 1875 4538  55
4538 4698 4703  55
4361 4577 4704  55
4704 1746 4418  55
4705 1971 1972  55
4705 4754 4633  55
1754 4713 1753  55
4706 4536 1509  55
4707 4526 4459  55
4459 4638 4707  55
4678 4681 4708  55
4708 4647 4584  55
4709 2115 2116  55
4709 4689 4497  55
4710 4262 4415  55
4415 1610 4710  55
4623 4381 4711  55
4711 4394 4607  55
4350 4537 4712  55
4712 1925 1926  55
4713 4380 1752  55
4713 1754 4706  55
4714 4584 4647  55
4647 1601 4714  55
4639 4348 4715  55
4715 4551 4689  55
4324 4697 4716  55
4697 4370 4716  55
4717 4610 4493  55
4717 91 1934  55
4718 84 4628  55
4718 4339 1658  55
4719 4665 4411  55
4719 2047 4424  55
4720 1979 1980  55
4720 4632 4362  55
4254 4478 4721  55
4721 4593 4482  55
4722 4680 4288  55
4722 4650 4446  55
4728 73 2053  55
4723 1861 1862  55
4724 1718 1719  55
4724 1720 4421  55
4300 75 4725  55
4725 1619 4631  55
4726 1658 1659  55
1846 4669 1845  55
4727 4511 4307  55
4307 1652 4727  55
1576 4351 4518  55
4322 1576 4591  55
4729 2086 2087  55
4729 1612 1613  55
1983 1984 4730  55
4730 4590 4670  55
4424 2102 2103  55
4541 1997 4731  55
4732 4402 4395  55
4395 1804 4732  55
1791 4646 4733  55
4646 4601 4733  55
4734 1653 1654  55
4734 1655 4352  55
4735 4696 4315  55
4735 4579 1834  55
1901 4560 4736  55
4366 2062 2063  55
2062 4294 2061  55
4560 1903 4737  55
1888 1889 4738  55
4738 4271 4676  55
4739 4635 4674  55
4739 4524 1910  55
4629 4717 4740  55
4717 1935 4740  55
1971 4705 4741  55
4705 4419 4741  55
4742 4479 4245  55
4245 4279 4742  55
2042 2043 4743  55
4743 4411 4650  55
97 2036 4744  55
4744 4405 4476  55
2049 4617 4745  55
4424 4617 2102  55
4746 2145 4378  55
4378 4546 4746  55
4747 1565 4622  55
4747 1733 1734  55
1840 4463 4748  55
4463 4394 4748  55
4749 4441 4521  55
4749 4501 1725  55
2003 2004 4750  55
4750 4327 4414  55
1799 4691 4751  55
4691 4600 4751  55
4554 4453 2082  55
4554 1977 4752  55
4753 4470 4567  55
4567 4606 4753  55
4754 4661 4633  55
4754 1972 1973  55
4731 1608 4541  55
1576 4518 1575  55
4767 2151 2150  56
1679 4762 2166  56
4767 2149 2168  56
2158 4763 4761  56
1683 4771 4755  56
2166 76 1679  56
4762 1679 1680  56
1681 4762 1680  56
2151 4766 2152  56
2154 4766 4756  56
4766 2154 2153  56
4762 4772 4767  56
2154 4756 2155  56
4766 2153 2152  56
1686 4771 1685  56
2151 4767 4766  56
2149 4767 2150  56
2168 2149 101  56
4771 4769 4768  56
2156 4763 2157  56
1685 4771 1684  56
4763 2156 4756  56
4764 4759 2147  56
4758 1692 1693  56
2163 4765 4764  56
1691 4758 4757  56
4757 1689 1690  56
4765 4761 4760  56
4759 4764 4760  56
2165 4764 2148  56
2163 4764 2164  56
2165 2148 100  56
4761 2160 2159  56
4769 1686 1687  56
4759 1693 1694  56
4758 1691 1692  56
4769 4771 1686  56
1691 4757 1690  56
1693 4759 4758  56
1695 4759 1694  56
77 2146 1695  56
1689 4769 1688  56
4755 1681 1682  56
1682 1683 4755  56
4756 4771 4768  56
4756 2156 2155  56
4761 4765 2161  56
4761 2161 2160  56
4759 1695 2146  56
2161 4765 2162  56
2146 2147 4759  56
4759 4760 4758  56
4769 1689 4757  56
4757 4758 4760  56
2159 2158 4761  56
4770 4769 4757  56
2167 2166 4762  56
4762 1681 4755  56
4770 4757 4760  56
4763 2158 2157  56
4764 2147 2148  56
4764 2165 2164  56
4760 4764 4765  56
4765 2163 2162  56
4762 4767 2167  56
4772 4771 4756  56
2168 2167 4767  56
4767 4772 4766  56
4763 4770 4761  56
4763 4756 4768  56
1687 1688 4769  56
4769 4770 4768  56
4760 4761 4770  56
4770 4763 4768  56
4771 4772 4755  56
4771 1683 1684  56
4756 4766 4772  56
4772 4762 4755  56
4782 4781 4779  57
1696 4781 2146  57
4781 4782 2147  57
1703 4790 1702  57
1700 4790 4773  57
2146 77 1696  57
4781 1696 1697  57
1698 4781 1697  57
2147 4782 2148  57
1699 1700 4773  57
2174 4788 4787  57
4790 4776 4775  57
4787 2176 2175  57
4788 2171 4782  57
4780 4787 4775  57
2171 4788 2172  57
2169 4782 2170  57
2148 2169 100  57
4773 4790 4779  57
2176 4787 4780  57
1702 4790 1701  57
2179 4784 2180  57
4774 2184 2183  57
1708 4783 4777  57
4784 4789 2181  57
1708 4777 1707  57
1706 4777 4776  57
4774 2185 2184  57
2168 4774 2167  57
2185 4774 2168  57
4789 4784 4785  57
2185 2168 101  57
1706 4776 1705  57
4784 2181 2180  57
1710 4783 1709  57
4786 4776 4777  57
4780 4786 4784  57
4778 4785 4783  57
1711 4778 1710  57
1712 4778 1711  57
76 2166 1712  57
4776 4786 4775  57
4787 2175 2174  57
4773 1698 1699  57
2167 4778 2166  57
2183 4789 4774  57
2176 4780 2177  57
4776 4790 1703  57
4776 1703 1704  57
1704 1705 4776  57
4777 1706 1707  57
2181 4789 2182  57
4778 1712 2166  57
4778 2167 4774  57
4788 2174 2173  57
4781 1698 4773  57
2178 4784 2179  57
2178 2177 4780  57
4773 4779 4781  57
4781 2147 2146  57
4782 2171 2170  57
4782 2169 2148  57
4783 1708 1709  57
4783 1710 4778  57
4784 2178 4780  57
4785 4784 4786  57
4785 4777 4783  57
4785 4778 4774  57
4786 4780 4775  57
4786 4777 4785  57
4787 4788 4779  57
4787 4790 4775  57
2173 2172 4788  57
4788 4782 4779  57
4785 4774 4789  57
4789 2183 2182  57
4790 4787 4779  57
4790 1700 1701  57
5391 5047 5284  58
4863 5259 5084  58
2571 5086 2570  58
2618 5334 5013  58
5359 5414 5177  58
2244 5286 4871  58
5044 5345 2403  58
4891 2357 4900  58
2577 5127 2576  58
2401 4904 2400  58
2413 2414 5438  58
5332 4874 4824  58
5385 2417 2418  58
4866 5402 4867  58
5270 4957 5255  58
5382 5400 5366  58
2284 5432 2283  58
5301 5300 4930  58
5289 5301 5029  58
5015 5295 5157  58
4958 5158 5099  58
2490 5179 2489  58
2533 5132 2532  58
5163 2526 5129  58
5410 5191 5222  58
2493 4938 2492  58
5445 5387 5440  58
4836 5325 4893  58
2531 5132 5131  58
2222 5425 2221  58
2606 5093 2605  58
5292 5068 5232  58
5082 5080 4821  58
5292 5232 4828  58
2233 5232 5068  58
4895 5048 4927  58
2622 5067 4847  58
5200 4889 5419  58
2624 5327 5067  58
2662 4963 2661  58
5389 4947 5278  58
2160 5228 5004  58
5174 5192 4955  58
2658 5390 2657  58
5393 4829 4934  58
5246 2372 2373  58
4917 5347 4934  58
2384 5290 5088  58
110 4841 2449  58
4861 5332 4824  58
5044 5167 5073  58
2300 5052 2299  58
5383 4818 5018  58
5345 2401 2402  58
4904 5394 5042  58
5044 2403 2404  58
2405 5167 5044  58
2301 5096 4814  58
2407 5308 5167  58
5167 2405 2406  58
2409 5308 2408  58
5308 2407 2408  58
4814 2411 2412  58
2411 5096 2410  58
5096 2411 4814  58
5160 2414 2415  58
5052 4987 5019  58
2380 5241 108  58
5160 2415 108  58
5160 5438 2414  58
4814 5438 4909  58
5175 2381 2382  58
4968 5019 4987  58
2381 5175 4960  58
5175 2383 5088  58
4874 5266 4824  58
5320 4929 4968  58
5290 2384 2385  58
5383 5097 5269  58
2390 4818 2389  58
4818 5423 5018  58
5056 5170 5153  58
109 5042 4852  58
5008 2347 2348  58
4849 5394 5100  58
4852 2397 2398  58
4923 5309 5014  58
4880 2397 4852  58
5185 5125 5106  58
2393 4809 2392  58
4809 5051 5049  58
5180 5403 4931  58
2403 5345 2402  58
2401 5345 4904  58
5394 4852 5042  58
2307 5071 2306  58
2369 5349 4842  58
2378 5361 5164  58
2310 4877 4827  58
5395 2372 5246  58
4911 2374 2375  58
2374 5246 2373  58
2311 5246 4933  58
2372 5395 2371  58
2309 5233 2308  58
2376 4911 2375  58
2347 5008 4989  58
4989 106 2346  58
4877 2310 2311  58
2310 4827 2309  58
5361 2378 2379  58
5361 5079 5299  58
5049 4849 4929  58
5026 2348 2349  58
5026 2349 5403  58
2397 4880 2396  58
2396 4880 2395  58
5233 2307 2308  58
5233 4855 5113  58
106 4989 5079  58
4957 5168 4961  58
4995 4957 4961  58
4867 2427 4866  58
2284 5443 4848  58
5168 4957 2422  58
4867 5402 2425  58
2287 5443 2286  58
2287 5149 4991  58
4809 5423 2391  58
2428 4866 2427  58
2433 5087 4980  58
5097 5196 4987  58
5056 2429 2430  58
4794 2293 2294  58
5170 2431 2432  58
4800 2292 2293  58
5087 2433 2434  58
2433 4980 111  58
2437 5291 2436  58
2435 5291 5087  58
2440 5036 4834  58
5134 5382 5366  58
2441 5382 5036  58
2439 4834 2438  58
5036 2440 2441  58
110 4894 4841  58
4894 110 2416  58
5255 4957 4995  58
2417 5385 4894  58
5037 2448 4841  58
2291 5400 5037  58
2443 5400 5382  58
2446 5400 2445  58
5400 2446 5037  58
5400 2443 2444  58
5364 5385 5255  58
2472 5300 2471  58
5443 2285 2286  58
2475 5250 5144  58
5432 2282 2283  58
2474 4930 2473  58
2467 4826 5272  58
4848 5392 5029  58
2477 5250 2476  58
4826 2467 2468  58
4858 5289 4826  58
4858 2468 2469  58
5411 5056 4897  58
5272 2466 113  58
2475 5144 2474  58
5144 5301 4930  58
5338 2477 2478  58
2477 5338 5250  58
5239 2483 4946  58
2479 5338 2478  58
5239 5069 2481  58
2481 5069 2480  58
5095 2460 2461  58
4946 2450 5370  58
4946 5370 2280  58
5343 2455 2456  58
2452 5370 2451  58
5439 5370 2452  58
2279 5328 4806  58
5370 5439 5328  58
5370 5328 2280  58
4808 4939 4922  58
5314 5434 4945  58
4903 5253 4948  58
5379 5124 4859  58
5103 2506 5053  58
5185 5377 5125  58
2458 4887 4832  58
2458 4832 2457  58
4832 2456 2457  58
4887 2458 2459  58
4808 4950 4851  58
2455 5343 4796  58
4896 5378 5169  58
5343 4832 5159  58
5000 2275 2276  58
5339 2264 2265  58
5273 4872 4840  58
5429 5445 5372  58
4810 2493 2494  58
4996 5445 5158  58
2495 5387 4810  58
2264 5339 4982  58
2465 5147 4937  58
2538 5248 5135  58
2498 5240 5372  58
5305 4945 5422  58
5179 2490 4941  58
2492 4941 2491  58
5198 4876 4996  58
4982 4902 2263  58
4938 4810 4876  58
2487 5312 2486  58
5312 2487 5418  58
114 5023 2517  58
5023 114 4997  58
2516 5023 4899  58
2516 4899 2515  58
2513 5399 5204  58
2486 5312 2485  58
4997 114 2484  58
5204 2511 2512  58
4870 5204 5194  58
5399 2515 4899  58
5204 5297 2511  58
2509 5297 4979  58
4939 4808 4851  58
5430 4899 5219  58
2509 4979 2508  58
2507 5053 2506  58
2275 5074 2274  58
2506 5103 2505  58
2463 5281 2462  58
5352 5434 5103  58
2484 5312 4997  58
5194 5408 5362  58
5179 5210 2269  58
5118 2543 2544  58
2515 5399 2514  58
2545 5273 5118  58
2269 4803 2268  58
2269 5418 5179  58
4813 5178 4949  58
4982 2263 2264  58
4902 4982 4811  58
4872 5273 4812  58
5039 5324 5238  58
5427 2546 2547  58
116 5324 2551  58
2550 5324 5109  58
4811 4812 5316  58
2549 5427 2548  58
2518 5238 116  58
5440 2495 2496  58
2541 5388 2540  58
2543 5118 5063  58
2543 5063 2542  58
2495 5440 5387  58
2500 5422 5240  58
5135 2536 2537  58
2257 5252 2256  58
4953 5357 5205  58
5252 5258 5034  58
5083 5258 4868  58
5132 4999 5131  58
5302 5121 5313  58
2529 5131 4892  58
5132 4868 4999  58
4999 5356 5256  58
2520 5178 4813  58
2520 4813 2519  58
5126 5163 5129  58
2524 5275 2523  58
2531 5131 2530  58
5275 2524 5163  58
4949 5275 2260  58
2259 5275 5163  58
2522 5275 5178  58
2528 5129 2527  58
5129 4892 5126  58
2254 5082 2253  58
5129 2528 4892  58
2252 5146 2251  58
5363 2552 5027  58
5034 2254 2255  58
5089 2558 2559  58
5397 2584 2585  58
5089 5307 103  58
2565 5211 2564  58
5059 2556 2557  58
2558 5089 5059  58
2556 5059 4986  58
2556 4986 2555  58
2555 5296 2554  58
2559 5307 5089  58
2553 5027 2552  58
2552 5363 118  58
5296 2553 2554  58
2583 5397 5302  58
5264 5146 5201  58
2583 5313 2582  58
5313 4888 2581  58
5248 2538 2539  58
5386 5335 5283  58
4888 5313 5121  58
4888 2579 2580  58
5038 5003 4951  58
4804 2578 2579  58
4804 2577 2578  58
5311 4795 4953  58
2247 4965 2246  58
2574 5197 5070  58
5130 2566 2567  58
5130 2567 2568  58
5243 5386 5283  58
2572 5070 4918  58
5086 2571 4918  58
5086 4918 4836  58
4965 5261 4837  58
2563 5211 4964  58
2563 4964 2562  58
2560 2561 5307  58
4964 4791 2249  58
5307 2562 4964  58
5117 2565 2566  58
5211 2565 5117  58
5211 2563 2564  58
5286 2244 2245  58
5417 2238 2239  58
2598 5417 5444  58
5306 5001 5104  58
2591 5108 2590  58
2591 5137 5108  58
2238 5165 4976  58
2240 5033 2239  58
5104 2592 2593  58
5417 2598 2599  58
2596 5444 5033  58
2239 5444 5417  58
2596 4942 2595  58
2590 5108 2589  58
5359 5231 5108  58
2587 5231 5002  58
2589 5231 2588  58
5231 4998 5002  58
5334 2618 2619  58
4970 5013 4921  58
5002 120 2586  58
5199 5421 4931  58
5003 5329 5226  58
2243 5414 2242  58
5013 2617 2618  58
5070 2572 2573  58
4833 2614 2615  58
5197 2576 5127  58
5232 5368 4981  58
122 5317 2653  58
5171 5065 5107  58
5165 5213 4976  58
2601 5165 2600  58
2606 5263 5065  58
2604 5076 2603  58
2605 5093 2604  58
5093 2606 5065  58
5436 5317 122  58
2608 5263 2607  58
4854 5060 5031  58
5060 5107 4873  58
5076 4976 5213  58
2238 5031 2237  58
2630 4895 2629  58
5242 123 5142  58
2225 4801 2224  58
4864 5186 2227  58
5010 2659 2660  58
4793 5206 4882  58
2611 5133 2610  58
4973 5298 5138  58
2659 5010 4860  58
5150 5369 5257  58
5006 4793 4936  58
2223 5209 2222  58
2643 5369 2642  58
4906 4916 4988  58
2647 5321 2646  58
2225 5223 4801  58
4801 5350 5209  58
5142 4802 4864  58
4966 2639 2640  58
4802 4966 4830  58
5186 4830 5437  58
5242 5142 4864  58
2639 4966 4802  58
2635 5189 2634  58
5186 4864 4830  58
4895 2631 4919  58
2635 5242 5189  58
2633 5189 4919  58
5189 2633 2634  58
2633 4919 2632  58
2631 4895 2630  58
2627 5050 2626  58
2626 5050 2625  58
2229 5048 4895  58
2628 4927 2627  58
4882 4901 4793  58
5133 2611 4863  58
5373 2649 2650  58
124 4994 2687  58
5373 4793 4990  58
5317 5436 5110  58
5050 2627 4927  58
2230 5260 5048  58
2621 5436 2620  58
2624 5067 2623  58
5067 5327 5123  58
2668 5380 4920  58
2668 4920 2667  58
2661 5010 2660  58
5441 2666 4920  58
2663 4878 2662  58
2659 5390 2658  58
2664 4878 2663  58
5390 5298 2657  58
5006 4962 5321  58
2657 5298 2656  58
4973 124 2654  58
4932 5321 4962  58
5298 5390 5138  58
2648 5006 2647  58
2664 5005 4878  58
4823 5315 4862  58
2666 5441 2665  58
2664 5441 5005  58
2218 5416 4920  58
5380 2668 2669  58
4862 5016 4816  58
4823 5344 2673  58
4971 2670 125  58
2670 5380 2669  58
2213 4822 2212  58
2671 5344 4971  58
2671 4971 125  58
2673 5344 2672  58
5344 4823 4969  58
5249 5251 5046  58
5341 5235 5064  58
4972 4862 4816  58
2675 5315 4823  58
5016 5433 4816  58
5315 2675 2676  58
5152 5341 5057  58
2214 4822 2213  58
2679 5016 2678  58
5115 4831 2155  58
2681 5064 2680  58
5152 5391 5094  58
2649 5373 4990  58
5371 5235 5094  58
5004 5228 5215  58
4845 5249 5046  58
5004 2158 2159  58
100 5192 5174  58
4856 2170 2171  58
5192 4856 4955  58
2172 5028 4856  58
5028 2172 2173  58
5162 5174 4955  58
5278 2163 2164  58
2165 5174 4844  58
2164 2165 4844  58
2208 5389 5162  58
2173 5221 5028  58
4850 5280 4907  58
2319 5285 5262  58
5092 2330 4839  58
5244 4935 5085  58
5262 5331 2317  58
4890 2683 2684  58
2684 5009 4890  58
2324 5282 2323  58
5237 2177 2178  58
5030 5119 5116  58
2180 5181 5054  58
2319 5262 2318  58
4894 2416 2417  58
2448 5037 2447  58
2156 4943 5115  58
2682 4890 5341  58
5024 5251 4797  58
4845 2208 2209  58
2152 4974 2151  58
2151 4906 2150  58
4943 2157 2158  58
4943 2156 2157  58
2155 4831 2154  58
4983 4974 2152  58
5184 5229 5218  58
2366 4898 2365  58
2363 4807 107  58
107 5348 2362  58
2361 5401 4975  58
4829 5393 5218  58
2360 5347 2359  58
5347 4917 2359  58
4900 2358 4917  58
2370 5395 5349  58
2364 4913 4807  58
2364 4807 2363  58
2370 5349 2369  58
2369 4842 2368  58
2367 2368 4842  58
4898 2367 4842  58
5227 5139 4898  58
5326 5184 5195  58
2190 5184 2189  58
5224 5141 5030  58
5319 2321 2322  58
5032 5340 4910  58
5355 2182 2183  58
5058 2340 2341  58
5181 5355 5354  58
2193 5405 4912  58
4931 2353 5199  58
2185 5216 5045  58
5116 5184 5143  58
5318 4988 5216  58
2357 4891 2356  58
5293 4885 4846  58
2313 5293 4952  58
5112 2345 5075  58
4885 5331 4846  58
2314 5293 2313  58
2342 5244 5058  58
5058 2341 2342  58
2316 4885 2315  58
2175 5221 2174  58
5336 4843 5041  58
4820 5336 4905  58
5331 5426 5247  58
5181 2180 2181  58
5280 5237 4907  58
2180 5054 2179  58
2199 5007 2198  58
4820 5354 5336  58
5319 5285 5276  58
5442 2332 2333  58
2177 5280 2176  58
2175 5280 5221  58
2326 5323 5011  58
2326 5011 2325  58
2334 5442 2333  58
2332 4839 2331  58
2340 5058 5021  58
4839 2332 5442  58
2330 5092 2329  58
5061 5092 5090  58
2337 5202 2336  58
4912 5151 5085  58
5202 2338 5021  58
2483 5239 2482  58
5069 5239 5187  58
5202 5021 4792  58
5111 2336 5202  58
5244 2343 5112  58
5111 5202 2195  58
2192 5143 2191  58
4839 2330 2331  58
2327 5323 2326  58
5092 4839 5090  58
4884 5319 4924  58
105 5092 4984  58
5007 4815 5061  58
2198 5090 2197  58
5245 5237 5054  58
4879 2199 2200  58
4905 2203 4825  58
2205 4850 4817  58
4825 2205 4817  58
5261 4965 2248  58
2249 5261 2248  58
2194 2195 4792  58
2338 5202 2337  58
5373 2650 5303  58
5406 5412 4993  58
4794 2294 2295  58
2295 4874 4794  58
5127 4804 4985  58
5248 5388 5062  58
4796 2453 2454  58
2454 2455 4796  58
5009 5057 4890  58
4994 2686 2687  58
5346 4940 4838  58
5020 5172 5122  58
5136 5360 5161  58
5422 2500 115  58
2293 4794 4800  58
2440 4834 2439  58
2224 5209 2223  58
2645 4932 2644  58
2638 5142 2637  58
2638 2639 4802  58
2267 4958 2266  58
2268 5072 2267  58
2579 4888 4804  58
5360 5034 5258  58
2609 4886 2608  58
2609 5133 4886  58
5378 4806 5169  58
4796 5439 2453  58
4898 5139 4913  58
4807 5376 5348  58
4926 5352 4979  58
4926 5379 4859  58
2270 2271 4997  58
4855 5212 5113  58
2494 2495 4810  58
4938 2493 4810  58
5427 2549 5109  58
5324 2550 2551  58
2546 5427 5273  58
4902 5316 5039  58
5275 4949 5178  58
4813 2518 2519  58
2412 2413 4814  58
2301 4909 2300  58
2321 5319 5276  58
5282 2322 2323  58
2214 5182 4822  58
5016 5064 5433  58
4825 5245 4820  58
2205 4825 2204  58
5056 5153 4897  58
4818 2388 2389  58
5331 4885 2316  58
5203 4983 4831  58
5216 4988 4916  58
5032 2200 2201  58
4804 5091 4985  58
5105 117 2535  58
5207 5020 5274  58
2212 5098 2211  58
4823 2673 2674  58
2674 2675 4823  58
5056 5411 2429  58
4824 5413 5190  58
2203 4905 2202  58
2203 2204 4825  58
5106 5265 5055  58
5074 5412 5379  58
2307 5233 5071  58
106 5079 2379  58
2614 5259 2613  58
2615 4970 4833  58
2355 5012 2354  58
5247 5367 4846  58
4801 5223 5150  58
4830 4864 4802  58
2153 2154 4831  58
5115 5203 4831  58
5169 5343 5159  58
4950 4808 4896  58
2617 5013 4970  58
4833 5335 5084  58
5342 4794 4944  58
2438 4883 2437  58
5415 2569 5086  58
4985 5148 5127  58
5130 5415 5154  58
4918 5070 4835  58
2248 4965 2247  58
4893 5086 4836  58
2427 4867 2426  58
4874 5332 4944  58
5442 2334 5111  58
2196 4839 5442  58
2541 5063 5062  58
5294 5063 4840  58
2290 2291 4841  58
4841 2448 2449  58
5395 5246 102  58
2367 4898 2366  58
2686 5009 2685  58
4954 5207 5173  58
2207 5162 4955  58
2163 5278 4947  58
2209 5249 4845  58
2158 5004 4943  58
5224 5367 5141  58
4952 5075 104  58
2621 2622 4847  58
5068 2231 2232  58
5443 2284 2285  58
4940 5411 4897  58
5423 4818 2390  58
4880 4852 4849  58
4850 4907 4817  58
4850 2205 2206  58
2460 4887 2459  58
2460 5095 4887  58
2398 109 4852  58
5394 4849 4852  58
5335 4833 4921  58
5329 5003 4853  58
2236 4873 2235  58
2236 5060 4873  58
5413 4968 5081  58
5421 5040 5180  58
2171 2172 4856  58
2207 5028 2206  58
5209 5277 4928  58
5277 5172 4928  58
2469 2470 4858  58
5289 4858 5300  58
5124 5128 4945  58
5314 5305 2502  58
2220 5416 2219  58
4889 5407 4860  58
4824 4838 4861  58
4980 2432 111  58
4972 4969 4862  58
4862 4969 4823  58
4863 2611 2612  58
5259 4863 2612  58
2227 2228 4864  58
5142 2638 4802  58
5022 5224 5030  58
104 5075 2345  58
4940 5153 4838  58
5168 5402 5234  58
5402 5168 2424  58
2425 2426 4867  58
2255 5252 5034  58
4869 2533 2534  58
4869 2534 117  58
117 5105 4869  58
4979 5297 4870  58
5297 5204 4870  58
4871 2243 2244  58
4965 5325 5311  58
4872 4812 4811  58
4811 4799 4872  58
2235 5232 2234  58
5183 5263 4886  58
4874 2295 2296  58
2296 2297 4874  58
2153 4831 4983  58
4875 4797 4843  58
5428 5339 5099  58
5072 4996 4958  58
2376 5351 4911  58
4827 5299 4914  58
5242 2228 5189  58
4963 2662 4878  58
2200 5032 4879  58
2202 5032 2201  58
5051 4809 2393  58
2395 5051 2394  58
5291 2435 2436  58
5404 4944 5287  58
2652 5317 4978  58
4798 5292 4828  58
4883 2438 4834  58
5291 5404 5287  58
4884 4924 4910  58
4884 4910 4819  58
4885 5293 2314  58
2314 2315 4885  58
4886 5133 4805  58
5065 5183 5107  58
4887 5095 4851  58
4887 5159 4832  58
4888 2580 2581  58
5121 5091 4888  58
2221 5425 5200  58
5425 4928 5025  58
5009 2686 4994  58
5098 2212 4822  58
2354 5199 2353  58
4900 4934 4829  58
2528 2529 4892  58
5256 5333 4999  58
4837 4893 5325  58
2568 5415 5130  58
5364 5149 2289  58
4841 5353 2290  58
2629 4927 2628  58
5048 2229 2230  58
2277 5000 2276  58
2277 2278 4896  58
2429 5411 2428  58
4861 4838 5153  58
5376 4807 4913  58
2365 4913 2364  58
4997 5219 5023  58
5430 5399 4899  58
4891 4900 5140  58
2356 4891 2355  58
4793 5006 4990  58
4901 4882 4798  58
4902 2261 2262  58
2262 2263 4902  58
5114 5222 5157  58
5294 5136 5161  58
2400 5042 2399  58
2304 5225 4923  58
5340 5119 4819  58
4905 4825 4820  58
4988 2150 4906  58
4974 4983 4875  58
5237 5280 2177  58
5245 4825 4817  58
4828 5232 4981  58
5292 4798 4882  58
5052 5188 5102  58
4909 2301 4814  58
4815 5396 5214  58
4910 5340 4819  58
4911 5351 4933  58
5246 2374 4911  58
2192 2193 4912  58
5022 5085 4935  58
4913 2365 4898  58
5139 5227 2186  58
5040 5421 5140  58
4827 5337 5233  58
2536 5105 2535  58
2536 5230 5105  58
5216 2185 5318  58
4916 4875 4843  58
2358 4900 2357  58
2358 2359 4917  58
4835 4836 4918  58
4918 2571 2572  58
2631 2632 4919  58
2229 5189 2228  58
2666 2667 4920  58
5380 2670 4971  58
4833 4970 4921  58
4921 5013 4853  58
4808 5000 4896  58
4937 2463 2464  58
5073 5014 5044  58
2303 2304 4923  58
5396 4924 5322  58
5396 5322 5214  58
4828 5410 4798  58
5101 4948 5015  58
5074 2275 5000  58
5379 5412 5253  58
4927 2629 4895  58
5166 5260 4959  58
5122 5114 5330  58
5229 5184 5116  58
4849 5049 4880  58
5113 5212 4967  58
2472 2473 4930  58
5300 2472 4930  58
2351 5403 2350  58
2351 2352 4931  58
4936 4793 4901  58
4932 2643 2644  58
4877 5361 5299  58
4877 2311 4933  58
5229 5040 4829  58
4934 4900 4917  58
5244 2342 2343  58
5075 4952 4865  58
5350 4901 5209  58
5257 5350 5150  58
4937 2464 2465  58
5147 5431 4937  58
4938 5077 4941  58
2491 4941 2490  58
5281 2461 2462  58
5106 5406 5185  58
4940 5346 5120  58
2423 2424 5168  58
4941 2492 4938  58
4803 5210 5077  58
2594 5104 2593  58
2594 2595 4942  58
5024 5115 4943  58
5024 4943 5004  58
4794 5342 4800  58
4794 4874 4944  58
2502 5305 2501  58
5434 5124 4945  58
2280 2281 4946  58
4946 2483 112  58
2162 5228 2161  58
2162 2163 4947  58
4903 5428 5099  58
5156 4848 4991  58
2260 5310 4949  58
4813 5310 5238  58
5169 5159 4950  58
5343 2456 4832  58
5003 5286 4953  58
5078 5003 4953  58
4952 104 2312  58
2312 2313 4952  58
4795 5311 4835  58
4977 5357 4985  58
5145 5066 4992  58
4857 4928 4954  58
4856 5192 2170  58
4856 2207 4955  58
5383 5018 5196  58
4956 5049 4929  58
4957 2420 2421  58
2421 2422 4957  58
2266 5339 2265  58
5072 5198 4996  58
4847 5424 5110  58
5260 5166 5048  58
2298 5052 5019  58
4960 2380 2381  58
5236 5295 5176  58
4957 5270 2420  58
5369 2643 4932  58
5321 4932 2645  58
4963 5419 4889  58
4889 4860 4963  58
2249 103 4964  58
2562 5307 2561  58
4965 5311 5286  58
2246 5286 2245  58
4966 2640 2641  58
2641 5369 4966  58
5295 4948 5253  58
5071 5113 5081  58
4929 5320 4956  58
4968 5413 5266  58
4969 4972 2216  58
2216 2217 4969  58
4970 2615 2616  58
2616 2617 4970  58
4971 5344 2217  58
2217 2218 4971  58
5182 2214 2215  58
2215 2216 4972  58
2654 2655 4973  58
5025 4857 5138  58
4875 4916 4974  58
4974 4906 2151  58
4975 2360 2361  58
5401 5347 4975  58
2601 5213 5165  58
4976 5076 4854  58
4953 5205 5078  58
5357 5080 5205  58
2652 5303 2651  58
5206 5317 5110  58
4870 4926 4979  58
2508 5053 2507  58
5087 5288 4980  58
5288 5087 4881  58
4951 4828 4981  58
5107 5368 4873  58
5339 5428 4799  58
4799 4811 4982  58
4983 5203 4875  58
4983 2152 2153  58
4984 2327 2328  58
2328 105 4984  58
5127 2577 4804  58
5091 5121 4977  58
5264 5296 4986  58
2553 5296 5027  58
2298 5019 2297  58
2384 5088 2383  58
2150 4988 2149  58
4916 4906 4974  58
2346 2347 4989  58
4989 5279 4914  58
2648 2649 4990  58
4793 5373 5206  58
5375 5149 4995  58
5120 4866 4940  58
5066 5145 4857  58
5009 5268 5057  58
5124 5379 5253  58
4922 5000 4808  58
4994 124 4973  58
4994 5145 4992  58
5149 5375 4991  58
2289 5149 2288  58
4876 5198 5077  58
4810 5387 4876  58
4809 2391 2392  58
5418 2488 5179  58
120 5334 2619  58
5177 5226 4998  58
5333 5131 4999  58
4868 5132 5083  58
5000 2277 4896  58
5000 4922 4993  58
2240 2241 5001  58
5137 2591 2592  58
2586 2587 5002  58
4998 5231 5177  58
5003 5078 4951  58
5003 5038 4853  58
5004 2159 2160  58
5004 5215 5046  58
5200 5005 5416  58
5419 4963 4878  58
4936 4962 5006  58
5006 2648 4990  58
5007 2199 4879  58
4879 4815 5007  58
2348 5026 5008  58
5337 5026 5180  58
5009 2684 2685  58
5009 4994 4992  58
5010 2661 4963  58
4963 4860 5010  58
5011 2324 2325  58
5061 5323 4984  58
5180 4931 5421  58
2354 5012 5199  58
5334 5329 5013  58
5013 5329 4853  58
5044 2404 2405  58
5014 5309 4904  58
4925 5205 5080  58
4948 5428 4903  58
2677 5315 2676  58
2677 2678 5016  58
2474 5144 4930  58
2282 5432 5381  58
4818 5383 2388  58
5018 5423 4956  58
4874 2297 5019  58
2383 5175 2382  58
5041 5032 4905  58
5207 4928 5172  58
5021 2338 2339  58
2339 2340 5021  58
5040 5229 5212  58
5143 2192 4912  58
5023 5219 4899  58
5023 2516 2517  58
5004 5046 5024  58
5228 2160 2161  58
4928 5425 5209  58
4928 4857 5025  58
5008 5026 5279  58
4931 5403 2351  58
5201 5027 5296  58
5082 5304 5146  58
5028 4850 2206  58
5028 2207 4856  58
5029 5017 4848  58
5029 5392 5193  58
5143 4912 5022  58
5119 5030 5141  58
5031 2238 4976  58
4976 4854 5031  58
5032 5396 4879  58
5032 2202 4905  58
5033 5306 4942  58
4942 2596 5033  58
5258 5252 4868  58
5080 5082 5034  58
5069 5381 5338  58
5035 5432 5017  58
5400 2291 2292  58
4834 5404 4883  58
2446 2447 5037  58
5037 4841 2291  58
4951 4981 5038  58
4853 5335 4921  58
5310 4813 4949  58
2261 4902 5039  58
4829 5140 4900  58
4967 5330 5114  58
4843 5336 4916  58
5041 5274 5020  58
5042 109 2399  58
5042 2400 4904  58
5158 5429 5043  58
5128 5099 5043  58
4923 5073 2303  58
5014 5073 4923  58
5045 2183 2184  58
4988 5318 2149  58
5249 2209 2210  58
5251 5274 4843  58
2681 5341 5064  58
5284 5268 5066  58
2544 2545 5118  58
4959 5260 5068  58
5049 4956 4809  58
5051 2395 4880  58
5327 2625 5050  58
2625 5327 2624  58
2393 2394 5051  58
5051 4880 5049  58
5052 2298 2299  58
5052 5217 4987  58
5053 2508 4979  58
5352 5103 5053  58
2179 5237 2178  58
5181 5271 5054  58
5147 5272 5265  58
5392 5176 5055  58
5056 2430 2431  58
2431 5170 5056  58
4890 2682 2683  58
5268 4992 5066  58
4935 5244 5112  58
5021 5435 4792  58
5420 5059 5089  58
5059 2557 2558  58
5060 2236 2237  58
2237 5031 5060  58
5214 5011 5323  58
5090 2198 5007  58
5388 2541 5062  58
5063 5294 5062  58
5063 2541 2542  58
5063 5118 4840  58
5235 5152 5094  58
5064 2679 2680  58
5368 5232 4873  58
5263 5183 5065  58
4857 4954 5066  58
5268 5009 4992  58
5067 5123 4847  58
5067 2622 2623  58
5068 2232 2233  58
5232 2233 2234  58
2479 2480 5069  58
2281 5381 5187  58
4795 4835 5384  58
5070 2573 2574  58
4929 5100 5081  58
5071 2305 2306  58
4958 2267 5072  58
5072 2268 4803  58
5167 2406 2407  58
2302 2303 5073  58
2274 5408 2273  58
5074 5000 4993  58
4865 4935 5075  58
2345 5112 2344  58
121 5213 2602  58
121 2603 5076  58
5210 5179 4941  58
5077 4938 4876  58
5410 5122 5172  58
5205 4925 5191  58
5079 4914 5299  58
4914 5079 4989  58
4977 4821 5080  58
5080 5034 4925  58
5081 4968 4929  58
5100 5225 5071  58
5082 2252 2253  58
5082 2254 5034  58
5132 2533 4869  58
5083 5220 4915  58
4863 5386 4805  58
5259 2614 4833  58
5085 5022 4912  58
5435 5405 4792  58
2569 5415 119  58
2569 2570 5086  58
2434 2435 5087  58
5087 5287 4881  58
5217 5290 5097  58
5217 5097 4987  58
103 2250 5089  58
5059 5420 4986  58
4839 2197 5090  58
5090 5007 5061  58
4977 4985 5091  58
5091 4804 4888  58
5092 5061 4984  58
5092 105 2329  58
5076 2604 5093  58
5076 5171 4854  58
5098 5391 5173  58
4972 5371 5182  58
5377 5185 4939  58
2461 5281 5095  58
5096 2301 2302  58
5096 2409 2410  58
5269 5290 2385  58
2386 2387 5269  58
5391 5284 5173  58
5046 5251 5024  58
4958 5099 5339  58
5099 5128 4903  58
5071 5081 5100  58
5100 4929 4849  58
5015 4925 5101  58
4799 5136 5254  58
5188 5052 2300  58
108 5241 5160  58
2504 5314 2503  58
2504 2505 5103  58
5104 2594 4942  58
5001 5306 2240  58
5105 5230 5220  58
4869 5105 5220  58
5281 2463 4937  58
5193 5055 5265  58
5107 5060 4854  58
5065 5171 5093  58
5137 5359 5108  58
5231 2587 2588  58
5109 5316 4812  58
5109 2549 2550  58
5436 2621 4847  58
4908 5424 5155  58
2334 2335 5111  58
5111 2195 2196  58
2343 2344 5112  58
5112 5075 4935  58
4967 5081 5113  58
5337 5180 4855  58
5222 5114 5122  58
5190 5413 5236  58
5115 5024 4797  58
5115 2155 2156  58
5208 4967 5212  58
5143 2190 2191  58
5261 2249 4791  58
2566 5130 5117  58
2229 4895 4919  58
5118 5273 4840  58
5141 5247 4819  58
5119 5340 5208  58
5346 4838 5190  58
5375 5120 5346  58
5121 5302 5398  58
4977 5398 4821  58
5020 5330 5208  58
5122 5410 5222  58
4959 5327 5166  58
5424 4908 5110  58
5124 5434 4859  58
5253 4903 5124  58
5095 5377 4851  58
5106 5125 5431  58
5126 5256 2258  58
2258 2259 5126  58
5197 5127 5148  58
2576 5197 2575  58
4945 5305 5314  58
5128 5124 4903  58
2526 5163 2525  58
2526 2527 5129  58
5415 5086 4893  58
4837 5415 4893  58
5131 5333 4892  58
5131 2529 2530  58
5132 2531 2532  58
5132 4869 5083  58
4863 4805 5133  58
5133 2609 2610  58
4834 5036 5134  58
4800 5366 2292  58
5161 5360 5267  58
5135 2537 2538  58
5136 4799 5101  58
5101 4925 5136  58
5137 2592 5104  58
5104 5001 5137  58
5138 5145 4973  58
5407 5138 5390  58
5139 2186 2187  58
2187 5326 5139  58
5140 4829 5040  58
5140 5012 4891  58
5367 5247 5141  58
5141 4819 5119  58
123 5242 2636  58
123 2637 5142  58
5143 5022 5030  58
5030 5116 5143  58
5035 5144 5250  58
5035 5017 5144  58
5145 4994 4973  58
5145 5138 4857  58
5146 2252 5082  58
5304 5302 5409  58
5147 2465 2466  58
2466 5272 5147  58
5148 4985 4795  58
5070 5384 4835  58
5149 2287 2288  58
5149 5364 4995  58
5437 4966 5369  58
5369 4932 5257  58
5405 2193 2194  58
4792 5405 2194  58
5341 5152 5235  58
5057 5047 5152  58
5153 4940 4897  58
4861 5153 5170  58
5117 5261 4791  58
5117 5130 5154  58
5155 5123 4959  58
4959 5068 5155  58
4991 5190 5156  58
5190 5236 5156  58
5114 5157 5236  58
5078 5410 4951  58
5043 5099 5158  58
5158 4958 4996  58
5159 4887 4851  58
4851 4950 5159  58
4960 5102 5241  58
5160 5188 4909  58
5135 5267 5230  58
5136 5294 5254  58
5162 2207 2208  58
4947 5215 5228  58
5163 5126 2259  58
5163 2524 2525  58
2377 5351 2376  58
2377 2378 5164  58
2238 5417 5165  58
2600 5417 2599  58
5166 5050 4927  58
4927 5048 5166  58
5308 2409 5096  58
2302 5073 5167  58
5402 2424 2425  58
5168 2422 2423  58
4950 4896 5169  58
4806 5378 2279  58
5170 2432 4980  58
4861 5288 4881  58
5107 4854 5171  58
5171 5076 5093  58
4928 5207 4954  58
5172 5277 4798  58
5098 5274 5251  58
4954 5173 5284  58
5174 5162 4844  58
5174 2165 100  58
5175 5217 5102  58
5102 4960 5175  58
5406 5106 5055  58
5176 5392 5156  58
2241 5414 5359  58
5414 5226 5177  58
5178 2520 2521  58
2521 2522 5178  58
2488 5418 2487  58
2488 2489 5179  58
5040 4855 5180  58
5026 5337 5279  58
5181 2181 2182  58
2182 5355 5181  58
2215 4972 5182  58
5182 5374 4822  58
5183 4886 4805  58
5183 5368 5107  58
5184 2188 2189  58
5184 2190 5143  58
4922 5406 4993  58
4922 4939 5185  58
5223 2225 2226  58
2226 2227 5186  58
4946 2281 5187  58
5187 5381 5069  58
2300 4909 5188  58
5188 5241 5102  58
2228 5242 4864  58
5189 2229 4919  58
5190 4838 4824  58
5114 5236 5413  58
5191 4925 5015  58
5015 5157 5191  58
5192 100 2169  58
2169 2170 5192  58
4826 5265 5272  58
5193 5289 5029  58
4870 5362 4926  58
5408 5430 2272  58
5401 2361 2362  58
5184 5326 2188  58
5018 4956 5196  58
4987 5320 4968  58
5148 5070 5197  58
5197 2574 2575  58
5198 5072 4803  58
4803 5077 5198  58
2353 4931 2352  58
5012 2355 4891  58
2220 2221 5200  58
5425 5025 4889  58
5146 5264 2251  58
5363 5409 5397  58
4792 2195 5202  58
2336 5111 2335  58
5203 5115 4797  58
4797 4875 5203  58
2512 2513 5204  58
5430 5204 5399  58
5191 5078 5205  58
5080 5357 4977  58
5206 5110 4908  58
4908 4882 5206  58
5172 5020 5207  58
5274 5098 5173  58
5208 5116 5119  58
5208 5340 5020  58
5209 2224 4801  58
4901 5350 4936  58
4941 5077 5210  58
5210 4803 2269  58
5211 5117 4791  58
4791 4964 5211  58
5212 4855 5040  58
5212 5116 5208  58
5213 2601 2602  58
5213 121 5076  58
5011 5322 5282  58
4815 5323 5061  58
5389 5278 5162  58
4845 5046 5215  58
4916 5336 5216  58
5354 4820 5181  58
5217 5052 5102  58
5217 5175 5088  58
5347 5401 5393  58
5195 5184 5218  58
5219 4997 2271  58
2271 2272 5219  58
5230 2536 5135  58
5220 5083 4869  58
4850 5028 5221  58
5221 2173 2174  58
5191 5410 5078  58
5191 5157 5222  58
2226 5186 5223  58
5223 5437 5150  58
5224 5022 4935  58
4935 4865 5224  58
5225 2304 2305  58
2305 5071 5225  58
5226 5414 4871  58
4871 5003 5226  58
4898 4842 5227  58
2186 5349 102  58
5228 2162 4947  58
5215 4947 5389  58
5116 5212 5229  58
5229 4829 5218  58
5267 5248 5161  58
4915 5220 5230  58
5231 2589 5108  58
5231 5359 5177  58
5068 5292 5155  58
5232 2235 4873  58
5113 5071 5233  58
5233 2309 4827  58
5375 5346 4991  58
4961 5168 5234  58
5371 5433 5235  58
5064 5235 5433  58
5236 5176 5156  58
5413 5081 4967  58
5237 2179 5054  58
5237 5245 4907  58
5238 2518 4813  58
5039 5310 2261  58
4946 5187 5239  58
5239 2481 2482  58
5365 4945 5128  58
5240 2499 2500  58
5241 5188 5160  58
5241 2380 4960  58
5242 2635 2636  58
5416 5441 4920  58
5183 4805 5243  58
5038 4981 5283  58
5244 5085 5151  58
5151 5058 5244  58
4817 4907 5245  58
4820 5245 5271  58
5246 4911 4933  58
5246 2311 102  58
5285 5319 4884  58
4884 4819 5247  58
5062 5161 5248  58
5248 5267 5135  58
5249 2210 2211  58
2211 5098 5249  58
5250 2475 2476  58
5250 5338 5035  58
4843 4797 5251  58
5251 5249 5098  58
5252 2255 2256  58
4868 5252 5356  58
5412 5406 5176  58
5295 5015 4948  58
5254 4840 4872  58
4872 4799 5254  58
5353 2289 2290  58
5385 2418 5270  58
2257 5356 5252  58
2257 2258 5256  58
5257 4932 4962  58
4962 4936 5257  58
5258 5083 4915  58
5034 5360 4925  58
4833 5084 5259  58
5259 2612 2613  58
5260 2230 2231  58
2231 5068 5260  58
5261 5117 5154  58
5154 4837 5261  58
5426 5285 4884  58
5262 2317 2318  58
5263 2606 2607  58
5263 2608 4886  58
5264 5420 2250  58
2250 2251 5264  58
5265 4826 5193  58
5265 5106 5147  58
5266 4874 5019  58
5019 4968 5266  58
5360 5258 4915  58
4915 5230 5267  58
5268 5284 5047  58
5047 5057 5268  58
5097 5383 5196  58
5269 2385 2386  58
5270 2418 2419  58
2419 2420 5270  58
5245 5054 5271  58
5271 5181 4820  58
5272 113 2467  58
4826 2468 4858  58
5273 2545 2546  58
5273 5427 4812  58
5274 5041 4843  58
5274 5173 5207  58
5275 2259 2260  58
5275 2522 2523  58
2320 5285 2319  58
2320 2321 5276  58
5277 5209 4901  58
4901 4798 5277  58
5278 2164 4844  58
4844 5162 5278  58
5279 5337 4914  58
5279 4989 5008  58
5280 4850 5221  58
5280 2175 2176  58
5281 5431 5125  58
5281 5377 5095  58
5282 2324 5011  58
4924 5396 4910  58
5283 5368 5243  58
5283 5335 5038  58
5391 5152 5047  58
5284 5066 4954  58
5285 5426 5262  58
5285 2320 5276  58
5286 5003 4871  58
5286 2246 4965  58
4944 5404 5342  58
5287 5332 4881  58
5288 4861 5170  58
5170 4980 5288  58
5289 5193 4826  58
5300 4858 2470  58
5290 5269 5097  58
5290 5217 5088  58
5287 5087 5291  58
5291 2437 4883  58
5292 4882 4908  58
4908 5155 5292  58
5293 5367 4865  58
4865 4952 5293  58
5161 5062 5294  58
5294 4840 5254  58
5295 5412 5176  58
5295 5236 5157  58
5296 2555 4986  58
5296 5264 5201  58
5297 2509 2510  58
2510 2511 5297  58
5298 4973 2655  58
2655 2656 5298  58
5299 4827 4877  58
5361 2379 5079  58
2470 2471 5300  58
5300 5301 5289  58
5301 5144 5017  58
5017 5029 5301  58
5397 2583 2584  58
5146 5358 5201  58
2650 2651 5303  58
5303 2652 4978  58
5304 5082 4821  58
5304 5398 5302  58
5240 5422 5365  58
2501 5422 115  58
5104 4942 5306  58
5306 5033 2240  58
5307 4964 103  58
5307 2559 2560  58
5096 2302 5308  58
2302 5167 5308  58
5309 4923 5225  58
5225 5100 5309  58
5310 2260 2261  58
5310 5039 5238  58
4953 5286 5311  58
4835 5325 4836  58
2270 4997 5312  58
5312 2484 2485  58
5313 2581 2582  58
5313 2583 5302  58
5314 2502 2503  58
5314 2504 5103  58
5315 2677 5016  58
5016 4862 5315  58
5316 5109 5039  58
5316 4902 4811  58
5317 5206 4978  58
5317 2652 2653  58
5318 2185 101  58
101 2149 5318  58
5319 2322 5282  58
5282 4924 5319  58
5320 4987 5196  58
5196 4956 5320  58
5321 2645 2646  58
5321 2647 5006  58
4924 5282 5322  58
5322 5011 5214  58
5323 2327 4984  58
5323 4815 5214  58
5324 116 5238  58
5324 5039 5109  58
5325 4835 5311  58
5325 4965 4837  58
5326 5376 5139  58
5326 2187 2188  58
5050 5166 5327  58
5327 4959 5123  58
4796 4806 5328  58
5328 2279 2280  58
5329 5334 4998  58
4998 5226 5329  58
5330 4967 5208  58
5330 5020 5122  58
5247 4846 5331  58
5331 2316 2317  58
5332 4861 4881  58
5332 5287 4944  58
5333 5256 5126  58
5126 4892 5333  58
5334 120 5002  58
5002 4998 5334  58
5335 4853 5038  58
5335 5386 5084  58
5041 4905 5336  58
5216 5354 5045  58
4855 5233 5337  58
5337 4827 4914  58
5338 2479 5069  58
5381 2281 2282  58
5339 4799 4982  58
5339 2266 4958  58
5340 5032 5041  58
5041 5020 5340  58
5341 2681 2682  58
5341 4890 5057  58
5342 4834 5134  58
5134 4800 5342  58
5343 5169 4806  58
4806 4796 5343  58
4969 2217 5344  58
5344 2671 2672  58
5345 5044 5014  58
5014 4904 5345  58
5190 4991 5346  58
5120 5375 5234  58
5347 2360 4975  58
5393 4934 5347  58
5348 107 4807  58
5348 5376 5195  58
5349 2186 5227  58
5227 4842 5349  58
5350 4801 5150  58
5350 5257 4936  58
4877 4933 5351  58
5351 2377 5164  58
5053 4979 5352  58
5352 4926 4859  58
5353 4841 4894  58
5385 5270 5255  58
5045 2184 2185  58
5354 5216 5336  58
2183 5045 5355  58
5355 5045 5354  58
5356 2257 5256  58
5356 4999 4868  58
5357 4953 4795  58
4795 4985 5357  58
5027 5201 5358  58
5146 5409 5358  58
5359 5137 5001  58
5001 2241 5359  58
4915 5267 5360  58
5360 5136 4925  58
5361 4877 5351  58
5351 5164 5361  58
5362 4870 5194  58
5074 5362 5408  58
2585 118 5363  58
5363 5027 5358  58
2289 5353 5364  58
5364 5255 4995  58
5128 5043 5365  58
5240 5429 5372  58
5366 4800 5134  58
2443 5382 2442  58
5367 5224 4865  58
5367 5293 4846  58
5368 5183 5243  58
5368 5283 4981  58
4966 5437 4830  58
5369 2641 2642  58
2450 4946 112  58
2450 2451 5370  58
5371 5374 5182  58
5371 4972 4816  58
5372 2497 2498  58
5240 2498 2499  58
5373 5303 4978  58
4978 5206 5373  58
5098 4822 5374  58
5374 5371 5094  58
5375 4995 4961  58
4961 5234 5375  58
4913 5139 5376  58
5376 5326 5195  58
4939 4851 5377  58
5377 5281 5125  58
5378 4896 2278  58
2278 2279 5378  58
5379 4926 5362  58
5362 5074 5379  58
5380 4971 2218  58
2218 4920 5380  58
5381 5432 5035  58
5035 5338 5381  58
5382 5134 5036  58
5382 2441 2442  58
5383 5269 2387  58
2387 2388 5383  58
5384 5070 5148  58
5148 4795 5384  58
5385 5364 5353  58
5353 4894 5385  58
5386 5243 4805  58
5386 4863 5084  58
5387 4996 4876  58
5440 2496 2497  58
5388 5248 2539  58
2539 2540 5388  58
5389 2208 4845  58
4845 5215 5389  58
5390 2659 4860  58
5138 5407 5025  58
5391 5098 5374  58
5374 5094 5391  58
5055 5193 5392  58
5392 4848 5156  58
5195 5401 5348  58
5195 5218 5393  58
5394 4904 5309  58
5309 5100 5394  58
102 5349 5395  58
5395 2370 2371  58
5396 4815 4879  58
5396 5032 4910  58
2585 5363 5397  58
5397 5409 5302  58
5398 5304 4821  58
5398 4977 5121  58
5204 5430 5194  58
5399 2513 2514  58
5400 2292 5366  58
5400 2444 2445  58
5401 2362 5348  58
5401 5195 5393  58
5402 4866 5120  58
5120 5234 5402  58
2349 2350 5403  58
5403 5180 5026  58
5404 5291 4883  58
5404 4834 5342  58
5405 5435 5151  58
5151 4912 5405  58
5406 4922 5185  58
5406 5055 5176  58
5390 4860 5407  58
5407 4889 5025  58
5408 2272 2273  58
5408 2274 5074  58
5409 5363 5358  58
5409 5146 5304  58
5410 5172 4798  58
5410 4828 4951  58
5411 4940 4866  58
4866 2428 5411  58
5412 5295 5253  58
5412 5074 4993  58
5413 4824 5266  58
5413 4967 5114  58
5414 2241 2242  58
5414 2243 4871  58
5415 4837 5154  58
5415 2568 119  58
5416 2218 2219  58
5416 2220 5200  58
2598 5444 2597  58
5417 2600 5165  58
5418 2269 2270  58
2270 5312 5418  58
5419 4878 5005  58
5005 5200 5419  58
5089 2250 5420  58
5420 5264 4986  58
5421 5199 5012  58
5012 5140 5421  58
4945 5365 5422  58
5422 2501 5305  58
2390 2391 5423  58
5423 4809 4956  58
5424 4847 5123  58
5123 5155 5424  58
4889 5200 5425  58
5425 2222 5209  58
4884 5247 5426  58
5426 5331 5262  58
2547 2548 5427  58
5427 5109 4812  58
5428 4948 5101  58
5101 4799 5428  58
5429 5240 5365  58
5365 5043 5429  58
5219 2272 5430  58
5430 5408 5194  58
5431 5281 4937  58
5431 5147 5106  58
5432 2284 4848  58
4848 5017 5432  58
5433 5371 4816  58
5064 5016 2679  58
5434 5314 5103  58
5434 5352 4859  58
5435 5021 5058  58
5058 5151 5435  58
122 2620 5436  58
5436 4847 5110  58
5437 5369 5150  58
5437 5223 5186  58
5438 5160 4909  58
5438 4814 2413  58
2452 2453 5439  58
5439 4796 5328  58
2497 5372 5440  58
5445 4996 5387  58
5441 5416 5005  58
5441 2664 2665  58
5111 2196 5442  58
4839 2196 2197  58
5443 2287 4991  58
4991 4848 5443  58
5444 2239 5033  58
5444 2596 2597  58
5440 5372 5445  58
5445 5429 5158  58
5458 2314 2313  59
1713 5453 2691  59
5458 2312 2693  59
2321 5454 5452  59
1717 5462 5446  59
2691 78 1713  59
5453 1713 1714  59
1715 5453 1714  59
2314 5457 2315  59
2317 5457 5447  59
5457 2317 2316  59
5453 5463 5458  59
2317 5447 2318  59
5457 2316 2315  59
1720 5462 1719  59
2314 5458 5457  59
2312 5458 2313  59
2693 2312 104  59
5462 5460 5459  59
2319 5454 2320  59
1719 5462 1718  59
5454 2319 5447  59
5455 5450 2689  59
5449 1726 1727  59
2326 5456 5455  59
1725 5449 5448  59
5448 1723 1724  59
5456 5452 5451  59
5450 5455 5451  59
2328 5455 2690  59
2326 5455 2327  59
2328 2690 105  59
5452 2323 2322  59
5460 1720 1721  59
5450 1727 1728  59
5449 1725 1726  59
5460 5462 1720  59
1725 5448 1724  59
1727 5450 5449  59
1729 5450 1728  59
79 2688 1729  59
1723 5460 1722  59
5446 1715 1716  59
1716 1717 5446  59
5447 5462 5459  59
5447 2319 2318  59
5452 5456 2324  59
5452 2324 2323  59
5450 1729 2688  59
2324 5456 2325  59
2688 2689 5450  59
5450 5451 5449  59
5460 1723 5448  59
5448 5449 5451  59
2322 2321 5452  59
5461 5460 5448  59
2692 2691 5453  59
5453 1715 5446  59
5461 5448 5451  59
5454 2321 2320  59
5455 2689 2690  59
5455 2328 2327  59
5451 5455 5456  59
5456 2326 2325  59
5453 5458 2692  59
5463 5462 5447  59
2693 2692 5458  59
5458 5463 5457  59
5454 5461 5452  59
5454 5447 5459  59
1721 1722 5460  59
5460 5461 5459  59
5451 5452 5461  59
5461 5454 5459  59
5462 5463 5446  59
5462 1717 1718  59
5447 5457 5463  59
5463 5453 5446  59
5473 5472 5470  60
1730 5472 2688  60
5472 5473 2689  60
1737 5481 1736  60
1734 5481 5464  60
2688 79 1730  60
5472 1730 1731  60
1732 5472 1731  60
2689 5473 2690  60
1733 1734 5464  60
2334 5479 5478  60
5481 5467 5466  60
5478 2336 2335  60
5479 2331 5473  60
5471 5478 5466  60
2331 5479 2332  60
2329 5473 2330  60
2690 2329 105  60
5464 5481 5470  60
2336 5478 5471  60
1736 5481 1735  60
2339 5475 2340  60
5465 2344 2343  60
1742 5474 5468  60
5475 5480 2341  60
1742 5468 1741  60
1740 5468 5467  60
5465 2345 2344  60
2693 5465 2692  60
2345 5465 2693  60
5480 5475 5476  60
2345 2693 104  60
1740 5467 1739  60
5475 2341 2340  60
1744 5474 1743  60
5477 5467 5468  60
5471 5477 5475  60
5469 5476 5474  60
1745 5469 1744  60
1746 5469 1745  60
78 2691 1746  60
5467 5477 5466  60
5478 2335 2334  60
5464 1732 1733  60
2692 5469 2691  60
2343 5480 5465  60
2336 5471 2337  60
5467 5481 1737  60
5467 1737 1738  60
1738 1739 5467  60
5468 1740 1741  60
2341 5480 2342  60
5469 1746 2691  60
5469 2692 5465  60
5479 2334 2333  60
5472 1732 5464  60
2338 5475 2339  60
2338 2337 5471  60
5464 5470 5472  60
5472 2689 2688  60
5473 2331 2330  60
5473 2329 2690  60
5474 1742 1743  60
5474 1744 5469  60
5475 2338 5471  60
5476 5475 5477  60
5476 5468 5474  60
5476 5469 5465  60
5477 5471 5466  60
5477 5468 5476  60
5478 5479 5470  60
5478 5481 5466  60
2333 2332 5479  60
5479 5473 5470  60
5476 5465 5480  60
5480 2343 2342  60
5481 5478 5470  60
5481 1734 1735  60
5485 2346 2699  61
1747 5494 2697  61
5494 5496 5485  61
2353 5491 2354  61
5485 5496 5488  61
2697 80 1747  61
5494 1747 1748  61
5494 5485 2698  61
2349 5488 2350  61
5488 2351 2350  61
5496 5498 5488  61
5498 2353 2352  61
2351 5498 2352  61
2348 5488 2349  61
5491 5498 5483  61
2347 5485 2348  61
2346 5485 2347  61
2699 2346 106  61
1752 5490 1751  61
2353 5498 5491  61
1753 5490 1752  61
5499 2355 5491  61
2360 5497 2361  61
1761 5489 1760  61
2358 5499 5482  61
1759 5493 1758  61
5499 5491 5486  61
5497 2362 2361  61
5497 5484 2695  61
2362 5497 2696  61
2359 2358 5482  61
2362 2696 107  61
2356 5499 2357  61
5487 5493 5486  61
5484 1763 2694  61
1760 5489 1759  61
5487 5486 5483  61
1757 5487 1756  61
1762 5484 1761  61
1763 5484 1762  61
81 2694 1763  61
5486 5491 5483  61
5493 1757 1758  61
5482 2360 2359  61
1754 5490 1753  61
5487 5490 1754  61
5484 2694 2695  61
5484 5497 5495  61
5485 2699 2698  61
1749 5494 1748  61
5493 5487 1757  61
5484 5495 5489  61
5487 1754 1755  61
1755 1756 5487  61
5488 2348 5485  61
5490 5487 5483  61
5489 1761 5484  61
5495 5499 5486  61
5490 5498 5496  61
1751 5492 1750  61
2355 5499 2356  61
2355 2354 5491  61
5492 1749 1750  61
5492 1751 5490  61
5493 1759 5489  61
5493 5495 5486  61
2698 2697 5494  61
5494 1749 5492  61
5495 5493 5489  61
5482 5495 5497  61
5496 5494 5492  61
5492 5490 5496  61
5497 2695 2696  61
5497 2360 5482  61
5498 2351 5488  61
5498 5490 5483  61
5499 5495 5482  61
5499 2358 2357  61
5508 2365 2364  62
1764 5517 2694  62
5517 5508 2695  62
5501 5511 5503  62
1768 5504 1767  62
2694 81 1764  62
5517 1764 1765  62
1766 5517 1765  62
5507 2367 2366  62
5508 2363 2696  62
5507 2368 2367  62
5502 2370 2369  62
2368 5507 5502  62
2365 5507 2366  62
5515 2370 5502  62
2365 5508 5507  62
2363 5508 2364  62
2696 2363 107  62
2370 5515 2371  62
5515 5514 2372  62
1771 5501 1770  62
2372 5514 2373  62
5510 5509 5506  62
5516 5511 5500  62
2377 5512 5509  62
1776 5505 5500  62
1774 5511 1773  62
5512 5514 5506  62
5509 5510 2698  62
2379 5509 2699  62
2377 5509 2378  62
2379 2699 106  62
5511 5516 5503  62
5514 2375 2374  62
5510 1778 1779  62
5505 1776 1777  62
5511 5501 1771  62
1776 5500 1775  62
1778 5510 5505  62
1780 5510 1779  62
80 2697 1780  62
5515 5516 5514  62
1774 1775 5500  62
2375 5514 5512  62
5501 1768 1769  62
1769 1770 5501  62
2369 2368 5502  62
5501 5513 5504  62
5502 5501 5503  62
5511 1774 5500  62
5504 1766 1767  62
5504 1768 5501  62
5505 1777 1778  62
5510 5506 5505  62
5500 5505 5506  62
2375 5512 2376  62
5508 5517 5513  62
5513 5501 5502  62
2696 2695 5508  62
5508 5513 5507  62
5509 2698 2699  62
5509 2379 2378  62
5510 1780 2697  62
2697 2698 5510  62
5511 1771 1772  62
1772 1773 5511  62
5506 5509 5512  62
5512 2377 2376  62
5502 5507 5513  62
5504 5513 5517  62
5516 5515 5503  62
5514 2374 2373  62
2372 2371 5515  62
5515 5502 5503  62
5516 5500 5506  62
5506 5514 5516  62
5517 2695 2694  62
5517 1766 5504  62
1788 5532 1787  63
5534 2391 2390  63
5535 5524 5527  63
2385 5520 2386  63
5528 1783 5522  63
2385 5523 5520  63
1785 5522 1784  63
1781 5528 2703  63
5529 5528 5522  63
1783 5528 1782  63
5523 2385 2384  63
5521 5534 5531  63
1781 2703 82  63
5532 5530 5531  63
5520 2388 2387  63
2380 5525 2381  63
2383 5525 5523  63
5525 2383 2382  63
2705 2380 108  63
2381 5525 2382  63
2388 5534 2389  63
1785 5532 5522  63
1790 5530 1789  63
5530 5532 1788  63
1787 5532 1786  63
5526 5534 5521  63
5528 1781 1782  63
5526 5535 5533  63
2396 5533 5527  63
2398 5527 2702  63
5527 2398 2397  63
5524 5535 5518  63
1792 5519 1791  63
2398 2702 109  63
2701 5527 5524  63
5533 2396 2395  63
5524 1795 1796  63
2391 5526 2392  63
1795 5524 5518  63
5535 5526 5521  63
1797 5524 1796  63
5519 5535 5521  63
2700 1797 83  63
1795 5518 1794  63
1793 5519 1792  63
1793 1794 5518  63
1791 5530 1790  63
5519 1793 5518  63
2387 2386 5520  63
5522 5532 5529  63
5530 1791 5519  63
2391 5534 5526  63
5525 5529 5523  63
5522 1783 1784  63
5523 2384 2383  63
5528 5529 5525  63
5524 1797 2700  63
2700 2701 5524  63
5525 2380 2705  63
2705 2704 5525  63
2393 5533 2394  63
2393 2392 5526  63
5527 2701 2702  63
5527 2397 2396  63
5528 5525 2704  63
2704 2703 5528  63
5520 5532 5531  63
5520 5523 5529  63
1788 1789 5530  63
5530 5519 5521  63
5530 5521 5531  63
5534 2388 5520  63
5532 5520 5529  63
5532 1785 1786  63
5533 2395 2394  63
5533 2393 5526  63
2390 2389 5534  63
5534 5520 5531  63
5535 5519 5518  63
5535 5527 5533  63
5549 2401 2400  64
1798 5539 2700  64
2700 5539 2701  64
1805 5547 1804  64
5540 1800 1801  64
2700 83 1798  64
5539 1798 1799  64
5539 1799 1800  64
5552 5547 5537  64
5551 5541 5542  64
5544 2404 2403  64
2404 5537 2405  64
2404 5544 5537  64
2401 5544 2402  64
2408 5546 2409  64
2401 5549 5544  64
2399 5549 2400  64
2702 2399 109  64
5537 2406 2405  64
2406 5543 2407  64
5547 1805 5541  64
5541 1806 1807  64
5536 2414 2413  64
5553 1808 1809  64
5538 5550 5548  64
1810 5553 1809  64
5541 5553 5542  64
5536 2415 2414  64
2705 5536 2704  64
2415 5536 2705  64
5545 2413 2412  64
2415 2705 108  64
1808 5541 1807  64
2409 5546 2410  64
1812 5548 1811  64
1811 5548 1810  64
5541 1805 1806  64
5550 5538 5536  64
1813 5538 1812  64
1814 5538 1813  64
82 2703 1814  64
5553 5541 1808  64
2704 5538 2703  64
2413 5545 5536  64
1802 5547 5540  64
5547 1802 1803  64
5538 1814 2703  64
5538 2704 5536  64
5549 5552 5544  64
1800 5540 5539  64
5539 5552 5549  64
5540 1801 1802  64
5546 2408 5543  64
5543 5551 5542  64
2411 5546 5545  64
5541 5551 5547  64
5543 2408 2407  64
5543 2406 5537  64
5544 2403 2402  64
5539 5549 2701  64
5545 2412 2411  64
5546 5550 5545  64
5546 2411 2410  64
5546 5543 5542  64
5547 5552 5540  64
5547 1803 1804  64
5548 1812 5538  64
5550 5546 5542  64
5549 2399 2702  64
2702 2701 5549  64
5550 5553 5548  64
5550 5536 5545  64
5551 5543 5537  64
5537 5547 5551  64
5537 5544 5552  64
5552 5539 5540  64
5553 1810 5548  64
5553 5550 5542  64
5564 2418 2417  65
1815 5560 2709  65
5560 5564 2710  65
5566 5565 5562  65
5559 5570 1819  65
2709 84 1815  65
5560 2710 2709  65
2710 5564 2711  65
5558 5555 5564  65
5555 2421 2420  65
1817 5560 1816  65
2423 5566 2424  65
2421 5565 2422  65
2418 5555 2419  65
5559 1820 1821  65
2418 5564 5555  65
2416 5564 2417  65
2711 2416 110  65
5559 1819 1820  65
5563 5571 5556  65
5558 5565 5555  65
5554 5566 5556  65
2430 5567 2431  65
5561 1827 1828  65
2428 5557 2429  65
1827 5571 1826  65
5554 2428 2427  65
5567 2432 2431  65
5569 5567 5568  65
2432 5567 2708  65
5569 5568 5561  65
2432 2708 111  65
2425 5554 2426  65
5559 5563 5562  65
5569 1829 1830  65
1829 5561 1828  65
5556 5566 5562  65
5571 1825 1826  65
1829 5569 5561  65
1831 5569 1830  65
85 2706 1831  65
1825 5563 1824  65
2427 2426 5554  65
5571 5563 1825  65
2420 2419 5555  65
5565 5559 5562  65
5563 5556 5562  65
5554 5568 5557  65
5557 2430 2429  65
5557 2428 5554  65
1817 5570 5560  65
5570 5559 5558  65
5559 1821 1822  65
5563 5559 1822  65
5560 1815 1816  65
5560 5570 5558  65
5567 5569 2707  65
5568 5567 5557  65
5566 2423 5565  65
5559 5565 5558  65
5563 1822 1823  65
1823 1824 5563  65
5564 2416 2711  65
5564 5560 5558  65
5565 2423 2422  65
5565 2421 5555  65
5566 5554 2425  65
2425 2424 5566  65
2707 2708 5567  65
5567 2430 5557  65
5568 5554 5556  65
5568 5571 5561  65
5569 1831 2706  65
2706 2707 5569  65
5570 1817 1818  65
1818 1819 5570  65
5571 1827 5561  65
5571 5568 5556  65
5572 2433 2708  66
1832 5588 2706  66
5572 5588 5575  66
5587 5574 5573  66
5584 5579 5575  66
2706 85 1832  66
5584 5575 5588  66
5588 5572 2707  66
5580 2438 2437  66
1834 5588 1833  66
2438 5580 5578  66
2439 5578 2440  66
2438 5578 2439  66
2435 5580 2436  66
5589 5578 5583  66
2434 5572 2435  66
2433 5572 2434  66
2708 2433 111  66
5579 1836 1837  66
5587 5579 1839  66
1839 5579 1838  66
5573 5589 5583  66
5585 2449 2448  66
5582 1844 1845  66
2445 5581 2446  66
1844 5582 5574  66
1842 5587 1841  66
5581 5576 5585  66
5585 5577 2710  66
2449 5585 2711  66
5576 5573 5574  66
2449 2711 110  66
5587 5573 5583  66
5587 1842 5574  66
5577 1846 1847  66
5574 5582 5576  66
5579 5587 5583  66
5574 1842 1843  66
1846 5582 1845  66
1848 5577 1847  66
84 2709 1848  66
2445 5586 5581  66
5572 2708 2707  66
5588 1832 1833  66
2443 5586 2444  66
2442 5586 2443  66
1843 1844 5574  66
5586 5576 5581  66
5580 2435 5572  66
5579 5584 1836  66
2710 5577 2709  66
5576 5586 5573  66
5577 1848 2709  66
5577 5585 5576  66
2440 5589 2441  66
5578 5580 5575  66
5578 5575 5579  66
5579 1837 1838  66
2437 2436 5580  66
5580 5572 5575  66
2447 5585 2448  66
2447 2446 5581  66
5582 1846 5577  66
5577 5576 5582  66
5589 2440 5578  66
5578 5579 5583  66
5584 1834 1835  66
1835 1836 5584  66
5585 2710 2711  66
5585 2447 5581  66
5586 2445 2444  66
5586 5589 5573  66
5587 1839 1840  66
1840 1841 5587  66
5588 2707 2706  66
5588 1834 5584  66
5589 5586 2442  66
2442 2441 5589  66
5593 5607 5600  67
5601 1859 5591  67
2466 5599 2714  67
2460 5602 5598  67
2454 5600 2455  67
1849 5595 2715  67
2715 86 1849  67
5609 5596 5593  67
2715 5595 2716  67
2716 5592 2717  67
1853 5596 1852  67
5590 2454 2453  67
1859 5601 1858  67
2457 5602 2458  67
5592 2452 2451  67
1855 5605 1854  67
5600 2457 2456  67
2452 5592 5590  67
2450 5592 2451  67
2717 2450 112  67
2452 5590 2453  67
5595 1849 1850  67
1853 5605 5596  67
5599 5606 5597  67
5599 2466 2465  67
5606 5591 5603  67
5591 1859 1860  67
2464 5608 5599  67
5601 1856 1857  67
2713 5599 5597  67
1861 5603 5591  67
113 2466 2714  67
5604 5593 5605  67
5597 1865 2712  67
5591 5606 5598  67
1856 5605 1855  67
2460 5598 2461  67
5599 5608 5606  67
1864 5603 1863  67
1865 5597 1864  67
87 2712 1865  67
1861 5591 1860  67
5596 5605 5593  67
1851 5596 5595  67
2462 5608 2463  67
2461 5598 2462  67
5592 2450 2717  67
5590 5609 5593  67
2457 5607 5602  67
5600 2454 5590  67
5602 5607 5594  67
5604 5594 5607  67
2716 5609 5592  67
5595 1850 1851  67
5596 5609 5595  67
5596 1851 1852  67
1863 5603 1862  67
5597 2712 2713  67
5598 5602 5594  67
5594 5591 5598  67
5599 2713 2714  67
5599 2465 2464  67
2456 2455 5600  67
5600 5590 5593  67
1857 1858 5601  67
5601 5591 5594  67
5602 2460 2459  67
2459 2458 5602  67
5603 1861 1862  67
5603 1864 5597  67
5604 1856 5601  67
5601 5594 5604  67
5605 1853 1854  67
5605 1856 5604  67
5603 5597 5606  67
5598 5606 5608  67
5607 2457 5600  67
5607 5593 5604  67
5608 2464 2463  67
5608 2462 5598  67
5609 5590 5592  67
5609 2716 5595  67
5612 2469 2468  68
1866 5611 2712  68
5623 5626 5622  68
87 1866 2712  68
5616 5621 5620  68
5611 5612 2713  68
2712 5611 2713  68
5612 5621 5610  68
5611 5621 5612  68
5610 2472 2471  68
1876 5619 5615  68
2467 5612 2468  68
2467 113 2714  68
2474 5613 2475  68
2472 5618 2473  68
2469 5612 5610  68
5611 1866 1867  68
2469 5610 2470  68
1871 5616 1870  68
2474 5618 5613  68
5618 5616 5614  68
5615 5627 5614  68
5624 5617 2716  68
1878 5625 5619  68
2479 5622 2480  68
5627 5619 5626  68
2477 5623 2478  68
5624 2483 2482  68
5617 5626 5625  68
2483 5624 2717  68
5613 5627 5623  68
112 2483 2717  68
1881 5617 1880  68
86 2715 1882  68
5613 5618 5614  68
5617 1882 2715  68
1880 5625 1879  68
5615 5616 1873  68
1876 5615 1875  68
1878 5619 1877  68
1882 5617 1881  68
5627 5615 5619  68
2471 2470 5610  68
1868 5620 5611  68
5611 1867 1868  68
5621 5611 5620  68
5612 2467 2714  68
2714 2713 5612  68
2476 5623 2477  68
2476 2475 5613  68
1872 5616 1871  68
1873 5616 1872  68
5615 1873 1874  68
1874 1875 5615  68
1870 5620 1869  68
5616 5615 5614  68
5617 2715 2716  68
2481 5624 2482  68
5618 2474 2473  68
5618 2472 5610  68
5619 1876 1877  68
2479 5623 5622  68
5620 1868 1869  68
5620 1870 5616  68
5621 5616 5618  68
5618 5610 5621  68
5626 5617 5624  68
5622 2481 2480  68
5623 2479 2478  68
5623 2476 5613  68
2716 2717 5624  68
5624 2481 5622  68
5625 1878 1879  68
5625 1880 5617  68
5619 5625 5626  68
5626 5624 5622  68
5626 5623 5627  68
5627 5613 5614  68
5642 2491 2490  69
2484 5637 2485  69
5637 2484 2723  69
5641 5644 5629  69
1883 5640 2721  69
2721 88 1883  69
1885 5640 1884  69
5640 1883 1884  69
2486 5643 2487  69
1887 5641 5629  69
5644 5641 5642  69
5645 2491 5642  69
5641 1887 1888  69
5640 1885 5629  69
2485 5637 2486  69
2723 2484 114  69
5643 2489 2488  69
5645 5642 5632  69
2491 5645 2492  69
1889 5641 1888  69
5628 2499 2498  69
2719 5631 2718  69
2496 5634 2497  69
5630 5636 5633  69
5633 5645 5632  69
5628 2500 2499  69
2720 5628 2719  69
2500 5628 2720  69
5636 5630 5634  69
2500 2720 115  69
2493 5636 2494  69
5638 5639 5633  69
2489 5643 5642  69
5631 1897 1898  69
5631 5630 5635  69
5638 1890 1891  69
1893 5638 1892  69
5639 1893 1894  69
1897 5635 1896  69
1899 5631 1898  69
89 2718 1899  69
5639 5638 1893  69
2498 5634 5628  69
1895 5639 1894  69
5629 1885 1886  69
1886 1887 5629  69
5628 5631 2719  69
2496 5636 5634  69
5631 1899 2718  69
5631 5628 5630  69
1890 5641 1889  69
5638 5641 1890  69
5630 5639 5635  69
2494 5636 2495  69
5630 5628 5634  69
5634 2498 2497  69
5635 1895 1896  69
5635 1897 5631  69
5636 2496 2495  69
5636 5645 5633  69
5637 2723 2722  69
5640 5644 5637  69
1891 1892 5638  69
5638 5633 5632  69
5639 1895 5635  69
5639 5630 5633  69
5640 5637 2722  69
2722 2721 5640  69
5641 5638 5632  69
5637 5644 5643  69
5641 5632 5642  69
5642 2490 2489  69
5643 2488 2487  69
5643 2486 5637  69
5642 5643 5644  69
5644 5640 5629  69
5645 5636 2493  69
2493 2492 5645  69
5655 2503 2502  70
1900 5648 2718  70
1907 5650 1906  70
89 1900 2718  70
5658 5650 5651  70
5648 1901 1902  70
2718 5648 2719  70
5662 2506 2505  70
5648 5658 5651  70
2506 5654 2507  70
1910 5647 1909  70
2501 5655 2502  70
2501 115 2720  70
5659 5649 2510  70
2506 5662 5654  70
2503 5662 2504  70
5648 1900 1901  70
5662 2503 5655  70
2508 5659 2509  70
5660 5659 5654  70
5650 1907 5647  70
5649 2513 2512  70
2515 5653 2516  70
2722 5652 2721  70
5649 5661 2513  70
5663 1910 1911  70
5646 5663 5656  70
5653 2722 2723  70
5653 5652 2722  70
2517 5653 2723  70
5659 5660 5657  70
114 2517 2723  70
1914 5656 1913  70
88 2721 1916  70
5654 2508 2507  70
5652 5653 5646  70
5656 1912 1913  70
5649 5659 5657  70
5663 5647 1910  70
1912 5663 1911  70
1916 5652 1915  70
5647 5663 5657  70
2515 5661 5653  70
2513 5661 2514  70
5647 1907 1908  70
1908 1909 5647  70
2719 5655 2720  70
1902 5658 5648  70
5649 2512 2511  70
2511 2510 5649  70
5650 1904 1905  70
1905 1906 5650  70
5648 5655 2719  70
5650 5658 1904  70
5652 1914 1915  70
5652 1916 2721  70
5653 2517 2516  70
5661 5649 5646  70
5654 5662 5651  70
5651 5650 5654  70
5655 2501 2720  70
5655 5648 5651  70
5656 1914 5652  70
5652 5646 5656  70
5646 5649 5657  70
5647 5660 5650  70
5658 1902 1903  70
1903 1904 5658  70
5659 2510 2509  70
5659 2508 5654  70
5654 5650 5660  70
5660 5647 5657  70
5646 5653 5661  70
5661 2515 2514  70
2505 2504 5662  70
5662 5655 5651  70
5663 1912 5656  70
5663 5646 5657  70
5672 2518 2729  71
1917 5676 2727  71
5676 5672 2728  71
5671 5670 2527  71
1921 5666 1920  71
2727 90 1917  71
5676 1917 1918  71
1919 5676 1918  71
5680 2520 5672  71
5664 5680 5673  71
5678 5669 5668  71
2523 5664 2524  71
2523 5680 5664  71
5680 2523 2522  71
1924 5678 1923  71
2519 5672 2520  71
2518 5672 2519  71
2729 2518 116  71
5664 2525 2524  71
2525 5671 2526  71
1923 5678 1922  71
2527 5670 2528  71
2532 5681 2533  71
1931 5675 1930  71
2530 5670 5665  71
1929 5679 1928  71
5670 2530 2529  71
5681 2534 2533  71
5681 5667 2725  71
2534 5681 2726  71
5679 1927 1928  71
2534 2726 117  71
5667 5677 5675  71
1927 5669 1926  71
5667 1933 2724  71
1930 5675 1929  71
5669 5678 1924  71
5669 5679 5674  71
1932 5667 1931  71
1933 5667 1932  71
91 2724 1933  71
5674 5668 5669  71
1921 5678 5666  71
5666 5678 5673  71
5665 2532 2531  71
2531 2530 5665  71
2520 5680 2521  71
5666 1919 1920  71
5667 2724 2725  71
5667 5681 5677  71
5671 2525 5664  71
5674 5671 5668  71
5669 1924 1925  71
1925 1926 5669  71
5670 2529 2528  71
5671 5674 5670  71
2527 2526 5671  71
5671 5664 5668  71
5672 2729 2728  71
5672 5676 5673  71
5666 5673 5676  71
5664 5678 5668  71
5679 5669 1927  71
5670 5677 5665  71
5675 1931 5667  71
5677 5679 5675  71
5676 2728 2727  71
5676 1919 5666  71
5665 5677 5681  71
5677 5670 5674  71
5678 5664 5673  71
5678 1921 1922  71
5679 1929 5675  71
5679 5677 5674  71
2522 2521 5680  71
5680 5672 5673  71
5681 2725 2726  71
5681 2532 5665  71
5696 2537 2536  72
1934 5693 2724  72
5693 5696 2725  72
5683 5695 5692  72
1938 5683 5682  72
2724 91 1934  72
5693 1934 1935  72
1936 5693 1935  72
5696 5693 5690  72
1937 1938 5682  72
5685 2540 2539  72
5683 1939 1940  72
5687 2542 2541  72
2537 5685 2538  72
5686 5698 5697  72
2537 5696 5685  72
2535 5696 2536  72
2726 2535 117  72
5683 1938 1939  72
5698 5686 2544  72
1941 5683 1940  72
5697 5698 5692  72
5699 5691 5688  72
5699 5688 5684  72
2547 5694 2548  72
1946 5689 1945  72
5697 5695 5689  72
5694 5686 5688  72
5691 5699 2728  72
2551 5691 2729  72
5689 1946 5684  72
2551 2729 116  72
5698 2542 5687  72
2544 5686 2545  72
5699 1948 1949  72
1948 5684 1947  72
5695 5683 1941  72
5689 5684 5688  72
1948 5699 5684  72
1950 5699 1949  72
90 2727 1950  72
5695 5697 5692  72
2540 5687 2541  72
5682 1936 1937  72
2542 5698 2543  72
5690 5683 5687  72
1946 1947 5684  72
2549 5691 2550  72
2539 2538 5685  72
2725 5696 2726  72
5686 2547 2546  72
2546 2545 5686  72
5687 2540 5685  72
5683 5690 5682  72
2549 5694 5691  72
5686 5694 2547  72
1944 5695 1943  72
1944 1945 5689  72
5687 5685 5690  72
5682 5690 5693  72
5691 2728 2729  72
5691 2551 2550  72
5687 5683 5692  72
5695 1944 5689  72
5693 2725 2724  72
5693 1936 5682  72
5688 5691 5694  72
5694 2549 2548  72
5695 1941 1942  72
1942 1943 5695  72
5690 5685 5696  72
5696 2535 2726  72
5697 5689 5688  72
5688 5686 5697  72
2544 2543 5698  72
5698 5687 5692  72
5699 1950 2727  72
2727 2728 5699  72
5703 2566 2565  73
5703 2564 5702  73
1951 2733 92  73
1951 5710 2733  73
1956 5705 1955  73
1953 5710 1952  73
2734 5710 5709  73
5714 2554 2553  73
5707 5716 2557  73
5707 2557 2556  73
2568 5701 2732  73
5708 5716 5711  73
5714 5707 2554  73
1958 5713 1957  73
5716 2559 2558  73
5707 5714 5709  73
2552 5714 2553  73
2735 2552 118  73
5706 5707 5709  73
5705 5713 5706  73
2559 5708 2560  73
5713 5715 5711  73
2564 5703 2565  73
5701 2568 2567  73
5704 5703 5700  73
5702 2563 2562  73
5710 5705 5709  73
2732 5701 2731  73
5702 2564 2563  73
2568 2732 119  73
2561 5708 5702  73
1960 5715 1959  73
5705 5710 1953  73
5704 1965 1966  73
1965 5700 1964  73
1958 5715 5713  73
5715 5708 5711  73
2566 5703 5701  73
1965 5704 5700  73
1967 5704 1966  73
93 2730 1967  73
1962 5712 1961  73
1963 5712 1962  73
1963 1964 5700  73
5701 5704 2731  73
5701 2567 2566  73
2562 2561 5702  73
5712 1960 1961  73
5700 5717 5712  73
5703 5704 5701  73
5704 1967 2730  73
2730 2731 5704  73
5705 1953 1954  73
1954 1955 5705  73
5706 5713 5711  73
2559 5716 5708  73
5707 2556 2555  73
2555 2554 5707  73
5717 5700 5703  73
5708 2561 2560  73
2734 5714 2735  73
5709 5705 5706  73
5710 2734 2733  73
5710 1951 1952  73
5708 5717 5702  73
5716 5707 5706  73
5712 1963 5700  73
5717 5708 5715  73
5713 5705 1956  73
1956 1957 5713  73
5714 2552 2735  73
5714 2734 5709  73
5715 1958 1959  73
5715 1960 5712  73
2558 2557 5716  73
5716 5706 5711  73
5715 5712 5717  73
5717 5703 5702  73
5735 2571 2570  74
1968 5719 2730  74
1975 5734 1974  74
93 1968 2730  74
5734 5733 5728  74
5719 1969 1970  74
2730 5719 2731  74
5727 2574 2573  74
5726 1970 1971  74
2574 5727 5725  74
1978 5733 1977  74
2569 5735 2570  74
2569 119 2732  74
2576 5721 2577  74
5725 5734 5728  74
2571 5735 5727  74
5719 1968 1969  74
2571 5727 2572  74
5721 5728 5723  74
2576 5725 5721  74
5726 5734 5731  74
5718 2581 2580  74
2583 5732 2584  74
5724 5730 5729  74
2581 5722 2582  74
1982 5729 1981  74
2578 5718 2579  74
5732 2585 2584  74
5732 5724 2734  74
2585 5732 2735  74
2578 5721 5718  74
118 2585 2735  74
1983 5724 1982  74
92 2733 1984  74
5725 2576 2575  74
5724 1984 2733  74
5729 1980 1981  74
5718 5730 5722  74
5733 5734 1975  74
1980 5729 5720  74
1984 5724 1983  74
1980 5720 1979  74
2580 2579 5718  74
5733 5723 5728  74
5735 5719 5731  74
1970 5726 5719  74
1978 1979 5720  74
5730 5720 5729  74
5721 2578 2577  74
1974 5734 1973  74
5722 2583 2582  74
5722 2581 5718  74
5718 5721 5723  74
5733 1978 5720  74
5724 2733 2734  74
5724 5732 5730  74
5725 2575 2574  74
1972 5734 5726  74
5719 5735 2731  74
5726 1971 1972  74
5727 2573 2572  74
2731 5735 2732  74
5733 5720 5723  74
5728 5721 5725  74
5729 1982 5724  74
5720 5730 5723  74
5722 5730 5732  74
5730 5718 5723  74
5725 5727 5731  74
5731 5719 5726  74
5732 2734 2735  74
5732 2583 5722  74
5733 1975 1976  74
1976 1977 5733  74
5734 5725 5731  74
5734 1972 1973  74
5731 5727 5735  74
5735 2569 2732  74
5737 2586 2741  75
1989 5750 5738  75
5749 2593 5745  75
2589 5739 2590  75
2591 5745 2592  75
1985 5753 2739  75
2739 94 1985  75
5753 5737 2740  75
5753 1985 1986  75
5737 5753 5752  75
5739 2588 5737  75
5744 2600 5741  75
5745 2593 2592  75
1992 5750 1991  75
2586 5737 2587  75
2587 5737 2588  75
2741 2586 120  75
2588 5739 2589  75
5750 5752 5738  75
2593 5749 2594  75
1991 5750 1990  75
5744 2602 2601  75
5744 5746 2737  75
5746 5736 5742  75
2598 5747 5741  75
5741 5747 5736  75
5747 2597 2596  75
2602 5744 2738  75
5747 2598 2597  75
2602 2738 121  75
2595 5747 2596  75
1995 5743 1994  75
5752 5750 5745  75
5746 1999 2000  75
5742 1997 1998  75
5751 5743 5748  75
5743 5751 5740  75
1997 5748 1996  75
1999 5746 5742  75
2001 5746 2000  75
95 2736 2001  75
1995 5748 5743  75
2598 5741 2599  75
5748 1997 5742  75
5737 2741 2740  75
1987 5753 1986  75
5738 1987 1988  75
1988 1989 5738  75
5737 5752 5739  75
5739 2591 2590  75
5743 5750 1992  75
5749 5747 2595  75
2600 5744 2601  75
2600 2599 5741  75
1998 1999 5742  75
5746 5744 5736  75
5743 1992 1993  75
1993 1994 5743  75
5741 5736 5744  75
5744 2737 2738  75
5745 2591 5739  75
5745 5750 5740  75
5746 2001 2736  75
2736 2737 5746  75
5749 5751 5747  75
5751 5749 5740  75
5748 1995 1996  75
5748 5742 5736  75
2595 2594 5749  75
5749 5745 5740  75
5750 1989 1990  75
5750 5743 5740  75
5751 5748 5736  75
5736 5747 5751  75
5745 5739 5752  75
5738 5752 5753  75
5753 2740 2739  75
5753 1987 5738  75
5767 2605 2604  76
2002 5771 2736  76
5771 5767 2737  76
2009 5768 2008  76
2006 5768 5754  76
2736 95 2002  76
5771 2002 2003  76
2004 5771 2003  76
5767 2603 2738  76
2005 2006 5754  76
5766 2608 2607  76
2608 5766 5765  76
5765 2610 2609  76
2605 5766 2606  76
2612 5764 2613  76
2605 5767 5766  76
2603 5767 2604  76
2738 2603 121  76
5768 5770 5754  76
2610 5762 2611  76
2008 5768 2007  76
5769 5755 5763  76
2617 5758 2618  76
5759 5763 5761  76
2615 5756 2616  76
2014 5761 5755  76
2012 5757 2011  76
5758 2619 2618  76
5758 2617 5756  76
2619 5758 2741  76
5762 5769 5764  76
2619 2741 120  76
2011 5757 2010  76
5757 5769 5760  76
2016 5761 2015  76
5769 5757 5755  76
2613 5764 2614  76
2014 5755 2013  76
2017 5759 2016  76
2018 5759 2017  76
94 2739 2018  76
5756 5764 5763  76
5765 2609 2608  76
5754 2004 2005  76
2012 2013 5755  76
2615 5764 5756  76
5763 5759 5758  76
5756 2617 2616  76
5757 2009 2010  76
5757 2012 5755  76
2740 5759 2739  76
2740 2741 5758  76
5759 2018 2739  76
5759 2740 5758  76
2610 5765 5762  76
5757 5768 2009  76
5761 2014 2015  76
5761 2016 5759  76
2612 2611 5762  76
5762 5765 5760  76
5755 5761 5763  76
5763 5758 5756  76
5764 2615 2614  76
5764 2612 5762  76
5766 2607 2606  76
5765 5768 5760  76
5767 5771 5770  76
5770 5768 5765  76
2738 2737 5767  76
5767 5770 5766  76
5768 2006 2007  76
5768 5757 5760  76
5763 5764 5769  76
5769 5762 5760  76
5765 5766 5770  76
5754 5770 5771  76
5771 2737 2736  76
5771 2004 5754  76
5784 2622 2621  77
2019 5778 2745  77
5784 5788 5779  77
5786 5777 5773  77
2023 5776 5774  77
2745 96 2019  77
5778 2019 2020  77
2021 5778 2020  77
2622 5779 2623  77
2625 5782 2626  77
5778 5788 5784  77
2627 5783 2628  77
5782 5776 5781  77
5778 5784 2746  77
2026 5780 5776  77
2622 5784 5779  77
2620 5784 2621  77
2747 2620 122  77
5776 2023 2024  77
5783 5782 5781  77
2026 5776 2025  77
5783 5786 5772  77
5787 2636 2635  77
5772 5775 2632  77
2632 5775 2633  77
2031 5777 2030  77
5772 2632 2631  77
5787 2743 2744  77
5787 5789 2743  77
2636 5787 2744  77
5775 5772 5773  77
2636 2744 123  77
2629 5772 2630  77
5780 2026 2027  77
5789 2033 2034  77
5785 2031 2032  77
5780 5786 5781  77
2029 5780 2028  77
2033 5789 5785  77
2035 5789 2034  77
97 2742 2035  77
5786 5780 5777  77
2631 2630 5772  77
2028 5780 2027  77
2031 5785 5777  77
5789 5773 5785  77
5774 2021 2022  77
2022 2023 5774  77
2634 5787 2635  77
2634 2633 5775  77
5788 5776 5782  77
5776 2024 2025  77
2029 2030 5777  77
5777 5785 5773  77
2746 2745 5778  77
5778 2021 5774  77
5779 2625 2624  77
2624 2623 5779  77
5780 2029 5777  77
5776 5780 5781  77
5783 2627 5782  77
5776 5788 5774  77
5782 2627 2626  77
5782 2625 5779  77
5783 5772 2629  77
2629 2628 5783  77
5784 2620 2747  77
2747 2746 5784  77
2032 2033 5785  77
5789 5787 5773  77
5773 5772 5786  77
5786 5783 5781  77
5787 2634 5775  77
5775 5773 5787  77
5782 5779 5788  77
5788 5778 5774  77
5789 2035 2742  77
2742 2743 5789  77
5806 2639 2638  78
5805 5804 5791  78
2043 5805 2042  78
2743 5806 2744  78
5794 5805 5791  78
2036 5802 2742  78
2742 97 2036  78
5802 2036 2037  78
5794 5791 5802  78
5802 5806 2743  78
2642 5804 2643  78
5801 2653 2652  78
5791 5804 5795  78
5798 5792 2646  78
2637 5806 2638  78
2639 5806 5795  78
2744 2637 123  78
2639 5795 2640  78
2040 5805 5794  78
2644 5804 5798  78
2042 5805 2041  78
5793 5803 5799  78
2746 5801 5793  78
2048 5799 5797  78
2649 5807 2650  78
2651 5807 5801  78
2647 5792 2648  78
2653 5801 2747  78
5798 5800 5792  78
2653 2747 122  78
2646 5792 2647  78
2046 5797 5796  78
5804 2644 2643  78
5793 2052 2745  78
2050 5799 2049  78
5796 2043 2044  78
2046 5796 2045  78
5797 5803 5800  78
2051 5793 2050  78
2052 5793 2051  78
96 2745 2052  78
2048 5797 2047  78
2644 5798 2645  78
5796 5805 2043  78
5791 5795 5806  78
2038 5802 2037  78
5797 2046 2047  78
5792 2649 2648  78
5793 2745 2746  78
5807 5792 5803  78
5794 2038 2039  78
2039 2040 5794  78
5795 2642 2641  78
2641 2640 5795  78
2044 2045 5796  78
5792 5807 2649  78
5803 5792 5800  78
5796 5800 5790  78
2646 2645 5798  78
5798 5804 5790  78
5799 2048 2049  78
5799 2050 5793  78
5800 5798 5790  78
5800 5796 5797  78
5801 2746 2747  78
5801 2652 2651  78
5802 2743 2742  78
5802 2038 5794  78
5803 5797 5799  78
5803 5793 5801  78
5804 2642 5795  78
5804 5805 5790  78
5805 2040 2041  78
5805 5796 5790  78
5806 2637 2744  78
5806 5802 5791  78
5803 5801 5807  78
5807 2651 2650  78
2189 1559 1558  79
1575 2206 2207  79
1617 2249 1618  79
2214 1583 2213  79
1602 2233 1603  79
2189 1558 1557  79
1609 2240 1610  79
2243 1611 2242  79
1604 2236 1605  79
1603 2234 1604  79
1613 2244 1614  79
1610 2242 1611  79
2207 1577 1576  79
2239 1609 1608  79
1570 2201 2202  79
1601 2232 1602  79
1589 2220 2221  79
2240 1609 2239  79
2216 1585 2215  79
2231 1600 2230  79
2232 1601 2231  79
2220 1588 2219  79
2223 1591 2222  79
1560 2191 2192  79
2204 1573 2203  79
2187 1555 2186  79
2189 1557 2188  79
1555 2187 1556  79
102 1555 74  79
2188 1556 2187  79
2191 1559 2190  79
2193 1562 1561  79
1559 2189 2190  79
1556 2188 1557  79
1555 102 2186  79
2192 1561 1560  79
1562 2193 2194  79
2194 1564 1563  79
1562 2194 1563  79
2196 1564 2195  79
1561 2192 2193  79
2196 1566 1565  79
1570 2200 2201  79
1566 2197 2198  79
1566 2196 2197  79
2200 1568 2199  79
1571 2202 2203  79
2209 1577 2208  79
2202 1571 1570  79
1575 2205 2206  79
2212 1581 1580  79
1579 2209 2210  79
1580 2211 2212  79
2205 1574 2204  79
2207 1576 1575  79
1580 2210 2211  79
1577 2207 2208  79
1559 2191 1560  79
2209 1579 1578  79
1581 2212 2213  79
2215 1583 2214  79
2198 1567 1566  79
2198 1568 1567  79
1564 2194 2195  79
1568 2198 2199  79
1569 2200 1570  79
1564 2196 1565  79
1568 2200 1569  79
2217 1585 2216  79
1574 2205 1575  79
1586 2217 2218  79
1586 2218 1587  79
1577 2209 1578  79
1571 2203 1572  79
1573 2204 1574  79
2203 1573 1572  79
2220 1589 1588  79
2210 1580 1579  79
1594 2225 1595  79
1585 2217 1586  79
1583 2215 1584  79
2215 1585 1584  79
1581 2213 1582  79
2213 1583 1582  79
1596 2227 2228  79
2218 1588 1587  79
1600 2231 1601  79
1594 2224 2225  79
1591 2223 1592  79
1592 2223 1593  79
1589 2221 1590  79
2221 1591 1590  79
1597 2228 2229  79
1598 2229 2230  79
2230 1600 1599  79
2229 1598 1597  79
2230 1599 1598  79
1606 2237 1607  79
2239 1607 2238  79
1605 2236 1606  79
2239 1608 1607  79
1614 2246 1615  79
1611 2243 1612  79
2243 1613 1612  79
2247 1617 1616  79
2249 1617 2248  79
2244 1613 2243  79
1618 2249 75  79
1591 2221 2222  79
2224 1594 1593  79
1593 2223 2224  79
2228 1597 1596  79
1588 2218 2219  79
2233 1602 2232  79
2227 1596 1595  79
2227 1595 2226  79
1595 2225 2226  79
2234 1603 2233  79
1610 2240 2241  79
2235 1604 2234  79
2236 1604 2235  79
2237 1606 2236  79
1607 2237 2238  79
2242 1610 2241  79
2247 1616 1615  79
2247 1615 2246  79
75 2249 103  79
2246 1614 2245  79
1617 2247 2248  79
1614 2244 2245  79
2308 1675 2307  80
1647 2278 2279  80
2303 1671 1670  80
2301 1669 1668  80
1648 2279 2280  80
2274 1643 1642  80
1650 2283 1651  80
2272 1641 1640  80
1660 2293 1661  80
1643 2274 2275  80
2268 1636 2267  80
1640 2271 2272  80
2262 1630 2261  80
1635 2266 2267  80
1648 2280 1649  80
1668 2300 2301  80
74 2311 102  80
1665 2297 2298  80
1663 2295 2296  80
2305 1672 2304  80
2295 1662 2294  80
1670 2302 2303  80
2263 1631 2262  80
2286 1653 2285  80
2288 1655 2287  80
2300 1668 1667  80
2254 1622 2253  80
2250 75 103  80
2251 1619 2250  80
1620 2251 2252  80
2251 1620 1619  80
1620 2252 1621  80
2256 1624 2255  80
2255 1623 2254  80
2258 1626 2257  80
2256 1625 1624  80
1629 2260 2261  80
2260 1628 2259  80
2264 1632 2263  80
1627 2259 1628  80
1629 2261 1630  80
1627 2258 2259  80
1634 2265 2266  80
1633 2264 2265  80
2271 1640 1639  80
2266 1635 1634  80
1641 2273 1642  80
2269 1637 2268  80
2271 1639 2270  80
2265 1634 1633  80
2270 1638 2269  80
1641 2272 2273  80
2278 1647 1646  80
2277 1645 2276  80
2282 1649 2281  80
1644 2275 2276  80
1646 2277 2278  80
2275 1644 1643  80
1642 2273 2274  80
1625 2256 2257  80
75 2250 1619  80
1625 2257 1626  80
1623 2255 1624  80
2253 1621 2252  80
1626 2258 1627  80
1622 2254 1623  80
1621 2253 1622  80
1631 2263 1632  80
1628 2260 1629  80
1632 2264 1633  80
1630 2262 1631  80
1638 2270 1639  80
1637 2269 1638  80
1636 2268 1637  80
2267 1636 1635  80
1653 2286 1654  80
1645 2277 1646  80
2276 1645 1644  80
2287 1654 2286  80
2279 1648 1647  80
1656 2289 1657  80
1652 2284 2285  80
1657 2290 1658  80
1654 2287 1655  80
1655 2288 1656  80
2285 1653 1652  80
1649 2282 1650  80
2284 1652 1651  80
2292 1659 2291  80
2302 1670 1669  80
2296 1664 1663  80
1659 2292 1660  80
1671 2303 2304  80
1666 2298 2299  80
1671 2304 1672  80
1669 2301 2302  80
2299 1667 1666  80
2298 1666 1665  80
2306 1674 1673  80
1676 2309 1677  80
2309 1676 2308  80
1677 2310 1678  80
1675 2308 1676  80
1674 2306 2307  80
2307 1675 1674  80
1672 2305 1673  80
1649 2280 2281  80
2284 1651 2283  80
1658 2291 1659  80
2283 1650 2282  80
2289 1656 2288  80
2295 1663 1662  80
1661 2294 1662  80
2297 1665 1664  80
2293 1660 2292  80
2290 1657 2289  80
2291 1658 2290  80
2294 1661 2293  80
1667 2299 2300  80
1664 2296 2297  80
2310 1677 2309  80
2311 74 1678  80
1673 2305 2306  80
1678 2310 2311  80
2659 5812 2660  81
2654 5808 2655  81
5808 2654 2753  81
5809 2656 5808  81
2112 5819 2751  81
2751 98 2112  81
5808 5819 5809  81
5809 5819 5810  81
5819 5808 2752  81
2116 5815 5810  81
2114 5819 2113  81
2118 5822 5815  81
2118 5815 2117  81
5822 5816 5812  81
2663 5820 2664  81
2657 5809 2658  81
2753 2654 124  81
5819 2112 2113  81
2655 5808 2656  81
2661 5816 2662  81
5811 2669 2668  81
5820 5816 5813  81
5818 5814 5817  81
5814 2668 2667  81
5813 5824 5817  81
5811 2670 2669  81
2750 5811 2749  81
2670 5811 2750  81
2666 5820 5814  81
2670 2750 125  81
5816 5822 5813  81
2122 5824 5821  81
2660 5816 2661  81
5823 2126 2127  81
5818 2124 2125  81
5822 2118 2119  81
2122 5821 2121  81
5824 5818 5817  81
2126 5823 5818  81
2128 5823 2127  81
99 2748 2128  81
2124 5824 2123  81
2656 5809 2657  81
5808 2753 2752  81
2116 5810 2115  81
2658 5812 2659  81
2114 2115 5810  81
5809 5815 5812  81
2749 5823 2748  81
2668 5814 5811  81
5812 2658 5809  81
5821 5813 5822  81
5814 5820 5817  81
5820 2663 5816  81
5814 2667 2666  81
5820 2666 2665  81
5815 5809 5810  81
5815 2116 2117  81
5816 2663 2662  81
5816 2660 5812  81
5824 2124 5818  81
5814 5818 5811  81
5818 2125 2126  81
5811 5823 2749  81
2752 2751 5819  81
5819 2114 5810  81
5813 5817 5820  81
5820 2665 2664  81
5821 2119 2120  81
2120 2121 5821  81
5822 5812 5815  81
5822 2119 5821  81
5823 2128 2748  81
5823 5811 5818  81
5824 5813 5821  81
5824 2122 2123  81
5842 2673 2672  82
2129 5837 2748  82
5837 5842 2749  82
2136 5832 2135  82
5840 5832 5826  82
2748 99 2129  82
5837 5840 5826  82
2131 5837 2130  82
5839 2676 2675  82
5825 5832 5828  82
5825 5839 5826  82
2676 5825 2677  82
2676 5839 5825  82
2673 5839 2674  82
2680 5835 2681  82
2673 5842 5839  82
2671 5842 2672  82
2750 2671 125  82
5832 5840 2133  82
2678 5831 2679  82
2135 5832 2134  82
2681 5835 2682  82
5827 2686 2685  82
2141 5836 2140  82
5827 5838 2752  82
5836 5829 2139  82
5829 5836 5834  82
5827 2687 2686  82
2753 5827 2752  82
2687 5827 2753  82
5841 5835 5833  82
2687 2753 124  82
2139 5829 2138  82
5834 5833 5835  82
5838 2143 2144  82
2143 5830 2142  82
5829 5832 2136  82
5836 5833 5834  82
2143 5838 5830  82
2145 5838 2144  82
98 2751 2145  82
5829 5834 5828  82
5832 5825 5826  82
5825 2678 2677  82
2749 5842 2750  82
2131 5840 5837  82
5838 5833 5830  82
2685 5841 5827  82
5831 2678 5825  82
5833 5836 5830  82
5829 2136 2137  82
2137 2138 5829  82
2141 2142 5830  82
5838 5827 5833  82
2680 2679 5831  82
5831 5825 5828  82
5832 2133 2134  82
5832 5829 5828  82
2683 5841 2684  82
5835 5841 2683  82
5835 2680 5831  82
5831 5828 5834  82
5835 2683 2682  82
5835 5831 5834  82
5836 2139 2140  82
5836 2141 5830  82
5837 2749 2748  82
5837 2129 2130  82
5838 2145 2751  82
2751 2752 5838  82
2675 2674 5839  82
5826 5839 5842  82
5840 2131 2132  82
2132 2133 5840  82
5833 5827 5841  82
5841 2685 2684  82
5842 2671 2750  82
5842 5837 5826  82
1546 5892 1426  83
1437 5929 5919  83
5913 5887 5851  83
5884 1433 1432  83
2065 5915 5882  83
5930 5844 1434  83
5921 5854 5918  83
5875 5905 5857  83
5901 5922 5872  83
71 1546 1426  83
5866 5931 5855  83
1435 5848 1436  83
1551 5865 5862  83
1550 5862 1549  83
5896 2080 2081  83
2090 5883 2089  83
5843 2092 2093  83
5871 2106 2107  83
5859 2098 2099  83
5866 5855 5865  83
5921 1539 2053  83
1539 5921 1540  83
5878 1429 1428  83
5921 1541 1540  83
5908 1544 1543  83
5876 5878 1428  83
1541 5921 5908  83
5858 5902 5888  83
1541 5908 1542  83
5854 5875 5857  83
2058 5875 5854  83
5897 5903 5858  83
5878 5888 1429  83
2058 5854 2057  83
2068 5915 2067  83
5915 2068 5906  83
5892 1546 1545  83
2065 5882 2064  83
1544 5908 5892  83
5897 2063 5882  83
5906 2068 2069  83
1433 5930 1434  83
5869 2079 2080  83
5879 5881 5864  83
5873 5868 5860  83
5849 5924 5886  83
2073 5909 2072  83
5864 2077 2078  83
1426 5898 1427  83
5906 2069 2070  83
5882 5915 5861  83
5881 2077 5864  83
2061 5875 2060  83
5876 1428 1427  83
2079 5869 5864  83
5916 5856 5895  83
5869 5929 5864  83
2084 5904 2083  83
5844 5930 5887  83
1433 5884 5851  83
5883 5907 5893  83
2075 5881 5867  83
5864 2078 2079  83
5852 1441 5890  83
5886 5891 5849  83
5869 5896 5880  83
2092 5907 2091  83
5868 5933 5860  83
1553 5866 5865  83
2101 5927 5885  83
1539 73 2053  83
5920 2095 2096  83
70 5866 1554  83
5925 5871 2109  83
1447 5889 5850  83
5925 1547 1548  83
5871 5925 5910  83
5849 1440 5845  83
2088 5886 2087  83
5926 5922 1443  83
5877 5919 5880  83
2083 5904 5896  83
2085 5899 2084  83
5922 5926 5872  83
5900 5859 5885  83
5874 5920 5859  83
2094 5901 5843  83
2099 5885 5859  83
5859 2097 2098  83
5927 2101 2102  83
5868 5873 5871  83
5885 2099 2100  83
2103 5927 2102  83
5917 5923 5932  83
2095 5920 5901  83
1547 5925 2111  83
1547 2111 72  83
2104 5894 2103  83
5860 5911 5873  83
2109 5871 2108  83
2111 5925 2110  83
2105 5894 2104  83
2093 2094 5843  83
1443 5922 1444  83
1435 1434 5844  83
5913 2070 2071  83
1440 5890 1441  83
1440 1439 5845  83
5907 2092 5843  83
5891 5883 5893  83
1447 5850 1448  83
1447 1446 5847  83
5848 1435 5844  83
2077 5881 2076  83
2087 5886 2086  83
5883 2088 2089  83
5923 5900 5932  83
1448 5933 1449  83
2070 5913 5906  83
5844 5887 5863  83
1442 5926 1443  83
1442 1441 5852  83
1446 5923 5847  83
1445 1444 5853  83
5854 2055 2056  83
2056 2057 5854  83
1551 5862 1550  83
5931 5866 1450  83
5895 5884 1432  83
5915 5906 5856  83
5854 5857 5870  83
5875 2058 2059  83
1431 5916 5895  83
5924 5849 5845  83
5859 5900 5874  83
5900 5923 5912  83
2106 5873 2105  83
5931 1449 5933  83
2064 5882 2063  83
5861 5915 5856  83
1549 5925 1548  83
5862 5865 5855  83
5848 5844 5863  83
5863 5881 5879  83
5873 2106 5871  83
5929 5869 5919  83
5865 1551 1552  83
1552 1553 5865  83
5866 1553 1554  83
5866 70 1450  83
2074 5909 2073  83
2074 2075 5867  83
5925 2109 2110  83
5933 5868 5931  83
5864 5929 5879  83
2080 5896 5869  83
5898 5870 5876  83
2055 5921 2054  83
2107 2108 5871  83
5868 5910 5855  83
5846 5926 5852  83
5846 5843 5872  83
5845 5934 5928  83
1437 5877 1438  83
5922 5901 5874  83
5920 2096 2097  83
5875 2059 2060  83
5897 5905 5875  83
5898 5918 5870  83
5870 5857 5876  83
5924 5904 5899  83
5934 5845 1439  83
5878 5876 5857  83
5905 5897 5858  83
5929 1437 1436  83
5848 5863 5879  83
5896 2081 2082  83
5845 5928 5924  83
5881 5863 5867  83
5881 2075 2076  83
5903 5902 5858  83
2063 5897 2062  83
5907 5883 2090  83
5891 5890 5849  83
5895 5914 5884  83
5914 5913 5851  83
5885 2100 2101  83
5911 5860 5889  83
2086 5899 2085  83
5886 2088 5883  83
2072 5913 2071  83
5867 5863 5887  83
1430 1429 5888  83
5888 5905 5858  83
5860 5850 5889  83
5889 1447 5847  83
5890 1440 5849  83
5890 5891 5852  83
5891 5886 5883  83
5852 5893 5846  83
5892 1545 1544  83
5918 5892 5908  83
5907 5843 5846  83
5893 5852 5891  83
5894 2105 5873  83
5873 5911 5894  83
1432 1431 5895  83
5856 5916 5861  83
2082 2083 5896  83
1439 1438 5934  83
5897 5875 2061  83
2061 2062 5897  83
5876 1427 5898  83
5898 1426 5892  83
5899 2086 5886  83
5880 5896 5904  83
5853 5912 1445  83
5853 5874 5900  83
5901 5872 5843  83
5901 2094 2095  83
1430 5888 5902  83
5902 5903 5861  83
5903 5897 5882  83
5882 5861 5903  83
5904 2084 5899  83
5880 5928 5877  83
5905 5888 5878  83
5878 5857 5905  83
5887 5913 5909  83
5914 5851 5884  83
2090 2091 5907  83
5907 5846 5893  83
5892 5918 5898  83
5908 1543 1542  83
5909 2074 5867  83
5867 5887 5909  83
5862 5855 5910  83
5910 5868 5871  83
5889 5917 5911  83
5927 2103 5894  83
1445 5923 1446  83
5912 5853 5900  83
5913 5914 5906  83
5913 2072 5909  83
5914 5895 5856  83
5856 5906 5914  83
5915 2065 2066  83
2066 2067 5915  83
1430 5916 1431  83
5902 5861 5916  83
5911 5927 5894  83
5917 5889 5847  83
5854 5921 2055  83
5854 5870 5918  83
5919 5869 5880  83
5919 5877 1437  83
2097 5859 5920  83
5920 5874 5901  83
5918 5908 5921  83
5921 2053 2054  83
5922 5874 5853  83
5853 1444 5922  83
5917 5847 5923  83
5923 1445 5912  83
5899 5886 5924  83
5916 1430 5902  83
5925 1549 5862  83
5862 5910 5925  83
5926 1442 5852  83
5926 5846 5872  83
5927 5911 5917  83
5917 5885 5927  83
5928 5880 5904  83
5904 5924 5928  83
5929 1436 5848  83
5848 5879 5929  83
5930 1433 5851  83
5851 5887 5930  83
5868 5855 5931  83
5931 1450 1449  83
5900 5885 5932  83
5885 5917 5932  83
5933 1448 5850  83
5850 5860 5933  83
1438 5877 5934  83
5877 5928 5934  83
363 159 160  84
152 356 355  84
356 152 153  84
363 160 364  84
159 362 158  84
155 359 358  84
359 155 156  84
159 363 362  84
161 364 160  84
154 357 153  84
157 361 360  84
358 154 155  84
360 156 157  84
355 2 152  84
361 157 158  84
357 154 358  84
153 357 356  84
2 355 7  84
158 362 361  84
156 360 359  84
162 366 365  84
366 163 367  84
366 162 163  84
367 164 368  84
364 161 365  84
368 165 369  84
5 169 189  84
168 5 371  84
187 190 6  84
188 190 187  84
369 166 370  84
188 1 190  84
1 188 169  84
371 167 168  84
164 367 163  84
165 368 164  84
365 161 162  84
167 371 370  84
166 369 165  84
370 166 167  84
169 5 168  84
169 188 189  84
Edges
2833
1 126  1
126 127  1
127 128  1
128 129  1
129 130  1
130 131  1
131 132  1
132 133  1
133 134  1
134 135  1
135 136  1
136 137  1
137 138  1
138 139  1
139 140  1
140 141  1
141 142  1
142 143  1
143 144  1
144 145  1
145 146  1
146 147  1
147 148  1
148 149  1
149 150  1
150 151  1
151 2  1
2 152  2
152 153  2
153 154  2
154 155  2
155 156  2
156 157  2
157 158  2
158 159  2
159 160  2
160 161  2
161 162  2
162 163  2
163 164  2
164 165  2
165 166  2
166 167  2
167 168  2
168 169  2
169 1  2
3 170  3
170 171  3
171 172  3
172 173  3
173 174  3
174 175  3
175 176  3
176 177  3
177 178  3
178 4  3
5 179  4
179 180  4
180 181  4
181 182  4
182 183  4
183 184  4
184 185  4
185 186  4
186 4  4
6 187  5
187 188  5
188 189  5
189 5  5
1 190  6
190 6  6
2 7  7
8 191  8
191 192  8
192 193  8
193 194  8
194 195  8
195 196  8
196 197  8
197 198  8
198 199  8
199 200  8
200 201  8
201 202  8
202 203  8
203 204  8
204 205  8
205 206  8
206 207  8
207 208  8
208 209  8
209 210  8
210 7  8
8 211  9
211 212  9
212 213  9
213 214  9
214 215  9
215 216  9
216 217  9
217 218  9
218 9  9
10 219  10
219 220  10
220 221  10
221 222  10
222 223  10
223 224  10
224 225  10
225 226  10
226 227  10
227 9  10
10 228  11
228 3  11
11 229  12
229 3  12
12 230  13
230 10  13
12 231  14
231 232  14
232 233  14
233 11  14
12 234  15
234 235  15
235 236  15
236 237  15
237 238  15
238 239  15
239 13  15
14 240  16
240 241  16
241 242  16
242 243  16
243 244  16
244 245  16
245 246  16
246 13  16
14 247  17
247 248  17
248 15  17
15 249  18
249 250  18
250 16  18
16 251  19
251 252  19
252 253  19
253 254  19
254 255  19
255 256  19
256 257  19
257 17  19
11 258  20
258 259  20
259 260  20
260 261  20
261 262  20
262 263  20
263 264  20
264 17  20
4 265  21
265 266  21
266 267  21
267 268  21
268 269  21
269 18  21
18 270  22
270 271  22
271 272  22
272 273  22
273 274  22
274 275  22
275 276  22
276 277  22
277 19  22
19 278  23
278 279  23
279 280  23
280 281  23
281 282  23
282 283  23
283 284  23
284 285  23
285 286  23
286 287  23
287 20  23
21 288  24
288 289  24
289 20  24
22 290  25
290 291  25
291 292  25
292 293  25
293 294  25
294 295  25
295 296  25
296 297  25
297 298  25
298 299  25
299 21  25
17 300  26
300 301  26
301 302  26
302 303  26
303 304  26
304 22  26
5 305  27
305 306  27
306 307  27
307 308  27
308 23  27
23 309  28
309 310  28
310 311  28
311 312  28
312 313  28
313 314  28
314 315  28
315 316  28
316 18  28
24 317  29
317 318  29
318 319  29
319 320  29
320 8  29
23 321  30
321 322  30
322 323  30
323 324  30
324 325  30
325 326  30
326 327  30
327 328  30
328 329  30
329 330  30
330 331  30
331 332  30
332 333  30
333 334  30
334 335  30
335 336  30
336 337  30
337 338  30
338 339  30
339 340  30
340 341  30
341 342  30
342 343  30
343 344  30
344 345  30
345 346  30
346 347  30
347 348  30
348 349  30
349 350  30
350 351  30
351 352  30
352 353  30
353 354  30
354 24  30
7 355  31
355 356  31
356 357  31
357 358  31
358 359  31
359 360  31
360 361  31
361 362  31
362 363  31
363 364  31
364 365  31
365 366  31
366 367  31
367 368  31
368 369  31
369 370  31
370 371  31
371 5  31
25 372  32
372 373  32
373 374  32
374 375  32
375 376  32
376 9  32
24 377  33
377 378  33
378 379  33
379 380  33
380 381  33
381 382  33
382 383  33
383 384  33
384 25  33
13 385  34
385 386  34
386 387  34
387 388  34
388 389  34
389 26  34
26 390  35
390 391  35
391 392  35
392 393  35
393 394  35
394 395  35
395 396  35
396 397  35
397 398  35
398 399  35
399 27  35
28 400  36
400 401  36
401 27  36
29 402  37
402 403  37
403 404  37
404 405  37
405 406  37
406 407  37
407 408  37
408 409  37
409 410  37
410 411  37
411 28  37
25 412  38
412 413  38
413 414  38
414 415  38
415 29  38
14 416  39
416 417  39
417 418  39
418 419  39
419 420  39
420 30  39
26 421  40
421 422  40
422 423  40
423 424  40
424 425  40
425 426  40
426 427  40
427 428  40
428 429  40
429 430  40
430 431  40
431 30  40
16 432  41
432 433  41
433 434  41
434 435  41
435 436  41
436 437  41
437 438  41
438 439  41
439 440  41
440 441  41
441 442  41
442 443  41
443 444  41
444 445  41
445 446  41
446 447  41
447 448  41
448 31  41
16 449  42
449 450  42
450 451  42
451 452  42
452 453  42
453 32  42
32 454  43
454 455  43
455 456  43
456 457  43
457 458  43
458 459  43
459 33  43
34 460  44
460 461  44
461 462  44
462 463  44
463 464  44
464 465  44
465 466  44
466 467  44
467 468  44
468 469  44
469 470  44
470 471  44
471 472  44
472 473  44
473 474  44
474 475  44
475 476  44
476 477  44
477 478  44
478 479  44
479 480  44
480 481  44
481 482  44
482 483  44
483 484  44
484 485  44
485 486  44
486 487  44
487 488  44
488 489  44
489 490  44
490 491  44
491 492  44
492 493  44
493 494  44
494 495  44
495 496  44
496 497  44
497 498  44
498 499  44
499 33  44
30 500  45
500 501  45
501 502  45
502 503  45
503 504  45
504 505  45
505 34  45
31 506  46
506 507  46
507 508  46
508 509  46
509 510  46
510 511  46
511 512  46
512 513  46
513 514  46
514 515  46
515 516  46
516 517  46
517 518  46
518 519  46
519 520  46
520 521  46
521 522  46
522 14  46
35 15  47
35 523  48
523 524  48
524 525  48
525 526  48
526 527  48
527 528  48
528 529  48
529 530  48
530 531  48
531 532  48
532 533  48
533 534  48
534 535  48
535 536  48
536 537  48
537 538  48
538 539  48
539 36  48
36 31  49
36 540  50
540 541  50
541 542  50
542 543  50
543 544  50
544 545  50
545 546  50
546 547  50
547 548  50
548 549  50
549 550  50
550 551  50
551 552  50
552 553  50
553 554  50
554 555  50
555 556  50
556 35  50
37 557  51
557 558  51
558 559  51
559 560  51
560 561  51
561 562  51
562 563  51
563 564  51
564 565  51
565 566  51
566 567  51
567 568  51
568 569  51
569 570  51
570 571  51
571 572  51
572 573  51
573 574  51
574 575  51
575 38  51
38 576  52
576 577  52
577 578  52
578 579  52
579 580  52
580 581  52
581 582  52
582 583  52
583 584  52
584 585  52
585 586  52
586 587  52
587 588  52
588 589  52
589 590  52
590 591  52
591 592  52
592 593  52
593 594  52
594 37  52
37 595  53
595 596  53
596 597  53
597 598  53
598 599  53
599 600  53
600 601  53
601 602  53
602 39  53
39 603  54
603 604  54
604 605  54
605 606  54
606 607  54
607 608  54
608 609  54
609 610  54
610 611  54
611 612  54
612 613  54
613 614  54
614 615  54
615 616  54
616 617  54
617 618  54
618 619  54
619 620  54
620 621  54
621 622  54
622 623  54
623 624  54
624 40  54
38 625  55
625 626  55
626 627  55
627 628  55
628 629  55
629 630  55
630 631  55
631 632  55
632 40  55
40 633  56
633 634  56
634 635  56
635 636  56
636 637  56
637 638  56
638 639  56
639 640  56
640 641  56
641 642  56
642 643  56
643 644  56
644 645  56
645 646  56
646 647  56
647 648  56
648 649  56
649 650  56
650 651  56
651 652  56
652 39  56
41 653  57
653 654  57
654 40  57
39 42  58
42 655  59
655 656  59
656 657  59
657 658  59
658 659  59
659 660  59
660 661  59
661 662  59
662 663  59
663 664  59
664 665  59
665 666  59
666 667  59
667 668  59
668 669  59
669 670  59
670 671  59
671 672  59
672 673  59
673 674  59
674 41  59
41 675  60
675 676  60
676 677  60
677 678  60
678 679  60
679 680  60
680 681  60
681 682  60
682 683  60
683 684  60
684 685  60
685 686  60
686 687  60
687 688  60
688 689  60
689 690  60
690 691  60
691 692  60
692 693  60
693 694  60
694 42  60
43 695  61
695 696  61
696 41  61
44 697  62
697 698  62
698 699  62
699 700  62
700 701  62
701 702  62
702 703  62
703 704  62
704 705  62
705 42  62
43 706  63
706 707  63
707 708  63
708 709  63
709 710  63
710 711  63
711 712  63
712 713  63
713 714  63
714 715  63
715 716  63
716 717  63
717 718  63
718 719  63
719 720  63
720 721  63
721 722  63
722 723  63
723 724  63
724 725  63
725 726  63
726 44  63
45 727  64
727 728  64
728 729  64
729 43  64
45 730  65
730 731  65
731 732  65
732 733  65
733 734  65
734 735  65
735 736  65
736 737  65
737 738  65
738 739  65
739 740  65
740 741  65
741 742  65
742 743  65
743 744  65
744 745  65
745 746  65
746 46  65
46 747  66
747 748  66
748 749  66
749 750  66
750 751  66
751 752  66
752 753  66
753 754  66
754 47  66
48 755  67
755 756  67
756 757  67
757 758  67
758 759  67
759 760  67
760 761  67
761 762  67
762 763  67
763 764  67
764 765  67
765 766  67
766 767  67
767 768  67
768 769  67
769 770  67
770 771  67
771 47  67
44 772  68
772 48  68
44 773  69
773 774  69
774 775  69
775 776  69
776 777  69
777 778  69
778 779  69
779 780  69
780 781  69
781 782  69
782 783  69
783 784  69
784 785  69
785 786  69
786 787  69
787 788  69
788 789  69
789 790  69
790 791  69
791 792  69
792 793  69
793 43  69
47 794  70
794 795  70
795 796  70
796 797  70
797 798  70
798 799  70
799 800  70
800 801  70
801 802  70
802 803  70
803 804  70
804 805  70
805 806  70
806 807  70
807 808  70
808 809  70
809 810  70
810 48  70
46 811  71
811 812  71
812 813  71
813 814  71
814 815  71
815 816  71
816 817  71
817 818  71
818 819  71
819 820  71
820 821  71
821 822  71
822 823  71
823 824  71
824 825  71
825 826  71
826 827  71
827 45  71
49 828  72
828 48  72
50 829  73
829 830  73
830 831  73
831 832  73
832 833  73
833 834  73
834 835  73
835 836  73
836 837  73
837 838  73
838 839  73
839 840  73
840 841  73
841 842  73
842 843  73
843 844  73
844 845  73
845 49  73
47 846  74
846 50  74
49 847  75
847 848  75
848 849  75
849 850  75
850 851  75
851 852  75
852 853  75
853 854  75
854 855  75
855 856  75
856 857  75
857 858  75
858 859  75
859 860  75
860 861  75
861 862  75
862 863  75
863 50  75
51 864  76
864 46  76
51 865  77
865 866  77
866 867  77
867 868  77
868 869  77
869 870  77
870 871  77
871 872  77
872 873  77
873 874  77
874 875  77
875 876  77
876 877  77
877 878  77
878 879  77
879 880  77
880 881  77
881 52  77
45 882  78
882 52  78
52 883  79
883 884  79
884 885  79
885 886  79
886 887  79
887 888  79
888 889  79
889 890  79
890 891  79
891 892  79
892 893  79
893 894  79
894 895  79
895 896  79
896 897  79
897 898  79
898 899  79
899 51  79
32 900  80
900 901  80
901 902  80
902 903  80
903 904  80
904 905  80
905 906  80
906 907  80
907 908  80
908 909  80
909 22  80
53 910  81
910 911  81
911 912  81
912 913  81
913 914  81
914 915  81
915 916  81
916 917  81
917 918  81
918 919  81
919 920  81
920 921  81
921 922  81
922 923  81
923 924  81
924 925  81
925 32  81
22 926  82
926 927  82
927 928  82
928 929  82
929 930  82
930 931  82
931 53  82
54 932  83
932 933  83
933 934  83
934 935  83
935 936  83
936 937  83
937 938  83
938 939  83
939 33  83
53 940  84
940 941  84
941 942  84
942 943  84
943 944  84
944 945  84
945 54  84
55 946  85
946 947  85
947 948  85
948 949  85
949 950  85
950 951  85
951 56  85
55 952  86
952 953  86
953 954  86
954 955  86
955 956  86
956 957  86
957 958  86
958 959  86
959 960  86
960 961  86
961 962  86
962 57  86
57 963  87
963 964  87
964 965  87
965 966  87
966 967  87
967 968  87
968 969  87
969 970  87
970 971  87
971 972  87
972 973  87
973 974  87
974 975  87
975 976  87
976 977  87
977 978  87
978 979  87
979 980  87
980 981  87
981 982  87
982 983  87
983 984  87
984 985  87
985 986  87
986 987  87
987 988  87
988 989  87
989 990  87
990 991  87
991 992  87
992 993  87
993 994  87
994 58  87
58 995  88
995 996  88
996 997  88
997 998  88
998 999  88
999 1000  88
1000 1001  88
1001 1002  88
1002 1003  88
1003 1004  88
1004 1005  88
1005 1006  88
1006 1007  88
1007 1008  88
1008 1009  88
1009 1010  88
1010 1011  88
1011 1012  88
1012 1013  88
1013 1014  88
1014 1015  88
1015 1016  88
1016 1017  88
1017 1018  88
1018 1019  88
1019 1020  88
1020 1021  88
1021 1022  88
1022 1023  88
1023 1024  88
1024 1025  88
1025 1026  88
1026 1027  88
1027 1028  88
1028 1029  88
1029 1030  88
1030 1031  88
1031 59  88
53 1032  89
1032 1033  89
1033 1034  89
1034 1035  89
1035 1036  89
1036 1037  89
1037 1038  89
1038 1039  89
1039 1040  89
1040 1041  89
1041 59  89
54 1042  90
1042 1043  90
1043 1044  90
1044 1045  90
1045 1046  90
1046 1047  90
1047 1048  90
1048 1049  90
1049 1050  90
1050 1051  90
1051 1052  90
1052 1053  90
1053 1054  90
1054 1055  90
1055 1056  90
1056 1057  90
1057 1058  90
1058 1059  90
1059 1060  90
1060 1061  90
1061 1062  90
1062 1063  90
1063 1064  90
1064 1065  90
1065 1066  90
1066 1067  90
1067 1068  90
1068 1069  90
1069 1070  90
1070 1071  90
1071 1072  90
1072 1073  90
1073 1074  90
1074 1075  90
1075 1076  90
1076 1077  90
1077 1078  90
1078 1079  90
1079 1080  90
1080 1081  90
1081 1082  90
1082 1083  90
1083 1084  90
1084 1085  90
1085 1086  90
1086 1087  90
1087 1088  90
1088 1089  90
1089 1090  90
1090 1091  90
1091 1092  90
1092 1093  90
1093 1094  90
1094 1095  90
1095 1096  90
1096 1097  90
1097 1098  90
1098 1099  90
1099 1100  90
1100 1101  90
1101 1102  90
1102 1103  90
1103 1104  90
1104 1105  90
1105 1106  90
1106 1107  90
1107 1108  90
1108 1109  90
1109 1110  90
1110 56  90
34 1111  91
1111 1112  91
1112 1113  91
1113 1114  91
1114 1115  91
1115 1116  91
1116 1117  91
1117 1118  91
1118 56  91
30 1119  92
1119 1120  92
1120 1121  92
1121 1122  92
1122 1123  92
1123 1124  92
1124 1125  92
1125 1126  92
1126 1127  92
1127 1128  92
1128 1129  92
1129 1130  92
1130 1131  92
1131 1132  92
1132 1133  92
1133 1134  92
1134 55  92
55 1135  93
1135 1136  93
1136 1137  93
1137 1138  93
1138 1139  93
1139 1140  93
1140 26  93
57 1141  94
1141 1142  94
1142 1143  94
1143 1144  94
1144 1145  94
1145 1146  94
1146 27  94
60 1147  95
1147 1148  95
1148 1149  95
1149 1150  95
1150 57  95
28 1151  96
1151 1152  96
1152 1153  96
1153 1154  96
1154 1155  96
1155 1156  96
1156 1157  96
1157 60  96
60 1158  97
1158 1159  97
1159 1160  97
1160 1161  97
1161 1162  97
1162 1163  97
1163 1164  97
1164 1165  97
1165 1166  97
1166 1167  97
1167 1168  97
1168 1169  97
1169 1170  97
1170 1171  97
1171 1172  97
1172 1173  97
1173 1174  97
1174 1175  97
1175 61  97
61 1176  98
1176 1177  98
1177 1178  98
1178 1179  98
1179 1180  98
1180 1181  98
1181 1182  98
1182 1183  98
1183 58  98
62 1184  99
1184 1185  99
1185 1186  99
1186 1187  99
1187 1188  99
1188 1189  99
1189 1190  99
1190 1191  99
1191 1192  99
1192 1193  99
1193 1194  99
1194 1195  99
1195 1196  99
1196 1197  99
1197 1198  99
1198 1199  99
1199 60  99
62 1200  100
1200 1201  100
1201 1202  100
1202 1203  100
1203 1204  100
1204 1205  100
1205 1206  100
1206 1207  100
1207 1208  100
1208 1209  100
1209 1210  100
1210 1211  100
1211 1212  100
1212 1213  100
1213 1214  100
1214 1215  100
1215 1216  100
1216 63  100
63 1217  101
1217 1218  101
1218 1219  101
1219 1220  101
1220 1221  101
1221 1222  101
1222 1223  101
1223 1224  101
1224 1225  101
1225 64  101
65 1226  102
1226 1227  102
1227 1228  102
1228 1229  102
1229 1230  102
1230 1231  102
1231 1232  102
1232 1233  102
1233 1234  102
1234 1235  102
1235 1236  102
1236 1237  102
1237 1238  102
1238 1239  102
1239 1240  102
1240 1241  102
1241 1242  102
1242 64  102
61 1243  103
1243 65  103
64 1244  104
1244 1245  104
1245 1246  104
1246 1247  104
1247 1248  104
1248 1249  104
1249 1250  104
1250 1251  104
1251 1252  104
1252 1253  104
1253 1254  104
1254 1255  104
1255 1256  104
1256 1257  104
1257 1258  104
1258 1259  104
1259 1260  104
1260 65  104
63 1261  105
1261 1262  105
1262 1263  105
1263 1264  105
1264 1265  105
1265 1266  105
1266 1267  105
1267 1268  105
1268 1269  105
1269 1270  105
1270 1271  105
1271 1272  105
1272 1273  105
1273 1274  105
1274 1275  105
1275 1276  105
1276 1277  105
1277 66  105
66 1278  106
1278 1279  106
1279 1280  106
1280 1281  106
1281 1282  106
1282 1283  106
1283 1284  106
1284 1285  106
1285 1286  106
1286 1287  106
1287 1288  106
1288 1289  106
1289 1290  106
1290 1291  106
1291 1292  106
1292 67  106
61 1293  107
1293 1294  107
1294 1295  107
1295 1296  107
1296 1297  107
1297 1298  107
1298 1299  107
1299 1300  107
1300 1301  107
1301 1302  107
1302 1303  107
1303 1304  107
1304 1305  107
1305 1306  107
1306 1307  107
1307 1308  107
1308 1309  107
1309 1310  107
1310 67  107
59 1311  108
1311 1312  108
1312 1313  108
1313 1314  108
1314 67  108
59 1315  109
1315 1316  109
1316 1317  109
1317 1318  109
1318 1319  109
1319 1320  109
1320 21  109
20 1321  110
1321 1322  110
1322 1323  110
1323 1324  110
1324 1325  110
1325 1326  110
1326 1327  110
1327 67  110
19 1328  111
1328 1329  111
1329 1330  111
1330 1331  111
1331 1332  111
1332 1333  111
1333 1334  111
1334 66  111
68 1335  112
1335 1336  112
1336 1337  112
1337 1338  112
1338 1339  112
1339 1340  112
1340 1341  112
1341 18  112
68 1342  113
1342 1343  113
1343 1344  113
1344 1345  113
1345 1346  113
1346 1347  113
1347 1348  113
1348 1349  113
1349 1350  113
1350 66  113
68 1351  114
1351 1352  114
1352 1353  114
1353 1354  114
1354 1355  114
1355 1356  114
1356 1357  114
1357 1358  114
1358 23  114
24 1359  116
1359 1360  116
1360 1361  116
1361 1362  116
1362 1363  116
1363 1364  116
1364 1365  116
1365 1366  116
1366 69  116
68 1367  117
1367 1368  117
1368 1369  117
1369 1370  117
1370 1371  117
1371 1372  117
1372 1373  117
1373 1374  117
1374 1375  117
1375 1376  117
1376 1377  117
1377 1378  117
1378 1379  117
1379 1380  117
1380 1381  117
1381 1382  117
1382 1383  117
1383 1384  117
1384 1385  117
1385 1386  117
1386 1387  117
1387 1388  117
1388 1389  117
1389 1390  117
1390 1391  117
1391 1392  117
1392 1393  117
1393 1394  117
1394 1395  117
1395 1396  117
1396 1397  117
1397 1398  117
1398 1399  117
1399 1400  117
1400 69  117
69 1401  119
1401 1402  119
1402 1403  119
1403 1404  119
1404 1405  119
1405 1406  119
1406 1407  119
1407 25  119
29 1408  120
1408 1409  120
1409 1410  120
1410 1411  120
1411 1412  120
1412 1413  120
1413 1414  120
1414 62  120
69 1415  121
1415 1416  121
1416 1417  121
1417 1418  121
1418 1419  121
1419 1420  121
1420 1421  121
1421 1422  121
1422 1423  121
1423 1424  121
1424 62  121
65 1425  122
1425 70  122
71 1426  123
1426 1427  123
1427 1428  123
1428 1429  123
1429 1430  123
1430 1431  123
1431 1432  123
1432 1433  123
1433 1434  123
1434 1435  123
1435 1436  123
1436 1437  123
1437 1438  123
1438 1439  123
1439 1440  123
1440 1441  123
1441 1442  123
1442 1443  123
1443 1444  123
1444 1445  123
1445 1446  123
1446 1447  123
1447 1448  123
1448 1449  123
1449 1450  123
1450 70  123
64 1451  124
1451 71  124
70 1452  125
1452 1453  125
1453 1454  125
1454 1455  125
1455 1456  125
1456 1457  125
1457 1458  125
1458 1459  125
1459 1460  125
1460 1461  125
1461 1462  125
1462 1463  125
1463 1464  125
1464 1465  125
1465 1466  125
1466 1467  125
1467 1468  125
1468 1469  125
1469 1470  125
1470 1471  125
1471 1472  125
1472 1473  125
1473 1474  125
1474 1475  125
1475 1476  125
1476 1477  125
1477 1478  125
1478 1479  125
1479 71  125
72 1480  126
1480 1481  126
1481 1482  126
1482 1483  126
1483 1484  126
1484 1485  126
1485 1486  126
1486 1487  126
1487 1488  126
1488 1489  126
1489 1490  126
1490 1491  126
1491 1492  126
1492 1493  126
1493 1494  126
1494 1495  126
1495 1496  126
1496 1497  126
1497 1498  126
1498 1499  126
1499 1500  126
1500 1501  126
1501 1502  126
1502 1503  126
1503 1504  126
1504 1505  126
1505 1506  126
1506 1507  126
1507 1508  126
1508 1509  126
1509 1510  126
1510 1511  126
1511 1512  126
1512 1513  126
1513 1514  126
1514 1515  126
1515 1516  126
1516 1517  126
1517 1518  126
1518 1519  126
1519 1520  126
1520 1521  126
1521 1522  126
1522 1523  126
1523 1524  126
1524 1525  126
1525 1526  126
1526 1527  126
1527 1528  126
1528 1529  126
1529 1530  126
1530 1531  126
1531 1532  126
1532 1533  126
1533 1534  126
1534 1535  126
1535 1536  126
1536 1537  126
1537 1538  126
1538 73  126
73 1539  127
1539 1540  127
1540 1541  127
1541 1542  127
1542 1543  127
1543 1544  127
1544 1545  127
1545 1546  127
1546 71  127
72 1547  128
1547 1548  128
1548 1549  128
1549 1550  128
1550 1551  128
1551 1552  128
1552 1553  128
1553 1554  128
1554 70  128
74 1555  129
1555 1556  129
1556 1557  129
1557 1558  129
1558 1559  129
1559 1560  129
1560 1561  129
1561 1562  129
1562 1563  129
1563 1564  129
1564 1565  129
1565 1566  129
1566 1567  129
1567 1568  129
1568 1569  129
1569 1570  129
1570 1571  129
1571 1572  129
1572 1573  129
1573 1574  129
1574 1575  129
1575 1576  129
1576 1577  129
1577 1578  129
1578 1579  129
1579 1580  129
1580 1581  129
1581 1582  129
1582 1583  129
1583 1584  129
1584 1585  129
1585 1586  129
1586 1587  129
1587 1588  129
1588 1589  129
1589 1590  129
1590 1591  129
1591 1592  129
1592 1593  129
1593 1594  129
1594 1595  129
1595 1596  129
1596 1597  129
1597 1598  129
1598 1599  129
1599 1600  129
1600 1601  129
1601 1602  129
1602 1603  129
1603 1604  129
1604 1605  129
1605 1606  129
1606 1607  129
1607 1608  129
1608 1609  129
1609 1610  129
1610 1611  129
1611 1612  129
1612 1613  129
1613 1614  129
1614 1615  129
1615 1616  129
1616 1617  129
1617 1618  129
1618 75  129
75 1619  130
1619 1620  130
1620 1621  130
1621 1622  130
1622 1623  130
1623 1624  130
1624 1625  130
1625 1626  130
1626 1627  130
1627 1628  130
1628 1629  130
1629 1630  130
1630 1631  130
1631 1632  130
1632 1633  130
1633 1634  130
1634 1635  130
1635 1636  130
1636 1637  130
1637 1638  130
1638 1639  130
1639 1640  130
1640 1641  130
1641 1642  130
1642 1643  130
1643 1644  130
1644 1645  130
1645 1646  130
1646 1647  130
1647 1648  130
1648 1649  130
1649 1650  130
1650 1651  130
1651 1652  130
1652 1653  130
1653 1654  130
1654 1655  130
1655 1656  130
1656 1657  130
1657 1658  130
1658 1659  130
1659 1660  130
1660 1661  130
1661 1662  130
1662 1663  130
1663 1664  130
1664 1665  130
1665 1666  130
1666 1667  130
1667 1668  130
1668 1669  130
1669 1670  130
1670 1671  130
1671 1672  130
1672 1673  130
1673 1674  130
1674 1675  130
1675 1676  130
1676 1677  130
1677 1678  130
1678 74  130
76 1679  131
1679 1680  131
1680 1681  131
1681 1682  131
1682 1683  131
1683 1684  131
1684 1685  131
1685 1686  131
1686 1687  131
1687 1688  131
1688 1689  131
1689 1690  131
1690 1691  131
1691 1692  131
1692 1693  131
1693 1694  131
1694 1695  131
1695 77  131
77 1696  132
1696 1697  132
1697 1698  132
1698 1699  132
1699 1700  132
1700 1701  132
1701 1702  132
1702 1703  132
1703 1704  132
1704 1705  132
1705 1706  132
1706 1707  132
1707 1708  132
1708 1709  132
1709 1710  132
1710 1711  132
1711 1712  132
1712 76  132
78 1713  133
1713 1714  133
1714 1715  133
1715 1716  133
1716 1717  133
1717 1718  133
1718 1719  133
1719 1720  133
1720 1721  133
1721 1722  133
1722 1723  133
1723 1724  133
1724 1725  133
1725 1726  133
1726 1727  133
1727 1728  133
1728 1729  133
1729 79  133
79 1730  134
1730 1731  134
1731 1732  134
1732 1733  134
1733 1734  134
1734 1735  134
1735 1736  134
1736 1737  134
1737 1738  134
1738 1739  134
1739 1740  134
1740 1741  134
1741 1742  134
1742 1743  134
1743 1744  134
1744 1745  134
1745 1746  134
1746 78  134
80 1747  135
1747 1748  135
1748 1749  135
1749 1750  135
1750 1751  135
1751 1752  135
1752 1753  135
1753 1754  135
1754 1755  135
1755 1756  135
1756 1757  135
1757 1758  135
1758 1759  135
1759 1760  135
1760 1761  135
1761 1762  135
1762 1763  135
1763 81  135
81 1764  136
1764 1765  136
1765 1766  136
1766 1767  136
1767 1768  136
1768 1769  136
1769 1770  136
1770 1771  136
1771 1772  136
1772 1773  136
1773 1774  136
1774 1775  136
1775 1776  136
1776 1777  136
1777 1778  136
1778 1779  136
1779 1780  136
1780 80  136
82 1781  137
1781 1782  137
1782 1783  137
1783 1784  137
1784 1785  137
1785 1786  137
1786 1787  137
1787 1788  137
1788 1789  137
1789 1790  137
1790 1791  137
1791 1792  137
1792 1793  137
1793 1794  137
1794 1795  137
1795 1796  137
1796 1797  137
1797 83  137
83 1798  138
1798 1799  138
1799 1800  138
1800 1801  138
1801 1802  138
1802 1803  138
1803 1804  138
1804 1805  138
1805 1806  138
1806 1807  138
1807 1808  138
1808 1809  138
1809 1810  138
1810 1811  138
1811 1812  138
1812 1813  138
1813 1814  138
1814 82  138
84 1815  139
1815 1816  139
1816 1817  139
1817 1818  139
1818 1819  139
1819 1820  139
1820 1821  139
1821 1822  139
1822 1823  139
1823 1824  139
1824 1825  139
1825 1826  139
1826 1827  139
1827 1828  139
1828 1829  139
1829 1830  139
1830 1831  139
1831 85  139
85 1832  140
1832 1833  140
1833 1834  140
1834 1835  140
1835 1836  140
1836 1837  140
1837 1838  140
1838 1839  140
1839 1840  140
1840 1841  140
1841 1842  140
1842 1843  140
1843 1844  140
1844 1845  140
1845 1846  140
1846 1847  140
1847 1848  140
1848 84  140
86 1849  141
1849 1850  141
1850 1851  141
1851 1852  141
1852 1853  141
1853 1854  141
1854 1855  141
1855 1856  141
1856 1857  141
1857 1858  141
1858 1859  141
1859 1860  141
1860 1861  141
1861 1862  141
1862 1863  141
1863 1864  141
1864 1865  141
1865 87  141
87 1866  142
1866 1867  142
1867 1868  142
1868 1869  142
1869 1870  142
1870 1871  142
1871 1872  142
1872 1873  142
1873 1874  142
1874 1875  142
1875 1876  142
1876 1877  142
1877 1878  142
1878 1879  142
1879 1880  142
1880 1881  142
1881 1882  142
1882 86  142
88 1883  143
1883 1884  143
1884 1885  143
1885 1886  143
1886 1887  143
1887 1888  143
1888 1889  143
1889 1890  143
1890 1891  143
1891 1892  143
1892 1893  143
1893 1894  143
1894 1895  143
1895 1896  143
1896 1897  143
1897 1898  143
1898 1899  143
1899 89  143
89 1900  144
1900 1901  144
1901 1902  144
1902 1903  144
1903 1904  144
1904 1905  144
1905 1906  144
1906 1907  144
1907 1908  144
1908 1909  144
1909 1910  144
1910 1911  144
1911 1912  144
1912 1913  144
1913 1914  144
1914 1915  144
1915 1916  144
1916 88  144
90 1917  145
1917 1918  145
1918 1919  145
1919 1920  145
1920 1921  145
1921 1922  145
1922 1923  145
1923 1924  145
1924 1925  145
1925 1926  145
1926 1927  145
1927 1928  145
1928 1929  145
1929 1930  145
1930 1931  145
1931 1932  145
1932 1933  145
1933 91  145
91 1934  146
1934 1935  146
1935 1936  146
1936 1937  146
1937 1938  146
1938 1939  146
1939 1940  146
1940 1941  146
1941 1942  146
1942 1943  146
1943 1944  146
1944 1945  146
1945 1946  146
1946 1947  146
1947 1948  146
1948 1949  146
1949 1950  146
1950 90  146
92 1951  147
1951 1952  147
1952 1953  147
1953 1954  147
1954 1955  147
1955 1956  147
1956 1957  147
1957 1958  147
1958 1959  147
1959 1960  147
1960 1961  147
1961 1962  147
1962 1963  147
1963 1964  147
1964 1965  147
1965 1966  147
1966 1967  147
1967 93  147
93 1968  148
1968 1969  148
1969 1970  148
1970 1971  148
1971 1972  148
1972 1973  148
1973 1974  148
1974 1975  148
1975 1976  148
1976 1977  148
1977 1978  148
1978 1979  148
1979 1980  148
1980 1981  148
1981 1982  148
1982 1983  148
1983 1984  148
1984 92  148
94 1985  149
1985 1986  149
1986 1987  149
1987 1988  149
1988 1989  149
1989 1990  149
1990 1991  149
1991 1992  149
1992 1993  149
1993 1994  149
1994 1995  149
1995 1996  149
1996 1997  149
1997 1998  149
1998 1999  149
1999 2000  149
2000 2001  149
2001 95  149
95 2002  150
2002 2003  150
2003 2004  150
2004 2005  150
2005 2006  150
2006 2007  150
2007 2008  150
2008 2009  150
2009 2010  150
2010 2011  150
2011 2012  150
2012 2013  150
2013 2014  150
2014 2015  150
2015 2016  150
2016 2017  150
2017 2018  150
2018 94  150
96 2019  151
2019 2020  151
2020 2021  151
2021 2022  151
2022 2023  151
2023 2024  151
2024 2025  151
2025 2026  151
2026 2027  151
2027 2028  151
2028 2029  151
2029 2030  151
2030 2031  151
2031 2032  151
2032 2033  151
2033 2034  151
2034 2035  151
2035 97  151
97 2036  152
2036 2037  152
2037 2038  152
2038 2039  152
2039 2040  152
2040 2041  152
2041 2042  152
2042 2043  152
2043 2044  152
2044 2045  152
2045 2046  152
2046 2047  152
2047 2048  152
2048 2049  152
2049 2050  152
2050 2051  152
2051 2052  152
2052 96  152
73 2053  153
2053 2054  153
2054 2055  153
2055 2056  153
2056 2057  153
2057 2058  153
2058 2059  153
2059 2060  153
2060 2061  153
2061 2062  153
2062 2063  153
2063 2064  153
2064 2065  153
2065 2066  153
2066 2067  153
2067 2068  153
2068 2069  153
2069 2070  153
2070 2071  153
2071 2072  153
2072 2073  153
2073 2074  153
2074 2075  153
2075 2076  153
2076 2077  153
2077 2078  153
2078 2079  153
2079 2080  153
2080 2081  153
2081 2082  153
2082 2083  153
2083 2084  153
2084 2085  153
2085 2086  153
2086 2087  153
2087 2088  153
2088 2089  153
2089 2090  153
2090 2091  153
2091 2092  153
2092 2093  153
2093 2094  153
2094 2095  153
2095 2096  153
2096 2097  153
2097 2098  153
2098 2099  153
2099 2100  153
2100 2101  153
2101 2102  153
2102 2103  153
2103 2104  153
2104 2105  153
2105 2106  153
2106 2107  153
2107 2108  153
2108 2109  153
2109 2110  153
2110 2111  153
2111 72  153
98 2112  154
2112 2113  154
2113 2114  154
2114 2115  154
2115 2116  154
2116 2117  154
2117 2118  154
2118 2119  154
2119 2120  154
2120 2121  154
2121 2122  154
2122 2123  154
2123 2124  154
2124 2125  154
2125 2126  154
2126 2127  154
2127 2128  154
2128 99  154
99 2129  155
2129 2130  155
2130 2131  155
2131 2132  155
2132 2133  155
2133 2134  155
2134 2135  155
2135 2136  155
2136 2137  155
2137 2138  155
2138 2139  155
2139 2140  155
2140 2141  155
2141 2142  155
2142 2143  155
2143 2144  155
2144 2145  155
2145 98  155
77 2146  156
2146 2147  156
2147 2148  156
2148 100  156
101 2149  157
2149 2150  157
2150 2151  157
2151 2152  157
2152 2153  157
2153 2154  157
2154 2155  157
2155 2156  157
2156 2157  157
2157 2158  157
2158 2159  157
2159 2160  157
2160 2161  157
2161 2162  157
2162 2163  157
2163 2164  157
2164 2165  157
2165 100  157
76 2166  158
2166 2167  158
2167 2168  158
2168 101  158
100 2169  159
2169 2170  159
2170 2171  159
2171 2172  159
2172 2173  159
2173 2174  159
2174 2175  159
2175 2176  159
2176 2177  159
2177 2178  159
2178 2179  159
2179 2180  159
2180 2181  159
2181 2182  159
2182 2183  159
2183 2184  159
2184 2185  159
2185 101  159
102 2186  160
2186 2187  160
2187 2188  160
2188 2189  160
2189 2190  160
2190 2191  160
2191 2192  160
2192 2193  160
2193 2194  160
2194 2195  160
2195 2196  160
2196 2197  160
2197 2198  160
2198 2199  160
2199 2200  160
2200 2201  160
2201 2202  160
2202 2203  160
2203 2204  160
2204 2205  160
2205 2206  160
2206 2207  160
2207 2208  160
2208 2209  160
2209 2210  160
2210 2211  160
2211 2212  160
2212 2213  160
2213 2214  160
2214 2215  160
2215 2216  160
2216 2217  160
2217 2218  160
2218 2219  160
2219 2220  160
2220 2221  160
2221 2222  160
2222 2223  160
2223 2224  160
2224 2225  160
2225 2226  160
2226 2227  160
2227 2228  160
2228 2229  160
2229 2230  160
2230 2231  160
2231 2232  160
2232 2233  160
2233 2234  160
2234 2235  160
2235 2236  160
2236 2237  160
2237 2238  160
2238 2239  160
2239 2240  160
2240 2241  160
2241 2242  160
2242 2243  160
2243 2244  160
2244 2245  160
2245 2246  160
2246 2247  160
2247 2248  160
2248 2249  160
2249 103  160
103 2250  161
2250 2251  161
2251 2252  161
2252 2253  161
2253 2254  161
2254 2255  161
2255 2256  161
2256 2257  161
2257 2258  161
2258 2259  161
2259 2260  161
2260 2261  161
2261 2262  161
2262 2263  161
2263 2264  161
2264 2265  161
2265 2266  161
2266 2267  161
2267 2268  161
2268 2269  161
2269 2270  161
2270 2271  161
2271 2272  161
2272 2273  161
2273 2274  161
2274 2275  161
2275 2276  161
2276 2277  161
2277 2278  161
2278 2279  161
2279 2280  161
2280 2281  161
2281 2282  161
2282 2283  161
2283 2284  161
2284 2285  161
2285 2286  161
2286 2287  161
2287 2288  161
2288 2289  161
2289 2290  161
2290 2291  161
2291 2292  161
2292 2293  161
2293 2294  161
2294 2295  161
2295 2296  161
2296 2297  161
2297 2298  161
2298 2299  161
2299 2300  161
2300 2301  161
2301 2302  161
2302 2303  161
2303 2304  161
2304 2305  161
2305 2306  161
2306 2307  161
2307 2308  161
2308 2309  161
2309 2310  161
2310 2311  161
2311 102  161
104 2312  162
2312 2313  162
2313 2314  162
2314 2315  162
2315 2316  162
2316 2317  162
2317 2318  162
2318 2319  162
2319 2320  162
2320 2321  162
2321 2322  162
2322 2323  162
2323 2324  162
2324 2325  162
2325 2326  162
2326 2327  162
2327 2328  162
2328 105  162
105 2329  163
2329 2330  163
2330 2331  163
2331 2332  163
2332 2333  163
2333 2334  163
2334 2335  163
2335 2336  163
2336 2337  163
2337 2338  163
2338 2339  163
2339 2340  163
2340 2341  163
2341 2342  163
2342 2343  163
2343 2344  163
2344 2345  163
2345 104  163
106 2346  164
2346 2347  164
2347 2348  164
2348 2349  164
2349 2350  164
2350 2351  164
2351 2352  164
2352 2353  164
2353 2354  164
2354 2355  164
2355 2356  164
2356 2357  164
2357 2358  164
2358 2359  164
2359 2360  164
2360 2361  164
2361 2362  164
2362 107  164
107 2363  165
2363 2364  165
2364 2365  165
2365 2366  165
2366 2367  165
2367 2368  165
2368 2369  165
2369 2370  165
2370 2371  165
2371 2372  165
2372 2373  165
2373 2374  165
2374 2375  165
2375 2376  165
2376 2377  165
2377 2378  165
2378 2379  165
2379 106  165
108 2380  166
2380 2381  166
2381 2382  166
2382 2383  166
2383 2384  166
2384 2385  166
2385 2386  166
2386 2387  166
2387 2388  166
2388 2389  166
2389 2390  166
2390 2391  166
2391 2392  166
2392 2393  166
2393 2394  166
2394 2395  166
2395 2396  166
2396 2397  166
2397 2398  166
2398 109  166
109 2399  167
2399 2400  167
2400 2401  167
2401 2402  167
2402 2403  167
2403 2404  167
2404 2405  167
2405 2406  167
2406 2407  167
2407 2408  167
2408 2409  167
2409 2410  167
2410 2411  167
2411 2412  167
2412 2413  167
2413 2414  167
2414 2415  167
2415 108  167
110 2416  168
2416 2417  168
2417 2418  168
2418 2419  168
2419 2420  168
2420 2421  168
2421 2422  168
2422 2423  168
2423 2424  168
2424 2425  168
2425 2426  168
2426 2427  168
2427 2428  168
2428 2429  168
2429 2430  168
2430 2431  168
2431 2432  168
2432 111  168
111 2433  169
2433 2434  169
2434 2435  169
2435 2436  169
2436 2437  169
2437 2438  169
2438 2439  169
2439 2440  169
2440 2441  169
2441 2442  169
2442 2443  169
2443 2444  169
2444 2445  169
2445 2446  169
2446 2447  169
2447 2448  169
2448 2449  169
2449 110  169
112 2450  170
2450 2451  170
2451 2452  170
2452 2453  170
2453 2454  170
2454 2455  170
2455 2456  170
2456 2457  170
2457 2458  170
2458 2459  170
2459 2460  170
2460 2461  170
2461 2462  170
2462 2463  170
2463 2464  170
2464 2465  170
2465 2466  170
2466 113  170
113 2467  171
2467 2468  171
2468 2469  171
2469 2470  171
2470 2471  171
2471 2472  171
2472 2473  171
2473 2474  171
2474 2475  171
2475 2476  171
2476 2477  171
2477 2478  171
2478 2479  171
2479 2480  171
2480 2481  171
2481 2482  171
2482 2483  171
2483 112  171
114 2484  172
2484 2485  172
2485 2486  172
2486 2487  172
2487 2488  172
2488 2489  172
2489 2490  172
2490 2491  172
2491 2492  172
2492 2493  172
2493 2494  172
2494 2495  172
2495 2496  172
2496 2497  172
2497 2498  172
2498 2499  172
2499 2500  172
2500 115  172
115 2501  173
2501 2502  173
2502 2503  173
2503 2504  173
2504 2505  173
2505 2506  173
2506 2507  173
2507 2508  173
2508 2509  173
2509 2510  173
2510 2511  173
2511 2512  173
2512 2513  173
2513 2514  173
2514 2515  173
2515 2516  173
2516 2517  173
2517 114  173
116 2518  174
2518 2519  174
2519 2520  174
2520 2521  174
2521 2522  174
2522 2523  174
2523 2524  174
2524 2525  174
2525 2526  174
2526 2527  174
2527 2528  174
2528 2529  174
2529 2530  174
2530 2531  174
2531 2532  174
2532 2533  174
2533 2534  174
2534 117  174
117 2535  175
2535 2536  175
2536 2537  175
2537 2538  175
2538 2539  175
2539 2540  175
2540 2541  175
2541 2542  175
2542 2543  175
2543 2544  175
2544 2545  175
2545 2546  175
2546 2547  175
2547 2548  175
2548 2549  175
2549 2550  175
2550 2551  175
2551 116  175
118 2552  176
2552 2553  176
2553 2554  176
2554 2555  176
2555 2556  176
2556 2557  176
2557 2558  176
2558 2559  176
2559 2560  176
2560 2561  176
2561 2562  176
2562 2563  176
2563 2564  176
2564 2565  176
2565 2566  176
2566 2567  176
2567 2568  176
2568 119  176
119 2569  177
2569 2570  177
2570 2571  177
2571 2572  177
2572 2573  177
2573 2574  177
2574 2575  177
2575 2576  177
2576 2577  177
2577 2578  177
2578 2579  177
2579 2580  177
2580 2581  177
2581 2582  177
2582 2583  177
2583 2584  177
2584 2585  177
2585 118  177
120 2586  178
2586 2587  178
2587 2588  178
2588 2589  178
2589 2590  178
2590 2591  178
2591 2592  178
2592 2593  178
2593 2594  178
2594 2595  178
2595 2596  178
2596 2597  178
2597 2598  178
2598 2599  178
2599 2600  178
2600 2601  178
2601 2602  178
2602 121  178
121 2603  179
2603 2604  179
2604 2605  179
2605 2606  179
2606 2607  179
2607 2608  179
2608 2609  179
2609 2610  179
2610 2611  179
2611 2612  179
2612 2613  179
2613 2614  179
2614 2615  179
2615 2616  179
2616 2617  179
2617 2618  179
2618 2619  179
2619 120  179
122 2620  180
2620 2621  180
2621 2622  180
2622 2623  180
2623 2624  180
2624 2625  180
2625 2626  180
2626 2627  180
2627 2628  180
2628 2629  180
2629 2630  180
2630 2631  180
2631 2632  180
2632 2633  180
2633 2634  180
2634 2635  180
2635 2636  180
2636 123  180
123 2637  181
2637 2638  181
2638 2639  181
2639 2640  181
2640 2641  181
2641 2642  181
2642 2643  181
2643 2644  181
2644 2645  181
2645 2646  181
2646 2647  181
2647 2648  181
2648 2649  181
2649 2650  181
2650 2651  181
2651 2652  181
2652 2653  181
2653 122  181
124 2654  182
2654 2655  182
2655 2656  182
2656 2657  182
2657 2658  182
2658 2659  182
2659 2660  182
2660 2661  182
2661 2662  182
2662 2663  182
2663 2664  182
2664 2665  182
2665 2666  182
2666 2667  182
2667 2668  182
2668 2669  182
2669 2670  182
2670 125  182
125 2671  183
2671 2672  183
2672 2673  183
2673 2674  183
2674 2675  183
2675 2676  183
2676 2677  183
2677 2678  183
2678 2679  183
2679 2680  183
2680 2681  183
2681 2682  183
2682 2683  183
2683 2684  183
2684 2685  183
2685 2686  183
2686 2687  183
2687 124  183
79 2688  184
2688 2689  184
2689 2690  184
2690 105  184
78 2691  185
2691 2692  185
2692 2693  185
2693 104  185
81 2694  186
2694 2695  186
2695 2696  186
2696 107  186
80 2697  187
2697 2698  187
2698 2699  187
2699 106  187
83 2700  188
2700 2701  188
2701 2702  188
2702 109  188
82 2703  189
2703 2704  189
2704 2705  189
2705 108  189
85 2706  190
2706 2707  190
2707 2708  190
2708 111  190
84 2709  191
2709 2710  191
2710 2711  191
2711 110  191
87 2712  192
2712 2713  192
2713 2714  192
2714 113  192
86 2715  193
2715 2716  193
2716 2717  193
2717 112  193
89 2718  194
2718 2719  194
2719 2720  194
2720 115  194
88 2721  195
2721 2722  195
2722 2723  195
2723 114  195
91 2724  196
2724 2725  196
2725 2726  196
2726 117  196
90 2727  197
2727 2728  197
2728 2729  197
2729 116  197
93 2730  198
2730 2731  198
2731 2732  198
2732 119  198
92 2733  199
2733 2734  199
2734 2735  199
2735 118  199
95 2736  200
2736 2737  200
2737 2738  200
2738 121  200
94 2739  201
2739 2740  201
2740 2741  201
2741 120  201
97 2742  202
2742 2743  202
2743 2744  202
2744 123  202
96 2745  203
2745 2746  203
2746 2747  203
2747 122  203
103 75  204
102 74  205
99 2748  206
2748 2749  206
2749 2750  206
2750 125  206
98 2751  207
2751 2752  207
2752 2753  207
2753 124  207
End
