MeshVersionFormatted 1

Dimension
3

Vertices
2591
0.91439999999999999  10.62873918393  -1.8795999999999999  0
1.8676775506699999  10.503237813489999  -1.8795999999999999  0
0.71285871555440006  11.77173660631  -1.8795999999999999  0
0.38378900199900001  12.628740389100001  -1.8795999999999999  0
-0.38378900199900001  12.628740389100001  -1.8795999999999999  0
-0.71285871555440006  11.77173660631  -1.8795999999999999  0
-0.91439999999999999  10.62873918393  -1.8795999999999999  0
-1.8676775506699999  10.503237813489999  -1.8795999999999999  0
-2.358180983794  11.555125820360001  -1.8795999999999999  0
-2.897846819478  12.29775839835  -1.8795999999999999  0
-3.639270237231  12.099094592309999  -1.8795999999999999  0
-3.7353182714919999  11.186122996250001  -1.8795999999999999  0
-3.634162701787  10.02990954381  -1.8795999999999999  0
-4.5224759627440001  9.6619581434819999  -1.8795999999999999  0
-5.268514546175  10.551052305500001  -1.8795999999999999  0
-5.9819991691259995  11.128704495760001  -1.8795999999999999  0
-6.6467412199750004  10.744915493760001  -1.8795999999999999  0
-6.503222060133  9.8381935899449999  -1.8795999999999999  0
-6.1062632211849994  8.7475581434819993  -1.8795999999999999  0
-6.8690751117030002  8.1622319931370004  -1.8795999999999999  0
-7.8198075488659997  8.8279420124589993  -1.8795999999999999  0
-8.658488161119001  9.201247772836  -1.8795999999999999  0
-9.201247772836  8.658488161119001  -1.8795999999999999  0
-8.8279420124589993  7.8198075488659997  -1.8795999999999999  0
-8.1622319931370004  6.8690751117030002  -1.8795999999999999  0
-8.7475581434819993  6.1062632211849994  -1.8795999999999999  0
-9.8381935899449999  6.503222060133  -1.8795999999999999  0
-10.744915493760001  6.6467412199750004  -1.8795999999999999  0
-11.128704495760001  5.9819991691259995  -1.8795999999999999  0
-10.551052305500001  5.268514546175  -1.8795999999999999  0
-9.6619581434819999  4.5224759627440001  -1.8795999999999999  0
-10.02990954381  3.634162701787  -1.8795999999999999  0
-11.186122996250001  3.7353182714919999  -1.8795999999999999  0
-12.099094592309999  3.639270237231  -1.8795999999999999  0
-12.29775839835  2.897846819478  -1.8795999999999999  0
-11.555125820360001  2.358180983794  -1.8795999999999999  0
-10.503237813489999  1.8676775506699999  -1.8795999999999999  0
-10.62873918393  0.91439999999999999  -1.8795999999999999  0
-11.77173660631  0.71285871555440006  -1.8795999999999999  0
-12.628740389100001  0.38378900199900001  -1.8795999999999999  0
-12.628740389100001  -0.38378900199900001  -1.8795999999999999  0
-11.77173660631  -0.71285871555440006  -1.8795999999999999  0
-10.62873918393  -0.91439999999999999  -1.8795999999999999  0
-10.503237813489999  -1.8676775506699999  -1.8795999999999999  0
-11.555125820360001  -2.358180983794  -1.8795999999999999  0
-12.29775839835  -2.897846819478  -1.8795999999999999  0
-12.099094592309999  -3.639270237231  -1.8795999999999999  0
-11.186122996250001  -3.7353182714919999  -1.8795999999999999  0
-10.02990954381  -3.634162701787  -1.8795999999999999  0
-9.6619581434819999  -4.5224759627440001  -1.8795999999999999  0
-10.551052305500001  -5.268514546175  -1.8795999999999999  0
-11.128704495760001  -5.9819991691259995  -1.8795999999999999  0
-10.744915493760001  -6.6467412199750004  -1.8795999999999999  0
-9.8381935899449999  -6.503222060133  -1.8795999999999999  0
-8.7475581434819993  -6.1062632211849994  -1.8795999999999999  0
-8.1622319931370004  -6.8690751117030002  -1.8795999999999999  0
-8.8279420124589993  -7.8198075488659997  -1.8795999999999999  0
-9.201247772836  -8.658488161119001  -1.8795999999999999  0
-8.658488161119001  -9.201247772836  -1.8795999999999999  0
-7.8198075488659997  -8.8279420124589993  -1.8795999999999999  0
-6.8690751117030002  -8.1622319931370004  -1.8795999999999999  0
-6.1062632211849994  -8.7475581434819993  -1.8795999999999999  0
-6.503222060133  -9.8381935899449999  -1.8795999999999999  0
-6.6467412199750004  -10.744915493760001  -1.8795999999999999  0
-5.9819991691259995  -11.128704495760001  -1.8795999999999999  0
-5.268514546175  -10.551052305500001  -1.8795999999999999  0
-4.5224759627440001  -9.6619581434819999  -1.8795999999999999  0
-3.634162701787  -10.02990954381  -1.8795999999999999  0
-3.7353182714919999  -11.186122996250001  -1.8795999999999999  0
-3.639270237231  -12.099094592309999  -1.8795999999999999  0
-2.897846819478  -12.29775839835  -1.8795999999999999  0
-2.358180983794  -11.555125820360001  -1.8795999999999999  0
-1.8676775506699999  -10.503237813489999  -1.8795999999999999  0
-0.91439999999999999  -10.62873918393  -1.8795999999999999  0
-0.71285871555440006  -11.77173660631  -1.8795999999999999  0
-0.38378900199900001  -12.628740389100001  -1.8795999999999999  0
0.38378900199900001  -12.628740389100001  -1.8795999999999999  0
0.71285871555440006  -11.77173660631  -1.8795999999999999  0
0.91439999999999999  -10.62873918393  -1.8795999999999999  0
1.8676775506699999  -10.503237813489999  -1.8795999999999999  0
2.358180983794  -11.555125820360001  -1.8795999999999999  0
2.897846819478  -12.29775839835  -1.8795999999999999  0
3.639270237231  -12.099094592309999  -1.8795999999999999  0
3.7353182714919999  -11.186122996250001  -1.8795999999999999  0
3.634162701787  -10.02990954381  -1.8795999999999999  0
4.5224759627440001  -9.6619581434819999  -1.8795999999999999  0
5.268514546175  -10.551052305500001  -1.8795999999999999  0
5.9819991691259995  -11.128704495760001  -1.8795999999999999  0
6.6467412199750004  -10.744915493760001  -1.8795999999999999  0
6.503222060133  -9.8381935899449999  -1.8795999999999999  0
6.1062632211849994  -8.7475581434819993  -1.8795999999999999  0
6.8690751117030002  -8.1622319931370004  -1.8795999999999999  0
7.8198075488659997  -8.8279420124589993  -1.8795999999999999  0
8.658488161119001  -9.201247772836  -1.8795999999999999  0
9.201247772836  -8.658488161119001  -1.8795999999999999  0
8.8279420124589993  -7.8198075488659997  -1.8795999999999999  0
8.1622319931370004  -6.8690751117030002  -1.8795999999999999  0
8.7475581434819993  -6.1062632211849994  -1.8795999999999999  0
9.8381935899449999  -6.503222060133  -1.8795999999999999  0
10.744915493760001  -6.6467412199750004  -1.8795999999999999  0
11.128704495760001  -5.9819991691259995  -1.8795999999999999  0
10.551052305500001  -5.268514546175  -1.8795999999999999  0
9.6619581434819999  -4.5224759627440001  -1.8795999999999999  0
10.02990954381  -3.634162701787  -1.8795999999999999  0
11.186122996250001  -3.7353182714919999  -1.8795999999999999  0
12.099094592309999  -3.639270237231  -1.8795999999999999  0
12.29775839835  -2.897846819478  -1.8795999999999999  0
11.555125820360001  -2.358180983794  -1.8795999999999999  0
10.503237813489999  -1.8676775506699999  -1.8795999999999999  0
10.62873918393  -0.91439999999999999  -1.8795999999999999  0
11.77173660631  -0.71285871555440006  -1.8795999999999999  0
12.628740389100001  -0.38378900199900001  -1.8795999999999999  0
12.628740389100001  0.38378900199900001  -1.8795999999999999  0
11.77173660631  0.71285871555440006  -1.8795999999999999  0
10.62873918393  0.91439999999999999  -1.8795999999999999  0
10.503237813489999  1.8676775506699999  -1.8795999999999999  0
11.555125820360001  2.358180983794  -1.8795999999999999  0
12.29775839835  2.897846819478  -1.8795999999999999  0
12.099094592309999  3.639270237231  -1.8795999999999999  0
11.186122996250001  3.7353182714919999  -1.8795999999999999  0
10.02990954381  3.634162701787  -1.8795999999999999  0
9.6619581434819999  4.5224759627440001  -1.8795999999999999  0
10.551052305500001  5.268514546175  -1.8795999999999999  0
11.128704495760001  5.9819991691259995  -1.8795999999999999  0
10.744915493760001  6.6467412199750004  -1.8795999999999999  0
9.8381935899449999  6.503222060133  -1.8795999999999999  0
8.7475581434819993  6.1062632211849994  -1.8795999999999999  0
8.1622319931370004  6.8690751117030002  -1.8795999999999999  0
8.8279420124589993  7.8198075488659997  -1.8795999999999999  0
9.201247772836  8.658488161119001  -1.8795999999999999  0
8.658488161119001  9.201247772836  -1.8795999999999999  0
7.8198075488659997  8.8279420124589993  -1.8795999999999999  0
6.8690751117030002  8.1622319931370004  -1.8795999999999999  0
6.1062632211849994  8.7475581434819993  -1.8795999999999999  0
6.503222060133  9.8381935899449999  -1.8795999999999999  0
6.6467412199750004  10.744915493760001  -1.8795999999999999  0
5.9819991691259995  11.128704495760001  -1.8795999999999999  0
5.268514546175  10.551052305500001  -1.8795999999999999  0
4.5224759627440001  9.6619581434819999  -1.8795999999999999  0
3.634162701787  10.02990954381  -1.8795999999999999  0
3.7353182714919999  11.186122996250001  -1.8795999999999999  0
3.639270237231  12.099094592309999  -1.8795999999999999  0
2.897846819478  12.29775839835  -1.8795999999999999  0
2.358180983794  11.555125820360001  -1.8795999999999999  0
9.7789999999999999  0  -1.8795999999999999  0
-9.7789999999999999  0  -1.8795999999999999  0
-3.634162701787  10.02990954381  1.8795999999999999  0
-4.5224759627440001  9.6619581434819999  1.8795999999999999  0
-6.1062632211849994  8.7475581434819993  1.8795999999999999  0
-6.8690751117030002  8.1622319931370004  1.8795999999999999  0
-8.1622319931370004  6.8690751117030002  1.8795999999999999  0
-8.7475581434819993  6.1062632211849994  1.8795999999999999  0
-9.6619581434819999  4.5224759627440001  1.8795999999999999  0
-10.02990954381  3.634162701787  1.8795999999999999  0
-10.503237813489999  1.8676775506699999  1.8795999999999999  0
-10.62873918393  0.91439999999999999  1.8795999999999999  0
-10.62873918393  -0.91439999999999999  1.8795999999999999  0
-10.503237813489999  -1.8676775506699999  1.8795999999999999  0
-10.02990954381  -3.634162701787  1.8795999999999999  0
-9.6619581434819999  -4.5224759627440001  1.8795999999999999  0
-8.7475581434819993  -6.1062632211849994  1.8795999999999999  0
-8.1622319931370004  -6.8690751117030002  1.8795999999999999  0
-6.8690751117030002  -8.1622319931370004  1.8795999999999999  0
-6.1062632211849994  -8.7475581434819993  1.8795999999999999  0
-4.5224759627440001  -9.6619581434819999  1.8795999999999999  0
-3.634162701787  -10.02990954381  1.8795999999999999  0
-1.8676775506699999  -10.503237813489999  1.8795999999999999  0
-0.91439999999999999  -10.62873918393  1.8795999999999999  0
0.91439999999999999  -10.62873918393  1.8795999999999999  0
1.8676775506699999  -10.503237813489999  1.8795999999999999  0
3.634162701787  -10.02990954381  1.8795999999999999  0
4.5224759627440001  -9.6619581434819999  1.8795999999999999  0
6.1062632211849994  -8.7475581434819993  1.8795999999999999  0
6.8690751117030002  -8.1622319931370004  1.8795999999999999  0
8.1622319931370004  -6.8690751117030002  1.8795999999999999  0
8.7475581434819993  -6.1062632211849994  1.8795999999999999  0
9.6619581434819999  -4.5224759627440001  1.8795999999999999  0
10.02990954381  -3.634162701787  1.8795999999999999  0
10.503237813489999  -1.8676775506699999  1.8795999999999999  0
10.62873918393  -0.91439999999999999  1.8795999999999999  0
10.62873918393  0.91439999999999999  1.8795999999999999  0
10.503237813489999  1.8676775506699999  1.8795999999999999  0
10.02990954381  3.634162701787  1.8795999999999999  0
9.6619581434819999  4.5224759627440001  1.8795999999999999  0
8.7475581434819993  6.1062632211849994  1.8795999999999999  0
8.1622319931370004  6.8690751117030002  1.8795999999999999  0
6.8690751117030002  8.1622319931370004  1.8795999999999999  0
6.1062632211849994  8.7475581434819993  1.8795999999999999  0
4.5224759627440001  9.6619581434819999  1.8795999999999999  0
3.634162701787  10.02990954381  1.8795999999999999  0
1.8676775506699999  10.503237813489999  1.8795999999999999  0
0.91439999999999999  10.62873918393  1.8795999999999999  0
-1.8676775506699999  10.503237813489999  1.8795999999999999  0
-0.91439999999999999  10.62873918393  1.8795999999999999  0
-5.268514546175  10.551052305500001  1.8795999999999999  0
-0.71285871555440006  11.77173660631  1.8795999999999999  0
-0.38378900199900001  12.628740389100001  1.8795999999999999  0
0.38378900199900001  12.628740389100001  1.8795999999999999  0
0.71285871555440006  11.77173660631  1.8795999999999999  0
2.358180983794  11.555125820360001  1.8795999999999999  0
2.897846819478  12.29775839835  1.8795999999999999  0
3.639270237231  12.099094592309999  1.8795999999999999  0
3.7353182714919999  11.186122996250001  1.8795999999999999  0
5.268514546175  10.551052305500001  1.8795999999999999  0
5.9819991691259995  11.128704495760001  1.8795999999999999  0
6.6467412199750004  10.744915493760001  1.8795999999999999  0
6.503222060133  9.8381935899449999  1.8795999999999999  0
7.8198075488659997  8.8279420124589993  1.8795999999999999  0
8.658488161119001  9.201247772836  1.8795999999999999  0
9.201247772836  8.658488161119001  1.8795999999999999  0
8.8279420124589993  7.8198075488659997  1.8795999999999999  0
9.8381935899449999  6.503222060133  1.8795999999999999  0
10.744915493760001  6.6467412199750004  1.8795999999999999  0
11.128704495760001  5.9819991691259995  1.8795999999999999  0
10.551052305500001  5.268514546175  1.8795999999999999  0
11.186122996250001  3.7353182714919999  1.8795999999999999  0
12.099094592309999  3.639270237231  1.8795999999999999  0
12.29775839835  2.897846819478  1.8795999999999999  0
11.555125820360001  2.358180983794  1.8795999999999999  0
11.77173660631  0.71285871555440006  1.8795999999999999  0
12.628740389100001  0.38378900199900001  1.8795999999999999  0
12.628740389100001  -0.38378900199900001  1.8795999999999999  0
11.77173660631  -0.71285871555440006  1.8795999999999999  0
11.555125820360001  -2.358180983794  1.8795999999999999  0
12.29775839835  -2.897846819478  1.8795999999999999  0
12.099094592309999  -3.639270237231  1.8795999999999999  0
11.186122996250001  -3.7353182714919999  1.8795999999999999  0
10.551052305500001  -5.268514546175  1.8795999999999999  0
11.128704495760001  -5.9819991691259995  1.8795999999999999  0
10.744915493760001  -6.6467412199750004  1.8795999999999999  0
9.8381935899449999  -6.503222060133  1.8795999999999999  0
8.8279420124589993  -7.8198075488659997  1.8795999999999999  0
9.201247772836  -8.658488161119001  1.8795999999999999  0
8.658488161119001  -9.201247772836  1.8795999999999999  0
7.8198075488659997  -8.8279420124589993  1.8795999999999999  0
6.503222060133  -9.8381935899449999  1.8795999999999999  0
6.6467412199750004  -10.744915493760001  1.8795999999999999  0
5.9819991691259995  -11.128704495760001  1.8795999999999999  0
5.268514546175  -10.551052305500001  1.8795999999999999  0
3.7353182714919999  -11.186122996250001  1.8795999999999999  0
3.639270237231  -12.099094592309999  1.8795999999999999  0
2.897846819478  -12.29775839835  1.8795999999999999  0
2.358180983794  -11.555125820360001  1.8795999999999999  0
0.71285871555440006  -11.77173660631  1.8795999999999999  0
0.38378900199900001  -12.628740389100001  1.8795999999999999  0
-0.38378900199900001  -12.628740389100001  1.8795999999999999  0
-0.71285871555440006  -11.77173660631  1.8795999999999999  0
-2.358180983794  -11.555125820360001  1.8795999999999999  0
-2.897846819478  -12.29775839835  1.8795999999999999  0
-3.639270237231  -12.099094592309999  1.8795999999999999  0
-3.7353182714919999  -11.186122996250001  1.8795999999999999  0
-5.268514546175  -10.551052305500001  1.8795999999999999  0
-5.9819991691259995  -11.128704495760001  1.8795999999999999  0
-6.6467412199750004  -10.744915493760001  1.8795999999999999  0
-6.503222060133  -9.8381935899449999  1.8795999999999999  0
-7.8198075488659997  -8.8279420124589993  1.8795999999999999  0
-8.658488161119001  -9.201247772836  1.8795999999999999  0
-9.201247772836  -8.658488161119001  1.8795999999999999  0
-8.8279420124589993  -7.8198075488659997  1.8795999999999999  0
-9.8381935899449999  -6.503222060133  1.8795999999999999  0
-10.744915493760001  -6.6467412199750004  1.8795999999999999  0
-11.128704495760001  -5.9819991691259995  1.8795999999999999  0
-10.551052305500001  -5.268514546175  1.8795999999999999  0
-11.186122996250001  -3.7353182714919999  1.8795999999999999  0
-12.099094592309999  -3.639270237231  1.8795999999999999  0
-12.29775839835  -2.897846819478  1.8795999999999999  0
-11.555125820360001  -2.358180983794  1.8795999999999999  0
-11.77173660631  -0.71285871555440006  1.8795999999999999  0
-12.628740389100001  -0.38378900199900001  1.8795999999999999  0
-12.628740389100001  0.38378900199900001  1.8795999999999999  0
-11.77173660631  0.71285871555440006  1.8795999999999999  0
-11.555125820360001  2.358180983794  1.8795999999999999  0
-12.29775839835  2.897846819478  1.8795999999999999  0
-12.099094592309999  3.639270237231  1.8795999999999999  0
-11.186122996250001  3.7353182714919999  1.8795999999999999  0
-10.551052305500001  5.268514546175  1.8795999999999999  0
-11.128704495760001  5.9819991691259995  1.8795999999999999  0
-10.744915493760001  6.6467412199750004  1.8795999999999999  0
-9.8381935899449999  6.503222060133  1.8795999999999999  0
-8.8279420124589993  7.8198075488659997  1.8795999999999999  0
-9.201247772836  8.658488161119001  1.8795999999999999  0
-8.658488161119001  9.201247772836  1.8795999999999999  0
-7.8198075488659997  8.8279420124589993  1.8795999999999999  0
-6.503222060133  9.8381935899449999  1.8795999999999999  0
-6.6467412199750004  10.744915493760001  1.8795999999999999  0
-5.9819991691259995  11.128704495760001  1.8795999999999999  0
-3.7353182714919999  11.186122996250001  1.8795999999999999  0
-3.639270237231  12.099094592309999  1.8795999999999999  0
-2.897846819478  12.29775839835  1.8795999999999999  0
-2.358180983794  11.555125820360001  1.8795999999999999  0
9.7789999999999999  0  1.8795999999999999  0
-9.7789999999999999  0  1.8795999999999999  0
9.7789999999999999  0  0.87960000000000005  0
-9.7789999999999999  0  0.87960000000000005  0
-6.0736113637760001  1.7603940457959999  0.87960000000000005  0
-6.54  1.2940054095709999  0.87960000000000005  0
-7.5723759005320002  2.3263813101039998  0.87960000000000005  0
-7.7951145366059995  2.10364267403  0.87960000000000005  0
-8.5729319959110004  2.8814601333350001  0.87960000000000005  0
-9.4214601333350014  2.0329319959109999  0.87960000000000005  0
-8.6436426740299996  1.2551145366059999  0.87960000000000005  0
-8.8663813101039999  1.0323759005319999  0.87960000000000005  0
-7.8340054095710006  0  0.87960000000000005  0
-8.8663813101039999  -1.0323759005319999  0.87960000000000005  0
-8.6436426740299996  -1.2551145366059999  0.87960000000000005  0
-9.4214601333350014  -2.0329319959109999  0.87960000000000005  0
-8.5729319959110004  -2.8814601333350001  0.87960000000000005  0
-7.7951145366059995  -2.10364267403  0.87960000000000005  0
-7.5723759005320002  -2.3263813101039998  0.87960000000000005  0
-6.54  -1.2940054095719999  0.87960000000000005  0
-6.0736113637760001  -1.7603940457959999  0.87960000000000005  0
-0.98274101252559998  -4.79  0.87960000000000005  0
0.98274101252559998  -4.79  0.87960000000000005  0
6.0736113637760001  -1.7603940457959999  0.87960000000000005  0
6.54  -1.2940054095709999  0.87960000000000005  0
7.5723759005320002  -2.3263813101039998  0.87960000000000005  0
7.7951145366059995  -2.10364267403  0.87960000000000005  0
8.5729319959110004  -2.8814601333350001  0.87960000000000005  0
9.4214601333350014  -2.0329319959109999  0.87960000000000005  0
8.6436426740299996  -1.2551145366059999  0.87960000000000005  0
8.8663813101039999  -1.0323759005319999  0.87960000000000005  0
7.8340054095710006  0  0.87960000000000005  0
8.8663813101039999  1.0323759005319999  0.87960000000000005  0
8.6436426740299996  1.2551145366059999  0.87960000000000005  0
9.4214601333350014  2.0329319959109999  0.87960000000000005  0
8.5729319959110004  2.8814601333350001  0.87960000000000005  0
7.7951145366059995  2.10364267403  0.87960000000000005  0
7.5723759005320002  2.3263813101039998  0.87960000000000005  0
6.54  1.2940054095709999  0.87960000000000005  0
6.0736113637760001  1.7603940457959999  0.87960000000000005  0
0.98274101252559998  4.79  0.87960000000000005  0
-0.98274101252559998  4.79  0.87960000000000005  0
-6.0736113637760001  1.7603940457959999  3.1600000000000001  0
-5.6914718625759999  2.1425335469949998  3.1600000000000001  0
-5.6914718625759999  2.1425335469949998  -3.1600000000000001  0
-6.0736113637760001  1.7603940457959999  -3.1600000000000001  0
-6.0736113637760001  1.7603940457959999  -0.87960000000000005  0
-6.54  1.2940054095709999  -0.87960000000000005  0
-0.98274101252559998  4.79  -0.87960000000000005  0
-0.98272774125859996  4.79  -3.1600000000000001  0
-0.98272774125859996  4.79  3.1600000000000001  0
-3.279780044782  0.91372686996829999  -3.1600000000000001  0
-4.33226772046  0.91372686996829999  -3.1600000000000001  0
-0.90724589424979996  4.4881520743099994  -3.1600000000000001  0
-0.68404099104909999  4.5693921099580006  -3.1600000000000001  0
0.68404005920319999  4.5693924491220006  -3.1600000000000001  0
0.90724591723649994  4.4881521912749998  -3.1600000000000001  0
3.279780044782  0.91372686996829999  -3.1600000000000001  0
4.33226772046  0.91372686996829999  -3.1600000000000001  0
4.2136186898960002  1.0323759005319999  -3.1600000000000001  0
4.7038854398029999  1.522642650439  -3.1600000000000001  0
5.6914718625759999  2.1425335469949998  -3.1600000000000001  0
6.0736113637760001  1.7603940457959999  -3.1600000000000001  0
0.98272787660700001  4.79  -3.1600000000000001  0
-4.7038854398029999  1.522642650439  -3.1600000000000001  0
-4.2136186898960002  1.0323759005319999  -3.1600000000000001  0
-6.0736113637760001  -1.7603940457959999  -3.1600000000000001  0
-5.6914718625759999  -2.1425335469949998  -3.1600000000000001  0
-0.98274101252559998  -4.79  -3.1600000000000001  0
0.98274101252559998  -4.79  -3.1600000000000001  0
6.0736113637760001  -1.7603940457959999  -3.1600000000000001  0
5.6914718625759999  -2.1425335469949998  -3.1600000000000001  0
4.7038854398029999  -1.522642650439  -3.1600000000000001  0
4.2136186898960002  -1.0323759005319999  -3.1600000000000001  0
4.3309945904290004  -0.91500000000000004  -3.1600000000000001  0
3.2736813909840001  -0.91500000000000004  -3.1600000000000001  0
0.90928807778679999  -4.4984498294190001  -3.1600000000000001  0
0.68514622845640005  -4.5801802103740004  -3.1600000000000001  0
-0.68642179933550007  -4.5797145995520001  -3.1600000000000001  0
-0.90925601567309999  -4.498289578893  -3.1600000000000001  0
-3.2736813909840001  -0.91500000000000004  -3.1600000000000001  0
-4.3309945904290004  -0.91500000000000004  -3.1600000000000001  0
-4.2136186898960002  -1.0323759005319999  -3.1600000000000001  0
-4.7038854398029999  -1.522642650439  -3.1600000000000001  0
-3.279780044782  0.91372686996829999  -3.8600000000000003  0
-0.91500000000000004  0.91372686996829999  -3.8600000000000003  0
-4.33226772046  0.91372686996829999  3.1600000000000001  0
-3.279780044782  0.91372686996829999  3.1600000000000001  0
-3.279780044782  0.91372686996829999  3.8600000000000003  0
-0.91500000000000004  0.91372686996829999  3.8600000000000003  0
-0.91500000000000004  2.375  -3.8600000000000003  0
0.91500000000000004  2.375  -3.8600000000000003  0
0.91500000000000004  0.91372686996829999  -3.8600000000000003  0
3.279780044782  0.91372686996829999  -3.8600000000000003  0
0.90724591723649994  4.4881521912749998  -3.8600000000000003  0
0.68404005920319999  4.5693924491220006  -3.8600000000000003  0
-0.68404099104909999  4.5693921099580006  -3.8600000000000003  0
-0.90724589424979996  4.4881520743099994  -3.8600000000000003  0
-3.2736813909840001  -0.91500000000000004  -3.8600000000000003  0
-0.91500000000000004  -0.91500000000000004  -3.8600000000000003  0
-0.90925601567309999  -4.498289578893  -3.8600000000000003  0
-0.68642179933550007  -4.5797145995520001  -3.8600000000000003  0
0.68514622845640005  -4.5801802103740004  -3.8600000000000003  0
0.90928807778679999  -4.4984498294190001  -3.8600000000000003  0
3.2736813909840001  -0.91500000000000004  -3.8600000000000003  0
0.91500000000000004  -0.91500000000000004  -3.8600000000000003  0
0.91500000000000004  -2.375  -3.8600000000000003  0
-0.91500000000000004  -2.375  -3.8600000000000003  0
-0.91500000000000004  2.375  3.8600000000000003  0
-0.90724589424979996  4.4881520743099994  3.8600000000000003  0
-0.68404099104909999  4.5693921099580006  3.8600000000000003  0
0.68404005920319999  4.5693924491220006  3.8600000000000003  0
0.90724591723649994  4.4881521912749998  3.8600000000000003  0
3.279780044782  0.91372686996829999  3.8600000000000003  0
0.91500000000000004  0.91372686996829999  3.8600000000000003  0
0.91500000000000004  2.375  3.8600000000000003  0
-3.2736813909840001  -0.91500000000000004  3.8600000000000003  0
-0.91500000000000004  -0.91500000000000004  3.8600000000000003  0
-0.91500000000000004  -2.375  3.8600000000000003  0
0.91500000000000004  -2.375  3.8600000000000003  0
0.91500000000000004  -0.91500000000000004  3.8600000000000003  0
3.2736813909840001  -0.91500000000000004  3.8600000000000003  0
0.90928807778679999  -4.4984498294190001  3.8600000000000003  0
0.68514622845640005  -4.5801802103740004  3.8600000000000003  0
-0.68642179933550007  -4.5797145995520001  3.8600000000000003  0
-0.90925601567309999  -4.498289578893  3.8600000000000003  0
-0.90724589424979996  4.4881520743099994  3.1600000000000001  0
-4.2136186898960002  1.0323759005319999  3.1600000000000001  0
-4.7038854398029999  1.522642650439  3.1600000000000001  0
0.98272787660700001  4.79  3.1600000000000001  0
6.0736113637760001  1.7603940457959999  3.1600000000000001  0
5.6914718625759999  2.1425335469949998  3.1600000000000001  0
4.7038854398029999  1.522642650439  3.1600000000000001  0
4.2136186898960002  1.0323759005319999  3.1600000000000001  0
4.33226772046  0.91372686996829999  3.1600000000000001  0
3.279780044782  0.91372686996829999  3.1600000000000001  0
0.90724591723649994  4.4881521912749998  3.1600000000000001  0
0.68404005920319999  4.5693924491220006  3.1600000000000001  0
-0.68404099104909999  4.5693921099580006  3.1600000000000001  0
-6.0736113637760001  -1.7603940457959999  3.1600000000000001  0
-5.6914718625759999  -2.1425335469949998  3.1600000000000001  0
-4.7038854398029999  -1.522642650439  3.1600000000000001  0
-4.2136186898960002  -1.0323759005319999  3.1600000000000001  0
-4.3309945904290004  -0.91500000000000004  3.1600000000000001  0
-3.2736813909840001  -0.91500000000000004  3.1600000000000001  0
-0.90925601567309999  -4.498289578893  3.1600000000000001  0
-0.68642179933550007  -4.5797145995520001  3.1600000000000001  0
0.68514622845640005  -4.5801802103740004  3.1600000000000001  0
0.90928807778679999  -4.4984498294190001  3.1600000000000001  0
3.2736813909840001  -0.91500000000000004  3.1600000000000001  0
4.3309945904290004  -0.91500000000000004  3.1600000000000001  0
4.2136186898960002  -1.0323759005319999  3.1600000000000001  0
4.7038854398029999  -1.522642650439  3.1600000000000001  0
5.6914718625759999  -2.1425335469949998  3.1600000000000001  0
6.0736113637760001  -1.7603940457959999  3.1600000000000001  0
0.98274101252559998  -4.79  3.1600000000000001  0
-0.98274101252559998  -4.79  3.1600000000000001  0
0.98274101252559998  4.79  -0.87960000000000005  0
6.0736113637760001  1.7603940457959999  -0.87960000000000005  0
6.54  1.2940054095709999  -0.87960000000000005  0
7.5723759005320002  2.3263813101039998  -0.87960000000000005  0
7.7951145366059995  2.10364267403  -0.87960000000000005  0
8.5729319959110004  2.8814601333350001  -0.87960000000000005  0
9.4214601333350014  2.0329319959109999  -0.87960000000000005  0
8.6436426740299996  1.2551145366059999  -0.87960000000000005  0
8.8663813101039999  1.0323759005319999  -0.87960000000000005  0
7.8340054095710006  0  -0.87960000000000005  0
8.8663813101039999  -1.0323759005319999  -0.87960000000000005  0
8.6436426740299996  -1.2551145366059999  -0.87960000000000005  0
9.4214601333350014  -2.0329319959109999  -0.87960000000000005  0
8.5729319959110004  -2.8814601333350001  -0.87960000000000005  0
7.7951145366059995  -2.10364267403  -0.87960000000000005  0
7.5723759005320002  -2.3263813101039998  -0.87960000000000005  0
6.54  -1.2940054095709999  -0.87960000000000005  0
6.0736113637760001  -1.7603940457959999  -0.87960000000000005  0
0.98274101252559998  -4.79  -0.87960000000000005  0
-0.98274101252559998  -4.79  -0.87960000000000005  0
-6.0736113637760001  -1.7603940457959999  -0.87960000000000005  0
-6.54  -1.2940054095719999  -0.87960000000000005  0
-7.5723759005320002  -2.3263813101039998  -0.87960000000000005  0
-7.7951145366059995  -2.10364267403  -0.87960000000000005  0
-8.5729319959110004  -2.8814601333350001  -0.87960000000000005  0
-9.4214601333350014  -2.0329319959109999  -0.87960000000000005  0
-8.6436426740299996  -1.2551145366059999  -0.87960000000000005  0
-8.8663813101039999  -1.0323759005319999  -0.87960000000000005  0
-7.8340054095710006  0  -0.87960000000000005  0
-8.8663813101039999  1.0323759005319999  -0.87960000000000005  0
-8.6436426740299996  1.2551145366059999  -0.87960000000000005  0
-9.4214601333350014  2.0329319959109999  -0.87960000000000005  0
-8.5729319959110004  2.8814601333350001  -0.87960000000000005  0
-7.7951145366059995  2.10364267403  -0.87960000000000005  0
-7.5723759005320002  2.3263813101039998  -0.87960000000000005  0
9.7789999999999999  0  -0.87960000000000005  0
-9.7789999999999999  0  -0.87960000000000005  0
1.392453418603677  10.57673378113579  -1.8795999999999999  0
-1.3924534186035282  10.576733781135809  -1.8795999999999999  0
-4.0824668564703321  9.8559468528305949  -1.8795999999999999  0
-6.494266924664851  8.463493434227038  -1.8795999999999999  0
-8.4634934342269812  6.4942669246649283  -1.8795999999999999  0
-9.8559468528304457  4.0824668564706901  -1.8795999999999999  0
-10.57673378113579  1.392453418603677  -1.8795999999999999  0
-10.576733781135809  -1.3924534186035282  -1.8795999999999999  0
-9.8559468528305949  -4.0824668564703321  -1.8795999999999999  0
-8.463493434227038  -6.494266924664851  -1.8795999999999999  0
-6.4942669246649283  -8.4634934342269812  -1.8795999999999999  0
-4.0824668564706901  -9.8559468528304457  -1.8795999999999999  0
-1.392453418603677  -10.57673378113579  -1.8795999999999999  0
1.3924534186035282  -10.576733781135809  -1.8795999999999999  0
4.0824668564703321  -9.8559468528305949  -1.8795999999999999  0
6.494266924664851  -8.463493434227038  -1.8795999999999999  0
8.4634934342269812  -6.4942669246649283  -1.8795999999999999  0
9.8559468528304457  -4.0824668564706901  -1.8795999999999999  0
10.57673378113579  -1.392453418603677  -1.8795999999999999  0
10.576733781135809  1.3924534186035282  -1.8795999999999999  0
9.8559468528305949  4.0824668564703321  -1.8795999999999999  0
8.463493434227038  6.494266924664851  -1.8795999999999999  0
6.4942669246649283  8.4634934342269812  -1.8795999999999999  0
4.0824668564706901  9.8559468528304457  -1.8795999999999999  0
9.6304350167063824  1.6981055294049117  -1.8795999999999999  0
9.1892541386653992  3.3446149815817141  -1.8795999999999999  0
8.4688624236080265  4.8894999999999991  -1.8795999999999999  0
7.4911486092604855  6.2858200351246669  -1.8795999999999999  0
6.2858200351246687  7.4911486092604855  -1.8795999999999999  0
4.8895000000000008  8.4688624236080248  -1.8795999999999999  0
3.3446149815817154  9.1892541386653974  -1.8795999999999999  0
1.6981055294049126  9.6304350167063824  -1.8795999999999999  0
5.987910524430983e-16  9.7789999999999999  -1.8795999999999999  0
-1.6981055294049114  9.6304350167063824  -1.8795999999999999  0
-3.3446149815817141  9.1892541386653992  -1.8795999999999999  0
-4.8894999999999982  8.4688624236080265  -1.8795999999999999  0
-6.2858200351246687  7.4911486092604855  -1.8795999999999999  0
-7.4911486092604846  6.2858200351246696  -1.8795999999999999  0
-8.4688624236080265  4.8894999999999991  -1.8795999999999999  0
-9.1892541386653974  3.3446149815817159  -1.8795999999999999  0
-9.6304350167063824  1.6981055294049154  -1.8795999999999999  0
-9.6304350167063824  -1.6981055294049117  -1.8795999999999999  0
-9.1892541386653992  -3.3446149815817141  -1.8795999999999999  0
-8.4688624236080265  -4.8894999999999991  -1.8795999999999999  0
-7.4911486092604855  -6.2858200351246669  -1.8795999999999999  0
-6.2858200351246687  -7.4911486092604855  -1.8795999999999999  0
-4.8895000000000008  -8.4688624236080248  -1.8795999999999999  0
-3.3446149815817154  -9.1892541386653974  -1.8795999999999999  0
-1.6981055294049126  -9.6304350167063824  -1.8795999999999999  0
-5.987910524430983e-16  -9.7789999999999999  -1.8795999999999999  0
1.6981055294049114  -9.6304350167063824  -1.8795999999999999  0
3.3446149815817141  -9.1892541386653992  -1.8795999999999999  0
4.8894999999999982  -8.4688624236080265  -1.8795999999999999  0
6.2858200351246687  -7.4911486092604855  -1.8795999999999999  0
7.4911486092604846  -6.2858200351246696  -1.8795999999999999  0
8.4688624236080265  -4.8894999999999991  -1.8795999999999999  0
9.1892541386653974  -3.3446149815817159  -1.8795999999999999  0
9.6304350167063824  -1.6981055294049154  -1.8795999999999999  0
-4.0824668564706901  9.8559468528304457  1.8795999999999999  0
-3.634162701787  10.02990954381  -0.93979999999999997  0
-3.634162701787  10.02990954381  0  0
-3.634162701787  10.02990954381  0.93979999999999997  0
-4.5224759627440001  9.6619581434819999  -0.93979999999999997  0
-4.5224759627440001  9.6619581434819999  0  0
-4.5224759627440001  9.6619581434819999  0.93979999999999997  0
-6.4942669246649283  8.4634934342269812  1.8795999999999999  0
-6.1062632211849994  8.7475581434819993  -0.62653333333333339  0
-6.1062632211849994  8.7475581434819993  0.62653333333333316  0
-6.8690751117030002  8.1622319931370004  -0.62653333333333339  0
-6.8690751117030002  8.1622319931370004  0.62653333333333316  0
-8.463493434227038  6.494266924664851  1.8795999999999999  0
-8.1622319931370004  6.8690751117030002  -0.93979999999999997  0
-8.1622319931370004  6.8690751117030002  0  0
-8.1622319931370004  6.8690751117030002  0.93979999999999997  0
-8.7475581434819993  6.1062632211849994  -0.93979999999999997  0
-8.7475581434819993  6.1062632211849994  0  0
-8.7475581434819993  6.1062632211849994  0.93979999999999997  0
-9.8559468528305949  4.0824668564703321  1.8795999999999999  0
-9.6619581434819999  4.5224759627440001  0  0
-10.02990954381  3.634162701787  0  0
-10.576733781135809  1.3924534186035282  1.8795999999999999  0
-10.503237813489999  1.8676775506699999  -0.93979999999999997  0
-10.503237813489999  1.8676775506699999  0  0
-10.503237813489999  1.8676775506699999  0.93979999999999997  0
-10.62873918393  0.91439999999999999  -0.93979999999999997  0
-10.62873918393  0.91439999999999999  0  0
-10.62873918393  0.91439999999999999  0.93979999999999997  0
-10.57673378113579  -1.392453418603677  1.8795999999999999  0
-10.62873918393  -0.91439999999999999  -0.93979999999999997  0
-10.62873918393  -0.91439999999999999  0  0
-10.62873918393  -0.91439999999999999  0.93979999999999997  0
-10.503237813489999  -1.8676775506699999  -0.93979999999999997  0
-10.503237813489999  -1.8676775506699999  0  0
-10.503237813489999  -1.8676775506699999  0.93979999999999997  0
-9.8559468528304457  -4.0824668564706901  1.8795999999999999  0
-10.02990954381  -3.634162701787  -0.62653333333333339  0
-10.02990954381  -3.634162701787  0.62653333333333316  0
-9.6619581434819999  -4.5224759627440001  -0.62653333333333339  0
-9.6619581434819999  -4.5224759627440001  0.62653333333333316  0
-8.4634934342269812  -6.4942669246649283  1.8795999999999999  0
-8.7475581434819993  -6.1062632211849994  -0.62653333333333339  0
-8.7475581434819993  -6.1062632211849994  0.62653333333333316  0
-8.1622319931370004  -6.8690751117030002  -0.62653333333333339  0
-8.1622319931370004  -6.8690751117030002  0.62653333333333316  0
-6.494266924664851  -8.463493434227038  1.8795999999999999  0
-6.8690751117030002  -8.1622319931370004  -0.93979999999999997  0
-6.8690751117030002  -8.1622319931370004  0  0
-6.8690751117030002  -8.1622319931370004  0.93979999999999997  0
-6.1062632211849994  -8.7475581434819993  -0.93979999999999997  0
-6.1062632211849994  -8.7475581434819993  0  0
-6.1062632211849994  -8.7475581434819993  0.93979999999999997  0
-4.0824668564703321  -9.8559468528305949  1.8795999999999999  0
-4.5224759627440001  -9.6619581434819999  -0.93979999999999997  0
-4.5224759627440001  -9.6619581434819999  0  0
-4.5224759627440001  -9.6619581434819999  0.93979999999999997  0
-3.634162701787  -10.02990954381  -0.93979999999999997  0
-3.634162701787  -10.02990954381  0  0
-3.634162701787  -10.02990954381  0.93979999999999997  0
-1.3924534186035282  -10.576733781135809  1.8795999999999999  0
-1.8676775506699999  -10.503237813489999  -0.93979999999999997  0
-1.8676775506699999  -10.503237813489999  0  0
-1.8676775506699999  -10.503237813489999  0.93979999999999997  0
-0.91439999999999999  -10.62873918393  -0.93979999999999997  0
-0.91439999999999999  -10.62873918393  0  0
-0.91439999999999999  -10.62873918393  0.93979999999999997  0
1.392453418603677  -10.57673378113579  1.8795999999999999  0
0.91439999999999999  -10.62873918393  -0.93979999999999997  0
0.91439999999999999  -10.62873918393  0  0
0.91439999999999999  -10.62873918393  0.93979999999999997  0
1.8676775506699999  -10.503237813489999  -0.93979999999999997  0
1.8676775506699999  -10.503237813489999  0  0
1.8676775506699999  -10.503237813489999  0.93979999999999997  0
4.0824668564706901  -9.8559468528304457  1.8795999999999999  0
3.634162701787  -10.02990954381  -0.93979999999999997  0
3.634162701787  -10.02990954381  0  0
3.634162701787  -10.02990954381  0.93979999999999997  0
4.5224759627440001  -9.6619581434819999  -0.93979999999999997  0
4.5224759627440001  -9.6619581434819999  0  0
4.5224759627440001  -9.6619581434819999  0.93979999999999997  0
6.4942669246649283  -8.4634934342269812  1.8795999999999999  0
6.1062632211849994  -8.7475581434819993  -0.93979999999999997  0
6.1062632211849994  -8.7475581434819993  0  0
6.1062632211849994  -8.7475581434819993  0.93979999999999997  0
6.8690751117030002  -8.1622319931370004  -0.93979999999999997  0
6.8690751117030002  -8.1622319931370004  0  0
6.8690751117030002  -8.1622319931370004  0.93979999999999997  0
8.463493434227038  -6.494266924664851  1.8795999999999999  0
8.1622319931370004  -6.8690751117030002  -0.93979999999999997  0
8.1622319931370004  -6.8690751117030002  0  0
8.1622319931370004  -6.8690751117030002  0.93979999999999997  0
8.7475581434819993  -6.1062632211849994  -0.93979999999999997  0
8.7475581434819993  -6.1062632211849994  0  0
8.7475581434819993  -6.1062632211849994  0.93979999999999997  0
9.8559468528305949  -4.0824668564703321  1.8795999999999999  0
9.6619581434819999  -4.5224759627440001  -0.93979999999999997  0
9.6619581434819999  -4.5224759627440001  0  0
9.6619581434819999  -4.5224759627440001  0.93979999999999997  0
10.02990954381  -3.634162701787  -0.93979999999999997  0
10.02990954381  -3.634162701787  0  0
10.02990954381  -3.634162701787  0.93979999999999997  0
10.576733781135809  -1.3924534186035282  1.8795999999999999  0
10.503237813489999  -1.8676775506699999  -0.93979999999999997  0
10.503237813489999  -1.8676775506699999  0  0
10.503237813489999  -1.8676775506699999  0.93979999999999997  0
10.62873918393  -0.91439999999999999  -0.93979999999999997  0
10.62873918393  -0.91439999999999999  0  0
10.62873918393  -0.91439999999999999  0.93979999999999997  0
10.57673378113579  1.392453418603677  1.8795999999999999  0
10.62873918393  0.91439999999999999  -0.93979999999999997  0
10.62873918393  0.91439999999999999  0  0
10.62873918393  0.91439999999999999  0.93979999999999997  0
10.503237813489999  1.8676775506699999  -0.93979999999999997  0
10.503237813489999  1.8676775506699999  0  0
10.503237813489999  1.8676775506699999  0.93979999999999997  0
9.8559468528304457  4.0824668564706901  1.8795999999999999  0
10.02990954381  3.634162701787  -0.93979999999999997  0
10.02990954381  3.634162701787  0  0
10.02990954381  3.634162701787  0.93979999999999997  0
9.6619581434819999  4.5224759627440001  -0.93979999999999997  0
9.6619581434819999  4.5224759627440001  0  0
9.6619581434819999  4.5224759627440001  0.93979999999999997  0
8.4634934342269812  6.4942669246649283  1.8795999999999999  0
8.7475581434819993  6.1062632211849994  -0.93979999999999997  0
8.7475581434819993  6.1062632211849994  0  0
8.7475581434819993  6.1062632211849994  0.93979999999999997  0
8.1622319931370004  6.8690751117030002  -0.93979999999999997  0
8.1622319931370004  6.8690751117030002  0  0
8.1622319931370004  6.8690751117030002  0.93979999999999997  0
6.494266924664851  8.463493434227038  1.8795999999999999  0
6.8690751117030002  8.1622319931370004  -0.93979999999999997  0
6.8690751117030002  8.1622319931370004  0  0
6.8690751117030002  8.1622319931370004  0.93979999999999997  0
6.1062632211849994  8.7475581434819993  -0.93979999999999997  0
6.1062632211849994  8.7475581434819993  0  0
6.1062632211849994  8.7475581434819993  0.93979999999999997  0
4.0824668564703321  9.8559468528305949  1.8795999999999999  0
4.5224759627440001  9.6619581434819999  -0.93979999999999997  0
4.5224759627440001  9.6619581434819999  0  0
4.5224759627440001  9.6619581434819999  0.93979999999999997  0
3.634162701787  10.02990954381  -0.93979999999999997  0
3.634162701787  10.02990954381  0  0
3.634162701787  10.02990954381  0.93979999999999997  0
1.3924534186035282  10.576733781135809  1.8795999999999999  0
1.8676775506699999  10.503237813489999  -0.93979999999999997  0
1.8676775506699999  10.503237813489999  0  0
1.8676775506699999  10.503237813489999  0.93979999999999997  0
0.91439999999999999  10.62873918393  -0.93979999999999997  0
0.91439999999999999  10.62873918393  0  0
0.91439999999999999  10.62873918393  0.93979999999999997  0
-1.8676775506699999  10.503237813489999  -0.93979999999999997  0
-1.8676775506699999  10.503237813489999  0  0
-1.8676775506699999  10.503237813489999  0.93979999999999997  0
-1.392453418603677  10.57673378113579  1.8795999999999999  0
-0.91439999999999999  10.62873918393  -0.93979999999999997  0
-0.91439999999999999  10.62873918393  0  0
-0.91439999999999999  10.62873918393  0.93979999999999997  0
-5.268514546175  10.551052305500001  0  0
9.6304350167063824  1.6981055294049117  1.8795999999999999  0
9.1892541386653992  3.3446149815817141  1.8795999999999999  0
8.4688624236080265  4.8894999999999991  1.8795999999999999  0
7.4911486092604855  6.2858200351246669  1.8795999999999999  0
6.2858200351246687  7.4911486092604855  1.8795999999999999  0
4.8895000000000008  8.4688624236080248  1.8795999999999999  0
3.3446149815817154  9.1892541386653974  1.8795999999999999  0
1.6981055294049126  9.6304350167063824  1.8795999999999999  0
5.987910524430983e-16  9.7789999999999999  1.8795999999999999  0
-1.6981055294049114  9.6304350167063824  1.8795999999999999  0
-3.3446149815817141  9.1892541386653992  1.8795999999999999  0
-4.8894999999999982  8.4688624236080265  1.8795999999999999  0
-6.2858200351246687  7.4911486092604855  1.8795999999999999  0
-7.4911486092604846  6.2858200351246696  1.8795999999999999  0
-8.4688624236080265  4.8894999999999991  1.8795999999999999  0
-9.1892541386653974  3.3446149815817159  1.8795999999999999  0
-9.6304350167063824  1.6981055294049154  1.8795999999999999  0
-9.6304350167063824  -1.6981055294049117  1.8795999999999999  0
-9.1892541386653992  -3.3446149815817141  1.8795999999999999  0
-8.4688624236080265  -4.8894999999999991  1.8795999999999999  0
-7.4911486092604855  -6.2858200351246669  1.8795999999999999  0
-6.2858200351246687  -7.4911486092604855  1.8795999999999999  0
-4.8895000000000008  -8.4688624236080248  1.8795999999999999  0
-3.3446149815817154  -9.1892541386653974  1.8795999999999999  0
-1.6981055294049126  -9.6304350167063824  1.8795999999999999  0
-5.987910524430983e-16  -9.7789999999999999  1.8795999999999999  0
1.6981055294049114  -9.6304350167063824  1.8795999999999999  0
3.3446149815817141  -9.1892541386653992  1.8795999999999999  0
4.8894999999999982  -8.4688624236080265  1.8795999999999999  0
6.2858200351246687  -7.4911486092604855  1.8795999999999999  0
7.4911486092604846  -6.2858200351246696  1.8795999999999999  0
8.4688624236080265  -4.8894999999999991  1.8795999999999999  0
9.1892541386653974  -3.3446149815817159  1.8795999999999999  0
9.6304350167063824  -1.6981055294049154  1.8795999999999999  0
-0.71285871555440006  11.77173660631  0  0
-0.38378900199900001  12.628740389100001  0  0
0.38378900199900001  12.628740389100001  0  0
0.71285871555440006  11.77173660631  0  0
2.358180983794  11.555125820360001  0  0
2.897846819478  12.29775839835  0  0
3.639270237231  12.099094592309999  0  0
3.7353182714919999  11.186122996250001  0  0
5.268514546175  10.551052305500001  0  0
5.9819991691259995  11.128704495760001  0  0
6.6467412199750004  10.744915493760001  0  0
6.503222060133  9.8381935899449999  0  0
7.8198075488659997  8.8279420124589993  0  0
8.658488161119001  9.201247772836  0  0
9.201247772836  8.658488161119001  0  0
8.8279420124589993  7.8198075488659997  0  0
9.8381935899449999  6.503222060133  0  0
10.744915493760001  6.6467412199750004  0  0
11.128704495760001  5.9819991691259995  0  0
10.551052305500001  5.268514546175  0  0
11.186122996250001  3.7353182714919999  0  0
12.099094592309999  3.639270237231  0  0
12.29775839835  2.897846819478  0  0
11.555125820360001  2.358180983794  0  0
11.77173660631  0.71285871555440006  0  0
12.628740389100001  0.38378900199900001  0  0
12.628740389100001  -0.38378900199900001  0  0
11.77173660631  -0.71285871555440006  0  0
11.555125820360001  -2.358180983794  0  0
12.29775839835  -2.897846819478  0  0
12.099094592309999  -3.639270237231  0  0
11.186122996250001  -3.7353182714919999  0  0
10.551052305500001  -5.268514546175  0  0
11.128704495760001  -5.9819991691259995  0  0
10.744915493760001  -6.6467412199750004  0  0
9.8381935899449999  -6.503222060133  0  0
8.8279420124589993  -7.8198075488659997  0  0
9.201247772836  -8.658488161119001  0  0
8.658488161119001  -9.201247772836  0  0
7.8198075488659997  -8.8279420124589993  0  0
6.503222060133  -9.8381935899449999  0  0
6.6467412199750004  -10.744915493760001  0  0
5.9819991691259995  -11.128704495760001  0  0
5.268514546175  -10.551052305500001  0  0
3.7353182714919999  -11.186122996250001  0  0
3.639270237231  -12.099094592309999  0  0
2.897846819478  -12.29775839835  0  0
2.358180983794  -11.555125820360001  0  0
0.71285871555440006  -11.77173660631  0  0
0.38378900199900001  -12.628740389100001  0  0
-0.38378900199900001  -12.628740389100001  0  0
-0.71285871555440006  -11.77173660631  0  0
-2.358180983794  -11.555125820360001  0  0
-2.897846819478  -12.29775839835  0  0
-3.639270237231  -12.099094592309999  0  0
-3.7353182714919999  -11.186122996250001  0  0
-5.268514546175  -10.551052305500001  0  0
-5.9819991691259995  -11.128704495760001  0  0
-6.6467412199750004  -10.744915493760001  0  0
-6.503222060133  -9.8381935899449999  0  0
-7.8198075488659997  -8.8279420124589993  0  0
-8.658488161119001  -9.201247772836  0  0
-9.201247772836  -8.658488161119001  0  0
-8.8279420124589993  -7.8198075488659997  0  0
-9.8381935899449999  -6.503222060133  0  0
-10.744915493760001  -6.6467412199750004  0  0
-11.128704495760001  -5.9819991691259995  0  0
-10.551052305500001  -5.268514546175  0  0
-11.186122996250001  -3.7353182714919999  0  0
-12.099094592309999  -3.639270237231  0  0
-12.29775839835  -2.897846819478  0  0
-11.555125820360001  -2.358180983794  0  0
-11.77173660631  -0.71285871555440006  0  0
-12.628740389100001  -0.38378900199900001  0  0
-12.628740389100001  0.38378900199900001  0  0
-11.77173660631  0.71285871555440006  0  0
-11.555125820360001  2.358180983794  0  0
-12.29775839835  2.897846819478  0  0
-12.099094592309999  3.639270237231  0  0
-11.186122996250001  3.7353182714919999  0  0
-10.551052305500001  5.268514546175  0  0
-11.128704495760001  5.9819991691259995  0  0
-10.744915493760001  6.6467412199750004  0  0
-9.8381935899449999  6.503222060133  0  0
-8.8279420124589993  7.8198075488659997  0  0
-9.201247772836  8.658488161119001  0  0
-8.658488161119001  9.201247772836  0  0
-7.8198075488659997  8.8279420124589993  0  0
-6.503222060133  9.8381935899449999  0  0
-6.6467412199750004  10.744915493760001  0  0
-5.9819991691259995  11.128704495760001  0  0
-3.7353182714919999  11.186122996250001  0  0
-3.639270237231  12.099094592309999  0  0
-2.897846819478  12.29775839835  0  0
-2.358180983794  11.555125820360001  0  0
9.731911442127414  0.95850961528277312  0.87960000000000005  0
9.5910992570631901  1.907788258995718  0.87960000000000005  0
9.35791954312527  2.838693858871387  0.87960000000000005  0
9.0346179484278721  3.7422612850982131  0.87960000000000005  0
8.6243080440625643  4.6097886894214311  0.87960000000000005  0
8.1309413387065899  5.4329213086986901  0.87960000000000005  0
7.5592692234342049  6.2037319258362889  0.87960000000000005  0
6.9147972132232489  6.9147972132232471  0.87960000000000005  0
6.2037319258362889  7.5592692234342049  0.87960000000000005  0
5.4329213086986909  8.1309413387065899  0.87960000000000005  0
4.6097886894214328  8.6243080440625626  0.87960000000000005  0
3.7422612850982135  9.0346179484278721  0.87960000000000005  0
2.838693858871387  9.35791954312527  0.87960000000000005  0
1.9077882589957189  9.5910992570631901  0.87960000000000005  0
0.95850961528277479  9.7319114421274122  0.87960000000000005  0
5.987910524430983e-16  9.7789999999999999  0.87960000000000005  0
-0.95850961528277356  9.731911442127414  0.87960000000000005  0
-1.9077882589957176  9.5910992570631901  0.87960000000000005  0
-2.8386938588713857  9.3579195431252717  0.87960000000000005  0
-3.7422612850982122  9.0346179484278721  0.87960000000000005  0
-4.6097886894214311  8.6243080440625643  0.87960000000000005  0
-5.4329213086986874  8.1309413387065916  0.87960000000000005  0
-6.203731925836288  7.5592692234342058  0.87960000000000005  0
-6.9147972132232471  6.9147972132232489  0.87960000000000005  0
-7.5592692234342049  6.2037319258362889  0.87960000000000005  0
-8.1309413387065916  5.4329213086986901  0.87960000000000005  0
-8.6243080440625626  4.6097886894214328  0.87960000000000005  0
-9.0346179484278721  3.742261285098214  0.87960000000000005  0
-9.35791954312527  2.8386938588713875  0.87960000000000005  0
-9.5910992570631901  1.9077882589957216  0.87960000000000005  0
-9.7319114421274122  0.95850961528277534  0.87960000000000005  0
-9.731911442127414  -0.95850961528277312  0.87960000000000005  0
-9.5910992570631901  -1.907788258995718  0.87960000000000005  0
-9.35791954312527  -2.838693858871387  0.87960000000000005  0
-9.0346179484278721  -3.7422612850982131  0.87960000000000005  0
-8.6243080440625643  -4.6097886894214311  0.87960000000000005  0
-8.1309413387065899  -5.4329213086986901  0.87960000000000005  0
-7.5592692234342049  -6.2037319258362889  0.87960000000000005  0
-6.9147972132232489  -6.9147972132232471  0.87960000000000005  0
-6.2037319258362889  -7.5592692234342049  0.87960000000000005  0
-5.4329213086986909  -8.1309413387065899  0.87960000000000005  0
-4.6097886894214328  -8.6243080440625626  0.87960000000000005  0
-3.7422612850982135  -9.0346179484278721  0.87960000000000005  0
-2.838693858871387  -9.35791954312527  0.87960000000000005  0
-1.9077882589957189  -9.5910992570631901  0.87960000000000005  0
-0.95850961528277479  -9.7319114421274122  0.87960000000000005  0
-5.987910524430983e-16  -9.7789999999999999  0.87960000000000005  0
0.95850961528277356  -9.731911442127414  0.87960000000000005  0
1.9077882589957176  -9.5910992570631901  0.87960000000000005  0
2.8386938588713857  -9.3579195431252717  0.87960000000000005  0
3.7422612850982122  -9.0346179484278721  0.87960000000000005  0
4.6097886894214311  -8.6243080440625643  0.87960000000000005  0
5.4329213086986874  -8.1309413387065916  0.87960000000000005  0
6.203731925836288  -7.5592692234342058  0.87960000000000005  0
6.9147972132232471  -6.9147972132232489  0.87960000000000005  0
7.5592692234342049  -6.2037319258362889  0.87960000000000005  0
8.1309413387065916  -5.4329213086986901  0.87960000000000005  0
8.6243080440625626  -4.6097886894214328  0.87960000000000005  0
9.0346179484278721  -3.742261285098214  0.87960000000000005  0
9.35791954312527  -2.8386938588713875  0.87960000000000005  0
9.5910992570631901  -1.9077882589957216  0.87960000000000005  0
9.7319114421274122  -0.95850961528277534  0.87960000000000005  0
-8.1840232662584995  2.4925514036825005  0.87960000000000005  0
-8.8557747083856668  2.5986174208603332  0.87960000000000005  0
-9.138617420860335  2.3157747083856663  0.87960000000000005  0
-9.0325514036825005  1.6440232662584995  0.87960000000000005  0
-8.3501933598372133  -0.51618795026628628  0.87960000000000005  0
-8.9029151604649996  -1.5143870230410004  0.87960000000000005  0
-9.1621876468999996  -1.7736595094760006  0.87960000000000005  0
-9.138617420860335  -2.3157747083856668  0.87960000000000005  0
-8.8557747083856668  -2.5986174208603336  0.87960000000000005  0
-8.1840232662584995  -2.4925514036824996  0.87960000000000005  0
-7.0561879502659997  -1.8101933598379998  0.87960000000000005  0
-6.4086474653508372  -2.1652989033874386  0.87960000000000005  0
-6.6692002304264335  -2.6217081382539487  0.87960000000000005  0
-6.8475336819290344  -3.1160706703446621  0.87960000000000005  0
-6.9383529864231432  -3.6337085621099181  0.87960000000000005  0
-6.9389616610785758  -4.1592528157890314  0.87960000000000005  0
-6.8493416339582422  -4.677099688714728  0.87960000000000005  0
-6.672153780585429  -5.171873978342945  0.87960000000000005  0
-6.4126589208595881  -5.628885521781223  0.87960000000000005  0
-6.0785616219723391  -6.0345653560547756  0.87960000000000005  0
-5.679781444914358  -6.3768685892349151  0.87960000000000005  0
-5.2281584264095953  -6.6456320209301882  0.87960000000000005  0
-4.7371015407052877  -6.8328758941606846  0.87960000000000005  0
-4.2211905786104511  -6.933040819410758  0.87960000000000005  0
-3.6957432642470769  -6.9431528364345354  0.87960000000000005  0
-3.1763604620925867  -6.8629117130243937  0.87960000000000005  0
-2.6784629774053226  -6.6946998590958806  0.87960000000000005  0
-2.2168337027226013  -6.4435115914242447  0.87960000000000005  0
-1.8051787043926018  -6.1168048492074671  0.87960000000000005  0
-1.4557202807596976  -5.7242797631148985  0.87960000000000005  0
-1.1788340743641825  -5.2775906522470919  0.87960000000000005  0
0  -4.79  0.87960000000000005  0
1.1788340743641372  -5.2775906522470031  0.87960000000000005  0
1.4557202807596301  -5.7242797631148088  0.87960000000000005  0
1.8051787043925094  -6.116804849207381  0.87960000000000005  0
2.2168337027224849  -6.4435115914241674  0.87960000000000005  0
2.6784629774051822  -6.6946998590958193  0.87960000000000005  0
3.1763604620924251  -6.8629117130243547  0.87960000000000005  0
3.6957432642468984  -6.9431528364345247  0.87960000000000005  0
4.2211905786102601  -6.9330408194107793  0.87960000000000005  0
4.7371015407050896  -6.8328758941607415  0.87960000000000005  0
5.228158426409399  -6.6456320209302842  0.87960000000000005  0
5.6797814449141697  -6.3768685892350518  0.87960000000000005  0
6.0785616219721668  -6.0345653560549515  0.87960000000000005  0
6.4126589208594407  -5.628885521781438  0.87960000000000005  0
6.6721537805853171  -5.1718739783431928  0.87960000000000005  0
6.8493416339581703  -4.6770996887150043  0.87960000000000005  0
6.9389616610785509  -4.1592528157893289  0.87960000000000005  0
6.9383529864231708  -3.6337085621102294  0.87960000000000005  0
6.8475336819291197  -3.1160706703449774  0.87960000000000005  0
6.6692002304265765  -2.621708138254256  0.87960000000000005  0
6.4086474653510379  -2.1652989033877281  0.87960000000000005  0
8.1840232662584995  -2.4925514036825005  0.87960000000000005  0
8.8557747083856668  -2.5986174208603332  0.87960000000000005  0
9.138617420860335  -2.3157747083856663  0.87960000000000005  0
9.0325514036825005  -1.6440232662584995  0.87960000000000005  0
8.3501933598377871  -0.51618795026571362  0.87960000000000005  0
8.3501933598372862  0.51618795026621322  0.87960000000000005  0
8.9029151604649996  1.5143870230410004  0.87960000000000005  0
9.1621876468999996  1.7736595094760006  0.87960000000000005  0
9.138617420860335  2.3157747083856668  0.87960000000000005  0
8.8557747083856668  2.5986174208603336  0.87960000000000005  0
8.1840232662584995  2.4925514036824996  0.87960000000000005  0
7.0561879502657501  1.8101933598377498  0.87960000000000005  0
6.4086474653508372  2.1652989033874386  0.87960000000000005  0
6.6692002304264335  2.6217081382539487  0.87960000000000005  0
6.8475336819290344  3.1160706703446621  0.87960000000000005  0
6.9383529864231432  3.6337085621099181  0.87960000000000005  0
6.9389616610785758  4.1592528157890314  0.87960000000000005  0
6.8493416339582422  4.677099688714728  0.87960000000000005  0
6.672153780585429  5.171873978342945  0.87960000000000005  0
6.4126589208595881  5.628885521781223  0.87960000000000005  0
6.0785616219723391  6.0345653560547756  0.87960000000000005  0
5.679781444914358  6.3768685892349151  0.87960000000000005  0
5.2281584264095953  6.6456320209301882  0.87960000000000005  0
4.7371015407052877  6.8328758941606846  0.87960000000000005  0
4.2211905786104511  6.933040819410758  0.87960000000000005  0
3.6957432642470769  6.9431528364345354  0.87960000000000005  0
3.1763604620925867  6.8629117130243937  0.87960000000000005  0
2.6784629774053226  6.6946998590958806  0.87960000000000005  0
2.2168337027226013  6.4435115914242447  0.87960000000000005  0
1.8051787043926018  6.1168048492074671  0.87960000000000005  0
1.4557202807596976  5.7242797631148985  0.87960000000000005  0
1.1788340743641825  5.2775906522470919  0.87960000000000005  0
0  4.79  0.87960000000000005  0
-1.1788340743641372  5.2775906522470031  0.87960000000000005  0
-1.4557202807596301  5.7242797631148088  0.87960000000000005  0
-1.8051787043925094  6.116804849207381  0.87960000000000005  0
-2.2168337027224849  6.4435115914241674  0.87960000000000005  0
-2.6784629774051822  6.6946998590958193  0.87960000000000005  0
-3.1763604620924251  6.8629117130243547  0.87960000000000005  0
-3.6957432642468984  6.9431528364345247  0.87960000000000005  0
-4.2211905786102601  6.9330408194107793  0.87960000000000005  0
-4.7371015407050896  6.8328758941607415  0.87960000000000005  0
-5.228158426409399  6.6456320209302842  0.87960000000000005  0
-5.6797814449141697  6.3768685892350518  0.87960000000000005  0
-6.0785616219721668  6.0345653560549515  0.87960000000000005  0
-6.4126589208594407  5.628885521781438  0.87960000000000005  0
-6.6721537805853171  5.1718739783431928  0.87960000000000005  0
-6.8493416339581703  4.6770996887150043  0.87960000000000005  0
-6.9389616610785509  4.1592528157893289  0.87960000000000005  0
-6.9383529864231708  3.6337085621102294  0.87960000000000005  0
-6.8475336819291197  3.1160706703449774  0.87960000000000005  0
-6.6692002304265765  2.621708138254256  0.87960000000000005  0
-6.4086474653510379  2.1652989033877281  0.87960000000000005  0
-6.0736113637760001  1.7603940457959999  2.0198  0
-5.6914718625759999  2.1425335469949998  2.1066666666666665  0
-5.6914718625759999  2.1425335469949998  1.0533333333333332  0
-5.6914718625759999  2.1425335469949998  0  0
-5.6914718625759999  2.1425335469949998  -1.0533333333333337  0
-5.6914718625759999  2.1425335469949998  -2.1066666666666674  0
-6.0736113637760001  1.7603940457959999  -2.0198  0
-1.1788340743641372  5.2775906522470031  -0.87960000000000005  0
-1.4557202807596301  5.7242797631148088  -0.87960000000000005  0
-1.8051787043925094  6.116804849207381  -0.87960000000000005  0
-2.2168337027224849  6.4435115914241674  -0.87960000000000005  0
-2.6784629774051822  6.6946998590958193  -0.87960000000000005  0
-3.1763604620924251  6.8629117130243547  -0.87960000000000005  0
-3.6957432642468984  6.9431528364345247  -0.87960000000000005  0
-4.2211905786102601  6.9330408194107793  -0.87960000000000005  0
-4.7371015407050896  6.8328758941607415  -0.87960000000000005  0
-5.228158426409399  6.6456320209302842  -0.87960000000000005  0
-5.6797814449141697  6.3768685892350518  -0.87960000000000005  0
-6.0785616219721668  6.0345653560549515  -0.87960000000000005  0
-6.4126589208594407  5.628885521781438  -0.87960000000000005  0
-6.6721537805853171  5.1718739783431928  -0.87960000000000005  0
-6.8493416339581703  4.6770996887150043  -0.87960000000000005  0
-6.9389616610785509  4.1592528157893289  -0.87960000000000005  0
-6.9383529864231708  3.6337085621102294  -0.87960000000000005  0
-6.8475336819291197  3.1160706703449774  -0.87960000000000005  0
-6.6692002304265765  2.621708138254256  -0.87960000000000005  0
-6.4086474653510379  2.1652989033877281  -0.87960000000000005  0
-0.98273437689210275  4.79  -2.0198  0
-1.1788324085318824  5.2775873617101778  -3.1600000000000001  0
-1.4557181850731582  5.7242769551846964  -3.1600000000000001  0
-1.8051762918145977  6.1168025693832915  -3.1600000000000001  0
-2.2168310883702658  6.4435098613772226  -3.1600000000000001  0
-2.6784602738411083  6.694698677391834  -3.1600000000000001  0
-3.1763577749448091  6.8629110567340987  -3.1600000000000001  0
-3.6957406883208503  6.9431526635370044  -3.1600000000000001  0
-4.2211881946268512  6.933041071867037  -3.1600000000000001  0
-4.7370994127788002  6.8328765015127022  -3.1600000000000001  0
-5.2281566003424782  6.6456329042620963  -3.1600000000000001  0
-5.6797799473526807  6.3768696653238113  -3.1600000000000001  0
-6.0785604604334518  6.0345665415338985  -3.1600000000000001  0
-6.41265808460588  5.6288867371417695  -3.1600000000000001  0
-6.6721532422858782  5.1718751516103652  -3.1600000000000001  0
-6.8493413520485547  4.6771007586512869  -3.1600000000000001  0
-6.9389615827038567  4.159253734495902  -3.1600000000000001  0
-6.9383530508249995  3.6337092969282994  -3.1600000000000001  0
-6.8475338241225794  3.1160712049852219  -3.1600000000000001  0
-6.6692003850023998  2.621708473116338  -3.1600000000000001  0
-6.4086475702343133  2.1652990550652609  -3.1600000000000001  0
-1.1788324085318824  5.2775873617101778  3.1600000000000001  0
-1.4557181850731582  5.7242769551846964  3.1600000000000001  0
-1.8051762918145977  6.1168025693832915  3.1600000000000001  0
-2.2168310883702658  6.4435098613772226  3.1600000000000001  0
-2.6784602738411083  6.694698677391834  3.1600000000000001  0
-3.1763577749448091  6.8629110567340987  3.1600000000000001  0
-3.6957406883208503  6.9431526635370044  3.1600000000000001  0
-4.2211881946268512  6.933041071867037  3.1600000000000001  0
-4.7370994127788002  6.8328765015127022  3.1600000000000001  0
-5.2281566003424782  6.6456329042620963  3.1600000000000001  0
-5.6797799473526807  6.3768696653238113  3.1600000000000001  0
-6.0785604604334518  6.0345665415338985  3.1600000000000001  0
-6.41265808460588  5.6288867371417695  3.1600000000000001  0
-6.6721532422858782  5.1718751516103652  3.1600000000000001  0
-6.8493413520485547  4.6771007586512869  3.1600000000000001  0
-6.9389615827038567  4.159253734495902  3.1600000000000001  0
-6.9383530508249995  3.6337092969282994  3.1600000000000001  0
-6.8475338241225794  3.1160712049852219  3.1600000000000001  0
-6.6692003850023998  2.621708473116338  3.1600000000000001  0
-6.4086475702343133  2.1652990550652609  3.1600000000000001  0
-0.98273437689209742  4.79  2.0198  0
-3.806023882621  0.91372686996829999  -3.1600000000000001  0
-2.7740192603240796  1.0654511163363449  -3.1600000000000001  0
-2.3020063328350759  1.302132366786021  -3.1600000000000001  0
-1.8778884179479896  1.6166768188162415  -3.1600000000000001  0
-1.5143771635845886  1.9996569566593267  -3.1600000000000001  0
-1.2223677168699325  2.439594112467474  -3.1600000000000001  0
-1.010612175148117  2.9233025045605432  -3.1600000000000001  0
-0.88545726841419059  3.4362844412323756  -3.1600000000000001  0
-0.85065413533558454  3.9631648450804171  -3.1600000000000001  0
-0.34729696858815895  4.6596225226570382  -3.1600000000000001  0
-4.9582489928949033e-07  4.6900071247659385  -3.1600000000000001  0
0.34729599200376016  4.6596226948552815  -3.1600000000000001  0
0.85065413752995189  3.9631649510155995  -3.1600000000000001  0
0.88545725431828304  3.4362845328676905  -3.1600000000000001  0
1.010612149700068  2.9233025798441248  -3.1600000000000001  0
1.2223676851606466  2.4395941706059756  -3.1600000000000001  0
1.514377130575431  1.9996569980978465  -3.1600000000000001  0
1.8778883882018671  1.6166768451594153  -3.1600000000000001  0
2.3020063102725734  1.3021323806646103  -3.1600000000000001  0
2.7740192480151631  1.0654511212258724  -3.1600000000000001  0
5.9717862481342738  2.4837509011889463  -3.1600000000000001  0
6.1879523723659169  2.868819264325313  -3.1600000000000001  0
6.3332771311736007  3.2858158494808025  -3.1600000000000001  0
6.4032608660556072  3.7218292832254716  -3.1600000000000001  0
6.3957366860414808  4.1633593776346363  -3.1600000000000001  0
6.3109375606599301  4.59673513363441  -3.1600000000000001  0
6.1514891065546173  5.0085380331352232  -3.1600000000000001  0
5.9223282910942601  5.3860175136522388  -3.1600000000000001  0
5.6305505701392891  5.7174857611634806  -3.1600000000000001  0
5.2851901930046754  5.9926795973213594  -3.1600000000000001  0
4.8969404769880409  6.2030782559835593  -3.1600000000000001  0
4.4778227125411778  6.3421672098185606  -3.1600000000000001  0
4.0408139507012768  6.4056398781806845  -3.1600000000000001  0
3.5994451975176291  6.3915309708181827  -3.1600000000000001  0
3.1673824564912891  6.3002773387224815  -3.1600000000000001  0
2.7580035911183742  6.1347044480071373  -3.1600000000000001  0
2.383984109048868  5.8999388956228289  -3.1600000000000001  0
2.0569046931348214  5.6032496756650119  -3.1600000000000001  0
1.7868926312976452  5.2538231111106155  -3.1600000000000001  0
1.5823082475425552  4.8624784197228292  -3.1600000000000001  0
1.4494860430876186  4.4413327209942519  -3.1600000000000001  0
1.3925385625975997  4.0034258564446192  -3.1600000000000001  0
1.4132290583692209  3.5623166398796329  -3.1600000000000001  0
1.5109168951386254  3.1316630388251845  -3.1600000000000001  0
1.6825773859299669  2.7247992858867747  -3.1600000000000001  0
1.9228954447721007  2.3543230138419911  -3.1600000000000001  0
2.22443015653496  2.0317051979112195  -3.1600000000000001  0
2.57784516834599  1.7669349824781775  -3.1600000000000001  0
2.9721977690279822  1.5682103894122945  -3.1600000000000001  0
3.3952777058553014  1.4416844845230448  -3.1600000000000001  0
3.8339852479199381  1.3912748615383905  -3.1600000000000001  0
4.274736790214634  1.4185423425129637  -3.1600000000000001  0
1.178832425520957  5.2775873952689327  -3.1600000000000001  0
1.4557182064461314  5.724276983821559  -3.1600000000000001  0
1.8051763164194123  6.1168025926342331  -3.1600000000000001  0
2.2168311150328912  6.443509879021228  -3.1600000000000001  0
2.6784603014135699  6.6946986894435287  -3.1600000000000001  0
3.1763578023498491  6.8629110634273278  -3.1600000000000001  0
3.6957407145915924  6.943152665300321  -3.1600000000000001  0
4.2211882189400578  6.9330410692923561  -3.1600000000000001  0
4.7370994344805926  6.832876495318593  -3.1600000000000001  0
5.2281566189657394  6.645632895253387  -3.1600000000000001  0
5.6797799626256591  6.3768696543492567  -3.1600000000000001  0
6.0785604722794808  6.034566529443719  -3.1600000000000001  0
6.4126580931344677  5.6288867247468426  -3.1600000000000001  0
6.6721532477757624  5.1718751396447278  -3.1600000000000001  0
6.8493413549236299  4.6771007477394733  -3.1600000000000001  0
6.9389615835031666  4.1592537251264154  -3.1600000000000001  0
6.9383530501681943  3.6337092894342105  -3.1600000000000001  0
6.8475338226724105  3.1160711995326573  -3.1600000000000001  0
6.6692003834259479  2.6217084697012245  -3.1600000000000001  0
6.4086475691646534  2.1652990535183667  -3.1600000000000001  0
-4.2747367902145061  1.4185423425129442  -3.1600000000000001  0
-3.8339852479198062  1.3912748615383932  -3.1600000000000001  0
-3.3952777058551673  1.4416844845230719  -3.1600000000000001  0
-2.9721977690278525  1.568210389412346  -3.1600000000000001  0
-2.5778451683458687  1.7669349824782525  -3.1600000000000001  0
-2.2244301565348503  2.0317051979113168  -3.1600000000000001  0
-1.9228954447720086  2.3543230138421087  -3.1600000000000001  0
-1.6825773859298954  2.7247992858869088  -3.1600000000000001  0
-1.5109168951385774  3.1316630388253319  -3.1600000000000001  0
-1.4132290583691987  3.5623166398797919  -3.1600000000000001  0
-1.3925385625976059  4.0034258564447818  -3.1600000000000001  0
-1.4494860430876542  4.4413327209944136  -3.1600000000000001  0
-1.5823082475426204  4.8624784197229864  -3.1600000000000001  0
-1.7868926312977385  5.2538231111107612  -3.1600000000000001  0
-2.0569046931349413  5.6032496756651424  -3.1600000000000001  0
-2.3839841090490106  5.8999388956229373  -3.1600000000000001  0
-2.7580035911185363  6.1347044480072208  -3.1600000000000001  0
-3.1673824564914681  6.3002773387225357  -3.1600000000000001  0
-3.599445197517817  6.3915309708182058  -3.1600000000000001  0
-4.0408139507014695  6.4056398781806738  -3.1600000000000001  0
-4.4778227125413688  6.3421672098185145  -3.1600000000000001  0
-4.8969404769882239  6.2030782559834803  -3.1600000000000001  0
-5.2851901930048442  5.9926795973212474  -3.1600000000000001  0
-5.6305505701394374  5.7174857611633394  -3.1600000000000001  0
-5.9223282910943862  5.3860175136520692  -3.1600000000000001  0
-6.1514891065547106  5.0085380331350322  -3.1600000000000001  0
-6.3109375606599905  4.5967351336342022  -3.1600000000000001  0
-6.3957366860415039  4.1633593776344187  -3.1600000000000001  0
-6.4032608660555912  3.72182928322525  -3.1600000000000001  0
-6.3332771311735456  3.2858158494805827  -3.1600000000000001  0
-6.1879523723658227  2.8688192643251034  -3.1600000000000001  0
-5.9717862481341424  2.4837509011887535  -3.1600000000000001  0
-6.4086474653508372  -2.1652989033874386  -3.1600000000000001  0
-6.6692002304264335  -2.6217081382539487  -3.1600000000000001  0
-6.8475336819290344  -3.1160706703446621  -3.1600000000000001  0
-6.9383529864231432  -3.6337085621099181  -3.1600000000000001  0
-6.9389616610785758  -4.1592528157890314  -3.1600000000000001  0
-6.8493416339582422  -4.677099688714728  -3.1600000000000001  0
-6.672153780585429  -5.171873978342945  -3.1600000000000001  0
-6.4126589208595881  -5.628885521781223  -3.1600000000000001  0
-6.0785616219723391  -6.0345653560547756  -3.1600000000000001  0
-5.679781444914358  -6.3768685892349151  -3.1600000000000001  0
-5.2281584264095953  -6.6456320209301882  -3.1600000000000001  0
-4.7371015407052877  -6.8328758941606846  -3.1600000000000001  0
-4.2211905786104511  -6.933040819410758  -3.1600000000000001  0
-3.6957432642470769  -6.9431528364345354  -3.1600000000000001  0
-3.1763604620925867  -6.8629117130243937  -3.1600000000000001  0
-2.6784629774053226  -6.6946998590958806  -3.1600000000000001  0
-2.2168337027226013  -6.4435115914242447  -3.1600000000000001  0
-1.8051787043926018  -6.1168048492074671  -3.1600000000000001  0
-1.4557202807596976  -5.7242797631148985  -3.1600000000000001  0
-1.1788340743641825  -5.2775906522470919  -3.1600000000000001  0
6.4086474653508372  -2.1652989033874386  -3.1600000000000001  0
6.6692002304264335  -2.6217081382539487  -3.1600000000000001  0
6.8475336819290344  -3.1160706703446621  -3.1600000000000001  0
6.9383529864231432  -3.6337085621099181  -3.1600000000000001  0
6.9389616610785758  -4.1592528157890314  -3.1600000000000001  0
6.8493416339582422  -4.677099688714728  -3.1600000000000001  0
6.672153780585429  -5.171873978342945  -3.1600000000000001  0
6.4126589208595881  -5.628885521781223  -3.1600000000000001  0
6.0785616219723391  -6.0345653560547756  -3.1600000000000001  0
5.679781444914358  -6.3768685892349151  -3.1600000000000001  0
5.2281584264095953  -6.6456320209301882  -3.1600000000000001  0
4.7371015407052877  -6.8328758941606846  -3.1600000000000001  0
4.2211905786104511  -6.933040819410758  -3.1600000000000001  0
3.6957432642470769  -6.9431528364345354  -3.1600000000000001  0
3.1763604620925867  -6.8629117130243937  -3.1600000000000001  0
2.6784629774053226  -6.6946998590958806  -3.1600000000000001  0
2.2168337027226013  -6.4435115914242447  -3.1600000000000001  0
1.8051787043926018  -6.1168048492074671  -3.1600000000000001  0
1.4557202807596976  -5.7242797631148985  -3.1600000000000001  0
1.1788340743641825  -5.2775906522470919  -3.1600000000000001  0
4.2747367902142788  -1.41854234251291  -3.1600000000000001  0
3.8339852479195828  -1.3912748615383994  -3.1600000000000001  0
3.3952777058549564  -1.4416844845231154  -3.1600000000000001  0
2.9721977690276589  -1.5682103894124229  -3.1600000000000001  0
2.5778451683456978  -1.7669349824783587  -3.1600000000000001  0
2.224430156534706  -2.0317051979114469  -3.1600000000000001  0
1.9228954447718933  -2.3543230138422562  -3.1600000000000001  0
1.682577385929811  -2.7247992858870678  -3.1600000000000001  0
1.510916895138525  -3.1316630388254962  -3.1600000000000001  0
1.4132290583691764  -3.5623166398799553  -3.1600000000000001  0
1.3925385625976126  -4.0034258564449399  -3.1600000000000001  0
1.449486043087687  -4.441332720994561  -3.1600000000000001  0
1.5823082475426755  -4.8624784197231179  -3.1600000000000001  0
1.7868926312978117  -5.2538231111108757  -3.1600000000000001  0
2.0569046931350288  -5.6032496756652366  -3.1600000000000001  0
2.3839841090491078  -5.899938895623011  -3.1600000000000001  0
2.7580035911186389  -6.1347044480072732  -3.1600000000000001  0
3.1673824564915707  -6.3002773387225677  -3.1600000000000001  0
3.5994451975179169  -6.3915309708182182  -3.1600000000000001  0
4.0408139507015628  -6.4056398781806685  -3.1600000000000001  0
4.4778227125414514  -6.3421672098184949  -3.1600000000000001  0
4.8969404769882949  -6.2030782559834492  -3.1600000000000001  0
5.2851901930049054  -5.9926795973212066  -3.1600000000000001  0
5.6305505701394836  -5.717485761163295  -3.1600000000000001  0
5.9223282910944182  -5.3860175136520256  -3.1600000000000001  0
6.1514891065547319  -5.0085380331349887  -3.1600000000000001  0
6.310937560660002  -4.5967351336341631  -3.1600000000000001  0
6.3957366860415075  -4.163359377634384  -3.1600000000000001  0
6.4032608660555894  -3.721829283225222  -3.1600000000000001  0
6.3332771311735403  -3.285815849480564  -3.1600000000000001  0
6.1879523723658174  -2.8688192643250918  -3.1600000000000001  0
5.9717862481341397  -2.4837509011887491  -3.1600000000000001  0
3.8023379907065005  -0.91500000000000004  -3.1600000000000001  0
2.7677912134845961  -1.0679330403859937  -3.1600000000000001  0
2.2958963136444437  -1.3059006643113067  -3.1600000000000001  0
1.8721656312710078  -1.6217577448828022  -3.1600000000000001  0
1.5093219453883302  -2.0060204755071487  -3.1600000000000001  0
1.2182598648311949  -2.4471511271213364  -3.1600000000000001  0
1.0077187107940548  -2.9319044757312414  -3.1600000000000001  0
0.8840201132407306  -3.4457254985545069  -3.1600000000000001  0
0.85087820000694947  -3.973186397692074  -3.1600000000000001  0
0.34754161807697698  -4.670770111126874  -3.1600000000000001  0
-0.00067894670353872656  -4.7011977520448394  -3.1600000000000001  0
-0.34887877247936949  -4.6705336949490288  -3.1600000000000001  0
-0.85087471768198997  -3.9730411714659293  -3.1600000000000001  0
-0.88403904785760012  -3.4455998072708254  -3.1600000000000001  0
-1.0077532945916219  -2.9318011593405076  -3.1600000000000001  0
-1.2183031144636285  -2.4470712976527276  -3.1600000000000001  0
-1.509367050092929  -2.005963543429373  -3.1600000000000001  0
-1.8722063228604977  -1.6217215264693698  -3.1600000000000001  0
-2.2959272022457591  -1.3058815640944834  -3.1600000000000001  0
-2.7678080745139146  -1.0679262997117971  -3.1600000000000001  0
-3.8023379907065005  -0.91500000000000004  -3.1600000000000001  0
-5.9717862481343724  -2.4837509011890893  -3.1600000000000001  0
-6.1879523723659862  -2.8688192643254666  -3.1600000000000001  0
-6.3332771311736407  -3.2858158494809611  -3.1600000000000001  0
-6.4032608660556178  -3.7218292832256288  -3.1600000000000001  0
-6.3957366860414648  -4.1633593776347881  -3.1600000000000001  0
-6.3109375606598892  -4.5967351336345512  -3.1600000000000001  0
-6.1514891065545543  -5.0085380331353502  -3.1600000000000001  0
-5.9223282910941801  -5.386017513652348  -3.1600000000000001  0
-5.6305505701391949  -5.7174857611635703  -3.1600000000000001  0
-5.2851901930045715  -5.9926795973214277  -3.1600000000000001  0
-4.8969404769879308  -6.2030782559836073  -3.1600000000000001  0
-4.4778227125410659  -6.3421672098185864  -3.1600000000000001  0
-4.0408139507011684  -6.4056398781806898  -3.1600000000000001  0
-3.5994451975175266  -6.3915309708181711  -3.1600000000000001  0
-3.1673824564911959  -6.3002773387224522  -3.1600000000000001  0
-2.7580035911182921  -6.1347044480070956  -3.1600000000000001  0
-2.3839841090487992  -5.8999388956227765  -3.1600000000000001  0
-2.0569046931347663  -5.6032496756649524  -3.1600000000000001  0
-1.7868926312976039  -5.2538231111105507  -3.1600000000000001  0
-1.5823082475425281  -4.8624784197227644  -3.1600000000000001  0
-1.4494860430876049  -4.4413327209941889  -3.1600000000000001  0
-1.392538562597597  -4.0034258564445597  -3.1600000000000001  0
-1.4132290583692275  -3.5623166398795787  -3.1600000000000001  0
-1.5109168951386405  -3.131663038825137  -3.1600000000000001  0
-1.6825773859299868  -2.7247992858867365  -3.1600000000000001  0
-1.9228954447721232  -2.3543230138419622  -3.1600000000000001  0
-2.2244301565349835  -2.0317051979111973  -3.1600000000000001  0
-2.5778451683460135  -1.7669349824781628  -3.1600000000000001  0
-2.9721977690280017  -1.5682103894122865  -3.1600000000000001  0
-3.3952777058553179  -1.4416844845230412  -3.1600000000000001  0
-3.8339852479199501  -1.3912748615383896  -3.1600000000000001  0
-4.2747367902146394  -1.4185423425129642  -3.1600000000000001  0
-2.097390022391  0.91372686996829999  -3.8600000000000003  0
-4.33226772046  0.91372686996829999  2.8440000000000003  0
-4.33226772046  0.91372686996829999  2.528  0
-4.33226772046  0.91372686996829999  2.2120000000000002  0
-4.33226772046  0.91372686996829999  1.8960000000000001  0
-4.33226772046  0.91372686996829999  1.5800000000000001  0
-4.33226772046  0.91372686996829999  1.2640000000000002  0
-4.33226772046  0.91372686996829999  0.94799999999999995  0
-4.33226772046  0.91372686996829999  0.63200000000000012  0
-4.33226772046  0.91372686996829999  0.31600000000000028  0
-4.33226772046  0.91372686996829999  0  0
-4.33226772046  0.91372686996829999  -0.31599999999999984  0
-4.33226772046  0.91372686996829999  -0.63199999999999967  0
-4.33226772046  0.91372686996829999  -0.94799999999999951  0
-4.33226772046  0.91372686996829999  -1.2640000000000002  0
-4.33226772046  0.91372686996829999  -1.5800000000000001  0
-4.33226772046  0.91372686996829999  -1.8959999999999999  0
-4.33226772046  0.91372686996829999  -2.2119999999999997  0
-4.33226772046  0.91372686996829999  -2.5279999999999996  0
-4.33226772046  0.91372686996829999  -2.8440000000000003  0
-3.806023882621  0.91372686996829999  3.1600000000000001  0
-2.097390022391  0.91372686996829999  3.8600000000000003  0
-0.91500000000000004  0.91372686996829999  1.9300000000000002  0
-0.91500000000000004  0.91372686996829999  0  0
-0.91500000000000004  0.91372686996829999  -1.9300000000000006  0
0  2.375  -3.8600000000000003  0
2.097390022391  0.91372686996829999  -3.8600000000000003  0
0.85065413752995189  3.9631649510155995  -3.8600000000000003  0
0.88545725431828304  3.4362845328676905  -3.8600000000000003  0
1.010612149700068  2.9233025798441248  -3.8600000000000003  0
1.2223676851606466  2.4395941706059756  -3.8600000000000003  0
1.514377130575431  1.9996569980978465  -3.8600000000000003  0
1.8778883882018671  1.6166768451594153  -3.8600000000000003  0
2.3020063102725734  1.3021323806646103  -3.8600000000000003  0
2.7740192480151631  1.0654511212258724  -3.8600000000000003  0
0.34729599200374994  4.6596226948552832  -3.8600000000000003  0
-4.9582485190730974e-07  4.6900071247659385  -3.8600000000000003  0
-0.34729696858805575  4.6596225226570569  -3.8600000000000003  0
-2.7740192603240796  1.0654511163363449  -3.8600000000000003  0
-2.3020063328350759  1.302132366786021  -3.8600000000000003  0
-1.8778884179479896  1.6166768188162415  -3.8600000000000003  0
-1.5143771635845886  1.9996569566593267  -3.8600000000000003  0
-1.2223677168699325  2.439594112467474  -3.8600000000000003  0
-1.010612175148117  2.9233025045605432  -3.8600000000000003  0
-0.88545726841419059  3.4362844412323756  -3.8600000000000003  0
-0.85065413533558454  3.9631648450804171  -3.8600000000000003  0
-2.0943406954919999  -0.91500000000000004  -3.8600000000000003  0
-0.85087471768198997  -3.9730411714659293  -3.8600000000000003  0
-0.88403904785760012  -3.4455998072708254  -3.8600000000000003  0
-1.0077532945916219  -2.9318011593405076  -3.8600000000000003  0
-1.2183031144636285  -2.4470712976527276  -3.8600000000000003  0
-1.509367050092929  -2.005963543429373  -3.8600000000000003  0
-1.8722063228604977  -1.6217215264693698  -3.8600000000000003  0
-2.2959272022457591  -1.3058815640944834  -3.8600000000000003  0
-2.7678080745139146  -1.0679262997117971  -3.8600000000000003  0
-0.34887877247946908  -4.670533694949011  -3.8600000000000003  0
-0.00067894670362895354  -4.7011977520448403  -3.8600000000000003  0
0.34754161807689893  -4.6707701111268873  -3.8600000000000003  0
2.7677912134845961  -1.0679330403859937  -3.8600000000000003  0
2.2958963136444437  -1.3059006643113067  -3.8600000000000003  0
1.8721656312710078  -1.6217577448828022  -3.8600000000000003  0
1.5093219453883302  -2.0060204755071487  -3.8600000000000003  0
1.2182598648311949  -2.4471511271213364  -3.8600000000000003  0
1.0077187107940548  -2.9319044757312414  -3.8600000000000003  0
0.8840201132407306  -3.4457254985545069  -3.8600000000000003  0
0.85087820000694947  -3.973186397692074  -3.8600000000000003  0
2.0943406954919999  -0.91500000000000004  -3.8600000000000003  0
0  -2.375  -3.8600000000000003  0
-0.91500000000000004  2.375  1.9300000000000002  0
-0.91500000000000004  2.375  0  0
-0.91500000000000004  2.375  -1.9300000000000006  0
-2.7740192603240796  1.0654511163363449  3.8600000000000003  0
-2.3020063328350759  1.302132366786021  3.8600000000000003  0
-1.8778884179479896  1.6166768188162415  3.8600000000000003  0
-1.5143771635845886  1.9996569566593267  3.8600000000000003  0
-1.2223677168699325  2.439594112467474  3.8600000000000003  0
-1.010612175148117  2.9233025045605432  3.8600000000000003  0
-0.88545726841419059  3.4362844412323756  3.8600000000000003  0
-0.85065413533558454  3.9631648450804171  3.8600000000000003  0
0.34729599200374994  4.6596226948552832  3.8600000000000003  0
-4.9582485190730974e-07  4.6900071247659385  3.8600000000000003  0
-0.34729696858805575  4.6596225226570569  3.8600000000000003  0
0.85065413752995189  3.9631649510155995  3.8600000000000003  0
0.88545725431828304  3.4362845328676905  3.8600000000000003  0
1.010612149700068  2.9233025798441248  3.8600000000000003  0
1.2223676851606466  2.4395941706059756  3.8600000000000003  0
1.514377130575431  1.9996569980978465  3.8600000000000003  0
1.8778883882018671  1.6166768451594153  3.8600000000000003  0
2.3020063102725734  1.3021323806646103  3.8600000000000003  0
2.7740192480151631  1.0654511212258724  3.8600000000000003  0
2.097390022391  0.91372686996829999  3.8600000000000003  0
0  2.375  3.8600000000000003  0
-2.0943406954919999  -0.91500000000000004  3.8600000000000003  0
0  -2.375  3.8600000000000003  0
2.0943406954919999  -0.91500000000000004  3.8600000000000003  0
2.7677912134845961  -1.0679330403859937  3.8600000000000003  0
2.2958963136444437  -1.3059006643113067  3.8600000000000003  0
1.8721656312710078  -1.6217577448828022  3.8600000000000003  0
1.5093219453883302  -2.0060204755071487  3.8600000000000003  0
1.2182598648311949  -2.4471511271213364  3.8600000000000003  0
1.0077187107940548  -2.9319044757312414  3.8600000000000003  0
0.8840201132407306  -3.4457254985545069  3.8600000000000003  0
0.85087820000694947  -3.973186397692074  3.8600000000000003  0
-0.34887877247946908  -4.670533694949011  3.8600000000000003  0
-0.00067894670362895354  -4.7011977520448403  3.8600000000000003  0
0.34754161807689893  -4.6707701111268873  3.8600000000000003  0
-0.85087471768198997  -3.9730411714659293  3.8600000000000003  0
-0.88403904785760012  -3.4455998072708254  3.8600000000000003  0
-1.0077532945916219  -2.9318011593405076  3.8600000000000003  0
-1.2183031144636285  -2.4470712976527276  3.8600000000000003  0
-1.509367050092929  -2.005963543429373  3.8600000000000003  0
-1.8722063228604977  -1.6217215264693698  3.8600000000000003  0
-2.2959272022457591  -1.3058815640944834  3.8600000000000003  0
-2.7678080745139146  -1.0679262997117971  3.8600000000000003  0
-2.7740192603240796  1.0654511163363449  3.1600000000000001  0
-2.3020063328350759  1.302132366786021  3.1600000000000001  0
-1.8778884179479896  1.6166768188162415  3.1600000000000001  0
-1.5143771635845886  1.9996569566593267  3.1600000000000001  0
-1.2223677168699325  2.439594112467474  3.1600000000000001  0
-1.010612175148117  2.9233025045605432  3.1600000000000001  0
-0.88545726841419059  3.4362844412323756  3.1600000000000001  0
-0.85065413533558454  3.9631648450804171  3.1600000000000001  0
-0.90724589424979996  4.4881520743099994  3.5100000000000002  0
-4.2747367902145061  1.4185423425129442  3.1600000000000001  0
-3.8339852479198062  1.3912748615383932  3.1600000000000001  0
-3.3952777058551673  1.4416844845230719  3.1600000000000001  0
-2.9721977690278525  1.568210389412346  3.1600000000000001  0
-2.5778451683458687  1.7669349824782525  3.1600000000000001  0
-2.2244301565348503  2.0317051979113168  3.1600000000000001  0
-1.9228954447720086  2.3543230138421087  3.1600000000000001  0
-1.6825773859298954  2.7247992858869088  3.1600000000000001  0
-1.5109168951385774  3.1316630388253319  3.1600000000000001  0
-1.4132290583691987  3.5623166398797919  3.1600000000000001  0
-1.3925385625976059  4.0034258564447818  3.1600000000000001  0
-1.4494860430876542  4.4413327209944136  3.1600000000000001  0
-1.5823082475426204  4.8624784197229864  3.1600000000000001  0
-1.7868926312977385  5.2538231111107612  3.1600000000000001  0
-2.0569046931349413  5.6032496756651424  3.1600000000000001  0
-2.3839841090490106  5.8999388956229373  3.1600000000000001  0
-2.7580035911185363  6.1347044480072208  3.1600000000000001  0
-3.1673824564914681  6.3002773387225357  3.1600000000000001  0
-3.599445197517817  6.3915309708182058  3.1600000000000001  0
-4.0408139507014695  6.4056398781806738  3.1600000000000001  0
-4.4778227125413688  6.3421672098185145  3.1600000000000001  0
-4.8969404769882239  6.2030782559834803  3.1600000000000001  0
-5.2851901930048442  5.9926795973212474  3.1600000000000001  0
-5.6305505701394374  5.7174857611633394  3.1600000000000001  0
-5.9223282910943862  5.3860175136520692  3.1600000000000001  0
-6.1514891065547106  5.0085380331350322  3.1600000000000001  0
-6.3109375606599905  4.5967351336342022  3.1600000000000001  0
-6.3957366860415039  4.1633593776344187  3.1600000000000001  0
-6.4032608660555912  3.72182928322525  3.1600000000000001  0
-6.3332771311735456  3.2858158494805827  3.1600000000000001  0
-6.1879523723658227  2.8688192643251034  3.1600000000000001  0
-5.9717862481341424  2.4837509011887535  3.1600000000000001  0
6.4086475691644553  2.1652990535180789  3.1600000000000001  0
6.6692003834258085  2.6217084697009234  3.1600000000000001  0
6.8475338226723306  3.116071199532354  3.1600000000000001  0
6.9383530501681676  3.6337092894339142  3.1600000000000001  0
6.9389615835031915  4.1592537251261366  3.1600000000000001  0
6.8493413549236966  4.6771007477392192  3.1600000000000001  0
6.6721532477758636  5.171875139644504  3.1600000000000001  0
6.4126580931345956  5.6288867247466552  3.1600000000000001  0
6.0785604722796283  6.0345665294435697  3.1600000000000001  0
5.6797799626258154  6.3768696543491448  3.1600000000000001  0
5.2281566189658966  6.6456328952533106  3.1600000000000001  0
4.7370994344807444  6.8328764953185495  3.1600000000000001  0
4.2211882189401964  6.9330410692923401  3.1600000000000001  0
3.6957407145917154  6.943152665300329  3.1600000000000001  0
3.1763578023499521  6.8629110634273527  3.1600000000000001  0
2.6784603014136508  6.6946986894435643  3.1600000000000001  0
2.2168311150329503  6.443509879021267  3.1600000000000001  0
1.8051763164194505  6.1168025926342695  3.1600000000000001  0
1.4557182064461527  5.7242769838215875  3.1600000000000001  0
1.178832425520965  5.2775873952689496  3.1600000000000001  0
5.9717862481342738  2.4837509011889463  3.1600000000000001  0
6.1879523723659169  2.868819264325313  3.1600000000000001  0
6.3332771311736007  3.2858158494808025  3.1600000000000001  0
6.4032608660556072  3.7218292832254716  3.1600000000000001  0
6.3957366860414808  4.1633593776346363  3.1600000000000001  0
6.3109375606599301  4.59673513363441  3.1600000000000001  0
6.1514891065546173  5.0085380331352232  3.1600000000000001  0
5.9223282910942601  5.3860175136522388  3.1600000000000001  0
5.6305505701392891  5.7174857611634806  3.1600000000000001  0
5.2851901930046754  5.9926795973213594  3.1600000000000001  0
4.8969404769880409  6.2030782559835593  3.1600000000000001  0
4.4778227125411778  6.3421672098185606  3.1600000000000001  0
4.0408139507012768  6.4056398781806845  3.1600000000000001  0
3.5994451975176291  6.3915309708181827  3.1600000000000001  0
3.1673824564912891  6.3002773387224815  3.1600000000000001  0
2.7580035911183742  6.1347044480071373  3.1600000000000001  0
2.383984109048868  5.8999388956228289  3.1600000000000001  0
2.0569046931348214  5.6032496756650119  3.1600000000000001  0
1.7868926312976452  5.2538231111106155  3.1600000000000001  0
1.5823082475425552  4.8624784197228292  3.1600000000000001  0
1.4494860430876186  4.4413327209942519  3.1600000000000001  0
1.3925385625975997  4.0034258564446192  3.1600000000000001  0
1.4132290583692209  3.5623166398796329  3.1600000000000001  0
1.5109168951386254  3.1316630388251845  3.1600000000000001  0
1.6825773859299669  2.7247992858867747  3.1600000000000001  0
1.9228954447721007  2.3543230138419911  3.1600000000000001  0
2.22443015653496  2.0317051979112195  3.1600000000000001  0
2.57784516834599  1.7669349824781775  3.1600000000000001  0
2.9721977690279822  1.5682103894122945  3.1600000000000001  0
3.3952777058553014  1.4416844845230448  3.1600000000000001  0
3.8339852479199381  1.3912748615383905  3.1600000000000001  0
4.274736790214634  1.4185423425129637  3.1600000000000001  0
0.85065413752995189  3.9631649510155995  3.1600000000000001  0
0.88545725431828304  3.4362845328676905  3.1600000000000001  0
1.010612149700068  2.9233025798441248  3.1600000000000001  0
1.2223676851606466  2.4395941706059756  3.1600000000000001  0
1.514377130575431  1.9996569980978465  3.1600000000000001  0
1.8778883882018671  1.6166768451594153  3.1600000000000001  0
2.3020063102725734  1.3021323806646103  3.1600000000000001  0
2.7740192480151631  1.0654511212258724  3.1600000000000001  0
-0.34729696858815895  4.6596225226570382  3.1600000000000001  0
-4.9582489928949033e-07  4.6900071247659385  3.1600000000000001  0
0.34729599200376016  4.6596226948552815  3.1600000000000001  0
-5.9717862481343724  -2.4837509011890893  3.1600000000000001  0
-6.1879523723659862  -2.8688192643254666  3.1600000000000001  0
-6.3332771311736407  -3.2858158494809611  3.1600000000000001  0
-6.4032608660556178  -3.7218292832256288  3.1600000000000001  0
-6.3957366860414648  -4.1633593776347881  3.1600000000000001  0
-6.3109375606598892  -4.5967351336345512  3.1600000000000001  0
-6.1514891065545543  -5.0085380331353502  3.1600000000000001  0
-5.9223282910941801  -5.386017513652348  3.1600000000000001  0
-5.6305505701391949  -5.7174857611635703  3.1600000000000001  0
-5.2851901930045715  -5.9926795973214277  3.1600000000000001  0
-4.8969404769879308  -6.2030782559836073  3.1600000000000001  0
-4.4778227125410659  -6.3421672098185864  3.1600000000000001  0
-4.0408139507011684  -6.4056398781806898  3.1600000000000001  0
-3.5994451975175266  -6.3915309708181711  3.1600000000000001  0
-3.1673824564911959  -6.3002773387224522  3.1600000000000001  0
-2.7580035911182921  -6.1347044480070956  3.1600000000000001  0
-2.3839841090487992  -5.8999388956227765  3.1600000000000001  0
-2.0569046931347663  -5.6032496756649524  3.1600000000000001  0
-1.7868926312976039  -5.2538231111105507  3.1600000000000001  0
-1.5823082475425281  -4.8624784197227644  3.1600000000000001  0
-1.4494860430876049  -4.4413327209941889  3.1600000000000001  0
-1.392538562597597  -4.0034258564445597  3.1600000000000001  0
-1.4132290583692275  -3.5623166398795787  3.1600000000000001  0
-1.5109168951386405  -3.131663038825137  3.1600000000000001  0
-1.6825773859299868  -2.7247992858867365  3.1600000000000001  0
-1.9228954447721232  -2.3543230138419622  3.1600000000000001  0
-2.2244301565349835  -2.0317051979111973  3.1600000000000001  0
-2.5778451683460135  -1.7669349824781628  3.1600000000000001  0
-2.9721977690280017  -1.5682103894122865  3.1600000000000001  0
-3.3952777058553179  -1.4416844845230412  3.1600000000000001  0
-3.8339852479199501  -1.3912748615383896  3.1600000000000001  0
-4.2747367902146394  -1.4185423425129642  3.1600000000000001  0
-3.8023379907065005  -0.91500000000000004  3.1600000000000001  0
-0.85087471768198997  -3.9730411714659293  3.1600000000000001  0
-0.88403904785760012  -3.4455998072708254  3.1600000000000001  0
-1.0077532945916219  -2.9318011593405076  3.1600000000000001  0
-1.2183031144636285  -2.4470712976527276  3.1600000000000001  0
-1.509367050092929  -2.005963543429373  3.1600000000000001  0
-1.8722063228604977  -1.6217215264693698  3.1600000000000001  0
-2.2959272022457591  -1.3058815640944834  3.1600000000000001  0
-2.7678080745139146  -1.0679262997117971  3.1600000000000001  0
0.34754161807697698  -4.670770111126874  3.1600000000000001  0
-0.00067894670353872656  -4.7011977520448394  3.1600000000000001  0
-0.34887877247936949  -4.6705336949490288  3.1600000000000001  0
2.7677912134845961  -1.0679330403859937  3.1600000000000001  0
2.2958963136444437  -1.3059006643113067  3.1600000000000001  0
1.8721656312710078  -1.6217577448828022  3.1600000000000001  0
1.5093219453883302  -2.0060204755071487  3.1600000000000001  0
1.2182598648311949  -2.4471511271213364  3.1600000000000001  0
1.0077187107940548  -2.9319044757312414  3.1600000000000001  0
0.8840201132407306  -3.4457254985545069  3.1600000000000001  0
0.85087820000694947  -3.973186397692074  3.1600000000000001  0
3.8023379907065005  -0.91500000000000004  3.1600000000000001  0
4.2747367902142788  -1.41854234251291  3.1600000000000001  0
3.8339852479195828  -1.3912748615383994  3.1600000000000001  0
3.3952777058549564  -1.4416844845231154  3.1600000000000001  0
2.9721977690276589  -1.5682103894124229  3.1600000000000001  0
2.5778451683456978  -1.7669349824783587  3.1600000000000001  0
2.224430156534706  -2.0317051979114469  3.1600000000000001  0
1.9228954447718933  -2.3543230138422562  3.1600000000000001  0
1.682577385929811  -2.7247992858870678  3.1600000000000001  0
1.510916895138525  -3.1316630388254962  3.1600000000000001  0
1.4132290583691764  -3.5623166398799553  3.1600000000000001  0
1.3925385625976126  -4.0034258564449399  3.1600000000000001  0
1.449486043087687  -4.441332720994561  3.1600000000000001  0
1.5823082475426755  -4.8624784197231179  3.1600000000000001  0
1.7868926312978117  -5.2538231111108757  3.1600000000000001  0
2.0569046931350288  -5.6032496756652366  3.1600000000000001  0
2.3839841090491078  -5.899938895623011  3.1600000000000001  0
2.7580035911186389  -6.1347044480072732  3.1600000000000001  0
3.1673824564915707  -6.3002773387225677  3.1600000000000001  0
3.5994451975179169  -6.3915309708182182  3.1600000000000001  0
4.0408139507015628  -6.4056398781806685  3.1600000000000001  0
4.4778227125414514  -6.3421672098184949  3.1600000000000001  0
4.8969404769882949  -6.2030782559834492  3.1600000000000001  0
5.2851901930049054  -5.9926795973212066  3.1600000000000001  0
5.6305505701394836  -5.717485761163295  3.1600000000000001  0
5.9223282910944182  -5.3860175136520256  3.1600000000000001  0
6.1514891065547319  -5.0085380331349887  3.1600000000000001  0
6.310937560660002  -4.5967351336341631  3.1600000000000001  0
6.3957366860415075  -4.163359377634384  3.1600000000000001  0
6.4032608660555894  -3.721829283225222  3.1600000000000001  0
6.3332771311735403  -3.285815849480564  3.1600000000000001  0
6.1879523723658174  -2.8688192643250918  3.1600000000000001  0
5.9717862481341397  -2.4837509011887491  3.1600000000000001  0
1.1788340743641372  -5.2775906522470031  3.1600000000000001  0
1.4557202807596301  -5.7242797631148088  3.1600000000000001  0
1.8051787043925094  -6.116804849207381  3.1600000000000001  0
2.2168337027224849  -6.4435115914241674  3.1600000000000001  0
2.6784629774051822  -6.6946998590958193  3.1600000000000001  0
3.1763604620924251  -6.8629117130243547  3.1600000000000001  0
3.6957432642468984  -6.9431528364345247  3.1600000000000001  0
4.2211905786102601  -6.9330408194107793  3.1600000000000001  0
4.7371015407050896  -6.8328758941607415  3.1600000000000001  0
5.228158426409399  -6.6456320209302842  3.1600000000000001  0
5.6797814449141697  -6.3768685892350518  3.1600000000000001  0
6.0785616219721668  -6.0345653560549515  3.1600000000000001  0
6.4126589208594407  -5.628885521781438  3.1600000000000001  0
6.6721537805853171  -5.1718739783431928  3.1600000000000001  0
6.8493416339581703  -4.6770996887150043  3.1600000000000001  0
6.9389616610785509  -4.1592528157893289  3.1600000000000001  0
6.9383529864231708  -3.6337085621102294  3.1600000000000001  0
6.8475336819291197  -3.1160706703449774  3.1600000000000001  0
6.6692002304265765  -2.621708138254256  3.1600000000000001  0
6.4086474653510379  -2.1652989033877281  3.1600000000000001  0
-6.4086474653508372  -2.1652989033874386  3.1600000000000001  0
-6.6692002304264335  -2.6217081382539487  3.1600000000000001  0
-6.8475336819290344  -3.1160706703446621  3.1600000000000001  0
-6.9383529864231432  -3.6337085621099181  3.1600000000000001  0
-6.9389616610785758  -4.1592528157890314  3.1600000000000001  0
-6.8493416339582422  -4.677099688714728  3.1600000000000001  0
-6.672153780585429  -5.171873978342945  3.1600000000000001  0
-6.4126589208595881  -5.628885521781223  3.1600000000000001  0
-6.0785616219723391  -6.0345653560547756  3.1600000000000001  0
-5.679781444914358  -6.3768685892349151  3.1600000000000001  0
-5.2281584264095953  -6.6456320209301882  3.1600000000000001  0
-4.7371015407052877  -6.8328758941606846  3.1600000000000001  0
-4.2211905786104511  -6.933040819410758  3.1600000000000001  0
-3.6957432642470769  -6.9431528364345354  3.1600000000000001  0
-3.1763604620925867  -6.8629117130243937  3.1600000000000001  0
-2.6784629774053226  -6.6946998590958806  3.1600000000000001  0
-2.2168337027226013  -6.4435115914242447  3.1600000000000001  0
-1.8051787043926018  -6.1168048492074671  3.1600000000000001  0
-1.4557202807596976  -5.7242797631148985  3.1600000000000001  0
-1.1788340743641825  -5.2775906522470919  3.1600000000000001  0
-4.2136186898960002  1.0323759005319999  2.872727272727273  0
-4.2136186898960002  1.0323759005319999  2.5854545454545454  0
-4.2136186898960002  1.0323759005319999  2.2981818181818183  0
-4.2136186898960002  1.0323759005319999  2.0109090909090908  0
-4.2136186898960002  1.0323759005319999  1.7236363636363636  0
-4.2136186898960002  1.0323759005319999  1.4363636363636365  0
-4.2136186898960002  1.0323759005319999  1.1490909090909089  0
-4.2136186898960002  1.0323759005319999  0.86181818181818182  0
-4.2136186898960002  1.0323759005319999  0.57454545454545469  0
-4.2136186898960002  1.0323759005319999  0.28727272727272712  0
-4.2136186898960002  1.0323759005319999  0  0
-4.2136186898960002  1.0323759005319999  -0.28727272727272712  0
-4.2136186898960002  1.0323759005319999  -0.57454545454545469  0
-4.2136186898960002  1.0323759005319999  -0.86181818181818226  0
-4.2136186898960002  1.0323759005319999  -1.1490909090909094  0
-4.2136186898960002  1.0323759005319999  -1.4363636363636365  0
-4.2136186898960002  1.0323759005319999  -1.7236363636363636  0
-4.2136186898960002  1.0323759005319999  -2.0109090909090908  0
-4.2136186898960002  1.0323759005319999  -2.2981818181818188  0
-4.2136186898960002  1.0323759005319999  -2.5854545454545459  0
-4.2136186898960002  1.0323759005319999  -2.872727272727273  0
-4.7038854398029999  1.522642650439  2.6333333333333333  0
-4.7038854398029999  1.522642650439  2.1066666666666665  0
-4.7038854398029999  1.522642650439  1.5800000000000001  0
-4.7038854398029999  1.522642650439  1.0533333333333332  0
-4.7038854398029999  1.522642650439  0.52666666666666639  0
-4.7038854398029999  1.522642650439  0  0
-4.7038854398029999  1.522642650439  -0.52666666666666684  0
-4.7038854398029999  1.522642650439  -1.0533333333333337  0
-4.7038854398029999  1.522642650439  -1.5800000000000001  0
-4.7038854398029999  1.522642650439  -2.1066666666666674  0
-4.7038854398029999  1.522642650439  -2.6333333333333337  0
0.98273444456628678  4.79  2.0198  0
0.9827344445663132  4.79  -2.0198  0
0  4.79  -0.87960000000000005  0
6.4086474653508372  2.1652989033874386  -0.87960000000000005  0
6.6692002304264335  2.6217081382539487  -0.87960000000000005  0
6.8475336819290344  3.1160706703446621  -0.87960000000000005  0
6.9383529864231432  3.6337085621099181  -0.87960000000000005  0
6.9389616610785758  4.1592528157890314  -0.87960000000000005  0
6.8493416339582422  4.677099688714728  -0.87960000000000005  0
6.672153780585429  5.171873978342945  -0.87960000000000005  0
6.4126589208595881  5.628885521781223  -0.87960000000000005  0
6.0785616219723391  6.0345653560547756  -0.87960000000000005  0
5.679781444914358  6.3768685892349151  -0.87960000000000005  0
5.2281584264095953  6.6456320209301882  -0.87960000000000005  0
4.7371015407052877  6.8328758941606846  -0.87960000000000005  0
4.2211905786104511  6.933040819410758  -0.87960000000000005  0
3.6957432642470769  6.9431528364345354  -0.87960000000000005  0
3.1763604620925867  6.8629117130243937  -0.87960000000000005  0
2.6784629774053226  6.6946998590958806  -0.87960000000000005  0
2.2168337027226013  6.4435115914242447  -0.87960000000000005  0
1.8051787043926018  6.1168048492074671  -0.87960000000000005  0
1.4557202807596976  5.7242797631148985  -0.87960000000000005  0
1.1788340743641825  5.2775906522470919  -0.87960000000000005  0
6.0736113637760001  1.7603940457959999  -2.3998666666666666  0
6.0736113637760001  1.7603940457959999  -1.6397333333333333  0
6.0736113637760001  1.7603940457959999  2.0198  0
6.54  1.2940054095709999  0  0
5.6914718625759999  2.1425335469949998  2.1066666666666665  0
5.6914718625759999  2.1425335469949998  1.0533333333333332  0
5.6914718625759999  2.1425335469949998  0  0
5.6914718625759999  2.1425335469949998  -1.0533333333333337  0
5.6914718625759999  2.1425335469949998  -2.1066666666666674  0
7.5723759005320002  2.3263813101039998  0.43980000000000002  0
7.5723759005320002  2.3263813101039998  0  0
7.5723759005320002  2.3263813101039998  -0.43980000000000008  0
7.0561879502657501  1.8101933598377498  -0.87960000000000005  0
7.7951145366059995  2.10364267403  0.43980000000000002  0
7.7951145366059995  2.10364267403  0  0
7.7951145366059995  2.10364267403  -0.43980000000000008  0
8.5729319959110004  2.8814601333350001  0  0
8.1840232662584995  2.4925514036824996  -0.87960000000000005  0
9.4214601333350014  2.0329319959109999  0  0
9.138617420860335  2.3157747083856668  -0.87960000000000005  0
8.8557747083856668  2.5986174208603336  -0.87960000000000005  0
8.6436426740299996  1.2551145366059999  0.43980000000000002  0
8.6436426740299996  1.2551145366059999  0  0
8.6436426740299996  1.2551145366059999  -0.43980000000000008  0
8.9029151604649996  1.5143870230410004  -0.87960000000000005  0
9.1621876468999996  1.7736595094760006  -0.87960000000000005  0
8.8663813101039999  1.0323759005319999  0.43980000000000002  0
8.8663813101039999  1.0323759005319999  0  0
8.8663813101039999  1.0323759005319999  -0.43980000000000008  0
7.8340054095710006  0  0  0
8.3501933598372862  0.51618795026621322  -0.87960000000000005  0
8.8663813101039999  -1.0323759005319999  0.43980000000000002  0
8.8663813101039999  -1.0323759005319999  0  0
8.8663813101039999  -1.0323759005319999  -0.43980000000000008  0
8.3501933598377871  -0.51618795026571362  -0.87960000000000005  0
8.6436426740299996  -1.2551145366059999  0.43980000000000002  0
8.6436426740299996  -1.2551145366059999  0  0
8.6436426740299996  -1.2551145366059999  -0.43980000000000008  0
9.4214601333350014  -2.0329319959109999  0  0
9.0325514036825005  -1.6440232662584995  -0.87960000000000005  0
8.5729319959110004  -2.8814601333350001  0  0
8.8557747083856668  -2.5986174208603332  -0.87960000000000005  0
9.138617420860335  -2.3157747083856663  -0.87960000000000005  0
7.7951145366059995  -2.10364267403  0.29320000000000002  0
7.7951145366059995  -2.10364267403  -0.29320000000000002  0
8.1840232662584995  -2.4925514036825005  -0.87960000000000005  0
7.5723759005320002  -2.3263813101039998  0.29320000000000002  0
7.5723759005320002  -2.3263813101039998  -0.29320000000000002  0
6.54  -1.2940054095709999  0  0
6.0736113637760001  -1.7603940457959999  1.6397333333333335  0
6.0736113637760001  -1.7603940457959999  2.399866666666667  0
5.6914718625759999  -2.1425335469949998  2.1066666666666665  0
5.6914718625759999  -2.1425335469949998  1.0533333333333332  0
5.6914718625759999  -2.1425335469949998  0  0
5.6914718625759999  -2.1425335469949998  -1.0533333333333337  0
5.6914718625759999  -2.1425335469949998  -2.1066666666666674  0
6.0736113637760001  -1.7603940457959999  -2.0198  0
1.1788340743641372  -5.2775906522470031  -0.87960000000000005  0
1.4557202807596301  -5.7242797631148088  -0.87960000000000005  0
1.8051787043925094  -6.116804849207381  -0.87960000000000005  0
2.2168337027224849  -6.4435115914241674  -0.87960000000000005  0
2.6784629774051822  -6.6946998590958193  -0.87960000000000005  0
3.1763604620924251  -6.8629117130243547  -0.87960000000000005  0
3.6957432642468984  -6.9431528364345247  -0.87960000000000005  0
4.2211905786102601  -6.9330408194107793  -0.87960000000000005  0
4.7371015407050896  -6.8328758941607415  -0.87960000000000005  0
5.228158426409399  -6.6456320209302842  -0.87960000000000005  0
5.6797814449141697  -6.3768685892350518  -0.87960000000000005  0
6.0785616219721668  -6.0345653560549515  -0.87960000000000005  0
6.4126589208594407  -5.628885521781438  -0.87960000000000005  0
6.6721537805853171  -5.1718739783431928  -0.87960000000000005  0
6.8493416339581703  -4.6770996887150043  -0.87960000000000005  0
6.9389616610785509  -4.1592528157893289  -0.87960000000000005  0
6.9383529864231708  -3.6337085621102294  -0.87960000000000005  0
6.8475336819291197  -3.1160706703449774  -0.87960000000000005  0
6.6692002304265765  -2.621708138254256  -0.87960000000000005  0
6.4086474653510379  -2.1652989033877281  -0.87960000000000005  0
0.98274101252559998  -4.79  -2.0198  0
0.98274101252559998  -4.79  2.0198  0
-0.98274101252559998  -4.79  2.0198  0
-0.98274101252559998  -4.79  -2.0198  0
0  -4.79  -0.87960000000000005  0
-6.4086474653508372  -2.1652989033874386  -0.87960000000000005  0
-6.6692002304264335  -2.6217081382539487  -0.87960000000000005  0
-6.8475336819290344  -3.1160706703446621  -0.87960000000000005  0
-6.9383529864231432  -3.6337085621099181  -0.87960000000000005  0
-6.9389616610785758  -4.1592528157890314  -0.87960000000000005  0
-6.8493416339582422  -4.677099688714728  -0.87960000000000005  0
-6.672153780585429  -5.171873978342945  -0.87960000000000005  0
-6.4126589208595881  -5.628885521781223  -0.87960000000000005  0
-6.0785616219723391  -6.0345653560547756  -0.87960000000000005  0
-5.679781444914358  -6.3768685892349151  -0.87960000000000005  0
-5.2281584264095953  -6.6456320209301882  -0.87960000000000005  0
-4.7371015407052877  -6.8328758941606846  -0.87960000000000005  0
-4.2211905786104511  -6.933040819410758  -0.87960000000000005  0
-3.6957432642470769  -6.9431528364345354  -0.87960000000000005  0
-3.1763604620925867  -6.8629117130243937  -0.87960000000000005  0
-2.6784629774053226  -6.6946998590958806  -0.87960000000000005  0
-2.2168337027226013  -6.4435115914242447  -0.87960000000000005  0
-1.8051787043926018  -6.1168048492074671  -0.87960000000000005  0
-1.4557202807596976  -5.7242797631148985  -0.87960000000000005  0
-1.1788340743641825  -5.2775906522470919  -0.87960000000000005  0
-6.0736113637760001  -1.7603940457959999  -2.3998666666666666  0
-6.0736113637760001  -1.7603940457959999  -1.6397333333333333  0
-6.0736113637760001  -1.7603940457959999  2.0198  0
-6.54  -1.2940054095719999  0  0
-5.6914718625759999  -2.1425335469949998  2.1066666666666665  0
-5.6914718625759999  -2.1425335469949998  1.0533333333333332  0
-5.6914718625759999  -2.1425335469949998  0  0
-5.6914718625759999  -2.1425335469949998  -1.0533333333333337  0
-5.6914718625759999  -2.1425335469949998  -2.1066666666666674  0
-7.5723759005320002  -2.3263813101039998  0.43980000000000002  0
-7.5723759005320002  -2.3263813101039998  0  0
-7.5723759005320002  -2.3263813101039998  -0.43980000000000008  0
-7.0561879502659997  -1.8101933598379998  -0.87960000000000005  0
-7.7951145366059995  -2.10364267403  0.43980000000000002  0
-7.7951145366059995  -2.10364267403  0  0
-7.7951145366059995  -2.10364267403  -0.43980000000000008  0
-8.5729319959110004  -2.8814601333350001  0  0
-8.1840232662584995  -2.4925514036824996  -0.87960000000000005  0
-9.4214601333350014  -2.0329319959109999  0  0
-9.138617420860335  -2.3157747083856668  -0.87960000000000005  0
-8.8557747083856668  -2.5986174208603336  -0.87960000000000005  0
-8.6436426740299996  -1.2551145366059999  0.43980000000000002  0
-8.6436426740299996  -1.2551145366059999  0  0
-8.6436426740299996  -1.2551145366059999  -0.43980000000000008  0
-8.9029151604649996  -1.5143870230410004  -0.87960000000000005  0
-9.1621876468999996  -1.7736595094760006  -0.87960000000000005  0
-8.8663813101039999  -1.0323759005319999  0.43980000000000002  0
-8.8663813101039999  -1.0323759005319999  0  0
-8.8663813101039999  -1.0323759005319999  -0.43980000000000008  0
-7.8340054095710006  0  0  0
-8.3501933598372133  -0.51618795026628628  -0.87960000000000005  0
-8.8663813101039999  1.0323759005319999  0.29320000000000002  0
-8.8663813101039999  1.0323759005319999  -0.29320000000000002  0
-8.6436426740299996  1.2551145366059999  0.29320000000000002  0
-8.6436426740299996  1.2551145366059999  -0.29320000000000002  0
-9.4214601333350014  2.0329319959109999  0  0
-9.0325514036825005  1.6440232662584995  -0.87960000000000005  0
-8.5729319959110004  2.8814601333350001  0  0
-8.8557747083856668  2.5986174208603332  -0.87960000000000005  0
-9.138617420860335  2.3157747083856663  -0.87960000000000005  0
-7.7951145366059995  2.10364267403  0  0
-8.1840232662584995  2.4925514036825005  -0.87960000000000005  0
9.731911442127414  0.95850961528277312  -0.87960000000000005  0
9.5910992570631901  1.907788258995718  -0.87960000000000005  0
9.35791954312527  2.838693858871387  -0.87960000000000005  0
9.0346179484278721  3.7422612850982131  -0.87960000000000005  0
8.6243080440625643  4.6097886894214311  -0.87960000000000005  0
8.1309413387065899  5.4329213086986901  -0.87960000000000005  0
7.5592692234342049  6.2037319258362889  -0.87960000000000005  0
6.9147972132232489  6.9147972132232471  -0.87960000000000005  0
6.2037319258362889  7.5592692234342049  -0.87960000000000005  0
5.4329213086986909  8.1309413387065899  -0.87960000000000005  0
4.6097886894214328  8.6243080440625626  -0.87960000000000005  0
3.7422612850982135  9.0346179484278721  -0.87960000000000005  0
2.838693858871387  9.35791954312527  -0.87960000000000005  0
1.9077882589957189  9.5910992570631901  -0.87960000000000005  0
0.95850961528277479  9.7319114421274122  -0.87960000000000005  0
5.987910524430983e-16  9.7789999999999999  -0.87960000000000005  0
-0.95850961528277356  9.731911442127414  -0.87960000000000005  0
-1.9077882589957176  9.5910992570631901  -0.87960000000000005  0
-2.8386938588713857  9.3579195431252717  -0.87960000000000005  0
-3.7422612850982122  9.0346179484278721  -0.87960000000000005  0
-4.6097886894214311  8.6243080440625643  -0.87960000000000005  0
-5.4329213086986874  8.1309413387065916  -0.87960000000000005  0
-6.203731925836288  7.5592692234342058  -0.87960000000000005  0
-6.9147972132232471  6.9147972132232489  -0.87960000000000005  0
-7.5592692234342049  6.2037319258362889  -0.87960000000000005  0
-8.1309413387065916  5.4329213086986901  -0.87960000000000005  0
-8.6243080440625626  4.6097886894214328  -0.87960000000000005  0
-9.0346179484278721  3.742261285098214  -0.87960000000000005  0
-9.35791954312527  2.8386938588713875  -0.87960000000000005  0
-9.5910992570631901  1.9077882589957216  -0.87960000000000005  0
-9.7319114421274122  0.95850961528277534  -0.87960000000000005  0
-9.731911442127414  -0.95850961528277312  -0.87960000000000005  0
-9.5910992570631901  -1.907788258995718  -0.87960000000000005  0
-9.35791954312527  -2.838693858871387  -0.87960000000000005  0
-9.0346179484278721  -3.7422612850982131  -0.87960000000000005  0
-8.6243080440625643  -4.6097886894214311  -0.87960000000000005  0
-8.1309413387065899  -5.4329213086986901  -0.87960000000000005  0
-7.5592692234342049  -6.2037319258362889  -0.87960000000000005  0
-6.9147972132232489  -6.9147972132232471  -0.87960000000000005  0
-6.2037319258362889  -7.5592692234342049  -0.87960000000000005  0
-5.4329213086986909  -8.1309413387065899  -0.87960000000000005  0
-4.6097886894214328  -8.6243080440625626  -0.87960000000000005  0
-3.7422612850982135  -9.0346179484278721  -0.87960000000000005  0
-2.838693858871387  -9.35791954312527  -0.87960000000000005  0
-1.9077882589957189  -9.5910992570631901  -0.87960000000000005  0
-0.95850961528277479  -9.7319114421274122  -0.87960000000000005  0
-5.987910524430983e-16  -9.7789999999999999  -0.87960000000000005  0
0.95850961528277356  -9.731911442127414  -0.87960000000000005  0
1.9077882589957176  -9.5910992570631901  -0.87960000000000005  0
2.8386938588713857  -9.3579195431252717  -0.87960000000000005  0
3.7422612850982122  -9.0346179484278721  -0.87960000000000005  0
4.6097886894214311  -8.6243080440625643  -0.87960000000000005  0
5.4329213086986874  -8.1309413387065916  -0.87960000000000005  0
6.203731925836288  -7.5592692234342058  -0.87960000000000005  0
6.9147972132232471  -6.9147972132232489  -0.87960000000000005  0
7.5592692234342049  -6.2037319258362889  -0.87960000000000005  0
8.1309413387065916  -5.4329213086986901  -0.87960000000000005  0
8.6243080440625626  -4.6097886894214328  -0.87960000000000005  0
9.0346179484278721  -3.742261285098214  -0.87960000000000005  0
9.35791954312527  -2.8386938588713875  -0.87960000000000005  0
9.5910992570631901  -1.9077882589957216  -0.87960000000000005  0
9.7319114421274122  -0.95850961528277534  -0.87960000000000005  0
-4.7038854398029999  -1.522642650439  2.6333333333333333  0
-4.7038854398029999  -1.522642650439  2.1066666666666665  0
-4.7038854398029999  -1.522642650439  1.5800000000000001  0
-4.7038854398029999  -1.522642650439  1.0533333333333332  0
-4.7038854398029999  -1.522642650439  0.52666666666666639  0
-4.7038854398029999  -1.522642650439  0  0
-4.7038854398029999  -1.522642650439  -0.52666666666666684  0
-4.7038854398029999  -1.522642650439  -1.0533333333333337  0
-4.7038854398029999  -1.522642650439  -1.5800000000000001  0
-4.7038854398029999  -1.522642650439  -2.1066666666666674  0
-4.7038854398029999  -1.522642650439  -2.6333333333333337  0
-4.2136186898960002  -1.0323759005319999  2.8590476190476193  0
-4.2136186898960002  -1.0323759005319999  2.5580952380952384  0
-4.2136186898960002  -1.0323759005319999  2.2571428571428571  0
-4.2136186898960002  -1.0323759005319999  1.9561904761904763  0
-4.2136186898960002  -1.0323759005319999  1.6552380952380954  0
-4.2136186898960002  -1.0323759005319999  1.3542857142857143  0
-4.2136186898960002  -1.0323759005319999  1.0533333333333332  0
-4.2136186898960002  -1.0323759005319999  0.75238095238095237  0
-4.2136186898960002  -1.0323759005319999  0.45142857142857151  0
-4.2136186898960002  -1.0323759005319999  0.15047619047619065  0
-4.2136186898960002  -1.0323759005319999  -0.15047619047619065  0
-4.2136186898960002  -1.0323759005319999  -0.45142857142857151  0
-4.2136186898960002  -1.0323759005319999  -0.75238095238095237  0
-4.2136186898960002  -1.0323759005319999  -1.0533333333333337  0
-4.2136186898960002  -1.0323759005319999  -1.3542857142857141  0
-4.2136186898960002  -1.0323759005319999  -1.6552380952380954  0
-4.2136186898960002  -1.0323759005319999  -1.9561904761904767  0
-4.2136186898960002  -1.0323759005319999  -2.2571428571428571  0
-4.2136186898960002  -1.0323759005319999  -2.5580952380952384  0
-4.2136186898960002  -1.0323759005319999  -2.8590476190476188  0
-4.3309945904290004  -0.91500000000000004  2.8590476190476193  0
-4.3309945904290004  -0.91500000000000004  2.5580952380952384  0
-4.3309945904290004  -0.91500000000000004  2.2571428571428571  0
-4.3309945904290004  -0.91500000000000004  1.9561904761904763  0
-4.3309945904290004  -0.91500000000000004  1.6552380952380954  0
-4.3309945904290004  -0.91500000000000004  1.3542857142857143  0
-4.3309945904290004  -0.91500000000000004  1.0533333333333332  0
-4.3309945904290004  -0.91500000000000004  0.75238095238095237  0
-4.3309945904290004  -0.91500000000000004  0.45142857142857151  0
-4.3309945904290004  -0.91500000000000004  0.15047619047619065  0
-4.3309945904290004  -0.91500000000000004  -0.15047619047619065  0
-4.3309945904290004  -0.91500000000000004  -0.45142857142857151  0
-4.3309945904290004  -0.91500000000000004  -0.75238095238095237  0
-4.3309945904290004  -0.91500000000000004  -1.0533333333333337  0
-4.3309945904290004  -0.91500000000000004  -1.3542857142857141  0
-4.3309945904290004  -0.91500000000000004  -1.6552380952380954  0
-4.3309945904290004  -0.91500000000000004  -1.9561904761904767  0
-4.3309945904290004  -0.91500000000000004  -2.2571428571428571  0
-4.3309945904290004  -0.91500000000000004  -2.5580952380952384  0
-4.3309945904290004  -0.91500000000000004  -2.8590476190476188  0
-0.91500000000000004  -0.91500000000000004  1.9300000000000002  0
-0.91500000000000004  -0.91500000000000004  0  0
-0.91500000000000004  -0.91500000000000004  -1.9300000000000006  0
-0.91500000000000004  -2.375  1.9300000000000002  0
-0.91500000000000004  -2.375  0  0
-0.91500000000000004  -2.375  -1.9300000000000006  0
0.91500000000000004  -2.375  1.9300000000000002  0
0.91500000000000004  -2.375  0  0
0.91500000000000004  -2.375  -1.9300000000000006  0
0.91500000000000004  -0.91500000000000004  1.9300000000000002  0
0.91500000000000004  -0.91500000000000004  0  0
0.91500000000000004  -0.91500000000000004  -1.9300000000000006  0
4.3309945904290004  -0.91500000000000004  2.872727272727273  0
4.3309945904290004  -0.91500000000000004  2.5854545454545454  0
4.3309945904290004  -0.91500000000000004  2.2981818181818183  0
4.3309945904290004  -0.91500000000000004  2.0109090909090908  0
4.3309945904290004  -0.91500000000000004  1.7236363636363636  0
4.3309945904290004  -0.91500000000000004  1.4363636363636365  0
4.3309945904290004  -0.91500000000000004  1.1490909090909089  0
4.3309945904290004  -0.91500000000000004  0.86181818181818182  0
4.3309945904290004  -0.91500000000000004  0.57454545454545469  0
4.3309945904290004  -0.91500000000000004  0.28727272727272712  0
4.3309945904290004  -0.91500000000000004  0  0
4.3309945904290004  -0.91500000000000004  -0.28727272727272712  0
4.3309945904290004  -0.91500000000000004  -0.57454545454545469  0
4.3309945904290004  -0.91500000000000004  -0.86181818181818226  0
4.3309945904290004  -0.91500000000000004  -1.1490909090909094  0
4.3309945904290004  -0.91500000000000004  -1.4363636363636365  0
4.3309945904290004  -0.91500000000000004  -1.7236363636363636  0
4.3309945904290004  -0.91500000000000004  -2.0109090909090908  0
4.3309945904290004  -0.91500000000000004  -2.2981818181818188  0
4.3309945904290004  -0.91500000000000004  -2.5854545454545459  0
4.3309945904290004  -0.91500000000000004  -2.872727272727273  0
0.90928807778679999  -4.4984498294190001  -3.5100000000000002  0
0.68514622845640005  -4.5801802103740004  -3.7433333333333336  0
0.68514622845640005  -4.5801802103740004  -3.6266666666666669  0
0.68514622845640005  -4.5801802103740004  -3.5100000000000002  0
0.68514622845640005  -4.5801802103740004  -3.3933333333333335  0
0.68514622845640005  -4.5801802103740004  -3.2766666666666668  0
-0.68642179933550007  -4.5797145995520001  -3.7433333333333336  0
-0.68642179933550007  -4.5797145995520001  -3.6266666666666669  0
-0.68642179933550007  -4.5797145995520001  -3.5100000000000002  0
-0.68642179933550007  -4.5797145995520001  -3.3933333333333335  0
-0.68642179933550007  -4.5797145995520001  -3.2766666666666668  0
-0.90925601567309999  -4.498289578893  -3.5100000000000002  0
4.2136186898960002  -1.0323759005319999  2.8590476190476193  0
4.2136186898960002  -1.0323759005319999  2.5580952380952384  0
4.2136186898960002  -1.0323759005319999  2.2571428571428571  0
4.2136186898960002  -1.0323759005319999  1.9561904761904763  0
4.2136186898960002  -1.0323759005319999  1.6552380952380954  0
4.2136186898960002  -1.0323759005319999  1.3542857142857143  0
4.2136186898960002  -1.0323759005319999  1.0533333333333332  0
4.2136186898960002  -1.0323759005319999  0.75238095238095237  0
4.2136186898960002  -1.0323759005319999  0.45142857142857151  0
4.2136186898960002  -1.0323759005319999  0.15047619047619065  0
4.2136186898960002  -1.0323759005319999  -0.15047619047619065  0
4.2136186898960002  -1.0323759005319999  -0.45142857142857151  0
4.2136186898960002  -1.0323759005319999  -0.75238095238095237  0
4.2136186898960002  -1.0323759005319999  -1.0533333333333337  0
4.2136186898960002  -1.0323759005319999  -1.3542857142857141  0
4.2136186898960002  -1.0323759005319999  -1.6552380952380954  0
4.2136186898960002  -1.0323759005319999  -1.9561904761904767  0
4.2136186898960002  -1.0323759005319999  -2.2571428571428571  0
4.2136186898960002  -1.0323759005319999  -2.5580952380952384  0
4.2136186898960002  -1.0323759005319999  -2.8590476190476188  0
4.7038854398029999  -1.522642650439  2.6333333333333333  0
4.7038854398029999  -1.522642650439  2.1066666666666665  0
4.7038854398029999  -1.522642650439  1.5800000000000001  0
4.7038854398029999  -1.522642650439  1.0533333333333332  0
4.7038854398029999  -1.522642650439  0.52666666666666639  0
4.7038854398029999  -1.522642650439  0  0
4.7038854398029999  -1.522642650439  -0.52666666666666684  0
4.7038854398029999  -1.522642650439  -1.0533333333333337  0
4.7038854398029999  -1.522642650439  -1.5800000000000001  0
4.7038854398029999  -1.522642650439  -2.1066666666666674  0
4.7038854398029999  -1.522642650439  -2.6333333333333337  0
0.90928807778679999  -4.4984498294190001  3.5100000000000002  0
0.68514622845640005  -4.5801802103740004  3.7433333333333336  0
0.68514622845640005  -4.5801802103740004  3.6266666666666669  0
0.68514622845640005  -4.5801802103740004  3.5100000000000002  0
0.68514622845640005  -4.5801802103740004  3.3933333333333335  0
0.68514622845640005  -4.5801802103740004  3.2766666666666668  0
-0.68642179933550007  -4.5797145995520001  3.7433333333333336  0
-0.68642179933550007  -4.5797145995520001  3.6266666666666669  0
-0.68642179933550007  -4.5797145995520001  3.5100000000000002  0
-0.68642179933550007  -4.5797145995520001  3.3933333333333335  0
-0.68642179933550007  -4.5797145995520001  3.2766666666666668  0
-0.90925601567309999  -4.498289578893  3.5100000000000002  0
4.7038854398029999  1.522642650439  2.1066666666666665  0
4.7038854398029999  1.522642650439  1.0533333333333332  0
4.7038854398029999  1.522642650439  0  0
4.7038854398029999  1.522642650439  -1.0533333333333337  0
4.7038854398029999  1.522642650439  -2.1066666666666674  0
4.2136186898960002  1.0323759005319999  2.738666666666667  0
4.2136186898960002  1.0323759005319999  2.3173333333333335  0
4.2136186898960002  1.0323759005319999  1.8960000000000001  0
4.2136186898960002  1.0323759005319999  1.4746666666666668  0
4.2136186898960002  1.0323759005319999  1.0533333333333337  0
4.2136186898960002  1.0323759005319999  0.63200000000000012  0
4.2136186898960002  1.0323759005319999  0.21066666666666656  0
4.2136186898960002  1.0323759005319999  -0.21066666666666656  0
4.2136186898960002  1.0323759005319999  -0.63199999999999967  0
4.2136186898960002  1.0323759005319999  -1.0533333333333328  0
4.2136186898960002  1.0323759005319999  -1.4746666666666668  0
4.2136186898960002  1.0323759005319999  -1.8959999999999999  0
4.2136186898960002  1.0323759005319999  -2.317333333333333  0
4.2136186898960002  1.0323759005319999  -2.738666666666667  0
4.33226772046  0.91372686996829999  2.7085714285714286  0
4.33226772046  0.91372686996829999  2.2571428571428571  0
4.33226772046  0.91372686996829999  1.8057142857142858  0
4.33226772046  0.91372686996829999  1.3542857142857143  0
4.33226772046  0.91372686996829999  0.90285714285714302  0
4.33226772046  0.91372686996829999  0.45142857142857151  0
4.33226772046  0.91372686996829999  0  0
4.33226772046  0.91372686996829999  -0.45142857142857151  0
4.33226772046  0.91372686996829999  -0.90285714285714302  0
4.33226772046  0.91372686996829999  -1.3542857142857141  0
4.33226772046  0.91372686996829999  -1.805714285714286  0
4.33226772046  0.91372686996829999  -2.2571428571428571  0
4.33226772046  0.91372686996829999  -2.7085714285714291  0
0.91500000000000004  0.91372686996829999  1.9300000000000002  0
0.91500000000000004  0.91372686996829999  0  0
0.91500000000000004  0.91372686996829999  -1.9300000000000006  0
0.91500000000000004  2.375  1.9300000000000002  0
0.91500000000000004  2.375  0  0
0.91500000000000004  2.375  -1.9300000000000006  0
0.90724591723649994  4.4881521912749998  3.5100000000000002  0
0.68404005920319999  4.5693924491220006  3.7433333333333336  0
0.68404005920319999  4.5693924491220006  3.6266666666666669  0
0.68404005920319999  4.5693924491220006  3.5100000000000002  0
0.68404005920319999  4.5693924491220006  3.3933333333333335  0
0.68404005920319999  4.5693924491220006  3.2766666666666668  0
-0.68404099104909999  4.5693921099580006  3.7433333333333336  0
-0.68404099104909999  4.5693921099580006  3.6266666666666669  0
-0.68404099104909999  4.5693921099580006  3.5100000000000002  0
-0.68404099104909999  4.5693921099580006  3.3933333333333335  0
-0.68404099104909999  4.5693921099580006  3.2766666666666668  0
0.90724591723649994  4.4881521912749998  -3.5100000000000002  0
0.68404005920319999  4.5693924491220006  -3.7433333333333336  0
0.68404005920319999  4.5693924491220006  -3.6266666666666669  0
0.68404005920319999  4.5693924491220006  -3.5100000000000002  0
0.68404005920319999  4.5693924491220006  -3.3933333333333335  0
0.68404005920319999  4.5693924491220006  -3.2766666666666668  0
-0.68404099104909999  4.5693921099580006  -3.7433333333333336  0
-0.68404099104909999  4.5693921099580006  -3.6266666666666669  0
-0.68404099104909999  4.5693921099580006  -3.5100000000000002  0
-0.68404099104909999  4.5693921099580006  -3.3933333333333335  0
-0.68404099104909999  4.5693921099580006  -3.2766666666666668  0
-0.90724589424979996  4.4881520743099994  -3.5100000000000002  0
-0.84130476334920357  -6.737747656225932  0.87960000000000005  0
-1.0939776316899561  -8.4443430945593256  0.87960000000000005  0
-7.5004035796203539  -4.5962218659254921  0.87960000000000005  0
-3.8554234567167485  -7.7084785942769622  0.87960000000000005  0
-3.5496626369276689  8.0143827315027423  0.87960000000000005  0
3.7023738622722187  7.698020270233183  0.87960000000000005  0
0.44327537949474782  -6.130050555728082  0.87960000000000005  0
-4.5032296588648775  7.5208247229143268  0.87960000000000005  0
-7.7989353182323793  3.5087076043251  0.87960000000000005  0
-2.6474745362732217  -8.0946353954081438  0.87960000000000005  0
7.8444549027948476  3.1979761383266876  0.87960000000000005  0
1.4072137318509017  -6.7134585944808043  0.87960000000000005  0
-5.2941893538553826  7.1770956173723546  0.87960000000000005  0
-0.67131088445834908  -5.5727433289618489  0.87960000000000005  0
2.6932386201021852  8.4207405070378076  0.87960000000000005  0
7.7641807114269517  4.2094784663265941  0.87960000000000005  0
4.8794012415685337  -7.4885468536713731  0.87960000000000005  0
-7.7989353182323731  -3.5087076043249787  0.87960000000000005  0
2.6337286061197389  7.2804295579767473  0.87960000000000005  0
-4.8987958521690667  -7.4875979452704691  0.87960000000000005  0
-7.5004035796203201  4.5962218659256493  0.87960000000000005  0
3.7373958152363143  -7.7049625921462201  0.87960000000000005  0
-2.2976540951139732  7.7691495580675429  0.87960000000000005  0
7.7991237419787502  -3.5087269531131144  0.87960000000000005  0
2.8216148707570552  -8.4596834515510899  0.87960000000000005  0
-0.34434244589040425  6.3348913321504421  0.87960000000000005  0
2.7619122957136439  -7.319374841206864  0.87960000000000005  0
0.58948064806909439  -8.1101337406316869  0.87960000000000005  0
-1.8815759387306765  -7.0861801342395481  0.87960000000000005  0
0.916540153177971  5.7983904072622998  0.87960000000000005  0
7.5005544531173056  -4.5961197825072322  0.87960000000000005  0
-0.58168548623093297  8.4099214136693075  0.87960000000000005  0
1.9486267817617737  -7.7702404586050342  0.87960000000000005  0
4.8732684746455526  7.4895009175574767  0.87960000000000005  0
-1.4496794133967739  6.7964673575098358  0.87960000000000005  0
1.3532855041447081  7.568148382185603  0.87960000000000005  0
-2.4420773400146354  6.5789851655993168  -2.0198000000630953  0
-6.8641551365677014  3.181470719901192  -2.0198000000524634  0
-1.4755135123753558  5.750504058716305  -2.0198000000556311  0
-6.9047488086457403  4.42343537991046  -2.0198000000554686  0
-5.6827557648357505  6.3747286483460961  -2.0198000000696741  0
-6.5542552985268783  2.3975257705231701  -2.0198000000412915  0
-3.6622471621507047  6.9407192550603227  -2.0198000000488832  0
-4.7333819436858713  6.8339349917710104  -2.01980000005259  0
-6.4312304656861823  5.6015793632922666  -2.0198000000735266  0
-6.8493253789345232  4.6771613791052209  2.0198000000686269  0
-6.4125484993138731  5.6290459908850314  2.0198000000664873  0
-2.4420418072308392  6.5789658281018228  2.019800000055362  0
-6.6692013264642309  2.6217105126346611  2.0198000000373018  0
-6.938354553575758  3.6337264437360388  2.0198000000601999  0
-5.6791610117208089  6.3773142905922509  2.019800000054607  0
-4.7327219933325493  6.8341223699464662  2.0198000000394352  0
-3.6621099281476299  6.940708521663014  2.0198000000402763  0
-1.4754957886336562  5.7504808372601062  2.0198000000512577  0
-3.8473691569616753  0.91372686996829999  2.5478304582740861  0
-3.6125494686757849  0.91372686996829999  -1.0829961656517704  0
-3.8418637869966608  0.91372686996829999  -2.5567166738106231  0
-2.8637194546371476  0.91372686996829999  -2.1681438526807257  0
-3.949217002481729  0.91372686996829999  -1.823150173212547  0
-2.8836273301398161  0.91372686996829999  2.1354550277267443  0
-3.9669694373464508  0.91372686996829999  1.7985917271528002  0
-4.0301780140899783  0.91372686996829999  0.2819634547533833  0
-2.3702856495516254  0.91372686996829999  0.69646539532528629  0
-2.3532719517724217  0.91372686996829999  -0.76149642058298883  0
-3.4456716428678344  0.91372686996829999  -0.081663286135085958  0
-4.030496146091699  0.91372686996829999  -0.1299434999989649  0
-3.7112490637823394  0.91372686996829999  0.95883733355299816  0
-4.0136877440068037  0.91372686996829999  -0.53234342979788296  0
-0.012475295424767018  3.4122299681190169  -3.8600000000000003  0
-0.099552575046871358  4.2741717383960065  -3.8600000000000003  0
-0.012561835722453746  -3.4204974618319319  -3.8600000000000003  0
-0.1001927916631333  -4.2844349941152684  -3.8600000000000003  0
0.012475215229476143  3.4122299744441689  3.8600000000000003  0
0.099552010074036801  4.274171787924149  3.8600000000000003  0
-0.012561835722453746  -3.4204974618319319  3.8600000000000003  0
-0.1001927916631333  -4.2844349941152684  3.8600000000000003  0
-1.8334747435033005  2.4760852792029056  -1.2971957469472919  0
-1.4460834932890672  4.4256933953675173  -1.0309555686143099  0
-6.2888281712429244  4.6691292063870682  -1.0449549378642846  0
-6.3763702622996501  3.492998658676195  0.98489100413785424  0
-4.8551344906939509  6.2207278755873601  -0.93605299039439327  0
-1.6674655263406035  2.7537672174624488  0.84262773210250819  0
-4.1258772362869367  6.3994077782484373  -1.0370764142332263  0
-3.4838994796928198  1.4251424031186137  0.40176581499083497  0
-1.445684563651723  3.376172254702003  1.0462647481110681  0
-6.1971702787681826  4.9104793309046579  0.99533987464653606  0
-6.1500967366798918  2.7886384731223073  1.5785463943938596  0
-3.127946175278026  1.5121154425781831  1.6182440189461591  0
-5.1242585966804661  6.0907192098247984  1.2848473805115082  0
-2.3479141644295289  1.9279225859863087  -1.3351052652453355  0
-1.3956944095091415  4.0628289816883019  1.0290265224277371  0
-3.012012787400598  6.2472406093328736  1.0094269847611081  0
-3.3863812773009716  6.356472180899762  -1.0116901558315119  0
-2.8357415646943593  1.6272453386425085  -0.050870175961152952  0
-2.1155287628496651  5.6645742182250558  -1.019359031358527  0
-3.4837359117957898  1.4251699095265282  -1.2798211161618713  0
-5.820789554589842  5.5151245322946369  1.2854960508313291  0
-2.6975307556469224  6.1027545220079231  -1.0230833954263803  0
-5.4896416212047754  5.8419318432877265  -1.5506880185879499  0
-6.1037505791561788  2.6993571918716945  -1.5191375005036765  0
-1.9897388898763961  2.272436711218039  1.6268158179157863  0
-5.4906844960834853  5.8410776908101969  0.051644656087067808  0
-1.5383781596737975  4.7490006190431764  1.0168800468664903  0
-2.9083740577742501  1.5946284987997466  -1.6325044245586087  0
-6.4076582443765497  3.9985388108906124  -0.96912131956778946  0
-3.7240290661345385  6.4034164652082826  1.0105976435787181  0
-2.4999243695052664  1.8172498957541281  1.3088426626892953  0
-1.3958345165788328  3.7350303073790605  -1.003145314376976  0
-5.9768911611591644  5.3087522395866333  -0.9205181328779064  0
-4.4493009253104017  6.3487401375594246  0.9986716038090071  0
-6.3888887611521614  4.2217025061324129  1.0613591226089918  0
-6.1455284197404119  2.779436800542002  0.062091872476145227  0
-2.0974649906930543  2.1538822181581723  0.060926718660504697  0
-2.3763554348974303  5.894133146777019  1.0201660394353724  0
-6.3474951912716335  3.3451783560966262  -1.1224154357325054  0
-1.6898274126663502  5.0887795851377557  -1.0120953993433242  0
-1.5298621342113261  3.0750719637470643  -1.0490149960671182  0
-1.871606259454857  5.3777275124862154  1.0185178167707738  0
-4.0814294865276546  1.396973210439064  -1.5875806244137172  0
-4.0906434531452422  1.3976581285495233  0.0065280735157804415  0
-3.9582554746112195  1.3910826901790414  1.6155972973630957  0
6.1020502346539285  6.0103257483290529  -2.0198000000548291  0
3.1765292077003031  6.8629529211057756  -2.0198000000600205  0
6.771927263056849  4.9269049594343155  -2.0198000000386234  0
5.2321838582557563  6.6436811344984692  -2.0198000000605036  0
6.6191804118676831  2.5184943403246223  -2.019800000020342  0
4.2218976415555698  6.9329658600717821  -2.0198000000609495  0
6.9399158688928786  3.6521865418237764  -2.0198000000332907  0
1.4557327009480807  5.7242964043119304  -2.0198000000319225  0
2.2168849597000828  6.4435455099361221  -2.0198000000535874  0
6.849191129424316  4.6776706771667094  2.0198000000623262  0
5.6524792424087424  6.3962605042195575  2.019800000042939  0
6.6692049785983389  2.6217184244047882  2.0198000000362892  0
4.4812690779312465  6.8940985720314822  2.0198000000350058  0
6.4102049093276854  5.6324466263603012  2.0198000000553078  0
6.938360608770056  3.6337955464789271  2.0198000000574519  0
1.455854583274415  5.7244596958824054  2.0198000000475851  0
2.2201270985215658  6.4456879295935767  2.0198000000524106  0
3.2087446587009358  6.8706339480194316  2.0198000000489005  0
7.1299241621152936  1.8839295716872937  -0.12581155035428537  0
8.9971960646230009  2.4571960646230009  -0.43998527193547599  0
8.9971960646230009  2.4571960646230004  0.43967560493414126  0
9.0325513548543324  1.6440232174303309  -0.38507591005965658  0
9.0325513577657599  1.6440232203417589  0.38458335813099431  0
8.423929571686795  0.58992416211579279  0.12581155035428626  0
8.4239295716872942  -0.58992416211529353  0.12581155035428626  0
8.9971960646230009  -2.457196064623  0.43967560493414215  0
8.9971960646230009  -2.457196064623  -0.43998527193547599  0
1.4754968481472139  -5.750482225436361  -2.0198  0
6.4125489176804154  -5.6290453829390872  -2.0198000000000005  0
5.6791617610435541  -6.377313752442431  -2.0198000000000005  0
4.7327230589026179  -6.8341220675309113  -2.0198  0
2.442043143809173  -6.5789665554997434  -2.0198  0
6.6692012491334873  -2.6217103451104937  -2.0198  0
6.8493255199706287  -4.6771608438733798  -2.0198  0
6.9383545213598747  -3.6337260761321049  -2.0198  0
3.6621112213582396  -6.9407086228371728  -2.0198  0
6.8496734183616779  -4.6758393680463337  2.0198000000000009  0
3.2087088567309019  -6.8706256168083017  2.0198  0
6.617432152746054  -2.5150586672273989  2.0198000000000009  0
1.4559196107584107  -5.7245468069974752  2.0198  0
6.4103421492484109  -5.6322477575990302  2.0198000000000018  0
6.9370126945037933  -3.6188347577974667  2.0198  0
2.2201762066527477  -6.4457203348570022  2.0198000000000018  0
4.481224207481235  -6.8941072827535432  2.0198000000000009  0
5.6524914657294989  -6.3962519228926542  2.0198000000000018  0
-6.4290200962076085  -5.6048628545950727  -2.0198  0
-6.4950350520042388  -2.2974105083118257  -2.0198  0
-3.2089360664284445  -6.8706784813770421  -2.0198  0
-4.4818396340123874  -6.8939877488547499  -2.0198  0
-2.2202542568991435  -6.4457718355215086  -2.0198  0
-6.9049271018837866  -4.422410865473057  -2.0198  0
-5.6560995511525132  -6.3937149729754488  -2.0198  0
-1.455923329334976  -5.7245517882238843  -2.0198  0
-6.8606829158048086  -3.1672949624429116  -2.0198000000000005  0
-5.6524799937045165  -6.3962599767783441  2.0198000000000009  0
-3.2087459859895953  -6.8706342568741956  2.0198000000000018  0
-6.8491912689789398  -4.6776701479280245  2.0198000000000009  0
-6.4102053242116117  -5.6324460252197408  2.0198  0
-4.4812701974041955  -6.8940983546987376  2.0198000000000018  0
-2.2201283926217688  -6.4456887835563244  2.0198000000000018  0
-6.6692049021501365  -2.6217182587912582  2.0198  0
-6.9383605769278436  -3.6337951830437665  2.0198000000000009  0
-1.4558556204036566  -5.7244610852763085  2.0198000000000018  0
-7.1299241621155076  -1.8839295716875077  -0.12581155035428537  0
-8.9971960646230009  -2.4571960646230004  0.43967560493414126  0
-8.9971960646230009  -2.4571960646230009  -0.43998527193547599  0
-9.0325513548543324  -1.6440232174303309  -0.38507591005965658  0
-9.0325513577657599  -1.6440232203417589  0.38458335813099431  0
-8.4239295716867524  -0.58992416211583498  -0.12581155035428626  0
-8.9971960646230009  2.457196064623  -0.43967560493413949  0
-8.9971960646230009  2.457196064623  0.43998527193547687  0
-7.5004035796203539  -4.5962218659254921  -0.87960000000000005  0
1.3404787001116152  6.8801426486172454  -0.87960000000000005  0
-7.7989353182323793  3.5087076043251004  -0.87960000000000005  0
-2.6474745362732217  -8.0946353954081438  -0.87960000000000005  0
7.8444549027948476  3.1979761383266871  -0.87960000000000005  0
-4.3397190567517683  7.6812124199131819  -0.87960000000000005  0
-0.67131088445834908  -5.5727433289618489  -0.87960000000000005  0
2.4297395318825687  7.3918435255779658  -0.87960000000000005  0
2.6444541569611859  8.6061130694570238  -0.87960000000000005  0
2.8216148707570552  -8.4596834515510899  -0.87960000000000005  0
1.4072137318509015  -6.7134585944808061  -0.87960000000000005  0
1.2850729704797672  8.5443414290394255  -0.87960000000000005  0
-0.86384875767476399  6.1333605966428886  -0.87960000000000005  0
-4.8987958521690667  -7.48759794527047  -0.87960000000000005  0
-0.84130476334920357  -6.737747656225932  -0.87960000000000005  0
3.7373958152363138  -7.7049625921462201  -0.87960000000000005  0
-7.5004035796203201  4.5962218659256493  -0.87960000000000005  0
7.7991237419787502  -3.5087269531131144  -0.87960000000000005  0
-7.7989353182323731  -3.5087076043249787  -0.87960000000000005  0
1.9486267817617737  -7.7702404586050351  -0.87960000000000005  0
0.58948064806909428  -8.1101337406316887  -0.87960000000000005  0
-1.7996729257662931  8.562397511460075  -0.87960000000000005  0
-1.0939776316899561  -8.4443430945593256  -0.87960000000000005  0
2.7619122957136435  -7.3193748412068631  -0.87960000000000005  0
4.8794012415685337  -7.488546853671374  -0.87960000000000005  0
4.8685544489907873  7.4945669411003228  -0.87960000000000005  0
7.5005544531173056  -4.5961197825072322  -0.87960000000000005  0
-3.8554234567167485  -7.7084785942769631  -0.87960000000000005  0
-1.8815759387306765  -7.0861801342395481  -0.87960000000000005  0
-5.2695312628514053  7.2014141887164271  -0.87960000000000005  0
0.44327537949474782  -6.130050555728082  -0.87960000000000005  0
7.7641807114269525  4.2094784663265941  -0.87960000000000005  0
-1.8066948048533047  7.0802391311285016  -0.87960000000000005  0
0.47251553828908338  6.1069971862413599  -0.87960000000000005  0
3.6713869034824262  7.7348074219963765  -0.87960000000000005  0
-0.28932798869676546  7.8499296327538257  -0.87960000000000005  0
-3.0087652672898755  7.7746641599751793  -0.87960000000000005  0
-3.5529781188115308  -6.3854849791977877  -1.4717743631481692  0
-2.1273373695436013  -5.6764365922894111  -1.252381167564093  0
-3.5546114484903426  -1.4142875233994832  1.4766306263771094  0
-3.4995454859285573  -1.4225626244037528  -1.4682514591163498  0
-1.5607438619804119  -2.9911873193121155  -1.4742824804392578  0
-1.7493477271597793  -2.6066498659803647  0.067707433745741952  0
-2.4597966827825655  -5.9552066010300067  0.054103867668314543  0
-3.5318646467995292  -6.3824455944824612  1.4709092595360866  0
-1.6511963100780003  -5.0139756424781527  0.9649365384271813  0
-2.0651032702607957  -2.1879212170481788  1.5470304602031035  0
-6.1065366207607781  -2.7044850862147216  -1.0717687351694822  0
-5.1901425308176492  -6.0525779934805719  -1.5189430850955423  0
-1.3920377129250796  -3.9904706275613804  0.020577307753889329  0
-6.1275690451875571  -5.0558528958148656  1.0392623485133416  0
-6.4089053558549676  -3.8412319542295577  0.099847947988028984  0
-1.7320206972405403  -5.1640907841796899  -0.98083052977959095  0
-2.7270710517167753  -6.1186251260906204  1.52325119461723  0
-1.4708846708709022  -4.530443086750461  -1.0803957906117629  0
-1.4064641919078031  -3.6165587510551602  1.5303515855043561  0
-1.6187850472598782  -2.8539989927173588  1.538477735347056  0
-6.3528108329243773  -3.3691716042540332  1.2536513811468133  0
-2.0424051848870022  -5.5874244488885196  1.1053376315114392  0
-1.9077375184637961  -2.3739102344538763  -1.5483022898980066  0
-6.32418737846751  -4.5491342865079885  -0.021354003400680277  0
-1.4420045760119606  -4.406278839667702  1.2935609009545295  0
-4.3879899142351766  -6.3616916158296846  -1.4992657643349814  0
-3.9499708620703218  -6.4090959887547871  -0.032173933388834008  0
-2.775219991331106  -6.1434191984424622  -1.4783406681422644  0
-1.4704037697200327  -3.2714127541456248  0.044820759613967809  0
-6.3979208534332717  -4.1417667839563803  -1.5071511752766016  0
-2.8926318686890582  -1.6014636796734063  -1.2795107451368812  0
-1.395955013402721  -3.7332112925331939  -1.5038593418871953  0
-6.1232263524237265  -2.7358160137976015  0.96540878191590362  0
-2.3986266906516076  -1.8890455117487934  -1.4246306669084134  0
-3.1475089619058441  -6.2941213430879799  0.03188435737688966  0
-2.942670113450335  -1.580176891191869  1.6735488622235324  0
-6.384955031265207  -4.2507966083518305  1.5433951627696501  0
-5.0920724095183765  -6.1083983196666463  1.4947113117464537  0
-5.8159468661479297  -5.5208662418408689  -0.98501203378396074  0
-2.5681692458399752  -1.7729629504602054  0.67558313081894061  0
-4.3430411018834096  -6.3701769875625001  1.4443180152083301  0
-5.3980532412793254  -5.9134289791631396  0.023769248820721067  0
-4.7420069342157403  -6.2641243813670258  -0.065088145714184975  0
-6.1760377314229924  -4.9572189995361864  -1.2884725407426938  0
-6.3437090021148741  -3.328732916383113  -1.0784184194171846  0
-5.7371646144482868  -5.6096449769646597  1.2672417541241785  0
-2.1456755879391061  -2.1054511360543522  -0.084260136512272155  0
-4.1369089810756945  -1.4016137403261495  1.5137639759586654  0
-4.1130034815956416  -1.3994622009116617  -1.5405147812659541  0
-3.956718836507882  -1.3910474812331324  -0.020949784854145115  0
-3.2223713730962706  -1.4836227091279843  0.09497734821547521  0
-3.9262976077206018  -0.91500000000000004  1.5360261653800078  0
-3.958531489341381  -0.91500000000000004  -1.7310789132469595  0
-3.8311920298575233  -0.91500000000000004  -0.0056266903682366904  0
-4.0370124481023923  -0.91500000000000004  -0.6383071975397524  0
-3.8569548971961161  -0.91500000000000004  -2.5923284257657486  0
-3.0316521950815578  -0.91500000000000004  -2.040890329920273  0
-3.9013199650114747  -0.91500000000000004  -2.1149497386539973  0
-3.8278228288426606  -0.91500000000000004  -1.2677846403323954  0
-3.7500142683138931  -0.91500000000000004  2.2200732516732682  0
-2.1818028692252658  -0.91500000000000004  -0.92555656938836584  0
-2.6725699932770866  -0.91500000000000004  1.7058088244395919  0
-3.9694959890455248  -0.91500000000000004  2.7025216643391947  0
-3.2795932495112941  -0.91500000000000004  -0.79076714495197697  0
-2.7697003843756169  -0.91500000000000004  0.13187768706429789  0
-3.7412517797391387  -0.91500000000000004  0.80415151063818047  0
2.8364588907080384  -0.91500000000000004  2.1729060461197673  0
4.0956784127293675  -0.91500000000000004  -2.0479905848999285  0
3.617554269470618  -0.91500000000000004  -1.1748172814098081  0
3.962176603512086  -0.91500000000000004  -2.5972908237133119  0
3.4214148511332541  -0.91500000000000004  1.1523243016875231  0
3.4013138985876852  -0.91500000000000004  0.33204697695408164  0
4.048050051129418  -0.91500000000000004  1.1621239798046132  0
3.5738044115906371  -0.91500000000000004  -2.0611683677512653  0
4.0341423751626495  -0.91500000000000004  0.094707963938938364  0
3.8906337778864493  -0.91500000000000004  2.4995367982334384  0
2.4502598109773821  -0.91500000000000004  -1.7920956070332934  0
2.7643762709743736  -0.91500000000000004  -0.36085630637712435  0
2.3752538169906487  -0.91500000000000004  0.87134360520012455  0
4.0463787714500423  -0.91500000000000004  -1.5984695207516344  0
3.8295960753413314  -0.91500000000000004  -0.40421830498468669  0
3.8847059472694925  -0.91500000000000004  1.7367200383671795  0
3.9846497668343939  -0.91500000000000004  0.63768272156678008  0
0.34683216620335439  -4.6708951659820777  -3.7765114677688971  0
-0.36083185925391659  -4.6683786849413815  -3.6785735349290656  0
-0.34816940564644888  -4.6706592314604123  -3.2434885322265279  0
0.35949616520042221  -4.6686232171303406  -3.3414264650662617  0
-0.044214568408770583  -4.7007090755427638  -3.5489183582112132  0
0.042856996760287258  -4.7007386340203734  -3.4710816419043624  0
-0.38372253192455091  -4.6640419819566823  -3.5709258218419322  0
-0.35959567513816082  -4.6686050316589123  -3.3441732608415315  0
0.38238977698628984  -4.6643020566912137  -3.4490741781454939  0
0.35825982775097431  -4.6688487244819044  -3.6758267391613324  0
-0.35045839138067131  -4.6702532032059452  -3.4558154270649193  0
0.34912142709001476  -4.6704906919188858  -3.564184572945011  0
-0.00096246426324134941  -4.7011976357026217  -3.6397740680866146  0
-0.00039542912108616089  -4.7011978281959514  -3.380225931982503  0
0.0011603564890028263  -4.7011975306801759  -3.2759262895074244  0
-0.0025182493498231355  -4.7011962818914244  -3.7440737105286468  0
0.35046112689155678  -4.6702527163295295  -3.2419533427668301  0
-0.35179792940625104  -4.670014318067893  -3.7780466572303668  0
1.4182822099919155  -3.5269898411587102  1.3005757866465819  0
6.3665861520179012  -4.36261487493912  -1.4806583063038863  0
2.303334956565708  -1.9638387187745987  0.02028714733053949  0
6.366691968534381  -4.3620503221613349  1.4726958323232662  0
2.0564340643327133  -2.1972597354004288  1.49523617486365  0
3.2649063358198314  -1.4720964175734608  1.5516310873783872  0
1.5668184432616665  -4.8242962680534323  1.0512322404802852  0
2.6132303824429304  -1.7454040473505366  1.553019815179701  0
1.5078685052234189  -3.1412070904789791  -0.045589904977273221  0
3.0862087541554954  -6.2739847463764935  1.2038797530510674  0
2.8773038849750541  -1.6082425031966627  0.069403084687691852  0
6.389762432478574  -3.5851305069401138  -1.4964987323431291  0
1.68077228179459  -5.0717884205735375  -1.0155444271629808  0
3.3259703795433637  -6.343061555237572  -0.92795002706197938  0
2.5312133195438826  -1.7965545428399294  -1.5074044788390983  0
3.7519475156214188  -6.4052225908511096  0.81908984516871541  0
6.0535528066775806  -2.6114853215067626  -0.00026736228129298212  0
1.4429079366199367  -4.4106450429761539  -1.0644828301053337  0
5.6366759191687645  -5.711633660434897  1.4321710544773678  0
2.3854255535913009  -5.9010307379266314  1.4905577373525514  0
2.0992169282771886  -5.6479245110810625  -1.1099245636675121  0
6.1072791659699668  -5.0941433964630649  1.4639883924214696  0
1.3991416378734014  -3.6907938327322016  -1.090481088432143  0
6.4082329830116453  -3.982626090152682  -0.0030746384722917242  0
4.3488034808646301  -6.369136529924015  1.5299599846415703  0
6.1651502800646369  -2.8196509931672491  -1.5342614922272162  0
5.6073110834340634  -5.7393337468291659  -1.5171570327858346  0
1.4038792003877285  -4.1596935147138083  0.9085866109533467  0
2.7043799003365718  -6.1064796271713515  -1.559751585216036  0
1.642919949293296  -2.8028904281963278  1.4934778231204771  0
6.1038591607232711  -5.1004434878566904  -1.4944498944309892  0
2.0106902150864294  -2.2481621434077574  -1.5091500885499114  0
5.0259225730749  -6.1428459883107909  1.3952687342058292  0
5.8855192514920409  -5.4348527844050389  -0.050559186428282388  0
3.0860694785834486  -1.526063001226023  -1.4926562162456145  0
1.9156054654647243  -5.4363066422911608  0.90213063656114434  0
6.3897860036075986  -3.5853169466254715  1.4947054989690929  0
4.8901596083279779  -6.2060016734333043  -1.5093352861422726  0
6.320344982887562  -3.2366826312748751  -0.00074333383308999856  0
6.1652006194457218  -2.819756545262071  1.5337400094933633  0
6.2631155610777665  -4.7448340741432782  -0.013778008744412595  0
4.1063705762717957  -1.3989060487277447  -0.49231186418948081  0
1.8217377713692522  -2.4932712141680708  -0.029911300654047679  0
5.2997671317687827  -5.9829574514764357  -0.12443489033276656  0
1.6014186551618508  -2.8927346084554184  -1.537351088714864  0
4.0455030028152326  -6.4053719572177634  -1.2666619608361955  0
2.5825148883264974  -6.0359524218390428  -0.0028100926321021902  0
4.5501418724718219  -6.3239173487353586  -0.059946326308247144  0
3.9234186641541196  -1.3905157234980225  1.8813266769233454  0
4.1644288862577099  -1.4043764041919458  -1.8303711922224695  0
4.0859076314988831  -1.397301831943794  0.78908651804682473  0
3.6274700030572093  -1.4052480747361318  -1.540554052391518  0
3.4935612822678492  -1.4235373339035249  0.067081583395048661  0
0.042856761373737035  -4.7007386390654986  3.5489183842166256  0
-0.044214333041164719  -4.7007090807473606  3.4710816159002174  0
0.3468321704024786  -4.6708951652426798  3.2434885523586763  0
0.35949622215614824  -4.6686232067231517  3.678573549338644  0
-0.36083191613640725  -4.6683786745076601  3.341426450656638  0
-0.34816940990224021  -4.6706592307080559  3.7765114476366772  0
0.358259784746709  -4.6688487323119006  3.3441732779001283  0
0.38238967332643226  -4.6643020768829402  3.570925821240126  0
-0.35959563219105323  -4.6686050395086314  3.6758267221027614  0
-0.38372242821454283  -4.6640420022312732  3.449074178747161  0
0.34912147559652923  -4.6704906833195219  3.4558154366990603  0
-0.35045843995568937  -4.6702531945604164  3.5641845633109988  0
-0.00039535792866315196  -4.7011978282100264  3.6397741047486361  0
-0.00096253547397529492  -4.7011976356683514  3.3802258953212467  0
-0.0025183259810823443  -4.7011962817949344  3.2759262563175899  0
0.001160433176591965  -4.7011975306356817  3.744073743718892  0
-0.35179804830220962  -4.6700142968229672  3.2419533321175638  0
0.35046124594009931  -4.6702526951407375  3.7780466678796225  0
6.4077172631143267  3.9970252344486061  1.2710543227084785  0
1.5758096738207237  4.8466779259790966  1.8848428358814688  0
1.3924571650530466  4.0014332230958489  1.8610415330064738  0
6.3359235747854736  3.2963973942685696  -2.0597753765724347  0
4.315812998799279  6.3749059210141636  0.97156054074177289  0
1.5748421212282926  4.8442990027672748  -1.899113101260113  0
2.0240519646913437  5.5669969216117376  1.8817987455311767  0
3.4343066480225724  1.4339932137633027  -2.0147738076804442  0
4.9022781868951064  6.2007603534300735  1.9515002062369202  0
2.2607492993138969  5.8002412762966529  0.020864914964429992  0
6.401881531821882  4.0965923919433456  -1.5285694955111468  0
5.9836359359804909  5.2987569675008297  1.6761245386957286  0
2.2000220285569969  2.0538866057443959  -1.0193364315181963  0
2.6594595484857271  6.0815405464941925  1.785690286373586  0
4.9081887096917232  6.198176514868158  0.17493978961714785  0
2.010114386780069  5.5511790141549584  -1.8560259457018073  0
4.1596646055233641  1.4038761928782839  -1.2767906168025309  0
6.1993957627256142  4.9054048409476181  -1.9872789921000962  0
1.4118361815074048  3.5727377501364348  -0.10060822576692718  0
6.2946011600632703  4.6509627501181763  2.085514218252408  0
1.7578869138392625  5.2074445662973012  0.00052558948857761578  0
1.508893746452642  3.1379825119538705  1.7925278480271616  0
5.8628160729754111  5.4637815804999113  -1.0010130271196909  0
5.437820118470075  5.8832218864943222  1.0824628219916841  0
2.535549525825286  6.0062608270026328  -1.6351483717515993  0
1.9243134594730016  2.3525109171881446  1.6131556141076056  0
1.3925846182080903  4.00453645773006  -1.9288302324536613  0
2.8580436066775752  1.6169348142779763  -1.3344122072117619  0
3.4312115822383782  1.434579713879605  0.0024456853931527078  0
1.8257472296484472  2.4873658603409288  -2.1330135580960707  0
4.1554983480217809  1.4034463030009636  1.2779147748243371  0
6.0414165224653651  2.5914148689696352  -1.2916098206073086  0
6.3343180324578601  3.2899545224395901  -0.058435071004510952  0
3.8464428565389959  6.4090220007456518  -1.2282401477092932  0
6.3317942761248851  3.2799706729132412  1.9929905602394236  0
1.4465665271422443  4.4279431428691431  -0.03018899661932295  0
1.5016245204642349  3.1611801119332235  -1.992620435518579  0
2.7881046479491856  6.1498329924528203  -0.052527811635429522  0
3.3973191697563601  1.4412662302016144  2.0175741726185312  0
6.2578605486220606  4.7593912968450924  0.085958019190359281  0
4.5468921425723909  6.3247866552997021  -1.5865662543329844  0
2.6604272833188261  1.7179094317831192  1.3449675359656172  0
3.4335951027545604  6.3658723080619737  1.169141099349627  0
6.0404345924709171  2.5898093561640447  1.2653641183761852  0
3.147810868331403  6.2942162137202766  -1.6037680302097215  0
5.2530297740518943  6.0136154329419753  -1.5443089957995886  0
1.6638878145546507  2.7607625085416827  -0.30652363037578567  0
3.672550941637617  0.91372686996829999  0.034484107058564063  0
2.5439993779737189  0.91372686996829999  0.71539816617699459  0
2.5428174502937226  0.91372686996829999  -0.64470600404476741  0
3.4317396061628522  0.91372686996829999  -1.8291963489813243  0
3.7744044481940264  0.91372686996829999  -0.85808597069249404  0
3.3691716435025745  0.91372686996829999  1.9437076697788631  0
3.8457768945679414  0.91372686996829999  1.0295609064854456  0
3.9423337570269905  0.91372686996829999  -2.623036704560012  0
-0.34650442175008911  4.659762105901379  3.7766204279173428  0
0.3465034450859556  4.6597622777085084  3.2433795720815732  0
-0.044006509170942856  4.6895229229407951  3.4711853606045695  0
-0.35923124806549461  4.6574808629422702  3.3413835116071939  0
0.35923027255331175  4.6574810410559397  3.6786164883916701  0
0.044005517758947767  4.6895229447601219  3.5488146394337106  0
-0.38240483144458964  4.6531083816775825  3.4490272970002693  0
-0.35807435948041949  4.6576917420465964  3.6759087027117232  0
0.35807338384426979  4.6576919195901896  3.3440912972899359  0
0.38240385810069077  4.6531085712811073  3.5709727029962557  0
-0.34887248869742987  4.6593440656245368  3.5642178957706587  0
0.34887151223904483  4.6593442386060966  3.4557821042333314  0
-0.00024226301305081425  4.6900071100931582  3.3803733073683935  0
0.0002412713592499026  4.690007110213033  3.6396266926547503  0
0.0017077805523028  4.6900063956372628  3.743937984911375  0
-0.0017087721929750041  4.6900063947902648  3.2760620151009725  0
0.34992344766887279  4.6591575966120518  3.7781092968079517  0
-0.34992442399928447  4.6591574231152064  3.2418907031912929  0
-0.35923124239192217  4.6574808639781793  -3.3413835127049856  0
-0.044006537739946221  4.6895229223120314  -3.4711853634952177  0
0.34650344507561087  4.6597622777103282  -3.243379570202634  0
0.044005546332795735  4.6895229441312658  -3.5488146364662674  0
0.35923026685932269  4.6574810420955739  -3.6786164872961571  0
-0.34650442171829643  4.6597621059069709  -3.7766204297984571  0
0.35807338798097349  4.6576919188374042  -3.3440912959398852  0
0.38240387070242654  4.6531085688263421  -3.5709727037048573  0
-0.38240484406734832  4.6531083792187156  -3.4490272962986395  0
-0.35807436359857847  4.6576917412971834  -3.6759087040584508  0
0.34887150584321619  4.6593442397391289  -3.4557821035936303  0
-0.34887248227712941  4.6593440667619079  -3.564217896402357  0
0.00024126485710756983  4.6900071102138172  -3.6396266886789737  0
-0.00024225650255383163  4.690007110093946  -3.380373311297741  0
-0.0017087634825138334  4.6900063947977069  -3.276062018609637  0
0.0017077718246114148  4.6900063956447156  -3.7439379813779441  0
-0.34992441095102655  4.6591574254339241  -3.2418907041448186  0
0.34992343457408098  4.6591575989390321  -3.7781092958559443  0
Triangles
5182
18 15 17  1
521 19 488  1
527 44 49  1
492 526 43  1
33 37 32  1
14 18 19  1
30 28 29  1
134 514 513  1
127 122 126  1
11 9 10  1
6 3 4  1
138 136 137  1
517 7 518  1
122 510 505  1
513 133 507  1
105 108 109  1
145 115 509  1
542 503 110  1
106 108 105  1
54 51 53  1
77 75 76  1
97 92 93  1
500 538 91  1
47 45 46  1
57 58 60  1
61 57 60  1
529 494 56  1
56 57 61  1
50 54 55  1
59 60 58  1
66 63 64  1
63 66 67  1
69 73 68  1
533 74 534  1
65 66 64  1
70 72 69  1
63 67 62  1
74 533 497  1
67 532 531  1
79 535 534  1
72 70 71  1
75 78 79  1
535 80 536  1
532 67 496  1
497 533 73  1
73 532 68  1
495 530 61  1
67 531 62  1
73 69 72  1
62 530 495  1
529 55 494  1
61 530 56  1
55 529 528  1
530 62 531  1
526 44 527  1
54 50 51  1
56 530 529  1
527 50 528  1
50 527 493  1
51 52 53  1
493 527 49  1
32 524 490  1
43 38 39  1
43 39 42  1
42 39 41  1
48 44 45  1
45 47 48  1
44 48 49  1
44 526 492  1
521 488 20  1
522 489 26  1
525 37 491  1
146 43 526  1
31 27 30  1
525 38 146  1
39 40 41  1
524 32 37  1
26 31 523  1
30 27 28  1
38 43 146  1
38 525 491  1
522 20 25  1
18 14 15  1
522 26 523  1
524 31 490  1
524 37 525  1
36 34 35  1
37 33 36  1
27 31 26  1
24 21 23  1
31 524 523  1
34 36 33  1
50 55 528  1
21 24 25  1
9 11 12  1
21 22 23  1
19 521 520  1
21 25 20  1
489 522 25  1
519 14 520  1
519 8 13  1
518 8 519  1
20 522 521  1
15 16 17  1
487 519 13  1
14 19 520  1
14 519 487  1
3 6 1  1
12 8 9  1
486 518 7  1
2 515 140  1
8 12 13  1
8 518 486  1
7 517 1  1
515 508 140  1
6 4 5  1
6 7 1  1
1 516 485  1
144 142 143  1
516 1 517  1
485 516 2  1
2 141 144  1
142 144 141  1
141 2 140  1
515 139 508  1
139 135 138  1
139 515 514  1
515 2 516  1
134 139 514  1
138 135 136  1
126 123 125  1
130 132 129  1
134 513 507  1
128 129 133  1
512 127 506  1
133 513 128  1
133 129 132  1
135 139 134  1
126 122 123  1
131 132 130  1
115 110 111  1
123 124 125  1
505 510 121  1
122 127 511  1
117 119 120  1
510 122 511  1
127 512 511  1
512 506 128  1
128 513 512  1
121 116 120  1
510 116 121  1
111 114 115  1
119 117 118  1
114 111 112  1
116 510 509  1
509 504 116  1
113 114 112  1
117 120 116  1
504 509 115  1
108 106 107  1
542 110 145  1
110 115 145  1
503 542 109  1
501 539 97  1
109 541 104  1
103 541 540  1
105 109 104  1
541 103 502  1
539 98 540  1
98 103 540  1
532 496 68  1
532 73 533  1
103 99 102  1
541 502 104  1
541 109 542  1
539 501 98  1
102 100 101  1
81 83 84  1
538 97 539  1
91 538 537  1
79 534 74  1
74 75 79  1
78 75 77  1
80 535 498  1
535 79 498  1
84 80 81  1
80 85 536  1
87 89 90  1
499 536 85  1
83 81 82  1
89 87 88  1
536 86 537  1
85 80 84  1
537 86 91  1
90 86 87  1
86 536 499  1
86 90 91  1
92 97 538  1
96 93 94  1
100 102 99  1
93 96 97  1
538 500 92  1
95 96 94  1
99 103 98  1
546 549 543  2
548 546 545  2
546 543 147  2
546 548 549  2
544 548 545  2
547 487 14  2
548 544 547  2
543 549 148  2
487 547 544  2
544 13 487  2
551 554 552  3
553 551 488  3
552 554 550  3
488 551 19  3
488 20 553  3
552 550 149  3
554 551 553  3
550 554 150  3
558 561 555  4
560 558 557  4
558 555 151  4
558 560 561  4
556 560 557  4
559 489 26  4
560 556 559  4
555 561 152  4
489 559 556  4
556 25 489  4
562 563 564  5
563 562 153  5
32 564 490  5
562 564 154  5
563 490 564  5
490 563 31  5
570 568 567  6
565 568 571  6
566 570 567  6
571 156 565  6
568 570 571  6
568 565 155  6
491 566 37  6
569 566 491  6
569 491 38  6
570 566 569  6
574 578 575  7
575 572 157  7
573 492 576  7
575 578 572  7
574 576 577  7
492 573 43  7
578 574 577  7
576 574 573  7
572 578 158  7
576 492 44  7
581 579 159  8
580 583 581  8
583 580 582  8
582 580 493  8
579 581 583  8
579 583 160  8
493 580 49  8
582 493 50  8
585 587 586  9
587 585 494  9
586 588 584  9
494 585 55  9
587 494 56  9
586 584 161  9
588 586 587  9
584 588 162  9
592 595 589  10
594 592 591  10
592 589 163  10
592 594 595  10
590 594 591  10
593 495 62  10
594 590 593  10
589 595 164  10
495 593 590  10
590 61 495  10
598 602 599  11
599 596 165  11
597 601 598  11
496 597 67  11
599 602 596  11
597 496 600  11
602 598 601  11
601 597 600  11
596 602 166  11
600 496 68  11
605 609 606  12
606 603 167  12
604 497 607  12
606 609 603  12
604 608 605  12
497 604 73  12
609 605 608  12
608 604 607  12
603 609 168  12
607 497 74  12
612 616 613  13
613 610 169  13
611 498 614  13
613 616 610  13
611 615 612  13
498 611 79  13
616 612 615  13
615 611 614  13
610 616 170  13
614 498 80  13
620 623 617  14
622 620 619  14
620 617 171  14
620 622 623  14
618 622 619  14
621 499 86  14
622 618 621  14
617 623 172  14
499 621 618  14
618 85 499  14
626 630 627  15
627 624 173  15
625 500 628  15
627 630 624  15
625 629 626  15
500 625 91  15
630 626 629  15
629 625 628  15
624 630 174  15
628 500 92  15
634 637 631  16
633 637 634  16
634 631 175  16
637 633 636  16
632 636 633  16
635 501 98  16
636 632 635  16
631 637 176  16
501 635 632  16
632 97 501  16
640 644 641  17
641 638 177  17
641 644 638  17
502 639 103  17
639 502 642  17
639 643 640  17
644 640 643  17
643 639 642  17
638 644 178  17
642 502 104  17
648 650 651  18
648 645 179  18
646 503 649  18
648 651 645  18
646 650 647  18
503 646 109  18
650 648 647  18
650 646 649  18
645 651 180  18
649 503 110  18
658 654 657  19
655 652 181  19
653 504 656  19
655 658 652  19
654 656 657  19
504 653 115  19
652 658 182  19
656 504 116  19
654 658 655  19
656 654 653  19
662 665 659  20
665 661 664  20
662 659 183  20
661 665 662  20
663 661 660  20
663 505 122  20
661 663 664  20
659 665 184  20
505 663 660  20
660 121 505  20
506 667 127  21
666 185 669  21
672 668 671  21
667 506 670  21
667 670 668  21
668 670 671  21
669 672 666  21
666 672 186  21
668 672 669  21
128 670 506  21
676 679 673  22
679 675 678  22
676 673 187  22
675 679 676  22
677 675 674  22
134 677 507  22
675 677 678  22
673 679 188  22
674 507 677  22
507 674 133  22
682 686 683  23
686 682 685  23
683 686 680  23
508 681 139  23
681 508 684  23
684 682 681  23
680 189 683  23
682 684 685  23
680 686 190  23
684 508 140  23
693 687 690  24
687 693 192  24
693 689 692  24
690 687 191  24
689 693 690  24
485 688 2  24
689 691 692  24
691 688 485  24
691 485 1  24
691 689 688  24
699 696 700  25
694 699 698  25
700 697 194  25
697 696 193  25
699 694 695  25
486 698 7  25
696 697 700  25
696 699 695  25
486 694 698  25
694 486 8  25
701 547 15  26
701 548 547  26
195 549 701  26
549 195 148  26
548 701 549  26
14 15 547  26
263 261 260  27
267 264 158  27
159 158 264  27
158 159 720  27
265 267 266  27
271 268 157  27
268 271 270  27
719 572 158  27
267 265 264  27
288 287 290  27
718 565 156  27
150 714 550  27
193 287 147  27
187 186 208  27
708 189 680  27
687 709 191  27
290 289 288  27
177 734 733  27
186 187 706  27
189 708 707  27
735 180 291  27
705 185 666  27
212 184 215  27
186 211 208  27
603 726 167  27
161 722 721  27
227 179 178  27
179 227 224  27
181 180 220  27
182 216 183  27
162 723 722  27
176 177 733  27
261 263 262  27
727 169 728  27
254 252 255  27
259 258 256  27
257 256 258  27
722 161 584  27
723 162 163  27
163 259 256  27
168 726 603  27
164 165 724  27
251 167 166  27
252 254 253  27
167 725 166  27
165 725 724  27
249 248 250  27
165 255 252  27
723 164 724  27
248 251 250  27
725 165 596  27
726 168 727  27
170 729 728  27
169 168 247  27
168 169 727  27
245 247 246  27
167 251 248  27
723 163 589  27
165 164 255  27
164 723 589  27
260 160 263  27
259 163 162  27
722 584 162  27
158 720 719  27
160 260 161  27
720 160 721  27
160 161 721  27
720 579 160  27
579 720 159  27
572 719 157  27
268 270 269  27
715 152 716  27
276 278 277  27
718 156 292  27
272 275 274  27
717 153 562  27
153 717 716  27
157 156 271  27
157 719 292  27
156 157 292  27
565 718 155  27
715 555 152  27
152 153 716  27
283 280 151  27
714 150 715  27
154 717 562  27
155 718 717  27
717 154 155  27
272 274 273  27
155 275 272  27
276 279 278  27
153 279 276  27
275 155 154  27
279 153 152  27
285 195 286  27
151 715 150  27
283 151 150  27
195 285 284  27
148 284 149  27
280 283 281  27
555 715 151  27
283 282 281  27
714 149 550  27
284 148 195  27
149 714 713  27
711 193 712  27
193 147 712  27
712 148 713  27
287 193 290  27
148 712 543  27
543 712 147  27
148 149 713  27
196 199 198  27
193 711 697  27
200 202 201  27
697 711 194  27
196 198 197  27
194 710 192  27
192 196 194  27
192 709 687  27
725 596 166  27
725 167 726  27
199 196 192  27
189 707 188  27
204 206 205  27
709 192 710  27
708 680 190  27
191 203 200  27
191 708 190  27
710 194 711  27
200 203 202  27
189 207 204  27
203 191 190  27
204 207 206  27
209 208 211  27
708 191 709  27
705 666 186  27
706 188 707  27
706 673 188  27
211 210 209  27
207 189 188  27
213 215 214  27
185 705 704  27
184 212 185  27
673 706 187  27
659 703 183  27
215 213 212  27
220 222 221  27
184 185 704  27
184 703 659  27
703 182 183  27
216 182 219  27
216 219 217  27
703 184 704  27
186 706 705  27
181 702 291  27
220 223 222  27
219 218 217  27
182 703 702  27
702 181 652  27
702 652 182  27
179 734 178  27
180 181 291  27
180 735 645  27
645 735 179  27
223 220 180  27
176 733 732  27
177 231 228  27
224 226 225  27
226 224 227  27
734 177 638  27
239 237 236  27
237 239 238  27
734 638 178  27
732 631 176  27
228 230 229  27
734 179 735  27
236 172 239  27
240 170 243  27
730 173 731  27
731 174 732  27
243 241 240  27
247 244 169  27
171 170 240  27
241 243 242  27
728 610 170  27
244 247 245  27
610 728 169  27
172 173 730  27
730 729 172  27
172 236 173  27
172 729 617  27
170 171 729  27
617 729 171  27
232 235 233  27
731 624 174  27
624 731 173  27
732 175 631  27
235 232 175  27
233 235 234  27
175 732 174  27
174 235 175  27
230 228 231  27
231 177 176  27
736 698 699  28
196 700 194  28
698 736 6  28
698 6 7  28
700 196 736  28
736 699 700  28
6 736 5  29
5 736 737  29
737 736 196  29
737 196 197  29
198 737 738  30
737 4 738  30
737 198 197  30
4 737 5  30
198 199 738  31
738 739 3  31
739 738 199  31
738 3 4  31
199 693 739  32
739 693 692  32
739 691 3  32
3 691 1  32
693 199 192  32
691 739 692  32
144 688 740  33
690 200 740  33
688 144 2  33
200 690 191  33
689 740 688  33
740 689 690  33
144 741 143  34
741 144 740  34
740 201 741  34
201 740 200  34
201 742 741  35
741 742 142  35
742 201 202  35
741 142 143  35
202 203 742  36
742 141 142  36
743 742 203  36
141 742 743  36
743 686 685  37
684 743 685  37
743 684 141  37
203 686 743  37
686 203 190  37
141 684 140  37
681 138 139  38
681 744 138  38
682 744 681  38
744 683 204  38
189 204 683  38
683 744 682  38
138 745 137  39
745 138 744  39
744 205 745  39
205 744 204  39
205 746 745  40
746 137 745  40
137 746 136  40
746 205 206  40
207 746 206  41
746 207 747  41
746 747 136  41
136 747 135  41
679 207 188  42
677 747 678  42
747 677 135  42
207 679 747  42
678 747 679  42
135 677 134  42
674 132 133  43
674 748 132  43
675 748 674  43
208 676 187  43
676 208 748  43
748 675 676  43
132 748 131  44
131 748 749  44
749 748 208  44
749 208 209  44
209 210 749  45
750 131 749  45
131 750 130  45
749 210 750  45
751 210 211  46
210 751 750  46
750 751 130  46
130 751 129  46
672 751 211  47
186 672 211  47
751 672 671  47
751 670 129  47
670 751 671  47
129 670 128  47
752 668 669  48
126 667 752  48
668 752 667  48
667 126 127  48
669 212 752  48
212 669 185  48
753 125 126  49
212 753 752  49
753 126 752  49
753 212 213  49
213 214 753  50
124 753 754  50
753 124 125  50
753 214 754  50
215 754 214  51
754 215 755  51
754 755 124  51
124 755 123  51
215 665 755  52
664 755 665  52
755 663 123  52
665 215 184  52
663 755 664  52
123 663 122  52
660 756 120  53
756 660 661  53
756 661 662  53
120 121 660  53
662 216 756  53
216 662 183  53
757 119 120  54
757 120 756  54
757 756 216  54
757 216 217  54
217 758 757  55
758 119 757  55
119 758 118  55
758 217 218  55
759 218 219  56
218 759 758  56
758 117 118  56
117 758 759  56
759 658 657  57
759 657 656  57
658 759 219  57
658 219 182  57
759 656 117  57
117 656 116  57
760 653 654  58
655 760 654  58
653 760 114  58
653 114 115  58
220 655 181  58
760 655 220  58
220 761 760  59
761 114 760  59
761 220 221  59
114 761 113  59
221 762 761  60
762 113 761  60
762 221 222  60
113 762 112  60
223 762 222  61
762 223 763  61
762 111 112  61
111 762 763  61
763 651 650  62
763 650 649  62
223 651 763  62
649 111 763  62
651 223 180  62
111 649 110  62
764 646 647  63
646 764 108  63
179 224 648  63
648 764 647  63
646 108 109  63
764 648 224  63
224 225 764  64
765 108 764  64
765 764 225  64
108 765 107  64
226 765 225  65
765 226 766  65
765 106 107  65
106 765 766  65
766 227 767  66
767 106 766  66
227 766 226  66
106 767 105  66
227 178 644  67
642 767 643  67
644 767 227  67
767 644 643  67
105 642 104  67
767 642 105  67
768 639 640  68
768 641 228  68
639 768 102  68
177 228 641  68
641 768 640  68
639 102 103  68
228 229 768  69
769 102 768  69
769 768 229  69
102 769 101  69
770 229 230  70
229 770 769  70
769 770 101  70
101 770 100  70
231 770 230  71
770 231 771  71
100 771 99  71
771 100 770  71
771 637 636  72
637 771 231  72
637 231 176  72
99 635 98  72
771 635 99  72
635 771 636  72
772 632 633  73
632 772 96  73
175 232 634  73
634 772 633  73
632 96 97  73
772 634 232  73
232 233 772  74
773 96 772  74
773 772 233  74
96 773 95  74
234 773 233  75
773 234 774  75
773 774 95  75
95 774 94  75
93 774 775  76
234 775 774  76
774 93 94  76
775 234 235  76
630 775 235  77
628 775 629  77
93 628 92  77
775 630 629  77
775 628 93  77
235 174 630  77
627 776 626  78
236 627 173  78
776 625 626  78
625 776 90  78
90 91 625  78
776 627 236  78
236 777 776  79
776 777 90  79
777 236 237  79
90 777 89  79
778 237 238  80
237 778 777  80
777 778 89  80
89 778 88  80
87 88 779  81
778 239 779  81
779 88 778  81
239 778 238  81
86 87 621  82
621 779 622  82
779 623 622  82
779 621 87  82
623 779 239  82
623 239 172  82
620 780 619  83
780 620 240  83
619 780 618  83
240 620 171  83
618 84 85  83
84 618 780  83
241 780 240  84
780 241 781  84
780 781 84  84
84 781 83  84
782 241 242  85
241 782 781  85
781 782 83  85
83 782 82  85
81 782 783  86
242 783 782  86
782 81 82  86
783 242 243  86
614 783 615  87
783 616 615  87
616 783 243  87
81 614 80  87
783 614 81  87
243 170 616  87
613 784 612  88
78 611 784  88
611 78 79  88
613 244 784  88
244 613 169  88
784 611 612  88
785 244 245  89
244 785 784  89
784 785 78  89
78 785 77  89
245 786 785  90
786 77 785  90
786 245 246  90
77 786 76  90
75 786 787  91
786 247 787  91
786 75 76  91
247 786 246  91
608 787 609  92
607 787 608  92
75 607 74  92
609 247 168  92
787 607 75  92
247 609 787  92
167 248 606  93
606 788 605  93
605 788 604  93
788 606 248  93
604 788 72  93
72 73 604  93
249 788 248  94
788 249 789  94
788 789 72  94
72 789 71  94
249 790 789  95
790 249 250  95
70 789 790  95
789 70 71  95
69 790 791  96
251 790 250  96
790 251 791  96
790 69 70  96
600 791 601  97
791 600 69  97
602 251 166  97
69 600 68  97
791 602 601  97
251 602 791  97
252 599 165  98
599 792 598  98
792 599 252  98
792 597 598  98
597 792 66  98
597 66 67  98
253 792 252  99
792 253 793  99
792 793 66  99
66 793 65  99
64 65 794  100
253 794 793  100
794 65 793  100
794 253 254  100
64 795 63  101
795 64 794  101
795 794 255  101
255 794 254  101
593 795 594  102
594 795 595  102
63 593 62  102
795 593 63  102
595 255 164  102
255 595 795  102
256 592 163  103
592 796 591  103
796 592 256  103
796 590 591  103
590 796 60  103
590 60 61  103
797 256 257  104
256 797 796  104
796 59 60  104
59 796 797  104
58 59 798  105
797 258 798  105
798 59 797  105
258 797 257  105
58 799 57  106
799 58 798  106
799 798 258  106
799 258 259  106
587 56 57  107
587 57 799  107
587 799 588  107
588 259 162  107
259 588 799  107
260 586 161  108
586 260 800  108
585 54 55  108
54 585 800  108
586 800 585  108
801 800 260  109
261 801 260  109
801 54 800  109
54 801 53  109
52 801 802  110
801 262 802  110
801 52 53  110
262 801 261  110
52 803 51  111
803 52 802  111
802 263 803  111
263 802 262  111
582 50 51  112
582 51 803  112
803 583 582  112
263 583 803  112
583 263 160  112
581 264 804  113
264 581 159  113
48 580 804  113
581 804 580  113
580 48 49  113
805 264 265  114
264 805 804  114
48 805 47  114
805 48 804  114
46 47 806  115
265 806 805  115
806 47 805  115
806 265 266  115
46 806 45  116
45 806 807  116
807 806 266  116
807 266 267  116
807 576 45  117
267 578 807  117
45 576 44  117
576 807 577  117
577 807 578  117
578 267 158  117
808 573 574  118
808 575 268  118
573 42 43  118
268 575 157  118
42 573 808  118
575 808 574  118
41 42 809  119
268 809 808  119
809 42 808  119
809 268 269  119
270 809 810  120
809 40 810  120
809 270 269  120
40 809 41  120
40 810 39  121
39 810 811  121
810 271 811  121
271 810 270  121
811 571 570  122
39 569 38  122
271 571 811  122
569 811 570  122
811 569 39  122
571 271 156  122
272 568 155  123
568 812 567  123
568 272 812  123
36 566 812  123
567 812 566  123
566 36 37  123
35 36 813  124
812 273 813  124
813 36 812  124
273 812 272  124
35 813 34  125
34 813 814  125
813 274 814  125
274 813 273  125
275 815 814  126
814 815 34  126
275 814 274  126
34 815 33  126
815 154 564  127
33 564 32  127
154 815 275  127
564 33 815  127
30 31 816  128
563 276 816  128
816 31 563  128
276 563 153  128
817 29 30  129
816 277 817  129
817 30 816  129
277 816 276  129
29 818 28  130
818 29 817  130
818 817 277  130
818 277 278  130
819 27 28  131
819 28 818  131
818 279 819  131
279 818 278  131
279 561 819  132
559 27 819  132
559 819 560  132
27 559 26  132
561 279 152  132
819 561 560  132
558 820 557  133
556 820 24  133
820 558 280  133
556 24 25  133
820 556 557  133
280 558 151  133
23 24 821  134
820 281 821  134
821 24 820  134
281 820 280  134
23 821 22  135
22 821 822  135
821 282 822  135
282 821 281  135
282 823 822  136
21 822 823  136
822 21 22  136
823 282 283  136
553 823 554  137
553 21 823  137
283 554 823  137
21 553 20  137
554 283 150  137
551 18 19  138
18 551 824  138
284 552 149  138
552 284 824  138
824 551 552  138
18 825 17  139
825 284 285  139
284 825 824  139
825 18 824  139
17 826 16  140
826 17 825  140
826 825 285  140
826 285 286  140
286 195 826  141
701 16 826  141
16 701 15  141
826 195 701  141
544 12 13  142
545 827 544  142
12 544 827  142
827 546 287  142
147 287 546  142
546 827 545  142
12 827 11  143
11 827 828  143
828 827 288  143
288 827 287  143
11 829 10  144
829 11 828  144
829 828 288  144
829 288 289  144
289 830 829  145
9 829 830  145
829 9 10  145
830 289 290  145
830 696 695  146
290 696 830  146
696 290 193  146
830 694 9  146
8 9 694  146
694 830 695  146
842 707 841  147
836 704 835  147
706 839 840  147
847 710 846  147
834 704 703  147
705 836 837  147
834 703 833  147
831 291 293  147
831 702 291  147
702 831 832  147
833 702 832  147
704 834 835  147
705 837 838  147
845 709 844  147
706 838 839  147
847 711 710  147
838 706 705  147
843 708 842  147
845 710 709  147
709 843 844  147
840 707 706  147
702 833 703  147
708 843 709  147
836 705 704  147
707 840 841  147
707 842 708  147
710 845 846  147
848 711 847  147
714 854 715  147
711 849 712  147
850 713 712  147
714 852 853  147
713 850 851  147
850 712 849  147
292 861 294  147
717 859 718  147
716 858 717  147
715 856 716  147
852 714 713  147
849 711 848  147
713 851 852  147
854 714 853  147
856 715 855  147
715 854 855  147
857 716 856  147
859 717 858  147
858 716 857  147
860 718 859  147
861 292 718  147
718 860 861  147
873 724 872  148
867 721 866  148
723 870 871  148
878 727 877  148
865 721 720  148
722 867 868  148
865 720 864  148
862 292 294  148
862 719 292  148
719 862 863  148
864 719 863  148
721 865 866  148
722 868 869  148
876 726 875  148
723 869 870  148
878 728 727  148
869 723 722  148
874 725 873  148
876 727 726  148
726 874 875  148
871 724 723  148
719 864 720  148
725 874 726  148
867 722 721  148
724 871 872  148
724 873 725  148
727 876 877  148
879 728 878  148
731 885 732  148
728 880 729  148
881 730 729  148
731 883 884  148
730 881 882  148
881 729 880  148
291 892 293  148
734 890 735  148
733 889 734  148
889 733 888  148
883 731 730  148
880 728 879  148
730 882 883  148
887 733 732  148
887 732 886  148
890 734 889  148
885 731 884  148
733 887 888  148
732 885 886  148
892 291 735  148
892 735 891  148
735 890 891  148
868 910 867  149
993 2108 994  149
869 911 868  149
869 913 912  149
870 2119 914  149
922 2113 923  149
307 864 865  149
2117 902 307  149
2108 857 858  149
862 899 898  149
320 948 321  149
2120 2108 993  149
860 896 300  149
859 894 299  149
2122 849 2104  149
304 898 305  149
910 868 911  149
2129 331 976  149
831 952 951  149
2115 836 962  149
844 2135 2114  149
873 2109 2103  149
833 326 954  149
2128 919 2109  149
944 315 314  149
927 2111 928  149
891 948 319  149
908 2102 909  149
864 307 901  149
911 869 912  149
2102 910 909  149
2106 2127 2111  149
2109 919 918  149
921 2128 2100  149
914 2119 915  149
916 2103 917  149
924 2113 2106  149
903 905 904  149
919 2128 920  149
2128 921 920  149
916 2119 2103  149
2119 870 871  149
872 2119 871  149
2103 2109 918  149
312 2113 924  149
301 896 302  149
310 904 311  149
309 2117 906  149
904 310 903  149
902 309 308  149
906 2117 907  149
908 2117 2102  149
910 2102 867  149
2117 866 2102  149
306 864 900  149
2117 309 902  149
294 304 897  149
864 901 900  149
899 862 863  149
899 863 306  149
863 864 306  149
903 309 905  149
906 905 309  149
898 304 862  149
304 294 862  149
860 300 859  149
294 302 861  149
302 294 897  149
895 859 300  149
896 860 861  149
296 997 297  149
303 302 897  149
997 296 295  149
299 858 859  149
297 2108 893  149
990 855 991  149
2108 2120 857  149
995 297 996  149
297 997 996  149
893 2108 299  149
2108 297 995  149
2120 993 992  149
298 297 893  149
894 859 895  149
856 991 855  149
991 2120 992  149
854 988 853  149
853 2112 852  149
2107 984 2104  149
855 990 854  149
988 2112 853  149
988 854 989  149
854 990 989  149
983 2122 2104  149
2107 986 985  149
851 2104 850  149
2107 2112 986  149
2112 988 987  149
848 2131 847  149
984 2107 985  149
2114 842 843  149
849 2122 848  149
2118 2105 2114  149
2131 845 846  149
2125 978 977  149
2135 844 845  149
981 2134 2122  149
978 2125 979  149
978 332 977  149
331 2129 977  149
979 2134 980  149
977 2129 2125  149
2135 2129 974  149
974 2129 975  149
842 2114 2105  149
2114 2135 2118  149
971 2118 972  149
2105 2133 841  149
966 839 967  149
839 966 838  149
2125 2135 2131  149
969 2105 970  149
2133 2105 969  149
963 837 964  149
964 837 838  149
964 838 965  149
838 966 965  149
967 2133 968  149
968 2133 969  149
839 2133 967  149
326 833 834  149
837 963 836  149
952 832 325  149
834 2110 326  149
834 2115 2110  149
955 328 327  149
951 323 831  149
959 2110 960  149
836 2115 835  149
836 963 962  149
328 2110 959  149
2110 328 955  149
2115 960 2110  149
957 956 958  149
913 869 870  149
870 914 913  149
957 329 956  149
329 957 330  149
328 959 958  149
958 956 328  149
323 951 324  149
833 325 832  149
325 833 953  149
833 954 953  149
293 323 950  149
952 831 832  149
293 949 321  149
323 293 831  149
293 321 892  149
949 293 950  149
950 322 949  149
316 315 944  149
2123 942 941  149
319 890 891  149
948 891 892  149
316 2123 945  149
2123 2130 888  149
947 890 319  149
890 318 889  149
879 2127 878  149
890 946 318  149
317 316 945  149
945 2123 318  149
946 890 947  149
2123 316 942  149
942 316 943  149
316 944 943  149
2130 2123 940  149
940 2123 941  149
924 2106 925  149
938 886 887  149
936 885 937  149
881 2124 880  149
932 2121 2116  149
2116 934 933  149
2127 2106 2100  149
2121 2126 2124  149
313 924 925  149
2113 312 923  149
928 2132 2126  149
877 2127 2101  149
2111 926 2106  149
2124 881 2121  149
879 2132 2127  149
882 2121 881  149
2116 933 932  149
2116 884 934  149
885 935 884  149
935 885 936  149
884 2116 883  149
884 935 934  149
886 938 937  149
938 2130 939  149
2130 940 939  149
886 937 885  149
2100 922 921  149
877 2101 876  149
875 2109 874  149
875 876 2101  149
866 2117 865  149
866 867 2102  149
872 873 2103  149
2103 918 917  149
849 850 2104  149
2104 984 983  149
971 970 2105  149
2105 841 842  149
926 2111 927  149
926 925 2106  149
2107 2104 851  149
851 852 2107  149
858 299 2108  149
2108 995 994  149
2109 873 874  149
2109 875 2101  149
955 326 2110  149
960 2115 961  149
2132 928 2111  149
928 2126 929  149
987 986 2112  149
2112 2107 852  149
2113 922 2100  149
2100 2106 2113  149
2105 2118 971  149
2114 843 844  149
2115 834 835  149
2115 962 961  149
2116 2121 882  149
882 883 2116  149
307 865 2117  149
2117 908 907  149
973 2135 974  149
973 972 2118  149
2119 872 2103  149
2119 916 915  149
2120 991 856  149
856 857 2120  149
2121 932 931  149
931 930 2121  149
2122 983 982  149
982 981 2122  149
2123 888 889  149
889 318 2123  149
2132 2111 2127  149
2124 879 880  149
2131 848 2122  149
2134 2131 2122  149
2126 2121 930  149
930 929 2126  149
2127 2100 2101  149
2127 877 878  149
2128 2109 2101  149
2101 2100 2128  149
976 975 2129  149
2129 2135 2125  149
2130 938 887  149
887 888 2130  149
846 847 2131  149
2131 2134 2125  149
2132 879 2124  149
2124 2126 2132  149
2133 839 840  149
840 841 2133  149
2134 981 980  149
2134 979 2125  149
2135 973 2118  149
2135 845 2131  149
948 892 321  149
896 861 302  149
999 333 334  150
1002 1004 337  150
1001 296 295  150
1003 336 1004  150
1001 295 1000  150
336 1003 335  150
1004 1002 1003  150
338 1001 337  150
1000 998 999  150
337 1001 1002  150
296 1001 338  150
998 1000 295  150
333 999 998  150
2144 2139 1018  151
2144 1037 1038  151
2139 2144 1039  151
1014 2140 1015  151
2136 1009 1008  151
2138 2136 1007  151
2138 1005 1025  151
2143 2142 1033  151
2138 1007 1006  151
2136 2138 1028  151
1035 2143 1034  151
2136 2142 1010  151
1031 2136 1030  151
2142 1012 1011  151
2142 2136 1031  151
1026 2138 1025  151
1033 2142 1032  151
339 1025 1005  151
1005 2138 1006  151
2143 1035 2140  151
1007 2136 1008  151
2136 1010 1009  151
1014 2143 2140  151
1016 2144 1017  151
2143 1033 1034  151
2142 2143 1012  151
2144 1016 2140  151
2139 1021 1020  151
1018 2139 1019  151
1037 2144 2140  151
2141 2137 1044  151
1024 2141 1004  151
1024 1004 337  151
2137 1042 1043  151
1045 2141 1044  151
1021 2139 2137  151
2139 1042 2137  151
2140 1016 1015  151
1025 340 1026  151
2139 1039 1040  151
2137 2141 1023  151
1044 2137 1043  151
1004 1045 336  151
1042 2139 1041  151
2136 1028 1029  151
1029 1030 2136  151
2137 1023 1022  151
1022 1021 2137  151
2138 1026 1027  151
1027 1028 2138  151
1040 1041 2139  151
2139 1020 1019  151
2140 1035 1036  151
1036 1037 2140  151
2141 1045 1004  151
2141 1024 1023  151
1011 1010 2142  151
2142 1031 1032  151
2143 1014 1013  151
1013 1012 2143  151
1038 1039 2144  151
2144 1018 1017  151
1059 2146 2145  152
2146 991 2145  152
1059 2145 1060  152
1057 2146 1058  152
982 2147 981  152
2153 2147 1048  152
2153 1046 1066  152
1055 2151 2150  152
980 2153 979  152
1048 2147 1049  152
2150 1057 1056  152
1051 2152 1052  152
2147 2152 1051  152
2152 1053 1052  152
983 2147 982  152
978 2153 1066  152
2152 985 2151  152
341 1066 1046  152
1046 2153 1047  152
2151 1055 1054  152
2147 2153 980  152
2147 1051 1050  152
2151 987 2150  152
1055 2150 1056  152
1053 2151 1054  152
1053 2152 2151  152
2146 1059 1058  152
1061 2149 1062  152
2145 1061 1060  152
1057 2150 2146  152
995 2149 994  152
1065 2148 998  152
1065 998 333  152
1063 2149 2148  152
997 2148 996  152
993 2149 2145  152
2149 1063 1062  152
2150 989 2146  152
1066 332 978  152
993 2145 992  152
2148 997 998  152
1063 2148 1064  152
998 997 295  152
2149 995 2148  152
991 2146 990  152
991 992 2145  152
989 2150 988  152
989 990 2146  152
1050 1049 2147  152
2147 980 981  152
995 996 2148  152
2148 1065 1064  152
2149 1061 2145  152
2149 993 994  152
987 2151 986  152
987 988 2150  152
985 2152 984  152
985 986 2151  152
2152 2147 983  152
983 984 2152  152
1048 1047 2153  152
2153 978 979  152
354 1077 1078  153
1153 1028 1154  153
1044 1170 1169  153
1166 1040 1041  153
1074 1147 1073  153
1170 1044 1045  153
1095 1130 1129  153
1133 1092 1091  153
1129 1096 1095  153
1162 1036 1037  153
1155 1029 1030  153
1110 1080 1081  153
1087 1138 1137  153
1130 1094 1131  153
1041 1167 1166  153
336 335 1045  153
356 1067 1140  153
342 1142 1141  153
343 1067 356  153
1067 1141 1140  153
1143 1070 1144  153
356 1140 1139  153
355 356 1139  153
1141 1067 342  153
1142 1068 1069  153
1142 342 1068  153
1085 1115 1114  153
1084 1113 1083  153
347 1079 1108  153
1071 1144 1070  153
1070 1143 1069  153
1144 1071 1145  153
1142 1069 1143  153
1148 1075 1149  153
1145 1072 1146  153
1072 1145 1071  153
1146 1072 1073  153
1146 1073 1147  153
1147 1074 1148  153
1040 1166 1165  153
1169 1043 1044  153
1168 1043 1169  153
1043 1168 1042  153
1045 335 1170  153
1040 1165 1039  153
1164 1038 1039  153
1039 1165 1164  153
1163 1037 1038  153
1033 1159 1158  153
1038 1164 1163  153
1037 1163 1162  153
1035 1160 1034  153
1036 1162 1161  153
1032 1158 1157  153
1036 1161 1035  153
1029 1155 1154  153
1103 1121 1104  153
1158 1032 1033  153
1160 1035 1161  153
1098 1126 1099  153
1157 1031 1032  153
1105 1120 1119  153
1030 1156 1155  153
1122 1102 1123  153
1028 1153 1027  153
1120 1105 1104  153
1152 1026 1027  153
1156 1030 1031  153
1031 1157 1156  153
354 347 1107  153
1026 1152 1151  153
1077 340 1076  153
1026 1151 340  153
1149 1075 344  153
1027 1153 1152  153
1075 1148 1074  153
340 1150 344  153
345 340 344  153
1149 344 1150  153
1150 340 1151  153
340 345 1076  153
1167 1041 1042  153
1042 1168 1167  153
1106 1119 354  153
1077 354 340  153
1106 354 1107  153
347 1108 1107  153
347 354 346  153
354 1078 346  153
1119 1106 1105  153
1081 1111 1110  153
1101 1124 1123  153
1029 1154 1028  153
1121 1103 1122  153
1127 1097 1128  153
1125 1099 1126  153
1104 1121 1120  153
1101 1123 1102  153
1102 1122 1103  153
1096 1129 1128  153
1100 1124 1101  153
1124 1100 1125  153
1096 1128 1097  153
1097 1127 1098  153
1126 1098 1127  153
1134 1090 1135  153
1099 1125 1100  153
1090 1134 1091  153
1132 1092 1133  153
1091 1134 1133  153
1092 1132 1093  153
1136 1088 1137  153
1093 1132 1131  153
1093 1131 1094  153
1094 1130 1095  153
1087 1137 1088  153
1088 1136 1089  153
1135 1089 1136  153
1089 1135 1090  153
1159 1033 1034  153
1034 1160 1159  153
1080 1110 1109  153
1111 1081 1082  153
1079 1109 1108  153
1109 1079 1080  153
1083 1112 1082  153
348 1115 1086  153
1111 1082 1112  153
1112 1083 1113  153
1113 1084 1114  153
352 1138 1087  153
348 1117 1116  153
1115 1085 1086  153
1115 348 1116  153
1085 1114 1084  153
350 1117 348  153
350 351 1118  153
348 349 350  153
1138 352 353  153
1117 350 1118  153
366 1214 1213  154
1196 1238 1237  154
358 1171 1264  154
1281 1189 1282  154
1259 1290 1289  154
1218 1249 1219  154
1217 1247 1248  154
1242 1192 1191  154
359 1253 1254  154
1200 1234 1233  154
1197 1236 1198  154
1194 1240 1239  154
1221 1251 367  154
1180 1272 1179  154
1203 1231 1230  154
1185 1277 1184  154
1208 1226 1225  154
1225 1209 1208  154
1273 1180 1181  154
1180 1273 1272  154
1181 1274 1273  154
1179 1271 1178  154
1275 1182 1183  154
1268 1176 1269  154
1182 1274 1181  154
1184 1276 1183  154
1274 1182 1275  154
1275 1183 1276  154
1280 1187 1188  154
1204 1229 1205  154
1276 1184 1277  154
360 1223 1222  154
1282 1190 1283  154
1277 1185 1278  154
1278 1186 1279  154
1279 1186 1187  154
1209 1224 1210  154
1187 1280 1279  154
1186 1278 1185  154
1189 1281 1188  154
359 1284 1283  154
1253 360 1252  154
1283 1190 359  154
359 370 1284  154
1190 1282 1189  154
1253 359 360  154
1285 370 1255  154
369 359 1254  154
1256 1286 1255  154
1255 1286 1285  154
370 1285 1284  154
370 359 369  154
1271 1179 1272  154
1269 1176 1177  154
1178 1270 1177  154
1266 1174 1267  154
1173 1265 1172  154
1176 1268 1175  154
1267 1175 1268  154
1267 1174 1175  154
1174 1266 1173  154
1264 1171 1172  154
1264 1172 1265  154
1265 1173 1266  154
1171 358 357  154
1294 1263 373  154
1292 371 1293  154
1294 373 1295  154
1260 1291 1290  154
1262 1291 1261  154
373 1263 372  154
373 374 1295  154
1291 1262 1292  154
1291 1260 1261  154
1290 1259 1260  154
1247 1216 1246  154
1292 1262 371  154
1259 1289 1258  154
1293 371 1263  154
1263 1294 1293  154
1286 1256 1287  154
1258 1289 1288  154
1257 1288 1287  154
1288 1257 1258  154
1219 1249 1250  154
1249 1218 1248  154
1257 1287 1256  154
1250 1220 1219  154
1217 1248 1218  154
1220 1251 1221  154
1244 1215 1214  154
1214 366 1244  154
1212 364 1243  154
1213 1243 366  154
1246 1215 1245  154
1216 1247 1217  154
1215 1244 1245  154
1215 1246 1216  154
364 1212 1211  154
363 364 1211  154
361 362 1191  154
365 1243 364  154
1243 1213 1212  154
1192 1242 1241  154
1280 1188 1281  154
1194 1239 1195  154
1192 1241 1193  154
1193 1241 1240  154
1240 1194 1193  154
1191 362 1242  154
1236 1197 1237  154
1196 1237 1197  154
1199 1235 1234  154
1238 1196 1195  154
1195 1239 1238  154
1235 1198 1236  154
360 367 368  154
1251 1220 1250  154
367 360 1222  154
360 368 1252  154
367 1222 1221  154
1207 1227 1226  154
1223 360 1210  154
1210 1224 1223  154
1207 1226 1208  154
1202 1232 1231  154
1227 1207 1206  154
1209 1225 1224  154
1206 1228 1227  154
1228 1206 1205  154
1228 1205 1229  154
1231 1203 1202  154
1204 1230 1229  154
1230 1204 1203  154
1232 1202 1201  154
1269 1177 1270  154
1270 1178 1271  154
1235 1199 1198  154
1200 1233 1201  154
1232 1201 1233  154
1234 1200 1199  154
1306 2161 1305  155
2158 2157 2155  155
2161 1304 1305  155
2158 1310 1311  155
2156 1315 1067  155
1313 2158 1312  155
1314 2156 1313  155
1296 342 375  155
1315 2156 1314  155
1296 2157 342  155
1310 2155 1309  155
1307 2167 2165  155
1310 2158 2155  155
1306 2165 2161  155
2166 1304 2161  155
2154 2160 2159  155
2159 1317 378  155
1302 2166 2160  155
1318 2162 1319  155
2166 2164 2162  155
1304 2166 1303  155
2159 2166 2162  155
2154 1297 1298  155
379 378 1317  155
1297 2154 1316  155
1316 377 1297  155
1316 2154 378  155
1317 2159 1318  155
1317 1318 380  155
343 1067 1315  155
1309 2167 1308  155
1320 1296 376  155
2154 1298 1299  155
1299 2160 2154  155
2157 2156 342  155
1320 2163 2157  155
2156 1067 342  155
2157 2158 2156  155
2157 1296 1320  155
2167 2164 2165  155
2158 1311 1312  155
2158 1313 2156  155
2159 378 2154  155
1302 2160 1301  155
2160 1299 1300  155
1300 1301 2160  155
2164 2167 2155  155
2164 2155 2163  155
2162 2163 1319  155
2162 1318 2159  155
2155 2157 2163  155
2163 1320 1319  155
2163 2162 2164  155
2164 2166 2161  155
2164 2161 2165  155
2165 1306 1307  155
2166 2159 2160  155
2166 1302 1303  155
2167 1307 1308  155
2167 1309 2155  155
376 381 1337  156
383 1328 1327  156
2169 387 1341  156
1336 376 1337  156
376 1336 1296  156
1323 2169 2168  156
1337 381 1338  156
2169 1331 1332  156
1296 1335 1334  156
2169 1323 1331  156
387 2169 1333  156
1338 381 1339  156
1325 2168 1321  156
2168 1325 1324  156
1339 2168 1340  156
387 388 1341  156
1331 1323 386  156
1323 2168 1324  156
1323 385 386  156
1327 382 383  156
1325 382 1326  156
382 1325 1321  156
1321 1339 381  156
382 1327 1326  156
375 1296 1334  156
1335 1296 1336  156
1329 1322 1330  156
1322 384 1330  156
1328 383 1322  156
1322 1329 1328  156
2168 1341 1340  156
2168 1339 1321  156
1332 1333 2169  156
2169 1341 2168  156
2171 1361 2170  157
1345 2170 1363  157
390 1347 398  157
1343 2170 1344  157
1361 2171 1353  157
392 1343 391  157
1343 2171 2170  157
1350 1342 389  157
1345 398 1346  157
1342 1350 1349  157
1348 390 1342  157
1342 1349 1348  157
2170 1361 1360  157
1347 390 1348  157
1346 398 1347  157
1357 397 1358  157
396 397 1357  157
398 1345 1363  157
1363 1359 397  157
1354 395 1362  157
1353 2171 1352  157
1362 1355 1354  157
1356 396 1357  157
396 1356 1362  157
1355 1362 1356  157
392 2171 1343  157
1358 397 1359  157
1359 2170 1360  157
1361 1353 393  157
393 394 1361  157
2170 1359 1363  157
2170 1345 1344  157
2171 392 1351  157
1351 1352 2171  157
1318 399 380  158
1319 1366 1365  158
1364 1318 1365  158
1365 1318 1319  158
1366 1319 1320  158
399 1318 1364  158
1366 376 381  158
376 1366 1320  158
380 399 1370  159
405 1383 1382  159
1374 2173 1377  159
1369 380 1370  159
380 1369 1317  159
1378 2173 2172  159
1370 399 1371  159
1377 2173 1376  159
1317 1368 1367  159
2173 402 1375  159
1374 1377 401  159
1371 399 1372  159
1380 2172 1387  159
2172 1380 1379  159
1372 2172 1373  159
401 400 1374  159
402 2173 1378  159
1378 2172 1379  159
1378 403 402  159
1382 406 405  159
1380 406 1381  159
406 1380 1387  159
1387 1372 399  159
406 1382 1381  159
379 1317 1367  159
1368 1317 1369  159
1384 1386 1385  159
1386 404 1385  159
1383 405 1386  159
1386 1384 1383  159
2172 1374 1373  159
2172 1372 1387  159
1375 1376 2173  159
2173 1374 2172  159
2175 1398 2174  160
1404 2174 1389  160
408 1406 409  160
1402 2174 1403  160
1398 2175 1401  160
415 1402 416  160
1402 2175 2174  160
1409 1388 407  160
1404 409 1405  160
1388 1409 1408  160
1407 408 1388  160
1388 1408 1407  160
2174 1398 1397  160
1406 408 1407  160
1405 409 1406  160
1394 410 1395  160
411 410 1394  160
409 1404 1389  160
1389 1396 410  160
1391 412 1390  160
1401 2175 1400  160
1390 1392 1391  160
1393 411 1394  160
411 1393 1390  160
1392 1390 1393  160
415 2175 1402  160
1395 410 1396  160
1396 2174 1397  160
1398 1401 414  160
414 413 1398  160
2174 1396 1389  160
2174 1404 1403  160
2175 415 1399  160
1399 1400 2175  160
1368 1412 1369  161
1367 1411 1368  161
1374 1417 1418  161
1371 1415 1372  161
1373 1417 1374  161
1369 1413 1370  161
1415 1371 1414  161
1410 379 378  161
1412 1368 1411  161
1370 1414 1371  161
1411 1367 1410  161
1413 1369 1412  161
379 1410 1367  161
1374 1418 400  161
1372 1416 1373  161
1414 1370 1413  161
1417 1373 1416  161
1416 1372 1415  161
1418 1417 417  161
420 1512 1513  162
1461 1480 1460  162
1490 1470 420  162
378 1422 1421  162
1446 1060 1061  162
1064 1450 1449  162
1450 1064 1065  162
1479 1459 1460  162
1480 1479 1460  162
1459 1478 1458  162
1486 1467 1487  162
1048 1433 1047  162
1494 1504 1505  162
1476 1457 1477  162
1053 1439 1438  162
422 1451 1471  162
1452 1472 1471  162
1472 1452 1453  162
1456 1476 1475  162
1061 1447 1446  162
333 334 1065  162
418 1316 1420  162
1416 1427 1415  162
377 1316 418  162
1316 1421 1420  162
1423 1412 1424  162
418 1420 1419  162
419 418 1419  162
1421 1316 378  162
1422 1410 1411  162
1422 378 1410  162
1509 1499 1498  162
1508 1497 1507  162
1425 1414 1426  162
1413 1424 1412  162
1412 1423 1411  162
1424 1413 1425  162
1422 1411 1423  162
1426 1415 1427  162
1505 1495 1494  162
1414 1425 1413  162
427 1503 1492  162
1426 1414 1415  162
1427 1416 1428  162
1060 1446 1445  162
1449 1063 1064  162
1448 1063 1449  162
1063 1448 1062  162
1065 334 1450  162
1060 1445 1059  162
1444 1058 1059  162
1059 1445 1444  162
1058 1444 1443  162
1057 1443 1442  162
1443 1057 1058  162
1442 1056 1057  162
1055 1440 1054  162
1056 1442 1441  162
1056 1441 1055  162
1437 1051 1052  162
1050 1435 1049  162
1437 1052 1438  162
1438 1052 1053  162
1440 1055 1441  162
1482 1463 1483  162
1049 1434 1048  162
1467 1486 1466  162
1050 1436 1435  162
1433 1048 1434  162
1489 1469 1470  162
1434 1049 1435  162
1465 1484 1464  162
1436 1050 1051  162
1051 1437 1436  162
341 1046 1431  162
1512 420 341  162
1046 1432 1431  162
1512 341 1511  162
1428 1417 1429  162
1429 1417 417  162
1432 1046 1047  162
1047 1433 1432  162
341 1430 417  162
1417 1428 1416  162
1429 417 1430  162
1430 341 1431  162
1511 341 429  162
341 417 429  162
420 427 1491  162
1490 420 1491  162
427 1492 1491  162
1504 1494 1493  162
427 420 428  162
420 1513 428  162
1470 1490 1489  162
1487 1468 1488  162
1485 1465 1466  162
1468 1487 1467  162
1462 1481 1461  162
1464 1483 1463  162
1488 1468 1469  162
1469 1489 1488  162
1485 1466 1486  162
1439 1053 1054  162
1054 1440 1439  162
1484 1465 1485  162
1480 1461 1481  162
1481 1462 1482  162
1463 1482 1462  162
1483 1464 1484  162
1455 1474 1454  162
1457 1476 1456  162
1475 1455 1456  162
1477 1457 1458  162
1477 1458 1478  162
1478 1459 1479  162
1453 1473 1472  162
1473 1453 1454  162
1471 1451 1452  162
1447 1061 1062  162
1062 1448 1447  162
1473 1454 1474  162
1474 1455 1475  162
1495 1505 1506  162
1503 1493 1492  162
1493 1503 1504  162
1507 1496 1506  162
426 1499 1510  162
1495 1506 1496  162
1496 1507 1497  162
1497 1508 1498  162
426 1501 1500  162
1499 1509 1510  162
1499 426 1500  162
1509 1498 1508  162
424 1501 426  162
424 423 1502  162
426 425 424  162
1451 422 421  162
1501 424 1502  162
437 447 1557  163
1514 1619 1620  163
1532 1638 1533  163
1574 1563 1575  163
431 1619 1514  163
1598 1617 1618  163
1612 1593 1592  163
1581 1600 1601  163
1627 1521 1626  163
1606 1587 1586  163
446 1579 1578  163
1633 1527 1632  163
1577 1565 439  163
1556 446 1555  163
1522 1627 1628  163
1629 1524 1523  163
1628 1523 1522  163
1523 1628 1629  163
1525 1630 1631  163
1518 1624 1519  163
1630 1524 1629  163
1632 1526 1631  163
1524 1630 1525  163
1525 1631 1526  163
1530 1635 1636  163
1605 1585 1604  163
1526 1632 1527  163
1601 1582 1581  163
1527 1633 1528  163
1531 1637 1532  163
1528 1634 1529  163
1529 1634 1635  163
1600 1580 1599  163
1635 1530 1529  163
1637 1531 1636  163
447 1534 1533  163
1556 447 446  163
447 436 1534  163
1533 1638 447  163
447 1556 1557  163
1638 1532 1637  163
1530 1636 1531  163
1535 436 1547  163
1548 1536 1547  163
1547 1536 1535  163
436 1535 1534  163
436 447 437  163
1517 1623 1518  163
1521 1627 1522  163
1519 1624 1625  163
1626 1520 1625  163
1516 1622 1517  163
1621 1515 1620  163
1624 1518 1623  163
1515 1621 1516  163
1517 1622 1623  163
1622 1516 1621  163
1519 1625 1520  163
1520 1626 1521  163
1514 1620 1515  163
1544 1546 433  163
1619 431 430  163
1552 1541 1540  163
1551 1540 1539  163
1544 433 1545  163
1554 1541 1553  163
1561 1562 1573  163
433 1546 434  163
433 432 1545  163
1541 1554 1542  163
1541 1552 1553  163
1540 1551 1552  163
1542 1554 435  163
1542 435 1543  163
1551 1539 1550  163
1543 435 1546  163
1546 1544 1543  163
1558 1571 1570  163
1536 1548 1537  163
1550 1539 1538  163
1549 1538 1537  163
1538 1549 1550  163
1575 1563 1564  163
1549 1537 1548  163
1563 1574 1562  163
1564 1576 1575  163
1573 1562 1574  163
1576 1565 1577  163
1561 1572 1560  163
440 1570 1569  163
1570 440 1558  163
1568 442 1566  163
1569 1566 440  163
1560 1571 1559  163
1572 1561 1573  163
1571 1558 1559  163
1571 1560 1572  163
442 1568 1567  163
1566 442 441  163
443 442 1567  163
1566 1569 1568  163
444 1618 445  163
1617 1598 1597  163
1615 1596 1595  163
1615 1595 1614  163
1617 1597 1616  163
1634 1528 1633  163
1596 1615 1616  163
1616 1597 1596  163
1618 444 1598  163
1613 1594 1593  163
1610 1591 1590  163
1613 1593 1612  163
1611 1592 1591  163
1594 1613 1614  163
1614 1595 1594  163
1603 1584 1583  163
1592 1611 1612  163
446 439 438  163
1579 446 1599  163
1565 1576 1564  163
439 446 1578  163
446 438 1555  163
439 1578 1577  163
1602 1583 1582  163
1599 1580 1579  163
1602 1582 1601  163
1607 1588 1587  163
1583 1602 1603  163
1600 1581 1580  163
1584 1603 1604  163
1588 1607 1608  163
1584 1604 1585  163
1587 1606 1607  163
1605 1586 1585  163
1586 1605 1606  163
1591 1610 1611  163
1609 1590 1589  163
1609 1589 1608  163
1588 1608 1589  163
1590 1609 1610  163
1303 1646 1645  164
1302 1645 1644  164
1646 1304 1647  164
1639 377 1297  164
1297 1640 1639  164
377 1639 418  164
1298 1641 1640  164
1641 1298 1299  164
1299 1642 1641  164
1642 1300 1643  164
1644 1301 1302  164
1642 1299 1300  164
1640 1297 1298  164
1305 1647 1304  164
1306 1648 1305  164
1646 1303 1304  164
1301 1644 1643  164
1645 1302 1303  164
1643 1300 1301  164
1648 1306 1649  164
1647 1305 1648  164
1651 1308 1652  164
1306 1650 1649  164
1308 1651 1307  164
1309 1653 1652  164
1650 1307 1651  164
1650 1306 1307  164
1652 1308 1309  164
1653 1309 1310  164
1653 1310 1654  164
1654 1310 1311  164
1655 1312 1656  164
1656 1313 1657  164
1313 1656 1312  164
1312 1655 1311  164
1657 1314 1658  164
1654 1311 1655  164
343 1659 1315  164
1659 343 356  164
1315 1659 1658  164
1315 1658 1314  164
1314 1657 1313  164
1664 1648 1665  165
1652 1667 1666  165
1660 1639 1640  165
1643 1662 1661  165
1643 1661 1642  165
1642 1661 1641  165
1639 1660 419  165
1639 419 418  165
1662 1643 1644  165
1663 1646 1664  165
1641 1660 1640  165
1646 1663 1645  165
1662 1644 1663  165
1663 1644 1645  165
1664 1646 1647  165
1666 1651 1652  165
1667 1652 1653  165
1651 1666 1650  165
1654 1667 1653  165
1665 1650 1666  165
1667 1654 1668  165
1655 1669 1668  165
1648 1664 1647  165
1669 1655 1656  165
1659 1670 1658  165
1670 1659 355  165
1657 1669 1656  165
355 1659 356  165
1669 1657 1670  165
1670 1657 1658  165
1660 1641 1661  165
1668 1654 1655  165
1665 1648 1649  165
1650 1665 1649  165
1146 2216 2176  166
1139 1670 355  166
1440 2209 2188  166
2215 1151 1152  166
1167 2214 2204  166
2215 1152 2194  166
1424 2206 2200  166
2219 1663 1664  166
999 2186 1000  166
2178 1164 1165  166
1161 2198 2180  166
2177 1149 1150  166
2209 2180 2188  166
2205 1438 1437  166
1169 2214 1168  166
1662 2220 1661  166
2195 2183 2219  166
2218 1667 1668  166
1146 2176 1145  166
1139 1669 1670  166
2218 2219 1667  166
1149 2207 1148  166
1669 1139 2218  166
2206 1424 1423  166
2189 1144 2176  166
2219 2218 2195  166
1144 2189 1143  166
1142 2203 1141  166
2181 2216 2184  166
1427 2184 1428  166
2216 2207 2184  166
1148 2216 1147  166
1429 2190 1430  166
1666 2219 1665  166
1421 2187 1422  166
1423 2187 2206  166
1663 2220 1662  166
1660 1419 419  166
1661 1419 1660  166
1421 2220 2187  166
2187 2220 2183  166
1419 1661 2220  166
2200 1425 1424  166
1426 2200 2181  166
1151 2215 2177  166
1433 2217 2213  166
2213 1435 1434  166
2217 2194 2213  166
2194 1152 1153  166
2216 1148 2207  166
2190 1428 2184  166
1435 2213 2191  166
1438 2209 1439  166
1157 2192 1156  166
1163 2198 1162  166
1436 2205 1437  166
2198 1161 1162  166
2201 2198 2208  166
1002 2211 2199  166
2186 1448 2179  166
1447 2179 1448  166
1163 2208 2198  166
2211 2214 2199  166
1450 999 334  166
2186 999 1450  166
1445 2210 1446  166
1166 2178 1165  166
2204 1166 1167  166
1003 2199 1170  166
2214 2179 2204  166
1154 2194 1153  166
1161 2180 1160  166
2197 1156 2192  166
2180 2209 2182  166
2201 2180 2198  166
1156 2197 1155  166
2182 1157 1158  166
1159 2182 1158  166
335 1003 1170  166
1164 2208 1163  166
1166 2204 2178  166
1170 2199 1169  166
2200 1426 1425  166
2176 1144 1145  166
1150 1151 2177  166
1432 2202 2217  166
1447 2210 2179  166
2210 1445 2185  166
1448 2186 1449  166
2210 2178 2204  166
1440 2188 1441  166
2180 1159 1160  166
1427 2181 2184  166
2212 2181 2200  166
2182 1159 2180  166
2209 1438 2205  166
2219 2220 1663  166
2195 2203 2193  166
1428 2190 1429  166
2181 1427 1426  166
2185 1445 1444  166
1444 2196 2185  166
1000 2211 1001  166
2186 1450 1449  166
2220 1421 1420  166
2195 1141 2203  166
1442 2196 1443  166
1442 1441 2188  166
2206 2212 2200  166
1143 2203 1142  166
2190 2177 2202  166
1430 2202 1431  166
1154 2197 2194  166
2191 1436 1435  166
2192 1157 2182  166
2205 1436 2191  166
2187 2183 2193  166
2203 1143 2189  166
2191 2197 2192  166
2194 2217 2215  166
1667 2219 1666  166
1140 2218 1139  166
2196 1444 1443  166
2196 1442 2188  166
2197 2213 2194  166
2197 1154 1155  166
2185 2208 2178  166
2180 2201 2188  166
2199 1003 1002  166
2179 2211 2186  166
2193 2212 2206  166
2181 2212 2176  166
2196 2208 2185  166
2196 2188 2201  166
2202 1430 2190  166
2177 2190 2207  166
2189 2193 2203  166
1141 2195 1140  166
2179 2214 2211  166
2178 2210 2185  166
2205 2191 2192  166
2192 2182 2205  166
2187 1423 1422  166
2187 2193 2206  166
2207 1149 2177  166
2207 2190 2184  166
2208 1164 2178  166
2208 2196 2201  166
2209 1440 1439  166
2209 2205 2182  166
2210 2204 2179  166
2210 1447 1446  166
2211 1002 1001  166
2211 1000 2186  166
2212 2193 2189  166
2189 2176 2212  166
2213 2197 2191  166
2213 1434 1433  166
2214 1167 1168  166
2214 1169 2199  166
2215 2217 2202  166
2202 2177 2215  166
2216 2181 2176  166
2216 1146 1147  166
2217 1433 1432  166
2202 1432 1431  166
2218 1140 2195  166
2218 1668 1669  166
2183 2195 2193  166
2219 1664 1665  166
2220 2219 2183  166
2220 1420 1419  166
341 1671 420  167
1671 341 1066  167
977 1066 332  167
977 331 1671  167
1671 1066 977  167
339 1025 1673  168
1025 1672 1673  168
1673 1672 448  168
340 1672 1025  168
1672 340 354  168
1687 2226 2222  169
2227 2225 1136  169
2226 1125 2222  169
1676 2227 1677  169
1694 2225 1695  169
2225 1676 1675  169
1695 2225 1674  169
1136 2225 1137  169
2225 2227 1676  169
1674 2225 1675  169
2221 2224 1683  169
1132 2223 1133  169
1687 2222 1688  169
1131 2223 1132  169
1134 2227 1135  169
1138 1694 353  169
1678 2223 1679  169
1695 1674 449  169
2223 2227 1134  169
1681 2223 2221  169
1129 2221 1130  169
2227 2223 1678  169
1683 2224 1684  169
2223 1131 2221  169
1127 2224 1128  169
1681 2221 1682  169
2223 1681 1680  169
1689 2229 1690  169
2229 1691 1690  169
1693 2228 1672  169
1693 1672 448  169
1691 2229 2228  169
1119 2228 1120  169
2228 1119 1672  169
2226 1685 2224  169
1685 2226 1686  169
1125 2226 1126  169
2224 2221 1129  169
1127 2226 2224  169
1123 2222 1124  169
1121 2229 1122  169
1123 2229 2222  169
1672 1119 354  169
1691 2228 1692  169
2229 1121 2228  169
1131 1130 2221  169
2221 1683 1682  169
1125 1124 2222  169
2222 1689 1688  169
1680 1679 2223  169
2223 1134 1133  169
1129 1128 2224  169
2224 1685 1684  169
2225 1694 1138  169
1138 1137 2225  169
2226 1127 1126  169
2226 1687 1686  169
1678 1677 2227  169
2227 1136 1135  169
1121 1120 2228  169
2228 1693 1692  169
2229 1689 2222  169
2229 1123 1122  169
2233 1461 2231  170
2233 967 968  170
2233 968 969  170
967 2233 2231  170
421 1696 1451  170
963 2234 2230  170
959 2235 2232  170
2232 1451 1696  170
2232 1453 1452  170
2230 1457 1456  170
2231 2234 965  170
961 2235 960  170
2235 1453 2232  170
2231 965 966  170
2235 1455 1454  170
957 2232 1696  170
1455 2230 1456  170
1457 2234 1458  170
1451 2232 1452  170
2234 1459 1458  170
1455 2235 2230  170
1453 2235 1454  170
1461 2233 1462  170
2234 2231 1459  170
1459 2231 1460  170
2234 1457 2230  170
2233 2238 1464  170
957 1696 330  170
2238 2233 970  170
1466 2238 2237  170
2238 1466 1465  170
1470 2236 1671  170
2236 976 1671  170
2237 1468 1467  170
1470 1671 420  170
2236 974 975  170
976 2236 975  170
331 1671 976  170
970 2233 969  170
1468 2237 2236  170
972 2238 971  170
2238 972 2237  170
974 2237 973  170
2237 974 2236  170
2230 961 962  170
962 963 2230  170
966 967 2231  170
2231 1461 1460  170
2232 957 958  170
958 959 2232  170
2233 1464 1463  170
1463 1462 2233  170
2234 963 964  170
964 965 2234  170
2235 959 960  170
2235 961 2230  170
2236 1470 1469  170
1469 1468 2236  170
1467 1466 2237  170
2237 972 973  170
1465 1464 2238  170
2238 970 971  170
1697 1700 330  171
330 329 1697  171
450 449 1697  171
1696 1699 1698  171
1699 1696 330  171
421 1696 1698  171
1699 330 1700  171
421 1698 422  171
1694 352 1702  171
1694 1702 1695  171
1700 1697 449  171
1695 1701 449  171
352 1694 353  171
1700 449 1701  171
1701 1695 1702  171
956 1697 329  172
2239 1705 1706  172
1706 1705 451  172
1705 2239 1704  172
956 2239 1697  172
1703 2239 956  172
1703 956 328  172
450 2239 1706  172
2239 450 1697  172
2239 1703 1704  172
327 1707 1703  173
1703 1707 1708  173
327 1703 328  173
1703 1708 1704  173
1704 1708 1705  173
1709 451 1705  173
1705 1708 1709  173
451 1709 452  173
1707 1710 1708  174
1707 327 955  174
1710 1709 1708  174
1710 1707 955  174
1709 1710 1711  174
1711 1710 453  174
1710 955 326  174
1711 452 1709  174
953 2241 954  175
326 2241 1710  175
2241 2240 1710  175
1714 2240 1713  175
453 2240 1714  175
2240 2241 1712  175
454 2240 1712  175
325 2241 953  175
2240 454 1713  175
2240 453 1710  175
2241 326 954  175
2241 325 1712  175
1716 2243 1715  176
2243 951 1715  176
325 2243 1712  176
2242 1718 1719  176
951 2243 952  176
2242 2243 1716  176
1718 2242 1717  176
951 324 1715  176
454 2242 1719  176
1717 455 1718  176
2242 454 1712  176
2242 1716 1717  176
2243 2242 1712  176
2243 325 952  176
323 1720 1715  177
1715 1720 1721  177
323 1715 324  177
1715 1721 1716  177
1716 1722 1717  177
1722 455 1717  177
1722 1716 1721  177
455 1722 456  177
1724 2244 1723  178
2244 1720 950  178
950 1720 323  178
1720 2244 1721  178
1722 2244 1724  178
1724 1723 457  178
322 2244 950  178
456 1722 1724  178
2244 322 1723  178
2244 1722 1721  178
2245 1728 1723  179
1725 2245 949  179
321 1725 949  179
2245 1727 1728  179
322 2245 1723  179
458 1728 1727  179
1723 1728 457  179
1727 2245 1726  179
2245 322 949  179
2245 1725 1726  179
321 320 1725  180
1729 1725 320  180
459 1727 1731  180
1727 459 458  180
1727 1730 1731  180
1725 1730 1726  180
1730 1727 1726  180
1730 1725 1729  180
1732 1729 948  181
1732 948 319  181
459 1731 1733  181
320 948 1729  181
1729 1732 1730  181
1732 1731 1730  181
1732 1733 1731  181
1733 1732 460  181
1735 1736 2247  182
2246 319 947  182
319 2246 1732  182
460 2247 1736  182
2246 947 946  182
318 2246 946  182
1734 2247 2246  182
461 2247 1734  182
2246 318 1734  182
2247 460 1732  182
2247 1732 2246  182
2247 461 1735  182
1739 1734 1738  183
1737 945 317  183
462 1739 1738  183
1738 1734 1737  183
945 1734 318  183
1734 945 1737  183
1734 1739 461  183
1737 1740 1741  184
1740 1737 317  184
1740 317 316  184
462 1741 463  184
1737 1741 1738  184
1741 462 1738  184
1742 1741 1740  185
315 1740 316  185
464 1741 1742  185
1741 464 463  185
1740 315 1742  185
465 1747 1748  186
1745 1743 1744  186
1745 1744 444  186
444 1744 445  186
1742 314 1747  186
1743 1745 1746  186
314 1742 315  186
1742 1747 465  186
465 464 1742  186
1749 361 1750  186
465 1748 1750  186
361 1749 362  186
314 1743 1746  186
1746 1747 314  186
1750 1748 1749  186
1760 2250 1761  187
2252 1753 2248  187
1766 2255 1767  187
2248 1751 1771  187
1208 2248 1209  187
1753 2252 1754  187
2251 1201 2250  187
1206 2252 1207  187
1770 1750 465  187
2256 1758 1757  187
1205 2252 1206  187
2251 1760 1759  187
2252 2256 1756  187
1210 2248 1771  187
1756 2256 1757  187
466 1771 1751  187
1751 2248 1752  187
2256 1203 2251  187
1208 2252 2248  187
2252 1756 1755  187
1760 2251 2250  187
1758 2251 1759  187
1758 2256 2251  187
1771 360 1210  187
1770 2253 1750  187
1764 2254 1765  187
2254 1766 1765  187
1199 2250 1200  187
1762 2250 2249  187
1195 2255 2254  187
1193 2255 1194  187
1191 2253 1192  187
1768 2255 2253  187
2250 1762 1761  187
1762 2249 1763  187
2250 1199 2249  187
1197 2249 1198  187
1197 2254 2249  187
2255 1766 2254  187
1195 2254 1196  187
2253 1191 1750  187
1768 2253 1769  187
1750 1191 361  187
2255 1193 2253  187
1753 1752 2248  187
2248 1210 1209  187
1199 1198 2249  187
2249 1764 1763  187
1201 2251 1202  187
1201 1200 2250  187
1203 2256 1204  187
1203 1202 2251  187
1755 1754 2252  187
2252 1208 1207  187
1193 1192 2253  187
2253 1770 1769  187
2254 1764 2249  187
2254 1197 1196  187
2255 1195 1194  187
2255 1768 1767  187
2256 2252 1205  187
1205 1204 2256  187
1616 2259 1617  188
2259 2262 942  188
2259 942 943  188
934 2264 933  188
1603 2258 1604  188
2260 1599 1772  188
2260 1601 1600  188
1601 2263 1602  188
927 2263 2260  188
2258 1605 1604  188
929 2263 928  188
931 2264 2258  188
2258 2263 929  188
1610 2265 2261  188
2264 931 932  188
925 2260 1772  188
2264 2265 1608  188
1599 2260 1600  188
2265 934 935  188
2263 1601 2260  188
2263 2258 1603  188
1772 1599 446  188
2265 936 2261  188
2264 1608 1607  188
1610 2261 1611  188
1605 2264 1606  188
2264 1605 2258  188
1612 2257 1613  188
1614 2262 1615  188
936 2265 935  188
2262 1614 2257  188
1612 2261 2257  188
1744 2259 1743  188
1743 2259 944  188
925 1772 313  188
1744 445 1618  188
938 2261 937  188
2265 2264 934  188
2261 938 2257  188
2262 2259 1616  188
940 2262 2257  188
944 2259 943  188
1743 944 314  188
940 2257 939  188
2262 940 941  188
1614 1613 2257  188
2257 938 939  188
2258 929 930  188
930 931 2258  188
2259 1744 1618  188
1618 1617 2259  188
2260 925 926  188
926 927 2260  188
936 937 2261  188
2261 1612 1611  188
941 942 2262  188
2262 1616 1615  188
1603 1602 2263  188
2263 927 928  188
932 933 2264  188
2264 1607 1606  188
2265 1610 1609  188
1609 1608 2265  188
446 447 1773  189
1773 1772 446  189
924 1773 312  189
1772 1773 924  189
924 313 1772  189
467 1774 1775  190
1774 1771 1775  190
466 1775 1771  190
360 1774 359  190
1771 1774 360  190
2268 2270 1791  191
1184 2269 1183  191
1795 2273 1774  191
2272 1179 1180  191
1797 2267 1776  191
2271 1782 1781  191
2274 1777 2267  191
1171 1796 357  191
2267 1777 1776  191
2267 1797 1796  191
2274 1779 1778  191
2269 1789 1788  191
1777 2274 1778  191
1179 2266 1178  191
2271 2274 1174  191
1797 1776 468  191
1780 2271 1781  191
2271 1177 2266  191
1177 2271 1176  191
1784 2272 1785  191
1183 2269 1182  191
2274 2271 1779  191
1779 2271 1780  191
1172 2274 2267  191
1791 2270 1792  191
2266 1177 1178  191
1179 2272 2266  191
1782 2271 2266  191
2272 1784 2266  191
2273 1188 1189  191
1789 2269 2268  191
2268 1184 1185  191
1786 2269 1787  191
2269 1184 2268  191
1188 2270 1187  191
1795 1774 467  191
1793 2273 1794  191
2273 1190 1774  191
359 1774 1190  191
1181 2272 1180  191
2269 2272 1181  191
1186 2268 1185  191
2270 2268 1186  191
1188 2273 2270  191
1190 2273 1189  191
2266 1784 1783  191
1783 1782 2266  191
2267 1796 1171  191
1171 1172 2267  191
2268 1791 1790  191
1790 1789 2268  191
1788 1787 2269  191
2269 1181 1182  191
1186 1187 2270  191
2270 1793 1792  191
2271 1174 1175  191
1175 1176 2271  191
2272 2269 1786  191
1786 1785 2272  191
2273 1795 1794  191
2273 1793 2270  191
2274 1172 1173  191
1173 1174 2274  191
2275 2278 912  192
906 2282 2281  192
2275 912 913  192
430 1798 1619  192
904 2281 1798  192
2278 910 911  192
2281 1619 1798  192
2281 1621 1620  192
1625 2278 1626  192
1627 2275 1628  192
908 2282 907  192
2282 906 907  192
1638 1773 447  192
2282 1621 2281  192
904 1798 311  192
1623 2277 1624  192
2277 1625 1624  192
1619 2281 1620  192
910 2278 2277  192
1623 2282 2277  192
1621 2282 1622  192
2278 2275 1627  192
2279 915 916  192
2278 1625 2277  192
1632 2279 2276  192
2279 914 915  192
2276 2280 1634  192
1638 2283 1773  192
1632 2276 1633  192
1636 2283 1637  192
2283 923 1773  192
923 2283 922  192
2280 919 920  192
2279 1629 2275  192
914 2275 913  192
2279 917 2276  192
917 2279 916  192
2280 2276 919  192
914 2279 2275  192
919 2276 918  192
2283 921 922  192
921 2283 2280  192
1773 923 312  192
921 2280 920  192
1629 2279 1630  192
1629 1628 2275  192
917 918 2276  192
2276 1634 1633  192
2277 908 909  192
909 910 2277  192
911 912 2278  192
2278 1627 1626  192
2279 1632 1631  192
1631 1630 2279  192
2280 1636 1635  192
1635 1634 2280  192
2281 904 905  192
905 906 2281  192
2282 908 2277  192
2282 1623 1622  192
2283 1638 1637  192
2283 1636 2280  192
1799 1802 311  193
1802 1799 468  193
1801 1798 311  193
1797 1803 468  193
1804 1797 1796  193
358 1796 357  193
1801 311 1802  193
1796 358 1804  193
469 468 1799  193
1798 1801 1800  193
430 1800 431  193
1803 1797 1804  193
310 1799 311  193
1800 430 1798  193
1802 468 1803  193
903 309 1805  194
1807 2284 1806  194
903 2284 1799  194
1808 1807 470  194
2284 1805 1806  194
1805 2284 903  194
903 1799 310  194
469 2284 1808  194
2284 1807 1808  194
2284 469 1799  194
1811 470 1807  195
470 1811 471  195
1811 1807 1806  195
1811 1806 1810  195
1809 309 308  195
1810 1805 1809  195
1805 1810 1806  195
309 1809 1805  195
1809 1812 1810  196
1812 1811 1810  196
308 902 1809  196
1811 1812 1813  196
1812 1809 902  196
1813 1812 472  196
1812 902 307  196
471 1811 1813  196
1816 2286 1815  197
2286 2285 1814  197
473 2286 1814  197
900 2285 901  197
2285 2286 1812  197
307 2285 1812  197
306 2285 900  197
472 2286 1816  197
2285 307 901  197
2285 306 1814  197
2286 473 1815  197
2286 472 1812  197
2287 1818 1819  198
1818 2288 1817  198
2287 2288 1818  198
473 2287 1821  198
1820 2287 1819  198
1819 474 1820  198
306 2288 1814  198
2288 898 1817  198
305 1817 898  198
898 2288 899  198
2287 1820 1821  198
2287 473 1814  198
2288 2287 1814  198
2288 306 899  198
1819 1824 475  199
1819 475 474  199
1824 1819 1818  199
1824 1818 1823  199
1822 1818 1817  199
1817 304 1822  199
1823 1818 1822  199
304 1817 305  199
1822 2289 1823  200
897 1822 304  200
2289 1824 1823  200
2289 1822 897  200
476 2289 1825  200
1825 897 303  200
1824 2289 1826  200
1826 475 1824  200
2289 897 1825  200
2289 476 1826  200
1828 1825 1827  201
476 1828 477  201
303 1827 1825  201
1827 303 302  201
1825 1828 476  201
478 1828 1830  202
1828 1829 1830  202
1829 1827 302  202
1829 302 301  202
1828 478 477  202
1827 1829 1828  202
1831 1830 1829  203
1831 479 1832  203
896 1829 301  203
1829 896 1831  203
1831 896 300  203
1830 1831 1832  203
1830 1832 478  203
2290 480 1834  204
895 894 2291  204
1831 2291 2290  204
480 2290 1833  204
2290 1834 1835  204
299 2291 894  204
300 2291 1831  204
479 2290 1835  204
2290 479 1831  204
2291 299 1833  204
2291 1833 2290  204
2291 300 895  204
1836 1837 1833  205
893 1833 299  205
1837 1836 481  205
893 1836 1833  205
1833 1837 480  205
1836 893 298  205
297 1836 298  206
1836 482 481  206
1836 297 482  206
297 338 482  207
338 297 296  207
1841 2323 2296  208
2294 1022 1021  208
1780 2310 2292  208
2302 1754 1753  208
1877 2305 1786  208
1794 2306 2298  208
1020 2294 1021  208
1780 2292 1781  208
2294 2308 1864  208
478 1832 477  208
1856 2313 1855  208
2308 2294 1020  208
1866 1834 480  208
1867 1832 479  208
2310 1813 472  208
2325 1673 1693  208
2299 2326 2300  208
2299 2303 2293  208
453 1840 1841  208
2323 1843 1679  208
2293 1692 1691  208
2295 2319 1880  208
483 458 1899  208
2320 2295 2314  208
1770 464 465  208
1898 1733 460  208
472 1871 1872  208
1876 1783 1875  208
1869 1821 1820  208
1875 1782 1874  208
1783 1876 1784  208
1782 1875 1783  208
1876 1785 1784  208
1791 2320 1792  208
2306 2314 2312  208
1786 2305 1787  208
1882 2314 2295  208
1788 2319 1789  208
2298 467 1795  208
1790 2295 1791  208
1793 2320 2306  208
2305 2319 1788  208
1879 2305 1878  208
2319 1790 1789  208
1790 2319 2295  208
467 2298 1775  208
1776 1808 1777  208
468 469 1776  208
470 2310 1778  208
1776 469 1808  208
1813 470 471  208
475 1820 474  208
1871 472 1816  208
1778 2310 1779  208
1873 2310 1872  208
1782 2292 1874  208
2310 1873 2292  208
2310 470 1813  208
473 1871 1815  208
484 475 1826  208
1871 1816 1815  208
1821 1869 1870  208
1821 1870 473  208
1870 1871 473  208
1808 470 1777  208
1778 1777 470  208
1820 475 1869  208
475 484 1869  208
1867 479 1866  208
484 477 1868  208
477 484 1826  208
1835 1866 479  208
1832 1867 1868  208
338 1024 482  208
476 477 1826  208
1024 338 337  208
2294 482 1022  208
482 2294 1837  208
1017 1862 1018  208
1022 482 1023  208
482 1024 1023  208
480 1865 1866  208
1837 2294 480  208
2308 1020 1019  208
481 482 1837  208
1834 1866 1835  208
1863 1018 1862  208
1018 2308 1019  208
1861 1015 1860  208
1860 2321 1859  208
2297 1857 1858  208
1862 1017 1861  208
1015 2321 1860  208
1015 1861 1016  208
1861 1017 1016  208
2328 1856 1857  208
1859 2297 1858  208
2297 2328 1857  208
2297 2321 1013  208
2321 2297 1859  208
2328 1009 2324  208
2328 2297 1011  208
2293 2327 2325  208
1856 2328 2313  208
1854 2327 1853  208
2304 1005 1673  208
1853 2327 2303  208
2327 2293 2303  208
1005 2304 1006  208
1005 339 1673  208
1673 448 1693  208
1007 2324 1008  208
1673 2325 2304  208
1690 2293 1691  208
2326 2299 1688  208
1851 2303 2300  208
2326 2317 1848  208
1683 1846 1684  208
1846 1683 1845  208
1688 2299 1689  208
1690 2299 2293  208
2326 1686 2317  208
1686 2326 1687  208
1785 1876 1877  208
1877 1786 1785  208
1680 1844 1681  208
1681 1844 1845  208
1681 1845 1682  208
1845 1683 1682  208
1684 2317 1685  208
1685 2317 1686  208
1846 2317 1684  208
1840 453 1714  208
1844 1680 1843  208
1718 456 1838  208
1841 2296 453  208
1706 1675 1674  208
1719 1839 454  208
456 1718 455  208
1676 2296 1677  208
1843 2323 1842  208
1843 1680 1679  208
451 2296 1676  208
2296 451 1711  208
2323 1841 1842  208
1674 450 1706  208
1711 451 452  208
450 1674 449  208
483 1728 458  208
451 1676 1675  208
1675 1706 451  208
454 1839 1840  208
1838 1719 1718  208
454 1840 1713  208
1840 1714 1713  208
483 456 1724  208
1719 1838 1839  208
456 483 1838  208
459 1733 458  208
1728 483 1724  208
1724 457 1728  208
463 464 1770  208
2309 1768 1767  208
460 1897 1898  208
1733 1898 1899  208
463 2309 1739  208
2309 2318 1895  208
1736 1897 460  208
1897 461 1896  208
1886 2312 1885  208
1897 1735 461  208
462 463 1739  208
1739 2309 461  208
1735 1897 1736  208
2309 463 1768  208
1768 463 1769  208
463 1770 1769  208
2318 2309 1766  208
1766 2309 1767  208
2298 1795 1794  208
1762 1892 1763  208
2307 2315 2301  208
2307 2316 1758  208
2316 1760 1759  208
2306 2322 2298  208
2301 1886 1887  208
466 1775 1751  208
1751 2322 1752  208
1755 2315 1756  208
2312 1886 2311  208
1754 2315 1755  208
1888 2301 1887  208
1885 2312 1884  208
1888 2307 2301  208
2316 2307 1889  208
2316 1891 1760  208
1892 1761 1891  208
1761 1892 1762  208
1764 1893 1894  208
1891 2316 1890  208
1891 1761 1760  208
1893 1764 1763  208
1764 2318 1765  208
2318 1766 1765  208
1893 1763 1892  208
1873 1874 2292  208
2292 1782 1781  208
1853 2303 1852  208
2304 2327 2324  208
2294 1864 1865  208
1865 480 2294  208
2295 1880 1881  208
1881 1882 2295  208
1711 453 2296  208
1677 2323 1678  208
2297 1013 1012  208
1012 1011 2297  208
1752 2302 1753  208
1775 2322 1751  208
2299 1690 1689  208
2326 1688 1687  208
2300 1849 1850  208
1850 1851 2300  208
1756 2307 1757  208
2315 1754 2311  208
2322 1775 2298  208
2320 1791 2295  208
2303 2299 2300  208
2303 1851 1852  208
1007 1006 2304  208
2325 2327 2304  208
1788 1787 2305  208
2305 1877 1878  208
2302 2312 2311  208
2306 1794 1793  208
2307 1888 1889  208
2307 1758 1757  208
2308 1018 1863  208
1863 1864 2308  208
2309 1895 1896  208
1896 461 2309  208
472 1872 2310  208
2310 1780 1779  208
1886 2301 2311  208
2311 1754 2302  208
2312 2322 2306  208
1884 2314 1883  208
1854 1855 2313  208
1009 2328 1010  208
2314 1882 1883  208
2314 1884 2312  208
2311 2301 2315  208
2315 2307 1756  208
1889 1890 2316  208
2316 1759 1758  208
2317 1846 1847  208
1847 1848 2317  208
2318 1764 1894  208
1894 1895 2318  208
2319 2305 1879  208
1879 1880 2319  208
2314 2306 2320  208
2320 1793 1792  208
2321 1015 1014  208
1014 1013 2321  208
2322 2312 2302  208
2302 1752 2322  208
2323 1679 1678  208
2323 1677 2296  208
2324 1009 1008  208
2324 1007 2304  208
2325 1693 1692  208
1692 2293 2325  208
2326 1848 1849  208
1849 2300 2326  208
2327 1854 2313  208
2313 2324 2327  208
2328 1011 1010  208
2328 2324 2313  208
1733 1899 458  208
1832 1868 477  208
1855 518 1856  209
520 1859 1858  209
1854 518 1855  209
1868 146 484  209
1843 512 1844  209
1841 511 1842  209
509 1840 1839  209
1849 515 1850  209
1843 511 512  209
517 1852 516  209
511 1843 1842  209
515 1849 514  209
513 1846 1845  209
1838 509 1839  209
516 1850 515  209
1851 516 1852  209
1845 512 513  209
513 1847 1846  209
1840 509 510  209
145 1838 483  209
510 1841 1840  209
1852 517 1853  209
1850 516 1851  209
1847 513 514  209
512 1845 1844  209
514 1849 1848  209
514 1848 1847  209
509 1838 145  209
511 1841 510  209
1853 517 1854  209
1859 521 1860  209
1856 519 1857  209
1857 520 1858  209
1864 523 1865  209
1859 520 521  209
1865 524 1866  209
1863 522 523  209
1863 523 1864  209
1860 521 1861  209
1861 522 1862  209
522 1863 1862  209
1868 525 146  209
1866 525 1867  209
518 1854 517  209
519 1856 518  209
520 1857 519  209
522 1861 521  209
524 1865 523  209
525 1868 1867  209
525 1866 524  209
1881 533 1882  210
528 1873 1872  210
1899 145 483  210
526 1869 146  210
1876 529 530  210
528 1872 527  210
529 1876 1875  210
1874 528 529  210
534 1883 533  210
528 1874 1873  210
529 1875 1874  210
530 1877 1876  210
1871 527 1872  210
530 1878 1877  210
1869 526 1870  210
1878 530 531  210
526 1871 1870  210
146 1869 484  210
531 1880 1879  210
1880 531 532  210
1881 532 533  210
1883 534 1884  210
531 1879 1878  210
527 1871 526  210
1888 537 1889  210
532 1881 1880  210
1889 537 1890  210
533 1883 1882  210
1891 538 1892  210
1885 535 1886  210
1886 535 1887  210
1884 534 1885  210
1887 536 1888  210
1892 539 1893  210
1890 538 1891  210
1896 540 541  210
1896 541 1897  210
540 1895 1894  210
540 1896 1895  210
1894 539 540  210
1899 542 145  210
542 1899 1898  210
1897 542 1898  210
535 1885 534  210
536 1887 535  210
537 1888 536  210
538 1890 537  210
539 1894 1893  210
539 1892 538  210
542 1897 541  210
1278 2356 2329  211
2369 2336 1526  211
1528 2345 1529  211
2334 2357 2333  211
1523 2374 2366  211
2366 2374 2370  211
2354 1276 2329  211
2360 2333 2357  211
1539 2338 1540  211
2345 1530 1529  211
1908 2377 1909  211
1901 1545 2376  211
2353 2347 1535  211
1909 1295 1910  211
1910 1295 374  211
1519 2342 1520  211
2373 2358 2343  211
2349 2365 1517  211
1267 2373 1266  211
1264 1804 358  211
2339 1804 1264  211
2365 1519 1518  211
2340 1272 1273  211
2358 2372 2352  211
1804 2339 1803  211
2339 1264 1265  211
1803 2339 1802  211
1274 2354 2340  211
1276 2354 1275  211
1526 2336 1527  211
2342 1521 1520  211
1521 2374 1522  211
2374 1521 2342  211
2349 1517 1516  211
1800 2361 1514  211
1515 2361 2349  211
431 1800 1514  211
1515 2349 1516  211
2342 2365 2352  211
1514 2361 1515  211
2365 2342 1519  211
1272 2367 1271  211
2370 2371 2366  211
2350 1530 2345  211
2336 2369 2355  211
1530 2350 1531  211
2356 1278 1279  211
2350 2330 2344  211
1904 2376 2378  211
2347 2353 2341  211
1532 2337 1533  211
1532 2350 2337  211
1536 2347 1537  211
1283 2346 2344  211
2376 1903 1902  211
2359 2368 2362  211
1291 2359 2362  211
2377 1906 2378  211
2376 1904 1903  211
1545 1900 432  211
1545 1901 1900  211
1544 2376 1545  211
1542 2364 1543  211
2333 1286 1287  211
1904 2378 1905  211
1541 2364 1542  211
2332 1292 1293  211
1282 2344 2330  211
2360 2346 1285  211
1285 2346 1284  211
1288 2351 2333  211
1280 2356 1279  211
2346 2337 2344  211
1282 2330 1281  211
1539 2348 2338  211
2333 2351 2334  211
2334 2375 2338  211
2379 2378 2331  211
1294 2377 2332  211
1295 1909 2377  211
2375 2334 2351  211
1292 2332 2359  211
2329 1276 1277  211
1277 1278 2329  211
1280 1281 2330  211
2350 2345 2335  211
1906 2377 1907  211
2331 1543 2364  211
1907 2377 1908  211
2378 2376 2331  211
1286 2333 2360  211
1287 1288 2333  211
2351 1288 1289  211
2338 2348 2334  211
2363 2335 2345  211
2356 1280 2330  211
1528 1527 2336  211
2354 2329 2355  211
2330 2350 2335  211
1533 2353 1534  211
2364 1541 2368  211
1541 1540 2338  211
1802 2361 1801  211
1265 2373 2339  211
1273 1274 2340  211
2369 1526 1525  211
1535 2347 1536  211
2353 2346 2341  211
2372 2358 1269  211
2372 1271 2367  211
1517 2365 1518  211
2373 1267 2358  211
2344 1282 1283  211
2346 2353 2337  211
2345 1528 2336  211
2335 2363 2356  211
2346 1283 1284  211
2346 2360 2341  211
2357 2334 2348  211
1537 2348 1538  211
2348 1539 1538  211
2348 1537 2347  211
2361 1800 1801  211
2349 2373 2343  211
2350 2344 2337  211
2350 1532 1531  211
2351 1289 1290  211
1290 2362 2351  211
1269 2358 1268  211
2342 2372 2367  211
2353 1535 1534  211
2353 1533 2337  211
2371 2370 2340  211
2354 1274 1275  211
2355 2363 2336  211
2371 2355 2369  211
2356 2330 2335  211
2363 2355 2329  211
2357 2348 2347  211
2347 2341 2357  211
2352 2343 2358  211
2358 1267 1268  211
2332 1293 1294  211
2368 2375 2362  211
2357 2341 2360  211
2360 1285 1286  211
2361 1802 2339  211
2361 2373 2349  211
2362 1290 1291  211
2359 1291 1292  211
2345 2336 2363  211
2363 2329 2356  211
2379 2332 2378  211
1543 2331 1544  211
2365 2349 2343  211
2343 2352 2365  211
1524 2369 1525  211
1524 1523 2366  211
1271 2372 1270  211
2367 1272 2340  211
2368 2379 2364  211
2368 1541 2338  211
2369 1524 2366  211
2355 2371 2354  211
2367 2374 2342  211
2367 2340 2370  211
2340 2354 2371  211
2371 2369 2366  211
2372 2342 2352  211
2372 1269 1270  211
2373 2361 2339  211
2373 1265 1266  211
2374 2367 2370  211
2374 1523 1522  211
2351 2362 2375  211
2375 2368 2338  211
2376 1544 2331  211
2376 1902 1901  211
2377 2378 2332  211
2377 1294 1295  211
2332 2379 2359  211
2378 1906 1905  211
2331 2364 2379  211
2379 2368 2359  211
1904 1919 1918  212
1918 1903 1904  212
1904 1920 1919  212
1912 1900 1913  212
432 1911 433  212
1906 1923 1922  212
1916 1902 1903  212
1913 1900 1901  212
1900 1912 1911  212
1911 432 1900  212
1903 1917 1916  212
1901 1914 1913  212
1914 1902 1915  212
1902 1916 1915  212
1903 1918 1917  212
1921 1906 1922  212
1902 1914 1901  212
1926 1908 1927  212
1920 1904 1905  212
1905 1921 1920  212
1927 1909 1928  212
1910 1928 1909  212
1923 1906 1907  212
1925 1908 1926  212
1907 1924 1923  212
1906 1921 1905  212
1908 1925 1907  212
1924 1907 1925  212
1909 1927 1908  212
1910 1930 1929  212
374 1930 1910  212
1928 1910 1929  212
1930 374 373  212
1932 1913 1933  213
1911 1932 1931  213
1919 1939 1918  213
1913 1932 1912  213
434 1911 1931  213
1911 434 433  213
1934 1914 1915  213
1937 1917 1918  213
1913 1934 1933  213
1934 1913 1914  213
1916 1936 1915  213
1939 1919 1920  213
1915 1935 1934  213
1917 1936 1916  213
1920 1940 1939  213
1936 1917 1937  213
1935 1915 1936  213
1921 1941 1920  213
1918 1938 1937  213
1932 1911 1912  213
1941 1921 1922  213
1938 1918 1939  213
1922 1942 1941  213
1920 1941 1940  213
1943 1922 1923  213
1922 1943 1942  213
1945 1924 1925  213
1944 1924 1945  213
1924 1943 1923  213
1929 1948 1928  213
1943 1924 1944  213
1927 1946 1926  213
1925 1946 1945  213
1948 1929 1949  213
1948 1927 1928  213
1929 1950 1949  213
1946 1927 1947  213
1927 1948 1947  213
1950 1930 373  213
1950 373 372  213
1950 1929 1930  213
1946 1925 1926  213
2393 2392 2389  214
2384 1948 1949  214
1941 2383 2382  214
2392 2382 2383  214
1947 2386 2381  214
1950 2384 1949  214
2386 1947 1948  214
371 389 1342  214
1947 2381 1946  214
372 1263 1950  214
1939 2394 1938  214
1953 2389 2385  214
2383 1941 1942  214
1945 2387 1944  214
1937 2394 2380  214
1934 2388 1933  214
2390 2394 2393  214
2390 1388 435  214
1952 2393 2389  214
2390 1952 1951  214
1931 1546 434  214
2391 435 1546  214
1937 2380 1936  214
1931 2391 1546  214
435 2391 2388  214
2394 1937 1938  214
407 435 1388  214
2383 1942 1943  214
2381 1945 1946  214
1388 2390 1951  214
1388 1951 408  214
1342 2385 371  214
1342 390 1953  214
2380 1934 1935  214
1935 1936 2380  214
2384 2385 2386  214
2385 2384 371  214
2382 1939 1940  214
1940 1941 2382  214
2383 1943 1944  214
1944 2387 2383  214
2384 1950 1263  214
1263 371 2384  214
2385 1342 1953  214
2381 2385 2387  214
2385 2381 2386  214
2386 1948 2384  214
2392 2393 2382  214
2387 1945 2381  214
1933 2391 1932  214
2388 1934 2380  214
2385 2392 2387  214
2389 1953 1952  214
2390 435 2388  214
2388 2380 2390  214
2391 1931 1932  214
2391 1933 2388  214
2383 2387 2392  214
2392 2385 2389  214
2393 1952 2390  214
2382 2393 2394  214
2394 2390 2380  214
2394 1939 2382  214
1954 1951 409  215
1956 1952 1955  215
1951 1955 1952  215
1955 1951 1954  215
1952 1956 1953  215
409 1951 408  215
1953 1956 390  215
390 1956 398  215
1954 1957 1389  216
1957 1955 1958  216
1954 1389 409  216
1955 1957 1954  216
1959 1955 1956  216
1959 1363 397  216
1955 1959 1958  216
1389 1957 410  216
1363 1959 1956  216
1956 398 1363  216
1958 1960 1957  217
1959 1961 1958  217
1957 1960 410  217
396 1959 397  217
1960 1958 1961  217
1962 1959 396  217
410 1960 411  217
1961 1959 1962  217
1390 2395 440  218
1978 2408 1979  218
2401 1970 1969  218
1390 411 1960  218
2411 1970 2401  218
2410 1968 1967  218
1966 2410 1967  218
1963 441 1566  218
2404 1966 1965  218
440 412 1390  218
1963 2404 1964  218
2399 2411 2401  218
396 1362 1962  218
1964 2404 1965  218
2395 2407 2399  218
2408 2402 2396  218
1974 2409 1975  218
1970 2411 1971  218
1968 2410 2401  218
2409 1976 1975  218
1972 2411 2403  218
1972 2403 1973  218
1977 2408 1978  218
2409 1974 2403  218
1976 2409 2397  218
2396 2402 2398  218
2405 1961 1962  218
1362 395 366  218
2405 1362 366  218
1981 2398 1982  218
1362 2405 1962  218
1243 365 1983  218
2398 366 1243  218
1983 2398 1243  218
440 2404 1566  218
2395 1390 1960  218
2396 1981 1980  218
1980 1979 2396  218
1977 1976 2397  218
1961 2405 2406  218
2398 1983 1982  218
2398 1981 2396  218
2395 2410 2404  218
2407 2400 2399  218
2400 2407 2406  218
2397 2406 2405  218
1969 1968 2401  218
2401 2410 2399  218
366 2398 2402  218
2402 2408 2397  218
1974 1973 2403  218
2403 2411 2400  218
2404 1963 1566  218
2404 440 2395  218
2405 366 2402  218
2402 2397 2405  218
2400 2409 2403  218
2406 2407 1961  218
2407 2395 1960  218
1960 1961 2407  218
2396 1979 2408  218
2408 1977 2397  218
2409 2400 2406  218
2406 2397 2409  218
2410 1966 2404  218
2410 2395 2399  218
2411 2399 2400  218
2411 1972 1971  218
1246 1355 1356  219
1354 1245 1244  219
1251 1361 1984  219
1248 1359 1249  219
1251 1360 1361  219
1246 1357 1247  219
1359 1248 1358  219
1354 1244 395  219
1355 1246 1245  219
1357 1248 1247  219
1245 1354 1355  219
1357 1246 1356  219
395 1244 366  219
1251 1984 367  219
1359 1250 1249  219
1248 1357 1358  219
1360 1251 1250  219
1250 1359 1360  219
1984 1361 394  219
1988 367 1989  220
394 1985 393  220
1984 1988 1987  220
1986 394 1984  220
1989 367 368  220
367 1988 1984  220
394 1986 1985  220
1986 1984 1987  220
2427 2413 2429  221
392 2429 1990  221
2418 2422 1992  221
2420 2423 1987  221
2414 1253 1254  221
2422 2418 2416  221
2414 369 1994  221
369 2414 1254  221
1253 2414 2426  221
2413 2424 2418  221
1993 2422 2419  221
2423 2420 2417  221
368 2428 1989  221
2426 2415 2428  221
1352 2412 2427  221
2412 1352 1353  221
2412 393 1985  221
393 2412 1353  221
2429 392 1351  221
1985 2421 2412  221
1991 2413 2418  221
1352 2429 1351  221
2428 368 1252  221
1994 2419 2414  221
1988 2415 2420  221
1253 2428 1252  221
2413 1991 1990  221
1986 2423 2421  221
2415 1988 1989  221
2415 2425 2420  221
2424 2423 2416  221
2418 1992 1991  221
2419 1994 1993  221
2422 2416 2417  221
2425 2422 2417  221
2420 1987 1988  221
2421 1985 1986  221
2423 2417 2416  221
2422 2425 2419  221
2422 1993 1992  221
2423 2424 2421  221
2423 1986 1987  221
2416 2418 2424  221
2427 2421 2424  221
2417 2420 2425  221
2426 2419 2425  221
2419 2426 2414  221
2425 2415 2426  221
2421 2427 2412  221
2424 2413 2427  221
2415 1989 2428  221
2428 1253 2426  221
2413 1990 2429  221
2429 1352 2427  221
370 1994 369  222
1993 370 1995  222
1995 1990 1991  222
1995 1991 1992  222
370 1993 1994  222
1990 1995 391  222
1990 391 392  222
1993 1995 1992  222
1256 1345 1257  223
1255 1343 1256  223
1343 1255 1995  223
1343 1995 391  223
1345 1256 1344  223
1256 1343 1344  223
1257 1345 1346  223
1257 1346 1258  223
1995 1255 370  223
1258 1346 1259  223
1347 1260 1259  223
1262 389 371  223
1349 1260 1348  223
1261 1349 1262  223
1260 1349 1261  223
1259 1346 1347  223
389 1262 1350  223
1262 1349 1350  223
1260 1347 1348  223
2006 1973 1974  224
2011 1978 1979  224
2010 1977 1978  224
364 1983 365  224
2015 1982 1983  224
1981 2013 1980  224
2012 1980 2013  224
1980 2012 1979  224
2013 1981 2014  224
2014 1981 1982  224
1982 2015 2014  224
2008 1976 2009  224
1977 2009 1976  224
2009 1977 2010  224
1976 2008 1975  224
1978 2011 2010  224
2011 1979 2012  224
2007 1975 2008  224
2005 1973 2006  224
1974 2007 2006  224
2007 1974 1975  224
1983 364 2015  224
1973 2005 1972  224
1972 2005 2004  224
1970 2002 1969  224
1972 2004 1971  224
1971 2003 1970  224
2003 1971 2004  224
1969 2001 1968  224
2001 1969 2002  224
2002 1970 2003  224
1968 2001 2000  224
1999 1967 2000  224
1967 1999 1966  224
1966 1999 1998  224
1966 1998 1965  224
1968 2000 1967  224
1996 1963 1964  224
1965 1997 1964  224
1963 442 441  224
1996 1964 1997  224
1997 1965 1998  224
442 1963 1996  224
2012 2025 2024  225
2002 2019 2001  225
2008 2022 2007  225
2013 2026 2025  225
2026 2013 2014  225
2025 2012 2013  225
2026 2015 363  225
2010 2023 2009  225
2015 2026 2014  225
2023 2010 2024  225
2021 2005 2006  225
2008 2023 2022  225
2023 2008 2009  225
2012 2024 2011  225
2005 2021 2020  225
2022 2006 2007  225
2024 2010 2011  225
2005 2020 2004  225
2004 2020 2003  225
2003 2019 2002  225
2019 2003 2020  225
363 2015 364  225
2018 2001 2019  225
2001 2018 2000  225
1999 2018 2017  225
1998 2017 2016  225
1996 2016 443  225
2016 1996 1997  225
1996 443 442  225
1998 2016 1997  225
2017 1998 1999  225
2018 1999 2000  225
2021 2006 2022  225
2430 2459 2438  226
1223 2447 1222  226
2452 1221 2447  226
2480 2021 2471  226
2437 1572 1571  226
2017 2018 2478  226
2461 1218 2474  226
2462 1589 1588  226
2453 2470 2431  226
2473 2477 2467  226
1581 2465 2449  226
2475 1229 1230  226
2460 1235 1236  226
2447 1223 2442  226
2455 2468 2441  226
1746 2469 2446  226
2479 2471 2023  226
2023 2471 2022  226
2479 2026 1211  226
2026 363 1211  226
2482 2480 2471  226
2026 2479 2025  226
2464 2444 2440  226
2444 1216 2461  226
2482 2481 2464  226
1216 2444 1215  226
1572 2437 2434  226
2434 2472 2459  226
1575 2459 2430  226
2430 1577 1576  226
2447 2442 2436  226
2465 1581 1580  226
1575 2430 1576  226
1585 2445 1586  226
2022 2471 2021  226
1569 2478 2435  226
2444 2461 2432  226
2018 2480 2478  226
1567 2017 2478  226
2478 1568 1567  226
1570 2435 2437  226
2478 1569 1568  226
2016 1567 443  226
1572 2434 1573  226
1573 2459 1574  226
1581 2449 1582  226
2443 2476 2458  226
1578 2436 1579  226
1226 2450 1225  226
1578 2457 2436  226
2457 1578 1577  226
1583 2449 2439  226
2445 2439 2443  226
2443 1228 1229  226
2463 2470 2451  226
1226 2458 2450  226
2460 1237 2431  226
1589 2448 1590  226
1748 2455 1749  226
2453 2468 2466  226
2441 1239 1240  226
2470 2453 2433  226
1746 2446 1747  226
1598 1745 444  226
2469 1746 1745  226
1593 2451 2433  226
1237 2460 1236  226
2441 1238 1239  226
1749 2455 1242  226
1240 2455 2441  226
2476 2443 2439  226
1589 2462 2448  226
2476 2465 2450  226
2477 2473 2462  226
1235 2456 1234  226
1228 2458 1227  226
2443 2475 2445  226
2477 2445 2475  226
362 1749 1242  226
1235 2460 2456  226
1238 2441 2431  226
1242 2455 1241  226
1219 2474 1218  226
2452 2474 1219  226
1237 1238 2431  226
1595 2466 1596  226
2464 1214 2444  226
1215 2444 1214  226
1594 2466 1595  226
1594 1593 2433  226
2434 2437 2432  226
2461 2474 2472  226
2020 2480 2019  226
2440 2432 2437  226
1222 2447 1221  226
2436 1580 1579  226
2437 1571 1570  226
2435 1570 1569  226
2452 2457 2430  226
2459 1575 1574  226
2439 1585 1584  226
1584 1583 2439  226
2437 2435 2440  226
1213 2481 1212  226
2469 2466 2468  226
2468 2453 2441  226
2442 1223 1224  226
1224 2450 2442  226
1229 2475 2443  226
2445 1585 2439  226
2432 2440 2444  226
1214 2464 1213  226
1587 2454 1588  226
1586 2454 1587  226
2446 1748 1747  226
2469 1745 1598  226
2447 2436 2457  226
1221 2452 1220  226
1591 2451 1592  226
1591 1590 2448  226
2449 1583 1582  226
2465 1580 2436  226
2442 2465 2436  226
2450 1224 1225  226
2451 1593 1592  226
2451 1591 2448  226
2452 2430 2438  226
2452 1219 1220  226
2431 2441 2453  226
2466 1594 2433  226
2454 1586 2445  226
2462 1588 2454  226
2455 1240 1241  226
2455 1748 2446  226
1233 2467 1232  226
1233 1234 2456  226
2457 1577 2430  226
2457 2452 2447  226
2458 1226 1227  226
2458 1228 2443  226
2459 1573 2434  226
2472 2432 2461  226
2470 2433 2451  226
2463 2473 2456  226
2432 2472 2434  226
2461 1216 1217  226
2467 1233 2456  226
2473 2463 2448  226
2456 2460 2463  226
2463 2451 2448  226
2471 2479 2481  226
1212 2479 1211  226
2465 2442 2450  226
2465 2476 2449  226
1596 2469 1597  226
2466 2433 2453  226
1231 2475 1230  226
1231 1232 2467  226
2468 2455 2446  226
2469 1596 2466  226
2468 2446 2469  226
2469 1598 1597  226
2470 2463 2460  226
2460 2431 2470  226
2021 2480 2020  226
2481 1213 2464  226
2474 2452 2438  226
2438 2459 2472  226
2467 2456 2473  226
2473 2448 2462  226
2438 2472 2474  226
1218 2461 1217  226
2475 1231 2467  226
2445 2477 2454  226
2439 2449 2476  226
2476 2450 2458  226
2475 2467 2477  226
2477 2462 2454  226
2482 2478 2480  226
2017 1567 2016  226
2024 2025 2479  226
1212 2481 2479  226
2478 2482 2435  226
2480 2018 2019  226
2479 2023 2024  226
2481 2482 2471  226
2482 2464 2440  226
2440 2435 2482  226
1392 1560 1393  227
1391 1559 1392  227
1398 1565 2027  227
1395 1563 1396  227
1397 1565 1398  227
1394 1560 1561  227
1563 1395 1562  227
1558 1391 440  227
1560 1392 1559  227
1561 1395 1394  227
1559 1391 1558  227
1560 1394 1393  227
440 1391 412  227
1398 2027 413  227
1563 1397 1396  227
1395 1561 1562  227
1565 1397 1564  227
1397 1563 1564  227
2027 1565 439  227
2031 439 2032  228
413 2028 414  228
2027 2031 2030  228
2029 413 2027  228
2032 439 438  228
439 2031 2027  228
413 2029 2028  228
2029 2027 2030  228
1400 2488 2498  229
2029 2486 2490  229
1400 2500 1401  229
2036 2487 2492  229
2031 2493 2489  229
2497 2487 2499  229
2034 2494 2491  229
2488 415 2033  229
414 2500 2028  229
2493 2490 2483  229
2498 2486 2500  229
2496 2493 2484  229
2495 2494 2483  229
437 2499 2037  229
1556 2485 2497  229
2485 438 2032  229
2494 2492 2484  229
2493 2483 2484  229
2490 2493 2030  229
2033 2491 2488  229
2492 2494 2035  229
2032 2489 2485  229
2499 437 1557  229
438 2485 1555  229
2500 414 1401  229
2494 2484 2483  229
1556 2499 1557  229
2487 2496 2492  229
2488 1400 1399  229
415 2488 1399  229
2485 1556 1555  229
2489 2032 2031  229
2490 2030 2029  229
2486 2029 2028  229
2486 2495 2490  229
2491 2033 2034  229
2492 2035 2036  229
2487 2036 2037  229
2493 2496 2489  229
2493 2031 2030  229
2494 2495 2491  229
2494 2034 2035  229
2483 2490 2495  229
2498 2491 2495  229
2484 2492 2496  229
2497 2489 2496  229
2489 2497 2485  229
2496 2487 2497  229
2491 2498 2488  229
2495 2486 2498  229
2487 2037 2499  229
2499 1556 2497  229
2486 2028 2500  229
2500 1400 2498  229
436 2037 437  230
2036 436 2038  230
2038 2033 2034  230
2038 2034 2035  230
436 2036 2037  230
2033 2038 416  230
2033 416 415  230
2036 2038 2035  230
1403 1549 1404  231
1402 1548 1403  231
1547 1402 2038  231
1547 2038 436  231
1549 1403 1548  231
1548 1402 1547  231
1404 1549 1550  231
1404 1550 1405  231
2038 1402 416  231
1405 1550 1406  231
1551 1407 1406  231
1409 435 407  231
1553 1407 1552  231
1408 1554 1409  231
1407 1553 1408  231
1406 1550 1551  231
435 1409 1554  231
1554 1408 1553  231
1407 1551 1552  231
1489 2502 1490  232
2516 1103 1104  232
2507 2514 2510  232
351 2043 1118  232
1107 2527 2506  232
2524 2546 2515  232
2537 2527 1109  232
2514 1487 1486  232
2547 2519 2537  232
2506 1105 1106  232
1109 2527 1108  232
2538 2510 2514  232
2519 2536 2527  232
1092 2511 1091  232
2506 2516 1105  232
1702 2532 1701  232
2532 1702 1087  232
1700 2544 1699  232
1087 1702 352  232
2520 1477 1476  232
1090 2511 2504  232
2523 2524 2512  232
2544 1700 2532  232
1092 2518 2511  232
2535 1474 1473  232
1094 2518 1093  232
1094 2523 2518  232
1480 2524 2509  232
2514 2543 2538  232
2515 2505 2509  232
1099 2541 1098  232
2541 1097 1098  232
2534 1099 1100  232
2514 2507 1487  232
1472 2544 2535  232
1698 2544 1471  232
1097 2546 1096  232
1474 2535 2501  232
1475 2520 1476  232
2501 2535 2533  232
1471 2544 1472  232
2540 2512 2520  232
1698 1471 422  232
1477 2520 2512  232
2505 2541 2534  232
1482 2509 2505  232
2524 1480 1479  232
2521 2507 2510  232
2543 2514 1485  232
1489 2507 2502  232
2509 1482 1481  232
2503 1491 2502  232
2527 2537 2519  232
1499 2542 2539  232
1487 2507 1488  232
2517 2531 2529  232
2529 2542 2528  232
2542 2526 2513  232
2513 2547 2530  232
2039 2531 2040  232
2041 2531 2517  232
1502 2039 423  232
2508 1115 1116  232
2531 2039 1502  232
1497 2542 1498  232
2043 2517 1118  232
2517 1117 1118  232
1100 2545 2534  232
2537 1109 1110  232
2530 1113 2513  232
1112 2530 1111  232
1114 2513 1113  232
1117 2517 2508  232
2528 1114 1115  232
1117 2508 1116  232
1114 2528 2513  232
1475 1474 2501  232
1090 2504 1089  232
1491 2503 1492  232
1491 1490 2502  232
1493 2522 1494  232
1493 1492 2503  232
2532 1087 1088  232
1088 1089 2504  232
1483 2543 1484  232
1483 1482 2505  232
1106 1107 2506  232
2502 2536 2503  232
2507 1489 1488  232
2516 2525 1103  232
2529 2528 2508  232
2531 2539 2529  232
2509 1481 1480  232
2546 2541 2515  232
1103 2525 1102  232
2507 2521 2502  232
2511 2533 2504  232
2511 1090 1091  232
2512 1479 1478  232
1478 1477 2512  232
1113 2530 1112  232
2542 1497 2526  232
1486 1485 2514  232
2510 2538 2525  232
1095 2546 2523  232
2546 1097 2541  232
1104 1105 2516  232
2516 2521 2510  232
2517 2043 2042  232
2042 2041 2517  232
2501 2540 2520  232
2518 1092 1093  232
2522 2503 2519  232
2503 2522 1493  232
2520 1475 2501  232
2540 2523 2512  232
2521 2516 2506  232
2521 2536 2502  232
1495 2526 1496  232
1495 1494 2522  232
2523 2540 2518  232
2523 1094 1095  232
2515 2509 2524  232
2524 1479 2512  232
1102 2545 1101  232
2525 2516 2510  232
2526 1497 1496  232
2526 1495 2522  232
2536 2521 2506  232
2527 1107 1108  232
2528 1115 2508  232
2539 2542 2529  232
2508 2517 2529  232
1501 2539 2531  232
2522 2547 2526  232
1111 2537 1110  232
2531 2041 2040  232
2531 1502 1501  232
1700 1701 2532  232
2532 1088 2504  232
2532 2504 2533  232
2533 2511 2501  232
2545 1100 1101  232
2543 2545 2538  232
1473 1472 2535  232
2544 2532 2533  232
2506 2527 2536  232
2536 2519 2503  232
2537 1111 2530  232
2519 2547 2522  232
2534 2543 2505  232
2545 1102 2525  232
2539 1501 1500  232
1500 1499 2539  232
2540 2501 2511  232
2511 2518 2540  232
2541 1099 2534  232
2541 2505 2515  232
2513 2528 2542  232
2542 1499 1498  232
2543 1485 1484  232
2543 1483 2505  232
2533 2535 2544  232
2544 1698 1699  232
2545 2525 2538  232
2545 2543 2534  232
2546 2524 2523  232
2546 1095 1096  232
2537 2530 2547  232
2547 2513 2526  232
2042 2053 2052  233
2043 2057 2056  233
2043 2054 2042  233
2057 351 350  233
2043 2056 2055  233
2041 2052 2051  233
2057 2043 351  233
2041 2051 2050  233
2041 2050 2049  233
2052 2041 2042  233
2053 2042 2054  233
2049 2040 2041  233
2040 2049 2048  233
2039 2047 2046  233
2054 2043 2055  233
2040 2048 2047  233
2047 2039 2040  233
2044 2039 2045  233
423 2044 424  233
2044 423 2039  233
2039 2046 2045  233
2055 2069 2068  234
2052 2065 2051  234
2070 2056 2057  234
2053 2066 2052  234
349 2057 350  234
2054 2068 2067  234
2057 349 2070  234
2068 2054 2055  234
2066 2053 2067  234
2065 2052 2066  234
2069 2055 2056  234
2056 2070 2069  234
2067 2053 2054  234
2064 2050 2051  234
2064 2051 2065  234
2047 2060 2046  234
2063 2049 2050  234
2049 2062 2048  234
2050 2064 2063  234
2049 2063 2062  234
2048 2061 2047  234
2061 2048 2062  234
2045 2059 2058  234
2059 2046 2060  234
425 2044 2058  234
2059 2045 2046  234
2060 2047 2061  234
2045 2058 2044  234
2044 425 424  234
2060 2554 2061  235
2065 2552 2066  235
2071 426 1386  235
2059 2553 2060  235
2071 1386 405  235
2550 2549 2072  235
1322 2073 383  235
2067 2551 2068  235
1386 426 404  235
2058 2553 2059  235
2554 2062 2061  235
425 426 2058  235
2554 2548 2063  235
2554 2063 2062  235
2063 2548 2064  235
2548 2554 2549  235
2551 2073 348  235
2067 2552 2551  235
2073 2551 2550  235
348 2073 1322  235
1322 384 348  235
2069 2555 2070  235
349 2555 348  235
2555 2069 2551  235
2065 2064 2548  235
2072 2549 2071  235
2071 2553 426  235
2549 2550 2548  235
2072 2073 2550  235
2552 2065 2548  235
2551 2069 2068  235
2550 2551 2552  235
2552 2067 2066  235
2552 2548 2550  235
2553 2058 426  235
2553 2071 2549  235
2554 2060 2553  235
2553 2549 2554  235
2551 348 2555  235
2555 349 2070  235
2071 2075 2074  236
2073 2076 2072  236
2071 406 405  236
383 2076 2073  236
2075 2071 2072  236
2076 383 382  236
406 2071 2074  236
2072 2076 2075  236
1364 2074 1387  237
2074 1365 2075  237
1364 1387 399  237
1365 2074 1364  237
2076 1365 1366  237
1366 1321 2076  237
1365 2076 2075  237
1387 2074 406  237
382 2076 1321  237
1321 1366 381  237
1379 1505 1380  238
1379 1503 1504  238
1503 1378 2077  238
1503 2077 427  238
1505 1379 1504  238
1503 1379 1378  238
1380 1505 1506  238
1380 1506 1381  238
2077 1378 403  238
1381 1506 1382  238
1509 1383 1508  238
1385 426 404  238
1382 1507 1383  238
1384 1509 1385  238
1383 1509 1384  238
1507 1382 1506  238
426 1385 1510  238
1385 1509 1510  238
1383 1507 1508  238
2081 427 2077  239
427 2082 428  239
2078 2077 403  239
2077 2078 2079  239
2077 2079 2080  239
427 2081 2082  239
2078 403 402  239
2081 2077 2080  239
1376 2572 2570  240
2556 1376 2570  240
1376 2556 1377  240
2567 2568 2558  240
2570 2563 2556  240
2557 428 1513  240
2566 2569 2561  240
2572 1376 1375  240
401 2556 2083  240
2559 2086 2562  240
2556 401 1377  240
2082 2564 2081  240
2083 2563 2084  240
428 2557 2082  240
1512 2557 1513  240
2573 1512 1511  240
2564 2082 2557  240
1512 2573 2571  240
2563 2083 2556  240
2558 2566 2561  240
2557 1512 2571  240
2571 2564 2557  240
2085 2562 2086  240
2080 2565 2079  240
429 2573 1511  240
2562 2566 2558  240
402 2572 1375  240
2560 2079 2565  240
2563 2570 2569  240
2561 2567 2558  240
2564 2571 2568  240
2086 2559 2087  240
2565 2561 2569  240
2084 2566 2085  240
2562 2558 2568  240
2081 2567 2080  240
2079 2560 2078  240
2565 2567 2561  240
2566 2562 2085  240
2566 2084 2563  240
2567 2565 2080  240
2567 2081 2564  240
2568 2567 2564  240
2568 2559 2562  240
2569 2566 2563  240
2569 2560 2565  240
2078 2560 2572  240
2560 2569 2570  240
2087 2559 2573  240
2559 2568 2571  240
2560 2570 2572  240
2572 402 2078  240
2559 2571 2573  240
2573 429 2087  240
2084 1418 2085  241
2087 417 429  241
1418 2083 400  241
2086 417 2087  241
2083 1418 2084  241
417 2086 1418  241
400 2083 401  241
1418 2086 2085  241
1080 1325 1081  242
1079 1324 1080  242
1323 1079 2088  242
1323 2088 385  242
1325 1080 1324  242
1324 1079 1323  242
1325 1082 1081  242
1082 1325 1326  242
1079 347 2088  242
1082 1326 1083  242
1329 1084 1328  242
348 1330 384  242
1083 1327 1084  242
1085 1330 1086  242
1084 1329 1085  242
1327 1083 1326  242
1330 348 1086  242
1330 1085 1329  242
1084 1327 1328  242
2089 2088 385  243
2088 2090 2091  243
2088 2089 2090  243
2092 347 2088  243
347 2093 346  243
347 2092 2093  243
2092 2088 2091  243
2089 385 386  243
2582 2585 2096  244
2574 2097 2098  244
1077 2576 2588  244
1332 2579 2589  244
2093 2580 2576  244
2589 2578 2591  244
2576 346 2093  244
1077 2590 1076  244
2584 2581 2577  244
2097 2574 2582  244
345 2590 2098  244
2586 2585 2577  244
2588 2574 2590  244
386 2591 2089  244
2585 2575 2577  244
1332 2591 1331  244
2585 2582 2575  244
2579 387 2094  244
2590 345 1076  244
2576 1077 1078  244
2092 2584 2580  244
2095 2585 2583  244
346 2576 1078  244
2584 2577 2575  244
2581 2584 2091  244
2094 2583 2579  244
2090 2578 2581  244
2591 386 1331  244
2578 2586 2581  244
387 2579 1333  244
2574 2587 2582  244
2580 2093 2092  244
2581 2091 2090  244
2578 2090 2089  244
2587 2584 2575  244
2582 2096 2097  244
2579 1332 1333  244
2583 2094 2095  244
2584 2587 2580  244
2584 2092 2091  244
2585 2586 2583  244
2585 2095 2096  244
2577 2581 2586  244
2583 2589 2579  244
2575 2582 2587  244
2580 2588 2576  244
2588 2580 2587  244
2587 2574 2588  244
2589 2583 2586  244
2586 2578 2589  244
2574 2098 2590  244
2590 1077 2588  244
2578 2089 2591  244
2591 1332 2589  244
2095 2099 2096  245
2098 344 345  245
2099 2094 388  245
2097 344 2098  245
2094 2099 2095  245
344 2097 2099  245
388 2094 387  245
2099 2097 2096  245
1069 1336 1070  246
1068 1335 1069  246
1075 1341 2099  246
1072 1339 1073  246
1074 1341 1075  246
1070 1337 1071  246
1339 1072 1338  246
1334 342 375  246
1336 1069 1335  246
1071 1338 1072  246
1335 1068 1334  246
1337 1070 1336  246
342 1334 1068  246
1075 2099 344  246
1073 1340 1074  246
1338 1071 1337  246
1341 1074 1340  246
1340 1073 1339  246
2099 1341 388  246
Edges
2341
1 485  1
485 2  1
3 1  2
4 3  3
5 4  4
6 5  5
7 6  6
8 486  7
486 7  7
9 8  8
10 9  9
11 10  10
12 11  11
13 12  12
14 487  13
487 13  13
15 14  14
16 15  15
17 16  16
18 17  17
19 18  18
20 488  19
488 19  19
21 20  20
22 21  21
23 22  22
24 23  23
25 24  24
26 489  25
489 25  25
27 26  26
28 27  27
29 28  28
30 29  29
31 30  30
32 490  31
490 31  31
33 32  32
34 33  33
35 34  34
36 35  35
37 36  36
38 491  37
491 37  37
39 38  38
40 39  39
41 40  40
42 41  41
43 42  42
44 492  43
492 43  43
45 44  44
46 45  45
47 46  46
48 47  47
49 48  48
50 493  49
493 49  49
51 50  50
52 51  51
53 52  52
54 53  53
55 54  54
56 494  55
494 55  55
57 56  56
58 57  57
59 58  58
60 59  59
61 60  60
62 495  61
495 61  61
63 62  62
64 63  63
65 64  64
66 65  65
67 66  66
68 496  67
496 67  67
69 68  68
70 69  69
71 70  70
72 71  71
73 72  72
74 497  73
497 73  73
75 74  74
76 75  75
77 76  76
78 77  77
79 78  78
80 498  79
498 79  79
81 80  80
82 81  81
83 82  82
84 83  83
85 84  84
86 499  85
499 85  85
87 86  86
88 87  87
89 88  88
90 89  89
91 90  90
92 500  91
500 91  91
93 92  92
94 93  93
95 94  94
96 95  95
97 96  96
98 501  97
501 97  97
99 98  98
100 99  99
101 100  100
102 101  101
103 102  102
104 502  103
502 103  103
105 104  104
106 105  105
107 106  106
108 107  107
109 108  108
110 503  109
503 109  109
111 110  110
112 111  111
113 112  112
114 113  113
115 114  114
116 504  115
504 115  115
117 116  116
118 117  117
119 118  118
120 119  119
121 120  120
122 505  121
505 121  121
123 122  122
124 123  123
125 124  124
126 125  125
127 126  126
128 506  127
506 127  127
129 128  128
130 129  129
131 130  130
132 131  131
133 132  132
134 507  133
507 133  133
135 134  134
136 135  135
137 136  136
138 137  137
139 138  138
140 508  139
508 139  139
141 140  140
142 141  141
143 142  142
144 143  143
2 144  144
145 509  145
509 510  145
510 511  145
511 512  145
512 513  145
513 514  145
514 515  145
515 516  145
516 517  145
517 518  145
518 519  145
519 520  145
520 521  145
521 522  145
522 523  145
523 524  145
524 525  145
525 146  145
146 526  146
526 527  146
527 528  146
528 529  146
529 530  146
530 531  146
531 532  146
532 533  146
533 534  146
534 535  146
535 536  146
536 537  146
537 538  146
538 539  146
539 540  146
540 541  146
541 542  146
542 145  146
147 543  147
543 148  147
13 544  148
544 545  148
545 546  148
546 147  148
14 547  149
547 548  149
548 549  149
549 148  149
149 550  150
550 150  150
19 551  151
551 552  151
552 149  151
20 553  152
553 554  152
554 150  152
151 555  153
555 152  153
25 556  154
556 557  154
557 558  154
558 151  154
26 559  155
559 560  155
560 561  155
561 152  155
153 562  156
562 154  156
31 563  157
563 153  157
32 564  158
564 154  158
155 565  159
565 156  159
37 566  160
566 567  160
567 568  160
568 155  160
38 569  161
569 570  161
570 571  161
571 156  161
157 572  162
572 158  162
43 573  163
573 574  163
574 575  163
575 157  163
44 576  164
576 577  164
577 578  164
578 158  164
159 579  165
579 160  165
49 580  166
580 581  166
581 159  166
50 582  167
582 583  167
583 160  167
161 584  168
584 162  168
55 585  169
585 586  169
586 161  169
56 587  170
587 588  170
588 162  170
163 589  171
589 164  171
61 590  172
590 591  172
591 592  172
592 163  172
62 593  173
593 594  173
594 595  173
595 164  173
165 596  174
596 166  174
67 597  175
597 598  175
598 599  175
599 165  175
68 600  176
600 601  176
601 602  176
602 166  176
167 603  177
603 168  177
73 604  178
604 605  178
605 606  178
606 167  178
74 607  179
607 608  179
608 609  179
609 168  179
169 610  180
610 170  180
79 611  181
611 612  181
612 613  181
613 169  181
80 614  182
614 615  182
615 616  182
616 170  182
171 617  183
617 172  183
85 618  184
618 619  184
619 620  184
620 171  184
86 621  185
621 622  185
622 623  185
623 172  185
173 624  186
624 174  186
91 625  187
625 626  187
626 627  187
627 173  187
92 628  188
628 629  188
629 630  188
630 174  188
175 631  189
631 176  189
97 632  190
632 633  190
633 634  190
634 175  190
98 635  191
635 636  191
636 637  191
637 176  191
177 638  192
638 178  192
103 639  193
639 640  193
640 641  193
641 177  193
104 642  194
642 643  194
643 644  194
644 178  194
179 645  195
645 180  195
109 646  196
646 647  196
647 648  196
648 179  196
110 649  197
649 650  197
650 651  197
651 180  197
181 652  198
652 182  198
115 653  199
653 654  199
654 655  199
655 181  199
116 656  200
656 657  200
657 658  200
658 182  200
183 659  201
659 184  201
121 660  202
660 661  202
661 662  202
662 183  202
122 663  203
663 664  203
664 665  203
665 184  203
185 666  204
666 186  204
127 667  205
667 668  205
668 669  205
669 185  205
128 670  206
670 671  206
671 672  206
672 186  206
187 673  207
673 188  207
133 674  208
674 675  208
675 676  208
676 187  208
134 677  209
677 678  209
678 679  209
679 188  209
189 680  210
680 190  210
139 681  211
681 682  211
682 683  211
683 189  211
140 684  212
684 685  212
685 686  212
686 190  212
191 687  213
687 192  213
2 688  214
688 689  214
689 690  214
690 191  214
1 691  215
691 692  215
692 693  215
693 192  215
8 694  216
694 695  216
695 696  216
696 193  216
194 697  217
697 193  217
7 698  218
698 699  218
699 700  218
700 194  218
195 148  219
195 701  220
701 15  220
194 196  221
196 197  222
197 198  223
198 199  224
199 192  225
191 200  226
200 201  227
201 202  228
202 203  229
203 190  230
189 204  231
204 205  232
205 206  233
206 207  234
207 188  235
187 208  236
208 209  237
209 210  238
210 211  239
211 186  240
185 212  241
212 213  242
213 214  243
214 215  244
215 184  245
183 216  246
216 217  247
217 218  248
218 219  249
219 182  250
181 220  251
220 221  252
221 222  253
222 223  254
223 180  255
179 224  256
224 225  257
225 226  258
226 227  259
227 178  260
177 228  261
228 229  262
229 230  263
230 231  264
231 176  265
175 232  266
232 233  267
233 234  268
234 235  269
235 174  270
173 236  271
236 237  272
237 238  273
238 239  274
239 172  275
171 240  276
240 241  277
241 242  278
242 243  279
243 170  280
169 244  281
244 245  282
245 246  283
246 247  284
247 168  285
167 248  286
248 249  287
249 250  288
250 251  289
251 166  290
165 252  291
252 253  292
253 254  293
254 255  294
255 164  295
163 256  296
256 257  297
257 258  298
258 259  299
259 162  300
161 260  301
260 261  302
261 262  303
262 263  304
263 160  305
159 264  306
264 265  307
265 266  308
266 267  309
267 158  310
157 268  311
268 269  312
269 270  313
270 271  314
271 156  315
155 272  316
272 273  317
273 274  318
274 275  319
275 154  320
153 276  321
276 277  322
277 278  323
278 279  324
279 152  325
151 280  326
280 281  327
281 282  328
282 283  329
283 150  330
149 284  331
284 285  332
285 286  333
286 195  334
147 287  335
287 288  336
288 289  337
289 290  338
290 193  339
291 702  340
702 703  340
703 704  340
704 705  340
705 706  340
706 707  340
707 708  340
708 709  340
709 710  340
710 711  340
711 712  340
712 713  340
713 714  340
714 715  340
715 716  340
716 717  340
717 718  340
718 292  340
292 719  341
719 720  341
720 721  341
721 722  341
722 723  341
723 724  341
724 725  341
725 726  341
726 727  341
727 728  341
728 729  341
729 730  341
730 731  341
731 732  341
732 733  341
733 734  341
734 735  341
735 291  341
196 736  342
736 6  342
197 737  343
737 5  343
198 738  344
738 4  344
199 739  345
739 3  345
200 740  346
740 144  346
201 741  347
741 143  347
202 742  348
742 142  348
203 743  349
743 141  349
204 744  350
744 138  350
205 745  351
745 137  351
206 746  352
746 136  352
207 747  353
747 135  353
208 748  354
748 132  354
209 749  355
749 131  355
210 750  356
750 130  356
211 751  357
751 129  357
212 752  358
752 126  358
213 753  359
753 125  359
214 754  360
754 124  360
215 755  361
755 123  361
216 756  362
756 120  362
217 757  363
757 119  363
218 758  364
758 118  364
219 759  365
759 117  365
220 760  366
760 114  366
221 761  367
761 113  367
222 762  368
762 112  368
223 763  369
763 111  369
224 764  370
764 108  370
225 765  371
765 107  371
226 766  372
766 106  372
227 767  373
767 105  373
228 768  374
768 102  374
229 769  375
769 101  375
230 770  376
770 100  376
231 771  377
771 99  377
232 772  378
772 96  378
233 773  379
773 95  379
234 774  380
774 94  380
235 775  381
775 93  381
236 776  382
776 90  382
237 777  383
777 89  383
238 778  384
778 88  384
239 779  385
779 87  385
240 780  386
780 84  386
241 781  387
781 83  387
242 782  388
782 82  388
243 783  389
783 81  389
244 784  390
784 78  390
245 785  391
785 77  391
246 786  392
786 76  392
247 787  393
787 75  393
248 788  394
788 72  394
249 789  395
789 71  395
250 790  396
790 70  396
251 791  397
791 69  397
252 792  398
792 66  398
253 793  399
793 65  399
254 794  400
794 64  400
255 795  401
795 63  401
256 796  402
796 60  402
257 797  403
797 59  403
258 798  404
798 58  404
259 799  405
799 57  405
260 800  406
800 54  406
261 801  407
801 53  407
262 802  408
802 52  408
263 803  409
803 51  409
264 804  410
804 48  410
265 805  411
805 47  411
266 806  412
806 46  412
267 807  413
807 45  413
268 808  414
808 42  414
269 809  415
809 41  415
270 810  416
810 40  416
271 811  417
811 39  417
272 812  418
812 36  418
273 813  419
813 35  419
274 814  420
814 34  420
275 815  421
815 33  421
276 816  422
816 30  422
277 817  423
817 29  423
278 818  424
818 28  424
279 819  425
819 27  425
280 820  426
820 24  426
281 821  427
821 23  427
282 822  428
822 22  428
283 823  429
823 21  429
284 824  430
824 18  430
285 825  431
825 17  431
286 826  432
826 16  432
287 827  433
827 12  433
288 828  434
828 11  434
289 829  435
829 10  435
290 830  436
830 9  436
291 293  437
293 831  438
831 832  438
832 833  438
833 834  438
834 835  438
835 836  438
836 837  438
837 838  438
838 839  438
839 840  438
840 841  438
841 842  438
842 843  438
843 844  438
844 845  438
845 846  438
846 847  438
847 848  438
848 849  438
849 850  438
850 851  438
851 852  438
852 853  438
853 854  438
854 855  438
855 856  438
856 857  438
857 858  438
858 859  438
859 860  438
860 861  438
861 294  438
292 294  439
294 862  440
862 863  440
863 864  440
864 865  440
865 866  440
866 867  440
867 868  440
868 869  440
869 870  440
870 871  440
871 872  440
872 873  440
873 874  440
874 875  440
875 876  440
876 877  440
877 878  440
878 879  440
879 880  440
880 881  440
881 882  440
882 883  440
883 884  440
884 885  440
885 886  440
886 887  440
887 888  440
888 889  440
889 890  440
890 891  440
891 892  440
892 293  440
295 296  441
296 297  442
297 298  443
298 893  444
893 299  444
299 894  445
894 895  445
895 300  445
300 896  446
896 301  446
301 302  447
302 303  448
303 897  449
897 304  449
304 305  450
305 898  451
898 899  451
899 306  451
306 900  452
900 901  452
901 307  452
307 902  453
902 308  453
308 309  454
309 903  455
903 310  455
310 311  456
311 904  457
904 905  457
905 906  457
906 907  457
907 908  457
908 909  457
909 910  457
910 911  457
911 912  457
912 913  457
913 914  457
914 915  457
915 916  457
916 917  457
917 918  457
918 919  457
919 920  457
920 921  457
921 922  457
922 923  457
923 312  457
312 924  458
924 313  458
313 925  459
925 926  459
926 927  459
927 928  459
928 929  459
929 930  459
930 931  459
931 932  459
932 933  459
933 934  459
934 935  459
935 936  459
936 937  459
937 938  459
938 939  459
939 940  459
940 941  459
941 942  459
942 943  459
943 944  459
944 314  459
314 315  460
315 316  461
316 317  462
317 945  463
945 318  463
318 946  464
946 947  464
947 319  464
319 948  465
948 320  465
320 321  466
321 949  467
949 322  467
322 950  468
950 323  468
323 324  469
324 951  470
951 952  470
952 325  470
325 953  471
953 954  471
954 326  471
326 955  472
955 327  472
327 328  473
328 956  474
956 329  474
329 330  475
330 957  476
957 958  476
958 959  476
959 960  476
960 961  476
961 962  476
962 963  476
963 964  476
964 965  476
965 966  476
966 967  476
967 968  476
968 969  476
969 970  476
970 971  476
971 972  476
972 973  476
973 974  476
974 975  476
975 976  476
976 331  476
331 977  477
977 332  477
332 978  478
978 979  478
979 980  478
980 981  478
981 982  478
982 983  478
983 984  478
984 985  478
985 986  478
986 987  478
987 988  478
988 989  478
989 990  478
990 991  478
991 992  478
992 993  478
993 994  478
994 995  478
995 996  478
996 997  478
997 295  478
295 998  479
998 333  479
334 333  480
334 999  481
999 1000  481
1000 1001  481
1001 1002  481
1002 1003  481
1003 335  481
335 336  482
336 1004  483
1004 337  483
337 338  484
296 338  485
339 1005  486
1005 1006  486
1006 1007  486
1007 1008  486
1008 1009  486
1009 1010  486
1010 1011  486
1011 1012  486
1012 1013  486
1013 1014  486
1014 1015  486
1015 1016  486
1016 1017  486
1017 1018  486
1018 1019  486
1019 1020  486
1020 1021  486
1021 1022  486
1022 1023  486
1023 1024  486
1024 337  486
340 1025  487
1025 339  487
340 1026  488
1026 1027  488
1027 1028  488
1028 1029  488
1029 1030  488
1030 1031  488
1031 1032  488
1032 1033  488
1033 1034  488
1034 1035  488
1035 1036  488
1036 1037  488
1037 1038  488
1038 1039  488
1039 1040  488
1040 1041  488
1041 1042  488
1042 1043  488
1043 1044  488
1044 1045  488
1045 336  488
341 1046  489
1046 1047  489
1047 1048  489
1048 1049  489
1049 1050  489
1050 1051  489
1051 1052  489
1052 1053  489
1053 1054  489
1054 1055  489
1055 1056  489
1056 1057  489
1057 1058  489
1058 1059  489
1059 1060  489
1060 1061  489
1061 1062  489
1062 1063  489
1063 1064  489
1064 1065  489
1065 333  489
332 1066  490
1066 341  490
342 1067  491
1067 343  491
342 1068  492
1068 1069  492
1069 1070  492
1070 1071  492
1071 1072  492
1072 1073  492
1073 1074  492
1074 1075  492
1075 344  492
344 345  493
345 1076  494
1076 1077  494
1077 1078  494
1078 346  494
346 347  495
347 1079  496
1079 1080  496
1080 1081  496
1081 1082  496
1082 1083  496
1083 1084  496
1084 1085  496
1085 1086  496
1086 348  496
349 348  497
350 349  498
351 350  499
352 1087  500
1087 1088  500
1088 1089  500
1089 1090  500
1090 1091  500
1091 1092  500
1092 1093  500
1093 1094  500
1094 1095  500
1095 1096  500
1096 1097  500
1097 1098  500
1098 1099  500
1099 1100  500
1100 1101  500
1101 1102  500
1102 1103  500
1103 1104  500
1104 1105  500
1105 1106  500
1106 1107  500
1107 1108  500
1108 1109  500
1109 1110  500
1110 1111  500
1111 1112  500
1112 1113  500
1113 1114  500
1114 1115  500
1115 1116  500
1116 1117  500
1117 1118  500
1118 351  500
353 352  501
354 1119  502
1119 1120  502
1120 1121  502
1121 1122  502
1122 1123  502
1123 1124  502
1124 1125  502
1125 1126  502
1126 1127  502
1127 1128  502
1128 1129  502
1129 1130  502
1130 1131  502
1131 1132  502
1132 1133  502
1133 1134  502
1134 1135  502
1135 1136  502
1136 1137  502
1137 1138  502
1138 353  502
354 340  503
355 1139  504
1139 1140  504
1140 1141  504
1141 1142  504
1142 1143  504
1143 1144  504
1144 1145  504
1145 1146  504
1146 1147  504
1147 1148  504
1148 1149  504
1149 1150  504
1150 1151  504
1151 1152  504
1152 1153  504
1153 1154  504
1154 1155  504
1155 1156  504
1156 1157  504
1157 1158  504
1158 1159  504
1159 1160  504
1160 1161  504
1161 1162  504
1162 1163  504
1163 1164  504
1164 1165  504
1165 1166  504
1166 1167  504
1167 1168  504
1168 1169  504
1169 1170  504
1170 335  504
356 355  505
343 356  506
357 358  507
357 1171  508
1171 1172  508
1172 1173  508
1173 1174  508
1174 1175  508
1175 1176  508
1176 1177  508
1177 1178  508
1178 1179  508
1179 1180  508
1180 1181  508
1181 1182  508
1182 1183  508
1183 1184  508
1184 1185  508
1185 1186  508
1186 1187  508
1187 1188  508
1188 1189  508
1189 1190  508
1190 359  508
359 360  509
361 1191  510
1191 1192  510
1192 1193  510
1193 1194  510
1194 1195  510
1195 1196  510
1196 1197  510
1197 1198  510
1198 1199  510
1199 1200  510
1200 1201  510
1201 1202  510
1202 1203  510
1203 1204  510
1204 1205  510
1205 1206  510
1206 1207  510
1207 1208  510
1208 1209  510
1209 1210  510
1210 360  510
362 361  511
363 1211  512
1211 1212  512
1212 1213  512
1213 1214  512
1214 1215  512
1215 1216  512
1216 1217  512
1217 1218  512
1218 1219  512
1219 1220  512
1220 1221  512
1221 1222  512
1222 1223  512
1223 1224  512
1224 1225  512
1225 1226  512
1226 1227  512
1227 1228  512
1228 1229  512
1229 1230  512
1230 1231  512
1231 1232  512
1232 1233  512
1233 1234  512
1234 1235  512
1235 1236  512
1236 1237  512
1237 1238  512
1238 1239  512
1239 1240  512
1240 1241  512
1241 1242  512
1242 362  512
364 363  513
365 364  514
366 1243  515
1243 365  515
366 1244  516
1244 1245  516
1245 1246  516
1246 1247  516
1247 1248  516
1248 1249  516
1249 1250  516
1250 1251  516
1251 367  516
367 368  517
368 1252  518
1252 1253  518
1253 1254  518
1254 369  518
369 370  519
370 1255  520
1255 1256  520
1256 1257  520
1257 1258  520
1258 1259  520
1259 1260  520
1260 1261  520
1261 1262  520
1262 371  520
372 1263  521
1263 371  521
373 372  522
374 373  523
358 1264  524
1264 1265  524
1265 1266  524
1266 1267  524
1267 1268  524
1268 1269  524
1269 1270  524
1270 1271  524
1271 1272  524
1272 1273  524
1273 1274  524
1274 1275  524
1275 1276  524
1276 1277  524
1277 1278  524
1278 1279  524
1279 1280  524
1280 1281  524
1281 1282  524
1282 1283  524
1283 1284  524
1284 1285  524
1285 1286  524
1286 1287  524
1287 1288  524
1288 1289  524
1289 1290  524
1290 1291  524
1291 1292  524
1292 1293  524
1293 1294  524
1294 1295  524
1295 374  524
375 1296  525
1296 376  525
375 342  526
377 1297  527
1297 1298  527
1298 1299  527
1299 1300  527
1300 1301  527
1301 1302  527
1302 1303  527
1303 1304  527
1304 1305  527
1305 1306  527
1306 1307  527
1307 1308  527
1308 1309  527
1309 1310  527
1310 1311  527
1311 1312  527
1312 1313  527
1313 1314  527
1314 1315  527
1315 343  527
378 1316  528
1316 377  528
378 379  529
379 1317  530
1317 380  530
380 1318  531
1318 1319  531
1319 1320  531
1320 376  531
381 376  532
382 1321  533
1321 381  533
383 382  534
384 1322  535
1322 383  535
385 1323  536
1323 1324  536
1324 1325  536
1325 1326  536
1326 1327  536
1327 1328  536
1328 1329  536
1329 1330  536
1330 384  536
386 385  537
386 1331  538
1331 1332  538
1332 1333  538
1333 387  538
388 387  539
375 1334  540
1334 1335  540
1335 1336  540
1336 1337  540
1337 1338  540
1338 1339  540
1339 1340  540
1340 1341  540
1341 388  540
389 1342  541
1342 390  541
391 1343  542
1343 1344  542
1344 1345  542
1345 1346  542
1346 1347  542
1347 1348  542
1348 1349  542
1349 1350  542
1350 389  542
392 391  543
392 1351  544
1351 1352  544
1352 1353  544
1353 393  544
394 393  545
395 1354  546
1354 1355  546
1355 1356  546
1356 1357  546
1357 1358  546
1358 1359  546
1359 1360  546
1360 1361  546
1361 394  546
395 1362  547
1362 396  547
397 396  548
398 1363  549
1363 397  549
390 398  550
399 380  551
399 1364  552
1364 1365  552
1365 1366  552
1366 381  552
379 1367  553
1367 1368  553
1368 1369  553
1369 1370  553
1370 1371  553
1371 1372  553
1372 1373  553
1373 1374  553
1374 400  553
400 401  554
402 1375  555
1375 1376  555
1376 1377  555
1377 401  555
402 403  556
403 1378  557
1378 1379  557
1379 1380  557
1380 1381  557
1381 1382  557
1382 1383  557
1383 1384  557
1384 1385  557
1385 404  557
404 1386  558
1386 405  558
405 406  559
406 1387  560
1387 399  560
407 1388  561
1388 408  561
408 409  562
409 1389  563
1389 410  563
410 411  564
412 1390  565
1390 411  565
412 1391  566
1391 1392  566
1392 1393  566
1393 1394  566
1394 1395  566
1395 1396  566
1396 1397  566
1397 1398  566
1398 413  566
413 414  567
415 1399  568
1399 1400  568
1400 1401  568
1401 414  568
415 416  569
416 1402  570
1402 1403  570
1403 1404  570
1404 1405  570
1405 1406  570
1406 1407  570
1407 1408  570
1408 1409  570
1409 407  570
378 1410  571
1410 1411  571
1411 1412  571
1412 1413  571
1413 1414  571
1414 1415  571
1415 1416  571
1416 1417  571
1417 417  571
400 1418  572
1418 417  572
377 418  573
418 419  574
419 1419  575
1419 1420  575
1420 1421  575
1421 1422  575
1422 1423  575
1423 1424  575
1424 1425  575
1425 1426  575
1426 1427  575
1427 1428  575
1428 1429  575
1429 1430  575
1430 1431  575
1431 1432  575
1432 1433  575
1433 1434  575
1434 1435  575
1435 1436  575
1436 1437  575
1437 1438  575
1438 1439  575
1439 1440  575
1440 1441  575
1441 1442  575
1442 1443  575
1443 1444  575
1444 1445  575
1445 1446  575
1446 1447  575
1447 1448  575
1448 1449  575
1449 1450  575
1450 334  575
420 341  576
421 1451  577
1451 1452  577
1452 1453  577
1453 1454  577
1454 1455  577
1455 1456  577
1456 1457  577
1457 1458  577
1458 1459  577
1459 1460  577
1460 1461  577
1461 1462  577
1462 1463  577
1463 1464  577
1464 1465  577
1465 1466  577
1466 1467  577
1467 1468  577
1468 1469  577
1469 1470  577
1470 420  577
421 422  578
422 1471  579
1471 1472  579
1472 1473  579
1473 1474  579
1474 1475  579
1475 1476  579
1476 1477  579
1477 1478  579
1478 1479  579
1479 1480  579
1480 1481  579
1481 1482  579
1482 1483  579
1483 1484  579
1484 1485  579
1485 1486  579
1486 1487  579
1487 1488  579
1488 1489  579
1489 1490  579
1490 1491  579
1491 1492  579
1492 1493  579
1493 1494  579
1494 1495  579
1495 1496  579
1496 1497  579
1497 1498  579
1498 1499  579
1499 1500  579
1500 1501  579
1501 1502  579
1502 423  579
423 424  580
424 425  581
425 426  582
427 1503  583
1503 1504  583
1504 1505  583
1505 1506  583
1506 1507  583
1507 1508  583
1508 1509  583
1509 1510  583
1510 426  583
428 427  584
429 1511  585
1511 1512  585
1512 1513  585
1513 428  585
417 429  586
430 431  587
431 1514  588
1514 1515  588
1515 1516  588
1516 1517  588
1517 1518  588
1518 1519  588
1519 1520  588
1520 1521  588
1521 1522  588
1522 1523  588
1523 1524  588
1524 1525  588
1525 1526  588
1526 1527  588
1527 1528  588
1528 1529  588
1529 1530  588
1530 1531  588
1531 1532  588
1532 1533  588
1533 1534  588
1534 1535  588
1535 1536  588
1536 1537  588
1537 1538  588
1538 1539  588
1539 1540  588
1540 1541  588
1541 1542  588
1542 1543  588
1543 1544  588
1544 1545  588
1545 432  588
432 433  589
433 434  590
434 1546  591
1546 435  591
436 1547  592
1547 1548  592
1548 1549  592
1549 1550  592
1550 1551  592
1551 1552  592
1552 1553  592
1553 1554  592
1554 435  592
437 436  593
438 1555  594
1555 1556  594
1556 1557  594
1557 437  594
439 438  595
440 1558  596
1558 1559  596
1559 1560  596
1560 1561  596
1561 1562  596
1562 1563  596
1563 1564  596
1564 1565  596
1565 439  596
440 1566  597
1566 441  597
441 442  598
442 443  599
443 1567  600
1567 1568  600
1568 1569  600
1569 1570  600
1570 1571  600
1571 1572  600
1572 1573  600
1573 1574  600
1574 1575  600
1575 1576  600
1576 1577  600
1577 1578  600
1578 1579  600
1579 1580  600
1580 1581  600
1581 1582  600
1582 1583  600
1583 1584  600
1584 1585  600
1585 1586  600
1586 1587  600
1587 1588  600
1588 1589  600
1589 1590  600
1590 1591  600
1591 1592  600
1592 1593  600
1593 1594  600
1594 1595  600
1595 1596  600
1596 1597  600
1597 1598  600
1598 444  600
444 445  601
446 1599  602
1599 1600  602
1600 1601  602
1601 1602  602
1602 1603  602
1603 1604  602
1604 1605  602
1605 1606  602
1606 1607  602
1607 1608  602
1608 1609  602
1609 1610  602
1610 1611  602
1611 1612  602
1612 1613  602
1613 1614  602
1614 1615  602
1615 1616  602
1616 1617  602
1617 1618  602
1618 445  602
447 446  603
430 1619  604
1619 1620  604
1620 1621  604
1621 1622  604
1622 1623  604
1623 1624  604
1624 1625  604
1625 1626  604
1626 1627  604
1627 1628  604
1628 1629  604
1629 1630  604
1630 1631  604
1631 1632  604
1632 1633  604
1633 1634  604
1634 1635  604
1635 1636  604
1636 1637  604
1637 1638  604
1638 447  604
418 1639  605
1639 1640  605
1640 1641  605
1641 1642  605
1642 1643  605
1643 1644  605
1644 1645  605
1645 1646  605
1646 1647  605
1647 1648  605
1648 1649  605
1649 1650  605
1650 1651  605
1651 1652  605
1652 1653  605
1653 1654  605
1654 1655  605
1655 1656  605
1656 1657  605
1657 1658  605
1658 1659  605
1659 356  605
419 1660  606
1660 1661  606
1661 1662  606
1662 1663  606
1663 1664  606
1664 1665  606
1665 1666  606
1666 1667  606
1667 1668  606
1668 1669  606
1669 1670  606
1670 355  606
331 1671  607
1671 420  607
354 1672  608
1672 448  608
448 1673  609
1673 339  609
449 1674  610
1674 1675  610
1675 1676  610
1676 1677  610
1677 1678  610
1678 1679  610
1679 1680  610
1680 1681  610
1681 1682  610
1682 1683  610
1683 1684  610
1684 1685  610
1685 1686  610
1686 1687  610
1687 1688  610
1688 1689  610
1689 1690  610
1690 1691  610
1691 1692  610
1692 1693  610
1693 448  610
353 1694  611
1694 1695  611
1695 449  611
330 1696  612
1696 421  612
329 1697  613
1697 450  613
450 449  614
422 1698  615
1698 1699  615
1699 1700  615
1700 1701  615
1701 1702  615
1702 352  615
328 1703  616
1703 1704  616
1704 1705  616
1705 451  616
451 1706  617
1706 450  617
327 1707  618
1707 1708  618
1708 1709  618
1709 452  618
452 451  619
326 1710  620
1710 453  620
453 1711  621
1711 452  621
325 1712  622
1712 454  622
454 1713  623
1713 1714  623
1714 453  623
324 1715  624
1715 1716  624
1716 1717  624
1717 455  624
455 1718  625
1718 1719  625
1719 454  625
323 1720  626
1720 1721  626
1721 1722  626
1722 456  626
456 455  627
322 1723  628
1723 457  628
457 1724  629
1724 456  629
321 1725  630
1725 1726  630
1726 1727  630
1727 458  630
458 1728  631
1728 457  631
320 1729  632
1729 1730  632
1730 1731  632
1731 459  632
459 458  633
319 1732  634
1732 460  634
460 1733  635
1733 459  635
318 1734  636
1734 461  636
461 1735  637
1735 1736  637
1736 460  637
317 1737  638
1737 1738  638
1738 462  638
462 1739  639
1739 461  639
316 1740  640
1740 1741  640
1741 463  640
463 462  641
315 1742  642
1742 464  642
464 463  643
314 1743  644
1743 1744  644
1744 445  644
444 1745  645
1745 1746  645
1746 1747  645
1747 1748  645
1748 1749  645
1749 362  645
361 1750  646
1750 465  646
465 464  647
466 1751  648
1751 1752  648
1752 1753  648
1753 1754  648
1754 1755  648
1755 1756  648
1756 1757  648
1757 1758  648
1758 1759  648
1759 1760  648
1760 1761  648
1761 1762  648
1762 1763  648
1763 1764  648
1764 1765  648
1765 1766  648
1766 1767  648
1767 1768  648
1768 1769  648
1769 1770  648
1770 465  648
360 1771  649
1771 466  649
313 1772  650
1772 446  650
312 1773  651
1773 447  651
359 1774  652
1774 467  652
467 1775  653
1775 466  653
468 1776  654
1776 1777  654
1777 1778  654
1778 1779  654
1779 1780  654
1780 1781  654
1781 1782  654
1782 1783  654
1783 1784  654
1784 1785  654
1785 1786  654
1786 1787  654
1787 1788  654
1788 1789  654
1789 1790  654
1790 1791  654
1791 1792  654
1792 1793  654
1793 1794  654
1794 1795  654
1795 467  654
357 1796  655
1796 1797  655
1797 468  655
311 1798  656
1798 430  656
310 1799  657
1799 469  657
469 468  658
431 1800  659
1800 1801  659
1801 1802  659
1802 1803  659
1803 1804  659
1804 358  659
309 1805  660
1805 1806  660
1806 1807  660
1807 470  660
470 1808  661
1808 469  661
308 1809  662
1809 1810  662
1810 1811  662
1811 471  662
471 470  663
307 1812  664
1812 472  664
472 1813  665
1813 471  665
306 1814  666
1814 473  666
473 1815  667
1815 1816  667
1816 472  667
305 1817  668
1817 1818  668
1818 1819  668
1819 474  668
474 1820  669
1820 1821  669
1821 473  669
304 1822  670
1822 1823  670
1823 1824  670
1824 475  670
475 474  671
303 1825  672
1825 476  672
476 1826  673
1826 475  673
302 1827  674
1827 1828  674
1828 477  674
477 476  675
301 1829  676
1829 1830  676
1830 478  676
478 477  677
300 1831  678
1831 479  678
479 1832  679
1832 478  679
299 1833  680
1833 480  680
480 1834  681
1834 1835  681
1835 479  681
298 1836  682
1836 481  682
481 1837  683
1837 480  683
297 482  684
482 481  685
338 482  686
483 1838  687
1838 1839  687
1839 1840  687
1840 1841  687
1841 1842  687
1842 1843  687
1843 1844  687
1844 1845  687
1845 1846  687
1846 1847  687
1847 1848  687
1848 1849  687
1849 1850  687
1850 1851  687
1851 1852  687
1852 1853  687
1853 1854  687
1854 1855  687
1855 1856  687
1856 1857  687
1857 1858  687
1858 1859  687
1859 1860  687
1860 1861  687
1861 1862  687
1862 1863  687
1863 1864  687
1864 1865  687
1865 1866  687
1866 1867  687
1867 1868  687
1868 484  687
484 1869  688
1869 1870  688
1870 1871  688
1871 1872  688
1872 1873  688
1873 1874  688
1874 1875  688
1875 1876  688
1876 1877  688
1877 1878  688
1878 1879  688
1879 1880  688
1880 1881  688
1881 1882  688
1882 1883  688
1883 1884  688
1884 1885  688
1885 1886  688
1886 1887  688
1887 1888  688
1888 1889  688
1889 1890  688
1890 1891  688
1891 1892  688
1892 1893  688
1893 1894  688
1894 1895  688
1895 1896  688
1896 1897  688
1897 1898  688
1898 1899  688
1899 483  688
146 484  689
145 483  690
432 1900  691
1900 1901  691
1901 1902  691
1902 1903  691
1903 1904  691
1904 1905  691
1905 1906  691
1906 1907  691
1907 1908  691
1908 1909  691
1909 1910  691
1910 374  691
433 1911  692
1911 1912  692
1912 1913  692
1913 1914  692
1914 1915  692
1915 1916  692
1916 1917  692
1917 1918  692
1918 1919  692
1919 1920  692
1920 1921  692
1921 1922  692
1922 1923  692
1923 1924  692
1924 1925  692
1925 1926  692
1926 1927  692
1927 1928  692
1928 1929  692
1929 1930  692
1930 373  692
434 1931  693
1931 1932  693
1932 1933  693
1933 1934  693
1934 1935  693
1935 1936  693
1936 1937  693
1937 1938  693
1938 1939  693
1939 1940  693
1940 1941  693
1941 1942  693
1942 1943  693
1943 1944  693
1944 1945  693
1945 1946  693
1946 1947  693
1947 1948  693
1948 1949  693
1949 1950  693
1950 372  693
408 1951  694
1951 1952  694
1952 1953  694
1953 390  694
435 407  695
389 371  696
409 1954  697
1954 1955  697
1955 1956  697
1956 398  697
410 1957  698
1957 1958  698
1958 1959  698
1959 397  698
411 1960  699
1960 1961  699
1961 1962  699
1962 396  699
395 366  700
441 1963  701
1963 1964  701
1964 1965  701
1965 1966  701
1966 1967  701
1967 1968  701
1968 1969  701
1969 1970  701
1970 1971  701
1971 1972  701
1972 1973  701
1973 1974  701
1974 1975  701
1975 1976  701
1976 1977  701
1977 1978  701
1978 1979  701
1979 1980  701
1980 1981  701
1981 1982  701
1982 1983  701
1983 365  701
440 412  702
394 1984  703
1984 367  703
393 1985  704
1985 1986  704
1986 1987  704
1987 1988  704
1988 1989  704
1989 368  704
392 1990  705
1990 1991  705
1991 1992  705
1992 1993  705
1993 1994  705
1994 369  705
391 1995  706
1995 370  706
442 1996  707
1996 1997  707
1997 1998  707
1998 1999  707
1999 2000  707
2000 2001  707
2001 2002  707
2002 2003  707
2003 2004  707
2004 2005  707
2005 2006  707
2006 2007  707
2007 2008  707
2008 2009  707
2009 2010  707
2010 2011  707
2011 2012  707
2012 2013  707
2013 2014  707
2014 2015  707
2015 364  707
443 2016  708
2016 2017  708
2017 2018  708
2018 2019  708
2019 2020  708
2020 2021  708
2021 2022  708
2022 2023  708
2023 2024  708
2024 2025  708
2025 2026  708
2026 363  708
413 2027  709
2027 439  709
414 2028  710
2028 2029  710
2029 2030  710
2030 2031  710
2031 2032  710
2032 438  710
415 2033  711
2033 2034  711
2034 2035  711
2035 2036  711
2036 2037  711
2037 437  711
416 2038  712
2038 436  712
423 2039  713
2039 2040  713
2040 2041  713
2041 2042  713
2042 2043  713
2043 351  713
424 2044  714
2044 2045  714
2045 2046  714
2046 2047  714
2047 2048  714
2048 2049  714
2049 2050  714
2050 2051  714
2051 2052  714
2052 2053  714
2053 2054  714
2054 2055  714
2055 2056  714
2056 2057  714
2057 350  714
425 2058  715
2058 2059  715
2059 2060  715
2060 2061  715
2061 2062  715
2062 2063  715
2063 2064  715
2064 2065  715
2065 2066  715
2066 2067  715
2067 2068  715
2068 2069  715
2069 2070  715
2070 349  715
405 2071  716
2071 2072  716
2072 2073  716
2073 383  716
426 404  717
384 348  718
406 2074  719
2074 2075  719
2075 2076  719
2076 382  719
403 2077  720
2077 427  720
402 2078  721
2078 2079  721
2079 2080  721
2080 2081  721
2081 2082  721
2082 428  721
401 2083  722
2083 2084  722
2084 2085  722
2085 2086  722
2086 2087  722
2087 429  722
385 2088  723
2088 347  723
386 2089  724
2089 2090  724
2090 2091  724
2091 2092  724
2092 2093  724
2093 346  724
387 2094  725
2094 2095  725
2095 2096  725
2096 2097  725
2097 2098  725
2098 345  725
388 2099  726
2099 344  726
End
