MeshVersionFormatted 1

Dimension
3

Vertices
3595
0.84725841012600001  11.32236216005  -1.016  0
0  9.3869999999999987  -1.016  0
-0.84725841012600001  11.32236216005  -1.016  0
-1.1154852823130001  10.609520092109999  -1.016  0
-1.668469816205  10.5367182971  -1.016  0
-2.1120541826869998  11.155848637649999  -1.016  0
-2.4295343763770001  9.0671457313749997  -1.016  0
-3.7488317424490001  10.717275412319999  -1.016  0
-3.8234219022690001  9.9593006259100001  -1.016  0
-4.3387214540250003  9.745856562888001  -1.016  0
-4.9274337732840001  10.229082466509999  -1.016  0
-4.6934999999999993  8.1293804653249992  -1.016  0
-6.3949283867620004  9.3818240563839996  -1.016  0
-6.2707986380870002  8.6303712805739998  -1.016  0
-6.7132963948300004  8.2908308097049996  -1.016  0
-7.407016895201  8.6052212296359993  -1.016  0
-6.6376113549979996  6.6376113549979996  -1.016  0
-8.6052212296359993  7.407016895201  -1.016  0
-8.2908308097049996  6.7132963948300004  -1.016  0
-8.6303712805739998  6.2707986380870002  -1.016  0
-9.3818240563839996  6.3949283867620004  -1.016  0
-8.1293804653249992  4.6934999999999993  -1.016  0
-10.229082466509999  4.9274337732840001  -1.016  0
-9.745856562888001  4.3387214540250003  -1.016  0
-9.9593006259100001  3.8234219022690001  -1.016  0
-10.717275412319999  3.7488317424490001  -1.016  0
-9.0671457313749997  2.4295343763770001  -1.016  0
-11.155848637649999  2.1120541826869998  -1.016  0
-10.5367182971  1.668469816205  -1.016  0
-10.609520092109999  1.1154852823130001  -1.016  0
-11.32236216005  0.84725841012600001  -1.016  0
-9.3869999999999987  0  -1.016  0
-11.32236216005  -0.84725841012600001  -1.016  0
-10.609520092109999  -1.1154852823130001  -1.016  0
-10.5367182971  -1.668469816205  -1.016  0
-11.155848637649999  -2.1120541826869998  -1.016  0
-9.0671457313749997  -2.4295343763770001  -1.016  0
-10.717275412319999  -3.7488317424490001  -1.016  0
-9.9593006259100001  -3.8234219022690001  -1.016  0
-9.745856562888001  -4.3387214540250003  -1.016  0
-10.229082466509999  -4.9274337732840001  -1.016  0
-8.1293804653249992  -4.6934999999999993  -1.016  0
-9.3818240563839996  -6.3949283867620004  -1.016  0
-8.6303712805739998  -6.2707986380870002  -1.016  0
-8.2908308097049996  -6.7132963948300004  -1.016  0
-8.6052212296359993  -7.407016895201  -1.016  0
-6.6376113549979996  -6.6376113549979996  -1.016  0
-7.407016895201  -8.6052212296359993  -1.016  0
-6.7132963948300004  -8.2908308097049996  -1.016  0
-6.2707986380870002  -8.6303712805739998  -1.016  0
-6.3949283867620004  -9.3818240563839996  -1.016  0
-4.6934999999999993  -8.1293804653249992  -1.016  0
-4.9274337732840001  -10.229082466509999  -1.016  0
-4.3387214540250003  -9.745856562888001  -1.016  0
-3.8234219022690001  -9.9593006259100001  -1.016  0
-3.7488317424490001  -10.717275412319999  -1.016  0
-2.4295343763770001  -9.0671457313749997  -1.016  0
-2.1120541826869998  -11.155848637649999  -1.016  0
-1.668469816205  -10.5367182971  -1.016  0
-1.1154852823130001  -10.609520092109999  -1.016  0
-0.84725841012600001  -11.32236216005  -1.016  0
0  -9.3869999999999987  -1.016  0
0.84725841012600001  -11.32236216005  -1.016  0
1.1154852823130001  -10.609520092109999  -1.016  0
1.668469816205  -10.5367182971  -1.016  0
2.1120541826869998  -11.155848637649999  -1.016  0
2.4295343763770001  -9.0671457313749997  -1.016  0
3.7488317424490001  -10.717275412319999  -1.016  0
3.8234219022690001  -9.9593006259100001  -1.016  0
4.3387214540250003  -9.745856562888001  -1.016  0
4.9274337732840001  -10.229082466509999  -1.016  0
4.6934999999999993  -8.1293804653249992  -1.016  0
6.3949283867620004  -9.3818240563839996  -1.016  0
6.2707986380870002  -8.6303712805739998  -1.016  0
6.7132963948300004  -8.2908308097049996  -1.016  0
7.407016895201  -8.6052212296359993  -1.016  0
6.6376113549979996  -6.6376113549979996  -1.016  0
8.6052212296359993  -7.407016895201  -1.016  0
8.2908308097049996  -6.7132963948300004  -1.016  0
8.6303712805739998  -6.2707986380870002  -1.016  0
9.3818240563839996  -6.3949283867620004  -1.016  0
8.1293804653249992  -4.6934999999999993  -1.016  0
10.229082466509999  -4.9274337732840001  -1.016  0
9.745856562888001  -4.3387214540250003  -1.016  0
9.9593006259100001  -3.8234219022690001  -1.016  0
10.717275412319999  -3.7488317424490001  -1.016  0
9.0671457313749997  -2.4295343763770001  -1.016  0
11.155848637649999  -2.1120541826869998  -1.016  0
10.5367182971  -1.668469816205  -1.016  0
10.609520092109999  -1.1154852823130001  -1.016  0
11.32236216005  -0.84725841012600001  -1.016  0
9.3869999999999987  0  -1.016  0
11.32236216005  0.84725841012600001  -1.016  0
10.609520092109999  1.1154852823130001  -1.016  0
10.5367182971  1.668469816205  -1.016  0
11.155848637649999  2.1120541826869998  -1.016  0
9.0671457313749997  2.4295343763770001  -1.016  0
10.717275412319999  3.7488317424490001  -1.016  0
9.9593006259100001  3.8234219022690001  -1.016  0
9.745856562888001  4.3387214540250003  -1.016  0
10.229082466509999  4.9274337732840001  -1.016  0
8.1293804653249992  4.6934999999999993  -1.016  0
9.3818240563839996  6.3949283867620004  -1.016  0
8.6303712805739998  6.2707986380870002  -1.016  0
8.2908308097049996  6.7132963948300004  -1.016  0
8.6052212296359993  7.407016895201  -1.016  0
6.6376113549979996  6.6376113549979996  -1.016  0
7.407016895201  8.6052212296359993  -1.016  0
6.7132963948300004  8.2908308097049996  -1.016  0
6.2707986380870002  8.6303712805739998  -1.016  0
6.3949283867620004  9.3818240563839996  -1.016  0
4.6934999999999993  8.1293804653249992  -1.016  0
4.9274337732840001  10.229082466509999  -1.016  0
4.3387214540250003  9.745856562888001  -1.016  0
3.8234219022690001  9.9593006259100001  -1.016  0
3.7488317424490001  10.717275412319999  -1.016  0
2.4295343763770001  9.0671457313749997  -1.016  0
2.1120541826869998  11.155848637649999  -1.016  0
1.668469816205  10.5367182971  -1.016  0
1.1154852823130001  10.609520092109999  -1.016  0
-2.8021967160819998  5.9965470850570002  -1.016  0
-2.7181853057929999  5.8510350540200005  -1.016  0
2.8021967160819998  5.9965470850560001  -1.016  0
2.7181853057929999  5.8510350540200005  -1.016  0
3.7080523423180001  5.2795350540200001  -1.016  0
3.7920637526079997  5.4250470850569998  -1.016  0
6.1227175517840005  2.5146000000000002  -1.016  0
5.9413743696219994  2.5146000000000002  -1.016  0
5.9413743696219994  -2.5146000000000002  -1.016  0
6.1227175517840005  -2.5146000000000002  -1.016  0
3.7920637526079997  -5.4250470850569998  -1.016  0
3.7080523423180001  -5.2795350540200001  -1.016  0
2.7181874286289998  -5.8510340678250001  -1.016  0
2.8021988358159997  -5.9965460945010003  -1.016  0
-2.8021967160819998  -5.9965470850570002  -1.016  0
-2.7181853057929999  -5.8510350540200005  -1.016  0
-3.7080523423180001  -5.2795350540200001  -1.016  0
-3.792063752607  -5.4250470850569998  -1.016  0
-6.1227175517840005  -2.5146000000000002  -1.016  0
-5.9413743696219994  -2.5146000000000002  -1.016  0
-5.9413743696219994  2.5146000000000002  -1.016  0
-6.1227175517840005  2.5146000000000002  -1.016  0
-3.7920618022120003  5.4250484483669998  -1.016  0
-3.7080503950250003  5.2795364216910006  -1.016  0
0.073575632855090001  12.287581571839999  -3.149  0
0  12.11951537855  -3.149  0
0.048082005502679999  12.345815755309999  -3.149  0
0.40000000000000002  12.510999999999999  -1.016  0
1.1154852823130001  10.609520092109999  1.016  0
1.077300613497  10.711  1.016  0
0.40000000000000002  12.510999999999999  -0.78400000000000003  0
-3.8234219022690001  9.9593006259100001  1.016  0
-4.3387214540250003  9.745856562888001  1.016  0
-6.2707986380870002  8.6303712805739998  1.016  0
-6.7132963948300004  8.2908308097049996  1.016  0
-8.2908308097049996  6.7132963948300004  1.016  0
-8.6303712805739998  6.2707986380870002  1.016  0
-9.745856562888001  4.3387214540250003  1.016  0
-9.9593006259100001  3.8234219022690001  1.016  0
-10.5367182971  1.668469816205  1.016  0
-10.609520092109999  1.1154852823130001  1.016  0
-10.609520092109999  -1.1154852823130001  1.016  0
-10.5367182971  -1.668469816205  1.016  0
-9.9593006259100001  -3.8234219022690001  1.016  0
-9.745856562888001  -4.3387214540250003  1.016  0
-8.6303712805739998  -6.2707986380870002  1.016  0
-8.2908308097049996  -6.7132963948300004  1.016  0
-6.7132963948300004  -8.2908308097049996  1.016  0
-6.2707986380870002  -8.6303712805739998  1.016  0
-4.3387214540250003  -9.745856562888001  1.016  0
-3.8234219022690001  -9.9593006259100001  1.016  0
-1.668469816205  -10.5367182971  1.016  0
-1.1154852823130001  -10.609520092109999  1.016  0
1.1154852823130001  -10.609520092109999  1.016  0
1.668469816205  -10.5367182971  1.016  0
3.8234219022690001  -9.9593006259100001  1.016  0
4.3387214540250003  -9.745856562888001  1.016  0
6.2707986380870002  -8.6303712805739998  1.016  0
6.7132963948300004  -8.2908308097049996  1.016  0
8.2908308097049996  -6.7132963948300004  1.016  0
8.6303712805739998  -6.2707986380870002  1.016  0
9.745856562888001  -4.3387214540250003  1.016  0
9.9593006259100001  -3.8234219022690001  1.016  0
10.5367182971  -1.668469816205  1.016  0
10.609520092109999  -1.1154852823130001  1.016  0
10.609520092109999  1.1154852823130001  1.016  0
10.5367182971  1.668469816205  1.016  0
9.9593006259100001  3.8234219022690001  1.016  0
9.745856562888001  4.3387214540250003  1.016  0
8.6303712805739998  6.2707986380870002  1.016  0
8.2908308097049996  6.7132963948300004  1.016  0
6.7132963948300004  8.2908308097049996  1.016  0
6.2707986380870002  8.6303712805739998  1.016  0
4.3387214540250003  9.745856562888001  1.016  0
3.8234219022690001  9.9593006259100001  1.016  0
-1.668469816205  10.5367182971  1.016  0
-1.1154852823130001  10.609520092109999  1.016  0
1.668469816205  10.5367182971  1.016  0
-5.9090898384860004  11.03484382675  -1.016  0
-4.422530301199  9.8146484066840003  1.016  0
-5.9090898384860004  11.03484382675  -0.78400000000000003  0
-6.0800724187700004  10.67814560872  -3.149  0
-6.1312676394260004  10.71583107729  -3.149  0
-6.6019101615139997  10.63484382675  -1.016  0
-6.2165146043549999  10.666613719139999  -3.149  0
-6.6019101615139997  10.63484382675  -0.78400000000000003  0
-6.2884696988010003  8.7373477931870003  1.016  0
-1.077300613497  10.711  1.016  0
1.7316183068390001  10.62485744146  1.016  0
3.8128032773470002  10.067205609309999  1.016  0
4.422530301199  9.8146484066840003  1.016  0
6.2884696988010003  8.7373477931870003  1.016  0
6.812054164109  8.3355873024689995  1.016  0
8.3355873024689995  6.812054164109  1.016  0
8.7373477931870003  6.2884696988010003  1.016  0
9.8146484066840003  4.422530301199  1.016  0
10.067205609309999  3.8128032773470002  1.016  0
10.62485744146  1.7316183068390001  1.016  0
10.711  1.077300613497  1.016  0
10.711  -1.077300613497  1.016  0
10.62485744146  -1.7316183068390001  1.016  0
10.067205609309999  -3.8128032773470002  1.016  0
9.8146484066840003  -4.422530301199  1.016  0
8.7373477931870003  -6.2884696988010003  1.016  0
8.3355873024689995  -6.812054164109  1.016  0
6.812054164109  -8.3355873024689995  1.016  0
6.2884696988010003  -8.7373477931870003  1.016  0
4.422530301199  -9.8146484066840003  1.016  0
3.8128032773470002  -10.067205609309999  1.016  0
1.7316183068390001  -10.62485744146  1.016  0
1.077300613497  -10.711  1.016  0
-1.077300613497  -10.711  1.016  0
-1.7316183068390001  -10.62485744146  1.016  0
-3.8128032773470002  -10.067205609309999  1.016  0
-4.422530301199  -9.8146484066840003  1.016  0
-6.2884696988010003  -8.7373477931870003  1.016  0
-6.812054164109  -8.3355873024689995  1.016  0
-8.3355873024689995  -6.812054164109  1.016  0
-8.7373477931870003  -6.2884696988010003  1.016  0
-9.8146484066840003  -4.422530301199  1.016  0
-10.067205609309999  -3.8128032773470002  1.016  0
-10.62485744146  -1.7316183068390001  1.016  0
-10.711  -1.077300613497  1.016  0
-10.711  1.077300613497  1.016  0
-10.62485744146  1.7316183068390001  1.016  0
-10.067205609309999  3.8128032773470002  1.016  0
-9.8146484066840003  4.422530301199  1.016  0
-8.7373477931870003  6.2884696988010003  1.016  0
-8.3355873024689995  6.812054164109  1.016  0
-6.812054164109  8.3355873024689995  1.016  0
-3.8128032773470002  10.067205609309999  1.016  0
-1.7316183068390001  10.62485744146  1.016  0
-9.9567999999999994  0  1.016  0
9.9567999999999994  0  1.016  0
-7.9120999999999997  0  1.016  0
7.9120999999999997  0  1.016  0
-2.8021967160819998  5.9965470850570002  1.016  0
-1.356393708351  3.49234281793  1.016  0
-2.3462588815799998  2.9208443146810001  1.016  0
-3.7920618022120003  5.4250484483669998  1.016  0
-6.1227175517840005  2.5146000000000002  1.016  0
-2.7772376725800001  2.5146000000000002  1.016  0
-3.715287268839  0.48260000000000003  1.016  0
-5.3340000000000005  0.48260000000000003  1.016  0
-5.3340000000000005  -0.48260000000000003  1.016  0
-3.715287268839  -0.48260000000000003  1.016  0
-2.7772376725800001  -2.5146000000000002  1.016  0
-6.1227175517840005  -2.5146000000000002  1.016  0
-3.792063752607  -5.4250470850569998  1.016  0
-2.346260744876  -2.9208428179300001  1.016  0
-1.3563937083499999  -3.49234281793  1.016  0
-2.8021967160819998  -5.9965470850570002  1.016  0
2.8021988358159997  -5.9965460945010003  1.016  0
1.3563959151839999  -3.4923419608150001  1.016  0
2.346260744876  -2.9208428179300001  1.016  0
3.7920637526079997  -5.4250470850569998  1.016  0
6.1227175517840005  -2.5146000000000002  1.016  0
2.7772376725800001  -2.5146000000000002  1.016  0
3.715287268839  -0.48260000000000003  1.016  0
5.3340000000000005  -0.48260000000000003  1.016  0
5.3340000000000005  0.48260000000000003  1.016  0
3.715287268839  0.48260000000000003  1.016  0
2.7772376725800001  2.5146000000000002  1.016  0
6.1227175517840005  2.5146000000000002  1.016  0
3.7920637526079997  5.4250470850569998  1.016  0
2.346260744876  2.9208428179300001  1.016  0
1.356393708351  3.49234281793  1.016  0
2.8021967160819998  5.9965470850560001  1.016  0
-0.40000000000000002  12.510999999999999  -0.78400000000000003  0
-0.40000000000000002  12.510999999999999  -1.016  0
-0.050352710796719997  12.345815755309999  -3.149  0
-0.070637165247009998  12.280869335119998  -3.149  0
2.8517147427619998  12.18822563074  -1.016  0
2.8517147427619998  12.18822563074  -0.78400000000000003  0
3.146695261019  11.93817452519  -3.149  0
3.1102926121359999  11.880691103730001  -3.149  0
3.136761397381  11.70655290625  -3.149  0
3.2513287330039997  11.84984960784  -3.149  0
3.2417758956960001  11.91269774591  -3.149  0
3.6244554037929997  11.981170394659999  -1.016  0
3.6244554037929997  11.981170394659999  -0.78400000000000003  0
5.9090898384860004  11.03484382675  -1.016  0
5.9090898384860004  11.03484382675  -0.78400000000000003  0
6.1293011509569997  10.716966429939999  -3.149  0
6.0792610880039994  10.67086340739  -3.149  0
6.0597576892729998  10.495808199379999  -3.149  0
6.2075091530739996  10.60456997586  -3.149  0
6.2145481158860001  10.66774907179  -3.149  0
6.6019101615139997  10.63484382675  -1.016  0
6.6019101615139997  10.63484382675  -0.78400000000000003  0
8.56377022695  9.1294556519000007  -1.016  0
8.56377022695  9.1294556519000007  -0.78400000000000003  0
8.6942052966049985  8.7654147831160003  -3.149  0
8.6339379671780012  8.733834004277  -3.149  0
8.5697915088650003  8.5697915088650003  -3.149  0
8.7406580827559992  8.6366064249119994  -3.149  0
8.763809152004999  8.6958109277169999  -3.149  0
9.1294556519000007  8.56377022695  -1.016  0
9.1294556519000007  8.56377022695  -0.78400000000000003  0
10.63484382675  6.6019101615139997  -1.016  0
10.63484382675  6.6019101615139997  -0.78400000000000003  0
10.666613719139999  6.2165146043549999  -3.149  0
10.600226242150001  6.2016082471140006  -3.149  0
10.495808199379999  6.0597576892729998  -3.149  0
10.67814560872  6.0800724187700004  -3.149  0
10.71583107729  6.1312676394260004  -3.149  0
11.03484382675  5.9090898384860004  -1.016  0
11.03484382675  5.9090898384860004  -0.78400000000000003  0
11.981170394659999  3.6244554037929997  -1.016  0
11.981170394659999  3.6244554037929997  -0.78400000000000003  0
11.91211004414  3.2439692285840001  -3.149  0
11.84412661641  3.2467531365519999  -3.149  0
11.70655290625  3.136761397381  -3.149  0
11.887935157920001  3.1091915250839999  -3.149  0
11.937586823409999  3.1488885939069999  -3.149  0
12.18822563074  2.8517147427619998  -1.016  0
12.18822563074  2.8517147427619998  -0.78400000000000003  0
12.510999999999999  0.40000000000000002  -1.016  0
12.510999999999999  0.40000000000000002  -0.78400000000000003  0
12.345815755309999  0.050352710796719997  -3.149  0
12.280869335119998  0.070637165247009998  -3.149  0
12.11951537855  0  -3.149  0
12.287581571839999  -0.073575632855090001  -3.149  0
12.345815755309999  -0.048082005502679999  -3.149  0
12.510999999999999  -0.40000000000000002  -1.016  0
12.510999999999999  -0.40000000000000002  -0.78400000000000003  0
12.18822563074  -2.8517147427619998  -1.016  0
12.18822563074  -2.8517147427619998  -0.78400000000000003  0
11.93817452519  -3.146695261019  -3.149  0
11.880691103730001  -3.1102926121359999  -3.149  0
11.70655290625  -3.136761397381  -3.149  0
11.84984960784  -3.2513287330039997  -3.149  0
11.91269774591  -3.2417758956960001  -3.149  0
11.981170394659999  -3.6244554037929997  -1.016  0
11.981170394659999  -3.6244554037929997  -0.78400000000000003  0
11.03484382675  -5.9090898384860004  -1.016  0
11.03484382675  -5.9090898384860004  -0.78400000000000003  0
10.716966429939999  -6.1293011509569997  -3.149  0
10.67086340739  -6.0792610880039994  -3.149  0
10.495808199379999  -6.0597576892729998  -3.149  0
10.60456997586  -6.2075091530739996  -3.149  0
10.66774907179  -6.2145481158860001  -3.149  0
10.63484382675  -6.6019101615139997  -1.016  0
10.63484382675  -6.6019101615139997  -0.78400000000000003  0
9.1294556519000007  -8.56377022695  -1.016  0
9.1294556519000007  -8.56377022695  -0.78400000000000003  0
8.7654147831160003  -8.6942052966049985  -3.149  0
8.733834004277  -8.6339379671780012  -3.149  0
8.5697915088650003  -8.5697915088650003  -3.149  0
8.6366064249119994  -8.7406580827559992  -3.149  0
8.6958109277169999  -8.763809152004999  -3.149  0
8.56377022695  -9.1294556519000007  -1.016  0
8.56377022695  -9.1294556519000007  -0.78400000000000003  0
6.6019101615139997  -10.63484382675  -1.016  0
6.6019101615139997  -10.63484382675  -0.78400000000000003  0
6.2165146043549999  -10.666613719139999  -3.149  0
6.2016082471140006  -10.600226242150001  -3.149  0
6.0597576892729998  -10.495808199379999  -3.149  0
6.0800724187700004  -10.67814560872  -3.149  0
6.1312676394260004  -10.71583107729  -3.149  0
5.9090898384860004  -11.03484382675  -1.016  0
5.9090898384860004  -11.03484382675  -0.78400000000000003  0
3.6244554037929997  -11.981170394659999  -1.016  0
3.6244554037929997  -11.981170394659999  -0.78400000000000003  0
3.2439692285840001  -11.91211004414  -3.149  0
3.2467531365519999  -11.84412661641  -3.149  0
3.136761397381  -11.70655290625  -3.149  0
3.1091915250839999  -11.887935157920001  -3.149  0
3.1488885939069999  -11.937586823409999  -3.149  0
2.8517147427619998  -12.18822563074  -1.016  0
2.8517147427619998  -12.18822563074  -0.78400000000000003  0
0.40000000000000002  -12.510999999999999  -1.016  0
0.40000000000000002  -12.510999999999999  -0.78400000000000003  0
0.050352710796719997  -12.345815755309999  -3.149  0
0.070637165247009998  -12.280869335119998  -3.149  0
0  -12.11951537855  -3.149  0
-0.073575632855090001  -12.287581571839999  -3.149  0
-0.048082005502679999  -12.345815755309999  -3.149  0
-0.40000000000000002  -12.510999999999999  -1.016  0
-0.40000000000000002  -12.510999999999999  -0.78400000000000003  0
-2.8517147427619998  -12.18822563074  -1.016  0
-2.8517147427619998  -12.18822563074  -0.78400000000000003  0
-3.146695261019  -11.93817452519  -3.149  0
-3.1102926121359999  -11.880691103730001  -3.149  0
-3.136761397381  -11.70655290625  -3.149  0
-3.2513287330039997  -11.84984960784  -3.149  0
-3.2417758956960001  -11.91269774591  -3.149  0
-3.6244554037929997  -11.981170394659999  -1.016  0
-3.6244554037929997  -11.981170394659999  -0.78400000000000003  0
-5.9090898384860004  -11.03484382675  -1.016  0
-5.9090898384860004  -11.03484382675  -0.78400000000000003  0
-6.1293011509569997  -10.716966429939999  -3.149  0
-6.0792610880039994  -10.67086340739  -3.149  0
-6.0597576892729998  -10.495808199379999  -3.149  0
-6.2075091530739996  -10.60456997586  -3.149  0
-6.2145481158860001  -10.66774907179  -3.149  0
-6.6019101615139997  -10.63484382675  -1.016  0
-6.6019101615139997  -10.63484382675  -0.78400000000000003  0
-8.56377022695  -9.1294556519000007  -1.016  0
-8.56377022695  -9.1294556519000007  -0.78400000000000003  0
-8.6942052966049985  -8.7654147831160003  -3.149  0
-8.6339379671780012  -8.733834004277  -3.149  0
-8.5697915088650003  -8.5697915088650003  -3.149  0
-8.7406580827559992  -8.6366064249119994  -3.149  0
-8.763809152004999  -8.6958109277169999  -3.149  0
-9.1294556519000007  -8.56377022695  -1.016  0
-9.1294556519000007  -8.56377022695  -0.78400000000000003  0
-10.63484382675  -6.6019101615139997  -1.016  0
-10.63484382675  -6.6019101615139997  -0.78400000000000003  0
-10.666613719139999  -6.2165146043549999  -3.149  0
-10.600226242150001  -6.2016082471140006  -3.149  0
-10.495808199379999  -6.0597576892729998  -3.149  0
-10.67814560872  -6.0800724187700004  -3.149  0
-10.71583107729  -6.1312676394260004  -3.149  0
-11.03484382675  -5.9090898384860004  -1.016  0
-11.03484382675  -5.9090898384860004  -0.78400000000000003  0
-11.981170394659999  -3.6244554037929997  -1.016  0
-11.981170394659999  -3.6244554037929997  -0.78400000000000003  0
-11.91211004414  -3.2439692285840001  -3.149  0
-11.84412661641  -3.2467531365519999  -3.149  0
-11.70655290625  -3.136761397381  -3.149  0
-11.887935157920001  -3.1091915250839999  -3.149  0
-11.937586823409999  -3.1488885939069999  -3.149  0
-12.18822563074  -2.8517147427619998  -1.016  0
-12.18822563074  -2.8517147427619998  -0.78400000000000003  0
-12.510999999999999  -0.40000000000000002  -1.016  0
-12.510999999999999  -0.40000000000000002  -0.78400000000000003  0
-12.345815755309999  -0.050352710796719997  -3.149  0
-12.280869335119998  -0.070637165247009998  -3.149  0
-12.11951537855  0  -3.149  0
-12.287581571839999  0.073575632855090001  -3.149  0
-12.345815755309999  0.048082005502679999  -3.149  0
-12.510999999999999  0.40000000000000002  -1.016  0
-12.510999999999999  0.40000000000000002  -0.78400000000000003  0
-12.18822563074  2.8517147427619998  -1.016  0
-12.18822563074  2.8517147427619998  -0.78400000000000003  0
-11.93817452519  3.146695261019  -3.149  0
-11.880691103730001  3.1102926121359999  -3.149  0
-11.70655290625  3.136761397381  -3.149  0
-11.84984960784  3.2513287330039997  -3.149  0
-11.91269774591  3.2417758956960001  -3.149  0
-11.981170394659999  3.6244554037929997  -1.016  0
-11.981170394659999  3.6244554037929997  -0.78400000000000003  0
-11.03484382675  5.9090898384860004  -1.016  0
-11.03484382675  5.9090898384860004  -0.78400000000000003  0
-10.716966429939999  6.1293011509569997  -3.149  0
-10.67086340739  6.0792610880039994  -3.149  0
-10.495808199379999  6.0597576892729998  -3.149  0
-10.60456997586  6.2075091530739996  -3.149  0
-10.66774907179  6.2145481158860001  -3.149  0
-10.63484382675  6.6019101615139997  -1.016  0
-10.63484382675  6.6019101615139997  -0.78400000000000003  0
-9.1294556519000007  8.56377022695  -1.016  0
-9.1294556519000007  8.56377022695  -0.78400000000000003  0
-8.7654147831160003  8.6942052966049985  -3.149  0
-8.733834004277  8.6339379671780012  -3.149  0
-8.5697915088650003  8.5697915088650003  -3.149  0
-8.6366064249119994  8.7406580827559992  -3.149  0
-8.6958109277169999  8.763809152004999  -3.149  0
-8.56377022695  9.1294556519000007  -1.016  0
-8.56377022695  9.1294556519000007  -0.78400000000000003  0
-6.2016082471140006  10.600226242150001  -3.149  0
-6.0597576892729998  10.495808199379999  -3.149  0
-3.6244554037929997  11.981170394659999  -1.016  0
-3.6244554037929997  11.981170394659999  -0.78400000000000003  0
-3.2439692285840001  11.91211004414  -3.149  0
-3.2467531365519999  11.84412661641  -3.149  0
-3.136761397381  11.70655290625  -3.149  0
-3.1091915250839999  11.887935157920001  -3.149  0
-3.1488885939069999  11.937586823409999  -3.149  0
-2.8517147427619998  12.18822563074  -1.016  0
-2.8517147427619998  12.18822563074  -0.78400000000000003  0
-1.356393708351  3.49234281793  -3.1496  0
-2.346260744876  -2.9208428179300001  -3.1496  0
-1.3563937083499999  -3.49234281793  -3.1496  0
1.3563959151839999  -3.4923419608150001  -3.1496  0
2.346260744876  -2.9208428179300001  -3.1496  0
-2.3462588815799998  2.9208443146810001  -3.1496  0
2.346260744876  2.9208428179300001  -3.1496  0
1.356393708351  3.49234281793  -3.1496  0
-2.7772376725800001  2.5146000000000002  -3.1496  0
-3.715287268839  0.48260000000000003  -3.1496  0
-5.3340000000000005  0.48260000000000003  -1.880302889442  0
-5.3340000000000005  -0.48260000000000003  -1.880302889442  0
-3.715287268839  -0.48260000000000003  -3.1496  0
-2.7772376725800001  -2.5146000000000002  -3.1496  0
3.715287268839  0.48260000000000003  -3.1496  0
5.3340000000000005  0.48260000000000003  -1.880302889442  0
2.7772376725800001  2.5146000000000002  -3.1496  0
2.7772376725800001  -2.5146000000000002  -3.1496  0
3.715287268839  -0.48260000000000003  -3.1496  0
5.3340000000000005  -0.48260000000000003  -1.880302889442  0
-3.715287268839  -0.48260000000000003  -5.1815999999999995  0
3.715287268839  -0.48260000000000003  -5.1815999999999995  0
3.3050514746370001  -0.48260000000000003  1.778  0
-3.3050514746370001  -0.48260000000000003  1.778  0
-3.3050514746370001  -0.48260000000000003  -5.9436  0
-2.375  -0.48260000000000003  -5.9436  0
-2.375  -0.48260000000000003  1.778  0
-3.3050514746370001  0.48260000000000003  1.778  0
-2.375  0.48260000000000003  1.778  0
-2.375  0.48260000000000003  -5.9436  0
-3.3050514746370001  0.48260000000000003  -5.9436  0
-3.715287268839  0.48260000000000003  -5.1815999999999995  0
3.3050514746370001  0.48260000000000003  1.778  0
3.715287268839  0.48260000000000003  -5.1815999999999995  0
3.3050514746370001  0.48260000000000003  -5.9436  0
-0.91500000000000004  2.375  -5.9436  0
-0.91500000000000004  0.91500000000000004  -5.9436  0
0.91500000000000004  2.375  -5.9436  0
0.91500000000000004  0.91500000000000004  -5.9436  0
2.375  0.91500000000000004  -5.9436  0
2.375  0.48260000000000003  -5.9436  0
-2.375  0.91500000000000004  -5.9436  0
3.3050514746370001  -0.48260000000000003  -5.9436  0
2.375  -0.48260000000000003  -5.9436  0
2.375  -0.91500000000000004  -5.9436  0
0.91500000000000004  -0.91500000000000004  -5.9436  0
0.91500000000000004  -2.375  -5.9436  0
-0.91500000000000004  -2.375  -5.9436  0
-0.91500000000000004  -0.91500000000000004  -5.9436  0
-2.375  -0.91500000000000004  -5.9436  0
-0.91500000000000004  0.91500000000000004  1.778  0
-0.91500000000000004  2.375  1.778  0
-2.375  0.91500000000000004  1.778  0
2.375  0.48260000000000003  1.778  0
2.375  0.91500000000000004  1.778  0
0.91500000000000004  0.91500000000000004  1.778  0
0.91500000000000004  2.375  1.778  0
-2.375  -0.91500000000000004  1.778  0
-0.91500000000000004  -0.91500000000000004  1.778  0
-0.91500000000000004  -2.375  1.778  0
0.91500000000000004  -2.375  1.778  0
0.91500000000000004  -0.91500000000000004  1.778  0
2.375  -0.91500000000000004  1.778  0
2.375  -0.48260000000000003  1.778  0
-0.42362920506380392  10.354681080024648  -1.016  0
-1.3924534186035435  10.576733781135806  -1.016  0
-3.0891830594125484  9.8922105718478601  -1.016  0
-4.0824668564710898  9.8559468528302805  -1.016  0
-4.8104668866422582  9.1792314659174696  -1.016  0
-5.5442141933808777  8.7556022608546655  -1.016  0
-6.4942669246649096  8.4634934342269919  -1.016  0
-7.6214162923170186  7.0223141250994514  -1.016  0
-8.4634934342270629  6.4942669246648155  -1.016  0
-9.1792314659175283  4.8104668866417413  -1.016  0
-9.8559468528304475  4.082466856470683  -1.016  0
-10.111497184512443  2.2707942795316227  -1.016  0
-10.576733781135831  1.3924534186033575  -1.016  0
-10.354681080025351  0.42362920506219609  -1.016  0
-10.354681080024648  -0.42362920506380392  -1.016  0
-10.576733781135808  -1.3924534186035438  -1.016  0
-9.8922105718478601  -3.0891830594125484  -1.016  0
-9.8559468528302805  -4.0824668564710898  -1.016  0
-8.7556022608546655  -5.5442141933808777  -1.016  0
-8.4634934342269919  -6.4942669246649096  -1.016  0
-7.6214162923169804  -7.0223141250995482  -1.016  0
-7.0223141250994514  -7.6214162923170186  -1.016  0
-6.4942669246648155  -8.4634934342270629  -1.016  0
-5.544214193381122  -8.7556022608543334  -1.016  0
-4.8104668866417413  -9.1792314659175283  -1.016  0
-4.0824668564706821  -9.8559468528304475  -1.016  0
-3.0891830594134517  -9.8922105718471389  -1.016  0
-2.2707942795316227  -10.111497184512443  -1.016  0
-1.3924534186033575  -10.576733781135831  -1.016  0
-0.42362920506219609  -10.354681080025351  -1.016  0
0.42362920506380392  -10.354681080024648  -1.016  0
1.3924534186035435  -10.576733781135806  -1.016  0
2.2707942795323772  -10.111497184512556  -1.016  0
3.0891830594125484  -9.8922105718478601  -1.016  0
4.0824668564710898  -9.8559468528302805  -1.016  0
5.5442141933808777  -8.7556022608546655  -1.016  0
6.4942669246649096  -8.4634934342269919  -1.016  0
7.6214162923170186  -7.0223141250994514  -1.016  0
8.4634934342270629  -6.4942669246648155  -1.016  0
9.1792314659175283  -4.8104668866417413  -1.016  0
9.8559468528304475  -4.082466856470683  -1.016  0
10.576733781135831  -1.3924534186033575  -1.016  0
10.354681080024648  0.42362920506380392  -1.016  0
10.576733781135808  1.3924534186035438  -1.016  0
9.8559468528302805  4.0824668564710898  -1.016  0
9.1792314659174696  4.8104668866422582  -1.016  0
8.7556022608546655  5.5442141933808777  -1.016  0
8.4634934342269919  6.4942669246649096  -1.016  0
7.6214162923169804  7.0223141250995482  -1.016  0
7.0223141250994514  7.6214162923170186  -1.016  0
6.4942669246648155  8.4634934342270629  -1.016  0
4.0824668564706821  9.8559468528304475  -1.016  0
1.3924534186033575  10.576733781135831  -1.016  0
1.7162486165589539  6.392603074262845  -1.016  0
0.57795839414384054  6.5936975570277694  -1.016  0
-0.57795839414342132  6.5936975570278058  -1.016  0
-1.7162486165585475  6.3926030742629543  -1.016  0
2.9749178197303827  5.7247713077336657  -1.016  0
3.2257999999999298  5.5872494950557252  -1.016  0
3.4703384734882885  5.438740059924446  -1.016  0
5.5363595101221348  3.6276172280982855  -1.016  0
4.7500061752411789  4.6095905147947756  -1.016  0
6.1413082740479155  -1.9767334780163488  -1.016  0
6.2926592801032744  -1.4232293365899054  -1.016  0
6.394230074411384  -0.85846625763217732  -1.016  0
6.4452171468149428  -0.28691199069166318  -1.016  0
6.4452171468149588  0.28691199069129919  -1.016  0
6.394230074411432  0.85846625763181506  -1.016  0
6.2926592801033543  1.4232293365895494  -1.016  0
6.1413082740480274  1.976733478016002  -1.016  0
4.750006175241257  -4.6095905147946956  -1.016  0
5.5363595101222831  -3.6276172280980608  -1.016  0
3.4703389668009006  -5.4387397451526631  -1.016  0
3.2258010135655772  -5.5872489098732023  -1.016  0
2.9749193774998348  -5.7247704982275041  -1.016  0
-1.716248164611073  -6.3926031955991469  -1.016  0
-0.57795746181449537  -6.5936976387493118  -1.016  0
0.57795979263711939  -6.5936974344452723  -1.016  0
1.7162504243482484  -6.3926025889178941  -1.016  0
-2.9749178197303827  -5.7247713077336657  -1.016  0
-3.2257999999999298  -5.5872494950557252  -1.016  0
-3.4703384734882885  -5.438740059924446  -1.016  0
-5.5363595101219847  -3.6276172280985133  -1.016  0
-4.7500061752407978  -4.6095905147951681  -1.016  0
-6.1413082740479155  1.9767334780163488  -1.016  0
-6.2926592801032744  1.4232293365899054  -1.016  0
-6.394230074411384  0.85846625763217732  -1.016  0
-6.4452171468149428  0.28691199069166318  -1.016  0
-6.4452171468149588  -0.28691199069129919  -1.016  0
-6.394230074411432  -0.85846625763181506  -1.016  0
-6.2926592801033543  -1.4232293365895494  -1.016  0
-6.1413082740480274  -1.976733478016002  -1.016  0
-4.7500050704243515  4.6095916532658565  -1.016  0
-5.5363590753924834  3.6276178915694213  -1.016  0
-3.4703369689774854  5.4387410199188704  -1.016  0
-3.2257989696048774  5.587250089954459  -1.016  0
-2.9749172918521776  5.7247715820492706  -1.016  0
0.73673229908742954  11.460250647449589  -1.3207142857138721  0
0.62620618804885908  11.59813913484918  -1.6254285714277441  0
0.51568007701028862  11.73602762224877  -1.9301428571416162  0
0.40515396597171816  11.873916109648361  -2.2348571428554882  0
0.29462785493314769  12.01180459704795  -2.5395714285693605  0
0.18410174389457726  12.149693084447541  -2.8442857142832323  0
0  9.9335030757097265  -1.4426000000003487  0
0  10.480006151419454  -1.8692000000006972  0
0  11.026509227129184  -2.2958000000010457  0
0  11.573012302838912  -2.7224000000013944  0
0.34134700091709391  12.483469292551984  -1.3715000000000215  0
0.2826940018341878  12.455938585103969  -1.7270000000000429  0
0.22404100275128164  12.428407877655955  -2.0825000000000644  0
0.16538800366837553  12.40087717020794  -2.4380000000000859  0
0.10673500458546942  12.373346462759924  -2.7935000000001073  0
0.6236292050622958  11.916681080024734  -1.016  0
1.1154852823130001  10.609520092109999  -0.60960000000000003  0
1.1154852823130001  10.609520092109999  -0.20320000000000005  0
1.1154852823130001  10.609520092109999  0.20319999999999983  0
1.1154852823130001  10.609520092109999  0.60959999999999992  0
0.40883012209583025  12.487532990733756  -0.49293268145860208  0
0.43531062352361333  12.417158179873576  -0.21060143811587584  0
0.47804751761408049  12.30358023851444  0.055191269205477483  0
0.5356465509048437  12.150504546781118  0.29730721462369991  0
0.60635092422540138  11.962599989424772  0.50963550902791777  0
0.70945004027970204  11.688602882084421  0.72777535404750671  0
0.82522544762495464  11.380917152778499  0.88665894587041771  0
0.94921146731541917  11.051410828708555  0.98359001336027274  0
-4.0824668564706821  9.8559468528304475  1.016  0
-3.8234219022690001  9.9593006259100001  -0.60960000000000003  0
-3.8234219022690001  9.9593006259100001  -0.20320000000000005  0
-3.8234219022690001  9.9593006259100001  0.20319999999999983  0
-3.8234219022690001  9.9593006259100001  0.60959999999999992  0
-4.3387214540250003  9.745856562888001  -0.60960000000000003  0
-4.3387214540250003  9.745856562888001  -0.20320000000000005  0
-4.3387214540250003  9.745856562888001  0.20319999999999983  0
-4.3387214540250003  9.745856562888001  0.60959999999999992  0
-6.4942669246648155  8.4634934342270629  1.016  0
-6.2707986380870002  8.6303712805739998  -0.60960000000000003  0
-6.2707986380870002  8.6303712805739998  -0.20320000000000005  0
-6.2707986380870002  8.6303712805739998  0.20319999999999983  0
-6.2707986380870002  8.6303712805739998  0.60959999999999992  0
-6.7132963948300004  8.2908308097049996  -0.60960000000000003  0
-6.7132963948300004  8.2908308097049996  -0.20320000000000005  0
-6.7132963948300004  8.2908308097049996  0.20319999999999983  0
-6.7132963948300004  8.2908308097049996  0.60959999999999992  0
-8.4634934342269919  6.4942669246649096  1.016  0
-8.2908308097049996  6.7132963948300004  -0.60960000000000003  0
-8.2908308097049996  6.7132963948300004  -0.20320000000000005  0
-8.2908308097049996  6.7132963948300004  0.20319999999999983  0
-8.2908308097049996  6.7132963948300004  0.60959999999999992  0
-8.6303712805739998  6.2707986380870002  -0.60960000000000003  0
-8.6303712805739998  6.2707986380870002  -0.20320000000000005  0
-8.6303712805739998  6.2707986380870002  0.20319999999999983  0
-8.6303712805739998  6.2707986380870002  0.60959999999999992  0
-9.8559468528302805  4.0824668564710898  1.016  0
-9.745856562888001  4.3387214540250003  -0.60960000000000003  0
-9.745856562888001  4.3387214540250003  -0.20320000000000005  0
-9.745856562888001  4.3387214540250003  0.20319999999999983  0
-9.745856562888001  4.3387214540250003  0.60959999999999992  0
-9.9593006259100001  3.8234219022690001  -0.60960000000000003  0
-9.9593006259100001  3.8234219022690001  -0.20320000000000005  0
-9.9593006259100001  3.8234219022690001  0.20319999999999983  0
-9.9593006259100001  3.8234219022690001  0.60959999999999992  0
-10.576733781135808  1.3924534186035438  1.016  0
-10.5367182971  1.668469816205  -0.60960000000000003  0
-10.5367182971  1.668469816205  -0.20320000000000005  0
-10.5367182971  1.668469816205  0.20319999999999983  0
-10.5367182971  1.668469816205  0.60959999999999992  0
-10.609520092109999  1.1154852823130001  -0.60960000000000003  0
-10.609520092109999  1.1154852823130001  -0.20320000000000005  0
-10.609520092109999  1.1154852823130001  0.20319999999999983  0
-10.609520092109999  1.1154852823130001  0.60959999999999992  0
-10.576733781135831  -1.3924534186033575  1.016  0
-10.609520092109999  -1.1154852823130001  -0.60960000000000003  0
-10.609520092109999  -1.1154852823130001  -0.20320000000000005  0
-10.609520092109999  -1.1154852823130001  0.20319999999999983  0
-10.609520092109999  -1.1154852823130001  0.60959999999999992  0
-10.5367182971  -1.668469816205  -0.60960000000000003  0
-10.5367182971  -1.668469816205  -0.20320000000000005  0
-10.5367182971  -1.668469816205  0.20319999999999983  0
-10.5367182971  -1.668469816205  0.60959999999999992  0
-9.8559468528304475  -4.082466856470683  1.016  0
-9.9593006259100001  -3.8234219022690001  -0.60960000000000003  0
-9.9593006259100001  -3.8234219022690001  -0.20320000000000005  0
-9.9593006259100001  -3.8234219022690001  0.20319999999999983  0
-9.9593006259100001  -3.8234219022690001  0.60959999999999992  0
-9.745856562888001  -4.3387214540250003  -0.60960000000000003  0
-9.745856562888001  -4.3387214540250003  -0.20320000000000005  0
-9.745856562888001  -4.3387214540250003  0.20319999999999983  0
-9.745856562888001  -4.3387214540250003  0.60959999999999992  0
-8.4634934342270629  -6.4942669246648155  1.016  0
-8.6303712805739998  -6.2707986380870002  -0.60960000000000003  0
-8.6303712805739998  -6.2707986380870002  -0.20320000000000005  0
-8.6303712805739998  -6.2707986380870002  0.20319999999999983  0
-8.6303712805739998  -6.2707986380870002  0.60959999999999992  0
-8.2908308097049996  -6.7132963948300004  -0.60960000000000003  0
-8.2908308097049996  -6.7132963948300004  -0.20320000000000005  0
-8.2908308097049996  -6.7132963948300004  0.20319999999999983  0
-8.2908308097049996  -6.7132963948300004  0.60959999999999992  0
-6.4942669246649096  -8.4634934342269919  1.016  0
-6.7132963948300004  -8.2908308097049996  -0.60960000000000003  0
-6.7132963948300004  -8.2908308097049996  -0.20320000000000005  0
-6.7132963948300004  -8.2908308097049996  0.20319999999999983  0
-6.7132963948300004  -8.2908308097049996  0.60959999999999992  0
-6.2707986380870002  -8.6303712805739998  -0.60960000000000003  0
-6.2707986380870002  -8.6303712805739998  -0.20320000000000005  0
-6.2707986380870002  -8.6303712805739998  0.20319999999999983  0
-6.2707986380870002  -8.6303712805739998  0.60959999999999992  0
-4.0824668564710898  -9.8559468528302805  1.016  0
-4.3387214540250003  -9.745856562888001  -0.60960000000000003  0
-4.3387214540250003  -9.745856562888001  -0.20320000000000005  0
-4.3387214540250003  -9.745856562888001  0.20319999999999983  0
-4.3387214540250003  -9.745856562888001  0.60959999999999992  0
-3.8234219022690001  -9.9593006259100001  -0.60960000000000003  0
-3.8234219022690001  -9.9593006259100001  -0.20320000000000005  0
-3.8234219022690001  -9.9593006259100001  0.20319999999999983  0
-3.8234219022690001  -9.9593006259100001  0.60959999999999992  0
-1.3924534186035435  -10.576733781135806  1.016  0
-1.668469816205  -10.5367182971  -0.60960000000000003  0
-1.668469816205  -10.5367182971  -0.20320000000000005  0
-1.668469816205  -10.5367182971  0.20319999999999983  0
-1.668469816205  -10.5367182971  0.60959999999999992  0
-1.1154852823130001  -10.609520092109999  -0.60960000000000003  0
-1.1154852823130001  -10.609520092109999  -0.20320000000000005  0
-1.1154852823130001  -10.609520092109999  0.20319999999999983  0
-1.1154852823130001  -10.609520092109999  0.60959999999999992  0
1.3924534186033575  -10.576733781135831  1.016  0
1.1154852823130001  -10.609520092109999  -0.60960000000000003  0
1.1154852823130001  -10.609520092109999  -0.20320000000000005  0
1.1154852823130001  -10.609520092109999  0.20319999999999983  0
1.1154852823130001  -10.609520092109999  0.60959999999999992  0
1.668469816205  -10.5367182971  -0.60960000000000003  0
1.668469816205  -10.5367182971  -0.20320000000000005  0
1.668469816205  -10.5367182971  0.20319999999999983  0
1.668469816205  -10.5367182971  0.60959999999999992  0
4.0824668564706821  -9.8559468528304475  1.016  0
3.8234219022690001  -9.9593006259100001  -0.60960000000000003  0
3.8234219022690001  -9.9593006259100001  -0.20320000000000005  0
3.8234219022690001  -9.9593006259100001  0.20319999999999983  0
3.8234219022690001  -9.9593006259100001  0.60959999999999992  0
4.3387214540250003  -9.745856562888001  -0.60960000000000003  0
4.3387214540250003  -9.745856562888001  -0.20320000000000005  0
4.3387214540250003  -9.745856562888001  0.20319999999999983  0
4.3387214540250003  -9.745856562888001  0.60959999999999992  0
6.4942669246648155  -8.4634934342270629  1.016  0
6.2707986380870002  -8.6303712805739998  -0.60960000000000003  0
6.2707986380870002  -8.6303712805739998  -0.20320000000000005  0
6.2707986380870002  -8.6303712805739998  0.20319999999999983  0
6.2707986380870002  -8.6303712805739998  0.60959999999999992  0
6.7132963948300004  -8.2908308097049996  -0.60960000000000003  0
6.7132963948300004  -8.2908308097049996  -0.20320000000000005  0
6.7132963948300004  -8.2908308097049996  0.20319999999999983  0
6.7132963948300004  -8.2908308097049996  0.60959999999999992  0
8.4634934342269919  -6.4942669246649096  1.016  0
8.2908308097049996  -6.7132963948300004  -0.60960000000000003  0
8.2908308097049996  -6.7132963948300004  -0.20320000000000005  0
8.2908308097049996  -6.7132963948300004  0.20319999999999983  0
8.2908308097049996  -6.7132963948300004  0.60959999999999992  0
8.6303712805739998  -6.2707986380870002  -0.60960000000000003  0
8.6303712805739998  -6.2707986380870002  -0.20320000000000005  0
8.6303712805739998  -6.2707986380870002  0.20319999999999983  0
8.6303712805739998  -6.2707986380870002  0.60959999999999992  0
9.8559468528302805  -4.0824668564710898  1.016  0
9.745856562888001  -4.3387214540250003  -0.60960000000000003  0
9.745856562888001  -4.3387214540250003  -0.20320000000000005  0
9.745856562888001  -4.3387214540250003  0.20319999999999983  0
9.745856562888001  -4.3387214540250003  0.60959999999999992  0
9.9593006259100001  -3.8234219022690001  -0.60960000000000003  0
9.9593006259100001  -3.8234219022690001  -0.20320000000000005  0
9.9593006259100001  -3.8234219022690001  0.20319999999999983  0
9.9593006259100001  -3.8234219022690001  0.60959999999999992  0
10.576733781135808  -1.3924534186035438  1.016  0
10.5367182971  -1.668469816205  -0.60960000000000003  0
10.5367182971  -1.668469816205  -0.20320000000000005  0
10.5367182971  -1.668469816205  0.20319999999999983  0
10.5367182971  -1.668469816205  0.60959999999999992  0
10.609520092109999  -1.1154852823130001  -0.60960000000000003  0
10.609520092109999  -1.1154852823130001  -0.20320000000000005  0
10.609520092109999  -1.1154852823130001  0.20319999999999983  0
10.609520092109999  -1.1154852823130001  0.60959999999999992  0
10.576733781135831  1.3924534186033575  1.016  0
10.609520092109999  1.1154852823130001  -0.60960000000000003  0
10.609520092109999  1.1154852823130001  -0.20320000000000005  0
10.609520092109999  1.1154852823130001  0.20319999999999983  0
10.609520092109999  1.1154852823130001  0.60959999999999992  0
10.5367182971  1.668469816205  -0.60960000000000003  0
10.5367182971  1.668469816205  -0.20320000000000005  0
10.5367182971  1.668469816205  0.20319999999999983  0
10.5367182971  1.668469816205  0.60959999999999992  0
9.8559468528304475  4.082466856470683  1.016  0
9.9593006259100001  3.8234219022690001  -0.60960000000000003  0
9.9593006259100001  3.8234219022690001  -0.20320000000000005  0
9.9593006259100001  3.8234219022690001  0.20319999999999983  0
9.9593006259100001  3.8234219022690001  0.60959999999999992  0
9.745856562888001  4.3387214540250003  -0.60960000000000003  0
9.745856562888001  4.3387214540250003  -0.20320000000000005  0
9.745856562888001  4.3387214540250003  0.20319999999999983  0
9.745856562888001  4.3387214540250003  0.60959999999999992  0
8.4634934342270629  6.4942669246648155  1.016  0
8.6303712805739998  6.2707986380870002  -0.60960000000000003  0
8.6303712805739998  6.2707986380870002  -0.20320000000000005  0
8.6303712805739998  6.2707986380870002  0.20319999999999983  0
8.6303712805739998  6.2707986380870002  0.60959999999999992  0
8.2908308097049996  6.7132963948300004  -0.60960000000000003  0
8.2908308097049996  6.7132963948300004  -0.20320000000000005  0
8.2908308097049996  6.7132963948300004  0.20319999999999983  0
8.2908308097049996  6.7132963948300004  0.60959999999999992  0
6.4942669246649096  8.4634934342269919  1.016  0
6.7132963948300004  8.2908308097049996  -0.60960000000000003  0
6.7132963948300004  8.2908308097049996  -0.20320000000000005  0
6.7132963948300004  8.2908308097049996  0.20319999999999983  0
6.7132963948300004  8.2908308097049996  0.60959999999999992  0
6.2707986380870002  8.6303712805739998  -0.60960000000000003  0
6.2707986380870002  8.6303712805739998  -0.20320000000000005  0
6.2707986380870002  8.6303712805739998  0.20319999999999983  0
6.2707986380870002  8.6303712805739998  0.60959999999999992  0
4.0824668564710898  9.8559468528302805  1.016  0
4.3387214540250003  9.745856562888001  -0.60960000000000003  0
4.3387214540250003  9.745856562888001  -0.20320000000000005  0
4.3387214540250003  9.745856562888001  0.20319999999999983  0
4.3387214540250003  9.745856562888001  0.60959999999999992  0
3.8234219022690001  9.9593006259100001  -0.60960000000000003  0
3.8234219022690001  9.9593006259100001  -0.20320000000000005  0
3.8234219022690001  9.9593006259100001  0.20319999999999983  0
3.8234219022690001  9.9593006259100001  0.60959999999999992  0
-1.668469816205  10.5367182971  -0.60960000000000003  0
-1.668469816205  10.5367182971  -0.20320000000000005  0
-1.668469816205  10.5367182971  0.20319999999999983  0
-1.668469816205  10.5367182971  0.60959999999999992  0
-1.3924534186033575  10.576733781135831  1.016  0
-1.1154852823130001  10.609520092109999  -0.60960000000000003  0
-1.1154852823130001  10.609520092109999  -0.20320000000000005  0
-1.1154852823130001  10.609520092109999  0.20319999999999983  0
-1.1154852823130001  10.609520092109999  0.60959999999999992  0
1.3924534186035435  10.576733781135806  1.016  0
1.668469816205  10.5367182971  -0.60960000000000003  0
1.668469816205  10.5367182971  -0.20320000000000005  0
1.668469816205  10.5367182971  0.20319999999999983  0
1.668469816205  10.5367182971  0.60959999999999992  0
-5.4182618058841285  10.631963146631062  -1.016  0
-5.8897092237998923  11.018935861621292  -0.49293268145867974  0
-5.8315890314287717  10.971229738341606  -0.21060143811628207  0
-5.73778882478776  10.894236802858865  0.055191269204538825  0
-5.6113687528576843  10.790468881760935  0.29730721462247173  0
-5.45618469072501  10.663090948264532  0.5096355090269522  0
-5.229899683443425  10.477352050773547  0.72777535404753912  0
-4.9757923748954136  10.268776096486661  0.88665894587118554  0
-4.7036641700949033  10.045408258978966  0.98359001336058849  0
-5.092096436924928  10.293234343968271  -1.3207142857143102  0
-5.2567591005658567  10.357386221426545  -1.6254285714286205  0
-5.4214217642067846  10.421538098884817  -1.9301428571429307  0
-5.5860844278477124  10.485689976343091  -2.234857142857241  0
-5.7507470914886412  10.549841853801363  -2.5395714285715512  0
-5.915409755129569  10.613993731259637  -2.8442857142858613  0
-5.9461194719759369  10.981675035174385  -1.3715000000001638  0
-5.9831491054658734  10.92850624359877  -1.7270000000003278  0
-6.0201787389558099  10.875337452023155  -2.0825000000004916  0
-6.0572083724457464  10.82216866044754  -2.4380000000006556  0
-6.0942380059356829  10.768999868871925  -2.7935000000008192  0
-6.25550000000006  10.834843826750104  -1.016  0
-6.5376775686542477  10.640138808816136  -1.3714999999999979  0
-6.4734449757944956  10.645433790882274  -1.7269999999999956  0
-6.4092123829347436  10.65072877294841  -2.0824999999999934  0
-6.3449797900749925  10.656023755014548  -2.4379999999999913  0
-6.2807471972152404  10.661318737080684  -2.7934999999999892  0
-6.2554999999999401  10.834843826749896  -0.78400000000000003  0
-6.3477466586138522  9.0961967916625461  0.98359001336048968  0
-6.4051247778825111  9.4435506488599295  0.8866589458705979  0
-6.4587031986397587  9.7679020104932146  0.72777535404694571  0
-6.5064152986987285  10.056740024040367  0.50963550902707677  0
-6.5391357939230348  10.254822330857838  0.2973072146227218  0
-6.5657914137271884  10.416189285245993  0.0551912692045151  0
-6.5855691484461554  10.535919114818284  -0.21060143811653623  0
-6.5978237669347148  10.610105739525361  -0.49293268145878144  0
-4.6091242409591962  9.7069183453342927  1.016  0
-4.7957181807193923  9.5991882839845868  1.016  0
-4.9823121204795884  9.4914582226348791  1.016  0
-5.1689060602397845  9.3837281612851733  1.016  0
-5.3554999999999806  9.2759980999354656  1.016  0
-5.5420939397601767  9.1682680385857598  1.016  0
-5.7286878795203728  9.0605379772360521  1.016  0
-5.915281819280569  8.9528079158863463  1.016  0
-6.1018757590407651  8.8450778545366386  1.016  0
0.76950043821214287  10.711  1.016  0
0.46170026292728572  10.711  1.016  0
0.15390008764242857  10.711  1.016  0
-0.15390008764242857  10.711  1.016  0
-0.46170026292728572  10.711  1.016  0
-0.76950043821214287  10.711  1.016  0
3.6046847802961337  10.122970792524752  1.016  0
3.3965662832452677  10.178735975739505  1.016  0
3.1884477861944012  10.234501158954256  1.016  0
2.9803292891435347  10.290266342169009  1.016  0
2.7722107920926682  10.346031525383761  1.016  0
2.5640922950418017  10.401796708598514  1.016  0
2.3559737979909356  10.457561891813265  1.016  0
2.1478553009400692  10.513327075028018  1.016  0
1.9397368038892027  10.569092258242771  1.016  0
6.0219069277150057  8.8912478808294377  1.016  0
5.7553441566290111  9.045147968471877  1.016  0
5.4887813855430174  9.1990480561143144  1.016  0
5.2222186144570228  9.3529481437567537  1.016  0
4.9556558433710283  9.5068482313991929  1.016  0
4.6890930722850337  9.6607483190416303  1.016  0
8.183233988632999  6.9644074779449996  1.016  0
8.0308806747970003  7.1167607917810001  1.016  0
7.8785273609609998  7.2691141056169997  1.016  0
7.7261740471249993  7.4214674194530001  1.016  0
7.5738207332889997  7.5738207332889997  1.016  0
7.4214674194530001  7.7261740471249993  1.016  0
7.2691141056169997  7.8785273609609998  1.016  0
7.1167607917810001  8.0308806747970003  1.016  0
6.9644074779449996  8.183233988632999  1.016  0
9.6607483190415628  4.6890930722849946  1.016  0
9.5068482313991236  4.9556558433709892  1.016  0
9.3529481437566862  5.2222186144569829  1.016  0
9.1990480561142469  5.4887813855429775  1.016  0
9.0451479684718077  5.755344156628972  1.016  0
8.8912478808293702  6.0219069277149666  1.016  0
10.569092258245247  1.9397368038898664  1.016  0
10.513327075030496  2.1478553009407326  1.016  0
10.457561891815743  2.3559737979915991  1.016  0
10.40179670860099  2.5640922950424652  1.016  0
10.346031525386238  2.7722107920933317  1.016  0
10.290266342171487  2.9803292891441981  1.016  0
10.234501158956734  3.1884477861950642  1.016  0
10.178735975741981  3.3965662832459307  1.016  0
10.122970792527228  3.6046847802967967  1.016  0
10.711  -0.86184049079760006  1.016  0
10.711  -0.64638036809819999  1.016  0
10.711  -0.43092024539879992  1.016  0
10.711  -0.21546012269939996  1.016  0
10.711  0  1.016  0
10.711  0.21546012269940018  1.016  0
10.711  0.43092024539880014  1.016  0
10.711  0.6463803680982001  1.016  0
10.711  0.86184049079760006  1.016  0
10.122970792524752  -3.6046847802961337  1.016  0
10.178735975739503  -3.3965662832452677  1.016  0
10.234501158954256  -3.1884477861944012  1.016  0
10.290266342169009  -2.9803292891435351  1.016  0
10.346031525383761  -2.7722107920926686  1.016  0
10.401796708598512  -2.5640922950418021  1.016  0
10.457561891813265  -2.3559737979909361  1.016  0
10.513327075028018  -2.1478553009400696  1.016  0
10.569092258242771  -1.9397368038892033  1.016  0
8.8912478808294377  -6.0219069277150057  1.016  0
9.045147968471877  -5.7553441566290111  1.016  0
9.1990480561143144  -5.4887813855430174  1.016  0
9.3529481437567537  -5.2222186144570228  1.016  0
9.5068482313991929  -4.9556558433710283  1.016  0
9.6607483190416303  -4.6890930722850337  1.016  0
7.0297017553032859  -8.1179397112747136  1.016  0
7.2473493464975709  -7.9002921200804286  1.016  0
7.4649969376918568  -7.6826445288861427  1.016  0
7.6826445288861427  -7.4649969376918568  1.016  0
7.9002921200804286  -7.2473493464975709  1.016  0
8.1179397112747136  -7.0297017553032859  1.016  0
4.6890930722849946  -9.6607483190415628  1.016  0
4.9556558433709892  -9.5068482313991236  1.016  0
5.2222186144569829  -9.3529481437566862  1.016  0
5.4887813855429775  -9.1990480561142469  1.016  0
5.755344156628972  -9.0451479684718077  1.016  0
6.0219069277149666  -8.8912478808293702  1.016  0
2.0289304454830948  -10.545192894010354  1.016  0
2.3262425841271899  -10.465528346560708  1.016  0
2.6235547227712845  -10.385863799111061  1.016  0
2.9208668614153792  -10.306199251661415  1.016  0
3.2181790000594739  -10.226534704211769  1.016  0
3.5154911387035686  -10.146870156762123  1.016  0
-0.76950043821214287  -10.711  1.016  0
-0.46170026292728572  -10.711  1.016  0
-0.15390008764242857  -10.711  1.016  0
0.15390008764242857  -10.711  1.016  0
0.46170026292728572  -10.711  1.016  0
0.76950043821214287  -10.711  1.016  0
-3.6046847802961337  -10.122970792524752  1.016  0
-3.3965662832452677  -10.178735975739505  1.016  0
-3.1884477861944012  -10.234501158954256  1.016  0
-2.9803292891435347  -10.290266342169009  1.016  0
-2.7722107920926682  -10.346031525383761  1.016  0
-2.5640922950418017  -10.401796708598514  1.016  0
-2.3559737979909356  -10.457561891813265  1.016  0
-2.1478553009400692  -10.513327075028018  1.016  0
-1.9397368038892027  -10.569092258242771  1.016  0
-6.0219069277150057  -8.8912478808294377  1.016  0
-5.7553441566290111  -9.045147968471877  1.016  0
-5.4887813855430174  -9.1990480561143144  1.016  0
-5.2222186144570228  -9.3529481437567537  1.016  0
-4.9556558433710283  -9.5068482313991929  1.016  0
-4.6890930722850337  -9.6607483190416303  1.016  0
-8.1179397112747136  -7.0297017553032859  1.016  0
-7.9002921200804286  -7.2473493464975709  1.016  0
-7.6826445288861427  -7.4649969376918568  1.016  0
-7.4649969376918568  -7.6826445288861427  1.016  0
-7.2473493464975709  -7.9002921200804286  1.016  0
-7.0297017553032859  -8.1179397112747136  1.016  0
-9.6607483190415628  -4.6890930722849946  1.016  0
-9.5068482313991236  -4.9556558433709892  1.016  0
-9.3529481437566862  -5.2222186144569829  1.016  0
-9.1990480561142469  -5.4887813855429775  1.016  0
-9.0451479684718077  -5.755344156628972  1.016  0
-8.8912478808293702  -6.0219069277149666  1.016  0
-10.545192894010354  -2.0289304454830948  1.016  0
-10.465528346560708  -2.3262425841271894  1.016  0
-10.385863799111061  -2.6235547227712841  1.016  0
-10.306199251661415  -2.9208668614153792  1.016  0
-10.226534704211769  -3.2181790000594734  1.016  0
-10.146870156762123  -3.5154911387035686  1.016  0
-10.711  0.86184049079760006  1.016  0
-10.711  0.64638036809819999  1.016  0
-10.711  0.43092024539879992  1.016  0
-10.711  0.21546012269939996  1.016  0
-10.711  0  1.016  0
-10.711  -0.21546012269940018  1.016  0
-10.711  -0.43092024539880014  1.016  0
-10.711  -0.6463803680982001  1.016  0
-10.711  -0.86184049079760006  1.016  0
-10.122970792524752  3.6046847802961337  1.016  0
-10.178735975739503  3.3965662832452677  1.016  0
-10.234501158954256  3.1884477861944012  1.016  0
-10.290266342169009  2.9803292891435351  1.016  0
-10.346031525383761  2.7722107920926686  1.016  0
-10.401796708598512  2.5640922950418021  1.016  0
-10.457561891813265  2.3559737979909361  1.016  0
-10.513327075028018  2.1478553009400696  1.016  0
-10.569092258242771  1.9397368038892033  1.016  0
-8.8912478808294377  6.0219069277150057  1.016  0
-9.045147968471877  5.7553441566290111  1.016  0
-9.1990480561143144  5.4887813855430174  1.016  0
-9.3529481437567537  5.2222186144570228  1.016  0
-9.5068482313991929  4.9556558433710283  1.016  0
-9.6607483190416303  4.6890930722850337  1.016  0
-7.0297017553032859  8.1179397112747136  1.016  0
-7.2473493464975709  7.9002921200804286  1.016  0
-7.4649969376918568  7.6826445288861427  1.016  0
-7.6826445288861427  7.4649969376918568  1.016  0
-7.9002921200804286  7.2473493464975709  1.016  0
-8.1179397112747136  7.0297017553032859  1.016  0
-1.9397368038898664  10.569092258245247  1.016  0
-2.1478553009407326  10.513327075030494  1.016  0
-2.3559737979915991  10.457561891815743  1.016  0
-2.5640922950424656  10.40179670860099  1.016  0
-2.7722107920933321  10.346031525386238  1.016  0
-2.9803292891441986  10.290266342171485  1.016  0
-3.1884477861950646  10.234501158956734  1.016  0
-3.3965662832459311  10.178735975741981  1.016  0
-3.6046847802967976  10.122970792527228  1.016  0
-9.9426881843143828  0.52992255046860437  1.016  0
-9.9003927387322932  1.0583429778936877  1.016  0
-9.8300335542894821  1.5837634171626964  1.016  0
-9.7318100717385345  2.1046945069554432  1.016  0
-9.6060007162123711  2.6196596115005835  1.016  0
-9.452962107997978  3.1271990062601391  1.016  0
-9.2731280516574426  3.6258740156772999  1.016  0
-9.0670083063617994  4.1142710912585869  1.016  0
-8.8351871409232707  4.5910058184306468  1.016  0
-8.5783216776218474  5.0547268408137604  1.016  0
-8.2971400295207847  5.504119690788329  1.016  0
-7.9924392365510188  5.9379105154961493  1.016  0
-7.66508300621489  6.3548696877147437  1.016  0
-7.3159992653133878  6.753815291369313  1.016  0
-6.9461775296368158  7.133616471802263  1.016  0
-6.5566660990747767  7.4931966413035989  1.016  0
-6.1485690860962432  7.8315365308157503  1.016  0
-5.7230432860228069  8.147677079162456  1.016  0
-5.2812948979666521  8.4407221516118742  1.016  0
-4.8245761057281316  8.7098410800678323  1.016  0
-4.354181528344732  8.9542710176887947  1.016  0
-3.8714445503527593  9.1733191012601267  1.016  0
-3.3777335421640049  9.3663644151901426  1.016  0
-2.8744479812711399  9.5328597515628157  1.016  0
-2.3630144852767176  9.672333161258063  1.016  0
-1.8448827679905817  9.7843892917428104  1.016  0
-1.3215215300585628  9.8687105077406976  1.016  0
-0.79441429577093781  9.9250577916037717  1.016  0
-0.26505520785163628  9.9532714208339925  1.016  0
0.26505520785163506  9.9532714208339925  1.016  0
0.79441429577093658  9.9250577916037717  1.016  0
1.3215215300585617  9.8687105077406976  1.016  0
1.8448827679905786  9.7843892917428121  1.016  0
2.3630144852767141  9.672333161258063  1.016  0
2.8744479812711368  9.5328597515628157  1.016  0
3.3777335421640013  9.3663644151901444  1.016  0
3.8714445503527566  9.1733191012601285  1.016  0
4.3541815283447303  8.9542710176887947  1.016  0
4.8245761057281298  8.7098410800678323  1.016  0
5.2812948979666512  8.440722151611876  1.016  0
5.7230432860228051  8.1476770791624578  1.016  0
6.1485690860962423  7.8315365308157512  1.016  0
6.5566660990747749  7.4931966413035997  1.016  0
6.946177529636814  7.1336164718022657  1.016  0
7.3159992653133861  6.7538152913693148  1.016  0
7.6650830062148883  6.3548696877147464  1.016  0
7.9924392365510162  5.9379105154961529  1.016  0
8.2971400295207829  5.5041196907883325  1.016  0
8.5783216776218474  5.054726840813764  1.016  0
8.8351871409232707  4.5910058184306504  1.016  0
9.0670083063617977  4.1142710912585914  1.016  0
9.2731280516574408  3.6258740156773031  1.016  0
9.452962107997978  3.1271990062601436  1.016  0
9.6060007162123711  2.6196596115005835  1.016  0
9.7318100717385345  2.1046945069554437  1.016  0
9.8300335542894821  1.5837634171626971  1.016  0
9.9003927387322932  1.0583429778936886  1.016  0
9.9426881843143828  0.52992255046860537  1.016  0
9.9421974950328682  -0.53905028500328522  1.016  0
9.8984328117945264  -1.0765194426435034  1.016  0
9.8256343196414662  -1.6108309832765677  1.016  0
9.7240155490941902  -2.1404176790931246  1.016  0
9.5938745655153976  -2.6637261610677463  1.016  0
9.4355930948329263  -3.1792214752579255  1.016  0
9.249635403871828  -3.6853915850884595  1.016  0
9.0365469385797841  -4.1807518064152429  1.016  0
8.7969527241401604  -4.6638491623596705  1.016  0
8.5315555316654521  -5.1332666451401705  1.016  0
8.2411338168485262  -5.5876273724001697  1.016  0
7.9265394366179533  -6.0255986258412806  1.016  0
7.5886951504948499  -6.4458957603157012  1.016  0
7.228591913980229  -6.8472859719117647  1.016  0
6.8472859719117638  -7.2285919139802299  1.016  0
6.4458957603157003  -7.5886951504948517  1.016  0
6.0255986258412788  -7.9265394366179542  1.016  0
5.5876273724001679  -8.241133816848528  1.016  0
5.1332666451401687  -8.5315555316654521  1.016  0
4.6638491623596687  -8.7969527241401622  1.016  0
4.1807518064152402  -9.0365469385797859  1.016  0
3.6853915850884569  -9.2496354038718298  1.016  0
3.1792214752579229  -9.4355930948329281  1.016  0
2.663726161067745  -9.5938745655153994  1.016  0
2.1404176790931237  -9.7240155490941902  1.016  0
1.6108309832765666  -9.8256343196414662  1.016  0
1.0765194426435021  -9.8984328117945264  1.016  0
0.53905028500328378  -9.9421974950328682  1.016  0
-1.6011755598300335e-15  -9.9567999999999994  1.016  0
-0.539050285003287  -9.9421974950328682  1.016  0
-1.0765194426435052  -9.8984328117945264  1.016  0
-1.6108309832765699  -9.8256343196414662  1.016  0
-2.1404176790931264  -9.7240155490941902  1.016  0
-2.6637261610677485  -9.5938745655153976  1.016  0
-3.1792214752579278  -9.4355930948329263  1.016  0
-3.6853915850884618  -9.249635403871828  1.016  0
-4.1807518064152429  -9.0365469385797841  1.016  0
-4.6638491623596732  -8.7969527241401586  1.016  0
-5.1332666451401705  -8.5315555316654521  1.016  0
-5.5876273724001724  -8.2411338168485244  1.016  0
-6.0255986258412824  -7.9265394366179525  1.016  0
-6.4458957603157048  -7.5886951504948481  1.016  0
-6.8472859719117656  -7.2285919139802273  1.016  0
-7.2285919139802317  -6.8472859719117611  1.016  0
-7.5886951504948525  -6.4458957603156994  1.016  0
-7.9265394366179569  -6.025598625841277  1.016  0
-8.2411338168485297  -5.5876273724001653  1.016  0
-8.5315555316654521  -5.1332666451401687  1.016  0
-8.7969527241401622  -4.663849162359667  1.016  0
-9.0365469385797859  -4.1807518064152402  1.016  0
-9.2496354038718298  -3.6853915850884555  1.016  0
-9.4355930948329263  -3.1792214752579233  1.016  0
-9.5938745655154012  -2.6637261610677418  1.016  0
-9.724015549094192  -2.140417679093122  1.016  0
-9.8256343196414679  -1.610830983276563  1.016  0
-9.8984328117945264  -1.0765194426435005  1.016  0
-9.94219749503287  -0.53905028500328001  1.016  0
-7.7918974226078905  1.3739217465185194  1.016  0
-7.4349419849201857  2.7060975760070232  1.016  0
-6.8520795972828576  3.9560499999999994  1.016  0
-6.0610202384016656  5.0857998466008674  1.016  0
-5.0857998466008683  6.0610202384016656  1.016  0
-3.9560500000000007  6.8520795972828568  1.016  0
-2.7060975760070241  7.4349419849201848  1.016  0
-1.3739217465185201  7.7918974226078905  1.016  0
-4.844763969766886e-16  7.9120999999999997  1.016  0
1.3739217465185192  7.7918974226078905  1.016  0
2.7060975760070232  7.4349419849201857  1.016  0
3.9560499999999985  6.8520795972828576  1.016  0
5.0857998466008683  6.0610202384016656  1.016  0
6.0610202384016647  5.0857998466008691  1.016  0
6.8520795972828576  3.9560499999999994  1.016  0
7.4349419849201848  2.7060975760070245  1.016  0
7.7918974226078905  1.3739217465185225  1.016  0
7.7918974226078905  -1.3739217465185194  1.016  0
7.4349419849201857  -2.7060975760070232  1.016  0
6.8520795972828576  -3.9560499999999994  1.016  0
6.0610202384016656  -5.0857998466008674  1.016  0
5.0857998466008683  -6.0610202384016656  1.016  0
3.9560500000000007  -6.8520795972828568  1.016  0
2.7060975760070241  -7.4349419849201848  1.016  0
1.3739217465185201  -7.7918974226078905  1.016  0
4.844763969766886e-16  -7.9120999999999997  1.016  0
-1.3739217465185192  -7.7918974226078905  1.016  0
-2.7060975760070232  -7.4349419849201857  1.016  0
-3.9560499999999985  -6.8520795972828576  1.016  0
-5.0857998466008683  -6.0610202384016656  1.016  0
-6.0610202384016647  -5.0857998466008691  1.016  0
-6.8520795972828576  -3.9560499999999994  1.016  0
-7.4349419849201848  -2.7060975760070245  1.016  0
-7.7918974226078905  -1.3739217465185225  1.016  0
-2.0792952122162571  4.7444449514936409  1.016  0
-1.8732489650963602  3.2445647727800742  1.016  0
-3.0691603418960072  4.172946381523996  1.016  0
-4.7500050704243515  4.6095916532658565  1.016  0
-5.5363590753924834  3.6276178915694213  1.016  0
-5.0075575920493334  2.5146000000000002  1.016  0
-3.8923976323146667  2.5146000000000002  1.016  0
-3.542663586313521  1.2189327152095899  1.016  0
-3.225674566468371  1.9055933042596171  1.016  0
-3.2256745664683679  -1.9055933042596216  1.016  0
-3.5426635863134899  -1.2189327152096796  1.016  0
-3.8923976323146672  -2.5146000000000002  1.016  0
-5.0075575920493343  -2.5146000000000002  1.016  0
-5.5363595101219847  -3.6276172280985133  1.016  0
-4.7500061752407978  -4.6095905147951681  1.016  0
-3.0691622487412573  -4.1729449514936405  1.016  0
-1.8732499999998673  -3.2445641752784757  1.016  0
-1.8383280442605785  -4.327077573639051  1.016  0
-2.3202623801711573  -5.161812329348102  1.016  0
-1.716248164611073  -6.3926031955991469  1.016  0
-0.57795746181449537  -6.5936976387493118  1.016  0
0.57795979263711939  -6.5936974344452723  1.016  0
1.7162504243482484  -6.3926025889178941  1.016  0
2.0792973754999924  -4.7444440276580044  1.016  0
1.8732510251304668  -3.2445635834188318  1.016  0
2.8281950807865783  -3.7555775736390506  1.016  0
3.3101294166971571  -4.5903123293481016  1.016  0
4.750006175241257  -4.6095905147946956  1.016  0
5.5363595101222831  -3.6276172280980608  1.016  0
5.0075575920493334  -2.5146000000000002  1.016  0
3.8923976323146667  -2.5146000000000002  1.016  0
3.542663586313521  -1.2189327152095899  1.016  0
3.225674566468371  -1.9055933042596171  1.016  0
3.2256745664683679  1.9055933042596216  1.016  0
3.5426635863134899  1.2189327152096796  1.016  0
3.8923976323146672  2.5146000000000002  1.016  0
5.0075575920493343  2.5146000000000002  1.016  0
5.5363595101221348  3.6276172280982855  1.016  0
4.7500061752411789  4.6095905147947756  1.016  0
3.0691622487421317  4.1729449514934238  1.016  0
1.8732500000000185  3.2445641752783887  1.016  0
1.838328044261351  4.3270775736386566  1.016  0
2.3202623801717017  5.1618123293473133  1.016  0
1.7162486165589539  6.392603074262845  1.016  0
0.57795839414384054  6.5936975570277694  1.016  0
-0.57795839414342132  6.5936975570278058  1.016  0
-1.7162486165585475  6.3926030742629543  1.016  0
0  12.510999999999999  -0.78400000000000003  0
-0.94921146731541928  11.051410828708555  0.98359001336027274  0
-0.82522544762495464  11.380917152778501  0.88665894587041794  0
-0.70945004027970204  11.688602882084421  0.72777535404750682  0
-0.60635092422540127  11.962599989424772  0.50963550902791765  0
-0.53564655090484403  12.150504546781118  0.29730721462370063  0
-0.4780475176140806  12.303580238514437  0.055191269205478288  0
-0.43531062352361344  12.417158179873578  -0.21060143811587495  0
-0.40883012209583031  12.487532990733754  -0.49293268145860109  0
-0.62362920506370423  11.916681080025265  -1.0160000000000102  0
-0.3417254517994649  12.483469292551987  -1.3715000000000268  0
-0.28345090359892983  12.455938585103976  -1.7270000000000536  0
-0.2251763553983947  12.428407877655962  -2.0825000000000804  0
-0.16690180719785958  12.40087717020795  -2.4380000000001072  0
-0.10862725899732446  12.373346462759939  -2.793500000000134  0
-0.71782153597954979  11.482113355895274  -1.3714999999998938  0
-0.58838466183309945  11.64186455174055  -1.7269999999997876  0
-0.45894778768664923  11.801615747585824  -2.0824999999996816  0
-0.32951091354019896  11.9613669434311  -2.4379999999995752  0
-0.20007403939374871  12.121118139276374  -2.7934999999994692  0
0  12.510999999999999  -1.016  0
2.4818844627238135  11.672037134195492  -1.016  0
1.9434477268323853  10.920517141954756  0.98359001336032037  0
2.1484915375019713  11.20670586707606  0.88665894587003768  0
2.3399569201569905  11.473942579016287  0.72777535404578786  0
2.5104586887035203  11.711919446556701  0.50963550902610677  0
2.6273871470301158  11.875121672998658  0.29730721462289916  0
2.722642445217498  12.008073710227531  0.05519126920579355  0
2.7933192492823835  12.106720454964039  -0.21060143811517598  0
2.837111790850793  12.16784364419661  -0.49293268145848484  0
2.9008781624715181  12.146550446480935  -1.3714999999999118  0
2.950041582181036  12.104875262221869  -1.7269999999998236  0
2.9992050018905543  12.063200077962804  -2.0824999999997353  0
3.0483684216000726  12.02152489370374  -2.4379999999996471  0
3.0975318413095905  11.979849709444673  -2.7934999999995589  0
2.2784272542618953  11.276655715329904  -1.3715000000000033  0
2.4448003258367912  11.39746279300981  -1.7270000000000065  0
2.6111733974116866  11.518269870689714  -2.0825000000000098  0
2.7775464689865825  11.639076948369619  -2.438000000000013  0
2.943919540561478  11.759884026049525  -2.7935000000000167  0
2.570979780577836  9.5950271663495883  -1.4426000000004962  0
2.712425184778672  10.122908601324179  -1.8692000000009923  0
2.853870588979508  10.650790036298767  -2.2958000000014884  0
2.9953159931803444  11.178671471273358  -2.7224000000019846  0
3.6777598839568024  10.87907172596538  -1.3207142857144498  0
3.6066880254646043  11.040868039610762  -1.6254285714288998  0
3.5356161669724067  11.202664353256143  -1.9301428571433497  0
3.464544308480209  11.364460666901524  -2.2348571428577997  0
3.3934724499880109  11.526256980546906  -2.5395714285722497  0
3.3224005914958132  11.688053294192287  -2.8442857142866993  0
3.5606754857768363  11.969758286534988  -1.3715000000000002  0
3.4968955677606735  11.958346178409975  -1.7270000000000005  0
3.4331156497445101  11.946934070284964  -2.0825000000000009  0
3.3693357317283468  11.935521962159951  -2.4380000000000011  0
3.3055558137121834  11.92410985403494  -2.7935000000000012  0
3.6866435731210161  11.34922290349  -1.016  0
3.6269109378451971  11.956217600578023  -0.49293268145835056  0
3.6342747967213809  11.881387095156574  -0.21060143811526599  0
3.6461593321310755  11.760618106180232  0.055191269205258159  0
3.6621768215927051  11.597850615361715  0.29730721462269261  0
3.6818387237090731  11.3980491121459  0.50963550902635502  0
3.7105091528910656  11.106704215069328  0.72777535404588123  0
3.7427046822451024  10.779537742377586  0.88665894587030569  0
3.7771834686122627  10.429169130810763  0.98359001336040497  0
3.2380850732777402  12.084698012700898  -0.78400000000000003  0
3.2380850732772593  12.084698012699102  -1.0160000000000049  0
5.418261805885872  10.631963146628937  -1.016  0
4.7036641700949033  10.045408258978966  0.9835900133605886  0
4.9757923748954136  10.268776096486661  0.88665894587118577  0
5.2298996834434242  10.477352050773547  0.72777535404753935  0
5.45618469072501  10.663090948264534  0.50963550902695232  0
5.6113687528576834  10.790468881760933  0.29730721462247256  0
5.7377888247877591  10.894236802858865  0.05519126920453974  0
5.8315890314287717  10.971229738341604  -0.21060143811628104  0
5.8897092237998923  11.018935861621292  -0.4929326814586788  0
5.9457917238977416  10.981864260615595  -1.3715000000000983  0
5.9824936093094836  10.928884694481191  -1.7270000000001964  0
6.0191954947212247  10.875905128346785  -2.0825000000002944  0
6.0558973801329667  10.822925562212381  -2.4380000000003927  0
6.0925992655447079  10.769945996077976  -2.793500000000491  0
5.1194049924039318  10.302712623323723  -1.371499999999956  0
5.3113762115238634  10.376342780137447  -1.7269999999999119  0
5.5033474306437942  10.449972936951172  -2.0824999999998677  0
5.6953186497637258  10.523603093764896  -2.4379999999998239  0
5.8872898688836575  10.59723325057862  -2.7934999999997796  0
4.9667515378547566  8.6026660121357441  -1.442600000000182  0
5.240003075709514  9.075951558946489  -1.8692000000003639  0
5.5132546135642713  9.5492371057572338  -2.2958000000005456  0
5.7865061514190286  10.02252265256798  -2.7224000000007278  0
6.3681542105208733  9.5565020448808582  -1.3207142857141223  0
6.3413800342797471  9.7311800333777185  -1.6254285714282446  0
6.31460585803862  9.9058580218745771  -1.9301428571423667  0
6.2878316817974937  10.080536010371437  -2.2348571428564892  0
6.2610575055563666  10.255213998868296  -2.5395714285706115  0
6.2342833293152404  10.429891987365155  -2.8442857142847333  0
6.5373498205760701  10.640328034257308  -1.3715000000000028  0
6.4727894796381404  10.645812241764617  -1.7270000000000059  0
6.4082291387002108  10.651296449271925  -2.0825000000000089  0
6.3436687977622812  10.656780656779233  -2.4380000000000117  0
6.2791084568243516  10.662264864286541  -2.7935000000000145  0
6.4984192741378042  10.008333941567033  -1.016  0
6.5978237669347157  10.610105739525361  -0.49293268145878161  0
6.5855691484461554  10.535919114818283  -0.21060143811653639  0
6.5657914137271876  10.416189285245991  0.055191269204514837  0
6.5391357939230348  10.254822330857838  0.29730721462272142  0
6.5064152986987285  10.056740024040367  0.50963550902707699  0
6.4587031986397587  9.7679020104932146  0.72777535404694582  0
6.4051247778825111  9.4435506488599295  0.8866589458705979  0
6.3477466586138522  9.0961967916625479  0.98359001336048968  0
6.25550000000006  10.834843826750104  -0.78400000000000003  0
6.2554999999999401  10.834843826749896  -1.015999999999994  0
7.9853935610755711  8.8673384407678437  -1.0160000000000111  0
7.1433336733391766  8.4857214039776974  0.98359001336052798  0
7.4640011848284384  8.6310462048757834  0.88665894587077521  0
7.7634334261234281  8.7667472949129053  0.72777535404698257  0
8.0300807228454634  8.8875904234421093  0.50963550902696431  0
8.2129448514028063  8.9704634683304416  0.297307214623101  0
8.36191437809258  9.0379756609608819  0.055191269205440152  0
8.4724456582393923  9.0880678458715298  -0.21060143811565718  0
8.5409327063515992  9.1191058097266318  -0.49293268145851682  0
8.5855094052258369  9.0687821737694492  -1.3715000000000193  0
8.6072485835016739  9.0081086956388958  -1.7270000000000385  0
8.628987761777509  8.9474352175083443  -2.0825000000000577  0
8.650726940053346  8.8867617393777909  -2.438000000000077  0
8.6724661183291829  8.8260882612472393  -2.7935000000000962  0
7.6115037405304804  8.6266566920763026  -1.3715000000000033  0
7.8159905858599599  8.6480921545166076  -1.7270000000000065  0
8.0204774311894411  8.6695276169569109  -2.0825000000000098  0
8.2249642765189197  8.6909630793972159  -2.438000000000013  0
8.4294511218484001  8.7123985418375192  -2.7935000000000163  0
7.0240473857713628  7.0240473857713628  -1.4426000000000661  0
7.4104834165447269  7.4104834165447269  -1.8692000000001321  0
7.7969194473180901  7.7969194473180901  -2.2958000000001979  0
8.1833554780914533  8.1833554780914533  -2.7224000000002642  0
8.6245693515102779  7.5826725423025874  -1.3207142857142773  0
8.6439174733845547  7.7583281894041738  -1.6254285714285548  0
8.6632655952588333  7.9339838365057611  -1.9301428571428321  0
8.6826137171331101  8.1096394836073475  -2.2348571428571096  0
8.7019618390073887  8.2852951307089349  -2.5395714285713868  0
8.7213099608816673  8.4609507778105222  -2.8442857142856641  0
9.0685145685841899  8.5857770104110873  -1.3715000000000088  0
9.0075734852683791  8.6077837938721746  -1.7270000000000174  0
8.9466324019525665  8.6297905773332619  -2.0825000000000262  0
8.8856913186367557  8.6517973607943492  -2.4380000000000348  0
8.8247502353209448  8.6738041442554366  -2.7935000000000438  0
8.8673384407681564  7.985393561075429  -1.016  0
9.11910580972663  8.5409327063515992  -0.49293268145851749  0
9.0880678458715298  8.4724456582393941  -0.21060143811565804  0
9.0379756609608819  8.3619143780925782  0.055191269205439361  0
8.9704634683304434  8.2129448514028063  0.29730721462310022  0
8.8875904234421093  8.0300807228454616  0.5096355090269642  0
8.7667472949129053  7.7634334261234281  0.72777535404698246  0
8.6310462048757834  7.4640011848284376  0.88665894587077509  0
8.4857214039776991  7.1433336733391766  0.98359001336052787  0
8.8466129394250004  8.8466129394250004  -0.78400000000000003  0
8.8466129394250199  8.8466129394250199  -1.0159999999999938  0
10.008333941566967  6.4984192741381959  -1.016000000000014  0
9.0961967916625461  6.3477466586138522  0.98359001336048968  0
9.4435506488599295  6.4051247778825111  0.8866589458705979  0
9.7679020104932146  6.4587031986397587  0.72777535404694571  0
10.056740024040367  6.5064152986987285  0.50963550902707677  0
10.254822330857838  6.5391357939230348  0.2973072146227218  0
10.416189285245993  6.5657914137271884  0.0551912692045151  0
10.535919114818284  6.5855691484461554  -0.21060143811653623  0
10.610105739525361  6.5978237669347148  -0.49293268145878144  0
10.640138808816136  6.5376775686542477  -1.3714999999999979  0
10.645433790882274  6.4734449757944956  -1.7269999999999956  0
10.65072877294841  6.4092123829347436  -2.0824999999999934  0
10.656023755014548  6.3449797900749925  -2.4379999999999913  0
10.661318737080684  6.2807471972152404  -2.7934999999999892  0
9.5848910873444133  6.3627083634873127  -1.3715000000003335  0
9.7879581183048252  6.3304883402126251  -1.7270000000006669  0
9.9910251492652389  6.2982683169379374  -2.0825000000010001  0
10.194092180225651  6.2660482936632498  -2.4380000000013338  0
10.397159211186064  6.233828270388563  -2.793500000001667  0
8.6026660121357441  4.9667515378547566  -1.442600000000182  0
9.075951558946489  5.240003075709514  -1.8692000000003639  0
9.5492371057572338  5.5132546135642713  -2.2958000000005456  0
10.02252265256798  5.7865061514190286  -2.7224000000007278  0
10.293234343968237  5.0920964369249315  -1.3207142857143157  0
10.357386221426477  5.2567591005658629  -1.6254285714286316  0
10.421538098884715  5.4214217642067934  -1.9301428571429473  0
10.485689976342954  5.5860844278477249  -2.2348571428572632  0
10.549841853801192  5.7507470914886563  -2.5395714285715787  0
10.613993731259432  5.9154097551295877  -2.8442857142858946  0
10.981675035174385  5.9461194719759369  -1.3715000000001638  0
10.92850624359877  5.9831491054658734  -1.7270000000003278  0
10.875337452023155  6.0201787389558099  -2.0825000000004916  0
10.82216866044754  6.0572083724457464  -2.4380000000006556  0
10.768999868871925  6.0942380059356829  -2.7935000000008192  0
10.631963146631062  5.4182618058841285  -1.0159999999999902  0
11.018935861621292  5.8897092237998923  -0.49293268145867974  0
10.971229738341606  5.8315890314287717  -0.21060143811628207  0
10.894236802858865  5.73778882478776  0.055191269204538825  0
10.790468881760935  5.6113687528576843  0.29730721462247173  0
10.663090948264532  5.45618469072501  0.5096355090269522  0
10.477352050773547  5.229899683443425  0.72777535404753912  0
10.268776096486661  4.9757923748954136  0.88665894587118554  0
10.045408258978966  4.7036641700949033  0.98359001336058849  0
11.349222903489999  3.6866435731209837  -1.016  0
10.429169130810763  3.7771834686122627  0.98359001336040497  0
10.779537742377586  3.7427046822451024  0.8866589458703058  0
11.106704215069326  3.7105091528910665  0.72777535404588145  0
11.3980491121459  3.6818387237090731  0.50963550902635513  0
11.597850615361713  3.6621768215927051  0.29730721462269361  0
11.760618106180232  3.6461593321310759  0.0551912692052592  0
11.881387095156574  3.6342747967213804  -0.2106014381152648  0
11.956217600578023  3.6269109378451971  -0.49293268145834956  0
11.969660336239004  3.5610410412580897  -1.3714999999999542  0
11.958150277818008  3.4976266787231798  -1.7269999999999084  0
11.946640219397013  3.4342123161882698  -2.0824999999998624  0
11.935130160976017  3.3707979536533599  -2.4379999999998168  0
11.923620102555022  3.3073835911184504  -2.7934999999997707  0
10.905083946335163  3.665151974799449  -1.371499999999902  0
11.092892480350324  3.5814722071498974  -1.7269999999998038  0
11.280701014365487  3.4977924395003464  -2.0824999999997056  0
11.46850954838065  3.4141126718507948  -2.4379999999996076  0
11.656318082395813  3.3304329042012437  -2.7934999999995096  0
9.5950271663495883  2.570979780577836  -1.4426000000004962  0
10.122908601324179  2.712425184778672  -1.8692000000009923  0
10.650790036298767  2.853870588979508  -2.2958000000014884  0
11.178671471273358  2.9953159931803444  -2.7224000000019846  0
11.260432426259477  2.2545023744580956  -1.3207142857144201  0
11.365016214868955  2.3969505662291919  -1.6254285714288401  0
11.469600003478435  2.5393987580002877  -1.9301428571432602  0
11.574183792087913  2.6818469497713839  -2.2348571428576802  0
11.678767580697391  2.8242951415424797  -2.5395714285721001  0
11.783351369306869  2.966743333313576  -2.8442857142865203  0
12.146452496184938  2.901243717952783  -1.3714999999999997  0
12.104679361629877  2.9507726931435663  -1.7269999999999994  0
12.062906227074814  3.0003016683343495  -2.0824999999999991  0
12.021133092519753  3.0498306435251328  -2.4379999999999988  0
11.979359957964691  3.099359618715916  -2.7934999999999985  0
11.672037134194508  2.4818844627251861  -1.016  0
12.16784364419661  2.837111790850793  -0.49293268145848562  0
12.106720454964039  2.7933192492823835  -0.21060143811517729  0
12.00807371022753  2.7226424452174962  0.055191269205791281  0
11.875121672998654  2.6273871470301144  0.29730721462289678  0
11.711919446556701  2.5104586887035198  0.50963550902610621  0
11.473942579016287  2.3399569201569901  0.72777535404578797  0
11.206705867076062  2.1484915375019713  0.88665894587003768  0
10.920517141954756  1.9434477268323851  0.98359001336032048  0
11.916681080025265  0.62362920506370423  -1.016  0
11.051410828708555  0.94921146731541928  0.98359001336027274  0
11.380917152778501  0.82522544762495464  0.88665894587041794  0
11.688602882084421  0.70945004027970204  0.72777535404750682  0
11.962599989424772  0.60635092422540127  0.50963550902791765  0
12.150504546781118  0.53564655090484403  0.29730721462370063  0
12.303580238514437  0.4780475176140806  0.055191269205478288  0
12.417158179873578  0.43531062352361344  -0.21060143811587495  0
12.487532990733754  0.40883012209583031  -0.49293268145860109  0
12.483469292551987  0.3417254517994649  -1.3715000000000268  0
12.455938585103976  0.28345090359892983  -1.7270000000000536  0
12.428407877655962  0.2251763553983947  -2.0825000000000804  0
12.40087717020795  0.16690180719785958  -2.4380000000001072  0
12.373346462759939  0.10862725899732446  -2.793500000000134  0
11.482113355895274  0.71782153597954979  -1.371499999999894  0
11.64186455174055  0.58838466183309945  -1.7269999999997878  0
11.801615747585824  0.45894778768664918  -2.0824999999996816  0
11.9613669434311  0.3295109135401989  -2.4379999999995756  0
12.121118139276374  0.20007403939374857  -2.7934999999994696  0
9.9335030757097265  0  -1.4426000000003487  0
10.480006151419454  0  -1.8692000000006972  0
11.026509227129184  0  -2.2958000000010457  0
11.573012302838912  0  -2.7224000000013944  0
11.460250647449589  -0.73673229908742954  -1.3207142857138721  0
11.59813913484918  -0.62620618804885908  -1.6254285714277441  0
11.73602762224877  -0.51568007701028862  -1.9301428571416162  0
11.873916109648361  -0.40515396597171816  -2.2348571428554882  0
12.01180459704795  -0.29462785493314769  -2.5395714285693605  0
12.149693084447541  -0.18410174389457726  -2.8442857142832323  0
12.483469292551984  -0.34134700091709391  -1.3715000000000215  0
12.455938585103969  -0.2826940018341878  -1.7270000000000429  0
12.428407877655955  -0.22404100275128164  -2.0825000000000644  0
12.40087717020794  -0.16538800366837553  -2.4380000000000859  0
12.373346462759924  -0.10673500458546942  -2.7935000000001073  0
11.916681080024734  -0.6236292050622958  -1.016  0
12.487532990733754  -0.40883012209583025  -0.49293268145860225  0
12.417158179873576  -0.43531062352361366  -0.21060143811587653  0
12.303580238514437  -0.47804751761408137  0.055191269205475874  0
12.150504546781116  -0.5356465509048447  0.29730721462369819  0
11.962599989424771  -0.60635092422540171  0.5096355090279171  0
11.688602882084421  -0.70945004027970215  0.72777535404750693  0
11.380917152778501  -0.82522544762495476  0.88665894587041805  0
11.051410828708555  -0.94921146731541928  0.98359001336027274  0
12.510999999999999  0  -0.78400000000000003  0
12.510999999999999  0  -1.016  0
11.672037134195492  -2.4818844627238135  -1.0160000000000158  0
10.920517141954756  -1.9434477268323851  0.98359001336032037  0
11.206705867076062  -2.1484915375019709  0.88665894587003768  0
11.473942579016288  -2.3399569201569905  0.72777535404578797  0
11.711919446556701  -2.5104586887035194  0.50963550902610621  0
11.875121672998654  -2.6273871470301149  0.29730721462289755  0
12.00807371022753  -2.7226424452174967  0.055191269205792058  0
12.106720454964039  -2.7933192492823835  -0.21060143811517668  0
12.16784364419661  -2.837111790850793  -0.4929326814584849  0
12.146550446480935  -2.9008781624715181  -1.3714999999999118  0
12.104875262221869  -2.950041582181036  -1.7269999999998236  0
12.063200077962804  -2.9992050018905543  -2.0824999999997353  0
12.02152489370374  -3.0483684216000726  -2.4379999999996471  0
11.979849709444673  -3.0975318413095905  -2.7934999999995589  0
11.276655715329904  -2.2784272542618953  -1.3715000000000033  0
11.39746279300981  -2.4448003258367912  -1.7270000000000065  0
11.518269870689714  -2.6111733974116866  -2.0825000000000098  0
11.639076948369619  -2.7775464689865825  -2.438000000000013  0
11.759884026049525  -2.943919540561478  -2.7935000000000167  0
9.5950271663495883  -2.570979780577836  -1.4426000000004962  0
10.122908601324179  -2.712425184778672  -1.8692000000009923  0
10.650790036298767  -2.853870588979508  -2.2958000000014884  0
11.178671471273358  -2.9953159931803444  -2.7224000000019846  0
10.87907172596538  -3.6777598839568024  -1.3207142857144498  0
11.040868039610762  -3.6066880254646043  -1.6254285714288998  0
11.202664353256143  -3.5356161669724067  -1.9301428571433497  0
11.364460666901524  -3.464544308480209  -2.2348571428577997  0
11.526256980546906  -3.3934724499880109  -2.5395714285722497  0
11.688053294192287  -3.3224005914958132  -2.8442857142866993  0
11.969758286534988  -3.5606754857768363  -1.3715000000000002  0
11.958346178409975  -3.4968955677606735  -1.7270000000000005  0
11.946934070284964  -3.4331156497445101  -2.0825000000000009  0
11.935521962159951  -3.3693357317283468  -2.4380000000000011  0
11.92410985403494  -3.3055558137121834  -2.7935000000000012  0
11.34922290349  -3.6866435731210161  -1.0159999999999905  0
11.956217600578023  -3.6269109378451971  -0.49293268145835056  0
11.881387095156574  -3.6342747967213809  -0.21060143811526599  0
11.760618106180232  -3.6461593321310755  0.055191269205258159  0
11.597850615361715  -3.6621768215927051  0.29730721462269261  0
11.3980491121459  -3.6818387237090731  0.50963550902635502  0
11.106704215069328  -3.7105091528910656  0.72777535404588123  0
10.779537742377586  -3.7427046822451024  0.88665894587030569  0
10.429169130810763  -3.7771834686122627  0.98359001336040497  0
10.631963146628937  -5.418261805885872  -1.016  0
10.045408258978965  -4.7036641700949033  0.98359001336058871  0
10.268776096486661  -4.9757923748954127  0.88665894587118588  0
10.477352050773545  -5.229899683443425  0.72777535404753935  0
10.66309094826453  -5.4561846907250082  0.50963550902695154  0
10.790468881760933  -5.6113687528576817  0.29730721462247073  0
10.894236802858863  -5.7377888247877573  0.055191269204537985  0
10.971229738341604  -5.8315890314287708  -0.21060143811628204  0
11.018935861621292  -5.8897092237998923  -0.49293268145867919  0
10.981864260615595  -5.9457917238977416  -1.3715000000000983  0
10.928884694481191  -5.9824936093094836  -1.7270000000001964  0
10.875905128346785  -6.0191954947212247  -2.0825000000002944  0
10.822925562212381  -6.0558973801329667  -2.4380000000003927  0
10.769945996077976  -6.0925992655447079  -2.793500000000491  0
10.302712623323723  -5.1194049924039318  -1.371499999999956  0
10.376342780137447  -5.3113762115238634  -1.7269999999999119  0
10.449972936951172  -5.5033474306437942  -2.0824999999998677  0
10.523603093764896  -5.6953186497637258  -2.4379999999998239  0
10.59723325057862  -5.8872898688836575  -2.7934999999997796  0
8.6026660121357441  -4.9667515378547566  -1.442600000000182  0
9.075951558946489  -5.240003075709514  -1.8692000000003639  0
9.5492371057572338  -5.5132546135642713  -2.2958000000005456  0
10.02252265256798  -5.7865061514190286  -2.7224000000007278  0
9.5565020448808582  -6.3681542105208733  -1.3207142857141223  0
9.7311800333777185  -6.3413800342797471  -1.6254285714282446  0
9.9058580218745771  -6.31460585803862  -1.9301428571423667  0
10.080536010371437  -6.2878316817974937  -2.2348571428564892  0
10.255213998868296  -6.2610575055563666  -2.5395714285706115  0
10.429891987365155  -6.2342833293152404  -2.8442857142847333  0
10.640328034257308  -6.5373498205760701  -1.3715000000000028  0
10.645812241764617  -6.4727894796381404  -1.7270000000000059  0
10.651296449271925  -6.4082291387002108  -2.0825000000000089  0
10.656780656779233  -6.3436687977622812  -2.4380000000000117  0
10.662264864286541  -6.2791084568243516  -2.7935000000000145  0
10.008333941567033  -6.4984192741378042  -1.016  0
10.610105739525361  -6.5978237669347157  -0.49293268145878161  0
10.535919114818283  -6.5855691484461554  -0.21060143811653639  0
10.416189285245991  -6.5657914137271876  0.055191269204514837  0
10.254822330857838  -6.5391357939230348  0.29730721462272142  0
10.056740024040367  -6.5064152986987285  0.50963550902707699  0
9.7679020104932146  -6.4587031986397587  0.72777535404694582  0
9.4435506488599295  -6.4051247778825111  0.8866589458705979  0
9.0961967916625479  -6.3477466586138522  0.98359001336048968  0
10.834843826750104  -6.25550000000006  -0.78400000000000003  0
10.834843826749896  -6.2554999999999401  -1.0160000000000091  0
8.8673384407678437  -7.9853935610755711  -1.0160000000000069  0
8.4857214039776974  -7.1433336733391766  0.98359001336052798  0
8.6310462048757817  -7.4640011848284376  0.88665894587077554  0
8.7667472949129071  -7.7634334261234272  0.72777535404698268  0
8.8875904234421075  -8.0300807228454616  0.50963550902696375  0
8.9704634683304416  -8.2129448514028045  0.29730721462309945  0
9.0379756609608819  -8.3619143780925764  0.055191269205438667  0
9.0880678458715298  -8.4724456582393906  -0.21060143811565787  0
9.1191058097266318  -8.5409327063515992  -0.49293268145851682  0
9.0687821737694492  -8.5855094052258369  -1.3715000000000193  0
9.0081086956388958  -8.6072485835016739  -1.7270000000000385  0
8.9474352175083443  -8.628987761777509  -2.0825000000000577  0
8.8867617393777909  -8.650726940053346  -2.438000000000077  0
8.8260882612472393  -8.6724661183291829  -2.7935000000000962  0
8.6266566920763026  -7.6115037405304804  -1.3715000000000033  0
8.6480921545166076  -7.8159905858599599  -1.7270000000000065  0
8.6695276169569109  -8.0204774311894411  -2.0825000000000098  0
8.6909630793972159  -8.2249642765189197  -2.438000000000013  0
8.7123985418375192  -8.4294511218484001  -2.7935000000000163  0
7.0240473857713628  -7.0240473857713628  -1.4426000000000661  0
7.4104834165447269  -7.4104834165447269  -1.8692000000001321  0
7.7969194473180901  -7.7969194473180901  -2.2958000000001979  0
8.1833554780914533  -8.1833554780914533  -2.7224000000002642  0
7.5826725423025874  -8.6245693515102779  -1.3207142857142773  0
7.7583281894041738  -8.6439174733845547  -1.6254285714285548  0
7.9339838365057611  -8.6632655952588333  -1.9301428571428321  0
8.1096394836073475  -8.6826137171331101  -2.2348571428571096  0
8.2852951307089349  -8.7019618390073887  -2.5395714285713868  0
8.4609507778105222  -8.7213099608816673  -2.8442857142856641  0
8.5857770104110873  -9.0685145685841899  -1.3715000000000088  0
8.6077837938721746  -9.0075734852683791  -1.7270000000000174  0
8.6297905773332619  -8.9466324019525665  -2.0825000000000262  0
8.6517973607943492  -8.8856913186367557  -2.4380000000000348  0
8.6738041442554366  -8.8247502353209448  -2.7935000000000438  0
7.985393561075429  -8.8673384407681564  -1.016  0
8.5409327063515992  -9.11910580972663  -0.49293268145851749  0
8.4724456582393941  -9.0880678458715298  -0.21060143811565804  0
8.3619143780925782  -9.0379756609608819  0.055191269205439361  0
8.2129448514028063  -8.9704634683304434  0.29730721462310022  0
8.0300807228454616  -8.8875904234421093  0.5096355090269642  0
7.7634334261234281  -8.7667472949129053  0.72777535404698246  0
7.4640011848284376  -8.6310462048757834  0.88665894587077509  0
7.1433336733391766  -8.4857214039776991  0.98359001336052787  0
8.8466129394250004  -8.8466129394250004  -0.78400000000000003  0
8.8466129394250004  -8.8466129394250004  -1.016  0
6.4984192741381959  -10.008333941566967  -1.0160000000000136  0
6.3477466586138522  -9.0961967916625461  0.98359001336048968  0
6.4051247778825111  -9.4435506488599295  0.8866589458705979  0
6.4587031986397587  -9.7679020104932146  0.72777535404694571  0
6.5064152986987285  -10.056740024040367  0.50963550902707677  0
6.5391357939230348  -10.254822330857838  0.2973072146227218  0
6.5657914137271884  -10.416189285245993  0.0551912692045151  0
6.5855691484461554  -10.535919114818284  -0.21060143811653623  0
6.5978237669347148  -10.610105739525361  -0.49293268145878144  0
6.5376775686542477  -10.640138808816136  -1.3714999999999979  0
6.4734449757944956  -10.645433790882274  -1.7269999999999956  0
6.4092123829347436  -10.65072877294841  -2.0824999999999934  0
6.3449797900749925  -10.656023755014548  -2.4379999999999913  0
6.2807471972152404  -10.661318737080684  -2.7934999999999892  0
6.3627083634873127  -9.5848910873444133  -1.3715000000003335  0
6.3304883402126251  -9.7879581183048252  -1.7270000000006669  0
6.2982683169379374  -9.9910251492652389  -2.0825000000010001  0
6.2660482936632498  -10.194092180225651  -2.4380000000013338  0
6.233828270388563  -10.397159211186064  -2.793500000001667  0
4.9667515378547566  -8.6026660121357441  -1.442600000000182  0
5.240003075709514  -9.075951558946489  -1.8692000000003639  0
5.5132546135642713  -9.5492371057572338  -2.2958000000005456  0
5.7865061514190286  -10.02252265256798  -2.7224000000007278  0
5.092096436924928  -10.293234343968271  -1.3207142857143102  0
5.2567591005658567  -10.357386221426545  -1.6254285714286205  0
5.4214217642067846  -10.421538098884817  -1.9301428571429307  0
5.5860844278477124  -10.485689976343091  -2.234857142857241  0
5.7507470914886412  -10.549841853801363  -2.5395714285715512  0
5.915409755129569  -10.613993731259637  -2.8442857142858613  0
5.9461194719759369  -10.981675035174385  -1.3715000000001638  0
5.9831491054658734  -10.92850624359877  -1.7270000000003278  0
6.0201787389558099  -10.875337452023155  -2.0825000000004916  0
6.0572083724457464  -10.82216866044754  -2.4380000000006556  0
6.0942380059356829  -10.768999868871925  -2.7935000000008192  0
5.4182618058841285  -10.631963146631062  -1.016  0
5.8897092237998923  -11.018935861621292  -0.49293268145867974  0
5.8315890314287717  -10.971229738341606  -0.21060143811628207  0
5.73778882478776  -10.894236802858865  0.055191269204538825  0
5.6113687528576843  -10.790468881760935  0.29730721462247173  0
5.45618469072501  -10.663090948264532  0.5096355090269522  0
5.229899683443425  -10.477352050773547  0.72777535404753912  0
4.9757923748954136  -10.268776096486661  0.88665894587118554  0
4.7036641700949033  -10.045408258978966  0.98359001336058849  0
6.2554999999999401  -10.834843826749896  -0.78400000000000003  0
6.25550000000006  -10.834843826750104  -1.0159999999999936  0
3.6866435731209837  -11.349222903489999  -1.0160000000000131  0
3.7771834686122627  -10.429169130810765  0.98359001336040497  0
3.7427046822451024  -10.779537742377586  0.88665894587030569  0
3.7105091528910661  -11.106704215069326  0.72777535404588134  0
3.6818387237090731  -11.3980491121459  0.50963550902635513  0
3.6621768215927051  -11.597850615361713  0.29730721462269361  0
3.6461593321310759  -11.760618106180232  0.0551912692052592  0
3.6342747967213804  -11.881387095156574  -0.2106014381152648  0
3.6269109378451971  -11.956217600578023  -0.49293268145834956  0
3.5610410412580897  -11.969660336239004  -1.3714999999999542  0
3.4976266787231798  -11.958150277818008  -1.7269999999999084  0
3.4342123161882698  -11.946640219397013  -2.0824999999998624  0
3.3707979536533599  -11.935130160976017  -2.4379999999998168  0
3.3073835911184504  -11.923620102555022  -2.7934999999997707  0
3.665151974799449  -10.905083946335163  -1.371499999999902  0
3.5814722071498974  -11.092892480350324  -1.7269999999998038  0
3.4977924395003464  -11.280701014365487  -2.0824999999997056  0
3.4141126718507948  -11.46850954838065  -2.4379999999996076  0
3.3304329042012437  -11.656318082395813  -2.7934999999995096  0
2.570979780577836  -9.5950271663495883  -1.4426000000004962  0
2.712425184778672  -10.122908601324179  -1.8692000000009923  0
2.853870588979508  -10.650790036298767  -2.2958000000014884  0
2.9953159931803444  -11.178671471273358  -2.7224000000019846  0
2.2545023744580956  -11.260432426259477  -1.3207142857144201  0
2.3969505662291919  -11.365016214868955  -1.6254285714288401  0
2.5393987580002877  -11.469600003478435  -1.9301428571432602  0
2.6818469497713839  -11.574183792087913  -2.2348571428576802  0
2.8242951415424797  -11.678767580697391  -2.5395714285721001  0
2.966743333313576  -11.783351369306869  -2.8442857142865203  0
2.901243717952783  -12.146452496184938  -1.3714999999999997  0
2.9507726931435663  -12.104679361629877  -1.7269999999999994  0
3.0003016683343495  -12.062906227074814  -2.0824999999999991  0
3.0498306435251328  -12.021133092519753  -2.4379999999999988  0
3.099359618715916  -11.979359957964691  -2.7934999999999985  0
2.4818844627251861  -11.672037134194508  -1.016  0
2.8371117908507935  -12.16784364419661  -0.4929326814584854  0
2.793319249282384  -12.106720454964039  -0.21060143811517656  0
2.7226424452174984  -12.008073710227533  0.055191269205793127  0
2.6273871470301162  -11.875121672998656  0.29730721462289877  0
2.5104586887035203  -11.711919446556703  0.50963550902610699  0
2.3399569201569905  -11.473942579016287  0.72777535404578775  0
2.1484915375019717  -11.206705867076062  0.88665894587003757  0
1.9434477268323855  -10.920517141954758  0.98359001336032037  0
0.62362920506370423  -11.916681080025265  -1.0159999999999925  0
0.94921146731541928  -11.051410828708555  0.98359001336027274  0
0.82522544762495464  -11.380917152778501  0.88665894587041794  0
0.70945004027970204  -11.688602882084421  0.72777535404750682  0
0.60635092422540127  -11.962599989424772  0.50963550902791765  0
0.53564655090484403  -12.150504546781118  0.29730721462370063  0
0.4780475176140806  -12.303580238514437  0.055191269205478288  0
0.43531062352361344  -12.417158179873578  -0.21060143811587495  0
0.40883012209583031  -12.487532990733754  -0.49293268145860109  0
0.3417254517994649  -12.483469292551987  -1.3715000000000268  0
0.28345090359892983  -12.455938585103976  -1.7270000000000536  0
0.2251763553983947  -12.428407877655962  -2.0825000000000804  0
0.16690180719785958  -12.40087717020795  -2.4380000000001072  0
0.10862725899732446  -12.373346462759939  -2.793500000000134  0
0.71782153597954979  -11.482113355895274  -1.3714999999998938  0
0.58838466183309945  -11.64186455174055  -1.7269999999997876  0
0.45894778768664923  -11.801615747585824  -2.0824999999996816  0
0.32951091354019896  -11.9613669434311  -2.4379999999995752  0
0.20007403939374871  -12.121118139276374  -2.7934999999994692  0
0  -9.9335030757097265  -1.4426000000003487  0
0  -10.480006151419454  -1.8692000000006972  0
0  -11.026509227129184  -2.2958000000010457  0
0  -11.573012302838912  -2.7224000000013944  0
-0.73673229908742954  -11.460250647449589  -1.3207142857138721  0
-0.62620618804885908  -11.59813913484918  -1.6254285714277441  0
-0.51568007701028862  -11.73602762224877  -1.9301428571416162  0
-0.40515396597171816  -11.873916109648361  -2.2348571428554882  0
-0.29462785493314769  -12.01180459704795  -2.5395714285693605  0
-0.18410174389457726  -12.149693084447541  -2.8442857142832323  0
-0.34134700091709391  -12.483469292551984  -1.3715000000000215  0
-0.2826940018341878  -12.455938585103969  -1.7270000000000429  0
-0.22404100275128164  -12.428407877655955  -2.0825000000000644  0
-0.16538800366837553  -12.40087717020794  -2.4380000000000859  0
-0.10673500458546942  -12.373346462759924  -2.7935000000001073  0
-0.6236292050622958  -11.916681080024734  -1.0160000000000087  0
-0.40883012209583025  -12.487532990733756  -0.49293268145860208  0
-0.43531062352361333  -12.417158179873576  -0.21060143811587584  0
-0.47804751761408049  -12.30358023851444  0.055191269205477483  0
-0.5356465509048437  -12.150504546781118  0.29730721462369991  0
-0.60635092422540138  -11.962599989424772  0.50963550902791777  0
-0.70945004027970204  -11.688602882084421  0.72777535404750671  0
-0.82522544762495464  -11.380917152778499  0.88665894587041771  0
-0.94921146731541917  -11.051410828708555  0.98359001336027274  0
0  -12.510999999999999  -0.78400000000000003  0
0  -12.510999999999999  -1.016  0
-2.4818844627238135  -11.672037134195492  -1.0160000000000105  0
-1.9434477268323853  -10.920517141954756  0.98359001336032037  0
-2.1484915375019713  -11.20670586707606  0.88665894587003768  0
-2.3399569201569905  -11.473942579016287  0.72777535404578786  0
-2.5104586887035203  -11.711919446556701  0.50963550902610677  0
-2.6273871470301158  -11.875121672998658  0.29730721462289916  0
-2.722642445217498  -12.008073710227531  0.05519126920579355  0
-2.7933192492823835  -12.106720454964039  -0.21060143811517598  0
-2.837111790850793  -12.16784364419661  -0.49293268145848484  0
-2.9008781624715181  -12.146550446480935  -1.3714999999999118  0
-2.950041582181036  -12.104875262221869  -1.7269999999998236  0
-2.9992050018905543  -12.063200077962804  -2.0824999999997353  0
-3.0483684216000726  -12.02152489370374  -2.4379999999996471  0
-3.0975318413095905  -11.979849709444673  -2.7934999999995589  0
-2.2784272542618953  -11.276655715329904  -1.3715000000000033  0
-2.4448003258367912  -11.39746279300981  -1.7270000000000065  0
-2.6111733974116866  -11.518269870689714  -2.0825000000000098  0
-2.7775464689865825  -11.639076948369619  -2.438000000000013  0
-2.943919540561478  -11.759884026049525  -2.7935000000000167  0
-2.570979780577836  -9.5950271663495883  -1.4426000000004962  0
-2.712425184778672  -10.122908601324179  -1.8692000000009923  0
-2.853870588979508  -10.650790036298767  -2.2958000000014884  0
-2.9953159931803444  -11.178671471273358  -2.7224000000019846  0
-3.6777598839568024  -10.87907172596538  -1.3207142857144498  0
-3.6066880254646043  -11.040868039610762  -1.6254285714288998  0
-3.5356161669724067  -11.202664353256143  -1.9301428571433497  0
-3.464544308480209  -11.364460666901524  -2.2348571428577997  0
-3.3934724499880109  -11.526256980546906  -2.5395714285722497  0
-3.3224005914958132  -11.688053294192287  -2.8442857142866993  0
-3.5606754857768363  -11.969758286534988  -1.3715000000000002  0
-3.4968955677606735  -11.958346178409975  -1.7270000000000005  0
-3.4331156497445101  -11.946934070284964  -2.0825000000000009  0
-3.3693357317283468  -11.935521962159951  -2.4380000000000011  0
-3.3055558137121834  -11.92410985403494  -2.7935000000000012  0
-3.6866435731210161  -11.34922290349  -1.0160000000000089  0
-3.6269109378451971  -11.956217600578023  -0.49293268145835056  0
-3.6342747967213809  -11.881387095156574  -0.21060143811526599  0
-3.6461593321310755  -11.760618106180232  0.055191269205258159  0
-3.6621768215927051  -11.597850615361715  0.29730721462269261  0
-3.6818387237090731  -11.3980491121459  0.50963550902635502  0
-3.7105091528910656  -11.106704215069328  0.72777535404588123  0
-3.7427046822451024  -10.779537742377586  0.88665894587030569  0
-3.7771834686122627  -10.429169130810763  0.98359001336040497  0
-3.2380850732777402  -12.084698012700898  -0.78400000000000003  0
-3.2380850732772593  -12.084698012699102  -1.0159999999999876  0
-5.418261805885872  -10.631963146628937  -1.0160000000000073  0
-4.7036641700949033  -10.045408258978966  0.9835900133605886  0
-4.9757923748954136  -10.268776096486661  0.88665894587118577  0
-5.2298996834434242  -10.477352050773547  0.72777535404753935  0
-5.45618469072501  -10.663090948264534  0.50963550902695232  0
-5.6113687528576834  -10.790468881760933  0.29730721462247256  0
-5.7377888247877591  -10.894236802858865  0.05519126920453974  0
-5.8315890314287717  -10.971229738341604  -0.21060143811628104  0
-5.8897092237998923  -11.018935861621292  -0.4929326814586788  0
-5.9457917238977416  -10.981864260615561  -1.371500000000093  0
-5.9824936093094827  -10.92888469448112  -1.7270000000001859  0
-6.0191954947212238  -10.87590512834668  -2.0825000000002789  0
-6.0558973801329641  -10.822925562212239  -2.4380000000003719  0
-6.0925992655447052  -10.7699459960778  -2.7935000000004648  0
-5.1194049924039318  -10.302712623323723  -1.371499999999956  0
-5.3113762115238634  -10.376342780137447  -1.7269999999999119  0
-5.5033474306437942  -10.449972936951172  -2.0824999999998677  0
-5.6953186497637258  -10.523603093764896  -2.4379999999998239  0
-5.8872898688836575  -10.59723325057862  -2.7934999999997796  0
-4.9667515378547566  -8.6026660121357441  -1.442600000000182  0
-5.240003075709514  -9.075951558946489  -1.8692000000003639  0
-5.5132546135642713  -9.5492371057572338  -2.2958000000005456  0
-5.7865061514190286  -10.02252265256798  -2.7224000000007278  0
-6.3681542105208733  -9.5565020448808582  -1.3207142857141223  0
-6.3413800342797471  -9.7311800333777185  -1.6254285714282446  0
-6.31460585803862  -9.9058580218745771  -1.9301428571423667  0
-6.2878316817974937  -10.080536010371437  -2.2348571428564892  0
-6.2610575055563666  -10.255213998868296  -2.5395714285706115  0
-6.2342833293152404  -10.429891987365155  -2.8442857142847333  0
-6.5373498205760701  -10.640328034257308  -1.3715000000000028  0
-6.4727894796381404  -10.645812241764617  -1.7270000000000059  0
-6.4082291387002108  -10.651296449271925  -2.0825000000000089  0
-6.3436687977622812  -10.656780656779233  -2.4380000000000117  0
-6.2791084568243516  -10.662264864286541  -2.7935000000000145  0
-6.4984192741378042  -10.008333941567033  -1.016  0
-6.5978237669347157  -10.610105739525361  -0.49293268145878161  0
-6.5855691484461554  -10.535919114818283  -0.21060143811653639  0
-6.5657914137271876  -10.416189285245991  0.055191269204514837  0
-6.5391357939230348  -10.254822330857838  0.29730721462272142  0
-6.5064152986987285  -10.056740024040367  0.50963550902707699  0
-6.4587031986397587  -9.7679020104932146  0.72777535404694582  0
-6.4051247778825111  -9.4435506488599295  0.8866589458705979  0
-6.3477466586138522  -9.0961967916625479  0.98359001336048968  0
-6.25550000000006  -10.834843826750104  -0.78400000000000003  0
-6.2554999999999401  -10.834843826749896  -1.0159999999999954  0
-7.9853935610755711  -8.8673384407678437  -1.0159999999999905  0
-7.1433336733391766  -8.4857214039776974  0.98359001336052798  0
-7.4640011848284376  -8.6310462048757817  0.88665894587077554  0
-7.7634334261234272  -8.7667472949129071  0.72777535404698268  0
-8.0300807228454616  -8.8875904234421075  0.50963550902696375  0
-8.2129448514028045  -8.9704634683304416  0.29730721462309945  0
-8.3619143780925764  -9.0379756609608819  0.055191269205438667  0
-8.4724456582393906  -9.0880678458715298  -0.21060143811565787  0
-8.5409327063515992  -9.1191058097266318  -0.49293268145851682  0
-8.5855094052258369  -9.0687821737694492  -1.3715000000000193  0
-8.6072485835016739  -9.0081086956388958  -1.7270000000000385  0
-8.628987761777509  -8.9474352175083443  -2.0825000000000577  0
-8.650726940053346  -8.8867617393777909  -2.438000000000077  0
-8.6724661183291829  -8.8260882612472393  -2.7935000000000962  0
-7.6115037405304804  -8.6266566920763026  -1.3715000000000033  0
-7.8159905858599599  -8.6480921545166076  -1.7270000000000065  0
-8.0204774311894411  -8.6695276169569109  -2.0825000000000098  0
-8.2249642765189197  -8.6909630793972159  -2.438000000000013  0
-8.4294511218484001  -8.7123985418375192  -2.7935000000000163  0
-7.0240473857713628  -7.0240473857713628  -1.4426000000000661  0
-7.4104834165447269  -7.4104834165447269  -1.8692000000001321  0
-7.7969194473180901  -7.7969194473180901  -2.2958000000001979  0
-8.1833554780914533  -8.1833554780914533  -2.7224000000002642  0
-8.6245693515102779  -7.5826725423025874  -1.3207142857142773  0
-8.6439174733845547  -7.7583281894041738  -1.6254285714285548  0
-8.6632655952588333  -7.9339838365057611  -1.9301428571428321  0
-8.6826137171331101  -8.1096394836073475  -2.2348571428571096  0
-8.7019618390073887  -8.2852951307089349  -2.5395714285713868  0
-8.7213099608816673  -8.4609507778105222  -2.8442857142856641  0
-9.0685145685841899  -8.5857770104110873  -1.3715000000000088  0
-9.0075734852683791  -8.6077837938721746  -1.7270000000000174  0
-8.9466324019525665  -8.6297905773332619  -2.0825000000000262  0
-8.8856913186367557  -8.6517973607943492  -2.4380000000000348  0
-8.8247502353209448  -8.6738041442554366  -2.7935000000000438  0
-8.8673384407681564  -7.985393561075429  -1.016  0
-9.11910580972663  -8.5409327063515992  -0.49293268145851749  0
-9.0880678458715298  -8.4724456582393941  -0.21060143811565804  0
-9.0379756609608819  -8.3619143780925782  0.055191269205439361  0
-8.9704634683304434  -8.2129448514028063  0.29730721462310022  0
-8.8875904234421093  -8.0300807228454616  0.5096355090269642  0
-8.7667472949129053  -7.7634334261234281  0.72777535404698246  0
-8.6310462048757834  -7.4640011848284376  0.88665894587077509  0
-8.4857214039776991  -7.1433336733391766  0.98359001336052787  0
-8.8466129394250004  -8.8466129394250004  -0.78400000000000003  0
-8.8466129394250004  -8.8466129394250004  -1.0160000000000087  0
-10.008333941566967  -6.4984192741381959  -1.0159999999999769  0
-9.0961967916625461  -6.3477466586138522  0.98359001336048968  0
-9.4435506488599295  -6.4051247778825111  0.8866589458705979  0
-9.7679020104932146  -6.4587031986397587  0.72777535404694571  0
-10.056740024040367  -6.5064152986987285  0.50963550902707677  0
-10.254822330857838  -6.5391357939230348  0.2973072146227218  0
-10.416189285245993  -6.5657914137271884  0.0551912692045151  0
-10.535919114818284  -6.5855691484461554  -0.21060143811653623  0
-10.610105739525361  -6.5978237669347148  -0.49293268145878144  0
-10.640138808816136  -6.5376775686542477  -1.3714999999999979  0
-10.645433790882274  -6.4734449757944956  -1.7269999999999956  0
-10.65072877294841  -6.4092123829347436  -2.0824999999999934  0
-10.656023755014548  -6.3449797900749925  -2.4379999999999913  0
-10.661318737080684  -6.2807471972152404  -2.7934999999999892  0
-9.5848910873444133  -6.3627083634873127  -1.3715000000003335  0
-9.7879581183048252  -6.3304883402126251  -1.7270000000006669  0
-9.9910251492652389  -6.2982683169379374  -2.0825000000010001  0
-10.194092180225651  -6.2660482936632498  -2.4380000000013338  0
-10.397159211186064  -6.233828270388563  -2.793500000001667  0
-8.6026660121357441  -4.9667515378547566  -1.442600000000182  0
-9.075951558946489  -5.240003075709514  -1.8692000000003639  0
-9.5492371057572338  -5.5132546135642713  -2.2958000000005456  0
-10.02252265256798  -5.7865061514190286  -2.7224000000007278  0
-10.293234343968271  -5.092096436924928  -1.3207142857143102  0
-10.357386221426545  -5.2567591005658567  -1.6254285714286205  0
-10.421538098884817  -5.4214217642067846  -1.9301428571429307  0
-10.485689976343091  -5.5860844278477124  -2.234857142857241  0
-10.549841853801363  -5.7507470914886412  -2.5395714285715512  0
-10.613993731259637  -5.915409755129569  -2.8442857142858613  0
-10.981675035174385  -5.9461194719759369  -1.3715000000001638  0
-10.92850624359877  -5.9831491054658734  -1.7270000000003278  0
-10.875337452023155  -6.0201787389558099  -2.0825000000004916  0
-10.82216866044754  -6.0572083724457464  -2.4380000000006556  0
-10.768999868871925  -6.0942380059356829  -2.7935000000008192  0
-10.631963146631062  -5.4182618058841285  -1.0160000000000187  0
-11.018935861621292  -5.8897092237998923  -0.49293268145867974  0
-10.971229738341606  -5.8315890314287717  -0.21060143811628207  0
-10.894236802858865  -5.73778882478776  0.055191269204538825  0
-10.790468881760935  -5.6113687528576843  0.29730721462247173  0
-10.663090948264532  -5.45618469072501  0.5096355090269522  0
-10.477352050773547  -5.229899683443425  0.72777535404753912  0
-10.268776096486661  -4.9757923748954136  0.88665894587118554  0
-10.045408258978966  -4.7036641700949033  0.98359001336058849  0
-11.349222903489999  -3.6866435731209837  -1.0159999999999914  0
-10.429169130810763  -3.7771834686122627  0.98359001336040497  0
-10.779537742377585  -3.7427046822451024  0.88665894587030603  0
-11.106704215069326  -3.7105091528910661  0.72777535404588156  0
-11.398049112145898  -3.6818387237090731  0.50963550902635457  0
-11.597850615361711  -3.6621768215927055  0.29730721462269177  0
-11.760618106180228  -3.6461593321310759  0.055191269205257465  0
-11.881387095156573  -3.6342747967213809  -0.2106014381152658  0
-11.956217600578023  -3.6269109378451971  -0.49293268145834995  0
-11.969660336239004  -3.5610410412580897  -1.3714999999999542  0
-11.958150277818008  -3.4976266787231798  -1.7269999999999084  0
-11.946640219397013  -3.4342123161882698  -2.0824999999998624  0
-11.935130160976017  -3.3707979536533599  -2.4379999999998168  0
-11.923620102555022  -3.3073835911184504  -2.7934999999997707  0
-10.905083946335163  -3.665151974799449  -1.371499999999902  0
-11.092892480350324  -3.5814722071498974  -1.7269999999998038  0
-11.280701014365487  -3.4977924395003464  -2.0824999999997056  0
-11.46850954838065  -3.4141126718507948  -2.4379999999996076  0
-11.656318082395813  -3.3304329042012437  -2.7934999999995096  0
-9.5950271663495883  -2.570979780577836  -1.4426000000004962  0
-10.122908601324179  -2.712425184778672  -1.8692000000009923  0
-10.650790036298767  -2.853870588979508  -2.2958000000014884  0
-11.178671471273358  -2.9953159931803444  -2.7224000000019846  0
-11.260432426259477  -2.2545023744580956  -1.3207142857144201  0
-11.365016214868955  -2.3969505662291919  -1.6254285714288401  0
-11.469600003478435  -2.5393987580002877  -1.9301428571432602  0
-11.574183792087913  -2.6818469497713839  -2.2348571428576802  0
-11.678767580697391  -2.8242951415424797  -2.5395714285721001  0
-11.783351369306869  -2.966743333313576  -2.8442857142865203  0
-12.146452496184938  -2.901243717952783  -1.3714999999999997  0
-12.104679361629877  -2.9507726931435663  -1.7269999999999994  0
-12.062906227074814  -3.0003016683343495  -2.0824999999999991  0
-12.021133092519753  -3.0498306435251328  -2.4379999999999988  0
-11.979359957964691  -3.099359618715916  -2.7934999999999985  0
-11.672037134194508  -2.4818844627251861  -1.016  0
-12.16784364419661  -2.8371117908507935  -0.4929326814584854  0
-12.106720454964039  -2.793319249282384  -0.21060143811517656  0
-12.008073710227533  -2.7226424452174984  0.055191269205793127  0
-11.875121672998656  -2.6273871470301162  0.29730721462289877  0
-11.711919446556703  -2.5104586887035203  0.50963550902610699  0
-11.473942579016287  -2.3399569201569905  0.72777535404578775  0
-11.206705867076062  -2.1484915375019717  0.88665894587003757  0
-10.920517141954758  -1.9434477268323855  0.98359001336032037  0
-11.916681080025265  -0.62362920506370423  -1.0159999999999925  0
-11.051410828708555  -0.94921146731541939  0.98359001336027285  0
-11.380917152778499  -0.82522544762495498  0.88665894587041794  0
-11.688602882084423  -0.70945004027970227  0.72777535404750704  0
-11.962599989424771  -0.60635092422540182  0.50963550902791688  0
-12.150504546781116  -0.53564655090484492  0.29730721462369875  0
-12.303580238514435  -0.47804751761408154  0.055191269205476567  0
-12.417158179873576  -0.43531062352361377  -0.21060143811587567  0
-12.487532990733754  -0.40883012209583031  -0.49293268145860147  0
-12.483469292551987  -0.3417254517994649  -1.3715000000000268  0
-12.455938585103976  -0.28345090359892983  -1.7270000000000536  0
-12.428407877655962  -0.2251763553983947  -2.0825000000000804  0
-12.40087717020795  -0.16690180719785958  -2.4380000000001072  0
-12.373346462759939  -0.10862725899732446  -2.793500000000134  0
-11.482113355895274  -0.71782153597954979  -1.371499999999894  0
-11.64186455174055  -0.58838466183309945  -1.7269999999997878  0
-11.801615747585824  -0.45894778768664918  -2.0824999999996816  0
-11.9613669434311  -0.3295109135401989  -2.4379999999995756  0
-12.121118139276374  -0.20007403939374857  -2.7934999999994696  0
-9.9335030757097265  0  -1.4426000000003487  0
-10.480006151419454  0  -1.8692000000006972  0
-11.026509227129184  0  -2.2958000000010457  0
-11.573012302838912  0  -2.7224000000013944  0
-11.460250647449589  0.73673229908742954  -1.3207142857138721  0
-11.59813913484918  0.62620618804885908  -1.6254285714277441  0
-11.73602762224877  0.51568007701028862  -1.9301428571416162  0
-11.873916109648361  0.40515396597171816  -2.2348571428554882  0
-12.01180459704795  0.29462785493314769  -2.5395714285693605  0
-12.149693084447541  0.18410174389457726  -2.8442857142832323  0
-12.483469292551984  0.34134700091709391  -1.3715000000000215  0
-12.455938585103969  0.2826940018341878  -1.7270000000000429  0
-12.428407877655955  0.22404100275128164  -2.0825000000000644  0
-12.40087717020794  0.16538800366837553  -2.4380000000000859  0
-12.373346462759924  0.10673500458546942  -2.7935000000001073  0
-11.916681080024734  0.6236292050622958  -1.0160000000000069  0
-12.487532990733754  0.40883012209583025  -0.49293268145860225  0
-12.417158179873576  0.43531062352361366  -0.21060143811587653  0
-12.303580238514437  0.47804751761408137  0.055191269205475874  0
-12.150504546781116  0.5356465509048447  0.29730721462369819  0
-11.962599989424771  0.60635092422540171  0.5096355090279171  0
-11.688602882084421  0.70945004027970215  0.72777535404750693  0
-11.380917152778501  0.82522544762495476  0.88665894587041805  0
-11.051410828708555  0.94921146731541928  0.98359001336027274  0
-12.510999999999999  0  -0.78400000000000003  0
-12.510999999999999  0  -1.016  0
-11.672037134195492  2.4818844627238135  -1.0159999999999914  0
-10.920517141954756  1.9434477268323853  0.98359001336032037  0
-11.206705867076062  2.1484915375019713  0.88665894587003768  0
-11.473942579016287  2.3399569201569901  0.72777535404578786  0
-11.711919446556701  2.5104586887035203  0.50963550902610677  0
-11.875121672998658  2.6273871470301158  0.29730721462289916  0
-12.008073710227531  2.722642445217498  0.05519126920579355  0
-12.106720454964039  2.7933192492823835  -0.21060143811517598  0
-12.16784364419661  2.837111790850793  -0.49293268145848484  0
-12.146550446480935  2.9008781624715181  -1.3714999999999118  0
-12.104875262221869  2.950041582181036  -1.7269999999998236  0
-12.063200077962804  2.9992050018905543  -2.0824999999997353  0
-12.02152489370374  3.0483684216000726  -2.4379999999996471  0
-11.979849709444673  3.0975318413095905  -2.7934999999995589  0
-11.276655715329904  2.2784272542618953  -1.3715000000000033  0
-11.39746279300981  2.4448003258367912  -1.7270000000000065  0
-11.518269870689714  2.6111733974116866  -2.0825000000000098  0
-11.639076948369619  2.7775464689865825  -2.438000000000013  0
-11.759884026049525  2.943919540561478  -2.7935000000000167  0
-9.5950271663495883  2.570979780577836  -1.4426000000004962  0
-10.122908601324179  2.712425184778672  -1.8692000000009923  0
-10.650790036298767  2.853870588979508  -2.2958000000014884  0
-11.178671471273358  2.9953159931803444  -2.7224000000019846  0
-10.87907172596538  3.6777598839568024  -1.3207142857144498  0
-11.040868039610762  3.6066880254646043  -1.6254285714288998  0
-11.202664353256143  3.5356161669724067  -1.9301428571433497  0
-11.364460666901524  3.464544308480209  -2.2348571428577997  0
-11.526256980546906  3.3934724499880109  -2.5395714285722497  0
-11.688053294192287  3.3224005914958132  -2.8442857142866993  0
-11.969758286534988  3.5606754857768363  -1.3715000000000002  0
-11.958346178409975  3.4968955677606735  -1.7270000000000005  0
-11.946934070284964  3.4331156497445101  -2.0825000000000009  0
-11.935521962159951  3.3693357317283468  -2.4380000000000011  0
-11.92410985403494  3.3055558137121834  -2.7935000000000012  0
-11.34922290349  3.6866435731210161  -1.0160000000000078  0
-11.956217600578023  3.6269109378451971  -0.49293268145835084  0
-11.881387095156574  3.6342747967213804  -0.21060143811526677  0
-11.760618106180228  3.6461593321310759  0.055191269205256278  0
-11.597850615361711  3.6621768215927055  0.29730721462269072  0
-11.3980491121459  3.6818387237090731  0.50963550902635435  0
-11.106704215069328  3.7105091528910661  0.72777535404588145  0
-10.779537742377586  3.742704682245102  0.88665894587030603  0
-10.429169130810763  3.7771834686122627  0.98359001336040497  0
-10.631963146628937  5.418261805885872  -1.016  0
-10.045408258978965  4.7036641700949033  0.98359001336058871  0
-10.268776096486661  4.9757923748954127  0.88665894587118588  0
-10.477352050773545  5.229899683443425  0.72777535404753935  0
-10.66309094826453  5.4561846907250082  0.50963550902695154  0
-10.790468881760933  5.6113687528576817  0.29730721462247073  0
-10.894236802858863  5.7377888247877573  0.055191269204537985  0
-10.971229738341604  5.8315890314287708  -0.21060143811628204  0
-11.018935861621292  5.8897092237998923  -0.49293268145867919  0
-10.981864260615595  5.9457917238977416  -1.3715000000000983  0
-10.928884694481191  5.9824936093094836  -1.7270000000001964  0
-10.875905128346785  6.0191954947212247  -2.0825000000002944  0
-10.822925562212381  6.0558973801329667  -2.4380000000003927  0
-10.769945996077976  6.0925992655447079  -2.793500000000491  0
-10.302712623323723  5.1194049924039318  -1.371499999999956  0
-10.376342780137447  5.3113762115238634  -1.7269999999999119  0
-10.449972936951172  5.5033474306437942  -2.0824999999998677  0
-10.523603093764896  5.6953186497637258  -2.4379999999998239  0
-10.59723325057862  5.8872898688836575  -2.7934999999997796  0
-8.6026660121357441  4.9667515378547566  -1.442600000000182  0
-9.075951558946489  5.240003075709514  -1.8692000000003639  0
-9.5492371057572338  5.5132546135642713  -2.2958000000005456  0
-10.02252265256798  5.7865061514190286  -2.7224000000007278  0
-9.5565020448808582  6.3681542105208733  -1.3207142857141223  0
-9.7311800333777185  6.3413800342797471  -1.6254285714282446  0
-9.9058580218745771  6.31460585803862  -1.9301428571423667  0
-10.080536010371437  6.2878316817974937  -2.2348571428564892  0
-10.255213998868296  6.2610575055563666  -2.5395714285706115  0
-10.429891987365155  6.2342833293152404  -2.8442857142847333  0
-10.640328034257308  6.5373498205760701  -1.3715000000000028  0
-10.645812241764617  6.4727894796381404  -1.7270000000000059  0
-10.651296449271925  6.4082291387002108  -2.0825000000000089  0
-10.656780656779233  6.3436687977622812  -2.4380000000000117  0
-10.662264864286541  6.2791084568243516  -2.7935000000000145  0
-10.008333941567033  6.4984192741378042  -1.016  0
-10.610105739525361  6.5978237669347157  -0.49293268145878161  0
-10.535919114818283  6.5855691484461554  -0.21060143811653639  0
-10.416189285245991  6.5657914137271876  0.055191269204514837  0
-10.254822330857838  6.5391357939230348  0.29730721462272142  0
-10.056740024040367  6.5064152986987285  0.50963550902707699  0
-9.7679020104932146  6.4587031986397587  0.72777535404694582  0
-9.4435506488599295  6.4051247778825111  0.8866589458705979  0
-9.0961967916625479  6.3477466586138522  0.98359001336048968  0
-10.834843826750104  6.25550000000006  -0.78400000000000003  0
-10.834843826749896  6.2554999999999401  -1.0160000000000045  0
-8.8673384407678437  7.9853935610755711  -1.016  0
-8.4857214039776974  7.1433336733391766  0.98359001336052798  0
-8.6310462048757834  7.4640011848284384  0.88665894587077521  0
-8.7667472949129053  7.7634334261234281  0.72777535404698257  0
-8.8875904234421093  8.0300807228454634  0.50963550902696431  0
-8.9704634683304416  8.2129448514028063  0.297307214623101  0
-9.0379756609608819  8.36191437809258  0.055191269205440152  0
-9.0880678458715298  8.4724456582393923  -0.21060143811565718  0
-9.1191058097266318  8.5409327063515992  -0.49293268145851682  0
-9.0687821737694492  8.5855094052258369  -1.3715000000000193  0
-9.0081086956388958  8.6072485835016739  -1.7270000000000385  0
-8.9474352175083443  8.628987761777509  -2.0825000000000577  0
-8.8867617393777909  8.650726940053346  -2.438000000000077  0
-8.8260882612472393  8.6724661183291829  -2.7935000000000962  0
-8.6266566920763026  7.6115037405304804  -1.3715000000000033  0
-8.6480921545166076  7.8159905858599599  -1.7270000000000065  0
-8.6695276169569109  8.0204774311894411  -2.0825000000000098  0
-8.6909630793972159  8.2249642765189197  -2.438000000000013  0
-8.7123985418375192  8.4294511218484001  -2.7935000000000163  0
-7.0240473857713628  7.0240473857713628  -1.4426000000000661  0
-7.4104834165447269  7.4104834165447269  -1.8692000000001321  0
-7.7969194473180901  7.7969194473180901  -2.2958000000001979  0
-8.1833554780914533  8.1833554780914533  -2.7224000000002642  0
-7.5826725423025874  8.6245693515102779  -1.3207142857142773  0
-7.7583281894041738  8.6439174733845547  -1.6254285714285548  0
-7.9339838365057611  8.6632655952588333  -1.9301428571428321  0
-8.1096394836073475  8.6826137171331101  -2.2348571428571096  0
-8.2852951307089349  8.7019618390073887  -2.5395714285713868  0
-8.4609507778105222  8.7213099608816673  -2.8442857142856641  0
-8.5857770104110873  9.0685145685841899  -1.3715000000000088  0
-8.6077837938721746  9.0075734852683791  -1.7270000000000174  0
-8.6297905773332619  8.9466324019525665  -2.0825000000000262  0
-8.6517973607943492  8.8856913186367557  -2.4380000000000348  0
-8.6738041442554366  8.8247502353209448  -2.7935000000000438  0
-7.985393561075429  8.8673384407681564  -1.0160000000000107  0
-8.5409327063515992  9.11910580972663  -0.49293268145851749  0
-8.4724456582393941  9.0880678458715298  -0.21060143811565804  0
-8.3619143780925782  9.0379756609608819  0.055191269205439361  0
-8.2129448514028063  8.9704634683304434  0.29730721462310022  0
-8.0300807228454616  8.8875904234421093  0.5096355090269642  0
-7.7634334261234281  8.7667472949129053  0.72777535404698246  0
-7.4640011848284376  8.6310462048757834  0.88665894587077509  0
-7.1433336733391766  8.4857214039776991  0.98359001336052787  0
-8.8466129394250004  8.8466129394250004  -0.78400000000000003  0
-8.8466129394250004  8.8466129394250004  -1.0159999999999954  0
-6.4984192741381959  10.008333941566967  -1.016  0
-6.3627083634873127  9.5848910873444133  -1.3715000000003335  0
-6.3304883402126251  9.7879581183048252  -1.7270000000006669  0
-6.2982683169379374  9.9910251492652389  -2.0825000000010001  0
-6.2660482936632498  10.194092180225651  -2.4380000000013338  0
-6.233828270388563  10.397159211186064  -2.793500000001667  0
-4.9667515378547566  8.6026660121357441  -1.442600000000182  0
-5.240003075709514  9.075951558946489  -1.8692000000003639  0
-5.5132546135642713  9.5492371057572338  -2.2958000000005456  0
-5.7865061514190286  10.02252265256798  -2.7224000000007278  0
-3.6866435731209837  11.349222903489999  -1.016  0
-3.7771834686122627  10.429169130810763  0.98359001336040497  0
-3.7427046822451024  10.779537742377585  0.88665894587030603  0
-3.7105091528910661  11.106704215069326  0.72777535404588156  0
-3.6818387237090731  11.398049112145898  0.50963550902635457  0
-3.6621768215927055  11.597850615361711  0.29730721462269177  0
-3.6461593321310759  11.760618106180228  0.055191269205257465  0
-3.6342747967213809  11.881387095156573  -0.2106014381152658  0
-3.6269109378451971  11.956217600578023  -0.49293268145834995  0
-3.5610410412580897  11.969660336239004  -1.3714999999999542  0
-3.4976266787231798  11.958150277818008  -1.7269999999999084  0
-3.4342123161882698  11.946640219397013  -2.0824999999998624  0
-3.3707979536533599  11.935130160976017  -2.4379999999998168  0
-3.3073835911184504  11.923620102555022  -2.7934999999997707  0
-3.665151974799449  10.905083946335163  -1.371499999999902  0
-3.5814722071498974  11.092892480350324  -1.7269999999998038  0
-3.4977924395003464  11.280701014365487  -2.0824999999997056  0
-3.4141126718507948  11.46850954838065  -2.4379999999996076  0
-3.3304329042012437  11.656318082395813  -2.7934999999995096  0
-2.570979780577836  9.5950271663495883  -1.4426000000004962  0
-2.712425184778672  10.122908601324179  -1.8692000000009923  0
-2.853870588979508  10.650790036298767  -2.2958000000014884  0
-2.9953159931803444  11.178671471273358  -2.7224000000019846  0
-2.2545023744580956  11.260432426259477  -1.3207142857144201  0
-2.3969505662291919  11.365016214868955  -1.6254285714288401  0
-2.5393987580002877  11.469600003478435  -1.9301428571432602  0
-2.6818469497713839  11.574183792087913  -2.2348571428576802  0
-2.8242951415424797  11.678767580697391  -2.5395714285721001  0
-2.966743333313576  11.783351369306869  -2.8442857142865203  0
-2.901243717952783  12.146452496184938  -1.3714999999999997  0
-2.9507726931435663  12.104679361629877  -1.7269999999999994  0
-3.0003016683343495  12.062906227074814  -2.0824999999999991  0
-3.0498306435251328  12.021133092519753  -2.4379999999999988  0
-3.099359618715916  11.979359957964691  -2.7934999999999985  0
-2.4818844627251861  11.672037134194508  -1.016  0
-2.8371117908507935  12.16784364419661  -0.4929326814584854  0
-2.793319249282384  12.106720454964039  -0.21060143811517656  0
-2.7226424452174984  12.008073710227533  0.055191269205793127  0
-2.6273871470301162  11.875121672998656  0.29730721462289877  0
-2.5104586887035203  11.711919446556703  0.50963550902610699  0
-2.3399569201569905  11.473942579016287  0.72777535404578775  0
-2.1484915375019717  11.206705867076062  0.88665894587003757  0
-1.9434477268323855  10.920517141954758  0.98359001336032037  0
9.8720494557470175  0  1.1820773322210276  0
9.7605626195588417  0  1.3315263883759463  0
9.6255186150805478  0  1.4600855260648402  0
9.4707683147776454  0  1.5640887932491281  0
9.300724529665084  0  1.6405704653898354  0
9.1202361749727601  0  1.6873496151181362  0
8.9344500000000142  0  1.7030923028760001  0
8.7486638250272684  0  1.6873496151181411  0
8.5681754703349426  0  1.6405704653898447  0
8.3981316852223795  0  1.5640887932491419  0
8.2433813849194735  0  1.460085526064858  0
8.1083373804411778  0  1.3315263883759676  0
7.9968505442529967  0  1.1820773322210516  0
-9.8720494557470175  0  1.1820773322210276  0
-9.7605626195588417  0  1.3315263883759463  0
-9.6255186150805478  0  1.4600855260648402  0
-9.4707683147776454  0  1.5640887932491281  0
-9.300724529665084  0  1.6405704653898354  0
-9.1202361749727601  0  1.6873496151181362  0
-8.9344500000000142  0  1.7030923028760001  0
-8.7486638250272684  0  1.6873496151181411  0
-8.5681754703349426  0  1.6405704653898447  0
-8.3981316852223795  0  1.5640887932491419  0
-8.2433813849194735  0  1.460085526064858  0
-8.1083373804411778  0  1.3315263883759676  0
-7.9968505442529967  0  1.1820773322210516  0
-2.3780491699189428  5.2619019851969355  -1.5501957588761355  0
-2.0377605024545957  4.6725047239084523  -2.0840027926497329  0
-1.6972491737340885  4.0827218020116556  -2.6172415414267451  0
-1.356393708351  3.49234281793  -0.37253333333333316  0
-1.356393708351  3.49234281793  -1.7610666666666663  0
-2.8021967160819998  5.9965470850570002  0  0
-3.3679162064447654  -4.6904019851966741  -1.5501957588763715  0
-3.0276275389804241  -4.1010047239081882  -2.0840027926499709  0
-2.6871162102595791  -3.5112218020114998  -2.6172415414268868  0
-1.873249999999631  -3.2445641752786125  -3.1496  0
-1.6972491566812939  -4.0827217724753861  -2.6172414977201846  0
-2.0377605018597258  -4.6725047228781831  -2.0840027910644245  0
-2.3780491679852358  -5.2619019818472159  -1.5501957539152211  0
2.3780513111556365  -5.2619010267742716  -1.5501957522035723  0
2.0377626633618706  -4.672503795455917  -2.0840027825551686  0
1.6972513561696381  -4.0827209067443668  -2.6172415326792891  0
1.8732510251303462  -3.2445635834189015  -3.1496  0
2.6871161932069083  -3.5112217724754284  -2.6172414977201455  0
3.0276275383856319  -4.1010047228780548  -2.0840027910645413  0
3.3679162045110962  -4.6904019818470228  -1.5501957539153972  0
-1.8732489650963602  3.2445647727800742  -3.1496  0
-2.6871143055122499  3.5112232310746054  -2.6172414889724367  0
-3.0276256291625843  4.1010061482914608  -2.0840027809690662  0
-3.3679142756175384  4.6904033772903491  -1.5501957472420254  0
3.3679162064447654  4.6904019851966741  -1.5501957588763715  0
3.0276275389804406  4.1010047239081828  -2.0840027926499758  0
2.6871162102599269  3.5112218020113897  -2.6172415414269858  0
1.8732500000000185  3.2445641752783887  -3.1496  0
1.6972491566818344  4.0827217724754528  -2.6172414977201242  0
2.0377605018601637  4.6725047228782035  -2.0840027910644063  0
2.3780491679853228  5.2619019818472674  -1.5501957539151743  0
-5.1661898716809684  2.5146000000000002  -1.5727888030858159  0
-4.383371207646511  2.5145999999999997  -2.1187814246550101  0
-3.5891728032445207  2.5146000000000006  -2.6480549466092227  0
-3.542663586313521  1.2189327152095899  -3.1496  0
-3.225674566468371  1.9055933042596171  -3.1496  0
-4.5249637132398872  0.48259999999999997  -2.5153596750643752  0
-5.3340000000000005  8.4407433377999681e-15  -1.8974877131362184  0
-4.5249637120299919  -0.48260000000000003  -2.5153596735196109  0
-3.542663586313521  -1.2189327152095899  -3.1496  0
-3.225674566468371  -1.9055933042596171  -3.1496  0
-3.5891731576524251  -2.5146000000000002  -2.6480554644382783  0
-4.3833709336466269  -2.5146000000000002  -2.1187810199255352  0
-5.1661898803447404  -2.5146000000000002  -1.572788808523458  0
4.5249637120299919  0.48260000000000003  -2.5153596735196109  0
3.2256745664683679  1.9055933042596216  -3.1496  0
3.5426635863134899  1.2189327152096796  -3.1496  0
3.5891731576524251  2.5146000000000002  -2.6480554644382783  0
4.3833709336466269  2.5146000000000002  -2.1187810199255352  0
5.1661898803447404  2.5146000000000002  -1.572788808523458  0
5.1661898716809684  -2.5146000000000002  -1.5727888030858159  0
4.383371207646511  -2.5145999999999997  -2.1187814246550101  0
3.5891728032445207  -2.5146000000000006  -2.6480549466092227  0
3.2256745664683679  -1.9055933042596216  -3.1496  0
3.5426635863134899  -1.2189327152096796  -3.1496  0
4.5249637132398872  -0.48259999999999997  -2.5153596750643752  0
5.3340000000000005  -8.4407433377999681e-15  -1.8974877131362184  0
-2.8021967160819998  -5.9965470850570002  0.60960000000000003  0
-2.8021967160819998  -5.9965470850570002  0.20320000000000005  0
-2.8021967160819998  -5.9965470850570002  -0.20319999999999983  0
-2.8021967160819998  -5.9965470850570002  -0.60959999999999992  0
-1.3563937083499999  -3.49234281793  -0.37253333333333316  0
-1.3563937083499999  -3.49234281793  -1.7610666666666663  0
2.8021988358159997  -5.9965460945010003  0.33866666666666667  0
2.8021988358159997  -5.9965460945010003  -0.33866666666666667  0
1.3563959151839999  -3.4923419608150001  -0.37253333333333316  0
1.3563959151839999  -3.4923419608150001  -1.7610666666666663  0
-2.346260744876  -2.9208428179300001  -0.025399999999999867  0
-2.346260744876  -2.9208428179300001  -1.0667999999999997  0
-2.346260744876  -2.9208428179300001  -2.1081999999999996  0
-2.5697893523009512  -2.7262510769921131  1.016  0
-2.7772376725800001  -2.5146000000000002  -0.025399999999999867  0
-2.7772376725800001  -2.5146000000000002  -1.0667999999999997  0
-2.7772376725800001  -2.5146000000000002  -2.1081999999999996  0
-3.715287268839  -0.48260000000000003  -4.1655999999999995  0
-3.5805214364070403  -1.1027821604603805  -5.1815999999999995  0
-3.3430081546928232  -1.6913186357565173  -5.1815999999999995  0
-3.00956315830416  -2.2313206506861114  -5.1815999999999995  0
-2.5897550599314729  -2.7072921858490515  -5.1815999999999995  0
-2.0956307672840886  -3.105574654908863  -5.1815999999999995  0
-1.5413697823142891  -3.4147388544614072  -5.1815999999999995  0
-0.94287730303682071  -3.6259129390290123  -5.1815999999999995  0
-0.31732780438565833  -3.7330370095357717  -5.1815999999999995  0
0.31732780438547475  -3.7330370095357872  -5.1815999999999995  0
0.9428773030366423  -3.625912939029059  -5.1815999999999995  0
1.5413697823141215  -3.4147388544614827  -5.1815999999999995  0
2.0956307672839354  -3.1055746549089664  -5.1815999999999995  0
2.5897550599313393  -2.707292185849179  -5.1815999999999995  0
3.0095631583040494  -2.2313206506862597  -5.1815999999999995  0
3.3430081546927397  -1.6913186357566821  -5.1815999999999995  0
3.5805214364069857  -1.1027821604605565  -5.1815999999999995  0
3.715287268839  -0.48260000000000003  -4.1655999999999995  0
2.7772376725800001  -2.5146000000000002  -0.025399999999999867  0
2.7772376725800001  -2.5146000000000002  -1.0667999999999997  0
2.7772376725800001  -2.5146000000000002  -2.1081999999999996  0
2.5697893523010658  -2.7262510769920052  1.016  0
2.346260744876  -2.9208428179300001  -0.025399999999999867  0
2.346260744876  -2.9208428179300001  -1.0667999999999997  0
2.346260744876  -2.9208428179300001  -2.1081999999999996  0
-0.68999937573783177  -3.6824126753368369  1.016  0
1.1837187634674294e-06  -3.7464999999998128  1.016  0
0.69000170267802718  -3.6824122393210437  1.016  0
3.5102558552222201  -0.48260000000000003  1.3970465606100264  0
-3.1671421526625125  -1.0608857595557926  1.778  0
-2.9288969638188149  -1.6055623891125907  1.778  0
-2.5978635761289177  -2.0993743948668793  1.778  0
-2.1845292112947585  -2.5266776872011008  1.778  0
-1.7019884068531566  -2.8739351894114549  1.778  0
-1.165528177904688  -3.1301456957320983  1.778  0
-0.59214372059713771  -3.2871923923247  1.778  0
-1.8425076383701875e-14  -3.3401000000000005  1.778  0
0.59214372059710141  -3.2871923923247062  1.778  0
1.1655281779046536  -3.1301456957321117  1.778  0
1.7019884068531248  -2.873935189411474  1.778  0
2.1845292112947314  -2.5266776872011247  1.778  0
2.5978635761288951  -2.0993743948669072  1.778  0
2.9288969638187976  -1.6055623891126229  1.778  0
3.1671421526625005  -1.0608857595558274  1.778  0
-3.5102558551986687  -0.48260000000000003  1.3970465605973457  0
-5.3340000000000005  -0.48260000000000003  0.050565703519333316  0
-5.3340000000000005  -0.48260000000000003  -0.91486859296133338  0
-3.5102558551986687  -0.48260000000000003  -5.5626465605973454  0
-2.375  -0.48260000000000003  0.92004444444444444  0
-2.375  -0.48260000000000003  0.06208888888888886  0
-2.375  -0.48260000000000003  -0.7958666666666665  0
-2.375  -0.48260000000000003  -1.6538222222222223  0
-2.375  -0.48260000000000003  -2.5117777777777781  0
-2.375  -0.48260000000000003  -3.369733333333333  0
-2.375  -0.48260000000000003  -4.2276888888888884  0
-2.375  -0.48260000000000003  -5.0856444444444442  0
-5.3340000000000005  0.48260000000000003  0.050565703519333316  0
-5.3340000000000005  0.48260000000000003  -0.91486859296133338  0
-3.5102558552222201  0.48260000000000003  1.3970465606100264  0
-2.375  0.48260000000000003  0.92004444444444444  0
-2.375  0.48260000000000003  0.06208888888888886  0
-2.375  0.48260000000000003  -0.7958666666666665  0
-2.375  0.48260000000000003  -1.6538222222222223  0
-2.375  0.48260000000000003  -2.5117777777777781  0
-2.375  0.48260000000000003  -3.369733333333333  0
-2.375  0.48260000000000003  -4.2276888888888884  0
-2.375  0.48260000000000003  -5.0856444444444442  0
-3.5102558552222205  0.48260000000000008  -5.5626465606100259  0
-3.715287268839  0.48260000000000003  -4.1655999999999995  0
-2.569788482721088  2.7262518966658318  1.016  0
-3.1671421526625125  1.0608857595557926  1.778  0
-2.9288969638188149  1.6055623891125907  1.778  0
-2.5978635761289177  2.0993743948668793  1.778  0
-2.1845292112947585  2.5266776872011008  1.778  0
-1.7019884068531566  2.8739351894114549  1.778  0
-1.165528177904688  3.1301456957320983  1.778  0
-0.59214372059713771  3.2871923923247  1.778  0
-1.8425076383701875e-14  3.3401000000000005  1.778  0
0.59214372059710141  3.2871923923247062  1.778  0
1.1655281779046536  3.1301456957321117  1.778  0
1.7019884068531248  2.873935189411474  1.778  0
2.1845292112947314  2.5266776872011247  1.778  0
2.5978635761288951  2.0993743948669072  1.778  0
2.9288969638187976  1.6055623891126229  1.778  0
3.1671421526625005  1.0608857595558274  1.778  0
3.5102558551988614  0.48260000000000003  1.3970465605974491  0
2.5697893523009512  2.7262510769921131  1.016  0
0.68999995747303766  3.6824125663330025  1.016  0
-8.2205862849186624e-14  3.7465000000000002  1.016  0
-0.68999995747319931  3.6824125663329719  1.016  0
1.356393708351  3.49234281793  -0.37253333333333316  0
1.356393708351  3.49234281793  -1.7610666666666663  0
2.346260744876  2.9208428179300001  -0.025399999999999867  0
2.346260744876  2.9208428179300001  -1.0667999999999997  0
2.346260744876  2.9208428179300001  -2.1081999999999996  0
2.7772376725800001  2.5146000000000002  -0.025399999999999867  0
2.7772376725800001  2.5146000000000002  -1.0667999999999997  0
2.7772376725800001  2.5146000000000002  -2.1081999999999996  0
3.715287268839  0.48260000000000003  -4.1655999999999995  0
-3.5805214364070403  1.1027821604603805  -5.1815999999999995  0
-3.3430081546928232  1.6913186357565173  -5.1815999999999995  0
-3.00956315830416  2.2313206506861114  -5.1815999999999995  0
-2.5897550599314729  2.7072921858490515  -5.1815999999999995  0
-2.0956307672840886  3.105574654908863  -5.1815999999999995  0
-1.5413697823142891  3.4147388544614072  -5.1815999999999995  0
-0.94287730303682071  3.6259129390290123  -5.1815999999999995  0
-0.31732780438565833  3.7330370095357717  -5.1815999999999995  0
0.31732780438547475  3.7330370095357872  -5.1815999999999995  0
0.9428773030366423  3.625912939029059  -5.1815999999999995  0
1.5413697823141215  3.4147388544614827  -5.1815999999999995  0
2.0956307672839354  3.1055746549089664  -5.1815999999999995  0
2.5897550599313393  2.707292185849179  -5.1815999999999995  0
3.0095631583040494  2.2313206506862597  -5.1815999999999995  0
3.3430081546927397  1.6913186357566821  -5.1815999999999995  0
3.5805214364069857  1.1027821604605565  -5.1815999999999995  0
-2.7772376725800001  2.5146000000000002  -0.025399999999999867  0
-2.7772376725800001  2.5146000000000002  -1.0667999999999997  0
-2.7772376725800001  2.5146000000000002  -2.1081999999999996  0
-2.3462588815799998  2.9208443146810001  -0.025399999999999867  0
-2.3462588815799998  2.9208443146810001  -1.0667999999999997  0
-2.3462588815799998  2.9208443146810001  -2.1081999999999996  0
-3.7920618022120003  5.4250484483669998  0.50800000000000001  0
-3.7920618022120003  5.4250484483669998  0  0
-3.7920618022120003  5.4250484483669998  -0.50800000000000001  0
-6.1227175517840005  2.5146000000000002  0.60960000000000003  0
-6.1227175517840005  2.5146000000000002  0.20320000000000005  0
-6.1227175517840005  2.5146000000000002  -0.20319999999999983  0
-6.1227175517840005  2.5146000000000002  -0.60959999999999992  0
3.5102558551988619  0.48260000000000003  -5.5626465605974493  0
-3.1671421526625125  1.0608857595557926  -5.9436  0
-2.9288969638188149  1.6055623891125907  -5.9436  0
-2.5978635761289177  2.0993743948668793  -5.9436  0
-2.1845292112947585  2.5266776872011008  -5.9436  0
-1.7019884068531566  2.8739351894114549  -5.9436  0
-1.165528177904688  3.1301456957320983  -5.9436  0
-0.59214372059713771  3.2871923923247  -5.9436  0
-1.8425076383701875e-14  3.3401000000000005  -5.9436  0
0.59214372059710141  3.2871923923247062  -5.9436  0
1.1655281779046536  3.1301456957321117  -5.9436  0
1.7019884068531248  2.873935189411474  -5.9436  0
2.1845292112947314  2.5266776872011247  -5.9436  0
2.5978635761288951  2.0993743948669072  -5.9436  0
2.9288969638187976  1.6055623891126229  -5.9436  0
3.1671421526625005  1.0608857595558274  -5.9436  0
0  2.375  -5.9436  0
-3.1671421526625125  -1.0608857595557926  -5.9436  0
-2.9288969638188149  -1.6055623891125907  -5.9436  0
-2.5978635761289177  -2.0993743948668793  -5.9436  0
-2.1845292112947585  -2.5266776872011008  -5.9436  0
-1.7019884068531566  -2.8739351894114549  -5.9436  0
-1.165528177904688  -3.1301456957320983  -5.9436  0
-0.59214372059713771  -3.2871923923247  -5.9436  0
-1.8425076383701875e-14  -3.3401000000000005  -5.9436  0
0.59214372059710141  -3.2871923923247062  -5.9436  0
1.1655281779046536  -3.1301456957321117  -5.9436  0
1.7019884068531248  -2.873935189411474  -5.9436  0
2.1845292112947314  -2.5266776872011247  -5.9436  0
2.5978635761288951  -2.0993743948669072  -5.9436  0
2.9288969638187976  -1.6055623891126229  -5.9436  0
3.1671421526625005  -1.0608857595558274  -5.9436  0
0  -2.375  -5.9436  0
-0.91500000000000004  0.91500000000000004  0.23367999999999989  0
-0.91500000000000004  0.91500000000000004  -1.3106400000000002  0
-0.91500000000000004  0.91500000000000004  -2.8549600000000006  0
-0.91500000000000004  0.91500000000000004  -4.399280000000001  0
-0.91500000000000004  2.375  0.23367999999999989  0
-0.91500000000000004  2.375  -1.3106400000000002  0
-0.91500000000000004  2.375  -2.8549600000000006  0
-0.91500000000000004  2.375  -4.399280000000001  0
-2.375  0.91500000000000004  0.92004444444444444  0
-2.375  0.91500000000000004  0.06208888888888886  0
-2.375  0.91500000000000004  -0.7958666666666665  0
-2.375  0.91500000000000004  -1.6538222222222223  0
-2.375  0.91500000000000004  -2.5117777777777781  0
-2.375  0.91500000000000004  -3.369733333333333  0
-2.375  0.91500000000000004  -4.2276888888888884  0
-2.375  0.91500000000000004  -5.0856444444444442  0
0  2.375  1.778  0
0  -2.375  1.778  0
5.3340000000000005  0.48260000000000003  0.050565703519333316  0
5.3340000000000005  0.48260000000000003  -0.91486859296133338  0
2.375  0.48260000000000003  0.92004444444444444  0
2.375  0.48260000000000003  0.06208888888888886  0
2.375  0.48260000000000003  -0.7958666666666665  0
2.375  0.48260000000000003  -1.6538222222222223  0
2.375  0.48260000000000003  -2.5117777777777781  0
2.375  0.48260000000000003  -3.369733333333333  0
2.375  0.48260000000000003  -4.2276888888888884  0
2.375  0.48260000000000003  -5.0856444444444442  0
5.3340000000000005  -0.48260000000000003  0.050565703519333316  0
5.3340000000000005  -0.48260000000000003  -0.91486859296133338  0
2.375  -0.48260000000000003  0.92004444444444444  0
2.375  -0.48260000000000003  0.06208888888888886  0
2.375  -0.48260000000000003  -0.7958666666666665  0
2.375  -0.48260000000000003  -1.6538222222222223  0
2.375  -0.48260000000000003  -2.5117777777777781  0
2.375  -0.48260000000000003  -3.369733333333333  0
2.375  -0.48260000000000003  -4.2276888888888884  0
2.375  -0.48260000000000003  -5.0856444444444442  0
3.5102558552222205  -0.48260000000000008  -5.5626465606100259  0
2.375  -0.91500000000000004  0.92004444444444444  0
2.375  -0.91500000000000004  0.06208888888888886  0
2.375  -0.91500000000000004  -0.7958666666666665  0
2.375  -0.91500000000000004  -1.6538222222222223  0
2.375  -0.91500000000000004  -2.5117777777777781  0
2.375  -0.91500000000000004  -3.369733333333333  0
2.375  -0.91500000000000004  -4.2276888888888884  0
2.375  -0.91500000000000004  -5.0856444444444442  0
0.91500000000000004  -0.91500000000000004  0.23367999999999989  0
0.91500000000000004  -0.91500000000000004  -1.3106400000000002  0
0.91500000000000004  -0.91500000000000004  -2.8549600000000006  0
0.91500000000000004  -0.91500000000000004  -4.399280000000001  0
0.91500000000000004  -2.375  0.23367999999999989  0
0.91500000000000004  -2.375  -1.3106400000000002  0
0.91500000000000004  -2.375  -2.8549600000000006  0
0.91500000000000004  -2.375  -4.399280000000001  0
-0.91500000000000004  -2.375  0.23367999999999989  0
-0.91500000000000004  -2.375  -1.3106400000000002  0
-0.91500000000000004  -2.375  -2.8549600000000006  0
-0.91500000000000004  -2.375  -4.399280000000001  0
-0.91500000000000004  -0.91500000000000004  0.23367999999999989  0
-0.91500000000000004  -0.91500000000000004  -1.3106400000000002  0
-0.91500000000000004  -0.91500000000000004  -2.8549600000000006  0
-0.91500000000000004  -0.91500000000000004  -4.399280000000001  0
-2.375  -0.91500000000000004  0.92004444444444444  0
-2.375  -0.91500000000000004  0.06208888888888886  0
-2.375  -0.91500000000000004  -0.7958666666666665  0
-2.375  -0.91500000000000004  -1.6538222222222223  0
-2.375  -0.91500000000000004  -2.5117777777777781  0
-2.375  -0.91500000000000004  -3.369733333333333  0
-2.375  -0.91500000000000004  -4.2276888888888884  0
-2.375  -0.91500000000000004  -5.0856444444444442  0
2.375  0.91500000000000004  0.92004444444444444  0
2.375  0.91500000000000004  0.06208888888888886  0
2.375  0.91500000000000004  -0.7958666666666665  0
2.375  0.91500000000000004  -1.6538222222222223  0
2.375  0.91500000000000004  -2.5117777777777781  0
2.375  0.91500000000000004  -3.369733333333333  0
2.375  0.91500000000000004  -4.2276888888888884  0
2.375  0.91500000000000004  -5.0856444444444442  0
0.91500000000000004  0.91500000000000004  0.23367999999999989  0
0.91500000000000004  0.91500000000000004  -1.3106400000000002  0
0.91500000000000004  0.91500000000000004  -2.8549600000000006  0
0.91500000000000004  0.91500000000000004  -4.399280000000001  0
0.91500000000000004  2.375  0.23367999999999989  0
0.91500000000000004  2.375  -1.3106400000000002  0
0.91500000000000004  2.375  -2.8549600000000006  0
0.91500000000000004  2.375  -4.399280000000001  0
6.1227175517840005  2.5146000000000002  0.60960000000000003  0
6.1227175517840005  2.5146000000000002  0.20320000000000005  0
6.1227175517840005  2.5146000000000002  -0.20319999999999983  0
6.1227175517840005  2.5146000000000002  -0.60959999999999992  0
3.7920637526079997  5.4250470850569998  0  0
2.8021967160819998  5.9965470850560001  0.60960000000000003  0
2.8021967160819998  5.9965470850560001  0.20320000000000005  0
2.8021967160819998  5.9965470850560001  -0.20319999999999983  0
2.8021967160819998  5.9965470850560001  -0.60959999999999992  0
3.7920637526079997  -5.4250470850569998  0.60960000000000003  0
3.7920637526079997  -5.4250470850569998  0.20320000000000005  0
3.7920637526079997  -5.4250470850569998  -0.20319999999999983  0
3.7920637526079997  -5.4250470850569998  -0.60959999999999992  0
6.1227175517840005  -2.5146000000000002  0.60960000000000003  0
6.1227175517840005  -2.5146000000000002  0.20320000000000005  0
6.1227175517840005  -2.5146000000000002  -0.20319999999999983  0
6.1227175517840005  -2.5146000000000002  -0.60959999999999992  0
-6.1227175517840005  -2.5146000000000002  0.60960000000000003  0
-6.1227175517840005  -2.5146000000000002  0.20320000000000005  0
-6.1227175517840005  -2.5146000000000002  -0.20319999999999983  0
-6.1227175517840005  -2.5146000000000002  -0.60959999999999992  0
-3.792063752607  -5.4250470850569998  0  0
-9.7099209924833367  1.6005068049940288  -1.016  0
-6.7641718163127464  2.1348074470428595  -1.016  0
-1.1824033504528415  -8.0205136196146398  -1.016  0
-9.6668697921822204  0.87530233146418335  -1.016  0
3.9031727685806477  6.9273146609201071  -1.016  0
6.9176798289428101  3.28585224086078  -1.016  0
-10.273440540108027  -1.1410680204069736  -1.016  0
-9.2781278380009145  -1.102185024142553  -1.016  0
6.0602423194415405  7.7066112377011384  -1.016  0
-7.0296394630290893  3.4190625004689226  -1.016  0
9.5295279030712656  -4.1756508491808191  -1.016  0
-7.9991684621799264  -6.3286761208056141  -1.016  0
6.7530722525870805  -4.0914801043111302  -1.016  0
9.003369601387055  3.8583320880035186  -1.016  0
7.6814814011424168  0.18396319209578912  -1.016  0
-3.7605617504806634  -9.4761632287021236  -1.016  0
-3.3186044843579734  -6.0250851241930796  -1.016  0
-4.9219236830906281  6.2792187274081339  -1.016  0
-6.3701808703105911  5.0437246636581943  -1.016  0
1.3977664910625369  7.7053343042668141  -1.016  0
-8.1167690336669214  6.5042052972751421  -1.016  0
-5.778689651079417  7.7426137648827771  -1.016  0
-1.3989802085286491  -9.4707729240023166  -1.016  0
7.5746480691528424  5.6210997374593648  -1.016  0
3.5704998363045419  -5.8949723105461773  -1.016  0
1.022317407019949  8.7988182100235264  -1.016  0
3.9078543741475675  -9.3480096967120865  -1.016  0
3.8115926667649327  9.1496464758354499  -1.016  0
-10.241886883062461  1.1785047134474156  -1.016  0
5.2938664169182861  -7.4432442569397095  -1.016  0
9.5493918418217909  4.1809351091053504  -1.016  0
8.0557779105004723  -6.1363638359355015  -1.016  0
-1.5406145508940658  -10.155953496508923  -1.016  0
7.9967750763478653  6.3282352245147271  -1.016  0
1.2719738646101379  9.8307769354703147  -1.016  0
6.510602823517802  8.143608449147246  -1.016  0
-5.1722878730898598  -6.2515692620925591  -1.016  0
-9.374796277346725  3.846903804784799  -1.016  0
-3.4270993189643124  8.8042455991767543  -1.016  0
-1.4222890830797865  7.7889699272027988  -1.016  0
1.663225433570972  -9.9942952027279599  -1.016  0
-3.5661808140207167  5.8867384820258755  -1.016  0
3.4934270701325141  8.1306343977524875  -1.016  0
5.9526715635943086  -5.1021246570746728  -1.016  0
8.9079579726236968  -3.8212857375456126  -1.016  0
2.5129466168309005  -7.4826916506717271  -1.016  0
-6.0964428774856474  -8.1772882625861136  -1.016  0
-4.0368263225448118  9.3668086587510455  -1.016  0
-6.6480757034439737  -2.2196320727455832  -1.016  0
8.1331902954447397  3.219418666216562  -1.016  0
4.8413215348034386  -6.0271776502615264  -1.016  0
-2.9819779967759321  -7.3630308815899426  -1.016  0
1.1355138954997024  -10.201013577023096  -1.016  0
-5.9259778079216687  -7.3617267063928047  -1.016  0
3.5811904109373378  5.8611789558478442  -1.016  0
7.1933276707063802  -5.615269059806085  -1.016  0
-2.8934626706284665  7.564358506055048  -1.016  0
6.6043935573852535  2.206387063766877  -1.016  0
-9.6404187403953561  -3.7382947742841295  -1.016  0
6.1603775301782093  -8.0373041282367286  -1.016  0
-7.8489683560430485  2.3157409835359286  -1.016  0
-7.643093265843973  -1.8623411226991171  -1.016  0
0.010256865797940492  7.9988878635047529  -1.016  0
10.26915026269508  1.1386027174803999  -1.016  0
0.82019788168111019  -7.8761910835538202  -1.016  0
3.8784278230086522  -7.0686503726363155  -1.016  0
-7.5871037046779044  -5.6331891695833098  -1.016  0
-1.3267979156336793  10.043706676022413  -1.016  0
-6.1600513164523871  8.3748223970396527  -1.016  0
9.5498316037623958  -1.2144138676374896  -1.016  0
-3.9901725350604891  -6.6400409515839884  -1.016  0
4.8929791035703092  5.9206996129025082  -1.016  0
7.5769815631350061  -2.9941948680416464  -1.016  0
-7.5835591423325805  6.0272610790145293  -1.016  0
-0.97778004233293558  -10.091634316208495  -1.016  0
3.4201342416457128  -8.4989883090658491  -1.016  0
5.2365048251939843  7.0664712519176414  -1.016  0
-8.7377115385361233  -3.3536251231607173  -1.016  0
-8.4379720460412972  3.5878095134584389  -1.016  0
-7.0343677074544644  -3.320230306882443  -1.016  0
-8.6438123039387396  1.1699374064880375  -1.016  0
-7.6745069374559991  -0.18810245796940567  -1.016  0
7.5460080059893047  1.8361637431112505  -1.016  0
6.6983851968906869  -2.052940210694111  -1.016  0
8.6080373905252241  -0.96280381237891033  -1.016  0
1.0794910109651878  -9.4783384333473979  -1.016  0
-3.737088173985406  -8.6417862470972615  -1.016  0
-7.1519651726905273  1.1452805669635866  -1.016  0
9.2644052697291563  1.0963253123166974  -1.016  0
6.348634124704378  4.9127167749006082  -1.016  0
-6.4090382704650795  -4.967255553538287  -1.016  0
-3.7761247918326846  6.7702487288231028  -1.016  0
7.3464808697743802  -1.3531939143164677  -1.016  0
2.6246052237531021  7.3714497948677682  -1.016  0
-0.93162076202726163  9.1085996426608524  -1.016  0
10.070262159211172  -1.56399095959404  -1.016  0
0.44720375484152641  11.35665648859603  -1.7561057792364667  0
0.83217228286513456  11.362455183037914  -0.38197963589245965  0
0.91524805256907393  11.141672295074756  0.37517560638287284  0
0.66062688897479727  11.818355713539892  0.17234603167147233  0
0.54826673265310299  12.116965042025226  -0.37931417146674584  0
-4.9605453267292905  10.256261038815381  -0.38197983186250339  0
-4.7782081428044707  10.106595323348415  0.37517546956386527  0
-5.5836696758688076  10.767732969726122  -0.37931440288321805  0
-5.3370582623458986  10.565309783995422  0.1723458347175002  0
-6.0685572709597384  10.525455211847813  0.29787713479324873  0
-5.9615513523845891  10.22714548453939  0.61972687649167479  0
-6.2001196757586241  10.738664481116523  -0.16172620391917869  0
-5.2409859475863882  9.841611458618388  0.96324807388745404  0
-6.0041241161680743  9.7572295591326093  0.8563701343911001  0
-5.7244021091464248  9.5216557830401829  0.97162942084001847  0
-5.5775690891232097  10.091836745507988  0.81961366352833553  0
-10.240273365322924  1.9826523604177264  1.016  0
9.9482071305220146  -3.3316041680805868  1.016  0
-2.1881620114412543  10.192367408751476  1.016  0
9.3746447309708074  -4.4844573617168288  1.016  0
9.7879659405283146  3.524698677265627  1.016  0
-4.2724673116616492  -9.4761492559043052  1.016  0
10.113854366536392  2.7371535330594265  1.016  0
5.7990731826635669  -8.5451098464317496  1.016  0
-5.799065146146126  -8.5451107821576429  1.016  0
4.6630669362674393  -9.3055569504086524  1.016  0
-2.3629663460364054  -10.181070865669197  1.016  0
-1.7184324849382751  10.233846348607921  1.016  0
-10.267952295851776  -1.0518705852523003  1.016  0
10.43560880559375  0.62618183084623946  1.016  0
4.4247427705882885  9.3372081546014503  1.016  0
-0.80495890140383752  -10.366474652086618  1.016  0
-10.449288384688815  0.62396272723540047  1.016  0
9.498098917415204  -4.0750129880470212  1.016  0
2.5727749243936184  10.125619253831601  1.016  0
4.2724673116615675  -9.4761492559043177  1.016  0
8.6615656336375864  5.7197678438493185  1.016  0
-10.219889033560726  -1.9556231762026877  1.016  0
-3.6748013911414472  9.6992419836922359  1.016  0
-3.1057003982484295  -9.9857512746771935  1.016  0
-8.5451098464317514  -5.799073182663566  1.016  0
8.1135785061875882  6.8354443461672076  1.016  0
9.5792026844997569  4.0054815416902052  1.016  0
-8.4611587316592232  5.9522417524209876  1.016  0
-10.332556303387257  1.015855199460747  1.016  0
-3.6008984882984549  9.9812496710604464  1.016  0
7.8422711394953115  -6.7189999157965321  1.016  0
-9.8261682159128778  3.5575087025430547  1.016  0
10.105066780422547  -2.4975874837968974  1.016  0
3.6061788548180118  9.7979439289941919  1.016  0
-8.7462303026502504  5.6288912700414642  1.016  0
7.7905256516135033  6.8720488310025365  1.016  0
10.266678215668973  1.0291275482640336  1.016  0
1.0544542722997428  10.33039179542053  1.016  0
5.723390454044015  8.6938513582123331  1.016  0
-10.2655706352595  1.4950894827833312  1.016  0
10.315116227288012  -1.2305705404181027  1.016  0
7.1418195601478391  7.6218427671296878  1.016  0
3.1783265825431402  -9.9120822767295227  1.016  0
8.0526197897806444  6.5353930543083427  1.016  0
-10.553710545142962  -0.95584283186601937  1.016  0
-5.3296908312672775  8.9371728145269191  1.016  0
0.7918904331866381  -10.375056513698063  1.016  0
-5.9830530653052119  8.5982229834130433  1.016  0
3.2898726179636992  9.9314004582352062  1.016  0
0.38409165547416729  10.375503841446733  1.016  0
-9.4975473949235152  4.4556943004125102  1.016  0
-4.4811635315025553  9.3996958203333207  1.016  0
-1.8983117558393126  10.444852358366861  1.016  0
10.404892184976667  -0.75562325651754259  1.016  0
6.957441816480805  -7.8021316876802072  1.016  0
-6.8718384951866618  7.7791210716454549  1.016  0
10.340611658993097  -1.64788022557445  1.016  0
-7.8422711394953124  -6.7189999157965303  1.016  0
-10.111110769602908  2.4726938385392438  1.016  0
1.9556178129522548  -10.219890141806184  1.016  0
-10.413766039353666  0.22427239814211389  1.016  0
3.932448621156301  9.6054899651528363  1.016  0
7.4808774040669102  7.2349002649317669  1.016  0
-9.8452263665749005  -3.2873764114823905  1.016  0
-10.446749360034342  1.7636150288277974  1.016  0
-6.222606295168978  8.3267541555191276  1.016  0
-10.58705419787794  0.89083773788868648  1.016  0
-4.6630669362674739  -9.3055569504086844  1.016  0
-10.415927859172623  -0.23357743108359663  1.016  0
-10.472588866403038  -0.6740814999430601  1.016  0
-3.5546997085064462  -9.8260757022201162  1.016  0
-1.8913663654908246  -10.234871509733614  1.016  0
3.5766441104024902  -9.760483787719954  1.016  0
-6.6309801350764497  -7.9979340416253262  1.016  0
-4.9118353979388276  9.2185644376632947  1.016  0
-9.4567264792496548  -4.2862518611782283  1.016  0
10.410232770118018  0.22319012509208386  1.016  0
-7.0726052519463307  -7.6026320028074563  1.016  0
-0.30210027210275225  -10.399779989032709  1.016  0
-9.9383541692229613  3.2365638209507819  1.016  0
-2.9547755512382361  10.049144918860737  1.016  0
-3.2950710074291183  9.8624094890882024  1.016  0
2.1074471217068789  10.177654955850864  1.016  0
-8.2036039770139677  6.3524849640554208  1.016  0
1.8662341062828685  10.44453662390111  1.016  0
-2.6190140438243019  10.032101159003169  1.016  0
10.550427283047391  -1.0082381569281509  1.016  0
6.7742111364083879  7.9087117805697398  1.016  0
8.7325004300788969  -5.6657419042232089  1.016  0
-7.9159414246169746  6.7425989382528853  1.016  0
8.4817798047420858  -6.0106511764771815  1.016  0
9.3629583272335211  4.52363264692735  1.016  0
10.219343445338433  -2.0480068202386503  1.016  0
9.7243380048511199  -3.6820346998362776  1.016  0
-1.366268990021138  -10.292831690730615  1.016  0
-9.1917413371694874  -4.7341364543442053  1.016  0
10.406051318337958  -0.24577174176161001  1.016  0
1.607024253655418  10.245658999306144  1.016  0
-9.9966223563020282  2.9129272114738853  1.016  0
9.1397885981855289  4.9717483187781228  1.016  0
-5.6607691392645609  8.6891099427545928  1.016  0
6.0644290680844728  8.442570048055984  1.016  0
10.573812436474469  0.89337714496105858  1.016  0
-0.78747166707128236  10.297086770869939  1.016  0
10.246824207851622  2.0283542335843081  1.016  0
9.9515295476703471  3.0825753982927657  1.016  0
10.092466667775229  2.401597817927676  1.016  0
9.9932896494418042  -2.943786308254122  1.016  0
-6.8579853001290676  -1.1021320743085008  1.016  0
6.8579853001290676  1.1021320743085008  1.016  0
6.5580859547884325  -0.46445635772337224  1.016  0
-6.5580859547884325  0.46445635772337224  1.016  0
-1.7763568394002505e-15  11.184982467117186  0.952473616518692  0
3.5527136788005009e-15  12.105125533326305  0.3546017729336477  0
1.7763568394002505e-15  11.785338717057456  0.66022862491758572  0
-0.89842120280687288  11.186391477319145  0.48659129163830805  0
-0.87426870117076738  11.250579375689004  -0.26154596919510298  0
-0.57930464210333987  12.034478423971359  -0.19565884014006074  0
-0.70042285794591708  11.71259360034629  0.26039834602857814  0
-0.43366108247306684  11.158360543005445  -1.6254639510997853  0
2.394580443898378  11.550183049627671  0.20716657612920464  0
2.0246884094748911  11.033908359750447  0.48844453844069624  0
2.0092151294006158  11.012311617651955  -0.19472503187712964  0
2.5256505953003225  11.733123463234218  -0.43168679640734142  0
2.511976004067511  10.816574781000735  -1.6863600289715672  0
3.2436582865281913  10.601080767170352  -1.6427825894988326  0
3.665686309183974  11.56218769261163  -0.37931440288296026  0
3.696932104704366  11.244672282492834  0.17234583471728893  0
3.7677387081472165  10.525145467545741  0.37517546956349235  0
3.7446364912494454  10.759906969078385  -0.38197983186255069  0
3.2092358085876569  11.977529142382759  -0.16172620391672365  0
3.1515027570580898  11.733738753689686  0.29787713479307287  0
2.6538463092529341  11.144960064506412  0.85637013437961462  0
3.2531334965342191  10.665006903835993  0.96324807388852274  0
3.0162305366459448  11.447137311965465  0.61972687648867808  0
2.6850638226640253  10.78059092194384  0.97162942083882897  0
3.1920692719291033  11.079943122828814  0.81961366352970555  0
4.7909487613100925  10.117053057435324  -0.19472503187707901  0
5.3023944415506721  10.536857082089215  0.20716657612936928  0
5.476346949007068  10.679640500837577  -0.43168679640763385  0
4.8114844503180123  10.133909128818134  0.48844453844117763  0
5.2259180534460565  9.7978617022624501  -1.6863600289711302  0
5.8768949118282778  9.4003371592292915  -1.6427825894981545  0
6.3634642243837662  9.1913472979129125  0.37517546956368952  0
6.5332954550130991  10.219466270507015  -0.37931440288328999  0
6.4019099440913561  9.4240887889798763  -0.38197983186255002  0
6.4812975406167528  9.9046829286675617  0.17234583471742349  0
6.0525627666631001  10.483346227859428  0.35460177293296091  0
5.8926693585282583  10.206402721175726  0.66022862491702128  0
5.5924912335580528  9.6864789574069032  0.95247361651844487  0
7.8897058062622651  8.8239732621371161  0.17234583214219612  0
7.4460345366113474  8.6229038160100444  -0.38197983438969385  0
7.2311740031604179  8.5255301715783514  0.37517546749423369  0
8.1803051152669077  8.9556713145091962  -0.37931440545197948  0
7.5835077147288974  8.1967970990346313  -1.6254639510993047  0
8.1949997378679473  7.5587817153375738  -1.581914607963163  0
8.5255301698510362  7.2311739993467778  0.37517546956376402  0
8.9556713123647729  8.1803051105328972  -0.3793144028829456  0
8.823973259987314  7.8897058015163823  0.17234583471767229  0
8.6229038139005212  7.4460345319543473  -0.38197983186245454  0
8.5961508245542255  8.5859644635341326  0.29787713479323497  0
8.3357009243765035  8.4053964444516698  0.6197268764924555  0
8.149799701835768  7.6096001619800537  0.96324807388724021  0
8.7680443081635335  8.7682266075775992  -0.16172620391972881  0
7.870778353764508  8.3248953853918248  0.85637013439467502  0
7.7156289422074469  7.9937336948417688  0.97162942084044013  0
8.3043846415369451  7.9994775809024947  0.81961366352813747  0
10.219466275634595  6.5332954558600562  -0.37931440545232475  0
9.9046829338080009  6.4812975414658327  0.17234583214194699  0
9.1913473020435266  6.3634642250660374  0.37517546749415909  0
9.4240887940240352  6.4019099449245322  -0.38197983438979  0
9.4465931535907117  5.9547417855548908  -1.6254639510995341  0
9.8721185589408158  5.1802004673560837  -1.5819146079632556  0
10.767732969726122  5.5836696758688076  -0.37931440288321627  0
10.256261038815381  4.9605453267292905  -0.38197983186250184  0
10.565309783995424  5.3370582623458986  0.17234583471750065  0
10.106595323348413  4.7782081428044707  0.37517546956386549  0
10.206402721177392  5.8926693585292202  0.66022862491888445  0
10.483346227861796  6.0525627666644661  0.35460177293503525  0
9.6864789574086672  5.5924912335590733  0.95247361651909723  0
11.244672287677966  3.6969321041950058  0.17234583214181376  0
10.759906974166402  3.7446364907496421  -0.38197983438978778  0
11.562187697783793  3.6656863086758902  -0.37931440545199191  0
10.525145471712284  3.7677387077380926  0.37517546749396224  0
10.623416544313731  3.2328523572801195  -1.6863600289709744  0
11.085432651419719  2.5073533315204579  -1.7561057792374641  0
11.627034109657004  2.4496414327495235  0.28358550048808873  0
11.593380369187742  2.425529751948174  -0.28202158058490379  0
11.100500213744844  2.0723990504080829  0.39477476981499315  0
10.909892852781086  1.9358358101304245  -0.25237364224459036  0
10.978903753370581  3.2741545222602237  0.85630258657883673  0
10.862753921388542  2.5152513222636843  0.96324040079182205  0
11.738038680167692  3.1377819504960138  0.29707590972609221  0
11.978334584031824  3.2097148958588528  -0.16417994577226191  0
11.421978581526595  3.1114045457048851  0.61946082114328838  0
10.678810037370775  3.065041687334717  0.9716220171915213  0
11.191612074375966  2.7756371918244032  0.81957115571413652  0
12.116965135747128  0.54826669738607325  -0.37931440545196238  0
11.362455275606935  0.83217224803190826  -0.38197983438963967  0
11.81835580784052  0.66062685349000561  0.17234583214251376  0
11.141672371107161  0.91524802395821458  0.37517546749426922  0
11.158360543005445  0.43366108247306684  -1.6254639510997853  0
11.079378239948362  -0.38937170939953936  -1.642782589497694  0
11.141672367189294  -0.91524802543395045  0.37517546956379955  0
11.362455270822464  -0.83217224983372939  -0.38197983186240192  0
12.116965130883523  -0.54826669921767079  -0.37931440288293095  0
11.818355802964716  -0.66062685532619314  0.17234583471798881  0
12.149590235338126  -0.0072028449538859007  0.29787713479387223  0
11.837743473999259  0.049282174876790208  0.61972687649702074  0
11.452070726805422  0.32110923254345458  0.85637013441237819  0
12.400016081247918  0.00012890515184338369  -0.16172620392151393  0
11.143578511142595  -0.38197875784806357  0.96324807388580513  0
11.108196848769758  0.19664975641585336  0.97162942084238657  0
11.528571537023936  -0.21560185019070666  0.81961366352632403  0
11.746620018188114  -2.5353203859514819  -0.38712756975038021  0
11.029657012520506  -2.0216424738387726  0.14205944185266961  0
11.641231815002142  -2.4598135721466736  0.22424492920406713  0
10.816574781000735  -2.511976004067511  -1.6863600289715672  0
10.601080767170352  -3.2436582865281913  -1.6427825894988326  0
11.244672282492834  -3.696932104704366  0.17234583471728959  0
10.759906969078383  -3.7446364912494454  -0.38197983186254869  0
10.525145467545741  -3.7677387081472165  0.37517546956349257  0
11.56218769261163  -3.665686309183974  -0.37931440288295848  0
11.978334584038  -3.2097148958605271  -0.1641799457783234  0
10.978903753272363  -3.2741545222990762  0.85630258661905034  0
11.738038680171542  -3.1377819504950173  0.29707590972704478  0
11.421978581510327  -3.1114045457313093  0.61946082115376866  0
10.862753921418372  -2.5152513222186084  0.9632404007886104  0
10.678810037386434  -3.0650416872170965  0.97162201719593155  0
11.191612074377959  -2.7756371918615148  0.81957115571038619  0
10.690174445850769  -5.4891804149971328  -0.38712756975063822  0
10.607919860053807  -5.3889699593672304  0.22424492920422834  0
10.13059098888521  -4.8074419727916782  0.14205944185297703  0
9.8802542360625729  -5.2036187574478188  -1.6254639510994062  0
9.4003371592292915  -5.8768949118282778  -1.6427825894981543  0
9.4240886964405224  -6.4019099288051171  -0.38197963589260775  0
9.9046828343990896  -6.4812975250448863  0.17234603167090656  0
10.219466176835756  -6.5332954395398852  -0.37931417146710511  0
9.1913472218923271  -6.3634642118262024  0.37517560638276315  0
10.206402720417216  -5.892669358090334  0.66022862557105166  0
10.483346227387372  -6.0525627663905572  0.35460177360448486  0
9.686478957017826  -5.5924912333334209  0.95247361664199226  0
8.5255301715783514  -7.2311740031604179  0.37517546749423403  0
8.8239732621371161  -7.8897058062622634  0.17234583214219623  0
8.9556713145091962  -8.1803051152669077  -0.37931440545197859  0
8.6229038160100426  -7.4460345366113465  -0.38197983438969296  0
8.1967970990346313  -7.5835077147288974  -1.6254639510993045  0
7.7141480070696087  -8.3465896223109493  -1.7561057792370325  0
8.1803050240581712  -8.9556712731748895  -0.37931417146676072  0
7.4460344465245667  -8.6229037751842021  -0.38197963589251205  0
7.8897057144903258  -8.8239732205475701  0.17234603167115536  0
7.2311739291666681  -8.5255301380457862  0.37517560638283765  0
8.5596163517282235  -8.5596163517282218  0.35460177293212358  0
7.9089769499502438  -7.9089769499502447  0.95247361651824725  0
8.333492925410777  -8.3334929254107788  0.66022862491632783  0
6.5332954558600562  -10.219466275634595  -0.37931440545232431  0
6.4812975414658327  -9.9046829338080009  0.17234583214194721  0
6.4019099449245322  -9.4240887940240352  -0.38197983438978977  0
6.3634642250660374  -9.1913473020435266  0.37517546749415909  0
5.9547417855548908  -9.4465931535907099  -1.6254639510995341  0
5.2910384319360633  -10.058754898595652  -1.7561057792371397  0
4.7909487612096795  -10.117053057355612  -0.19472503185368573  0
5.4763469489194341  -10.679640500768354  -0.43168679638725771  0
5.3023944414305433  -10.53685708199332  0.20716657615741696  0
4.8114844501476597  -10.133909128681015  0.48844453848108338  0
5.8926693585279448  -10.206402721175182  0.66022862491641354  0
5.5924912335577215  -9.6864789574063259  0.95247361651823192  0
6.0525627666626534  -10.483346227858656  0.35460177293228479  0
3.7079988191305007  -11.132213876141661  0.26039834602775558  0
3.7563429284448495  -10.640947789293092  -0.26154596919527706  0
3.7630594029813009  -10.572695913113396  0.48659129163793668  0
3.6743175290977406  -11.474478441340604  -0.19565884014025592  0
3.3068806600653184  -10.665908880266809  -1.625463951099209  0
2.4485971182102051  -10.876468814669311  -1.5819146079635051  0
2.0092151293280138  -11.012311617546278  -0.19472503185373591  0
2.0246884093495914  -11.033908359571214  0.48844453848060199  0
2.5256505952373494  -11.733123463141979  -0.43168679638696483  0
2.3945804438109213  -11.550183049501259  0.20716657615725265  0
2.8948864816280455  -10.803863431581458  0.95247361651883478  0
3.0502701129590797  -11.383763038372727  0.66022862491800915  0
3.1330370313818356  -11.692653383113985  0.35460177293395212  0
0.87426870117076749  -11.250579375689004  -0.26154596919509987  0
0.89842120280687288  -11.186391477319145  0.4865912916383085  0
0.70042285794591708  -11.71259360034629  0.26039834602857925  0
0.57930464210333998  -12.034478423971359  -0.19565884014005763  0
0.43366108247306684  -11.158360543005445  -1.6254639510997853  0
-0.44987407804394169  -11.139605694895446  -1.5819146079628301  0
-0.91524802543395045  -11.141672367189294  0.37517546956379921  0
-0.54826669921767035  -12.116965130883523  -0.37931440288293206  0
-0.83217224983372917  -11.362455270822464  -0.38197983186240347  0
-0.6606268553261927  -11.818355802964717  0.1723458347179887  0
1.7763568394002505e-15  -11.184982467117187  0.952473616518692  0
0  -11.785338717057456  0.66022862491758505  0
1.7763568394002505e-15  -12.105125533326305  0.35460177293364681  0
-2.5551868989015141  -11.774348589927177  -0.19565884014015844  0
-2.027442917625728  -11.037752948735863  0.48659129163787096  0
-2.3548857635017213  -11.494779426666446  0.26039834602773859  0
-2.0673854932879832  -11.093502570095156  -0.26154596919527462  0
-2.4691117812329972  -10.890388374794959  -1.6254639510998061  0
-3.3176870993316632  -10.643596856076044  -1.5819146079637778  0
-3.7446364912494454  -10.759906969078383  -0.3819798318625518  0
-3.696932104704366  -11.244672282492834  0.17234583471728859  0
-3.665686309183974  -11.56218769261163  -0.37931440288296159  0
-3.7677387081472165  -10.525145467545741  0.37517546956349224  0
-3.0162305366377362  -11.44713731196493  0.61972687649144631  0
-3.2092358085879287  -11.977529142384061  -0.16172620391813453  0
-2.6538463092309943  -11.144960064488844  0.85637013439021148  0
-3.253133496548414  -10.665006903836586  0.96324807388767164  0
-3.1515027570587462  -11.733738753690107  0.29787713479338063  0
-2.6850638226929071  -10.780590921931639  0.97162942083998693  0
-3.1920692719208237  -11.079943122833855  0.81961366352872811  0
-4.8114844503180123  -10.133909128818134  0.48844453844117741  0
-5.3023944415506721  -10.536857082089215  0.20716657612936895  0
-4.7909487613100925  -10.117053057435324  -0.19472503187707946  0
-5.476346949007068  -10.679640500837577  -0.43168679640763497  0
-5.2036187574478188  -9.8802542360625729  -1.6254639510994062  0
-5.959405227536811  -9.422244480896337  -1.5819146079631869  0
-6.4739886883342921  -9.8604368281615482  0.20716657615733769  0
-6.51066650248824  -10.082475828086459  -0.43168679638732121  0
-6.3661505784974075  -9.2076098641152893  -0.19472503185373502  0
-6.3704805200042323  -9.2338223280825655  0.48844453848088276  0
-5.5924912335583441  -9.6864789574074077  0.95247361651863094  0
-5.8926693585285337  -10.206402721176202  0.66022862491755308  0
-6.0525627666634891  -10.483346227860103  0.35460177293355333  0
-7.9508769495525549  -8.8516956970606486  0.2242449292044203  0
-7.265622245973157  -8.5411419309511363  0.14205944185291597  0
-8.0689618700605621  -8.9052111513770527  -0.38712756975040974  0
-7.5835077147288974  -8.1967970990346313  -1.6254639510993047  0
-8.1949997378679473  -7.5587817153375738  -1.581914607963163  0
-8.5323340505234402  -7.2461871524370345  -0.19472503185364531  0
-8.8983576872037506  -8.0538393081283992  -0.43168679638702101  0
-8.5433007377449393  -7.2703857770274265  0.48844453848096614  0
-8.8054617173247021  -7.8488590204936317  0.20716657615758061  0
-8.5596163517306927  -8.5596163517306927  0.35460177293477169  0
-7.908976949952085  -7.9089769499520877  0.95247361651908036  0
-8.3334929254125178  -8.3334929254125178  0.6602286249187066  0
-9.207609864241773  -6.3661505785182504  -0.19472503187712786  0
-9.2338223282983236  -6.3704805200398225  0.48844453844097702  0
-10.082475828196632  -6.5106665025063881  -0.43168679640769447  0
-9.8604368283131976  -6.4739886883592925  0.20716657612929013  0
-9.4465931535907117  -5.9547417855548908  -1.6254639510995341  0
-10.058754898595652  -5.2910384319360633  -1.7561057792371395  0
-10.767732969726122  -5.5836696758688076  -0.37931440288322116  0
-10.106595323348413  -4.7782081428044707  0.37517546956386461  0
-10.565309783995424  -5.3370582623458986  0.17234583471749931  0
-10.256261038815381  -4.9605453267292905  -0.38197983186250672  0
-9.6864789574064893  -5.5924912335578156  0.95247361651829276  0
-10.483346227858874  -6.0525627666627795  0.35460177293247774  0
-10.206402721175335  -5.8926693585280336  0.66022862491658718  0
-11.311509269207741  -3.6903548654483944  0.22424492920399564  0
-11.440531537328972  -3.677658148127541  -0.38712756975044305  0
-10.56278440478995  -3.7640347665463554  0.1420594418527007  0
-10.665908880266809  -3.306880660065318  -1.625463951099209  0
-10.802634395205562  -2.4914499062571349  -1.6427825894984445  0
-11.012311617546278  -2.0092151293280138  -0.19472503185373613  0
-11.550183049501259  -2.3945804438109213  0.20716657615725254  0
-11.733123463141979  -2.5256505952373494  -0.43168679638696528  0
-11.033908359571214  -2.0246884093495914  0.48844453848060176  0
-10.803863431578444  -2.8948864816272382  0.95247361651783646  0
-11.692653383109942  -3.1330370313807521  0.35460177293077888  0
-11.383763038369882  -3.0502701129583176  0.66022862491515921  0
-11.362455275606935  -0.83217224803190837  -0.38197983438963834  0
-11.141672371107159  -0.91524802395821458  0.37517546749426933  0
-11.81835580784052  -0.66062685349000594  0.17234583214251342  0
-12.116965135747128  -0.54826669738607348  -0.37931440545196171  0
-11.158360543005445  -0.43366108247306678  -1.6254639510997853  0
-11.139853141578868  0.44987508620075645  -1.5821059670678141  0
-11.157099339708566  0.90944319323855971  -0.19472503185359225  0
-11.776383129766939  0.6764202538300621  0.20716657615789769  0
-11.987013451409751  0.59716467268020013  -0.4316867963870088  0
-11.181964970153091  0.90008680059685564  0.48844453848100666  0
-12.400016081247859  -0.00012890515189489804  -0.16172620392135273  0
-11.837743473999797  -0.049282174875754592  0.61972687649658775  0
-11.143578511142115  0.38197875784597279  0.96324807388592393  0
-12.149590235338183  0.0072028449538059647  0.29787713479379541  0
-11.452070726808902  -0.32110923254093393  0.85637013441080656  0
-11.108196848770508  -0.19664975642046301  0.97162942084221693  0
-11.528571537023725  0.21560185019212952  0.81961366352643195  0
-11.033908359750447  2.0246884094748911  0.48844453844069635  0
-11.733123463234218  2.5256505953003225  -0.43168679640734009  0
-11.550183049627671  2.394580443898378  0.20716657612920486  0
-11.012311617651955  2.0092151294006153  -0.19472503187712942  0
-10.890388374794959  2.4691117812329972  -1.6254639510998059  0
-10.601080767170352  3.2436582865281913  -1.6427825894988326  0
-10.525145390865356  3.7677387156931164  0.37517560638256564  0
-10.759906875735863  3.7446365004350195  -0.38197963589260975  0
-11.562187598127379  3.6656863184819026  -0.37931417146677782  0
-11.244672187406186  3.6969321140615747  0.17234603167077078  0
-11.978399492735441  3.2094726532964657  -0.1641799457757136  0
-11.44742588593647  3.0164339127131434  0.61946082114970591  0
-11.145086817214008  2.6539508844420681  0.85630258660333003  0
-10.665046512116334  3.2531054187436155  0.96324040078985607  0
-11.734330662880314  3.1516204594181678  0.29707590972683517  0
-10.780641618191993  2.6850010538613223  0.97162201719421404  0
-11.080038961635793  3.1920337173604389  0.8195711557116836  0
-10.767732973021817  5.5836696798872394  -0.37931440545225015  0
-10.565309787299386  5.3370582663744051  0.17234583214202426  0
-10.256261042057433  4.9605453306823692  -0.38197983438974092  0
-10.106595326003005  4.7782081460418482  0.37517546749433495  0
-9.8802542360625729  5.2036187574478188  -1.6254639510994062  0
-9.4003371592292915  5.8768949118282778  -1.6427825894981543  0
-9.3146463975677918  6.3838315538349892  0.39477476981519644  0
-9.9128664114985714  6.4826493403569296  -0.28202158058523596  0
-9.9537127325961254  6.4893965954544361  0.28358550048818021  0
-9.0833018468255471  6.3456165896146404  -0.25237364224461145  0
-9.6864789574083048  5.5924912335588637  0.95247361651896312  0
-10.206402721177049  5.8926693585290222  0.66022862491850165  0
-10.483346227861308  6.0525627666641864  0.35460177293460915  0
-8.8983576872490051  8.0538393082304776  -0.43168679640739693  0
-8.8054617173873098  7.8488590206340012  0.20716657612953304  0
-8.5323340505755194  7.2461871525541719  -0.19472503187703838  0
-8.5433007378343682  7.2703857772269771  0.48844453844106073  0
-8.1967970990346313  7.5835077147288974  -1.6254639510993045  0
-7.7141480070696087  8.3465896223109493  -1.7561057792370325  0
-7.4460344465245658  8.6229037751842021  -0.38197963589251427  0
-7.2311739291666681  8.5255301380457862  0.37517560638283731  0
-8.1803050240581712  8.9556712731748895  -0.37931417146676272  0
-7.8897057144903258  8.8239732205475701  0.1723460316711547  0
-8.3334929254122994  8.3334929254122994  0.66022862491840928  0
-8.5596163517303854  8.5596163517303836  0.3546017729344404  0
-7.9089769499518559  7.9089769499518567  0.95247361651897622  0
-6.4019099449245322  9.4240887940240352  -0.38197983438978733  0
-6.4812975414658327  9.9046829338080009  0.17234583214194799  0
-6.5332954558600553  10.219466275634595  -0.37931440545232209  0
-6.3634642250660374  9.1913473020435266  0.37517546749415942  0
-5.9547417855548908  9.4465931535907099  -1.6254639510995341  0
-5.1802004673560766  9.872118558940846  -1.5819146079632533  0
-3.7640347665463554  10.562784404789948  0.14205944185270081  0
-3.6903548654483944  11.311509269207741  0.22424492920399541  0
-3.677658148127541  11.440531537328972  -0.38712756975044416  0
-3.3068806600653184  10.665908880266809  -1.625463951099209  0
-2.4914499062571349  10.802634395205562  -1.6427825894984445  0
-1.9996152976974901  10.998912707495005  0.37517546956344661  0
-2.42069902250809  11.586637906221631  0.17234583471735321  0
-2.1370031551809463  11.190671023203855  -0.38197983186253603  0
-2.6065163802491131  11.84599141971665  -0.37931440288287899  0
-3.2741545223321369  10.978903753188703  0.85630258665325476  0
-3.137781950494138  11.738038680174798  0.29707590972774445  0
-2.5152513221802124  10.862753921443673  0.96324040078587236  0
-3.2097148958619632  11.978334584043234  -0.16417994578373285  0
-3.1114045457537367  11.421978581496468  0.61946082116262291  0
-3.0650416871169428  10.678810037399685  0.97162201719967922  0
-2.775637191893102  11.19161207437956  0.81957115570718408  0
-4.2626155319916776  7.137619866919203  1.511990475711569  0
2.320566892162391  9.2247522548839314  1.5399003900288961  0
-2.0794086573390307  7.8110571449037485  1.3020421050064868  0
2.5021357010543128  8.2315957049450361  1.6523200312086983  0
6.9921193295755311  4.4996575919121193  1.5128537976490182  0
4.9275682214575305  7.4767836042753881  1.7029100914194846  0
-7.496492878601166  5.3893664865453426  1.6620490125429783  0
-4.7453743724939219  8.237270142526631  1.5434234578072312  0
-0.17719115254576281  9.525712658617854  1.5303936900193813  0
-7.6036350591776856  3.9964543413587839  1.6479670812490546  0
-9.1817143779187091  2.4684839824712683  1.5425910433765995  0
6.9249089554897214  6.8907693008924147  1.3216809399697522  0
-6.8531099543279126  4.2963092779578469  1.3084938756623505  0
8.1293443159431593  5.1081447779796862  1.4791935747738214  0
3.4097057995680795  8.2506044875401638  1.7030698301363909  0
-2.1386633212929516  8.3440092028454202  1.6554867337134787  0
8.0950326160871171  2.972180007807705  1.6583799460244579  0
-6.6783919513087362  4.9824107686673225  1.5243737996332625  0
7.1955401902687051  5.7120892829223893  1.6737857567490964  0
-2.4596725825757355  9.2065464891647455  1.5290579742850539  0
1.8756835866818093  8.7029559537646808  1.7026382405656606  0
3.6205540499646118  8.7970053917219442  1.5394278119498077  0
-0.62196113316252866  8.058795873136086  1.3016278763974558  0
5.4905289111096378  7.5360167028452301  1.6320816421373183  0
-7.5283539196396756  3.5081400519505581  1.506524031470581  0
-5.5453917231587369  6.1942824541994401  1.5121947217349252  0
6.4548930734619896  4.8317167626085746  1.2768988170281905  0
6.5680243587386311  6.8027856866377734  1.572123222574052  0
-3.9780989789969401  8.2982509194389174  1.6700581267817118  0
-1.3823199084632467  8.2084921503345996  1.5190408864246394  0
0.87938272260064498  8.0328944511494935  1.2993481213387439  0
-3.4730180199267888  7.2983359723808165  1.3013680345022614  0
6.0972070712934761  5.5437094909418292  1.4579029212859171  0
-6.0829156048507453  6.0862412652374598  1.6527634784607983  0
7.7282453194639897  2.4057547694262111  1.3150756029268242  0
-4.4440531337678673  7.7077270486037168  1.702460924881112  0
0.97072493772351742  8.5436999682541614  1.6507967745651837  0
7.4357373453411357  4.3334437673472994  1.653211742505297  0
-9.4558602572428381  1.2684108537149281  1.5218632602149023  0
3.0464301358802937  9.2800191632303459  1.3238962927492097  0
-4.770960820239412  6.5232938810548191  1.3004567806779952  0
-8.2668844971551376  4.0782315971898662  1.6660363953558699  0
-2.8494191918932343  7.8172421243369845  1.5165714531839694  0
3.9200180089167489  7.7024072655750393  1.6638081460858918  0
7.4043900204301103  5.9917496502940502  1.531877775522783  0
-9.1260667505290272  1.3735880826316931  1.6631180140294135  0
-3.6313722931240116  7.7891462166803223  1.6493103200875847  0
-8.1904420406128207  4.8393503673086595  1.5392034432521289  0
-5.2688273651377822  7.5602426055873364  1.6668327924097399  0
9.116444292552405  2.8080233354550956  1.5228119051368982  0
1.6388560992005632  8.148586130896966  1.5107524534649623  0
-8.1477265166624999  2.6506408675706421  1.6405235364567243  0
3.9427052081851603  7.0583473433925974  1.3041813547626691  0
8.5155995341760491  1.5048096432201037  1.6651633311496461  0
1.3423558849716726  9.1116999996464347  1.6681439052485287  0
3.0372105484506071  7.7387340363036543  1.5118736418332068  0
-6.7178330734807705  6.8128008695080196  1.5033553365128762  0
7.2146866343943072  3.6481754344737745  1.3038605444476463  0
-6.4821212030966233  6.609039900716688  1.6548423006023283  0
6.3814478670624109  5.6598742133111068  1.6262610353062685  0
-7.6621196002346421  4.5841016353766131  1.7030774416159655  0
6.0332375323644838  7.5578849587084047  1.4218300071982442  0
-5.7092692100706426  6.8559792861382522  1.7030209180308939  0
-3.0071842447964428  8.3741359537493238  1.7024810023984545  0
2.4145634523916817  7.707717846432951  1.294670282924677  0
-6.7623588957710963  5.8638608431914774  1.702973267450421  0
0.12528590433679412  8.320206934884677  1.5170967922562586  0
-1.3881644397720931  8.8294125467417501  1.7030870051724873  0
8.010936159495559  1.2082311104031174  1.3237865973016048  0
-8.0924512347125166  1.836921215478083  1.501426378396528  0
-1.3652585887230164  9.1876763167392923  1.6447688591488432  0
-4.3171722195296534  8.7606751205103528  1.3246065633436226  0
1.0443369091654744  9.4575172022573444  1.5381459875222852  0
-8.7752457482310309  3.6664559557148308  1.5409712347713413  0
-6.9644338240195847  5.1283285239085563  1.6655234386623237  0
6.030457529882165  6.430650460853812  1.6967070842793697  0
8.9467420423169131  2.3581827266417563  1.6563505770367661  0
-7.5515004600119999  2.883749137771269  1.3023875633845008  0
-0.62112115576982763  8.5926666290664198  1.6558970314819565  0
-3.604491950007461  8.7965390414204503  1.543415049704723  0
9.211416902669443  1.1767892326370866  1.6455370416933723  0
4.2071295419480013  7.2087869224281667  1.53362646432016  0
-8.737626539320301  1.6731040219748701  1.7024354412486598  0
-7.9503569965072529  1.4340352692533167  1.296618716745316  0
-5.9241750094980636  5.506109884744272  1.3077344701326252  0
2.7978130989947276  8.7828911642601621  1.666128856510146  0
1.8173377915922744  9.5990660657581444  1.3212243189205968  0
7.9666119984208059  4.8020639972600581  1.6401301640867159  0
-2.6290423279735813  8.8259397882170507  1.6683663139425202  0
9.4433534828001449  1.479852314505109  1.5097537560681016  0
-7.4588732795860384  5.91790991499734  1.5341812550167337  0
0.27697770099331454  8.8962598002216566  1.702572400971416  0
8.479900387594359  2.8071222321995877  1.7030904897701875  0
-4.9678883647263348  7.0130520746984368  1.6494073872799451  0
-0.083853716142106433  9.2126597859381469  1.6673680168313108  0
7.8904090952463131  4.2252380100576232  1.7029758536407869  0
7.0303530471904523  5.3801489408780405  1.7000683616057959  0
-8.4729062070296575  1.2830398652911292  1.6410352890793076  0
7.7025634614375633  3.1793842966174215  1.5248666657767203  0
8.8545549081012229  1.4106853568618571  1.7026350218107345  0
-1.3298752204713351  9.492939817137529  1.4906243517832627  0
4.2318461608085336  8.2061396481668876  1.6619490830518266  0
-8.7832080828941486  2.7347280953783897  1.6709058843453124  0
5.1615878921191438  6.8824562556571944  1.6521435183242121  0
-5.8081270529040472  7.5382923096207364  1.5373353356179078  0
4.8719239097052283  8.2165702634539404  1.5139974143433539  0
6.2202506646227613  6.675889928889033  1.6865890135121395  0
8.1832890065882822  1.6762672728577919  1.5377196483105133  0
8.6645083257857696  4.0147567586570796  1.5159595119488536  0
5.2737605196854611  6.0983297431809715  1.2761842653195021  0
-8.2874796783953126  3.2128510916798647  1.7021341181942238  0
8.5174648027210171  3.593658552434261  1.6586537861161417  0
5.2141052530507013  6.4638469242870311  1.5058998025943979  0
-2.0036490494639585  9.583518469725723  1.2960232582271476  0
-7.3164451070271053  6.4987904553395612  1.3018673887848451  0
9.1298287680724695  3.5056040487987805  1.3093297306440881  0
-8.0664487263504387  5.5115335201560187  1.3212355140486771  0
-5.3831387028589521  8.1507970497915814  1.3230614215962451  0
-9.1749677997562848  3.3537768357485342  1.3222251711092365  0
-9.7205495184904613  1.1437086723219458  1.2998507978376983  0
-8.6939275166412724  4.4539391213557158  1.3225735820279563  0
-9.5085431855523073  2.2479357072589372  1.3199903477597656  0
-3.1932107133159242  9.2354198932860587  1.3185656330241753  0
-0.67508483703905509  9.7663924540808988  1.2972932821924319  0
0.57302522795142907  9.7563203471310729  1.3171001779938509  0
9.4991658878282443  2.3226926161062145  1.3101793339763002  0
9.719518700185743  1.1486312081179642  1.3003948616974372  0
5.3754208385070354  8.196181847163162  1.282379875252468  0
4.2307648417922463  8.8086983343084881  1.3183892138878168  0
-6.3774788540734653  7.4204054243797657  1.3037197986662359  0
7.805707961913213  5.9068992269987106  1.2983943703969998  0
8.6022737437913612  4.6892267435974508  1.2878209251227766  0
-2.7608744587912462  -8.8390988711317  1.6539330706828541  0
-7.3750045742464829  -4.4120890490263411  1.649301999607399  0
-0.19771977662712767  -8.3192166814810644  1.5173743710045602  0
-4.8271159206140419  -7.5238575379159478  1.7030820413659469  0
4.7052058464229569  -6.5781541652230811  1.3075851815587147  0
9.3087396946227816  -2.4033660909891168  1.4692118256854747  0
6.3383900395761525  -5.806885353108072  1.6500137098526064  0
8.9347208337181581  -2.7841065395806135  1.6184394761528273  0
2.8428313396437561  -7.8387297529566098  1.5283285569146088  0
-5.2508604399782302  -6.4398186854402359  1.5090007227488218  0
-7.7298543392496351  -4.9438647444883674  1.6764264854820481  0
-0.29430580342755031  -9.5256792953174028  1.5285643218751548  0
-1.8951274743885242  -8.735587282134599  1.7030837674674419  0
2.0463388914929741  -7.8248324871680914  1.3079124439397918  0
-9.4548631557162359  -1.4530992612051414  1.5047284821539426  0
6.7833182566022918  -4.3837296084299835  1.2940183161954522  0
1.3456469254216019  -8.2203754306853245  1.5228070747072571  0
1.7914195661741668  -9.0881658359997584  1.6530646482765547  0
7.3877562731002806  -4.407229544247218  1.6520047586923625  0
5.1051571211662727  -6.9263370492682856  1.6526285304916644  0
-3.3631055264222658  -8.296621204508428  1.7029473512118729  0
-8.9225988581551938  -2.4521134333469887  1.656018384669995  0
8.4692201580762188  -1.5345841018022073  1.6534593657932208  0
-3.0880511106111479  -7.7272983659074121  1.5173238612402096  0
-2.5355216970733019  -7.671289347416625  1.2975981733914344  0
-6.0294223164318463  -6.5457088203801286  1.7025374825721964  0
-8.0889272100637459  -2.9475300076587918  1.6541068401030459  0
-4.0649551603784966  -6.9936784501523475  1.3093780100598909  0
-4.3017564562197403  -8.1634333292653327  1.6634931165496782  0
-8.0096747137986366  -1.2056850158151819  1.321913084285951  0
6.3687290539612791  -7.0887092184693028  1.5290572802864233  0
8.1422556414573979  -4.9756226619137669  1.5207947496046597  0
1.1292809334648426  -9.4758578421407371  1.520310404745733  0
9.1464731885558059  -1.4788918128392914  1.6523697580712859  0
7.894653467039042  -4.2001419301795808  1.7030635900733579  0
6.0108154206280995  -6.5660401986256494  1.7026106927493867  0
7.9189509531069104  -1.5688611962523604  1.2894550907055899  0
3.7191397241617699  -8.1703648204846928  1.7022714154223721  0
5.4951821792067275  -6.2513639809265333  1.5184994901561779  0
8.808913342898439  -3.7601398466901941  1.4962459980931264  0
-2.5008972646500975  -8.2508162491334716  1.6578171077251569  0
-6.0883734218271428  -7.3770390329240207  1.5053450743027526  0
7.3324399177191397  -3.9001625852101158  1.5062228779525948  0
0.55112139998990128  -8.5930498259553403  1.6545632727575841  0
-1.70406556927972  -8.140904214906648  1.5145408893875472  0
-8.1952760180251012  -4.8264023892361392  1.5406859072582069  0
-5.7127394474831661  -7.2620930633906822  1.6600384349627286  0
-0.966224400757552  -8.023434062272699  1.299979259040507  0
2.5104624493229104  -8.5909585802636546  1.7029792372935808  0
4.2271273433240486  -7.1850275312234961  1.5270117542950794  0
5.6583127905687736  -7.3011186459266675  1.6608218555504877  0
3.4308164279097078  -7.3250771378297319  1.3087787805166808  0
-7.2126731166345097  -3.6444452641815013  1.2996441695618444  0
-1.0154115067959459  -8.5519492859387096  1.6549658348553966  0
7.0476274667461762  -5.4246378929690771  1.7023356054908625  0
-9.2105267764892158  -1.230805762370305  1.6434606332538082  0
-5.2209608329326089  -6.8584072638443159  1.6572275673052075  0
-8.864931193338311  -1.3793113603476814  1.7024673417133838  0
2.5626196521157065  -9.2091413369747244  1.509451934161212  0
8.1761427375198608  -3.0147682458462173  1.6809120119489864  0
-7.0670446815328862  -5.3649334703182223  1.7013668501803525  0
5.8424818251445121  -5.5882362682715483  1.3040164398391139  0
-7.5320741277419119  -5.7015077924623281  1.5770982685917303  0
8.5836695385077952  -2.8588171864660357  1.6973182415612351  0
-8.5068885258624594  -2.7199203261247238  1.7030873175197256  0
8.8031288960087863  -1.5083983353656596  1.7030881577734021  0
7.3295495131194759  -6.0867877343538153  1.5303708848937041  0
-5.3817464621429885  -6.0127932752837854  1.2852420921700802  0
-7.7283161677171117  -2.4018173349449641  1.3137805881447171  0
-9.1421049499614995  -2.731861812880382  1.5212088439486156  0
-8.1832708709329296  -1.6655268504270448  1.5363748157490251  0
-4.2538921978628448  -7.197394473191328  1.5421998383357431  0
-8.7492449461469022  -3.8513019933311243  1.5092182365429905  0
2.1406144836797774  -8.3520512259219224  1.6579632508650821  0
9.4835741132223461  -1.2034329141631548  1.509052486526081  0
-6.8509778977408651  -6.5940726118129174  1.5419384813757433  0
-8.4550258352435641  -3.7355082678410292  1.6589713901058949  0
7.5316487531042409  -2.9728154539448801  1.3186790984691585  0
3.6809308835813432  -7.8108692133168844  1.6616404135566771  0
4.5019956041593989  -8.1085823799167116  1.6494116770145211  0
-6.7799277021953346  -6.1951532918413097  1.6745031530258272  0
-0.3620506391412816  -8.9174640126244693  1.7030502254645019  0
0.33770591945408579  -9.2372802213503551  1.6589728521095002  0
-2.8533431024457721  -9.1335695762118547  1.5026179870561149  0
4.8546688063053542  -7.4865713280961597  1.7030309585443359  0
-3.8946887270741888  -7.7231815724299135  1.6657250169023485  0
-6.4508473227401089  -4.8452701257018216  1.2831434793625258  0
-7.0105125856932951  -4.4621424459535701  1.5096284982789236  0
-7.6986574307383693  -3.1769526364328735  1.5219025783421483  0
3.1773394852651697  -8.7267553836585297  1.6452341413180691  0
6.7064118556742827  -6.3274838600680674  1.6654623185625677  0
8.1741174608491161  -1.4580717658265387  1.5048090517427399  0
-7.9347147228648813  -4.0247019498755696  1.7024595152295023  0
-7.7851192980023338  -5.8630108756669603  1.3477121797714811  0
5.258223230558122  -7.9694255546361195  1.5170573236060481  0
6.5650995465232258  -5.1141000856928001  1.5176185419970007  0
8.3465317379043888  -4.0523244793020536  1.6482029179771818  0
0.56910252193143218  -8.0648075173913849  1.3041669305226831  0
-1.6578166935503837  -9.3831838876878226  1.5296612134751988  0
-8.5176359449719268  -1.4881384604304122  1.6649262867289276  0
-1.183089658416544  -9.1618511464068586  1.6605688052294236  0
-5.0951798923633635  -8.0286064902290626  1.5418843951450563  0
-6.1796793937916696  -5.509973555962052  1.4877820684434258  0
1.1326159730737946  -8.8575480613127429  1.7030819489513216  0
-6.3645781173587306  -5.7461570259628081  1.642855801843341  0
3.9732590806069923  -8.6954415957633913  1.5086547305499032  0
7.5993153524740222  -5.2436191488695743  1.6620116443272064  0
-3.948430674370774  -8.6585448408721124  1.537325146496475  0
7.9239041159740911  -2.7728422241052084  1.5623714116920984  0
-4.7638157152380236  -8.5254905100020295  1.3251625440575978  0
-3.6006760711862795  -9.0964836818275945  1.3051822281628387  0
4.7478501914185633  -8.5524274976795507  1.3067019419482855  0
5.9789912266168352  -7.7362587919961712  1.3120584570181646  0
9.6718619542209261  -1.5602346488378289  1.2883777018385465  0
7.03169813589012  -6.7877666483433563  1.3168366040009536  0
9.2648127295014984  -3.1840436038751325  1.2886558005357323  0
3.3624456128966789  -9.1866901017520348  1.3057695087798395  0
-0.94287220351436907  -9.7283197538811361  1.3161989243757661  0
0.45463107393533692  -9.7656123890077229  1.3135165747047428  0
-2.2734284971988372  -9.517980578516914  1.3021281879704456  0
-6.9360280479255305  -6.8932847765581071  1.3103731815886168  0
-9.7197305433484402  -1.1758948024491462  1.2961829053918514  0
7.9285149955568546  -5.7198858379535  1.313241200923196  0
-8.5222775575908294  -4.7956477494601124  1.3102765550158983  0
-9.1057213524598293  -3.5906523799135042  1.299241398734944  0
1.9031011502345656  -9.5937053655579358  1.3082367590242809  0
-5.8697573198664594  -7.829993149561651  1.3019789475481938  0
8.6725523123268182  -4.5321177031383479  1.3025718975367218  0
-9.4866727466944027  -2.3828833311213287  1.3073749733960049  0
-2.1040019270371468  4.7872382368515343  -0.82311295602137902  0
-2.665478644609188  4.6167468563886835  -1.8998855572444531  0
-2.3129812713394897  4.0062034863480953  -2.4559377585308315  0
-2.9634092456498884  5.132777838035115  -1.4299104948936741  0
2.6654788608759583  4.6167448141783574  -1.8998868669131199  0
2.3129809801117016  4.0062005785221286  -2.4559398596076147  0
2.9634097283141636  5.1327762134362587  -1.4299114142495148  0
-5.2396653301512615  1.488378442834265  -1.8083928425171147  0
-4.3022799475897857  1.5390638119856497  -2.5006458589542198  0
-4.7463780973213341  -1.5247677622700313  -2.1725336816045813  0
-5.8917293375155566  0.18601242457170408  -1.4552726930217643  0
5.2396693792907492  -1.4883747808816374  -1.8083905595960545  0
4.3022799475897671  -1.5390638119856304  -2.5006458589542393  0
5.8917578018917354  -0.18645740824920784  -1.4552391649186791  0
4.7463780973213332  1.5247677622700313  -2.1725336816045822  0
-2.522077844393964  -5.5113669671340197  -0.65936358944154039  0
-1.990120910532716  -4.5899905302478219  -0.74858317795519902  0
-2.4399032639095122  -5.3690364186442965  0.17559859653795185  0
1.4681907543493518  -6.4540916702320219  -4.4408920985006262e-16  0
-0.053963258552440475  -6.6187590487675019  -4.4408920985006262e-16  0
-1.7837877535829456  -6.3740869643489173  4.4408920985006262e-16  0
1.8574166956357692  -4.3601354142418982  -0.58364855288165174  0
2.4393208038208845  -5.3680229017626919  -0.35502088121721398  0
-0.58616997756366584  -3.7003603888544436  -3.6494639873086809  0
0.023896378610971047  -3.7464237898413573  -0.46311930329861939  0
0.32354145360134595  -3.7325036072054272  -4.1381106079948076  0
0.19111225577636676  -3.7416224229192427  -2.4867163160269552  0
2.858572255060682  -2.1221353890374615  1.3653467572553546  0
-2.8581236686786928  -2.1226672614993038  1.3654275309133233  0
-3.8869010457283846  -0.48260000000000003  -1.8612841759554299  0
-3.0307283305713035  -0.48260000000000003  0.93556559287092422  0
-3.5534358393250125  -0.48260000000000003  -0.39643825804567301  0
-3.0529823128184037  -0.48260000000000003  -5.1596495081899798  0
-3.0307297966439215  0.48260000000000003  0.93555662492277658  0
-3.8868997931813949  0.48260000000000003  -1.8612863668427917  0
-3.5534350609175709  0.48260000000000003  -0.39644323962184486  0
-3.0529823128217681  0.48260000000000003  -5.1596495081917961  0
-2.8585721880860677  2.1221354715352523  1.3653467658821712  0
2.8581236686785862  2.1226672614993967  1.3654275309133801  0
-0.37761218397691526  3.7274215335151166  -4.1569357190691045  0
0.4326834321200777  3.721430813218054  -3.7030843953056252  0
-0.36121106301673939  3.7290466366022179  -2.5457274905364473  0
0.67986240681715182  3.6842976749710097  -2.005158297448971  0
-0.13327089628543631  3.7441288864304973  -0.50093431312576042  0
-2.9416577070940275  3.9521053384118776  -0.6703853483868718  0
-3.4944791646720592  4.9096201971120239  -0.31663392537903468  0
-4.7973703190325434  4.5602764610252393  -1.7097434579227411e-13  0
-5.8180398243086655  3.1561520846869331  1.4743761767022079e-13  0
-4.5440309388369826  2.5146000000000002  -0.17690422739963868  0
-3.7158017358018145  2.5146000000000002  -1.3889501038490863  0
-5.6613992534538999  2.5146000000000002  0.27279069859628252  0
-5.5923643568649135  2.5146000000000002  -0.55153117128445706  0
1.9453135322051756  1.9013445081588716  -5.9436  0
-1.9453135322051898  1.9013445081588567  -5.9436  0
1.9453135322051756  -1.9013445081588716  -5.9436  0
-1.9453135322051891  -1.9013445081588569  -5.9436  0
1.9453135322051756  1.9013445081588716  1.778  0
-1.9453135322051898  1.9013445081588567  1.778  0
1.9453135322051756  -1.9013445081588716  1.778  0
-1.9453135322051891  -1.9013445081588569  1.778  0
3.8868997930050551  0.48260000000000003  -1.8612863666178909  0
3.0529823128184317  0.48260000000000003  -5.1596495081899958  0
3.5534350608944272  0.48260000000000003  -0.39644323959330569  0
3.0307297966370408  0.48260000000000003  0.93555662492510472  0
3.0307288038113667  -0.48260000000000003  0.93556826202276133  0
3.8869003508947011  -0.48260000000000003  -1.8612828804217183  0
3.5534352337748292  -0.48260000000000003  -0.39643610188097511  0
3.0529823128217686  -0.48260000000000003  -5.159649508191797  0
0  -2.375  -3.3187620427776006  0
0  -2.375  -0.84683795722240029  0
0  -2.375  -2.0828000000000002  0
0  2.375  -3.3187620427776006  0
0  2.375  -0.84683795722240029  0
0  2.375  -2.0828000000000007  0
5.6613992542743876  2.5146000000000002  0.27279069784485027  0
3.7158017490369413  2.5146000000000002  -1.3889501213016129  0
5.5923643590401495  2.5146000000000002  -0.55153117291990095  0
4.5440309423950884  2.5146000000000002  -0.17690423101261199  0
4.4643766941632714  4.8867396197799513  8.8817841970012523e-16  0
5.1495325982563829  4.1585090355090202  -1.3322676295501878e-15  0
5.7056908611802504  3.3549925745908076  -1.7763568394002505e-15  0
3.0938672667766776  4.2157352979311602  -0.67422489352654802  0
2.4399032639093248  5.3690364186438737  0.17559859653795451  0
2.5220778443938383  5.5113669671337027  -0.65936358944153062  0
1.9901209105327999  4.5899905302478681  -0.74858317795518836  0
1.7881897976809829  6.3728534132196177  4.4408920985006262e-16  0
-1.2309440661151081  6.5035113657939654  -4.4408920985006262e-16  0
0.095107000811043313  6.6182957048859654  -4.4408920985006262e-16  0
3.5114510144867723  -4.9390115653796265  -0.62901132668043269  0
2.9795248469011217  -4.0176884172459228  -0.59187041287490771  0
3.4293193803573994  -4.7967554021589009  0.20215025527511665  0
4.2906310998888078  -5.0399769983187674  -4.093929244497474e-07  0
5.8559320657603342  -3.0852784347794593  4.093929244497474e-07  0
5.166565361746871  -4.1373283338058515  0  0
3.7158017358018065  -2.5146000000000002  -1.3889501038490684  0
4.5440309388369737  -2.5146000000000002  -0.17690422739961925  0
5.5923643568649064  -2.5146000000000002  -0.5515311712844394  0
5.6613992534538919  -2.5146000000000002  0.2727906985962984  0
-4.5440309423950964  -2.5146000000000002  -0.17690423101263139  0
-5.5923643590401584  -2.5146000000000002  -0.5515311729199186  0
-5.6613992542743947  -2.5146000000000002  0.27279069784483434  0
-3.7158017490369493  -2.5146000000000002  -1.3889501213016306  0
-5.1495325982561315  -4.158509035509331  4.4408920985006262e-16  0
-4.4643766941627829  -4.8867396197803981  -4.4408920985006262e-15  0
-5.7056908611801758  -3.3549925745909364  -4.4408920985006262e-16  0
-3.0938672667758746  -4.2157352979315004  -0.67422489352654624  0
Triangles
7214
2720 580 52  1
142 2683 2675  1
2756 624 2688  1
85 2718 2684  1
2681 2755 32  1
17 2747 2692  1
571 2681 32  1
564 2747 17  1
562 13 14  1
19 2694 564  1
143 2715 2691  1
2692 2691 17  1
15 2742 563  1
18 19 564  1
559 2721 2712  1
87 2743 2758  1
121 2765 2715  1
616 2728 615  1
99 2687 97  1
2767 2678 2716  1
127 2731 2679  1
87 2766 2746  1
2688 2762 2756  1
2769 90 2743  1
86 87 85  1
2705 80 82  1
55 2689 582  1
627 2724 2717  1
2690 636 637  1
635 2738 2719  1
44 2685 575  1
587 63 64  1
590 2749 67  1
2698 629 630  1
590 68 69  1
80 2705 595  1
2735 2753 2722  1
575 2740 42  1
45 2685 576  1
46 577 45  1
578 48 49  1
578 2727 47  1
573 2751 37  1
49 2720 578  1
2689 55 583  1
2685 45 577  1
581 53 54  1
2760 57 2725  1
2720 50 580  1
51 580 50  1
54 2689 581  1
50 2720 579  1
581 2760 52  1
56 583 55  1
584 2696 57  1
585 2748 2706  1
584 58 59  1
584 2706 2696  1
61 586 60  1
2759 67 2738  1
633 2738 634  1
2725 135 2690  1
636 135 136  1
138 638 137  1
2725 2676 632  1
2696 2676 57  1
2738 633 2676  1
42 2764 2753  1
638 2690 637  1
2764 47 2710  1
2725 632 135  1
636 2690 135  1
2732 39 574  1
2764 42 2740  1
139 140 648  1
2761 2675 2734  1
2735 647 646  1
40 2732 574  1
646 2755 2735  1
44 575 43  1
2753 2764 639  1
39 2732 573  1
34 2680 571  1
41 42 40  1
35 2680 572  1
38 39 573  1
2702 29 569  1
2754 27 2674  1
29 2674 568  1
2681 571 2680  1
36 37 35  1
568 2674 27  1
647 2722 648  1
647 2735 2722  1
2674 2702 2677  1
571 33 34  1
31 570 30  1
568 28 29  1
26 27 25  1
21 22 20  1
2675 642 641  1
642 2761 643  1
644 2761 2755  1
644 2755 645  1
2755 2761 2754  1
2747 564 2694  1
142 641 141  1
20 2694 565  1
566 2752 22  1
25 2711 567  1
2683 2752 2734  1
566 23 24  1
24 2711 566  1
559 2712 7  1
2695 15 17  1
562 2742 2695  1
16 17 15  1
2715 651 652  1
2721 12 2712  1
11 561 10  1
12 2721 561  1
562 2695 12  1
2721 9 560  1
5 2741 558  1
559 8 9  1
3 4 557  1
4 2741 557  1
6 7 5  1
557 2768 2  1
115 2701 608  1
2765 121 2730  1
122 121 653  1
2768 2736 2  1
613 2730 121  1
651 2715 143  1
12 2730 2712  1
143 144 651  1
653 2715 652  1
2691 2692 649  1
649 2692 650  1
2763 107 2745  1
2728 614 615  1
123 2728 2678  1
125 126 616  1
610 2693 611  1
2713 613 612  1
614 2728 123  1
117 2708 2699  1
2709 110 2682  1
2708 117 119  1
120 2708 609  1
2701 114 608  1
116 117 115  1
2713 612 2736  1
117 2767 2716  1
1 2 120  1
603 2697 102  1
2678 2767 123  1
107 2763 2697  1
117 118 119  1
114 2701 112  1
123 124 614  1
2745 2728 126  1
2707 104 604  1
2769 87 89  1
603 2707 2697  1
606 109 2709  1
2707 604 105  1
110 2709 607  1
106 605 105  1
606 2682 107  1
111 112 110  1
112 113 114  1
100 602 2704  1
96 97 95  1
95 2737 600  1
2762 2688 92  1
603 103 104  1
102 2763 2679  1
2679 2763 617  1
606 2709 2682  1
2763 102 2697  1
2746 2766 2757  1
2679 617 127  1
127 128 626  1
632 2676 633  1
625 2756 2731  1
2756 625 624  1
599 2762 92  1
90 2769 598  1
97 98 99  1
2731 127 626  1
94 2737 599  1
599 93 94  1
91 92 90  1
130 619 129  1
85 2684 597  1
73 74 592  1
596 2718 82  1
84 2684 596  1
596 83 84  1
79 2705 594  1
620 2766 621  1
2688 2766 2758  1
2766 622 621  1
622 2766 2688  1
2688 624 623  1
130 2757 619  1
2746 82 2718  1
640 2710 138  1
47 2764 2740  1
629 2698 131  1
629 131 132  1
631 2698 630  1
2724 627 131  1
76 77 75  1
2717 628 627  1
67 2749 2719  1
134 631 133  1
134 2739 2698  1
2749 590 2700  1
2714 65 589  1
65 2714 588  1
66 589 65  1
2738 635 634  1
2748 585 60  1
2759 587 2726  1
587 2759 62  1
69 2700 590  1
70 2700 591  1
2733 592 74  1
71 72 70  1
2733 77 2703  1
592 2703 72  1
628 2717 2686  1
2698 2724 131  1
592 2733 2703  1
594 78 79  1
594 2729 77  1
81 82 80  1
29 2702 2674  1
27 2754 2734  1
641 142 2675  1
2752 27 2734  1
2676 2725 57  1
2676 2696 62  1
570 2702 30  1
570 32 2677  1
2750 107 2682  1
123 2767 610  1
2723 2756 97  1
102 2723 2687  1
2680 34 572  1
35 2681 2680  1
2681 35 37  1
2755 2754 32  1
2682 110 112  1
107 2750 2745  1
2675 2761 642  1
2683 142 650  1
82 2746 2686  1
2684 84 597  1
2685 44 576  1
2685 577 47  1
130 628 2686  1
2729 594 2705  1
99 2704 2687  1
2687 602 102  1
623 622 2688  1
92 2758 2743  1
2689 54 582  1
2689 583 57  1
2690 638 138  1
2725 2690 2744  1
2691 2695 17  1
2691 649 143  1
2692 22 2683  1
2683 650 2692  1
2693 2736 611  1
611 2736 612  1
2694 19 565  1
20 2747 2694  1
2695 2691 12  1
2742 562 14  1
2748 62 2696  1
62 2748 586  1
2707 603 104  1
107 2707 605  1
2698 631 134  1
2739 134 2719  1
2693 117 2699  1
2 2708 120  1
2700 69 591  1
2700 70 72  1
2701 115 117  1
112 2716 2678  1
569 30 2702  1
2702 570 2677  1
2739 2703 2724  1
77 2733 75  1
2704 99 601  1
601 100 2704  1
77 2729 2717  1
2705 79 595  1
2706 584 59  1
59 585 2706  1
105 605 2707  1
2707 107 2697  1
119 609 2708  1
2708 2 2699  1
109 606 108  1
109 607 2709  1
52 2727 2720  1
138 2744 2690  1
2711 24 567  1
2711 25 27  1
7 2730 2713  1
2721 559 9  1
2 2736 2699  1
7 2768 2741  1
588 2726 64  1
2714 589 67  1
2715 653 121  1
12 2765 2730  1
2716 112 2701  1
2701 117 2716  1
77 2724 2703  1
2686 2729 82  1
2718 596 2684  1
2718 85 87  1
134 635 2719  1
67 2759 2714  1
2727 52 2710  1
2720 49 579  1
2721 560 10  1
10 561 2721  1
2753 2751 42  1
139 648 2722  1
97 2687 2723  1
2723 102 2679  1
2703 2739 72  1
2724 77 2717  1
52 2744 2710  1
57 2760 2689  1
587 64 2726  1
2726 588 2714  1
2710 47 2727  1
2727 578 2720  1
2728 616 126  1
2728 2745 2678  1
2705 82 2729  1
2729 2686 2717  1
2730 613 2713  1
2730 7 2712  1
2679 2756 2723  1
2731 626 625  1
40 2751 2732  1
2751 2735 37  1
2733 74 593  1
593 75 2733  1
2675 2683 2734  1
27 2752 2711  1
2681 37 2735  1
2753 2735 2751  1
2736 2693 2699  1
2736 2768 2713  1
2737 94 600  1
95 2762 2737  1
2738 2676 62  1
2738 67 2719  1
72 2749 2700  1
2739 2724 2698  1
2740 575 2685  1
2685 47 2740  1
2741 4 558  1
2741 5 7  1
14 563 2742  1
2742 15 2695  1
598 2769 89  1
2743 90 92  1
2744 138 2710  1
2744 52 2725  1
2678 2750 112  1
2745 126 618  1
130 2686 2746  1
2746 2718 87  1
2747 20 22  1
22 2692 2747  1
2696 2706 2748  1
2748 60 586  1
2749 72 2739  1
2739 2719 2749  1
2682 112 2750  1
2750 2678 2745  1
2751 573 2732  1
2751 40 42  1
2752 2683 22  1
2752 566 2711  1
2753 639 139  1
139 2722 2753  1
2754 2674 2677  1
2677 32 2754  1
2755 2681 2735  1
2755 646 645  1
2756 2762 97  1
2756 2679 2731  1
620 619 2757  1
2757 130 2746  1
87 2769 2743  1
2758 92 2688  1
2738 62 2759  1
2759 2726 2714  1
2725 52 2760  1
2760 581 2689  1
2734 2754 2761  1
2761 644 643  1
2762 599 2737  1
2762 95 97  1
2763 2745 618  1
618 617 2763  1
2764 2710 640  1
640 639 2764  1
2765 12 2691  1
2691 2715 2765  1
2766 620 2757  1
2766 87 2758  1
2767 117 2693  1
2693 610 2767  1
2768 557 2741  1
2768 7 2713  1
602 100 101  1
2704 602 2687  1
89 87 88  1
659 663 146  2
2770 657 656  2
657 663 658  2
659 146 145  2
1 661 2770  2
654 2770 655  2
1 2770 654  2
657 2770 662  2
657 662 663  2
663 659 658  2
2770 656 655  2
661 1 660  2
661 662 2770  2
660 1 2  2
666 656 657  3
147 659 145  3
657 667 666  3
667 657 658  3
658 668 667  3
665 656 666  3
659 147 668  3
668 658 659  3
665 655 656  3
669 664 148  3
654 669 1  3
669 654 655  3
655 665 664  3
655 664 669  3
2772 671 2771  4
2774 2773 2771  4
2773 679 2772  4
673 150 149  4
681 673 2772  4
676 2774 675  4
679 2773 678  4
681 2772 680  4
151 2774 669  4
2774 151 674  4
2774 676 2773  4
2771 670 1  4
151 669 148  4
669 2771 1  4
120 1 670  4
670 2771 671  4
2773 2772 2771  4
671 2772 672  4
2772 679 680  4
2772 673 672  4
2773 676 677  4
677 678 2773  4
2771 669 2774  4
2774 674 675  4
150 673 681  4
684 689 685  5
682 152 686  5
560 687 683  5
689 686 685  5
684 688 689  5
682 690 153  5
690 682 686  5
684 687 688  5
687 684 683  5
686 689 690  5
9 560 683  5
687 560 10  5
694 697 698  6
154 695 691  6
563 696 692  6
697 693 692  6
691 699 155  6
697 694 693  6
699 691 695  6
694 699 695  6
697 692 696  6
699 694 698  6
14 563 692  6
696 563 15  6
702 707 703  7
708 700 704  7
565 705 701  7
707 704 703  7
704 700 156  7
700 708 157  7
706 701 705  7
701 706 702  7
704 707 708  7
702 706 707  7
19 565 701  7
705 565 20  7
716 712 711  8
158 713 709  8
567 714 710  8
709 717 159  8
711 715 716  8
713 716 717  8
716 713 712  8
715 710 714  8
710 715 711  8
24 567 710  8
717 709 713  8
714 567 25  8
721 724 725  9
718 160 722  9
724 721 720  9
721 726 722  9
718 726 161  9
726 718 722  9
720 723 724  9
723 720 719  9
726 721 725  9
569 723 719  9
29 569 719  9
723 569 30  9
734 731 730  10
727 162 731  10
572 732 728  10
734 730 729  10
729 733 734  10
727 735 163  10
731 734 735  10
733 728 732  10
728 733 729  10
572 728 34  10
735 727 731  10
732 572 35  10
738 743 739  11
736 164 740  11
738 742 743  11
739 744 740  11
736 744 165  11
744 736 740  11
738 741 742  11
741 738 737  11
744 739 743  11
574 741 737  11
39 574 737  11
741 574 40  11
748 751 752  12
745 166 749  12
576 750 746  12
748 753 749  12
751 748 747  12
745 753 167  12
753 745 749  12
751 747 746  12
751 746 750  12
753 748 752  12
44 576 746  12
750 576 45  12
761 758 757  13
758 761 762  13
579 759 755  13
761 757 756  13
758 754 168  13
754 762 169  13
760 755 759  13
755 760 756  13
756 760 761  13
49 579 755  13
762 754 758  13
759 579 50  13
766 769 770  14
763 170 767  14
582 768 764  14
766 771 767  14
769 766 765  14
763 771 171  14
771 763 767  14
769 764 768  14
764 769 765  14
771 766 770  14
54 582 764  14
768 582 55  14
775 778 779  15
172 776 772  15
585 777 773  15
772 780 173  15
778 775 774  15
780 775 779  15
775 780 776  15
774 777 778  15
777 774 773  15
59 585 773  15
780 772 776  15
777 585 60  15
788 783 787  16
174 785 781  16
588 786 782  16
787 783 782  16
781 789 175  16
783 788 784  16
789 781 785  16
785 788 789  16
787 782 786  16
788 785 784  16
64 588 782  16
786 588 65  16
792 797 793  17
176 794 790  17
591 795 791  17
792 795 796  17
790 798 177  17
792 796 797  17
798 790 794  17
793 798 794  17
795 792 791  17
798 793 797  17
69 591 791  17
795 591 70  17
801 806 802  18
799 178 803  18
593 804 800  18
803 806 807  18
799 807 179  18
807 799 803  18
805 800 804  18
800 805 801  18
806 803 802  18
801 805 806  18
74 593 800  18
804 593 75  18
815 812 811  19
812 815 816  19
595 813 809  19
815 811 810  19
812 808 180  19
808 816 181  19
814 809 813  19
809 814 810  19
810 814 815  19
79 595 809  19
816 808 812  19
813 595 80  19
819 824 820  20
817 182 821  20
597 822 818  20
824 821 820  20
819 823 824  20
817 825 183  20
825 817 821  20
823 818 822  20
818 823 819  20
821 824 825  20
84 597 818  20
822 597 85  20
829 832 833  21
184 830 826  21
598 831 827  21
828 831 832  21
826 834 185  21
832 829 828  21
834 826 830  21
829 834 830  21
831 828 827  21
834 829 833  21
89 598 827  21
831 598 90  21
838 841 842  22
835 186 839  22
600 840 836  22
838 843 839  22
841 838 837  22
835 843 187  22
843 835 839  22
841 837 836  22
841 836 840  22
843 838 842  22
600 836 94  22
840 600 95  22
846 851 847  23
844 188 848  23
846 850 851  23
847 852 848  23
844 852 189  23
852 844 848  23
846 849 850  23
849 846 845  23
852 847 851  23
601 849 845  23
99 601 845  23
849 601 100  23
856 859 860  24
190 857 853  24
604 858 854  24
859 855 854  24
853 861 191  24
859 856 855  24
861 853 857  24
860 857 856  24
859 854 858  24
857 860 861  24
604 854 104  24
858 604 105  24
864 869 865  25
870 862 866  25
607 867 863  25
869 866 865  25
866 862 192  25
862 870 193  25
868 863 867  25
863 868 864  25
866 869 870  25
864 868 869  25
607 863 109  25
867 607 110  25
874 877 878  26
871 194 875  26
608 876 872  26
874 879 875  26
877 874 873  26
871 879 195  26
879 871 875  26
873 876 877  26
876 873 872  26
879 874 878  26
114 608 872  26
876 608 115  26
886 882 887  27
880 886 885  27
886 880 881  27
558 880 885  27
883 884 888  27
884 883 196  27
884 197 888  27
885 4 558  27
888 882 883  27
882 888 887  27
882 886 881  27
880 558 5  27
892 671 672  28
198 893 889  28
609 670 890  28
671 891 890  28
889 673 149  28
671 892 891  28
673 889 893  28
892 673 893  28
671 890 670  28
673 892 672  28
119 609 890  28
670 609 120  28
902 2776 901  29
897 2778 2777  29
2778 900 2776  29
902 690 2776  29
2777 2778 2775  29
690 200 153  29
900 2778 899  29
201 2777 894  29
897 2777 896  29
2777 201 895  29
894 2775 11  29
2775 687 11  29
201 894 199  29
687 2775 688  29
2776 688 2775  29
10 11 687  29
2778 897 898  29
688 2776 689  29
2776 900 901  29
2776 690 689  29
2775 894 2777  29
2777 895 896  29
898 899 2778  29
2778 2776 2775  29
200 690 902  29
911 905 906  30
203 908 202  30
906 912 911  30
912 906 907  30
907 913 912  30
910 905 911  30
908 203 913  30
913 907 908  30
910 904 905  30
904 910 909  30
894 909 199  30
903 894 11  30
894 903 904  30
904 909 894  30
909 915 914  31
909 914 199  31
918 912 913  31
914 915 204  31
912 917 911  31
915 909 910  31
919 203 205  31
916 910 911  31
918 913 919  31
203 919 913  31
910 916 915  31
917 912 918  31
911 917 916  31
204 206 914  32
914 201 199  32
914 920 201  32
920 914 206  32
2784 922 921  33
928 920 206  33
2785 2783 2784  33
931 2782 932  33
930 2782 931  33
2784 935 934  33
2783 2780 923  33
2782 930 902  33
901 2785 2782  33
2780 899 2779  33
936 2784 921  33
2780 924 923  33
921 207 937  33
922 2784 2783  33
936 921 937  33
924 2780 2779  33
899 2785 900  33
926 2779 2781  33
897 2779 898  33
2781 928 927  33
920 2781 895  33
2781 920 928  33
902 930 929  33
929 200 902  33
2779 897 2781  33
895 2781 896  33
896 2781 897  33
201 920 895  33
899 898 2779  33
2779 925 924  33
2780 2783 2785  33
2785 901 900  33
2781 927 926  33
2779 926 925  33
933 2782 2784  33
2782 902 901  33
2784 936 935  33
2784 934 933  33
2782 933 932  33
2783 923 922  33
2784 2782 2785  33
2785 899 2780  33
763 2791 170  34
1211 2861 1210  34
2853 1044 1045  34
1193 2857 1192  34
1043 1199 1042  34
1206 166 745  34
1197 2853 2791  34
2810 1208 1056  34
165 1052 2861  34
1061 1213 1060  34
1061 2849 1213  34
1070 2854 1069  34
2814 718 161  34
1103 2814 2802  34
1066 2802 1065  34
1060 1214 1059  34
2875 1092 1093  34
1084 2820 1083  34
933 2860 932  34
2806 190 1149  34
1085 1111 1112  34
2833 936 937  34
155 2841 1119  34
155 2851 691  34
2838 1095 2788  34
1141 956 957  34
2797 884 196  34
971 2806 1151  34
1141 955 956  34
1141 2800 1140  34
195 210 944  34
2829 1149 853  34
976 2890 975  34
960 2811 959  34
2790 1154 1155  34
188 2812 2790  34
2790 2812 1154  34
971 2885 970  34
2891 981 2790  34
979 2891 2792  34
981 2891 980  34
1045 2791 2853  34
1158 2822 835  34
2857 1193 2796  34
998 2878 2818  34
2882 2862 254  34
994 2893 2787  34
985 2839 984  34
2890 187 974  34
2878 1163 1164  34
1006 182 2789  34
1038 2796 1037  34
2857 2796 1038  34
1185 1020 1021  34
182 1006 223  34
2891 979 980  34
1199 2794 1041  34
2881 1208 1209  34
166 1057 239  34
2843 1204 1205  34
1057 166 2810  34
1056 1208 1055  34
1208 1054 1055  34
1206 2810 166  34
2843 1206 167  34
1204 2863 1203  34
2863 1204 1048  34
754 2859 168  34
2863 1202 1203  34
1204 1047 1048  34
1202 2863 2859  34
167 1046 2843  34
1206 745 167  34
1206 2843 1205  34
1204 2843 1047  34
1201 754 169  34
2859 1201 1202  34
2794 1199 1200  34
2794 1201 169  34
1201 2794 1200  34
1199 1043 1198  34
169 1040 2794  34
2863 1051 2859  34
2859 754 1201  34
1051 168 2859  34
1043 2853 1198  34
2853 1043 1044  34
1195 2856 2809  34
1031 2856 171  34
1045 170 2791  34
1199 1041 1042  34
2791 763 1196  34
2809 1194 1195  34
2809 1035 1194  34
2856 1032 2809  34
1034 2809 1033  34
1035 2796 1194  34
763 2856 1196  34
1194 2796 1193  34
171 234 1031  34
172 2857 1039  34
1035 2809 1034  34
2864 1028 1189  34
2801 2880 173  34
2880 2857 172  34
2864 2801 1026  34
233 172 1039  34
173 1025 2801  34
1191 2801 1190  34
1026 2801 1025  34
1188 1028 1029  34
2858 790 1182  34
2832 1029 1030  34
1030 174 2832  34
2880 2801 1191  34
173 2880 772  34
2823 938 2835  34
1208 2810 1207  34
1210 2881 1209  34
1054 1208 2881  34
736 2861 1211  34
2881 1210 2861  34
1063 164 2849  34
736 1211 164  34
164 1063 241  34
1059 2807 1058  34
2849 1211 1212  34
163 1058 2807  34
1058 163 242  34
1215 727 163  34
163 2807 1215  34
1213 2849 1212  34
1070 2855 2854  34
1214 1060 1213  34
2798 1215 1216  34
2855 1070 1071  34
1068 2846 1067  34
243 2830 1072  34
727 2798 162  34
2798 2855 2830  34
1068 2854 2846  34
1215 2798 727  34
2825 2850 160  34
1066 2846 2802  34
1079 2844 1078  34
244 2852 161  34
2854 1068 1069  34
2814 2825 718  34
2802 2846 1103  34
2846 2854 253  34
2786 1079 1080  34
2786 2844 1079  34
245 2850 1081  34
1074 2817 1073  34
2884 1075 1076  34
2817 2865 1108  34
2844 1077 1078  34
2786 1080 1081  34
2850 2825 2786  34
1104 2825 2814  34
709 2817 1109  34
1111 2836 1110  34
2869 156 700  34
159 246 1073  34
1109 2817 1108  34
1086 2836 1111  34
1077 2884 1076  34
1075 2884 2865  34
2865 2817 1074  34
2884 1077 2844  34
1086 1111 1085  34
2836 1086 1087  34
709 1109 1110  34
709 2836 158  34
2836 247 158  34
1093 156 2875  34
1112 1113 2820  34
1084 1112 2820  34
157 1082 2813  34
157 2869 700  34
156 1093 249  34
1092 2875 1116  34
1117 1091 1116  34
155 1088 2841  34
2869 2875 156  34
207 154 937  34
1088 155 250  34
1119 2841 1118  34
2886 935 936  34
2851 1120 2833  34
935 2886 2831  34
2860 2831 1122  34
932 2860 931  34
935 2831 934  34
2860 933 2831  34
2841 1090 1117  34
1091 1117 1090  34
1090 2841 1089  34
1116 1091 1092  34
154 2851 2833  34
2869 157 2813  34
1114 2813 1113  34
1122 2831 1121  34
196 2838 2797  34
2815 152 2808  34
1120 2886 2833  34
930 2860 2837  34
153 1124 682  34
930 2837 929  34
1124 1125 2808  34
2808 2867 2815  34
2867 1100 1101  34
1123 2860 1122  34
153 200 929  34
1126 2867 1125  34
2867 1126 2866  34
251 2815 1102  34
2871 1097 1098  34
2871 2788 1097  34
1097 2788 1096  34
682 2808 152  34
1124 2837 1123  34
2788 2871 1127  34
1126 2871 2866  34
197 943 208  34
2889 1131 942  34
252 2838 196  34
884 2797 1129  34
884 1129 197  34
1095 2838 1094  34
942 1131 941  34
1129 2889 197  34
943 197 2889  34
1131 2889 1130  34
941 2835 940  34
938 149 150  34
2835 938 939  34
1133 1134 2823  34
2887 953 2824  34
1133 2835 1132  34
889 2883 198  34
149 938 2823  34
1131 2835 941  34
950 2804 949  34
2823 2883 889  34
209 2870 952  34
2883 2868 2870  34
2868 2883 1135  34
2804 947 948  34
1135 2883 1134  34
950 2868 2804  34
951 2870 2868  34
1138 2847 2819  34
2834 947 1137  34
944 2834 2819  34
1137 2804 1136  34
947 2804 1137  34
947 2834 946  34
946 2834 945  34
195 2847 871  34
2800 957 958  34
2847 194 871  34
2847 2800 194  34
958 194 2800  34
2887 862 193  34
2824 955 1142  34
2800 1141 957  34
2800 2847 1139  34
977 2792 2892  34
2827 2873 1145  34
966 2827 965  34
963 2848 962  34
2821 2829 2811  34
2827 963 964  34
2827 2848 963  34
961 2821 960  34
2848 2827 1146  34
961 2848 2821  34
955 2824 954  34
2892 1156 1157  34
862 2887 1144  34
193 953 2887  34
2873 2827 966  34
954 2824 953  34
1144 2873 192  34
955 1141 1142  34
2873 966 967  34
862 1144 192  34
192 967 213  34
1149 2829 1148  34
214 2811 191  34
969 2877 968  34
1148 2821 1147  34
190 973 215  34
2877 2812 189  34
2806 1149 1150  34
973 190 2806  34
853 1149 190  34
189 968 2877  34
2812 2877 1153  34
2885 971 1151  34
188 982 217  34
1156 2892 2792  34
2792 977 978  34
189 2812 844  34
2877 2885 1152  34
2885 1151 1152  34
1151 2806 1150  34
2842 826 2826  34
2892 2890 976  34
2892 976 977  34
2891 1156 2792  34
1158 2890 1157  34
1158 835 187  34
187 2890 1158  34
989 2862 988  34
835 2822 186  34
2822 1158 1159  34
187 218 974  34
2882 987 2862  34
987 2882 986  34
219 2888 991  34
2862 989 2799  34
2799 989 990  34
2888 219 186  34
2826 2872 2839  34
2882 2839 985  34
1162 2839 1161  34
984 2839 983  34
220 2872 185  34
1000 2878 999  34
2862 2799 1160  34
992 2879 183  34
2839 2882 1161  34
221 184 1000  34
1163 2826 1162  34
992 183 222  34
2878 998 999  34
1163 2878 2842  34
2893 1166 2787  34
998 2818 997  34
2818 2893 996  34
2879 1166 1167  34
1166 2893 1165  34
817 2803 182  34
995 996 2893  34
1005 2789 1169  34
1004 1169 1170  34
1172 2816 180  34
178 1018 227  34
817 2879 2803  34
1169 1004 1005  34
2789 1005 1006  34
1166 2879 2787  34
1028 2864 1027  34
1029 2832 1188  34
1028 1188 1189  34
781 1186 1187  34
1187 2832 174  34
175 2845 1186  34
175 1019 2845  34
1019 175 230  34
1186 781 175  34
1185 1021 1184  34
1024 2828 1023  34
1020 2845 1019  34
1184 1022 2828  34
781 1187 174  34
1024 176 2858  34
2828 1022 1023  34
1022 1184 1021  34
2805 1013 2795  34
2795 1015 1180  34
790 2805 1182  34
1015 1179 1180  34
1179 2793 1178  34
1177 799 179  34
2805 2795 1181  34
1014 2795 1013  34
179 2840 1176  34
177 1013 2805  34
790 2858 176  34
1015 2795 1014  34
1017 1179 1016  34
1177 178 799  34
2840 1009 1175  34
1177 2793 178  34
179 1007 2840  34
1179 1015 1016  34
2793 1177 1178  34
179 1176 1177  34
1018 178 2793  34
1001 181 224  34
1003 2874 1002  34
2840 1175 1176  34
1011 1174 1010  34
1010 1175 1009  34
1009 2840 1008  34
180 1012 225  34
1175 1010 1174  34
1174 2816 1173  34
2816 1174 1011  34
1012 180 2816  34
2876 2874 1171  34
1172 2876 1171  34
1004 1170 1003  34
2874 1001 1002  34
1172 180 808  34
808 2876 1172  34
2786 2825 1105  34
1105 1106 2786  34
2787 992 993  34
993 994 2787  34
1095 1096 2788  34
2788 1127 1128  34
2789 2803 1168  34
1168 1169 2789  34
2790 981 982  34
982 188 2790  34
1196 1197 2791  34
170 1045 235  34
978 979 2792  34
1156 2891 1155  34
2793 1179 1017  34
1017 1018 2793  34
1040 169 236  34
1040 1041 2794  34
1180 1181 2795  34
1013 177 228  34
2796 1035 1036  34
1036 1037 2796  34
2797 2788 1128  34
1128 1129 2797  34
1216 1217 2798  34
2830 243 162  34
990 2888 2799  34
1160 2822 1159  34
194 958 211  34
2800 1139 1140  34
1025 173 232  34
2801 2864 1190  34
161 2852 2814  34
1065 2852 1064  34
2803 2879 1167  34
1167 1168 2803  34
948 949 2804  34
1136 2868 1135  34
1181 1182 2805  34
2805 790 177  34
2806 971 972  34
972 973 2806  34
2807 1059 1214  34
1214 1215 2807  34
2815 251 152  34
2808 682 1124  34
1032 2856 1031  34
1032 1033 2809  34
1056 1057 2810  34
2810 1206 1207  34
2811 2829 191  34
2811 214 959  34
1153 1154 2812  34
2812 188 844  34
1082 157 248  34
2813 2820 1113  34
2852 1065 2802  34
2814 1103 1104  34
1100 2867 2866  34
1101 1102 2815  34
1011 1012 2816  34
2816 1172 1173  34
2817 709 159  34
159 1073 2817  34
1164 1165 2818  34
2818 996 997  34
195 944 2819  34
1138 2834 1137  34
2820 1082 1083  34
1112 1084 1085  34
2811 960 2821  34
2821 2848 1147  34
2822 1160 2799  34
2822 2888 186  34
2823 889 149  34
2823 2835 1133  34
1142 1143 2824  34
953 193 212  34
160 718 2825  34
2825 1104 1105  34
826 2842 184  34
826 185 2826  34
1145 1146 2827  34
2827 964 965  34
2828 2858 1183  34
1183 1184 2828  34
853 191 2829  34
2829 2821 1148  34
1072 2855 1071  34
2830 162 2798  34
933 934 2831  34
2886 1120 1121  34
174 1030 231  34
2832 1187 1188  34
937 154 2833  34
1120 2851 1119  34
2834 1138 2819  34
2834 944 945  34
939 940 2835  34
2835 1131 1132  34
247 2836 1087  34
2836 709 1110  34
2837 1124 153  34
153 929 2837  34
2788 2797 2838  34
2838 252 1094  34
2839 1162 2826  34
2872 2826 185  34
1007 179 226  34
1007 1008 2840  34
1088 1089 2841  34
2841 1117 1118  34
1000 184 2842  34
2842 2826 1163  34
1046 167 238  34
1046 1047 2843  34
2844 2786 1106  34
1106 1107 2844  34
2845 1020 1185  34
1185 1186 2845  34
253 1103 2846  34
2846 1066 1067  34
2847 195 2819  34
2847 1138 1139  34
1146 1147 2848  34
2848 961 962  34
2849 1061 1062  34
1062 1063 2849  34
2786 1081 2850  34
2850 245 160  34
2851 154 691  34
2851 155 1119  34
2802 2814 2852  34
2852 244 1064  34
2849 164 1211  34
2853 1197 1198  34
2855 1072 2830  34
1217 253 2854  34
2855 2798 1217  34
1217 2854 2855  34
2856 1195 1196  34
2856 763 171  34
1038 1039 2857  34
2857 2880 1192  34
176 1024 229  34
2858 1182 1183  34
1051 2863 1050  34
168 1051 237  34
2860 1123 2837  34
2860 930 931  34
2861 736 165  34
1052 165 240  34
1160 254 2862  34
2862 987 988  34
2863 1048 1049  34
1049 1050 2863  34
1026 1027 2864  34
2864 1189 1190  34
1074 1075 2865  34
1108 2884 1107  34
2866 1098 1099  34
1099 1100 2866  34
2867 1101 2815  34
2867 2808 1125  34
2868 1136 2804  34
2868 950 951  34
2869 2813 1114  34
1114 1115 2869  34
2870 951 952  34
2870 209 198  34
1098 2866 2871  34
2871 1126 1127  34
2872 220 983  34
983 2839 2872  34
967 192 2873  34
2873 1144 1145  34
2874 1003 1170  34
1170 1171 2874  34
2875 2869 1115  34
1115 1116 2875  34
2876 808 181  34
181 1001 2876  34
1152 1153 2877  34
968 189 216  34
1164 2818 2878  34
2878 1000 2842  34
2879 817 183  34
2879 992 2787  34
1191 1192 2880  34
2880 172 772  34
2881 1052 1053  34
1053 1054 2881  34
254 1161 2882  34
2882 985 986  34
2870 198 2883  34
2883 2823 1134  34
2884 2844 1107  34
2884 1108 2865  34
2885 2877 969  34
969 970 2885  34
1121 2831 2886  34
2886 936 2833  34
2887 2824 1143  34
1143 1144 2887  34
2888 2822 2799  34
2888 990 991  34
942 943 2889  34
2889 1129 1130  34
974 975 2890  34
2890 2892 1157  34
2861 1052 2881  34
2790 1155 2891  34
2789 182 2803  34
2813 1082 2820  34
2893 2818 1165  34
2893 994 995  34
1024 2858 2828  34
2876 1001 2874  34
1254 257 260  35
1225 1298 1297  35
1228 288 1229  35
265 1262 266  35
1297 1226 1225  35
1252 1253 258  35
1286 281 1288  35
1295 1227 1296  35
2896 281 280  35
277 2896 280  35
281 1286 282  35
281 2896 2895  35
1247 1266 1248  35
1267 1269 1268  35
1245 272 1246  35
1270 269 272  35
1246 269 1247  35
1244 1271 1245  35
1278 273 276  35
1243 1273 1272  35
272 1245 1271  35
1271 1244 1272  35
1267 1268 270  35
269 1270 1267  35
1266 1247 269  35
269 1246 272  35
1249 268 1250  35
1248 1265 1249  35
1268 1269 271  35
1262 1264 1263  35
1262 1263 1261  35
1263 267 1261  35
2894 255 1251  35
1262 265 1264  35
268 1249 1265  35
1265 1248 1266  35
265 2897 2894  35
1264 265 268  35
1250 2894 1251  35
261 1219 1218  35
261 2897 264  35
1260 262 1258  35
2897 265 264  35
2894 2897 255  35
1221 1256 1255  35
264 1259 1257  35
264 1257 261  35
1220 261 1256  35
261 1220 1219  35
1222 260 1223  35
1257 1259 1258  35
1256 1221 1220  35
1221 1255 1222  35
1269 1267 1270  35
257 1254 1252  35
1223 257 1224  35
1294 285 288  35
1254 1253 1252  35
260 1222 1255  35
257 1223 260  35
1253 1254 259  35
1298 1225 1224  35
1224 257 1298  35
1260 1258 1259  35
1259 264 263  35
1287 1285 1286  35
1287 283 1285  35
1292 1293 287  35
1293 1291 1294  35
1292 1291 1293  35
1286 1288 1287  35
1230 1290 1231  35
1227 1295 1228  35
1296 1227 1226  35
1226 1297 1296  35
1291 1292 286  35
288 285 1229  35
285 1294 1291  35
288 1228 1295  35
1290 1230 285  35
285 1230 1229  35
1231 1289 1232  35
284 1232 1289  35
1232 284 1233  35
281 284 1288  35
284 281 2895  35
2895 2896 256  35
1289 1231 1290  35
1233 2895 1234  35
1281 1283 1282  35
277 1280 1237  35
277 280 1281  35
277 1237 1236  35
1236 1235 277  35
1279 1239 1238  35
1238 1237 1280  35
280 1283 1281  35
1284 1282 1283  35
1283 280 279  35
1277 1275 1278  35
1276 1275 1277  35
278 1282 1284  35
1276 1277 275  35
1274 1273 1242  35
1239 1279 276  35
1275 1276 274  35
1243 1272 1244  35
1241 1274 1242  35
1273 1243 1242  35
273 1240 276  35
273 1278 1275  35
1240 273 1241  35
1274 1241 273  35
1239 276 1240  35
1238 1280 1279  35
2894 1250 268  35
268 265 2894  35
2895 256 1234  35
2895 1233 284  35
2896 277 1235  35
1235 256 2896  35
2897 261 1218  35
1218 255 2897  35
676 2899 677  36
2898 1302 1301  36
2898 942 941  36
679 2900 2898  36
679 2898 680  36
681 2898 939  36
939 2898 940  36
1300 2898 1301  36
2898 1300 942  36
2900 678 2899  36
943 1300 208  36
942 1300 943  36
1303 2900 2899  36
681 939 938  36
678 2900 679  36
1305 2899 676  36
674 1306 675  36
150 681 938  36
1307 674 1299  36
1299 289 1307  36
1299 674 151  36
1305 675 1306  36
1303 2899 1304  36
1306 674 1307  36
675 1305 676  36
2898 941 940  36
2898 681 680  36
678 677 2899  36
2899 1305 1304  36
2900 1303 1302  36
1302 2898 2900  36
1302 2904 2901  37
2901 1300 1301  37
2903 1307 1308  37
888 2901 887  37
2904 1304 2903  37
1308 1307 289  37
2904 2903 2902  37
1308 289 290  37
2903 1304 1305  37
885 2902 3  37
1304 2904 1303  37
1307 2903 1306  37
2902 885 886  37
888 208 1300  37
208 888 197  37
888 1300 2901  37
3 4 885  37
1301 1302 2901  37
887 2902 886  37
2902 1308 3  37
2902 887 2901  37
1305 1306 2903  37
2903 1308 2902  37
2902 2901 2904  37
2904 1302 1303  37
1309 1315 1308  38
1316 1310 1311  38
1316 1311 1317  38
291 1318 1313  38
1315 1310 1316  38
1318 291 292  38
1315 1309 1310  38
1318 1312 1313  38
1312 1317 1311  38
1312 1318 1317  38
1309 1308 290  38
3 1308 1314  38
1308 1315 1314  38
2905 1316 662  39
146 1318 292  39
557 660 2  39
663 1317 1318  39
663 1318 146  39
663 1316 1317  39
1316 2905 1315  39
557 2905 661  39
1316 663 662  39
2905 3 1314  39
3 2905 557  39
660 557 661  39
1314 1315 2905  39
2905 662 661  39
291 292 147  40
292 145 147  40
145 292 146  40
1309 664 665  41
664 1309 1319  41
666 1310 665  41
1312 668 1313  41
665 1310 1309  41
147 1313 668  41
1311 667 1312  41
1313 147 291  41
668 1312 667  41
667 1311 666  41
1319 1309 290  41
1310 666 1311  41
1319 148 664  41
289 290 1299  42
148 1299 1319  42
1299 148 151  42
1299 290 1319  42
2908 892 2907  43
2907 1323 2906  43
890 2908 118  43
1323 2907 1322  43
2906 1323 1324  43
2909 2908 2906  43
890 118 119  43
1325 2906 1324  43
1326 2909 2906  43
1326 2906 1325  43
294 2909 1328  43
1328 2909 1327  43
1320 294 293  43
893 209 1321  43
209 893 198  43
893 1321 2907  43
893 2907 892  43
2909 118 2908  43
2908 2907 2906  43
892 2908 891  43
2907 1321 1322  43
118 2909 1320  43
2908 890 891  43
2909 1326 1327  43
2909 294 1320  43
1336 1332 1337  44
1335 1329 1330  44
1333 296 1338  44
1331 1335 1330  44
1337 1333 1338  44
296 1333 295  44
1332 1336 1331  44
1335 1331 1336  44
1329 1335 1320  44
1329 1320 293  44
1333 1337 1332  44
1320 1335 1334  44
118 1320 1334  44
1336 1342 1341  45
297 1338 296  45
1342 1336 1337  45
1336 2910 1335  45
2910 118 1334  45
1338 297 1342  45
1342 1337 1338  45
1339 2910 1340  45
2910 1339 118  45
118 1339 117  45
2910 1336 1341  45
1334 1335 2910  45
2910 1341 1340  45
1346 1342 1347  46
116 2911 1343  46
2911 1339 1340  46
2911 1345 1344  46
1341 2911 1340  46
1347 1342 1348  46
1345 2911 1341  46
1345 1341 1346  46
1339 2911 116  46
1342 1346 1341  46
297 1348 1342  46
1348 297 298  46
1339 116 117  46
1344 1343 2911  46
1354 1349 300  47
1350 1344 1345  47
1352 1346 1347  47
1351 1346 1352  47
1347 1353 1352  47
1353 1347 1348  47
299 1348 298  47
1351 1345 1346  47
1344 1354 1343  47
1350 1345 1351  47
1348 299 1353  47
1354 116 1343  47
1344 1350 1349  47
1344 1349 1354  47
1360 2913 1359  48
2915 1354 2912  48
1360 2914 2913  48
2915 2912 2913  48
1362 2914 1361  48
210 879 1362  48
2912 1355 1356  48
2913 1357 1358  48
1357 2913 2912  48
879 210 195  48
877 2915 2914  48
2912 301 1355  48
301 2912 1354  48
301 1354 300  48
876 2915 877  48
115 116 876  48
1354 2915 116  48
2912 1356 1357  48
2913 1358 1359  48
877 2914 878  48
2914 1360 1361  48
2914 879 878  48
2913 2914 2915  48
2915 876 116  48
1362 879 2914  48
2921 1322 1321  49
1328 1363 294  49
2921 951 950  49
945 2919 946  49
2921 949 948  49
946 2919 947  49
2918 2920 1323  49
2919 945 1362  49
2922 1361 1360  49
1361 2922 2919  49
951 2921 1321  49
2920 1324 1323  49
1321 209 952  49
1322 2921 2918  49
951 1321 952  49
1324 2920 2917  49
2917 1325 1324  49
2917 1326 1325  49
1357 2917 1358  49
2916 1328 1327  49
1363 2916 1355  49
2916 1363 1328  49
1362 945 944  49
944 210 1362  49
2917 1357 2916  49
1355 2916 1356  49
1356 2916 1357  49
301 1363 1355  49
2916 1327 1326  49
1326 2917 2916  49
1359 2922 1360  49
1359 1358 2917  49
2921 950 949  49
2920 2918 2922  49
948 2919 2921  49
2919 1362 1361  49
2922 2918 2921  49
2920 1359 2917  49
2919 948 947  49
2918 1323 1322  49
2921 2919 2922  49
2922 1359 2920  49
294 1363 293  50
1363 1364 293  50
300 1363 301  50
1364 1363 300  50
1364 300 1349  51
1352 1331 1351  51
1330 1350 1351  51
1330 1351 1331  51
1329 1350 1330  51
1331 1352 1332  51
1332 1352 1353  51
1332 1353 1333  51
1333 299 295  51
299 1333 1353  51
1329 1349 1350  51
1329 293 1364  51
1349 1329 1364  51
295 296 299  52
296 298 299  52
298 296 297  52
872 113 114  53
2924 1368 1369  53
2923 872 873  53
874 2923 873  53
303 2925 1373  53
1371 2925 2924  53
2926 2924 2923  53
2925 1371 1372  53
1371 2924 1370  53
1373 2925 1372  53
303 302 1365  53
872 2923 113  53
875 2926 874  53
2926 1368 2924  53
211 875 194  53
875 211 1366  53
1368 2926 1367  53
113 2925 1365  53
1369 1370 2924  53
2925 113 2923  53
2925 303 1365  53
2925 2923 2924  53
2923 874 2926  53
2926 1366 1367  53
875 1366 2926  53
1374 1365 302  54
1382 1376 1377  54
1382 1377 1383  54
1365 1380 1379  54
1380 1374 1375  54
1381 1375 1376  54
1376 1382 1381  54
1383 304 305  54
1378 1383 1377  54
304 1383 1378  54
1374 1380 1365  54
1365 1379 113  54
1375 1381 1380  54
1381 1387 1386  55
1387 1383 306  55
1384 2927 1385  55
2927 1384 113  55
1383 1387 1382  55
306 1383 305  55
1381 2927 1380  55
1387 1381 1382  55
2927 1386 1385  55
1379 1380 2927  55
2927 1381 1386  55
2927 113 1379  55
113 1384 112  55
2928 1390 1389  56
306 1393 1387  56
1386 2928 1385  56
1390 2928 1386  56
111 2928 1388  56
1384 2928 111  56
1391 1386 1387  56
1391 1387 1392  56
1386 1391 1390  56
1393 306 307  56
2928 1384 1385  56
1387 1393 1392  56
1384 111 112  56
1389 1388 2928  56
1397 1391 1392  57
1396 1390 1391  57
308 1393 307  57
1392 1398 1397  57
1391 1397 1396  57
1395 1390 1396  57
1393 308 1398  57
1398 1392 1393  57
1395 1389 1390  57
1399 1394 309  57
1389 1399 1388  57
1399 111 1388  57
1389 1395 1394  57
1389 1394 1399  57
1406 2929 1405  58
2932 2929 2931  58
1407 2929 1406  58
870 212 193  58
1402 2932 2930  58
2930 2932 2931  58
2931 867 111  58
212 870 1407  58
1405 2932 1404  58
2930 1400 1401  58
2930 310 1400  58
310 2930 1399  58
310 1399 309  58
867 2931 868  58
868 2931 2929  58
111 867 110  58
2929 870 869  58
869 868 2929  58
1399 2931 111  58
2930 1401 1402  58
2931 1399 2930  58
2932 1405 2929  58
2932 1402 1403  58
1403 1404 2932  58
1407 870 2929  58
2935 957 956  59
2935 1368 1367  59
1369 2933 1370  59
2934 1369 1368  59
2935 1407 1406  59
954 2935 955  59
1366 2935 1367  59
2935 1366 957  59
1369 2934 2933  59
958 1366 211  59
957 1366 958  59
1368 2935 2934  59
1407 954 953  59
1400 1373 1372  59
1407 2935 954  59
212 1407 953  59
1373 1400 1408  59
1408 303 1373  59
1402 2933 1403  59
1372 1402 1401  59
2933 1402 1371  59
2933 1371 1370  59
1400 1372 1401  59
1402 1372 1371  59
310 1408 1400  59
1404 2934 1405  59
1404 1403 2933  59
1405 2935 1406  59
2934 1404 2933  59
956 955 2935  59
2935 1405 2934  59
303 1409 302  60
1409 303 1408  60
1409 1408 310  60
1409 310 309  60
1396 1376 1375  61
1409 309 1394  61
1374 1395 1375  61
1376 1397 1377  61
1375 1395 1396  61
1378 308 304  61
1397 1376 1396  61
308 1378 1398  61
1377 1398 1378  61
1398 1377 1397  61
1374 302 1409  61
1374 1394 1395  61
1394 1374 1409  61
304 305 308  62
305 307 308  62
307 305 306  62
1416 2936 1415  63
2936 1413 1414  63
863 2937 108  63
2936 2939 2937  63
866 2938 865  63
1416 2939 2936  63
108 109 863  63
1418 2939 1417  63
1410 312 311  63
213 866 192  63
312 2939 1418  63
864 2938 2937  63
866 213 1411  63
2938 2936 2937  63
2938 1413 2936  63
1413 2938 1412  63
1414 1415 2936  63
2939 1416 1417  63
2937 1410 108  63
2937 863 864  63
2938 864 865  63
2938 1411 1412  63
2939 312 1410  63
1410 2937 2939  63
866 1411 2938  63
1421 1427 1426  64
1425 1419 1420  64
1410 1424 108  64
1410 1425 1424  64
1427 1421 1422  64
1419 1425 1410  64
1428 313 314  64
1427 1422 1428  64
1423 1428 1422  64
313 1428 1423  64
1426 1420 1421  64
1410 311 1419  64
1420 1426 1425  64
2940 1426 1431  65
1426 1432 1431  65
1426 2940 1425  65
1432 1426 1427  65
1432 1427 1428  65
315 1428 314  65
1429 606 1430  65
606 2940 1430  65
1432 1428 315  65
606 1429 107  65
2940 108 1424  65
108 2940 606  65
1424 1425 2940  65
2940 1431 1430  65
1438 315 316  66
1432 1436 1431  66
1434 1433 2941  66
2941 106 605  66
106 2941 1433  66
1431 2941 1430  66
1435 2941 1431  66
1437 1432 1438  66
1435 1431 1436  66
1436 1432 1437  66
315 1438 1432  66
605 1429 1430  66
1429 605 107  66
2941 605 1430  66
2941 1435 1434  66
1441 1435 1436  67
1436 1442 1441  67
1440 1435 1441  67
1434 1444 1433  67
1442 1436 1437  67
1440 1434 1435  67
1442 1437 1443  67
1438 317 1443  67
1434 1439 1444  67
1438 1443 1437  67
317 1438 316  67
1434 1440 1439  67
1444 1439 318  67
1433 1444 106  67
1450 2944 1449  68
859 2945 2942  68
861 214 191  68
1452 2942 1451  68
1452 861 2942  68
1451 2942 1450  68
858 2945 859  68
1447 2944 2943  68
2944 1447 1448  68
2945 2943 2944  68
2945 1444 2943  68
2943 1445 1446  68
2943 319 1445  68
319 2943 1444  68
319 1444 318  68
105 106 858  68
2942 861 860  68
860 859 2942  68
1444 2945 106  68
2943 1446 1447  68
2944 1448 1449  68
2944 1450 2942  68
2944 2942 2945  68
2945 858 106  68
214 861 1452  68
2951 1412 1411  69
214 1452 959  69
960 2948 961  69
961 2948 962  69
2947 1414 1413  69
2951 965 964  69
2952 2950 2951  69
2950 2947 1413  69
959 1452 960  69
963 2948 2951  69
966 2951 1411  69
2948 960 1452  69
1412 2951 2950  69
1414 2947 2946  69
1411 213 967  69
2947 1449 2946  69
966 1411 967  69
1416 2946 2949  69
2946 1416 1415  69
2946 1447 2949  69
1418 1453 312  69
1446 2949 1447  69
1453 2949 1445  69
2949 1453 1418  69
1449 2952 1450  69
1445 2949 1446  69
2949 1418 1417  69
319 1453 1445  69
1449 1448 2946  69
2946 1415 1414  69
2947 2950 2952  69
2952 1451 1450  69
2948 1452 1451  69
1451 2952 2948  69
1447 2946 1448  69
2949 1417 1416  69
2951 966 965  69
2951 964 963  69
2948 963 962  69
2950 1413 1412  69
2951 2948 2952  69
2952 1449 2947  69
1454 312 1453  70
312 1454 311  70
1454 1453 319  70
1454 319 318  70
1443 1422 1442  71
1423 317 313  71
1419 1454 1439  71
1421 1442 1422  71
1439 1454 318  71
1454 1419 311  71
1419 1440 1420  71
1420 1441 1421  71
317 1423 1443  71
1440 1419 1439  71
1442 1421 1441  71
1422 1443 1423  71
1420 1440 1441  71
314 317 313  72
314 316 317  72
316 314 315  72
1462 2953 1461  73
857 2955 856  73
215 857 190  73
1463 2953 1462  73
103 104 854  73
1461 2954 1460  73
854 2956 103  73
1460 2954 1459  73
321 2953 1463  73
1455 321 320  73
2954 1461 2953  73
2956 854 855  73
857 215 1456  73
2955 855 856  73
2953 2956 2954  73
1458 2955 1457  73
2953 321 1455  73
1455 2956 2953  73
2956 855 2955  73
2954 1458 1459  73
2955 1456 1457  73
2955 1458 2954  73
2955 2954 2956  73
2956 1455 103  73
857 1456 2955  73
1470 1466 1471  74
1472 1468 1473  74
1471 1467 1472  74
1464 1455 320  74
1471 1466 1467  74
1470 1465 1466  74
1473 1468 323  74
1455 1470 1469  74
1468 1472 1467  74
323 1468 322  74
1464 1470 1455  74
1470 1464 1465  74
1455 1469 103  74
1469 1470 2957  75
103 2957 603  75
1477 1471 1472  75
1471 2957 1470  75
1473 1477 1472  75
1477 1473 324  75
1471 1477 1476  75
323 324 1473  75
2957 1471 1476  75
603 2957 1475  75
603 1475 1474  75
1474 102 603  75
2957 1476 1475  75
2957 103 1469  75
1483 324 325  76
1477 1481 1476  76
1479 1478 2958  76
1476 2958 1475  76
2958 101 602  76
1480 2958 1476  76
101 2958 1478  76
1482 1477 1483  76
1480 1476 1481  76
1481 1477 1482  76
324 1483 1477  76
1474 602 102  76
1475 602 1474  76
2958 602 1475  76
2958 1480 1479  76
1487 1481 1482  77
1486 1480 1481  77
326 1483 325  77
1482 1488 1487  77
1481 1487 1486  77
1485 1480 1486  77
1479 1489 1478  77
1483 326 1488  77
1488 1482 1483  77
1485 1479 1480  77
1479 1485 1484  77
1489 1484 327  77
1479 1484 1489  77
1478 1489 101  77
1495 2962 2961  78
2959 2961 2960  78
216 852 1497  78
1492 2961 2959  78
1495 2961 1494  78
1497 2962 1496  78
852 216 189  78
2962 1495 1496  78
2959 328 1490  78
2960 849 101  78
2959 1490 1491  78
2961 2962 2960  78
328 2959 1489  78
101 849 100  78
327 328 1489  78
849 2960 850  78
1489 2960 101  78
2959 1491 1492  78
2960 1489 2959  78
850 2962 851  78
2961 1492 1493  78
1493 1494 2961  78
2962 852 851  78
2962 850 2960  78
1497 852 2962  78
2964 1494 1493  79
2965 1497 1496  79
2965 1458 1457  79
1497 969 968  79
1459 2964 1460  79
1495 2965 1496  79
2965 1456 972  79
2965 972 971  79
972 1456 973  79
1456 215 973  79
1461 1491 1462  79
1456 2965 1457  79
1458 2965 2963  79
1491 1463 1462  79
321 1490 328  79
1491 1461 1492  79
1461 2964 1492  79
968 216 1497  79
1492 2964 1493  79
1494 2964 2963  79
1490 321 1463  79
1463 1491 1490  79
969 2965 970  79
1497 2965 969  79
1495 1494 2963  79
2963 1459 1458  79
2964 1461 1460  79
2964 1459 2963  79
971 970 2965  79
2965 1495 2963  79
320 321 328  80
320 328 327  80
1467 1487 1488  81
1466 1487 1467  81
1484 320 327  81
1465 1486 1466  81
1468 326 322  81
1484 1464 320  81
1464 1485 1465  81
1485 1464 1484  81
1487 1466 1486  81
1467 1488 1468  81
326 1468 1488  81
1486 1465 1485  81
322 323 326  82
323 325 326  82
325 323 324  82
2969 1501 2966  83
848 2969 847  83
846 2969 2967  83
98 99 845  83
848 217 1499  83
2969 2966 2967  83
217 848 188  83
330 2968 1506  83
845 2967 98  83
2966 1501 1502  83
1506 2968 1505  83
2966 2968 2967  83
1504 2968 2966  83
330 329 1498  83
1504 2966 1503  83
1501 2969 1500  83
1502 1503 2966  83
2968 1504 1505  83
2967 1498 98  83
2967 845 846  83
2968 330 1498  83
1498 2967 2968  83
2969 846 847  83
2969 1499 1500  83
848 1499 2969  83
1507 1498 329  84
1514 1509 1510  84
1515 1511 1516  84
1498 1513 1512  84
1509 1513 1508  84
1513 1509 1514  84
1514 1510 1515  84
1516 331 332  84
1511 1515 1510  84
331 1516 1511  84
1507 1513 1498  84
1498 1512 98  84
1513 1507 1508  84
1512 1513 2970  85
1519 1514 1520  85
1517 2970 1518  85
1516 333 1520  85
2970 1514 1519  85
1520 1514 1515  85
333 1516 332  85
1514 2970 1513  85
2970 1517 98  85
1516 1520 1515  85
2970 1519 1518  85
2970 98 1512  85
98 1517 97  85
1524 1519 1520  86
1518 1519 2971  86
1524 1520 1525  86
1521 2971 1522  86
96 2971 1521  86
2971 1524 1523  86
2971 1523 1522  86
1524 2971 1519  86
1525 1520 1526  86
1526 333 334  86
333 1526 1520  86
96 1518 2971  86
1518 96 1517  86
1517 96 97  86
1530 1524 1525  87
1524 1530 1529  87
1530 1525 1531  87
1528 1522 1523  87
1532 1527 336  87
1522 1532 1521  87
335 1526 334  87
1529 1523 1524  87
1523 1529 1528  87
1522 1528 1527  87
1522 1527 1532  87
1526 335 1531  87
1531 1525 1526  87
1532 96 1521  87
2974 2975 2973  88
1538 2972 1537  88
1538 2974 2972  88
2975 842 841  88
1535 2973 1534  88
1540 2974 1539  88
843 218 187  88
2974 2973 2972  88
218 843 1540  88
1533 2973 1532  88
2975 840 96  88
2973 1533 1534  88
2972 1535 1536  88
96 840 95  88
1532 337 1533  88
337 1532 336  88
840 2975 841  88
842 2975 2974  88
2972 1536 1537  88
96 1532 2973  88
2973 1535 2972  88
2974 1538 1539  88
2974 843 842  88
1540 843 2974  88
96 2973 2975  88
2977 975 1540  89
1539 2982 2977  89
2981 981 980  89
2980 1502 1501  89
975 2977 976  89
2981 979 978  89
981 2981 1499  89
2976 2980 1501  89
976 2977 977  89
2981 1500 1499  89
981 1499 982  89
1540 975 974  89
1500 2981 2976  89
1499 217 982  89
218 1540 974  89
1537 2982 1538  89
2982 1539 1538  89
1502 2980 2978  89
2978 1535 2979  89
1534 2979 1535  89
1506 2979 1533  89
1506 337 330  89
337 1506 1533  89
2979 1506 1505  89
1533 2979 1534  89
1535 2978 1536  89
1536 2978 1537  89
2981 980 979  89
2980 1537 2978  89
978 2977 2981  89
2977 1540 1539  89
1504 2978 2979  89
1503 1502 2978  89
2979 1505 1504  89
2978 1504 1503  89
2980 2976 2982  89
2982 2976 2981  89
2977 978 977  89
2976 1501 1500  89
2981 2977 2982  89
2982 1537 2980  89
330 336 329  90
336 330 337  90
1529 1508 1528  91
1508 1529 1509  91
1509 1530 1510  91
1511 335 331  91
329 336 1527  91
1531 1511 1510  91
1507 1528 1508  91
1527 1507 329  91
1528 1507 1527  91
335 1511 1531  91
1531 1510 1530  91
1530 1509 1529  91
331 332 335  92
332 334 335  92
334 332 333  92
839 219 1542  93
2986 2985 2984  93
837 2986 2984  93
219 839 186  93
839 2986 838  93
839 1542 2986  93
339 2983 1549  93
836 2984 93  93
836 93 94  93
1544 2986 1543  93
1547 2985 1546  93
1548 2983 1547  93
339 338 1541  93
2985 2983 2984  93
1549 2983 1548  93
2985 1547 2983  93
2986 1544 2985  93
2983 339 1541  93
1541 2984 2983  93
2984 1541 93  93
2984 836 837  93
2985 1544 1545  93
1545 1546 2985  93
2986 837 838  93
2986 1542 1543  93
1557 1551 1552  94
1557 1552 1558  94
1550 1556 1541  94
340 1559 1554  94
1556 1551 1557  94
1556 1550 1551  94
1559 340 341  94
1559 1553 1554  94
1553 1558 1552  94
1553 1559 1558  94
1550 1541 338  94
93 1541 1555  94
1541 1556 1555  94
599 2987 1561  95
1563 1557 1558  95
599 1561 1560  95
1563 1559 342  95
342 1559 341  95
1557 2987 1556  95
2987 1557 1562  95
2987 93 1555  95
1559 1563 1558  95
599 1560 92  95
1557 1563 1562  95
93 2987 599  95
1555 1556 2987  95
2987 1562 1561  95
1562 2988 1561  96
342 1569 1563  96
1565 1564 2988  96
1566 2988 1562  96
1560 2988 91  96
1567 1562 1563  96
1560 91 92  96
1567 1563 1568  96
91 2988 1564  96
1569 342 343  96
1562 1567 1566  96
1563 1569 1568  96
2988 1560 1561  96
2988 1566 1565  96
1573 1567 1568  97
1567 1573 1572  97
344 1569 343  97
1568 1574 1573  97
1572 1566 1567  97
1571 1566 1572  97
1569 344 1574  97
1574 1568 1569  97
1571 1565 1566  97
1565 1571 1570  97
1575 1570 345  97
1564 1575 91  97
1575 1564 1565  97
1565 1570 1575  97
2992 1578 1579  98
2992 1581 2989  98
1582 2989 1581  98
832 2990 2989  98
834 220 185  98
2991 346 1576  98
1583 2989 1582  98
1583 834 2989  98
1581 2992 1580  98
346 2991 1575  98
1575 2990 91  98
2991 2992 2990  98
1578 2992 2991  98
346 1575 345  98
91 831 90  98
831 2990 832  98
2989 834 833  98
833 832 2989  98
2990 831 91  98
1578 2991 1577  98
2990 1575 2991  98
2991 1576 1577  98
1579 1580 2992  98
2992 2989 2990  98
220 834 1583  98
2998 988 987  99
2998 1543 1542  99
220 1583 983  99
984 2997 985  99
985 2997 986  99
2994 1545 1544  99
2995 2994 1544  99
2998 989 988  99
983 1583 984  99
2999 2995 2998  99
990 2998 1542  99
2997 984 1583  99
1543 2998 2995  99
1545 2994 2993  99
1542 219 991  99
2994 1580 2993  99
990 1542 991  99
1547 2993 2996  99
1578 2993 1579  99
2993 1578 2996  99
1549 1584 339  99
2996 1549 1548  99
1584 2996 1576  99
1576 2996 1577  99
1580 2999 1581  99
2996 1584 1549  99
1577 2996 1578  99
346 1584 1576  99
1580 1579 2993  99
2993 1546 1545  99
2994 2995 2999  99
2999 1582 1581  99
2998 990 989  99
1582 2999 2997  99
2996 1548 1547  99
2993 1547 1546  99
987 2997 2998  99
2997 1583 1582  99
2997 987 986  99
2995 1544 1543  99
2998 2997 2999  99
2999 1580 2994  99
346 345 1584  100
1585 1584 345  100
1584 338 339  100
338 1584 1585  100
1574 1554 1553  101
1554 344 340  101
1552 1573 1553  101
1551 1571 1572  101
1573 1552 1572  101
1550 1571 1551  101
1570 1550 1585  101
1551 1572 1552  101
338 1585 1550  101
344 1554 1574  101
1553 1573 1574  101
1571 1550 1570  101
1570 1585 345  101
340 341 344  102
341 343 344  102
343 341 342  102
1589 3002 3001  103
1592 3002 1591  103
1594 3000 1593  103
348 3000 1594  103
1587 3001 830  103
3001 1587 1588  103
88 3001 3000  103
1586 348 347  103
1593 3000 1592  103
3001 827 828  103
221 830 184  103
827 3001 88  103
89 827 88  103
830 3001 829  103
3002 1592 3000  103
3002 1589 1590  103
830 221 1587  103
3000 348 1586  103
1586 88 3000  103
3001 828 829  103
3001 1588 1589  103
3000 3001 3002  103
3002 1590 1591  103
1602 1598 1603  104
1601 1595 1596  104
1599 350 1604  104
1597 1601 1596  104
1603 1599 1604  104
350 1599 349  104
1598 1602 1597  104
1601 1597 1602  104
1595 1601 1586  104
1595 1586 347  104
1599 1603 1598  104
1586 1601 1600  104
88 1586 1600  104
1608 1602 1603  105
1608 1603 1604  105
3003 88 1600  105
3003 1602 1607  105
1605 3003 1606  105
1602 1608 1607  105
1608 1604 351  105
351 1604 350  105
88 1605 87  105
1602 3003 1601  105
3003 1605 88  105
1600 1601 3003  105
3003 1607 1606  105
1608 1613 1612  106
1605 3004 86  106
1614 1608 351  106
1611 1607 1612  106
1608 1612 1607  106
1614 351 352  106
3004 1611 1610  106
3004 1605 1606  106
1607 3004 1606  106
86 3004 1609  106
1613 1608 1614  106
1611 3004 1607  106
1605 86 87  106
1610 1609 3004  106
1620 1615 354  107
1616 1610 1611  107
1618 1612 1613  107
1617 1612 1618  107
1613 1619 1618  107
1619 1613 1614  107
353 1614 352  107
1617 1611 1612  107
1620 1609 1610  107
1616 1611 1617  107
1614 353 1619  107
1609 1620 86  107
1610 1615 1620  107
1610 1616 1615  107
3005 3007 3006  108
3007 1626 1627  108
1626 3005 1625  108
822 3006 823  108
1626 3007 3005  108
1628 3007 1627  108
222 825 1628  108
825 222 183  108
355 3008 1620  108
1623 3008 1622  108
3008 3005 3006  108
3005 1623 1624  108
3008 355 1621  108
354 355 1620  108
1620 3006 86  108
85 86 822  108
1624 1625 3005  108
3008 1623 3005  108
823 3007 824  108
3006 822 86  108
3007 825 824  108
3007 823 3006  108
3006 1620 3008  108
3008 1621 1622  108
1628 825 3007  108
3011 1592 1591  109
3015 1590 1589  109
999 3013 1587  109
993 3014 994  109
1626 3010 1627  109
3015 1588 3013  109
3014 993 1628  109
995 3014 996  109
3012 1625 3011  109
994 3014 995  109
3013 999 998  109
1587 3013 1588  109
999 1587 1000  109
1628 993 992  109
1000 1587 221  109
3010 3012 3015  109
1590 3012 3011  109
1623 3011 1624  109
1622 3009 1623  109
992 222 1628  109
1621 3009 1622  109
1594 1621 348  109
355 348 1621  109
3009 1594 1593  109
3009 1621 1594  109
3011 1623 3009  109
1625 3012 1626  109
3009 1593 1592  109
1592 3011 3009  109
3013 996 3014  109
1627 3014 1628  109
1625 1624 3011  109
3011 1591 1590  109
1590 3015 3012  109
3010 3015 3014  109
3013 998 997  109
3014 1627 3010  109
3012 3010 1626  109
996 3013 997  109
1588 3015 1589  109
3013 3014 3015  109
348 354 347  110
354 348 355  110
1597 1617 1618  111
1597 1618 1598  111
1596 1616 1617  111
1615 347 354  111
1595 1616 1596  111
1596 1617 1597  111
347 1615 1595  111
1616 1595 1615  111
353 1599 1619  111
1598 1619 1599  111
1619 1598 1618  111
1599 353 349  111
349 350 353  112
350 352 353  112
352 350 351  112
3017 1635 3016  113
818 3018 83  113
223 821 182  113
3018 1630 1631  113
3016 3018 3017  113
1630 3018 821  113
83 3018 3016  113
818 83 84  113
821 3018 820  113
821 223 1630  113
1634 3017 1633  113
1636 3016 1635  113
3016 357 1629  113
357 3016 1637  113
3018 818 819  113
1637 3016 1636  113
357 356 1629  113
1629 83 3016  113
1635 3017 1634  113
1632 3018 1631  113
1632 1633 3017  113
819 820 3018  113
3018 1632 3017  113
1638 1629 356  114
1646 1640 1641  114
1638 1644 1629  114
1646 1641 1647  114
1629 1644 1643  114
1645 1639 1640  114
1644 1639 1645  114
1640 1646 1645  114
1647 358 359  114
1642 1647 1641  114
358 1647 1642  114
1629 1643 83  114
1644 1638 1639  114
3019 83 1643  115
1651 1646 1647  115
596 1649 1648  115
1646 1651 1645  115
596 1648 82  115
1647 360 1651  115
360 1647 359  115
1650 1645 1651  115
596 3019 1649  115
3019 1645 1650  115
83 3019 596  115
1645 3019 1644  115
1643 1644 3019  115
3019 1650 1649  115
1650 1655 1654  116
1650 3020 1649  116
1651 1657 1656  116
1653 1652 3020  116
1657 1651 360  116
1657 360 361  116
1655 1651 1656  116
1648 81 82  116
1651 1655 1650  116
1648 3020 81  116
1654 3020 1650  116
81 3020 1652  116
3020 1648 1649  116
3020 1654 1653  116
1655 1661 1660  117
1660 1654 1655  117
1661 1655 1656  117
1656 1662 1661  117
362 1657 361  117
1657 362 1662  117
1662 1656 1657  117
1659 1654 1660  117
1659 1653 1654  117
1663 1658 363  117
1653 1663 1652  117
1652 1663 81  117
1653 1659 1658  117
1653 1658 1663  117
813 3021 814  118
1671 3024 1670  118
224 816 1671  118
81 813 80  118
1669 3024 3022  118
3024 1669 1670  118
816 224 181  118
1669 3022 1668  118
364 3023 1663  118
1667 1668 3022  118
3023 1666 3022  118
3023 3022 3021  118
1666 3023 1665  118
1663 3021 81  118
3023 364 1664  118
363 364 1663  118
814 3024 815  118
3021 813 81  118
3022 3024 3021  118
3022 1666 1667  118
3021 1663 3023  118
3023 1664 1665  118
3024 816 815  118
3024 814 3021  118
1671 816 3024  118
3027 1669 3025  119
3027 1632 1631  119
3026 1633 3025  119
1668 3025 1669  119
3027 1671 1670  119
1002 3027 1003  119
1630 3027 1631  119
3027 1630 1005  119
1633 3026 1634  119
1005 1630 1006  119
1632 3027 3025  119
1671 1002 1001  119
223 1006 1630  119
1664 1637 1636  119
1636 1666 1665  119
1671 3027 1002  119
224 1671 1001  119
1637 1664 1672  119
1672 357 1637  119
1666 3026 1667  119
1672 1664 364  119
3026 1666 1635  119
1668 3026 3025  119
1664 1636 1665  119
1666 1636 1635  119
1633 1632 3025  119
1669 3027 1670  119
3026 1668 1667  119
3026 1635 1634  119
3027 1005 1004  119
1004 1003 3027  119
364 363 1672  120
1672 1673 356  120
1673 1672 363  120
1672 356 357  120
1642 362 358  121
362 1642 1662  121
1640 1660 1661  121
1673 1638 356  121
1662 1641 1661  121
1638 1659 1639  121
1658 1638 1673  121
1658 1673 363  121
1661 1641 1640  121
1660 1640 1639  121
1659 1638 1658  121
1660 1639 1659  121
1641 1662 1642  121
359 362 358  122
361 359 360  122
362 359 361  122
3029 1677 1678  123
809 3031 78  123
3031 1674 78  123
3031 809 810  123
812 225 1675  123
3028 1675 1676  123
225 812 180  123
812 3028 811  123
1677 3029 3028  123
812 1675 3028  123
3029 1678 1679  123
809 78 79  123
1680 3030 3029  123
1674 366 365  123
3030 3031 3029  123
366 3030 1682  123
1682 3030 1681  123
810 811 3028  123
3028 1676 1677  123
3029 1679 1680  123
1674 3031 3030  123
3030 1680 1681  123
3030 366 1674  123
3031 810 3028  123
3028 3029 3031  123
1685 1691 1690  124
1683 1689 1674  124
1690 1684 1685  124
1689 1684 1690  124
1691 1685 1686  124
1692 367 368  124
1691 1686 1692  124
1687 1692 1686  124
367 1692 1687  124
365 1683 1674  124
78 1674 1688  124
1674 1689 1688  124
1689 1683 1684  124
3032 1690 1695  125
1690 3032 1689  125
594 1694 1693  125
1691 1696 1690  125
1696 1691 1692  125
1692 369 1696  125
369 1692 368  125
3032 78 1688  125
594 1693 77  125
594 3032 1694  125
1690 1696 1695  125
78 3032 594  125
1688 1689 3032  125
3032 1695 1694  125
3033 1700 1699  126
3033 1699 1698  126
1696 1702 1701  126
1702 1696 369  126
1700 1695 1696  126
1702 369 370  126
1697 3033 1698  126
76 3033 1697  126
1700 3033 1695  126
1696 1701 1700  126
76 1694 3033  126
1694 76 1693  126
1694 1695 3033  126
1693 76 77  126
1701 1707 1706  127
1698 1704 1703  127
1705 1699 1700  127
1706 1700 1701  127
1705 1700 1706  127
1702 371 1707  127
371 1702 370  127
1704 1699 1705  127
1702 1707 1701  127
1704 1698 1699  127
1708 1703 372  127
1708 76 1697  127
1708 1697 1698  127
1698 1703 1708  127
3037 1714 1715  128
3036 3037 3035  128
1714 3036 1713  128
804 3035 805  128
807 226 179  128
1714 3037 3036  128
1716 3037 1715  128
1716 807 3037  128
373 3034 1708  128
1711 3036 3034  128
3034 1709 1710  128
3034 3036 3035  128
3034 1710 1711  128
3034 373 1709  128
372 373 1708  128
75 76 804  128
805 3037 806  128
1708 3035 76  128
3035 804 76  128
3035 1708 3034  128
3036 1711 1712  128
1712 1713 3036  128
3037 807 806  128
3037 805 3035  128
226 807 1716  128
1009 3039 1010  129
3039 1677 1676  129
3038 1713 1712  129
3040 1677 3039  129
1714 3039 1715  129
1008 3039 1009  129
1675 3039 1676  129
3039 1675 1011  129
1678 3040 3038  129
1012 1675 225  129
1011 1675 1012  129
3040 1678 1677  129
1716 1008 1007  129
1709 1681 1710  129
1716 3039 1008  129
226 1716 1007  129
1682 1709 1717  129
1717 366 1682  129
1680 3038 1711  129
1711 1681 1680  129
1717 1709 373  129
1711 3038 1712  129
1713 3040 1714  129
1681 1709 1682  129
1681 1711 1710  129
3038 1680 1679  129
1679 1678 3038  129
3039 1011 1010  129
3039 1716 1715  129
3039 1714 3040  129
3040 1713 3038  129
373 372 1717  130
365 1717 1718  130
1717 365 366  130
1717 372 1718  130
1687 371 367  131
1685 1706 1686  131
1707 1686 1706  131
1718 1683 365  131
1683 1704 1684  131
1703 1718 372  131
371 1687 1707  131
1703 1683 1718  131
1685 1705 1706  131
1705 1685 1684  131
1684 1704 1705  131
1704 1683 1703  131
1686 1707 1687  131
368 371 367  132
370 368 369  132
371 368 370  132
801 3044 3043  133
3041 3043 3042  133
803 227 1720  133
3041 375 1719  133
3044 3042 3043  133
800 3043 73  133
227 803 178  133
803 3044 802  133
803 1720 3044  133
1722 3044 1721  133
1726 3041 1725  133
3042 1725 3041  133
800 73 74  133
375 3041 1727  133
1719 375 374  133
1724 3042 1723  133
1727 3041 1726  133
1719 3043 3041  133
1725 3042 1724  133
3043 1719 73  133
3042 1722 1723  133
3043 800 801  133
3044 1722 3042  133
3044 801 802  133
3044 1720 1721  133
1728 1719 374  134
1735 1730 1731  134
1735 1731 1736  134
1730 1734 1729  134
1736 1732 1737  134
1737 1732 377  134
1732 1736 1731  134
377 1732 376  134
1728 1734 1719  134
1734 1728 1729  134
1719 1733 73  134
1733 1719 1734  134
1734 1730 1735  134
73 3045 592  135
1733 1734 3045  135
592 1738 72  135
1735 1741 1740  135
1737 1741 1736  135
1738 592 1739  135
592 3045 1739  135
1741 1737 378  135
1741 1735 1736  135
377 378 1737  135
1735 3045 1734  135
3045 73 1733  135
3045 1735 1740  135
3045 1740 1739  135
3046 1745 1744  136
3046 1744 1743  136
1741 1747 1746  136
1747 1741 378  136
378 379 1747  136
1745 1741 1746  136
1745 3046 1740  136
71 3046 1742  136
1745 1740 1741  136
71 1739 3046  136
1742 3046 1743  136
1739 71 1738  136
1739 1740 3046  136
1738 71 72  136
1745 1751 1750  137
1750 1744 1745  137
1751 1745 1746  137
1746 1752 1751  137
380 1747 379  137
1743 1749 1748  137
1747 380 1752  137
1752 1746 1747  137
1749 1743 1744  137
1749 1744 1750  137
1753 1748 381  137
1742 1753 71  137
1753 1742 1743  137
1743 1748 1753  137
1759 3049 1758  138
3049 1756 1757  138
3050 1759 1760  138
71 3048 3047  138
798 228 177  138
1759 3050 3049  138
795 3047 796  138
1761 3050 1760  138
1756 3049 3048  138
1756 3048 1755  138
1761 798 3050  138
382 1753 381  138
3048 382 1754  138
3048 3049 3047  138
382 3048 1753  138
70 71 795  138
3047 797 796  138
3047 795 71  138
3048 71 1753  138
3048 1754 1755  138
1757 1758 3049  138
3049 3050 3047  138
3050 798 797  138
797 3047 3050  138
228 798 1761  138
1756 3053 1757  139
3052 1759 3051  139
3052 1722 1721  139
1759 3052 1760  139
3052 1761 1760  139
1761 3052 1014  139
1014 3052 1015  139
1720 3052 1721  139
3052 1720 1017  139
1723 3053 1724  139
1018 1720 227  139
1017 1720 1018  139
1722 3052 3051  139
1761 1014 1013  139
3053 1723 3051  139
1725 3053 1756  139
1727 1755 1754  139
228 1761 1013  139
1727 1754 1762  139
1762 375 1727  139
1725 1755 1726  139
1758 3053 3051  139
1755 1727 1726  139
1755 1725 1756  139
382 1762 1754  139
1759 1758 3051  139
3051 1723 1722  139
3052 1017 1016  139
1016 1015 3052  139
3053 1758 1757  139
3053 1725 1724  139
382 1763 1762  140
1763 375 1762  140
375 1763 374  140
1763 382 381  140
1732 380 376  141
380 1732 1752  141
1730 1751 1731  141
1731 1752 1732  141
1748 1763 381  141
1731 1751 1752  141
1748 1728 1763  141
1729 1750 1730  141
1763 1728 374  141
1728 1749 1729  141
1751 1730 1750  141
1749 1728 1748  141
1729 1749 1750  141
378 379 377  142
377 379 380  142
377 380 376  142
3056 3055 793  143
1769 3054 1768  143
794 229 1765  143
3057 1772 1764  143
793 3055 792  143
3054 3057 3055  143
791 3055 68  143
229 794 176  143
794 3056 793  143
1767 3056 1766  143
1769 3057 3054  143
1764 384 383  143
1764 1772 384  143
68 69 791  143
3057 1769 1770  143
1772 3057 1771  143
3055 1764 68  143
3054 1767 1768  143
3055 791 792  143
3055 3056 3054  143
3056 1765 1766  143
3056 1767 3054  143
1770 1771 3057  143
3057 1764 3055  143
794 1765 3056  143
1773 1764 383  144
1780 1775 1776  144
1773 1779 1764  144
1781 1777 1782  144
1764 1779 1778  144
1779 1773 1774  144
1779 1775 1780  144
1780 1776 1781  144
1782 385 386  144
1777 1781 1776  144
385 1782 1777  144
68 1764 1778  144
1779 1774 1775  144
590 1784 1783  145
68 3058 590  145
590 3058 1784  145
1782 387 1786  145
1778 1779 3058  145
3058 68 1778  145
1785 1780 1786  145
1786 1780 1781  145
387 1782 386  145
1783 67 590  145
1780 3058 1779  145
1782 1786 1781  145
3058 1780 1785  145
3058 1785 1784  145
1790 1786 1791  146
589 1783 1784  146
1788 1787 3059  146
1789 3059 1785  146
1786 1790 1785  146
1786 1792 1791  146
1792 1786 387  146
387 388 1792  146
66 3059 1787  146
1783 589 67  146
3059 66 589  146
1789 1785 1790  146
1785 3059 1784  146
3059 589 1784  146
3059 1789 1788  146
1798 1793 390  147
1794 1788 1789  147
1796 1790 1791  147
1795 1789 1790  147
1791 1797 1796  147
1797 1791 1792  147
1795 1790 1796  147
389 1792 388  147
1789 1795 1794  147
1788 1794 1793  147
1792 389 1797  147
1798 66 1787  147
1788 1798 1787  147
1788 1793 1798  147
1804 3063 1803  148
3061 1804 1805  148
65 66 786  148
786 3060 787  148
230 789 1806  148
3063 1804 3061  148
3063 1801 1802  148
1806 3061 1805  148
1801 3062 1800  148
789 230 175  148
66 3062 3060  148
3062 3063 3060  148
1801 3063 3062  148
3062 391 1799  148
391 1798 390  148
391 3062 1798  148
3060 788 787  148
3060 786 66  148
3061 789 788  148
788 3060 3061  148
3062 66 1798  148
3062 1799 1800  148
1802 1803 3063  148
3063 3061 3060  148
1806 789 3061  148
1806 1020 1019  149
1806 1019 230  149
3065 1767 3064  149
1804 3065 3064  149
1772 391 384  149
1020 3064 1021  149
1806 3064 1020  149
1021 3064 1022  149
3064 1765 1023  149
1767 3065 1768  149
1023 1765 1024  149
3064 1767 1766  149
1765 229 1024  149
1765 3064 1766  149
1804 3064 1805  149
1770 1801 1771  149
1771 1799 1772  149
3066 1803 1802  149
1801 3066 1802  149
3066 1801 1770  149
1803 3066 3065  149
391 1772 1799  149
1799 1771 1800  149
1771 1801 1800  149
3064 1023 1022  149
3064 1806 1805  149
3065 1804 1803  149
1768 3066 1769  149
3066 1770 1769  149
3066 1768 3065  149
391 390 384  150
384 390 383  150
1774 1794 1795  151
1797 1776 1796  151
1773 1794 1774  151
1795 1775 1774  151
1794 1773 1793  151
1775 1795 1796  151
1793 383 390  151
1796 1776 1775  151
383 1793 1773  151
1776 1797 1777  151
1777 389 385  151
389 1777 1797  151
388 386 387  152
389 386 388  152
386 389 385  152
784 3067 783  153
231 785 174  153
785 231 1808  153
1812 3069 1811  153
1810 3068 1809  153
3067 1807 63  153
3070 1812 1813  153
785 3068 784  153
782 3067 63  153
3069 3070 3067  153
785 1808 3068  153
782 63 64  153
1812 3070 3069  153
393 392 1807  153
1815 3070 1814  153
3070 1815 1807  153
1807 1815 393  153
3067 782 783  153
1810 3069 3068  153
3067 784 3068  153
3068 1808 1809  153
3067 3068 3069  153
3069 1810 1811  153
1813 1814 3070  153
3070 1807 3067  153
1816 1822 1807  154
1822 1816 1817  154
1823 1817 1818  154
1823 1818 1824  154
1822 1817 1823  154
1825 394 395  154
1819 1825 1824  154
1825 1819 1820  154
1819 1824 1818  154
394 1825 1820  154
1807 1821 63  154
1821 1807 1822  154
1807 392 1816  154
587 1827 1826  155
3071 63 1821  155
587 3071 1827  155
63 3071 587  155
587 1826 62  155
3071 1823 1828  155
1828 1823 1829  155
1825 396 1829  155
1823 3071 1822  155
396 1825 395  155
1824 1829 1823  155
1829 1824 1825  155
1821 1822 3071  155
3071 1828 1827  155
1828 1833 1832  156
396 1835 1829  156
1835 396 397  156
1833 1828 1829  156
1827 586 1826  156
1829 1835 1834  156
1833 1829 1834  156
1831 1830 3072  156
1826 586 62  156
61 3072 1830  156
1832 3072 1828  156
3072 61 586  156
1828 3072 1827  156
3072 586 1827  156
3072 1832 1831  156
1839 1833 1834  157
1833 1839 1838  157
398 1835 397  157
1834 1840 1839  157
1838 1832 1833  157
1831 1837 1836  157
1837 1832 1838  157
1835 398 1840  157
1840 1834 1835  157
1837 1831 1832  157
1841 1836 399  157
1831 1836 1841  157
1830 1841 61  157
1841 1830 1831  157
3076 3073 3075  158
3074 3076 3075  158
778 3075 3073  158
3075 777 61  158
1847 3076 1846  158
780 232 173  158
777 3075 778  158
61 777 60  158
1849 3073 1848  158
3074 1842 1843  158
1848 3073 1847  158
1844 3076 3074  158
1849 780 3073  158
3074 400 1842  158
400 1841 399  158
400 3074 1841  158
3073 780 779  158
779 778 3073  158
1841 3075 61  158
3074 1843 1844  158
3075 1841 3074  158
3076 1847 3073  158
3076 1844 1845  158
1845 1846 3076  158
232 780 1849  158
3079 1844 1813  159
3077 1810 1809  159
3078 1810 3077  159
3077 1029 1028  159
1847 3077 1848  159
1026 3077 1027  159
1808 3077 1809  159
3077 1808 1029  159
1847 3078 3077  159
1030 1808 231  159
1029 1808 1030  159
1810 3078 1811  159
1849 1026 1025  159
3079 1811 3078  159
1844 3079 1845  159
1815 1843 1842  159
1849 3077 1026  159
232 1849 1025  159
1815 1842 1850  159
1850 393 1815  159
1850 1842 400  159
1813 1843 1814  159
1846 3079 3078  159
1843 1813 1844  159
1843 1815 1814  159
3077 1028 1027  159
3077 1849 1848  159
3078 1847 1846  159
1811 3079 1812  159
3079 1846 1845  159
3079 1813 1812  159
400 399 1850  160
1851 1850 399  160
1850 392 393  160
392 1850 1851  160
1820 398 394  161
1818 1839 1819  161
398 1820 1840  161
1838 1817 1837  161
1819 1839 1840  161
1816 1836 1837  161
1837 1817 1816  161
1836 1816 1851  161
1836 1851 399  161
1851 1816 392  161
1817 1838 1818  161
1839 1818 1838  161
1840 1820 1819  161
398 395 397  162
397 395 396  162
395 398 394  162
1852 3083 3080  163
1855 3082 3081  163
776 3081 775  163
775 3083 774  163
3080 3083 3082  163
773 3083 58  163
1860 3080 1859  163
1859 3080 1858  163
1852 1860 402  163
3083 775 3081  163
776 233 1853  163
233 776 172  163
3080 1860 1852  163
1852 402 401  163
3083 3081 3082  163
59 773 58  163
1857 3082 1856  163
1857 1858 3080  163
3081 1853 1854  163
1854 1855 3081  163
3082 1855 1856  163
3082 1857 3080  163
3083 1852 58  163
3083 773 774  163
776 1853 3081  163
1867 1861 1862  164
1864 1868 1863  164
1865 1869 1864  164
1852 1866 58  164
1869 1865 1870  164
404 1865 403  164
1867 1863 1868  164
1868 1864 1869  164
1867 1862 1863  164
1861 1867 1852  164
1865 404 1870  164
1866 1852 1867  164
1861 1852 401  164
3084 58 1866  165
584 3084 1872  165
1870 405 1874  165
3084 1868 1873  165
1871 584 1872  165
584 1871 57  165
1873 1868 1874  165
405 1870 404  165
1868 3084 1867  165
58 3084 584  165
1870 1874 1869  165
1874 1868 1869  165
1866 1867 3084  165
3084 1873 1872  165
3085 56 583  166
3085 1877 1876  166
1872 583 1871  166
1873 1878 1877  166
1877 3085 1873  166
1880 1874 405  166
1873 3085 1872  166
1871 583 57  166
1880 405 406  166
56 3085 1875  166
1878 1873 1874  166
1874 1879 1878  166
1879 1874 1880  166
1876 1875 3085  166
3085 583 1872  166
1886 1881 408  167
1882 1876 1877  167
1884 1878 1879  167
1883 1877 1878  167
1879 1885 1884  167
1885 1879 1880  167
407 1880 406  167
1883 1878 1884  167
1877 1883 1882  167
1886 1875 1876  167
1880 407 1885  167
1875 1886 56  167
1876 1881 1886  167
1876 1882 1881  167
1890 1891 3087  168
3089 1892 1893  168
409 1886 408  168
409 3088 1886  168
1886 3086 56  168
1892 3089 3087  168
768 3086 769  168
55 56 768  168
3088 409 1887  168
771 234 171  168
234 771 1894  168
3088 3087 3086  168
1894 3089 1893  168
1889 3088 1888  168
3088 1889 3087  168
1892 3087 1891  168
769 3089 770  168
3086 768 56  168
3087 3089 3086  168
3087 1889 1890  168
3086 1886 3088  168
3088 1887 1888  168
3089 771 770  168
3089 769 3086  168
1894 771 3089  168
3095 1037 1036  169
1038 3095 1853  169
1032 3093 1033  169
3095 1036 1035  169
1033 3093 1034  169
3092 3090 1855  169
3091 1895 1860  169
1031 1894 1032  169
234 1894 1031  169
1854 3095 3092  169
3095 1854 1853  169
3090 1856 1855  169
1038 1853 1039  169
1853 233 1039  169
3096 3092 3095  169
3093 1032 1894  169
1891 3096 1892  169
1856 3094 1857  169
3094 1889 3091  169
1889 3094 1890  169
1895 3091 1887  169
1860 1895 402  169
3091 1860 1859  169
1891 3094 3090  169
3094 1891 1890  169
1887 3091 1888  169
1888 3091 1889  169
409 1895 1887  169
3090 3092 3096  169
3096 1893 1892  169
3091 1859 1858  169
1858 3094 3091  169
3095 1038 1037  169
1893 3096 3093  169
1035 3093 3095  169
3093 1894 1893  169
3094 1858 1857  169
3094 1856 3090  169
3093 1035 1034  169
3092 1855 1854  169
3095 3093 3096  169
3096 1891 3090  169
408 1896 409  170
1896 402 1895  170
402 1896 401  170
409 1896 1895  170
1896 1861 401  171
1862 1882 1883  171
1864 1885 1865  171
1882 1862 1861  171
1883 1863 1862  171
1884 1863 1883  171
1885 1864 1884  171
1861 1881 1882  171
1881 1861 1896  171
1881 1896 408  171
1865 407 403  171
407 1865 1885  171
1863 1884 1864  171
407 404 406  172
406 404 405  172
404 407 403  172
1903 3100 3098  173
235 767 170  173
3099 766 3097  173
1897 411 410  173
3098 1900 1901  173
1903 3098 1902  173
411 3100 1905  173
1900 3098 3097  173
1905 3100 1904  173
766 3099 765  173
767 3097 766  173
767 235 1898  173
3099 3097 3098  173
764 3099 53  173
3100 3099 3098  173
54 764 53  173
3097 1898 1899  173
1899 1900 3097  173
3098 1901 1902  173
3100 53 3099  173
53 3100 1897  173
3099 764 765  173
3100 1903 1904  173
3100 411 1897  173
767 1898 3097  173
1906 1897 410  174
1914 1908 1909  174
1906 1912 1897  174
1914 1909 1915  174
1897 1912 1911  174
1912 1906 1907  174
1913 1907 1908  174
1908 1914 1913  174
1915 412 413  174
1910 1915 1909  174
412 1915 1910  174
1897 1911 53  174
1907 1913 1912  174
3101 53 1911  175
581 3101 1917  175
3101 1913 1918  175
1913 3101 1912  175
1913 1919 1918  175
1919 1914 1915  175
581 1916 52  175
1916 581 1917  175
1914 1919 1913  175
1915 414 1919  175
414 1915 413  175
53 3101 581  175
1911 1912 3101  175
3101 1918 1917  175
1917 580 1916  176
1916 580 52  176
3102 51 580  176
1921 1920 3102  176
1919 1923 1918  176
1919 1925 1924  176
1925 414 415  176
1922 3102 1918  176
1923 1919 1924  176
1925 1919 414  176
51 3102 1920  176
1918 3102 1917  176
1918 1923 1922  176
3102 580 1917  176
3102 1922 1921  176
1929 1923 1924  177
1923 1929 1928  177
416 1925 415  177
1924 1930 1929  177
1928 1922 1923  177
1927 1922 1928  177
1925 416 1930  177
1930 1924 1925  177
1927 1921 1922  177
1931 1926 417  177
1921 1931 1920  177
1920 1931 51  177
1921 1927 1926  177
1921 1926 1931  177
3106 1937 1938  178
1937 3103 1936  178
3104 418 1932  178
3104 51 1931  178
1934 3104 1933  178
3104 3105 51  178
418 3104 1931  178
3103 3106 3105  178
759 3105 760  178
759 50 51  178
417 418 1931  178
1939 762 3106  178
1939 3106 1938  178
762 236 169  178
1937 3106 3103  178
3103 1934 1935  178
3105 3104 3103  178
3103 1935 1936  178
3104 1932 1933  178
3104 1934 3103  178
3105 761 760  178
3105 759 51  178
3106 762 761  178
761 3105 3106  178
236 762 1939  178
1042 3107 1043  179
3107 1900 1899  179
3109 1901 3108  179
1937 3108 3107  179
1937 3107 1938  179
1041 3107 1042  179
1898 3107 1899  179
3107 1898 1044  179
3108 1900 3107  179
1045 1898 235  179
1044 1898 1045  179
1900 3108 1901  179
1939 1041 1040  179
1932 1905 1904  179
1904 1934 1933  179
1939 3107 1041  179
236 1939 1040  179
1905 1932 1940  179
1940 411 1905  179
1934 3109 1935  179
1940 1932 418  179
3109 1934 1903  179
1936 3109 3108  179
1932 1904 1933  179
1934 1904 1903  179
3107 1044 1043  179
3107 1939 1938  179
3108 1937 1936  179
1901 3109 1902  179
3109 1936 1935  179
3109 1903 1902  179
417 1941 418  180
418 1941 1940  180
1941 411 1940  180
411 1941 410  180
1941 1906 410  181
1907 1927 1928  181
1927 1907 1906  181
1928 1908 1907  181
1930 1909 1929  181
1906 1926 1927  181
1926 1906 1941  181
1941 417 1926  181
1910 416 412  181
416 1910 1930  181
1929 1908 1928  181
1909 1930 1910  181
1908 1929 1909  181
415 413 414  182
416 413 415  182
413 416 412  182
420 3112 1950  183
3111 1943 1944  183
48 3112 1942  183
1942 420 419  183
3112 48 3111  183
1948 3110 1947  183
1948 3112 3110  183
1950 3112 1949  183
758 3111 757  183
1943 3111 758  183
1945 3111 1944  183
3112 3111 3110  183
755 48 49  183
755 3111 48  183
237 758 168  183
3111 755 756  183
3110 1945 1946  183
1946 1947 3110  183
756 757 3111  183
3111 1945 3110  183
3112 1948 1949  183
3112 420 1942  183
758 237 1943  183
1953 1959 1958  184
1951 1957 1942  184
1959 1953 1954  184
1958 1952 1953  184
1957 1952 1958  184
1960 421 422  184
1959 1954 1960  184
1955 1960 1954  184
421 1960 1955  184
419 1951 1942  184
48 1942 1956  184
1942 1957 1956  184
1957 1951 1952  184
578 1962 1961  185
578 1961 47  185
578 3113 1962  185
3113 48 1956  185
3113 1958 1963  185
1958 1964 1963  185
1964 1959 1960  185
1959 1964 1958  185
1958 3113 1957  185
1960 423 1964  185
423 1960 422  185
48 3113 578  185
1956 1957 3113  185
3113 1963 1962  185
577 1961 1962  186
3114 46 577  186
1963 3114 1962  186
46 3114 1965  186
1968 1964 1969  186
1964 1968 1963  186
1964 1970 1969  186
1970 423 424  186
1966 1965 3114  186
1970 1964 423  186
1961 577 47  186
1967 1963 1968  186
1967 3114 1963  186
3114 577 1962  186
3114 1967 1966  186
1968 1974 1973  187
1974 1968 1969  187
1966 1972 1971  187
1969 1975 1974  187
425 1970 424  187
1973 1967 1968  187
1970 425 1975  187
1975 1969 1970  187
1972 1966 1967  187
1966 1976 1965  187
1967 1973 1972  187
1976 1971 426  187
1966 1971 1976  187
1965 1976 46  187
3115 752 751  188
750 3115 751  188
3116 427 1977  188
3116 46 1976  188
1979 3116 1978  188
46 750 45  188
46 3116 3115  188
427 3116 1976  188
3117 1982 1983  188
426 427 1976  188
1984 753 3117  188
3118 1982 3117  188
1984 3117 1983  188
753 238 167  188
1982 3118 1981  188
1979 3118 3116  188
3115 750 46  188
3118 3117 3115  188
3116 1977 1978  188
3116 3118 3115  188
3117 753 752  188
752 3115 3117  188
3118 1979 1980  188
1980 1981 3118  188
238 753 1984  188
1978 1950 1949  189
3120 1943 1050  189
1048 3120 1049  189
3121 1945 3120  189
3121 1946 1945  189
3120 1945 1944  189
1047 3120 1048  189
1984 3120 1047  189
1946 3121 3119  189
1943 3120 1944  189
1051 1943 237  189
1050 1943 1051  189
1982 3120 1983  189
3119 1981 1980  189
3119 1979 1948  189
1950 1977 1985  189
1977 1950 1978  189
1978 1949 1948  189
1985 420 1950  189
1979 3119 1980  189
1981 3121 1982  189
1978 1948 1979  189
1984 1047 1046  189
1046 238 1984  189
427 1985 1977  189
3119 1948 1947  189
1947 1946 3119  189
3120 1050 1049  189
3120 1984 1983  189
3120 1982 3121  189
3121 1981 3119  189
426 1985 427  190
1985 426 1986  190
1985 1986 419  190
1985 419 420  190
1954 1975 1955  191
1953 1973 1974  191
1975 1954 1974  191
1973 1952 1972  191
1955 425 421  191
1952 1973 1953  191
1951 1971 1972  191
1951 1986 1971  191
426 1971 1986  191
1986 1951 419  191
425 1955 1975  191
1953 1974 1954  191
1951 1972 1952  191
424 422 423  192
425 422 424  192
422 425 421  192
1993 3125 1992  193
749 239 1988  193
3125 1993 3124  193
429 3124 1995  193
3125 3124 3122  193
3124 1993 1994  193
1995 3124 1994  193
749 3123 748  193
748 3122 747  193
429 428 1987  193
3123 3125 3122  193
1990 3123 1989  193
239 749 166  193
1990 3125 3123  193
43 44 746  193
746 3122 43  193
43 3124 1987  193
3122 746 747  193
3122 748 3123  193
3123 1988 1989  193
3124 429 1987  193
3124 43 3122  193
3125 1990 1991  193
1991 1992 3125  193
749 1988 3123  193
1996 1987 428  194
2003 1998 1999  194
2003 1999 2004  194
1987 2002 2001  194
1998 2002 1997  194
2004 2000 2005  194
2005 2000 431  194
2002 1998 2003  194
2000 2004 1999  194
431 2000 430  194
1996 2002 1987  194
2002 1996 1997  194
1987 2001 43  194
2001 2002 3126  195
2006 575 2007  195
575 2006 42  195
2003 2009 2008  195
575 3126 2007  195
43 3126 575  195
3126 2003 2008  195
2005 2009 2004  195
2003 3126 2002  195
432 2005 431  195
2005 432 2009  195
2009 2003 2004  195
3126 2008 2007  195
3126 43 2001  195
2013 3127 2008  196
2013 2009 2014  196
2009 2015 2014  196
3127 2012 2011  196
432 433 2015  196
3127 2013 2012  196
2010 3127 2011  196
2015 2009 432  196
41 2007 3127  196
2009 2013 2008  196
41 3127 2010  196
2007 41 2006  196
2007 2008 3127  196
2006 41 42  196
2014 2020 2019  197
2019 2013 2014  197
2018 2012 2013  197
434 2015 433  197
2013 2019 2018  197
2017 2012 2018  197
2015 434 2020  197
2020 2014 2015  197
2017 2011 2012  197
2011 2017 2016  197
2021 2016 435  197
2010 2021 41  197
2021 2010 2011  197
2011 2016 2021  197
3130 3129 3131  198
741 3131 742  198
3128 436 2022  198
2024 3130 3128  198
41 741 40  198
3128 2022 2023  198
3130 2024 2025  198
436 3128 2021  198
742 3131 3129  198
436 2021 435  198
3130 2027 3129  198
744 240 165  198
2027 3130 2026  198
2029 3129 2028  198
240 744 2029  198
2028 3129 2027  198
2021 3131 41  198
3128 2023 2024  198
3129 744 743  198
743 742 3129  198
3131 2021 3128  198
3130 2025 2026  198
3131 741 41  198
3131 3128 3130  198
2029 744 3129  198
2029 1053 1052  199
2029 1052 240  199
3134 2026 3133  199
3134 1991 1990  199
429 2022 436  199
1053 3132 1054  199
2029 3132 1053  199
3132 1056 1055  199
3132 1988 1056  199
2027 3132 2028  199
1056 1988 1057  199
3132 1990 1989  199
1988 239 1057  199
1988 3132 1989  199
1991 3134 3133  199
1993 2023 1994  199
1995 2023 2022  199
3133 2026 2025  199
1993 3133 2024  199
2024 3133 2025  199
2026 3134 2027  199
2022 429 1995  199
2023 1995 1994  199
2023 1993 2024  199
3132 1055 1054  199
3132 2029 2028  199
3133 1993 1992  199
1992 1991 3133  199
3134 1990 3132  199
3132 2027 3134  199
436 428 429  200
428 436 435  200
2019 1998 2018  201
1997 2017 2018  201
2020 1999 2019  201
434 2000 2020  201
2000 434 430  201
2016 428 435  201
2018 1998 1997  201
2016 1996 428  201
2017 1996 2016  201
1999 2020 2000  201
1998 2019 1999  201
1996 2017 1997  201
433 431 432  202
434 431 433  202
431 434 430  202
2036 3136 3135  203
3137 737 738  203
2036 3135 2035  203
438 3136 2038  203
2030 438 437  203
2033 3137 2032  203
2038 3136 2037  203
740 3137 739  203
3135 2033 2034  203
3136 3137 3135  203
737 38 39  203
241 740 164  203
2031 3137 740  203
3137 2031 2032  203
38 3137 3136  203
737 3137 38  203
2034 2035 3135  203
38 3136 2030  203
3136 2036 2037  203
3136 438 2030  203
738 739 3137  203
3137 2033 3135  203
740 241 2031  203
2039 2030 437  204
2046 2041 2042  204
2039 2045 2030  204
2047 2043 2048  204
2030 2045 2044  204
2041 2045 2040  204
2045 2041 2046  204
2046 2042 2047  204
2048 439 440  204
2043 2047 2042  204
439 2048 2043  204
2030 2044 38  204
2045 2039 2040  204
2044 2045 3138  205
38 3138 573  205
2046 2052 2051  205
573 3138 2050  205
2052 2046 2047  205
573 2050 2049  205
573 2049 37  205
2046 3138 2045  205
2052 2047 2048  205
2052 2048 441  205
3138 38 2044  205
441 2048 440  205
3138 2046 2051  205
3138 2051 2050  205
3139 2055 2054  206
2058 2052 441  206
2056 2052 2057  206
36 3139 2053  206
2052 2058 2057  206
2055 2051 2056  206
2051 3139 2050  206
441 442 2058  206
3139 2049 2050  206
2052 2056 2051  206
2049 3139 36  206
2055 3139 2051  206
2049 36 37  206
2054 2053 3139  206
2064 2059 444  207
2060 2054 2055  207
2062 2056 2057  207
2061 2055 2056  207
2057 2063 2062  207
2063 2057 2058  207
2061 2056 2062  207
443 2058 442  207
2055 2061 2060  207
2054 2060 2059  207
2058 443 2063  207
2064 36 2053  207
2054 2064 2053  207
2054 2059 2064  207
3140 734 733  208
36 732 35  208
3142 445 2065  208
3140 3142 3141  208
3142 36 2064  208
36 3142 3140  208
445 3142 2064  208
2067 3142 2066  208
444 445 2064  208
732 3140 733  208
2070 3141 2069  208
2072 3143 2071  208
734 3140 3143  208
735 242 163  208
2070 3143 3141  208
242 735 2072  208
3140 732 36  208
3141 3143 3140  208
3141 2067 2068  208
2068 2069 3141  208
3142 2065 2066  208
3142 2067 3141  208
3143 2070 2071  208
3143 735 734  208
2072 735 3143  208
2072 1059 1058  209
2072 1058 242  209
3146 2069 3145  209
2070 3146 3144  209
2038 445 438  209
1059 3144 1060  209
2072 3144 1059  209
1060 3144 1061  209
2070 3144 2071  209
3144 2031 1062  209
2034 3146 3145  209
1062 2031 1063  209
3144 2033 2032  209
2031 241 1063  209
2031 3144 2032  209
2036 2067 2037  209
2037 2065 2038  209
2034 3145 2035  209
2067 3145 2068  209
2065 2037 2066  209
3145 2067 2036  209
2069 3146 2070  209
445 2038 2065  209
2037 2067 2066  209
3144 1062 1061  209
3144 2072 2071  209
2069 2068 3145  209
3145 2036 2035  209
3146 2034 2033  209
2033 3144 3146  209
444 438 445  210
438 444 437  210
2041 2061 2062  211
2059 437 444  211
2063 2042 2062  211
443 2043 2063  211
2039 2060 2040  211
2043 443 439  211
2040 2060 2061  211
2060 2039 2059  211
2061 2041 2040  211
2041 2062 2042  211
2042 2063 2043  211
2059 2039 437  211
443 440 442  212
440 443 439  212
442 440 441  212
2079 3150 3149  213
3150 2079 2080  213
447 3150 2081  213
2081 3150 2080  213
728 33 34  213
2079 3149 2078  213
3149 2076 2077  213
729 3148 3147  213
3148 3149 3147  213
2073 447 446  213
243 731 162  213
731 3148 730  213
2076 3148 2075  213
2076 3149 3148  213
731 243 2074  213
728 3147 33  213
3147 2073 33  213
3147 728 729  213
3148 729 730  213
3148 2074 2075  213
2077 2078 3149  213
3149 3150 3147  213
3150 447 2073  213
2073 3147 3150  213
731 2074 3148  213
2082 2088 2073  214
2089 2083 2084  214
2082 2073 446  214
2089 2084 2090  214
2088 2083 2089  214
2088 2082 2083  214
448 2091 2086  214
2091 448 449  214
2091 2085 2086  214
2085 2090 2084  214
2085 2091 2090  214
33 2073 2087  214
2073 2088 2087  214
3151 33 2087  215
2095 2089 2090  215
571 2093 2092  215
450 2091 449  215
2095 2091 450  215
2091 2095 2090  215
571 3151 2093  215
2089 3151 2088  215
3151 2089 2094  215
33 3151 571  215
571 2092 32  215
2089 2095 2094  215
2087 2088 3151  215
3151 2094 2093  215
570 2092 2093  216
31 3152 2096  216
2092 570 32  216
2099 2095 2100  216
2099 2094 2095  216
2094 2098 3152  216
2101 450 451  216
2098 2094 2099  216
3152 31 570  216
2095 2101 2100  216
2101 2095 450  216
2096 3152 2097  216
3152 2098 2097  216
2093 2094 3152  216
3152 570 2093  216
2104 2098 2099  217
2103 2098 2104  217
2105 2099 2100  217
2105 2100 2106  217
2099 2105 2104  217
2101 452 2106  217
453 2107 2102  217
2097 2107 2096  217
2097 2102 2107  217
2101 2106 2100  217
2097 2103 2102  217
452 2101 451  217
2103 2097 2098  217
2096 2107 31  217
3153 725 724  218
31 723 30  218
3155 454 2108  218
3153 3155 3154  218
3155 31 2107  218
2110 3155 2109  218
454 2107 453  218
454 3155 2107  218
31 3155 3153  218
723 3153 724  218
2113 3154 2112  218
2115 3156 2114  218
2115 726 3156  218
726 244 161  218
2113 3156 3154  218
725 3153 3156  218
3153 723 31  218
3154 3156 3153  218
3154 2110 2111  218
2111 2112 3154  218
3155 2108 2109  218
3155 2110 3154  218
3156 2113 2114  218
3156 726 725  218
244 726 2115  218
3162 2075 2074  219
244 2115 1064  219
1065 3159 1066  219
1066 3159 1067  219
3158 3161 3163  219
3162 1070 1069  219
3163 3161 3162  219
3161 3158 2076  219
1064 2115 1065  219
3158 2077 2076  219
1071 3162 2074  219
3159 1065 2115  219
2075 3162 3161  219
2112 3163 2113  219
2074 243 1072  219
2077 3160 2078  219
1071 2074 1072  219
3160 2077 3158  219
2079 3160 3157  219
3160 2112 2111  219
2081 2116 447  219
2109 3157 2110  219
2116 3157 2108  219
3157 2116 2081  219
2112 3160 3158  219
2108 3157 2109  219
3157 2081 2080  219
454 2116 2108  219
2110 3160 2111  219
3157 2080 2079  219
1068 3159 3162  219
3163 2114 2113  219
3159 2115 2114  219
2114 3163 3159  219
3160 2110 3157  219
3160 2079 2078  219
3162 1071 1070  219
3162 1069 1068  219
3159 1068 1067  219
3161 2076 2075  219
3162 3159 3163  219
3163 2112 3158  219
447 446 2116  220
453 2116 2117  220
2116 453 454  220
2116 446 2117  220
2084 2105 2085  221
2085 2106 2086  221
2102 2117 453  221
2106 2085 2105  221
452 2086 2106  221
2104 2083 2103  221
2086 452 448  221
2102 2082 2117  221
2117 2082 446  221
2105 2084 2104  221
2082 2102 2103  221
2103 2083 2082  221
2083 2104 2084  221
452 449 451  222
449 452 448  222
451 449 450  222
2125 3165 2124  223
3166 2124 3165  223
2126 3165 2125  223
2121 3166 3164  223
2123 3166 2122  223
2124 3166 2123  223
3165 3167 3166  223
456 3165 2126  223
245 722 160  223
722 3164 721  223
721 3167 720  223
722 2119 3164  223
3167 3165 28  223
722 245 2119  223
456 455 2118  223
719 28 29  223
719 3167 28  223
3164 2119 2120  223
2120 2121 3164  223
3165 456 2118  223
2118 28 3165  223
3167 721 3164  223
3166 2121 2122  223
3167 719 720  223
3167 3164 3166  223
2133 2127 2128  224
2129 2133 2128  224
2133 2129 2134  224
2134 2130 2135  224
2127 2133 2118  224
458 2131 457  224
2135 2130 2131  224
2136 2131 458  224
2135 2131 2136  224
2130 2134 2129  224
2127 2118 455  224
2132 2118 2133  224
2118 2132 28  224
2132 2133 3168  225
2134 3168 2133  225
2134 2140 2139  225
568 3168 2138  225
2140 2135 2136  225
458 459 2136  225
2140 2134 2135  225
2140 2136 459  225
2137 568 2138  225
3168 28 2132  225
28 3168 568  225
568 2137 27  225
3168 2134 2139  225
3168 2139 2138  225
2142 2141 3169  226
2139 2144 2143  226
2137 3169 26  226
2139 3169 2138  226
2140 2146 2145  226
2144 2139 2140  226
2143 3169 2139  226
2146 2140 459  226
2137 26 27  226
26 3169 2141  226
2146 459 460  226
2140 2145 2144  226
3169 2137 2138  226
3169 2143 2142  226
2152 2147 462  227
2148 2142 2143  227
2150 2144 2145  227
2149 2144 2150  227
2145 2151 2150  227
2151 2145 2146  227
461 2146 460  227
2149 2143 2144  227
2152 2141 2142  227
2148 2143 2149  227
2146 461 2151  227
2141 2152 26  227
2142 2147 2152  227
2142 2148 2147  227
2152 3171 26  228
3171 2152 3172  228
3171 714 26  228
714 3171 715  228
3172 463 2153  228
463 2152 462  228
463 3172 2152  228
3173 2155 2156  228
715 3171 3170  228
2155 3173 3172  228
26 714 25  228
3170 717 716  228
2160 3170 2159  228
2159 3170 2158  228
246 717 2160  228
717 246 159  228
716 715 3170  228
2158 3173 2157  228
2155 3172 2154  228
3173 2158 3170  228
3172 2153 2154  228
3172 3173 3171  228
2156 2157 3173  228
3173 3170 3171  228
2160 717 3170  228
3179 1079 1078  229
1074 3177 1075  229
3175 2122 2121  229
2160 1074 1073  229
3179 1078 1077  229
3177 1074 2160  229
1080 3179 2119  229
1075 3177 1076  229
3179 2120 2119  229
3176 3175 2121  229
2157 3180 2158  229
2120 3179 3176  229
1080 2119 1081  229
1081 2119 245  229
3180 3176 3179  229
2122 3178 2123  229
2154 3174 2155  229
3178 2122 3175  229
2155 3178 2156  229
2153 3174 2154  229
3174 2153 2126  229
2126 2153 456  229
463 456 2153  229
3174 2126 2125  229
1073 246 2160  229
3178 2157 2156  229
2157 3178 3175  229
3174 2125 2124  229
2124 3178 3174  229
3175 3176 3180  229
3180 2159 2158  229
3179 1080 1079  229
2159 3180 3177  229
1077 3177 3179  229
3177 2160 2159  229
3178 2155 3174  229
3178 2124 2123  229
3177 1077 1076  229
3176 2121 2120  229
3179 3177 3180  229
3180 2157 3175  229
462 456 463  230
456 462 455  230
2128 2149 2129  231
2151 2130 2150  231
461 2131 2151  231
2130 2151 2131  231
2131 461 457  231
2150 2130 2129  231
2128 2148 2149  231
2150 2129 2149  231
2147 455 462  231
2148 2127 2147  231
455 2147 2127  231
2127 2148 2128  231
461 457 458  232
461 458 460  232
460 458 459  232
2169 3181 2168  233
2166 3182 2165  233
465 464 2161  233
2164 3184 2163  233
3182 2167 3181  233
2167 3182 2166  233
2168 3181 2167  233
711 3184 3183  233
465 3181 2169  233
247 713 158  233
3184 711 712  233
713 3184 712  233
713 247 2162  233
3181 3183 3182  233
23 24 710  233
710 3183 23  233
3181 465 2161  233
2161 3183 3181  233
3183 2161 23  233
3182 2164 2165  233
3183 710 711  233
3184 2164 3182  233
3184 2162 2163  233
3184 3182 3183  233
713 2162 3184  233
2170 2161 464  234
2178 2172 2173  234
2178 2173 2179  234
2161 2176 2175  234
2176 2170 2171  234
2177 2171 2172  234
2172 2178 2177  234
2179 466 467  234
2174 2179 2173  234
466 2179 2174  234
2170 2176 2161  234
23 2161 2175  234
2171 2177 2176  234
2177 3185 2176  235
2177 2183 2182  235
566 3185 2181  235
468 2179 467  235
2183 2178 2179  235
2183 2177 2178  235
23 3185 566  235
2175 2176 3185  235
3185 23 2175  235
2183 2179 468  235
566 2180 22  235
2180 566 2181  235
3185 2177 2182  235
3185 2182 2181  235
3186 2186 2185  236
2187 2183 2188  236
21 3186 2184  236
2189 2183 468  236
2182 2187 2186  236
2183 2189 2188  236
2182 3186 2181  236
2189 468 469  236
2183 2187 2182  236
2186 3186 2182  236
2180 3186 21  236
3186 2180 2181  236
2180 21 22  236
2185 2184 3186  236
2193 2187 2188  237
2192 2186 2187  237
470 2189 469  237
2188 2194 2193  237
2187 2193 2192  237
2191 2186 2192  237
2189 470 2194  237
2194 2188 2189  237
2191 2185 2186  237
2195 2190 471  237
2185 2195 2184  237
2184 2195 21  237
2185 2191 2190  237
2185 2190 2195  237
2198 3189 3188  238
705 3190 706  238
3190 705 21  238
3187 3190 3188  238
3188 21 2195  238
2203 3187 2202  238
3188 2196 2197  238
472 2195 471  238
2196 2195 472  238
2196 3188 2195  238
3189 2198 2199  238
20 21 705  238
3187 708 707  238
2202 3187 2201  238
708 248 157  238
248 708 2203  238
707 3190 3187  238
2201 3189 2200  238
3188 2197 2198  238
3187 3188 3189  238
3189 2199 2200  238
3189 2201 3187  238
21 3188 3190  238
3190 707 706  238
2203 708 3187  238
1084 3191 1085  239
3191 2164 2163  239
3193 2200 2199  239
2201 3192 3191  239
2201 3191 2202  239
1083 3191 1084  239
2162 3191 2163  239
3191 2162 1086  239
3192 2164 3191  239
1086 2162 1087  239
2164 3192 2165  239
2203 1083 1082  239
247 1087 2162  239
2196 2169 2168  239
2203 3191 1083  239
248 2203 1082  239
2169 2196 2204  239
2204 465 2169  239
2198 3193 2199  239
2168 2198 2197  239
3193 2198 2167  239
2200 3193 3192  239
2196 2168 2197  239
2198 2168 2167  239
472 2204 2196  239
3191 1086 1085  239
3191 2203 2202  239
3192 2201 2200  239
2165 3193 2166  239
3193 2167 2166  239
3193 2165 3192  239
464 2204 2205  240
471 2204 472  240
2204 471 2205  240
2204 464 465  240
2205 2170 464  241
2173 2194 2174  241
2190 2170 2205  241
2172 2192 2193  241
2194 2173 2193  241
470 2174 2194  241
2174 470 466  241
2190 2205 471  241
2192 2171 2191  241
2170 2190 2191  241
2191 2171 2170  241
2193 2173 2172  241
2171 2192 2172  241
470 467 469  242
467 470 466  242
469 467 468  242
2213 3194 2212  243
3195 2212 3194  243
474 3194 2214  243
704 3197 703  243
249 704 156  243
2212 3195 2211  243
2214 3194 2213  243
2206 474 473  243
2211 3195 2210  243
2210 3195 2209  243
703 3196 702  243
704 249 2207  243
3196 703 3197  243
3194 3196 3195  243
701 3196 18  243
18 19 701  243
704 2207 3197  243
3194 474 2206  243
2206 18 3194  243
3196 3194 18  243
2209 3197 2208  243
3196 701 702  243
3197 2209 3195  243
3197 2207 2208  243
3197 3195 3196  243
2217 2223 2222  244
2215 2221 2206  244
2222 2216 2217  244
2221 2216 2222  244
2224 475 476  244
2223 2217 2218  244
2223 2218 2224  244
2219 2224 2218  244
475 2224 2219  244
473 2215 2206  244
18 2206 2220  244
2206 2221 2220  244
2221 2215 2216  244
2222 2228 2227  245
2228 2222 2223  245
2222 3198 2221  245
477 2224 476  245
2228 2223 2224  245
2228 2224 477  245
564 3198 2226  245
3198 18 2220  245
18 3198 564  245
2225 564 2226  245
564 2225 17  245
3198 2222 2227  245
2220 2221 3198  245
3198 2227 2226  245
2233 2228 2234  246
2229 3199 2230  246
16 3199 2229  246
2226 2227 3199  246
3199 2232 2231  246
2228 2233 2232  246
2234 477 478  246
477 2234 2228  246
2228 2232 2227  246
2232 3199 2227  246
3199 2231 2230  246
16 2226 3199  246
2226 16 2225  246
2225 16 17  246
2230 2236 2235  247
2237 2231 2232  247
2238 2232 2233  247
2233 2239 2238  247
2237 2232 2238  247
479 2234 478  247
2236 2231 2237  247
2234 479 2239  247
2239 2233 2234  247
2236 2230 2231  247
2230 2240 2229  247
2240 2235 480  247
2230 2235 2240  247
2229 2240 16  247
16 696 15  248
697 3201 698  248
2240 3200 16  248
2243 3203 3202  248
2243 3202 2242  248
696 3200 697  248
481 2240 480  248
3202 3203 3200  248
481 3202 2240  248
3202 481 2241  248
3203 2246 3201  248
3201 697 3200  248
2248 3201 2247  248
2248 699 3201  248
2246 3203 2245  248
699 250 155  248
3200 696 16  248
3203 2243 2244  248
3201 2246 2247  248
3201 699 698  248
3200 2240 3202  248
3202 2241 2242  248
2244 2245 3203  248
3203 3201 3200  248
250 699 2248  248
3206 2246 3204  249
2209 3206 3204  249
3205 2245 2244  249
2246 3206 2247  249
3206 2209 2208  249
1089 3206 1090  249
2207 3206 2208  249
3206 2207 1092  249
2210 3205 2211  249
1092 2207 1093  249
3206 2248 2247  249
2248 1089 1088  249
249 1093 2207  249
2241 2213 2242  249
2243 2213 2212  249
2248 3206 1089  249
250 2248 1088  249
2214 2241 2249  249
2249 474 2214  249
2212 3205 2243  249
2243 3205 2244  249
2245 3205 3204  249
2213 2241 2214  249
2213 2243 2242  249
481 2249 2241  249
2246 2245 3204  249
3204 2210 2209  249
3205 2212 2211  249
3205 2210 3204  249
3206 1092 1091  249
1091 1090 3206  249
473 474 2250  250
2250 481 480  250
2250 2249 481  250
2249 2250 474  250
2250 2215 473  251
2215 2235 2236  251
2217 2237 2238  251
2239 2218 2238  251
2219 479 475  251
2217 2238 2218  251
479 2219 2239  251
2235 2215 2250  251
2237 2216 2236  251
2216 2237 2217  251
2235 2250 480  251
2218 2239 2219  251
2215 2236 2216  251
479 476 478  252
476 479 475  252
478 476 477  252
692 3207 13  253
926 3208 925  253
926 3209 3208  253
695 3210 694  253
693 3210 3207  253
923 3210 922  253
928 3209 927  253
3210 923 3208  253
2251 206 204  253
3209 926 927  253
206 3209 928  253
695 207 921  253
3208 923 924  253
207 695 154  253
3210 3208 3207  253
13 14 692  253
3207 2251 13  253
3207 692 693  253
924 925 3208  253
3208 3209 3207  253
3209 206 2251  253
2251 3207 3209  253
3210 693 694  253
3210 921 922  253
695 921 3210  253
915 2251 204  254
2254 917 918  254
2254 918 2255  254
2251 2253 2252  254
917 2253 916  254
2255 919 2256  254
2256 919 482  254
2253 917 2254  254
919 2255 918  254
482 919 205  254
915 2253 2251  254
2251 2252 13  254
2253 915 916  254
2254 3211 2253  255
2254 2260 2259  255
2260 2255 2256  255
482 483 2256  255
2260 2254 2255  255
562 3211 2258  255
3211 2254 2259  255
2252 2253 3211  255
2260 2256 483  255
562 2257 12  255
13 3211 562  255
2257 562 2258  255
3211 2259 2258  255
3211 13 2252  255
906 2259 2260  256
2259 906 905  256
904 903 3212  256
3212 11 561  256
2260 908 907  256
905 3212 2259  256
11 3212 903  256
2259 3212 2258  256
908 2260 483  256
483 202 908  256
561 12 2257  256
2258 561 2257  256
906 2260 907  256
3212 561 2258  256
3212 905 904  256
203 482 202  257
482 203 205  257
202 482 483  257
8 3215 2261  258
3213 2263 2264  258
3214 2265 2266  258
3215 2267 2268  258
683 3213 8  258
2267 3215 3214  258
2261 485 484  258
2269 3215 2268  258
485 3215 2269  258
685 3213 684  258
3214 2264 2265  258
2262 3213 686  258
3213 2262 2263  258
686 3213 685  258
8 9 683  258
251 686 152  258
2264 3214 3213  258
3213 683 684  258
2266 2267 3214  258
3215 8 3213  258
3215 485 2261  258
3215 3213 3214  258
686 251 2262  258
2270 2261 484  259
2277 2272 2273  259
2278 2274 2279  259
2261 2276 2275  259
2276 2272 2277  259
2277 2273 2278  259
2279 486 487  259
2274 2278 2273  259
486 2279 2274  259
2270 2276 2261  259
8 2261 2275  259
2276 2271 2272  259
2276 2270 2271  259
2275 2276 3216  260
2283 2278 2279  260
2280 559 2281  260
559 3216 2281  260
488 2279 487  260
2283 2279 488  260
2277 3216 2276  260
2277 2283 2282  260
3216 8 2275  260
2283 2277 2278  260
8 3216 559  260
559 2280 7  260
3216 2277 2282  260
3216 2282 2281  260
2289 488 489  261
2285 2284 3217  261
2286 2282 2287  261
2280 6 7  261
2286 3217 2282  261
6 3217 2284  261
2282 3217 2281  261
2283 2287 2282  261
2280 3217 6  261
2287 2283 2288  261
488 2289 2283  261
2283 2289 2288  261
3217 2280 2281  261
3217 2286 2285  261
2295 2290 491  262
2291 2285 2286  262
2293 2287 2288  262
2292 2286 2287  262
2288 2294 2293  262
2294 2288 2289  262
490 2289 489  262
2292 2287 2293  262
2286 2292 2291  262
2289 490 2294  262
2284 2295 6  262
2285 2291 2290  262
2295 2284 2285  262
2285 2290 2295  262
3221 3219 3220  263
2300 3219 2299  263
883 252 196  263
2299 3219 2298  263
2302 3218 2301  263
2303 3218 2302  263
252 883 2303  263
2295 3220 6  263
492 3221 2295  263
3221 492 2296  263
3219 2301 3218  263
881 3220 3218  263
2301 3219 2300  263
491 492 2295  263
880 3220 881  263
5 6 880  263
3218 883 882  263
882 881 3218  263
3219 3218 3220  263
2298 3221 2297  263
3220 880 6  263
3221 2298 3219  263
3220 2295 3221  263
3221 2296 2297  263
2303 883 3218  263
3226 2265 2264  264
1095 3224 1096  264
3227 1101 1100  264
3227 1099 1098  264
3224 1095 2303  264
1101 3227 2262  264
3222 3226 2264  264
1096 3224 1097  264
2302 3228 3224  264
3227 2263 2262  264
2263 3227 3222  264
1101 2262 1102  264
1102 2262 251  264
3228 2302 2301  264
2265 3226 3223  264
3223 2298 3225  264
2297 3225 2298  264
2300 3228 2301  264
2296 3225 2297  264
2269 3225 2296  264
2269 492 485  264
492 2269 2296  264
3225 2269 2268  264
2303 1095 1094  264
1094 252 2303  264
2298 3223 2299  264
2299 3223 2300  264
3227 1100 1099  264
3226 3222 3228  264
2267 3223 3225  264
2266 2265 3223  264
1098 3224 3227  264
3224 2303 2302  264
3225 2268 2267  264
3223 2267 2266  264
3228 3222 3227  264
3226 2300 3223  264
3224 1098 1097  264
3222 2264 2263  264
3227 3224 3228  264
3228 2300 3226  264
484 485 491  265
491 485 492  265
2271 2292 2272  266
2294 2274 2273  266
484 2290 2270  266
2293 2272 2292  266
2274 490 486  266
490 2274 2294  266
2291 2270 2290  266
2271 2291 2292  266
2273 2293 2294  266
2293 2273 2272  266
2270 2291 2271  266
2290 484 491  266
490 487 489  267
487 490 486  267
489 487 488  267
2320 3267 2319  268
1147 3359 1148  268
1131 1130 3352  268
3342 1129 1128  268
3343 1117 1116  268
1121 1120 3346  268
3343 3358 1117  268
1126 1125 3351  268
3293 3279 3259  268
1233 3286 1232  268
3256 3252 3335  268
3282 2312 2311  268
2316 3297 1234  268
1234 256 2316  268
1155 3354 1156  268
3253 3246 3238  268
2329 3312 2328  268
2329 255 1218  268
3326 2326 3298  268
3246 3303 3238  268
3312 2327 2328  268
2325 3326 2324  268
1114 3343 1115  268
2327 3312 3298  268
3331 3239 3274  268
3260 1224 3231  268
3246 3313 3254  268
1134 3315 1135  268
3346 1122 1121  268
2323 3274 2322  268
3289 3303 3294  268
3349 3347 3302  268
1107 1106 3350  268
3347 1107 3350  268
253 2317 1103  268
1103 3348 1104  268
3267 3274 3239  268
3348 3350 1105  268
3348 1105 1104  268
1111 1110 3349  268
1107 3347 1108  268
3349 3345 1112  268
3348 2319 3267  268
3343 1114 3345  268
3294 3262 3291  268
1112 3345 1113  268
1116 1115 3343  268
1126 3342 1127  268
3264 3292 3257  268
1119 1118 3358  268
1119 3346 1120  268
1123 3300 1124  268
3274 2323 3311  268
3268 1139 1138  268
1224 3260 1223  268
3307 3295 3265  268
3352 3342 3329  268
1131 3353 1132  268
3353 1131 3352  268
3251 3295 3258  268
1139 3268 3357  268
3231 3271 3260  268
3315 1136 1135  268
1136 3315 3268  268
1134 3353 3315  268
3249 3320 3265  268
1150 3360 1151  268
1146 3240 1147  268
3334 3290 3356  268
1145 3290 3240  268
3247 3273 3256  268
1229 3338 3281  268
2313 3282 3336  268
2309 3309 3328  268
1157 1156 3354  268
2306 3355 3318  268
1155 1154 3344  268
3282 3328 3321  268
3318 2307 2306  268
3318 3305 3309  268
3354 3355 1158  268
254 1160 2304  268
3355 1160 1159  268
3288 3341 3261  268
3355 3354 3318  268
1160 3355 2304  268
3338 1231 3255  268
1144 3356 3290  268
3328 3305 3321  268
3357 3356 1141  268
3357 1141 1140  268
3327 3266 3233  268
1234 3263 1233  268
2314 3336 3297  268
3336 2314 2313  268
1234 3297 3263  268
3353 1134 1133  268
3284 3232 3279  268
3231 1224 1225  268
3334 3330 3252  268
3272 3243 3232  268
1232 3286 3255  268
3234 3330 3243  268
3346 1119 3358  268
3269 1223 3260  268
1226 3259 3251  268
1136 3268 1137  268
3292 3275 3244  268
1225 3251 3231  268
1227 3293 3259  268
3230 3250 3268  268
1232 3255 1231  268
1151 3360 1152  268
1145 3240 1146  268
3314 3249 3243  268
3331 3302 3239  268
3313 3246 3241  268
1122 3300 1123  268
3346 3300 1122  268
1129 3352 1130  268
3323 3296 3320  268
3253 3238 3280  268
3306 1220 3241  268
3239 3302 3347  268
3267 2321 3274  268
3359 3360 1150  268
3359 1150 1149  268
1220 3306 1219  268
1220 1221 3241  268
3344 1153 3360  268
3242 3359 3273  268
3243 3249 3232  268
3243 3272 3234  268
3236 3308 3300  268
3244 3271 3258  268
3328 2311 2310  268
3316 3273 3247  268
3246 3253 3241  268
3313 1222 3269  268
3233 3288 3261  268
3340 3278 3337  268
3342 1126 3351  268
3248 3317 3299  268
3307 3258 3295  268
3314 3283 3249  268
3330 3250 3314  268
1141 3356 1142  268
3251 1225 1226  268
3259 1226 1227  268
3335 3325 3247  268
3250 3334 3357  268
2326 3326 2325  268
3312 1219 3306  268
3269 3260 3229  268
3257 3277 3264  268
1231 3338 1230  268
3286 3327 3233  268
3273 3316 3242  268
3256 3290 3252  268
3254 3322 3262  268
3275 3229 3271  268
3231 3251 3258  268
3296 3323 3299  268
3279 3293 3284  268
3258 3307 3244  268
3271 3231 3258  268
1223 3269 1222  268
3255 3233 3261  268
3288 3325 3304  268
1117 3358 1118  268
3246 3262 3303  268
3263 3336 3327  268
3336 3245 3327  268
3287 3294 3291  268
3264 3322 3275  268
3232 3284 3272  268
3232 3249 3265  268
3266 3327 3245  268
3247 3324 3316  268
1105 3350 1106  268
3348 1103 2317  268
3268 1138 1137  268
3268 3315 3230  268
3229 3254 3269  268
1222 3313 1221  268
3347 1110 1109  268
3339 3270 3331  268
3322 3291 3262  268
3229 3260 3271  268
3281 1228 1229  268
3234 3332 3304  268
1149 1148 3359  268
3240 3256 3273  268
2321 3267 2320  268
3311 3339 3331  268
3271 3244 3275  268
3275 3292 3264  268
3347 3350 3239  268
3270 3235 3276  268
3291 3322 3264  268
3277 3257 3236  268
3354 1155 3344  268
1153 3344 1154  268
3232 3265 3279  268
3259 3295 3251  268
3311 2324 3326  268
3253 3280 3298  268
3338 3255 3261  268
3272 3310 3332  268
2311 3328 3282  268
3324 3325 3266  268
3283 3314 3230  268
1133 1132 3353  268
3281 3293 1228  268
3284 3310 3272  268
3319 3287 3285  268
3287 3333 3285  268
3233 3255 3286  268
3286 1233 3263  268
3287 3319 3235  268
3277 3287 3291  268
3341 3288 3332  268
3288 3233 3266  268
3235 3270 3289  268
3238 3339 3280  268
3290 3256 3240  268
3290 1145 1144  268
3303 3289 3238  268
3291 3264 3277  268
3296 3317 3292  268
3317 3296 3299  268
3293 1227 1228  268
3284 3281 3310  268
3294 3287 3235  268
3235 3289 3294  268
3295 3259 3279  268
3279 3265 3295  268
3257 3317 3308  268
3292 3244 3296  268
3297 2316 2315  268
2315 2314 3297  268
3298 2326 2327  268
3306 3241 3253  268
3237 3323 3301  268
3299 3329 3248  268
1124 3351 1125  268
3300 3346 3236  268
3301 3323 3283  268
3283 3230 3301  268
3302 3331 3270  268
3270 3276 3302  268
3262 3246 3254  268
3262 3294 3303  268
3325 3324 3247  268
3234 3335 3252  268
3282 3321 3245  268
3305 3318 3278  268
3253 3298 3306  268
1219 3312 1218  268
3307 3320 3296  268
3296 3244 3307  268
3308 3351 3300  268
3308 3236 3257  268
3309 2308 2307  268
2307 3318 3309  268
3281 3284 3293  268
3341 3281 3338  268
2322 3274 2321  268
3280 3311 3326  268
3312 2329 1218  268
3312 3306 3298  268
3241 1221 3313  268
3313 3269 3254  268
3330 3334 3250  268
3250 3230 3314  268
3315 3353 3301  268
3301 3230 3315  268
3245 3324 3266  268
3242 3316 3337  268
3317 3248 3308  268
3317 3257 3292  268
1158 3355 1159  268
3354 3344 3278  268
1114 1113 3345  268
3276 3235 3319  268
3320 3307 3265  268
3320 3249 3283  268
3305 3328 3309  268
3340 3337 3316  268
3322 3254 3229  268
3229 3275 3322  268
3320 3283 3323  268
3323 3237 3299  268
3324 3245 3321  268
3324 3340 3316  268
3325 3335 3304  268
3325 3288 3266  268
2324 3311 2323  268
3326 3298 3280  268
3327 3286 3263  268
3245 3336 3282  268
3328 2310 2309  268
3309 2309 2308  268
1128 1127 3342  268
3329 3299 3237  268
3314 3243 3330  268
3330 3234 3252  268
3274 3311 3331  268
3270 3339 3289  268
3332 3288 3304  268
3332 3234 3272  268
3333 3287 3277  268
3277 3236 3333  268
3334 3252 3290  268
3356 1144 1143  268
3335 3234 3304  268
3335 3247 3256  268
3336 3263 3297  268
3282 2313 2312  268
3278 3340 3305  268
1153 1152 3360  268
3281 3341 3310  268
3338 1229 1230  268
3311 3280 3339  268
3339 3238 3289  268
3340 3324 3321  268
3321 3305 3340  268
3332 3310 3341  268
3341 3338 3261  268
3342 3351 3248  268
3248 3329 3342  268
3343 3345 3319  268
3319 3285 3343  268
3344 3360 3337  268
3337 3278 3344  268
3345 3349 3276  268
3276 3319 3345  268
3346 3358 3333  268
3333 3236 3346  268
1110 3347 3349  268
1109 1108 3347  268
2317 2318 3348  268
2319 3348 2318  268
3302 3276 3349  268
3349 1112 1111  268
3350 3348 3267  268
3267 3239 3350  268
3351 1124 3300  268
3351 3308 3248  268
3342 3352 1129  268
3329 3237 3352  268
3353 3352 3237  268
3237 3301 3353  268
3278 3318 3354  268
3354 1158 1157  268
3355 2306 2305  268
2305 2304 3355  268
1143 1142 3356  268
3356 3357 3334  268
1140 1139 3357  268
3357 3268 3250  268
3358 3343 3285  268
3285 3333 3358  268
3359 1147 3240  268
3240 3273 3359  268
3360 3359 3242  268
3242 3337 3360  268
3470 1200 1199  269
3487 3470 3462  269
3470 1197 3471  269
3375 3430 3382  269
1184 3477 3486  269
3435 2307 3394  269
1197 3470 1198  269
3435 2305 2306  269
1180 1179 3472  269
1194 1193 3480  269
1164 1163 3474  269
2305 3474 2304  269
3406 3371 3437  269
3437 3430 3433  269
2322 3416 3418  269
2317 253 1217  269
3434 3464 3409  269
2327 3431 3390  269
2312 3383 2311  269
1249 3447 1248  269
3368 3457 3400  269
3397 2316 1235  269
3383 2313 3452  269
2316 3397 2315  269
3473 3472 1178  269
2316 256 1235  269
3469 3379 3420  269
2313 3383 2312  269
2315 3452 2314  269
3456 3399 3367  269
1240 3412 3365  269
3394 3424 3368  269
1238 3376 1237  269
3438 3452 3397  269
1165 3476 1166  269
1168 3476 3488  269
2304 1162 1161  269
254 2304 1161  269
3474 1165 1164  269
2304 3474 1162  269
3488 3476 3400  269
3435 3366 3474  269
3473 1178 1177  269
3473 3475 3391  269
1173 3483 3475  269
1167 1166 3476  269
1162 3474 1163  269
1170 3483 1171  269
3475 1175 1174  269
3427 3391 3475  269
3412 3410 3365  269
3466 3440 3450  269
3419 3466 3450  269
3478 1189 3479  269
1183 1182 3477  269
3440 3445 3398  269
1192 3480 1193  269
3445 3440 3411  269
1184 3486 1185  269
1189 1188 3479  269
3442 3461 3443  269
1189 3478 1190  269
3486 3477 3419  269
3486 3479 1187  269
3437 3453 3425  269
3480 1195 1194  269
3480 1192 3478  269
3401 3405 3384  269
1245 3388 3385  269
3407 3436 3402  269
3454 3423 3406  269
3428 3388 1247  269
1205 1204 3481  269
3487 3481 1202  269
3423 3454 3436  269
1190 3478 1191  269
3428 3463 3370  269
3371 3441 3421  269
3484 1207 3454  269
3387 3453 3362  269
1217 3482 2317  269
3482 1217 1216  269
2320 3375 3416  269
3482 3489 3375  269
3489 3482 1215  269
1215 3482 1216  269
2319 3482 3375  269
2324 3418 3460  269
1206 3454 1207  269
1203 3481 1204  269
3413 1250 3429  269
3453 3421 3362  269
3390 2329 2328  269
1250 3413 1249  269
3393 3419 3378  269
1199 1198 3470  269
3408 3458 1243  269
3408 3385 3405  269
3421 3441 3386  269
2329 3390 1251  269
1251 3429 1250  269
255 2329 1251  269
3361 3461 3373  269
3363 3414 3404  269
3460 2325 2324  269
3417 3465 3386  269
1241 3412 1240  269
1242 3458 3374  269
1247 3388 1246  269
3389 3381 3364  269
1239 3422 1238  269
1239 1240 3365  269
3476 3474 3366  269
3394 3366 3435  269
3422 3365 3399  269
3379 3469 3403  269
1171 3483 1172  269
3488 3483 1170  269
3410 3412 3369  269
3409 3439 3434  269
3370 3465 3417  269
3465 3370 3463  269
3484 1210 1209  269
3484 1209 1208  269
3373 3414 3401  269
3461 3361 3459  269
3405 3401 3414  269
3446 3384 3432  269
3374 1241 1242  269
3458 3377 3374  269
3489 3485 3430  269
1212 3489 1213  269
1237 3438 1236  269
3399 3380 3367  269
3369 3374 3377  269
3377 3458 3363  269
1186 1185 3486  269
3365 3410 3399  269
3394 2309 3426  269
3403 3456 3379  269
3439 3380 3410  269
1175 3473 1176  269
3381 3389 3361  269
3361 3373 3381  269
3416 2322 2321  269
3416 2321 2320  269
2310 3426 2309  269
2311 3426 2310  269
3388 3428 3370  269
3446 3432 3417  269
1244 1245 3385  269
3384 3446 3401  269
3407 3386 3441  269
3407 3462 3389  269
2326 3460 3431  269
3460 2326 2325  269
3388 3384 3385  269
3388 1245 1246  269
1201 1200 3487  269
3361 3468 3444  269
3390 2328 2327  269
3460 3425 3387  269
3379 3415 3395  269
3367 3396 3415  269
3392 3467 3427  269
3451 3415 3396  269
3393 3443 3372  269
1187 3479 1188  269
3394 2307 2308  269
2309 3394 2308  269
3395 3467 3457  269
3457 3368 3424  269
3367 3380 3396  269
3472 3477 1181  269
2314 3452 2313  269
3397 1235 1236  269
3445 3439 3398  269
3404 3434 3377  269
3399 3456 3422  269
3422 1239 3365  269
1169 1168 3488  269
3400 3366 3368  269
3364 3446 3417  269
3381 3373 3401  269
1202 3481 1203  269
3468 3361 3389  269
3452 3469 3383  269
3438 1237 3376  269
3377 3363 3404  269
3442 3414 3373  269
3385 3408 1244  269
3385 3384 3405  269
1212 1211 3485  269
3484 3485 1210  269
3407 3389 3364  269
3364 3386 3407  269
3405 3363 3408  269
3408 1243 1244  269
3464 3443 3378  269
3409 3450 3398  269
3439 3445 3380  269
3380 3399 3410  269
1178 3472 1179  269
3451 3391 3427  269
3412 1241 3374  269
3374 3369 3412  269
3431 3449 3429  269
3449 3413 3429  269
3414 3442 3404  269
3414 3363 3405  269
3427 3467 3451  269
3415 3379 3367  269
3375 2320 2319  269
3375 3382 3416  269
3386 3364 3417  269
3417 3432 3370  269
3418 2323 2322  269
3418 3416 3382  269
3477 3472 3466  269
3398 3450 3440  269
3426 3424 3394  269
3420 3379 3395  269
3465 3448 3362  269
3421 3453 3371  269
3422 3456 3376  269
3376 1238 3422  269
3371 3406 3423  269
3436 3441 3423  269
3424 3426 3420  269
3420 3395 3424  269
3425 3460 3418  269
3418 3382 3425  269
3426 2311 3383  269
3383 3420 3426  269
3391 3451 3411  269
3483 1173 1172  269
1247 1248 3428  269
3448 3465 3463  269
3429 1251 3390  269
3413 3449 3448  269
1214 1213 3489  269
3489 1212 3485  269
3431 3429 3390  269
3431 2327 2326  269
3384 3388 3432  269
3388 3370 3432  269
3430 3437 3382  269
1210 3485 1211  269
3434 3439 3369  269
3369 3377 3434  269
2307 3435 2306  269
3366 3394 3368  269
3454 1205 3481  269
3481 3487 3402  269
3437 3425 3382  269
3437 3433 3406  269
3397 1236 3438  269
3438 3376 3403  269
3410 3369 3439  269
3439 3409 3398  269
3450 3409 3378  269
3411 3455 3391  269
3441 3371 3423  269
3441 3436 3407  269
3443 3464 3442  269
3464 3378 3409  269
3372 3461 3459  269
3443 3393 3378  269
1195 3471 1196  269
3480 3471 1195  269
3445 3411 3396  269
3396 3380 3445  269
3446 3364 3381  269
3381 3401 3446  269
3428 1248 3447  269
3447 1249 3413  269
3447 3413 3448  269
3362 3449 3387  269
3449 3431 3387  269
3449 3362 3448  269
3378 3419 3450  269
3440 3466 3455  269
3415 3451 3467  269
3396 3411 3451  269
3452 2315 3397  269
3438 3469 3452  269
3453 3387 3425  269
3453 3437 3371  269
1207 3484 1208  269
3481 3402 3436  269
3391 3455 3473  269
3455 3411 3440  269
3367 3379 3456  269
3456 3403 3376  269
3392 3400 3457  269
3457 3424 3395  269
3458 1242 1243  269
3458 3408 3363  269
3361 3444 3459  269
1192 1191 3478  269
3387 3431 3460  269
3418 2324 2323  269
3461 3372 3443  269
3461 3442 3373  269
3462 3407 3402  269
1200 3470 3487  269
3463 3428 3447  269
3447 3448 3463  269
3464 3434 3404  269
3404 3442 3464  269
3465 3362 3421  269
3421 3386 3465  269
1181 3477 1182  269
3472 3473 3455  269
3467 3392 3457  269
3467 3395 3415  269
3389 3462 3468  269
1197 1196 3471  269
3420 3383 3469  269
3469 3438 3403  269
3470 3471 3468  269
3468 3462 3470  269
3471 3480 3444  269
3444 3468 3471  269
3455 3466 3472  269
3472 1181 1180  269
1177 1176 3473  269
3475 3473 1175  269
3474 3476 1165  269
3474 2305 3435  269
1174 1173 3475  269
3483 3488 3392  269
3366 3400 3476  269
3476 1168 1167  269
3466 3419 3477  269
3477 1184 1183  269
3478 3479 3372  269
3372 3459 3478  269
3479 3486 3393  269
3393 3372 3479  269
3480 3478 3459  269
3459 3444 3480  269
3436 3454 3481  269
1205 3454 1206  269
3482 2319 2318  269
2318 2317 3482  269
3392 3427 3483  269
3427 3475 3483  269
3454 3406 3484  269
3406 3433 3484  269
3485 3484 3433  269
3433 3430 3485  269
3419 3393 3486  269
3486 1187 1186  269
3462 3402 3487  269
3487 1202 1201  269
3400 3392 3488  269
3488 1170 1169  269
3430 3375 3489  269
3489 1215 1214  269
121 122 2335  270
2335 3490 1252  270
2331 3490 2330  270
122 3490 2335  270
3490 2334 2333  270
2332 2334 2331  270
2334 2332 493  270
2335 1252 257  270
258 1252 2333  270
2334 3490 2331  270
2333 1252 3490  270
3490 122 2330  270
2336 2341 2342  271
2342 637 2336  271
637 2342 636  271
638 2336 637  271
638 137 2336  271
636 2342 136  271
2338 2341 2337  271
2341 2338 2340  271
2339 2338 494  271
2338 2339 2340  271
495 2340 2339  271
2341 2336 2337  271
2344 2349 2343  272
2349 630 2343  272
630 2349 629  272
631 2343 630  272
631 133 2343  272
629 2349 132  272
2345 2348 2344  272
2348 2345 2347  272
2346 2345 496  272
2345 2346 2347  272
497 2347 2346  272
2349 2344 2348  272
2350 3492 2332  273
3493 144 651  273
2332 493 2350  273
3491 3492 2352  273
3491 2353 3493  273
3493 651 652  273
122 3493 653  273
2332 3492 2331  273
3492 3491 2331  273
144 3493 2353  273
2331 3491 2330  273
2351 2350 498  273
2352 2353 3491  273
653 3493 652  273
3492 2350 2351  273
2351 2352 3492  273
3493 122 2330  273
2330 3491 3493  273
2357 2356 499  274
3496 614 615  274
125 3496 616  274
3496 124 614  274
3494 3495 2359  274
3494 2360 3496  274
124 3496 2360  274
2357 3495 2356  274
3495 3494 2355  274
3495 2357 2358  274
500 2358 2357  274
2355 3494 2354  274
2359 2360 3494  274
616 3496 615  274
2355 2356 3495  274
3495 2358 2359  274
3496 125 2354  274
2354 3494 3496  274
502 3498 2364  275
2361 641 141  275
2369 3499 2368  275
2365 3498 2363  275
2363 501 2365  275
3497 3500 643  275
2362 3497 2361  275
3497 2366 503  275
647 3499 648  275
3500 3497 503  275
504 647 646  275
504 645 3500  275
3497 643 642  275
643 3500 644  275
3497 642 641  275
3497 2362 3498  275
504 3500 2367  275
2369 2368 505  275
503 2367 3500  275
648 3499 2373  275
2373 140 648  275
3499 647 504  275
2371 3499 2369  275
2372 2373 3499  275
2363 3498 2362  275
506 2371 2370  275
2371 2369 2370  275
641 2361 3497  275
2366 3497 3498  275
3498 2365 2364  275
3498 502 2366  275
504 2368 3499  275
3499 2371 2372  275
645 504 646  275
645 644 3500  275
511 3502 2384  276
2383 3502 2382  276
3501 2385 512  276
2382 510 2383  276
2382 3502 2381  276
2377 2376 2375  276
2381 3501 2380  276
623 508 624  276
508 3503 2386  276
621 3503 622  276
3501 3503 621  276
3501 621 620  276
619 2380 3501  276
2380 619 129  276
3501 2381 3502  276
625 3504 626  276
508 623 3503  276
508 625 624  276
626 3504 2379  276
626 2379 128  276
623 622 3503  276
3504 625 508  276
2378 2379 3504  276
2376 2374 507  276
2376 3504 2374  276
2377 2375 509  276
2377 3504 2376  276
2385 3501 3502  276
3501 620 619  276
3502 2383 2384  276
3502 511 2385  276
3503 3501 512  276
512 2386 3503  276
508 2374 3504  276
3504 2377 2378  276
1269 3507 1270  277
2390 3505 136  277
3506 2392 2341  277
136 3505 2342  277
3506 2341 2342  277
2390 136 135  277
2341 2392 2340  277
2392 3506 2391  277
2340 2392 495  277
2391 1269 271  277
2389 3507 3505  277
1270 2387 272  277
2387 3507 2388  277
3507 1269 3506  277
3505 2390 2389  277
3507 3506 3505  277
2342 3505 3506  277
3506 1269 2391  277
3507 2389 2388  277
3507 2387 1270  277
2394 3508 635  278
1274 2393 273  278
3508 2394 2393  278
3509 3508 1273  278
2387 1271 272  278
3510 3509 1272  278
1273 3508 1274  278
2390 3510 2389  278
633 3510 632  278
3510 2390 632  278
632 2390 135  278
3510 2387 2388  278
3509 1273 1272  278
134 2394 635  278
3508 3509 634  278
634 635 3508  278
3508 2393 1274  278
3509 3510 633  278
633 634 3509  278
1272 1271 3510  278
2389 3510 2388  278
1271 2387 3510  278
2343 3512 133  279
274 3511 2395  279
3512 1275 2393  279
2344 3511 2343  279
2393 1275 273  279
2345 2396 2344  279
2396 3511 2344  279
2396 2345 496  279
1275 3512 3511  279
3512 2343 3511  279
134 133 2394  279
3511 2396 2395  279
3511 274 1275  279
3512 2393 2394  279
2394 133 3512  279
2415 496 2414  280
3516 496 2396  280
496 2415 2346  280
2427 2428 2424  280
2431 3514 2395  280
2370 2407 506  280
2427 2424 2423  280
2395 274 2431  280
2414 3515 2413  280
2427 2422 2426  280
2417 510 497  280
275 2426 2425  280
2422 2425 2426  280
2383 2418 2419  280
2422 2427 2423  280
2384 2420 2421  280
2384 2421 511  280
510 2417 2418  280
2419 2384 2383  280
2418 2383 510  280
2420 2384 2419  280
2421 2420 514  280
497 2416 2417  280
2416 497 2346  280
2346 2415 2416  280
2425 2422 278  280
2392 3516 3514  280
510 2428 497  280
2428 510 2424  280
2407 2370 2406  280
2339 2410 495  280
3513 2392 495  280
2411 495 2410  280
3513 2411 2412  280
2409 2339 494  280
2411 3513 495  280
2409 494 2408  280
2410 2339 2409  280
2369 2405 2406  280
2408 506 2407  280
2403 494 2399  280
2405 2369 2404  280
2405 2404 513  280
506 2408 494  280
2399 2402 2403  280
2369 2406 2370  280
505 2404 2369  280
2402 2399 2398  280
494 2403 506  280
2400 2397 270  280
3514 2429 2391  280
2398 2397 2402  280
496 3516 3515  280
2401 2400 267  280
2395 3514 2396  280
2402 2397 2401  280
2429 3514 2430  280
2429 271 2391  280
2400 2401 2397  280
2412 3515 3513  280
3515 3516 3513  280
3514 2431 2430  280
3514 2391 2392  280
3515 2412 2413  280
3515 2414 496  280
2396 3514 3516  280
3516 2392 3513  280
2442 2431 274  281
1268 2437 270  281
2447 1283 2432  281
2446 1283 2447  281
3517 2446 2445  281
2443 274 1276  281
1284 3517 278  281
274 2443 2442  281
2425 2444 275  281
2447 2432 515  281
278 2444 2425  281
1283 2446 1284  281
2432 1283 279  281
2431 2442 2441  281
2431 2441 2430  281
2443 275 2444  281
2444 278 3517  281
275 2443 1276  281
271 2437 1268  281
2430 2439 2429  281
2429 2438 271  281
2436 2400 270  281
1262 2448 266  281
2436 267 2400  281
2434 1262 1261  281
1262 2433 2448  281
267 2436 3518  281
2440 2430 2441  281
2439 2430 2440  281
2429 2439 2438  281
2437 271 2438  281
2436 270 2437  281
3518 2434 1261  281
2433 1262 2434  281
2448 2433 516  281
2446 3517 1284  281
2434 3518 2435  281
2445 2444 3517  281
2436 2435 3518  281
3518 1261 267  281
505 3519 2368  282
3520 516 2448  282
2455 3521 3519  282
2456 3519 505  282
3520 3521 2453  282
504 3519 2450  282
2449 3521 266  282
3521 3520 266  282
519 3520 2452  282
3519 2456 2455  282
3520 519 516  282
2453 3521 2454  282
2458 3522 2459  282
266 265 2449  282
2456 505 2457  282
3522 2458 2404  282
2404 2457 505  282
2404 2458 2457  282
3522 2404 513  282
517 3522 2451  282
518 3522 517  282
2450 3521 2449  282
3519 504 2368  282
2453 2452 3520  282
3520 2448 266  282
3521 2450 3519  282
3521 2455 2454  282
513 2451 3522  282
3522 518 2459  282
2460 2450 2461  283
2367 2450 504  283
2449 2460 264  283
2460 2449 2450  283
2449 264 265  283
2367 2461 2450  283
2461 2367 503  283
2461 3525 2460  284
3523 520 2462  284
3525 2461 3524  284
3524 2467 2466  284
2464 3525 2465  284
503 3524 2461  284
263 264 2460  284
3523 521 520  284
521 3523 2463  284
3523 3525 2464  284
2460 3525 263  284
502 3524 2366  284
2468 2472 2469  284
2467 3524 502  284
2467 502 2468  284
3526 2469 2472  284
2468 502 2472  284
3526 2472 524  284
523 3526 2471  284
522 3526 523  284
2469 3526 2470  284
2464 2463 3523  284
3523 2462 263  284
3524 503 2366  284
2466 3525 3524  284
3525 2466 2465  284
3525 3523 263  284
524 2471 3526  284
3526 522 2470  284
2492 2482 2491  285
2481 2492 2480  285
286 2484 2485  285
2474 1259 2462  285
2475 1259 2474  285
2493 2479 2480  285
2482 2492 2481  285
2477 262 3527  285
3527 2475 2476  285
1260 3527 262  285
2479 2493 258  285
2474 2462 520  285
262 2477 2473  285
2462 1259 263  285
1259 2475 1260  285
2473 2477 259  285
2493 2480 2492  285
258 2478 2479  285
259 2477 2478  285
259 2478 1253  285
2478 258 1253  285
2483 2491 2482  285
2491 2483 287  285
287 2484 1292  285
2485 283 2490  285
283 2485 3528  285
2475 3527 1260  285
2487 1286 1285  285
1286 2488 2489  285
1286 2489 282  285
2484 286 1292  285
2484 287 2483  285
2488 1286 2487  285
2485 2490 286  285
2489 2488 525  285
3528 2487 1285  285
2487 3528 2486  285
2476 2477 3527  285
2485 2486 3528  285
3528 1285 283  285
3529 3531 3530  286
2333 258 2493  286
498 2506 501  286
509 2515 499  286
3531 3533 3532  286
2523 2521 2520  286
2522 2473 259  286
2524 498 501  286
2523 2519 2522  286
2365 2505 2504  286
501 2521 2524  286
2365 2504 2364  286
2522 2519 2473  286
2503 524 2472  286
2521 2523 2524  286
2506 498 2507  286
2519 2523 2520  286
2505 2365 501  286
501 2506 2505  286
2364 2472 502  286
2364 2503 2472  286
2503 2364 2504  286
2508 2350 493  286
2508 493 2509  286
2509 3529 2510  286
2350 2508 2507  286
2507 498 2350  286
2519 262 2473  286
2357 2513 500  286
3532 500 3530  286
2510 3529 2511  286
2518 2376 2502  286
2512 500 2513  286
2514 2357 499  286
2512 3530 500  286
2514 499 2515  286
2513 2357 2514  286
2376 2518 2517  286
2515 509 2516  286
2518 2502 526  286
2376 2517 2375  286
2516 2375 2517  286
2501 499 2498  286
2500 2498 2497  286
499 2501 509  286
2498 2500 2501  286
507 2502 2376  286
2375 2516 509  286
2490 2496 286  286
2491 3533 2492  286
2500 2496 2499  286
3531 3529 493  286
2491 287 2494  286
3533 2334 2333  286
2499 2490 283  286
2493 3533 2333  286
2334 3533 3531  286
2496 2500 2497  286
2490 2499 2496  286
500 3532 2495  286
3529 2509 493  286
3530 2512 2511  286
2511 3529 3530  286
3531 493 2334  286
3532 3530 3531  286
3533 2491 2494  286
2494 2495 3532  286
3533 2493 2492  286
3533 2494 3532  286
2352 2524 2351  287
2351 2524 498  287
2523 3534 2522  287
2525 1254 3535  287
2352 3534 2523  287
2353 3535 3534  287
2527 144 143  287
3535 2353 144  287
144 2527 3535  287
1254 2522 3534  287
3534 2352 2353  287
2524 2352 2523  287
1254 2525 260  287
2522 1254 259  287
2527 2526 3535  287
3535 1254 3534  287
2525 3535 2526  287
2531 3537 650  288
2531 650 142  288
3537 2528 1256  288
650 3536 649  288
2525 1255 260  288
2529 3537 2530  288
2525 3536 1255  288
3536 2525 2526  288
2528 3537 2529  288
3537 2531 2530  288
1256 2528 261  288
2527 3536 2526  288
2527 143 649  288
1256 1255 3536  288
3536 2527 649  288
1256 3536 3537  288
3536 650 3537  288
3540 261 2528  289
2361 3539 3538  289
2530 3540 2529  289
3538 1257 3540  289
3541 2530 2531  289
1257 3538 1258  289
3539 2519 3538  289
261 3540 1257  289
2530 3541 3540  289
2531 142 141  289
3539 2363 2521  289
2519 3539 2520  289
2519 262 1258  289
2363 3539 2362  289
2521 2363 501  289
2519 1258 3538  289
2361 3541 141  289
3539 2361 2362  289
3539 2521 2520  289
3540 2528 2529  289
3538 3540 3541  289
3541 2531 141  289
3541 2361 3538  289
2540 2511 2541  290
2507 2536 2506  290
2511 2540 2510  290
2541 2512 2542  290
2547 2532 527  290
2545 2515 2516  290
2509 2538 2508  290
2514 2544 2543  290
2538 2509 2539  290
2515 2545 2544  290
2539 2510 2540  290
2547 2517 2518  290
2510 2539 2509  290
2544 2514 2515  290
2542 2513 2543  290
2517 2547 2546  290
2512 2541 2511  290
2517 2546 2516  290
2532 2518 526  290
2513 2542 2512  290
2543 2513 2514  290
2533 2503 2504  290
2534 2504 2505  290
2506 2535 2505  290
2508 2537 2507  290
2503 2533 2471  290
2503 2471 524  290
2547 2518 2532  290
2516 2546 2545  290
2537 2508 2538  290
2536 2507 2537  290
2533 2504 2534  290
2535 2506 2536  290
523 2471 2533  290
2534 2505 2535  290
2537 528 2538  291
3543 2537 2536  291
2534 3543 2535  291
2548 2539 528  291
534 2534 2533  291
2535 3543 2536  291
534 2533 522  291
522 2533 523  291
529 3543 534  291
2539 2548 2540  291
2540 2548 2541  291
528 2539 2538  291
2537 3543 528  291
2548 530 2541  291
3542 2545 2544  291
2543 3542 2544  291
530 2542 2541  291
3542 2546 2545  291
2542 530 2543  291
2547 533 527  291
2546 3542 532  291
2546 532 2547  291
531 3542 530  291
533 2547 532  291
3542 2543 530  291
3542 531 532  291
3543 2534 534  291
3543 529 528  291
3545 541 542  292
2555 540 2554  292
541 3545 540  292
3545 2550 2551  292
540 2553 2554  292
540 2555 2564  292
2549 518 517  292
2553 3545 2552  292
2562 3544 2561  292
518 2549 542  292
2550 3545 542  292
2550 542 2549  292
539 2557 2558  292
538 3544 537  292
537 2562 2563  292
3544 538 539  292
537 2563 536  292
2559 3544 539  292
536 2563 535  292
539 2558 2559  292
2561 3544 2560  292
2557 539 2564  292
2564 2556 2557  292
2556 2564 2555  292
3544 2559 2560  292
3544 2562 537  292
3545 2551 2552  292
3545 2553 540  292
2569 543 2565  293
2568 2571 2567  293
543 2569 544  293
2569 2565 2566  293
2571 2566 2567  293
2571 2568 2572  293
2569 2566 2570  293
2566 2571 2570  293
529 2572 2568  293
2572 529 528  293
2568 2578 2579  294
2577 2566 2576  294
2567 2577 2578  294
2568 2579 2580  294
2577 2567 2566  294
2578 2568 2567  294
2576 2566 2575  294
2573 543 545  294
2575 2565 2574  294
2565 2575 2566  294
2574 2565 2573  294
543 2573 2565  294
2580 529 2568  294
529 2580 534  294
2575 2465 2466  295
2576 2467 2577  295
2465 2574 2464  295
2466 2576 2575  295
2468 2579 2578  295
2576 2466 2467  295
2463 2574 2573  295
2463 545 521  295
545 2463 2573  295
2578 2467 2468  295
2579 2468 2469  295
2574 2463 2464  295
2580 2469 2470  295
2574 2465 2575  295
2470 534 2580  295
2467 2578 2577  295
534 2470 522  295
2469 2580 2579  295
2475 3547 2476  296
544 2479 2478  296
2476 3547 2477  296
545 2474 521  296
543 3547 545  296
2474 545 2475  296
521 2474 520  296
3547 543 544  296
2484 3546 2485  296
544 2480 2479  296
2480 2581 2481  296
2478 3547 544  296
2581 2482 2481  296
2581 2480 544  296
3546 2486 2485  296
2482 2581 549  296
3546 2487 2486  296
549 2483 2482  296
2483 549 2484  296
2488 546 525  296
2487 3546 547  296
2487 547 2488  296
548 3546 549  296
546 2488 547  296
3546 2484 549  296
3546 548 547  296
3547 2478 2477  296
3547 2475 545  296
553 2442 2443  297
3549 551 550  297
3549 2434 2435  297
552 2439 2582  297
2434 3549 550  297
552 2438 2439  297
552 2437 2438  297
2441 553 2582  297
2437 3549 2436  297
519 2433 550  297
2433 519 516  297
2434 550 2433  297
551 3549 552  297
553 2441 2442  297
3548 554 553  297
554 3548 555  297
555 2446 2447  297
2446 3548 2445  297
555 2447 556  297
2443 3548 553  297
556 2447 515  297
2445 3548 2444  297
2582 2440 2441  297
2440 2582 2439  297
3548 2443 2444  297
3548 2446 555  297
3549 2435 2436  297
3549 2437 552  297
3552 2584 2583  298
507 2590 2502  298
2584 3552 3550  298
3552 3553 2586  298
2502 3551 526  298
2588 3552 2587  298
2589 3550 2588  298
3551 2591 2592  298
3551 533 527  298
508 3550 2374  298
3550 507 2374  298
2590 507 2589  298
2591 3551 2502  298
281 282 2583  298
525 3553 2489  298
546 3553 525  298
2502 2590 2591  298
533 3551 2592  298
2489 3553 282  298
3553 3552 282  298
3550 2589 507  298
3550 508 2584  298
3552 2588 3550  298
3551 527 2532  298
2532 526 3551  298
3552 2583 282  298
3552 2586 2587  298
3553 546 2585  298
2585 2586 3553  298
2593 2583 281  299
2593 281 280  299
2386 2594 512  299
2583 2593 2594  299
2594 2584 2583  299
2584 2594 2386  299
2584 2386 508  299
2594 3556 3555  300
556 3554 515  300
3554 3556 279  300
2421 2600 2601  300
2600 2421 511  300
2421 3557 514  300
3557 536 535  300
3557 2601 2602  300
2598 3556 2597  300
512 3555 2385  300
2600 511 2599  300
2601 3557 2421  300
2599 3555 2598  300
536 3557 2602  300
3556 2594 2593  300
3556 2596 2597  300
2432 3554 279  300
515 3554 2432  300
280 279 2593  300
3556 3554 2596  300
3555 2599 511  300
3554 556 2595  300
2595 2596 3554  300
3555 511 2385  300
3555 512 2594  300
3556 2598 3555  300
3556 2593 279  300
3557 535 2603  300
2603 514 3557  300
2600 2608 2609  301
2611 2602 2610  301
2605 2595 2604  301
2598 2608 2599  301
2608 2598 2607  301
2607 2598 2606  301
2597 2605 2606  301
2604 556 555  301
2605 2597 2596  301
2610 2600 2609  301
537 2602 2611  301
2606 2598 2597  301
556 2604 2595  301
2595 2605 2596  301
2602 537 536  301
2600 2610 2601  301
2610 2602 2601  301
2608 2600 2599  301
2613 2607 2606  302
2604 2612 2605  302
2613 2606 2612  302
2613 2608 2607  302
2612 2604 554  302
2608 2613 2614  302
2615 2609 2614  302
2612 2606 2605  302
554 2604 555  302
538 2611 2615  302
2610 2615 2611  302
2611 538 537  302
2609 2615 2610  302
2614 2609 2608  302
2616 554 553  303
2613 2617 2614  303
2617 2613 2616  303
2614 2617 2618  303
2619 2615 2614  303
2614 2618 2619  303
2619 538 2615  303
2612 2616 2613  303
554 2616 2612  303
538 2619 539  303
3559 3560 2617  304
2620 3559 2616  304
2564 2623 540  304
3560 3558 2618  304
552 2620 2582  304
2616 2582 2620  304
3560 3559 2621  304
2582 2616 553  304
2623 3558 2622  304
2619 2623 2564  304
2619 2564 539  304
3558 2623 2619  304
2619 2618 3558  304
3558 3560 2622  304
2617 2616 3559  304
3559 2620 2621  304
2621 2622 3560  304
3560 2618 2617  304
2626 2622 2623  305
2626 2623 2627  305
2620 551 552  305
2622 2626 2625  305
551 2620 2624  305
2625 2620 2621  305
2625 2621 2622  305
2620 2625 2624  305
541 2623 540  305
2623 541 2627  305
2633 2626 2632  306
2625 2632 2626  306
2627 2634 2635  306
2627 2633 2634  306
2635 541 2627  306
2632 2625 2631  306
2630 2624 2629  306
2625 2630 2631  306
2628 2624 551  306
2628 551 550  306
2624 2628 2629  306
2624 2630 2625  306
541 2635 542  306
2626 2633 2627  306
2454 2630 2631  307
2455 2632 2456  307
2454 2629 2630  307
2631 2455 2454  307
2457 2633 2634  307
2455 2631 2632  307
2629 2452 2628  307
2628 519 550  307
519 2628 2452  307
2457 2632 2633  307
2457 2634 2458  307
2452 2629 2453  307
2459 2634 2635  307
2629 2454 2453  307
2459 2635 542  307
2632 2457 2456  307
2459 542 518  307
2634 2459 2458  307
2416 2559 2560  308
2420 2563 2603  308
2408 2551 2552  308
2420 2603 514  308
2551 2408 2407  308
2407 2550 2551  308
2409 2552 2553  308
2415 2558 2559  308
2414 2557 2558  308
2552 2409 2408  308
2550 2406 2549  308
2451 2405 513  308
2553 2410 2409  308
2405 2549 2406  308
2406 2550 2407  308
2554 2411 2410  308
2411 2555 2412  308
2555 2411 2554  308
2413 2557 2414  308
2410 2553 2554  308
2412 2556 2413  308
2559 2416 2415  308
2549 2451 517  308
2419 2563 2420  308
2416 2560 2417  308
2417 2561 2418  308
2562 2419 2418  308
2603 2563 535  308
2561 2417 2560  308
2556 2412 2555  308
2557 2413 2556  308
2558 2415 2414  308
2549 2405 2451  308
2418 2561 2562  308
2563 2419 2562  308
2641 2589 2590  309
2592 2643 2591  309
2586 2637 2585  309
2639 2589 2640  309
2589 2639 2588  309
2588 2639 2587  309
2637 2587 2638  309
2585 547 546  309
2587 2637 2586  309
2590 2642 2641  309
532 2592 533  309
2587 2639 2638  309
547 2585 2636  309
2585 2637 2636  309
2643 2592 532  309
2642 2590 2591  309
2591 2643 2642  309
2589 2641 2640  309
2644 2638 2637  310
2636 548 2644  310
2638 2644 2645  310
548 2636 547  310
2640 2645 2646  310
2645 2640 2639  310
2647 2641 2646  310
2644 2637 2636  310
2643 2647 531  310
2645 2639 2638  310
2643 531 532  310
2642 2647 2643  310
2640 2646 2641  310
2641 2647 2642  310
2644 2648 548  311
2649 2645 2650  311
2645 2648 2644  311
2650 2645 2646  311
2647 2651 2650  311
2650 2646 2647  311
2651 2647 531  311
2648 2645 2649  311
548 2648 549  311
2651 531 530  311
528 2548 2572  312
3563 3562 2570  312
3563 2570 2571  312
2581 2569 2648  312
2569 3562 2648  312
2569 2581 544  312
3562 3563 2649  312
2648 549 2581  312
3561 2651 2650  312
2548 2651 2572  312
2651 3561 2572  312
2651 2548 530  312
3561 3563 2571  312
2571 2572 3561  312
2649 2648 3562  312
3562 2569 2570  312
3563 3561 2650  312
2650 2649 3563  312
3567 2379 3566  313
2652 3564 2653  313
2377 3565 2501  313
2499 3567 1287  313
509 2377 2501  313
3567 3566 3564  313
1287 283 2499  313
2501 3565 2500  313
2379 3567 3565  313
284 3564 2652  313
1288 3567 3564  313
2655 3566 128  313
2653 3564 2654  313
3565 2499 2500  313
127 2655 128  313
2654 3566 2655  313
3564 284 1288  313
3565 2377 2378  313
2378 2379 3565  313
2379 128 3566  313
3566 2654 3564  313
3567 1288 1287  313
3567 2499 3565  313
2652 1289 284  314
1289 3570 3569  314
2653 2654 3570  314
126 3568 618  314
3570 2652 2653  314
2655 3570 2654  314
1290 3569 3568  314
3569 1290 1289  314
3568 126 2656  314
285 3568 2656  314
2655 617 3570  314
3568 285 1290  314
618 3569 617  314
617 2655 127  314
3569 618 3568  314
3570 1289 2652  314
3570 617 3569  314
2498 2355 2356  315
2497 2355 2498  315
2355 3571 2354  315
3571 2497 2496  315
2498 2356 499  315
2656 1291 285  315
2656 3571 1291  315
125 2656 126  315
125 3571 2656  315
3571 2355 2497  315
286 1291 2496  315
2496 1291 3571  315
3571 125 2354  315
3572 3574 3573  316
3574 2359 2360  316
2657 3572 2658  316
2494 1293 287  316
1293 3572 1294  316
2658 3572 2659  316
288 1294 2657  316
2660 3573 124  316
1293 3574 3572  316
2660 124 123  316
3574 2495 2359  316
2495 3574 2494  316
2359 2495 2358  316
2358 2495 500  316
2659 3573 2660  316
3572 2657 1294  316
2360 124 3573  316
3573 2659 3572  316
2360 3573 3574  316
3574 1293 2494  316
3577 3576 1297  317
611 3575 610  317
1297 3576 1298  317
3575 3577 1296  317
610 2660 123  317
3577 1297 1296  317
2660 3575 2659  317
2657 1295 288  317
3575 2657 2658  317
3575 2658 2659  317
1295 2657 3575  317
3576 3577 612  317
1298 2335 257  317
2335 3576 613  317
2335 613 121  317
1296 1295 3575  317
2660 610 3575  317
612 613 3576  317
3576 2335 1298  317
3577 3575 611  317
611 612 3577  317
2427 2348 3579  318
2348 2428 2347  318
2348 2427 2428  318
497 2347 2428  318
3579 1277 2426  318
3580 1277 3579  318
1277 3580 1278  318
2662 3580 2663  318
2426 1277 275  318
2663 3580 3578  318
2661 3580 2662  318
2664 132 131  318
3578 3579 2349  318
1278 2661 276  318
132 2664 3578  318
2349 132 3578  318
3578 2664 2663  318
2426 2427 3579  318
3579 2348 2349  318
3579 3578 3580  318
3580 2661 1278  318
3581 2661 2662  319
2664 3581 2663  319
627 3583 3581  319
3583 628 3582  319
1280 3583 3582  319
2661 3581 1279  319
1279 276 2661  319
1280 2665 277  319
2665 3582 2666  319
2666 3582 2667  319
3583 627 628  319
131 627 2664  319
3582 2668 2667  319
3581 2662 2663  319
3581 2664 627  319
2668 628 130  319
3582 2665 1280  319
3583 1280 1279  319
1279 3581 3583  319
628 2668 3582  319
1282 3585 1281  320
2382 3584 2424  320
2667 3586 2668  320
2422 3585 1282  320
510 2382 2424  320
3584 2380 3585  320
2667 3587 3586  320
2422 1282 278  320
2424 3584 2423  320
2380 3586 3585  320
277 3587 2665  320
3586 2380 129  320
2665 3587 2666  320
130 2668 129  320
3584 2382 2381  320
2381 2380 3584  320
3584 2422 2423  320
3587 3585 3586  320
3585 2422 3584  320
129 2668 3586  320
3585 3587 1281  320
3587 2667 2666  320
3587 277 1281  320
3589 2671 2672  321
1264 3588 1263  321
3590 268 2669  321
3590 2671 3589  321
2373 3591 3588  321
139 140 2672  321
267 1263 2401  321
268 3590 1264  321
3588 3590 3589  321
2671 3590 2670  321
2401 3591 2402  321
3591 2371 2403  321
2403 2371 506  321
3591 2373 2372  321
2371 3591 2372  321
2401 1263 3588  321
2373 3589 140  321
2672 140 3589  321
3589 2373 3588  321
3590 3588 1264  321
3590 2669 2670  321
3591 2403 2402  321
3591 2401 3588  321
3594 2669 2670  322
2672 3594 2671  322
2669 1265 268  322
2672 639 3594  322
1265 2669 3594  322
3592 3593 1266  322
269 3593 2673  322
3592 1266 1265  322
3593 3592 640  322
138 3593 640  322
639 2672 139  322
639 640 3592  322
3593 138 2673  322
3593 269 1266  322
2670 2671 3594  322
1265 3594 3592  322
3594 639 3592  322
2673 1267 269  323
2673 3595 1267  323
3595 2398 2397  323
2337 2399 2398  323
2399 2337 2338  323
1267 2397 270  323
137 3595 2673  323
3595 2337 2398  323
137 2673 138  323
2399 2338 494  323
2337 3595 2336  323
2397 1267 3595  323
3595 137 2336  323
Edges
3005
1 2  1
2 557  2
557 3  2
4 3  3
5 558  4
558 4  4
6 5  5
6 7  6
7 559  7
559 8  7
9 8  8
10 560  9
560 9  9
11 10  10
11 561  11
561 12  11
12 562  12
562 13  12
14 13  13
15 563  14
563 14  14
16 15  15
16 17  16
17 564  17
564 18  17
19 18  18
20 565  19
565 19  19
21 20  20
21 22  21
22 566  22
566 23  22
24 23  23
25 567  24
567 24  24
26 25  25
26 27  26
27 568  27
568 28  27
29 28  28
30 569  29
569 29  29
31 30  30
31 570  31
570 32  31
32 571  32
571 33  32
34 33  33
35 572  34
572 34  34
36 35  35
36 37  36
37 573  37
573 38  37
39 38  38
40 574  39
574 39  39
41 40  40
41 42  41
42 575  42
575 43  42
44 43  43
45 576  44
576 44  44
46 45  45
46 577  46
577 47  46
47 578  47
578 48  47
49 48  48
50 579  49
579 49  49
51 50  50
51 580  51
580 52  51
52 581  52
581 53  52
54 53  53
55 582  54
582 54  54
56 55  55
56 583  56
583 57  56
57 584  57
584 58  57
59 58  58
60 585  59
585 59  59
61 60  60
61 586  61
586 62  61
62 587  62
587 63  62
64 63  63
65 588  64
588 64  64
66 65  65
66 589  66
589 67  66
67 590  67
590 68  67
69 68  68
70 591  69
591 69  69
71 70  70
71 72  71
72 592  72
592 73  72
74 73  73
75 593  74
593 74  74
76 75  75
76 77  76
77 594  77
594 78  77
79 78  78
80 595  79
595 79  79
81 80  80
81 82  81
82 596  82
596 83  82
84 83  83
85 597  84
597 84  84
86 85  85
86 87  86
87 88  87
89 88  88
90 598  89
598 89  89
91 90  90
91 92  91
92 599  92
599 93  92
94 93  93
95 600  94
600 94  94
96 95  95
96 97  96
97 98  97
99 98  98
100 601  99
601 99  99
101 100  100
101 602  101
602 102  101
102 603  102
603 103  102
104 103  103
105 604  104
604 104  104
106 105  105
106 605  106
605 107  106
107 606  107
606 108  107
109 108  108
110 607  109
607 109  109
111 110  110
111 112  111
112 113  112
114 113  113
115 608  114
608 114  114
116 115  115
116 117  116
117 118  117
119 118  118
120 609  119
609 119  119
1 120  120
121 122  121
123 610  122
610 611  122
611 612  122
612 613  122
613 121  122
124 123  123
124 614  124
614 615  124
615 616  124
616 125  124
126 125  125
127 617  126
617 618  126
618 126  126
128 127  127
129 619  128
619 620  128
620 621  128
621 622  128
622 623  128
623 624  128
624 625  128
625 626  128
626 128  128
130 129  129
131 627  130
627 628  130
628 130  130
132 131  131
132 629  132
629 630  132
630 631  132
631 133  132
134 133  133
135 632  134
632 633  134
633 634  134
634 635  134
635 134  134
136 135  135
136 636  136
636 637  136
637 638  136
638 137  136
138 137  137
139 639  138
639 640  138
640 138  138
140 139  139
141 641  140
641 642  140
642 643  140
643 644  140
644 645  140
645 646  140
646 647  140
647 648  140
648 140  140
142 141  141
143 649  142
649 650  142
650 142  142
144 143  143
144 651  144
651 652  144
652 653  144
653 122  144
1 654  145
654 655  145
655 656  145
656 657  145
657 658  145
658 659  145
659 145  145
145 146  146
2 660  147
660 661  147
661 662  147
662 663  147
663 146  147
147 145  148
148 664  149
664 665  149
665 666  149
666 667  149
667 668  149
668 147  149
148 669  150
669 1  150
120 670  151
670 671  151
671 672  151
672 673  151
673 149  151
150 149  152
151 674  153
674 675  153
675 676  153
676 677  153
677 678  153
678 679  153
679 680  153
680 681  153
681 150  153
151 148  154
152 682  155
682 153  155
9 683  156
683 684  156
684 685  156
685 686  156
686 152  156
10 687  157
687 688  157
688 689  157
689 690  157
690 153  157
154 691  158
691 155  158
14 692  159
692 693  159
693 694  159
694 695  159
695 154  159
15 696  160
696 697  160
697 698  160
698 699  160
699 155  160
156 700  161
700 157  161
19 701  162
701 702  162
702 703  162
703 704  162
704 156  162
20 705  163
705 706  163
706 707  163
707 708  163
708 157  163
158 709  164
709 159  164
24 710  165
710 711  165
711 712  165
712 713  165
713 158  165
25 714  166
714 715  166
715 716  166
716 717  166
717 159  166
160 718  167
718 161  167
29 719  168
719 720  168
720 721  168
721 722  168
722 160  168
30 723  169
723 724  169
724 725  169
725 726  169
726 161  169
162 727  170
727 163  170
34 728  171
728 729  171
729 730  171
730 731  171
731 162  171
35 732  172
732 733  172
733 734  172
734 735  172
735 163  172
164 736  173
736 165  173
39 737  174
737 738  174
738 739  174
739 740  174
740 164  174
40 741  175
741 742  175
742 743  175
743 744  175
744 165  175
166 745  176
745 167  176
44 746  177
746 747  177
747 748  177
748 749  177
749 166  177
45 750  178
750 751  178
751 752  178
752 753  178
753 167  178
168 754  179
754 169  179
49 755  180
755 756  180
756 757  180
757 758  180
758 168  180
50 759  181
759 760  181
760 761  181
761 762  181
762 169  181
170 763  182
763 171  182
54 764  183
764 765  183
765 766  183
766 767  183
767 170  183
55 768  184
768 769  184
769 770  184
770 771  184
771 171  184
172 772  185
772 173  185
59 773  186
773 774  186
774 775  186
775 776  186
776 172  186
60 777  187
777 778  187
778 779  187
779 780  187
780 173  187
174 781  188
781 175  188
64 782  189
782 783  189
783 784  189
784 785  189
785 174  189
65 786  190
786 787  190
787 788  190
788 789  190
789 175  190
176 790  191
790 177  191
69 791  192
791 792  192
792 793  192
793 794  192
794 176  192
70 795  193
795 796  193
796 797  193
797 798  193
798 177  193
178 799  194
799 179  194
74 800  195
800 801  195
801 802  195
802 803  195
803 178  195
75 804  196
804 805  196
805 806  196
806 807  196
807 179  196
180 808  197
808 181  197
79 809  198
809 810  198
810 811  198
811 812  198
812 180  198
80 813  199
813 814  199
814 815  199
815 816  199
816 181  199
182 817  200
817 183  200
84 818  201
818 819  201
819 820  201
820 821  201
821 182  201
85 822  202
822 823  202
823 824  202
824 825  202
825 183  202
184 826  203
826 185  203
89 827  204
827 828  204
828 829  204
829 830  204
830 184  204
90 831  205
831 832  205
832 833  205
833 834  205
834 185  205
186 835  206
835 187  206
94 836  207
836 837  207
837 838  207
838 839  207
839 186  207
95 840  208
840 841  208
841 842  208
842 843  208
843 187  208
188 844  209
844 189  209
99 845  210
845 846  210
846 847  210
847 848  210
848 188  210
100 849  211
849 850  211
850 851  211
851 852  211
852 189  211
190 853  212
853 191  212
104 854  213
854 855  213
855 856  213
856 857  213
857 190  213
105 858  214
858 859  214
859 860  214
860 861  214
861 191  214
192 862  215
862 193  215
109 863  216
863 864  216
864 865  216
865 866  216
866 192  216
110 867  217
867 868  217
868 869  217
869 870  217
870 193  217
194 871  218
871 195  218
114 872  219
872 873  219
873 874  219
874 875  219
875 194  219
115 876  220
876 877  220
877 878  220
878 879  220
879 195  220
5 880  221
880 881  221
881 882  221
882 883  221
883 196  221
197 884  222
884 196  222
4 885  223
885 886  223
886 887  223
887 888  223
888 197  223
198 889  224
889 149  224
119 890  225
890 891  225
891 892  225
892 893  225
893 198  225
199 894  226
894 11  226
200 153  227
201 895  228
895 896  228
896 897  228
897 898  228
898 899  228
899 900  228
900 901  228
901 902  228
902 200  228
201 199  229
11 903  230
903 904  230
904 905  230
905 906  230
906 907  230
907 908  230
908 202  230
203 202  231
199 909  232
909 910  232
910 911  232
911 912  232
912 913  232
913 203  232
204 914  233
914 199  233
204 915  234
915 916  234
916 917  234
917 918  234
918 919  234
919 205  234
205 203  235
201 920  236
920 206  236
206 204  237
207 921  238
921 922  238
922 923  238
923 924  238
924 925  238
925 926  238
926 927  238
927 928  238
928 206  238
200 929  239
929 930  239
930 931  239
931 932  239
932 933  239
933 934  239
934 935  239
935 936  239
936 937  239
937 207  239
150 938  240
938 939  240
939 940  240
940 941  240
941 942  240
942 943  240
943 208  240
198 209  241
210 944  242
944 945  242
945 946  242
946 947  242
947 948  242
948 949  242
949 950  242
950 951  242
951 952  242
952 209  242
210 195  243
194 211  244
212 953  245
953 954  245
954 955  245
955 956  245
956 957  245
957 958  245
958 211  245
212 193  246
192 213  247
214 959  248
959 960  248
960 961  248
961 962  248
962 963  248
963 964  248
964 965  248
965 966  248
966 967  248
967 213  248
214 191  249
190 215  250
216 968  251
968 969  251
969 970  251
970 971  251
971 972  251
972 973  251
973 215  251
216 189  252
188 217  253
218 974  254
974 975  254
975 976  254
976 977  254
977 978  254
978 979  254
979 980  254
980 981  254
981 982  254
982 217  254
218 187  255
186 219  256
220 983  257
983 984  257
984 985  257
985 986  257
986 987  257
987 988  257
988 989  257
989 990  257
990 991  257
991 219  257
220 185  258
184 221  259
222 992  260
992 993  260
993 994  260
994 995  260
995 996  260
996 997  260
997 998  260
998 999  260
999 1000  260
1000 221  260
222 183  261
182 223  262
224 1001  263
1001 1002  263
1002 1003  263
1003 1004  263
1004 1005  263
1005 1006  263
1006 223  263
224 181  264
180 225  265
226 1007  266
1007 1008  266
1008 1009  266
1009 1010  266
1010 1011  266
1011 1012  266
1012 225  266
226 179  267
178 227  268
228 1013  269
1013 1014  269
1014 1015  269
1015 1016  269
1016 1017  269
1017 1018  269
1018 227  269
228 177  270
176 229  271
230 1019  272
1019 1020  272
1020 1021  272
1021 1022  272
1022 1023  272
1023 1024  272
1024 229  272
230 175  273
174 231  274
232 1025  275
1025 1026  275
1026 1027  275
1027 1028  275
1028 1029  275
1029 1030  275
1030 231  275
232 173  276
172 233  277
234 1031  278
1031 1032  278
1032 1033  278
1033 1034  278
1034 1035  278
1035 1036  278
1036 1037  278
1037 1038  278
1038 1039  278
1039 233  278
234 171  279
170 235  280
236 1040  281
1040 1041  281
1041 1042  281
1042 1043  281
1043 1044  281
1044 1045  281
1045 235  281
236 169  282
168 237  283
238 1046  284
1046 1047  284
1047 1048  284
1048 1049  284
1049 1050  284
1050 1051  284
1051 237  284
238 167  285
166 239  286
240 1052  287
1052 1053  287
1053 1054  287
1054 1055  287
1055 1056  287
1056 1057  287
1057 239  287
240 165  288
164 241  289
242 1058  290
1058 1059  290
1059 1060  290
1060 1061  290
1061 1062  290
1062 1063  290
1063 241  290
242 163  291
162 243  292
244 1064  293
1064 1065  293
1065 1066  293
1066 1067  293
1067 1068  293
1068 1069  293
1069 1070  293
1070 1071  293
1071 1072  293
1072 243  293
244 161  294
160 245  295
246 1073  296
1073 1074  296
1074 1075  296
1075 1076  296
1076 1077  296
1077 1078  296
1078 1079  296
1079 1080  296
1080 1081  296
1081 245  296
246 159  297
158 247  298
248 1082  299
1082 1083  299
1083 1084  299
1084 1085  299
1085 1086  299
1086 1087  299
1087 247  299
248 157  300
156 249  301
250 1088  302
1088 1089  302
1089 1090  302
1090 1091  302
1091 1092  302
1092 1093  302
1093 249  302
250 155  303
154 207  304
152 251  305
252 1094  306
1094 1095  306
1095 1096  306
1096 1097  306
1097 1098  306
1098 1099  306
1099 1100  306
1100 1101  306
1101 1102  306
1102 251  306
252 196  307
197 208  308
253 1103  309
1103 1104  309
1104 1105  309
1105 1106  309
1106 1107  309
1107 1108  309
1108 1109  309
1109 1110  309
1110 1111  309
1111 1112  309
1112 1113  309
1113 1114  309
1114 1115  309
1115 1116  309
1116 1117  309
1117 1118  309
1118 1119  309
1119 1120  309
1120 1121  309
1121 1122  309
1122 1123  309
1123 1124  309
1124 1125  309
1125 1126  309
1126 1127  309
1127 1128  309
1128 1129  309
1129 1130  309
1130 1131  309
1131 1132  309
1132 1133  309
1133 1134  309
1134 1135  309
1135 1136  309
1136 1137  309
1137 1138  309
1138 1139  309
1139 1140  309
1140 1141  309
1141 1142  309
1142 1143  309
1143 1144  309
1144 1145  309
1145 1146  309
1146 1147  309
1147 1148  309
1148 1149  309
1149 1150  309
1150 1151  309
1151 1152  309
1152 1153  309
1153 1154  309
1154 1155  309
1155 1156  309
1156 1157  309
1157 1158  309
1158 1159  309
1159 1160  309
1160 254  309
254 1161  310
1161 1162  310
1162 1163  310
1163 1164  310
1164 1165  310
1165 1166  310
1166 1167  310
1167 1168  310
1168 1169  310
1169 1170  310
1170 1171  310
1171 1172  310
1172 1173  310
1173 1174  310
1174 1175  310
1175 1176  310
1176 1177  310
1177 1178  310
1178 1179  310
1179 1180  310
1180 1181  310
1181 1182  310
1182 1183  310
1183 1184  310
1184 1185  310
1185 1186  310
1186 1187  310
1187 1188  310
1188 1189  310
1189 1190  310
1190 1191  310
1191 1192  310
1192 1193  310
1193 1194  310
1194 1195  310
1195 1196  310
1196 1197  310
1197 1198  310
1198 1199  310
1199 1200  310
1200 1201  310
1201 1202  310
1202 1203  310
1203 1204  310
1204 1205  310
1205 1206  310
1206 1207  310
1207 1208  310
1208 1209  310
1209 1210  310
1210 1211  310
1211 1212  310
1212 1213  310
1213 1214  310
1214 1215  310
1215 1216  310
1216 1217  310
1217 253  310
255 1218  311
1218 1219  311
1219 1220  311
1220 1221  311
1221 1222  311
1222 1223  311
1223 1224  311
1224 1225  311
1225 1226  311
1226 1227  311
1227 1228  311
1228 1229  311
1229 1230  311
1230 1231  311
1231 1232  311
1232 1233  311
1233 1234  311
1234 256  311
256 1235  312
1235 1236  312
1236 1237  312
1237 1238  312
1238 1239  312
1239 1240  312
1240 1241  312
1241 1242  312
1242 1243  312
1243 1244  312
1244 1245  312
1245 1246  312
1246 1247  312
1247 1248  312
1248 1249  312
1249 1250  312
1250 1251  312
1251 255  312
257 1252  313
1252 258  313
259 1253  314
1253 258  314
259 1254  315
1254 260  315
260 1255  316
1255 1256  316
1256 261  316
261 1257  317
1257 1258  317
1258 262  317
263 1259  318
1259 1260  318
1260 262  318
263 264  319
264 265  320
265 266  321
267 1261  322
1261 1262  322
1262 266  322
267 1263  323
1263 1264  323
1264 268  323
268 1265  324
1265 1266  324
1266 269  324
269 1267  325
1267 270  325
271 1268  326
1268 270  326
271 1269  327
1269 1270  327
1270 272  327
272 1271  328
1271 1272  328
1272 1273  328
1273 1274  328
1274 273  328
273 1275  329
1275 274  329
275 1276  330
1276 274  330
275 1277  331
1277 1278  331
1278 276  331
276 1279  332
1279 1280  332
1280 277  332
277 1281  333
1281 1282  333
1282 278  333
279 1283  334
1283 1284  334
1284 278  334
279 280  335
280 281  336
281 282  337
283 1285  338
1285 1286  338
1286 282  338
283 1287  339
1287 1288  339
1288 284  339
284 1289  340
1289 1290  340
1290 285  340
285 1291  341
1291 286  341
287 1292  342
1292 286  342
287 1293  343
1293 1294  343
1294 288  343
288 1295  344
1295 1296  344
1296 1297  344
1297 1298  344
1298 257  344
151 1299  345
1299 289  345
208 1300  346
1300 1301  346
1301 1302  346
1302 1303  346
1303 1304  346
1304 1305  346
1305 1306  346
1306 1307  346
1307 289  346
3 1308  347
1308 290  347
289 290  348
290 1309  349
1309 1310  349
1310 1311  349
1311 1312  349
1312 1313  349
1313 291  349
292 291  350
3 1314  351
1314 1315  351
1315 1316  351
1316 1317  351
1317 1318  351
1318 292  351
146 292  352
291 147  353
290 1319  354
1319 148  354
118 1320  355
1320 293  355
294 293  356
209 1321  357
1321 1322  357
1322 1323  357
1323 1324  357
1324 1325  357
1325 1326  357
1326 1327  357
1327 1328  357
1328 294  357
293 1329  358
1329 1330  358
1330 1331  358
1331 1332  358
1332 1333  358
1333 295  358
296 295  359
118 1334  360
1334 1335  360
1335 1336  360
1336 1337  360
1337 1338  360
1338 296  360
117 1339  361
1339 1340  361
1340 1341  361
1341 1342  361
1342 297  361
297 296  362
116 1343  363
1343 1344  363
1344 1345  363
1345 1346  363
1346 1347  363
1347 1348  363
1348 298  363
298 297  364
299 298  365
300 1349  366
1349 1350  366
1350 1351  366
1351 1352  366
1352 1353  366
1353 299  366
300 1354  367
1354 116  367
301 1355  368
1355 1356  368
1356 1357  368
1357 1358  368
1358 1359  368
1359 1360  368
1360 1361  368
1361 1362  368
1362 210  368
301 300  369
301 1363  370
1363 294  370
293 1364  371
1364 300  371
295 299  372
113 1365  373
1365 302  373
303 302  374
211 1366  375
1366 1367  375
1367 1368  375
1368 1369  375
1369 1370  375
1370 1371  375
1371 1372  375
1372 1373  375
1373 303  375
302 1374  376
1374 1375  376
1375 1376  376
1376 1377  376
1377 1378  376
1378 304  376
305 304  377
113 1379  378
1379 1380  378
1380 1381  378
1381 1382  378
1382 1383  378
1383 305  378
112 1384  379
1384 1385  379
1385 1386  379
1386 1387  379
1387 306  379
306 305  380
111 1388  381
1388 1389  381
1389 1390  381
1390 1391  381
1391 1392  381
1392 1393  381
1393 307  381
307 306  382
308 307  383
309 1394  384
1394 1395  384
1395 1396  384
1396 1397  384
1397 1398  384
1398 308  384
309 1399  385
1399 111  385
310 1400  386
1400 1401  386
1401 1402  386
1402 1403  386
1403 1404  386
1404 1405  386
1405 1406  386
1406 1407  386
1407 212  386
310 309  387
310 1408  388
1408 303  388
302 1409  389
1409 309  389
304 308  390
108 1410  391
1410 311  391
312 311  392
213 1411  393
1411 1412  393
1412 1413  393
1413 1414  393
1414 1415  393
1415 1416  393
1416 1417  393
1417 1418  393
1418 312  393
311 1419  394
1419 1420  394
1420 1421  394
1421 1422  394
1422 1423  394
1423 313  394
314 313  395
108 1424  396
1424 1425  396
1425 1426  396
1426 1427  396
1427 1428  396
1428 314  396
107 1429  397
1429 1430  397
1430 1431  397
1431 1432  397
1432 315  397
315 314  398
106 1433  399
1433 1434  399
1434 1435  399
1435 1436  399
1436 1437  399
1437 1438  399
1438 316  399
316 315  400
317 316  401
318 1439  402
1439 1440  402
1440 1441  402
1441 1442  402
1442 1443  402
1443 317  402
318 1444  403
1444 106  403
319 1445  404
1445 1446  404
1446 1447  404
1447 1448  404
1448 1449  404
1449 1450  404
1450 1451  404
1451 1452  404
1452 214  404
319 318  405
319 1453  406
1453 312  406
311 1454  407
1454 318  407
313 317  408
103 1455  409
1455 320  409
321 320  410
215 1456  411
1456 1457  411
1457 1458  411
1458 1459  411
1459 1460  411
1460 1461  411
1461 1462  411
1462 1463  411
1463 321  411
320 1464  412
1464 1465  412
1465 1466  412
1466 1467  412
1467 1468  412
1468 322  412
323 322  413
103 1469  414
1469 1470  414
1470 1471  414
1471 1472  414
1472 1473  414
1473 323  414
102 1474  415
1474 1475  415
1475 1476  415
1476 1477  415
1477 324  415
324 323  416
101 1478  417
1478 1479  417
1479 1480  417
1480 1481  417
1481 1482  417
1482 1483  417
1483 325  417
325 324  418
326 325  419
327 1484  420
1484 1485  420
1485 1486  420
1486 1487  420
1487 1488  420
1488 326  420
327 1489  421
1489 101  421
328 1490  422
1490 1491  422
1491 1492  422
1492 1493  422
1493 1494  422
1494 1495  422
1495 1496  422
1496 1497  422
1497 216  422
328 327  423
328 321  424
320 327  425
322 326  426
98 1498  427
1498 329  427
330 329  428
217 1499  429
1499 1500  429
1500 1501  429
1501 1502  429
1502 1503  429
1503 1504  429
1504 1505  429
1505 1506  429
1506 330  429
329 1507  430
1507 1508  430
1508 1509  430
1509 1510  430
1510 1511  430
1511 331  430
332 331  431
98 1512  432
1512 1513  432
1513 1514  432
1514 1515  432
1515 1516  432
1516 332  432
97 1517  433
1517 1518  433
1518 1519  433
1519 1520  433
1520 333  433
333 332  434
96 1521  435
1521 1522  435
1522 1523  435
1523 1524  435
1524 1525  435
1525 1526  435
1526 334  435
334 333  436
335 334  437
336 1527  438
1527 1528  438
1528 1529  438
1529 1530  438
1530 1531  438
1531 335  438
336 1532  439
1532 96  439
337 1533  440
1533 1534  440
1534 1535  440
1535 1536  440
1536 1537  440
1537 1538  440
1538 1539  440
1539 1540  440
1540 218  440
337 336  441
337 330  442
329 336  443
331 335  444
93 1541  445
1541 338  445
339 338  446
219 1542  447
1542 1543  447
1543 1544  447
1544 1545  447
1545 1546  447
1546 1547  447
1547 1548  447
1548 1549  447
1549 339  447
338 1550  448
1550 1551  448
1551 1552  448
1552 1553  448
1553 1554  448
1554 340  448
341 340  449
93 1555  450
1555 1556  450
1556 1557  450
1557 1558  450
1558 1559  450
1559 341  450
92 1560  451
1560 1561  451
1561 1562  451
1562 1563  451
1563 342  451
342 341  452
91 1564  453
1564 1565  453
1565 1566  453
1566 1567  453
1567 1568  453
1568 1569  453
1569 343  453
343 342  454
344 343  455
345 1570  456
1570 1571  456
1571 1572  456
1572 1573  456
1573 1574  456
1574 344  456
345 1575  457
1575 91  457
346 1576  458
1576 1577  458
1577 1578  458
1578 1579  458
1579 1580  458
1580 1581  458
1581 1582  458
1582 1583  458
1583 220  458
346 345  459
346 1584  460
1584 339  460
338 1585  461
1585 345  461
340 344  462
88 1586  463
1586 347  463
348 347  464
221 1587  465
1587 1588  465
1588 1589  465
1589 1590  465
1590 1591  465
1591 1592  465
1592 1593  465
1593 1594  465
1594 348  465
347 1595  466
1595 1596  466
1596 1597  466
1597 1598  466
1598 1599  466
1599 349  466
350 349  467
88 1600  468
1600 1601  468
1601 1602  468
1602 1603  468
1603 1604  468
1604 350  468
87 1605  469
1605 1606  469
1606 1607  469
1607 1608  469
1608 351  469
351 350  470
86 1609  471
1609 1610  471
1610 1611  471
1611 1612  471
1612 1613  471
1613 1614  471
1614 352  471
352 351  472
353 352  473
354 1615  474
1615 1616  474
1616 1617  474
1617 1618  474
1618 1619  474
1619 353  474
354 1620  475
1620 86  475
355 1621  476
1621 1622  476
1622 1623  476
1623 1624  476
1624 1625  476
1625 1626  476
1626 1627  476
1627 1628  476
1628 222  476
355 354  477
355 348  478
347 354  479
349 353  480
83 1629  481
1629 356  481
357 356  482
223 1630  483
1630 1631  483
1631 1632  483
1632 1633  483
1633 1634  483
1634 1635  483
1635 1636  483
1636 1637  483
1637 357  483
356 1638  484
1638 1639  484
1639 1640  484
1640 1641  484
1641 1642  484
1642 358  484
359 358  485
83 1643  486
1643 1644  486
1644 1645  486
1645 1646  486
1646 1647  486
1647 359  486
82 1648  487
1648 1649  487
1649 1650  487
1650 1651  487
1651 360  487
360 359  488
81 1652  489
1652 1653  489
1653 1654  489
1654 1655  489
1655 1656  489
1656 1657  489
1657 361  489
361 360  490
362 361  491
363 1658  492
1658 1659  492
1659 1660  492
1660 1661  492
1661 1662  492
1662 362  492
363 1663  493
1663 81  493
364 1664  494
1664 1665  494
1665 1666  494
1666 1667  494
1667 1668  494
1668 1669  494
1669 1670  494
1670 1671  494
1671 224  494
364 363  495
364 1672  496
1672 357  496
356 1673  497
1673 363  497
358 362  498
78 1674  499
1674 365  499
366 365  500
225 1675  501
1675 1676  501
1676 1677  501
1677 1678  501
1678 1679  501
1679 1680  501
1680 1681  501
1681 1682  501
1682 366  501
365 1683  502
1683 1684  502
1684 1685  502
1685 1686  502
1686 1687  502
1687 367  502
368 367  503
78 1688  504
1688 1689  504
1689 1690  504
1690 1691  504
1691 1692  504
1692 368  504
77 1693  505
1693 1694  505
1694 1695  505
1695 1696  505
1696 369  505
369 368  506
76 1697  507
1697 1698  507
1698 1699  507
1699 1700  507
1700 1701  507
1701 1702  507
1702 370  507
370 369  508
371 370  509
372 1703  510
1703 1704  510
1704 1705  510
1705 1706  510
1706 1707  510
1707 371  510
372 1708  511
1708 76  511
373 1709  512
1709 1710  512
1710 1711  512
1711 1712  512
1712 1713  512
1713 1714  512
1714 1715  512
1715 1716  512
1716 226  512
373 372  513
373 1717  514
1717 366  514
365 1718  515
1718 372  515
367 371  516
73 1719  517
1719 374  517
375 374  518
227 1720  519
1720 1721  519
1721 1722  519
1722 1723  519
1723 1724  519
1724 1725  519
1725 1726  519
1726 1727  519
1727 375  519
374 1728  520
1728 1729  520
1729 1730  520
1730 1731  520
1731 1732  520
1732 376  520
377 376  521
73 1733  522
1733 1734  522
1734 1735  522
1735 1736  522
1736 1737  522
1737 377  522
72 1738  523
1738 1739  523
1739 1740  523
1740 1741  523
1741 378  523
378 377  524
71 1742  525
1742 1743  525
1743 1744  525
1744 1745  525
1745 1746  525
1746 1747  525
1747 379  525
379 378  526
380 379  527
381 1748  528
1748 1749  528
1749 1750  528
1750 1751  528
1751 1752  528
1752 380  528
381 1753  529
1753 71  529
382 1754  530
1754 1755  530
1755 1756  530
1756 1757  530
1757 1758  530
1758 1759  530
1759 1760  530
1760 1761  530
1761 228  530
382 381  531
382 1762  532
1762 375  532
374 1763  533
1763 381  533
376 380  534
68 1764  535
1764 383  535
384 383  536
229 1765  537
1765 1766  537
1766 1767  537
1767 1768  537
1768 1769  537
1769 1770  537
1770 1771  537
1771 1772  537
1772 384  537
383 1773  538
1773 1774  538
1774 1775  538
1775 1776  538
1776 1777  538
1777 385  538
386 385  539
68 1778  540
1778 1779  540
1779 1780  540
1780 1781  540
1781 1782  540
1782 386  540
67 1783  541
1783 1784  541
1784 1785  541
1785 1786  541
1786 387  541
387 386  542
66 1787  543
1787 1788  543
1788 1789  543
1789 1790  543
1790 1791  543
1791 1792  543
1792 388  543
388 387  544
389 388  545
390 1793  546
1793 1794  546
1794 1795  546
1795 1796  546
1796 1797  546
1797 389  546
390 1798  547
1798 66  547
391 1799  548
1799 1800  548
1800 1801  548
1801 1802  548
1802 1803  548
1803 1804  548
1804 1805  548
1805 1806  548
1806 230  548
391 390  549
391 384  550
383 390  551
385 389  552
63 1807  553
1807 392  553
393 392  554
231 1808  555
1808 1809  555
1809 1810  555
1810 1811  555
1811 1812  555
1812 1813  555
1813 1814  555
1814 1815  555
1815 393  555
392 1816  556
1816 1817  556
1817 1818  556
1818 1819  556
1819 1820  556
1820 394  556
395 394  557
63 1821  558
1821 1822  558
1822 1823  558
1823 1824  558
1824 1825  558
1825 395  558
62 1826  559
1826 1827  559
1827 1828  559
1828 1829  559
1829 396  559
396 395  560
61 1830  561
1830 1831  561
1831 1832  561
1832 1833  561
1833 1834  561
1834 1835  561
1835 397  561
397 396  562
398 397  563
399 1836  564
1836 1837  564
1837 1838  564
1838 1839  564
1839 1840  564
1840 398  564
399 1841  565
1841 61  565
400 1842  566
1842 1843  566
1843 1844  566
1844 1845  566
1845 1846  566
1846 1847  566
1847 1848  566
1848 1849  566
1849 232  566
400 399  567
400 1850  568
1850 393  568
392 1851  569
1851 399  569
394 398  570
58 1852  571
1852 401  571
402 401  572
233 1853  573
1853 1854  573
1854 1855  573
1855 1856  573
1856 1857  573
1857 1858  573
1858 1859  573
1859 1860  573
1860 402  573
401 1861  574
1861 1862  574
1862 1863  574
1863 1864  574
1864 1865  574
1865 403  574
404 403  575
58 1866  576
1866 1867  576
1867 1868  576
1868 1869  576
1869 1870  576
1870 404  576
57 1871  577
1871 1872  577
1872 1873  577
1873 1874  577
1874 405  577
405 404  578
56 1875  579
1875 1876  579
1876 1877  579
1877 1878  579
1878 1879  579
1879 1880  579
1880 406  579
406 405  580
407 406  581
408 1881  582
1881 1882  582
1882 1883  582
1883 1884  582
1884 1885  582
1885 407  582
408 1886  583
1886 56  583
409 1887  584
1887 1888  584
1888 1889  584
1889 1890  584
1890 1891  584
1891 1892  584
1892 1893  584
1893 1894  584
1894 234  584
409 408  585
409 1895  586
1895 402  586
401 1896  587
1896 408  587
403 407  588
53 1897  589
1897 410  589
411 410  590
235 1898  591
1898 1899  591
1899 1900  591
1900 1901  591
1901 1902  591
1902 1903  591
1903 1904  591
1904 1905  591
1905 411  591
410 1906  592
1906 1907  592
1907 1908  592
1908 1909  592
1909 1910  592
1910 412  592
413 412  593
53 1911  594
1911 1912  594
1912 1913  594
1913 1914  594
1914 1915  594
1915 413  594
52 1916  595
1916 1917  595
1917 1918  595
1918 1919  595
1919 414  595
414 413  596
51 1920  597
1920 1921  597
1921 1922  597
1922 1923  597
1923 1924  597
1924 1925  597
1925 415  597
415 414  598
416 415  599
417 1926  600
1926 1927  600
1927 1928  600
1928 1929  600
1929 1930  600
1930 416  600
417 1931  601
1931 51  601
418 1932  602
1932 1933  602
1933 1934  602
1934 1935  602
1935 1936  602
1936 1937  602
1937 1938  602
1938 1939  602
1939 236  602
418 417  603
418 1940  604
1940 411  604
410 1941  605
1941 417  605
412 416  606
48 1942  607
1942 419  607
420 419  608
237 1943  609
1943 1944  609
1944 1945  609
1945 1946  609
1946 1947  609
1947 1948  609
1948 1949  609
1949 1950  609
1950 420  609
419 1951  610
1951 1952  610
1952 1953  610
1953 1954  610
1954 1955  610
1955 421  610
422 421  611
48 1956  612
1956 1957  612
1957 1958  612
1958 1959  612
1959 1960  612
1960 422  612
47 1961  613
1961 1962  613
1962 1963  613
1963 1964  613
1964 423  613
423 422  614
46 1965  615
1965 1966  615
1966 1967  615
1967 1968  615
1968 1969  615
1969 1970  615
1970 424  615
424 423  616
425 424  617
426 1971  618
1971 1972  618
1972 1973  618
1973 1974  618
1974 1975  618
1975 425  618
426 1976  619
1976 46  619
427 1977  620
1977 1978  620
1978 1979  620
1979 1980  620
1980 1981  620
1981 1982  620
1982 1983  620
1983 1984  620
1984 238  620
427 426  621
427 1985  622
1985 420  622
419 1986  623
1986 426  623
421 425  624
43 1987  625
1987 428  625
429 428  626
239 1988  627
1988 1989  627
1989 1990  627
1990 1991  627
1991 1992  627
1992 1993  627
1993 1994  627
1994 1995  627
1995 429  627
428 1996  628
1996 1997  628
1997 1998  628
1998 1999  628
1999 2000  628
2000 430  628
431 430  629
43 2001  630
2001 2002  630
2002 2003  630
2003 2004  630
2004 2005  630
2005 431  630
42 2006  631
2006 2007  631
2007 2008  631
2008 2009  631
2009 432  631
432 431  632
41 2010  633
2010 2011  633
2011 2012  633
2012 2013  633
2013 2014  633
2014 2015  633
2015 433  633
433 432  634
434 433  635
435 2016  636
2016 2017  636
2017 2018  636
2018 2019  636
2019 2020  636
2020 434  636
435 2021  637
2021 41  637
436 2022  638
2022 2023  638
2023 2024  638
2024 2025  638
2025 2026  638
2026 2027  638
2027 2028  638
2028 2029  638
2029 240  638
436 435  639
436 429  640
428 435  641
430 434  642
38 2030  643
2030 437  643
438 437  644
241 2031  645
2031 2032  645
2032 2033  645
2033 2034  645
2034 2035  645
2035 2036  645
2036 2037  645
2037 2038  645
2038 438  645
437 2039  646
2039 2040  646
2040 2041  646
2041 2042  646
2042 2043  646
2043 439  646
440 439  647
38 2044  648
2044 2045  648
2045 2046  648
2046 2047  648
2047 2048  648
2048 440  648
37 2049  649
2049 2050  649
2050 2051  649
2051 2052  649
2052 441  649
441 440  650
36 2053  651
2053 2054  651
2054 2055  651
2055 2056  651
2056 2057  651
2057 2058  651
2058 442  651
442 441  652
443 442  653
444 2059  654
2059 2060  654
2060 2061  654
2061 2062  654
2062 2063  654
2063 443  654
444 2064  655
2064 36  655
445 2065  656
2065 2066  656
2066 2067  656
2067 2068  656
2068 2069  656
2069 2070  656
2070 2071  656
2071 2072  656
2072 242  656
445 444  657
445 438  658
437 444  659
439 443  660
33 2073  661
2073 446  661
447 446  662
243 2074  663
2074 2075  663
2075 2076  663
2076 2077  663
2077 2078  663
2078 2079  663
2079 2080  663
2080 2081  663
2081 447  663
446 2082  664
2082 2083  664
2083 2084  664
2084 2085  664
2085 2086  664
2086 448  664
449 448  665
33 2087  666
2087 2088  666
2088 2089  666
2089 2090  666
2090 2091  666
2091 449  666
32 2092  667
2092 2093  667
2093 2094  667
2094 2095  667
2095 450  667
450 449  668
31 2096  669
2096 2097  669
2097 2098  669
2098 2099  669
2099 2100  669
2100 2101  669
2101 451  669
451 450  670
452 451  671
453 2102  672
2102 2103  672
2103 2104  672
2104 2105  672
2105 2106  672
2106 452  672
453 2107  673
2107 31  673
454 2108  674
2108 2109  674
2109 2110  674
2110 2111  674
2111 2112  674
2112 2113  674
2113 2114  674
2114 2115  674
2115 244  674
454 453  675
454 2116  676
2116 447  676
446 2117  677
2117 453  677
448 452  678
28 2118  679
2118 455  679
456 455  680
245 2119  681
2119 2120  681
2120 2121  681
2121 2122  681
2122 2123  681
2123 2124  681
2124 2125  681
2125 2126  681
2126 456  681
455 2127  682
2127 2128  682
2128 2129  682
2129 2130  682
2130 2131  682
2131 457  682
458 457  683
28 2132  684
2132 2133  684
2133 2134  684
2134 2135  684
2135 2136  684
2136 458  684
27 2137  685
2137 2138  685
2138 2139  685
2139 2140  685
2140 459  685
459 458  686
26 2141  687
2141 2142  687
2142 2143  687
2143 2144  687
2144 2145  687
2145 2146  687
2146 460  687
460 459  688
461 460  689
462 2147  690
2147 2148  690
2148 2149  690
2149 2150  690
2150 2151  690
2151 461  690
462 2152  691
2152 26  691
463 2153  692
2153 2154  692
2154 2155  692
2155 2156  692
2156 2157  692
2157 2158  692
2158 2159  692
2159 2160  692
2160 246  692
463 462  693
463 456  694
455 462  695
457 461  696
23 2161  697
2161 464  697
465 464  698
247 2162  699
2162 2163  699
2163 2164  699
2164 2165  699
2165 2166  699
2166 2167  699
2167 2168  699
2168 2169  699
2169 465  699
464 2170  700
2170 2171  700
2171 2172  700
2172 2173  700
2173 2174  700
2174 466  700
467 466  701
23 2175  702
2175 2176  702
2176 2177  702
2177 2178  702
2178 2179  702
2179 467  702
22 2180  703
2180 2181  703
2181 2182  703
2182 2183  703
2183 468  703
468 467  704
21 2184  705
2184 2185  705
2185 2186  705
2186 2187  705
2187 2188  705
2188 2189  705
2189 469  705
469 468  706
470 469  707
471 2190  708
2190 2191  708
2191 2192  708
2192 2193  708
2193 2194  708
2194 470  708
471 2195  709
2195 21  709
472 2196  710
2196 2197  710
2197 2198  710
2198 2199  710
2199 2200  710
2200 2201  710
2201 2202  710
2202 2203  710
2203 248  710
472 471  711
472 2204  712
2204 465  712
464 2205  713
2205 471  713
466 470  714
18 2206  715
2206 473  715
474 473  716
249 2207  717
2207 2208  717
2208 2209  717
2209 2210  717
2210 2211  717
2211 2212  717
2212 2213  717
2213 2214  717
2214 474  717
473 2215  718
2215 2216  718
2216 2217  718
2217 2218  718
2218 2219  718
2219 475  718
476 475  719
18 2220  720
2220 2221  720
2221 2222  720
2222 2223  720
2223 2224  720
2224 476  720
17 2225  721
2225 2226  721
2226 2227  721
2227 2228  721
2228 477  721
477 476  722
16 2229  723
2229 2230  723
2230 2231  723
2231 2232  723
2232 2233  723
2233 2234  723
2234 478  723
478 477  724
479 478  725
480 2235  726
2235 2236  726
2236 2237  726
2237 2238  726
2238 2239  726
2239 479  726
480 2240  727
2240 16  727
481 2241  728
2241 2242  728
2242 2243  728
2243 2244  728
2244 2245  728
2245 2246  728
2246 2247  728
2247 2248  728
2248 250  728
481 480  729
481 2249  730
2249 474  730
473 2250  731
2250 480  731
475 479  732
13 2251  733
2251 204  733
482 205  734
13 2252  735
2252 2253  735
2253 2254  735
2254 2255  735
2255 2256  735
2256 482  735
12 2257  736
2257 2258  736
2258 2259  736
2259 2260  736
2260 483  736
483 482  737
202 483  738
8 2261  739
2261 484  739
485 484  740
251 2262  741
2262 2263  741
2263 2264  741
2264 2265  741
2265 2266  741
2266 2267  741
2267 2268  741
2268 2269  741
2269 485  741
484 2270  742
2270 2271  742
2271 2272  742
2272 2273  742
2273 2274  742
2274 486  742
487 486  743
8 2275  744
2275 2276  744
2276 2277  744
2277 2278  744
2278 2279  744
2279 487  744
7 2280  745
2280 2281  745
2281 2282  745
2282 2283  745
2283 488  745
488 487  746
6 2284  747
2284 2285  747
2285 2286  747
2286 2287  747
2287 2288  747
2288 2289  747
2289 489  747
489 488  748
490 489  749
491 2290  750
2290 2291  750
2291 2292  750
2292 2293  750
2293 2294  750
2294 490  750
491 2295  751
2295 6  751
492 2296  752
2296 2297  752
2297 2298  752
2298 2299  752
2299 2300  752
2300 2301  752
2301 2302  752
2302 2303  752
2303 252  752
492 491  753
492 485  754
484 491  755
486 490  756
254 2304  757
2304 2305  757
2305 2306  757
2306 2307  757
2307 2308  757
2308 2309  757
2309 2310  757
2310 2311  757
2311 2312  757
2312 2313  757
2313 2314  757
2314 2315  757
2315 2316  757
2316 256  757
253 2317  758
2317 2318  758
2318 2319  758
2319 2320  758
2320 2321  758
2321 2322  758
2322 2323  758
2323 2324  758
2324 2325  758
2325 2326  758
2326 2327  758
2327 2328  758
2328 2329  758
2329 255  758
122 2330  759
2330 2331  759
2331 2332  759
2332 493  759
258 2333  760
2333 2334  760
2334 493  760
257 2335  761
2335 121  761
137 2336  762
2336 2337  762
2337 2338  762
2338 494  762
494 2339  763
2339 495  763
495 2340  764
2340 2341  764
2341 2342  764
2342 136  764
133 2343  765
2343 2344  765
2344 2345  765
2345 496  765
496 2346  766
2346 497  766
497 2347  767
2347 2348  767
2348 2349  767
2349 132  767
498 2350  768
2350 493  768
498 2351  769
2351 2352  769
2352 2353  769
2353 144  769
125 2354  770
2354 2355  770
2355 2356  770
2356 499  770
500 2357  771
2357 499  771
500 2358  772
2358 2359  772
2359 2360  772
2360 124  772
141 2361  773
2361 2362  773
2362 2363  773
2363 501  773
502 2364  774
2364 2365  774
2365 501  774
503 2366  775
2366 502  775
504 2367  776
2367 503  776
505 2368  777
2368 504  777
505 2369  778
2369 2370  778
2370 506  778
506 2371  779
2371 2372  779
2372 2373  779
2373 140  779
507 2374  780
2374 508  780
509 2375  781
2375 2376  781
2376 507  781
509 2377  782
2377 2378  782
2378 2379  782
2379 128  782
129 2380  783
2380 2381  783
2381 2382  783
2382 510  783
510 2383  784
2383 2384  784
2384 511  784
512 2385  785
2385 511  785
508 2386  786
2386 512  786
272 2387  787
2387 2388  787
2388 2389  787
2389 2390  787
2390 135  787
271 2391  788
2391 2392  788
2392 495  788
273 2393  789
2393 2394  789
2394 134  789
274 2395  790
2395 2396  790
2396 496  790
270 2397  791
2397 2398  791
2398 2399  791
2399 494  791
267 2400  792
2400 270  792
267 2401  793
2401 2402  793
2402 2403  793
2403 506  793
505 2404  794
2404 513  794
513 2405  795
2405 2406  795
2406 2407  795
2407 2408  795
2408 2409  795
2409 2410  795
2410 2411  795
2411 2412  795
2412 2413  795
2413 2414  795
2414 2415  795
2415 2416  795
2416 2417  795
2417 2418  795
2418 2419  795
2419 2420  795
2420 514  795
511 2421  796
2421 514  796
278 2422  797
2422 2423  797
2423 2424  797
2424 510  797
275 2425  798
2425 278  798
275 2426  799
2426 2427  799
2427 2428  799
2428 497  799
271 2429  800
2429 2430  800
2430 2431  800
2431 274  800
279 2432  801
2432 515  801
516 2433  802
2433 2434  802
2434 2435  802
2435 2436  802
2436 2437  802
2437 2438  802
2438 2439  802
2439 2440  802
2440 2441  802
2441 2442  802
2442 2443  802
2443 2444  802
2444 2445  802
2445 2446  802
2446 2447  802
2447 515  802
516 2448  803
2448 266  803
265 2449  804
2449 2450  804
2450 504  804
517 2451  805
2451 513  805
517 518  806
519 2452  807
2452 2453  807
2453 2454  807
2454 2455  807
2455 2456  807
2456 2457  807
2457 2458  807
2458 2459  807
2459 518  807
516 519  808
264 2460  809
2460 2461  809
2461 503  809
263 2462  810
2462 520  810
520 521  811
521 2463  812
2463 2464  812
2464 2465  812
2465 2466  812
2466 2467  812
2467 2468  812
2468 2469  812
2469 2470  812
2470 522  812
523 522  813
524 2471  814
2471 523  814
502 2472  815
2472 524  815
259 2473  816
2473 262  816
520 2474  817
2474 2475  817
2475 2476  817
2476 2477  817
2477 2478  817
2478 2479  817
2479 2480  817
2480 2481  817
2481 2482  817
2482 2483  817
2483 2484  817
2484 2485  817
2485 2486  817
2486 2487  817
2487 2488  817
2488 525  817
525 2489  818
2489 282  818
283 2490  819
2490 286  819
287 2491  820
2491 2492  820
2492 2493  820
2493 258  820
287 2494  821
2494 2495  821
2495 500  821
286 2496  822
2496 2497  822
2497 2498  822
2498 499  822
283 2499  823
2499 2500  823
2500 2501  823
2501 509  823
507 2502  824
2502 526  824
524 2503  825
2503 2504  825
2504 2505  825
2505 2506  825
2506 2507  825
2507 2508  825
2508 2509  825
2509 2510  825
2510 2511  825
2511 2512  825
2512 2513  825
2513 2514  825
2514 2515  825
2515 2516  825
2516 2517  825
2517 2518  825
2518 526  825
262 2519  826
2519 2520  826
2520 2521  826
2521 501  826
259 2522  827
2522 2523  827
2523 2524  827
2524 498  827
260 2525  828
2525 2526  828
2526 2527  828
2527 143  828
261 2528  829
2528 2529  829
2529 2530  829
2530 2531  829
2531 142  829
527 2532  830
2532 526  830
523 2533  831
2533 2534  831
2534 2535  831
2535 2536  831
2536 2537  831
2537 2538  831
2538 2539  831
2539 2540  831
2540 2541  831
2541 2542  831
2542 2543  831
2543 2544  831
2544 2545  831
2545 2546  831
2546 2547  831
2547 527  831
528 529  832
530 2548  833
2548 528  833
531 530  834
532 531  835
533 532  836
527 533  837
534 522  838
529 534  839
517 2549  840
2549 2550  840
2550 2551  840
2551 2552  840
2552 2553  840
2553 2554  840
2554 2555  840
2555 2556  840
2556 2557  840
2557 2558  840
2558 2559  840
2559 2560  840
2560 2561  840
2561 2562  840
2562 2563  840
2563 535  840
535 536  841
537 536  842
538 537  843
539 538  844
540 2564  845
2564 539  845
541 540  846
542 541  847
518 542  848
543 2565  849
2565 2566  849
2566 2567  849
2567 2568  849
2568 529  849
544 543  850
544 2569  851
2569 2570  851
2570 2571  851
2571 2572  851
2572 528  851
545 2573  852
2573 2574  852
2574 2575  852
2575 2576  852
2576 2577  852
2577 2578  852
2578 2579  852
2579 2580  852
2580 534  852
543 545  853
545 521  854
525 546  855
546 547  856
547 548  857
548 549  858
549 2581  859
2581 544  859
519 550  860
550 551  861
551 552  862
552 2582  863
2582 553  863
553 554  864
554 555  865
555 556  866
515 556  867
281 2583  868
2583 2584  868
2584 508  868
546 2585  869
2585 2586  869
2586 2587  869
2587 2588  869
2588 2589  869
2589 2590  869
2590 2591  869
2591 2592  869
2592 533  869
280 2593  870
2593 2594  870
2594 512  870
556 2595  871
2595 2596  871
2596 2597  871
2597 2598  871
2598 2599  871
2599 2600  871
2600 2601  871
2601 2602  871
2602 536  871
514 2603  872
2603 535  872
555 2604  873
2604 2605  873
2605 2606  873
2606 2607  873
2607 2608  873
2608 2609  873
2609 2610  873
2610 2611  873
2611 537  873
554 2612  874
2612 2613  874
2613 2614  874
2614 2615  874
2615 538  874
553 2616  875
2616 2617  875
2617 2618  875
2618 2619  875
2619 539  875
552 2620  876
2620 2621  876
2621 2622  876
2622 2623  876
2623 540  876
551 2624  877
2624 2625  877
2625 2626  877
2626 2627  877
2627 541  877
550 2628  878
2628 2629  878
2629 2630  878
2630 2631  878
2631 2632  878
2632 2633  878
2633 2634  878
2634 2635  878
2635 542  878
547 2636  879
2636 2637  879
2637 2638  879
2638 2639  879
2639 2640  879
2640 2641  879
2641 2642  879
2642 2643  879
2643 532  879
548 2644  880
2644 2645  880
2645 2646  880
2646 2647  880
2647 531  880
549 2648  881
2648 2649  881
2649 2650  881
2650 2651  881
2651 530  881
284 2652  882
2652 2653  882
2653 2654  882
2654 2655  882
2655 127  882
285 2656  883
2656 126  883
288 2657  884
2657 2658  884
2658 2659  884
2659 2660  884
2660 123  884
276 2661  885
2661 2662  885
2662 2663  885
2663 2664  885
2664 131  885
277 2665  886
2665 2666  886
2666 2667  886
2667 2668  886
2668 130  886
268 2669  887
2669 2670  887
2670 2671  887
2671 2672  887
2672 139  887
269 2673  888
2673 138  888
End
