MeshVersionFormatted 1

Dimension
3

Vertices
2097
152.40000000000001  -266.69999999999999  -127  0
-152.40000000000001  -266.69999999999999  -127  0
-152.40000000000001  -12.699999999999999  -127  0
152.40000000000001  -12.699999999999999  -127  0
-3.5415951441686802  -74.551823530400199  0  0
-7.68529924725184  -69.740148530351703  -6.3499999999999996  0
-18.404665833284302  -87.351558965208696  0  0
-26.706085391158599  -86.120413113387499  -6.3499999999999996  0
21.836510577251801  -70.213308511969601  0  0
21.9742705755733  -63.864803004146403  -6.3499999999999996  0
9.3027971600452304  -69.9413320070759  0  0
9.4405571583666905  -63.592826499252702  -6.3499999999999996  0
96.649214966861607  -123.900805385146  -11.870896991407699  0
79.371481159664796  -120.140154876146  1.66288810456585e-14  0
54.253059894374601  -85.301185028313299  0  0
59.021755509427997  -81.108090451396194  -6.3499999999999996  0
63.790451124481301  -76.914995874479203  0  0
97.768920214558705  -108.75714432929  1.2460139827015301e-12  0
22.112030573894799  -57.516297496323098  0  0
9.5783171566881506  -57.244320991429397  0  0
-11.829003350335  -64.928473530303194  0  0
-35.0091550810642  -84.890688317408305  0  0
-105.18431854128001  -179.22631464421599  0  0
-105.18431854128001  -100.17368535578299  0  0
-105.18431854128001  -139.69999999999999  -39.526314644216498  0
-152.40000000000001  -266.69999999999999  0  0
152.40000000000001  -266.69999999999999  0  0
-152.40000000000001  -12.699999999999999  0  0
152.40000000000001  -12.699999999999999  0  0
-104.786908797919  -179.92495244357301  0  0
-104.786908797919  -139.69999999999999  -40.224952443572597  0
-104.786908797919  -99.475047556427398  0  0
-17.812448874247799  -92.566543131577603  3.2913136081532699e-13  0
-37.697617474188498  -85.599400012155797  -6.62519384907167e-15  0
76.877786789757295  -125.17094304768899  1.2081251346866599e-13  0
103.074306993867  -106.946969422286  1.9741454189100801e-12  0
112.55705778866  -82.086006943352601  0  0
113.36985778866  -82.898806943352596  0  0
113.36985778866  -139.69999999999999  -56.801193056647399  0
112.55705778866  -139.69999999999999  -57.613993056647402  0
113.36985778866  -196.501193056647  0  0
111.985523195759  -82.320886491112404  0  0
112.55705778866  -197.31399305664701  0  0
111.985523195759  -197.07911350888801  0  0
111.985523195759  -139.69999999999999  -57.379113508887599  0
121.91999999999999  -266.69999999999999  -127  0
91.439999999999998  -266.69999999999999  -127  0
60.960000000000008  -266.69999999999999  -127  0
30.47999999999999  -266.69999999999999  -127  0
0  -266.69999999999999  -127  0
-30.47999999999999  -266.69999999999999  -127  0
-60.959999999999994  -266.69999999999999  -127  0
-91.439999999999998  -266.69999999999999  -127  0
-121.92  -266.69999999999999  -127  0
-152.40000000000001  -40.922222222222217  -127  0
-152.40000000000001  -69.144444444444417  -127  0
-152.40000000000001  -97.366666666666646  -127  0
-152.40000000000001  -125.58888888888887  -127  0
-152.40000000000001  -153.8111111111111  -127  0
-152.40000000000001  -182.0333333333333  -127  0
-152.40000000000001  -210.25555555555553  -127  0
-152.40000000000001  -238.47777777777776  -127  0
-121.91999999999999  -12.699999999999999  -127  0
-91.439999999999998  -12.699999999999999  -127  0
-60.960000000000008  -12.699999999999999  -127  0
-30.47999999999999  -12.699999999999999  -127  0
0  -12.699999999999999  -127  0
30.47999999999999  -12.699999999999999  -127  0
60.959999999999994  -12.699999999999999  -127  0
91.439999999999998  -12.699999999999999  -127  0
121.92  -12.699999999999999  -127  0
152.40000000000001  -238.47777777777776  -127  0
152.40000000000001  -210.25555555555553  -127  0
152.40000000000001  -182.03333333333333  -127  0
152.40000000000001  -153.8111111111111  -127  0
152.40000000000001  -125.58888888888887  -127  0
152.40000000000001  -97.36666666666666  -127  0
152.40000000000001  -69.144444444444446  -127  0
152.40000000000001  -40.922222222222217  -127  0
-3.6045473203470424  -74.478723375374472  -1.1026659281850073  0
-3.7914910788642997  -74.261644021517313  -2.171827910117996  0
-4.0967462282160083  -73.907181315148193  -3.1749999999999989  0
-4.5110377451556758  -73.426105426233363  -4.0817013215095246  0
-5.0217775915827101  -72.833033602221349  -4.8643822138055093  0
-5.613447195710263  -72.145986030375951  -5.4992613140311857  0
-6.2680689760161803  -71.385838303504826  -5.9670481419905173  0
-6.9657525809604746  -70.575687125635653  -6.2535292316275202  0
-6.5142092819918096  -77.111770617361898  0  0
-9.4868234198149306  -79.671717704323598  0  0
-12.459437557638052  -82.231664791285297  0  0
-15.432051695461173  -84.791611878246997  0  0
-18.574324372755846  -87.326248603391946  -1.2774840240655081  0
-19.058222277418029  -87.254095572980077  -2.4705945584125519  0
-19.797772026848445  -87.143934198669598  -3.5221530369743177  0
-20.727715020310864  -87.005613597580066  -4.4067848202145301  0
-21.793030714443351  -86.847434896401822  -5.1193449778344169  0
-22.951588365550268  -86.675713073807827  -5.6640119944899512  0
-24.172096068720261  -86.495059298564868  -6.0468488359187038  0
-25.430153976131358  -86.309016552494072  -6.2744229510552136  0
-10.855430271236301  -72.470192627524327  -6.3499999999999996  0
-14.02556129522076  -75.200236724696964  -6.3499999999999996  0
-17.195692319205214  -77.930280821869601  -6.3499999999999996  0
-20.365823343189675  -80.660324919042239  -6.3499999999999996  0
-23.535954367174131  -83.390369016214876  -6.3499999999999996  0
21.838603461171374  -70.116860448291476  -1.1026659281850073  0
21.844818521711144  -69.83044678286663  -2.171827910117996  0
21.854966917401612  -69.362770049986793  -3.1749999999999989  0
21.868740294375062  -68.728040370524653  -4.0817013215095246  0
21.885720155541826  -67.945543684601958  -4.8643822138055093  0
21.905390576412568  -67.039055758058041  -5.4992613140311857  0
21.927153881202848  -66.036119767835913  -5.9670481419905173  0
21.950348802909378  -64.967209416488387  -6.2535292316275202  0
18.703082222950158  -70.145314385746175  0  0
15.569653868648514  -70.077320259522736  0  0
12.436225514346871  -70.009326133299311  0  0
9.3048900439647646  -69.844883943397775  -1.1026659281850073  0
9.3111051045045325  -69.55847027797293  -2.171827910117996  0
9.3212535001950023  -69.090793545093092  -3.1749999999999989  0
9.3350268771684544  -68.456063865630952  -4.0817013215095246  0
9.3520067383352163  -67.673567179708257  -4.8643822138055093  0
9.3716771592059587  -66.76707925316434  -5.4992613140311857  0
9.3934404639962406  -65.764143262942213  -5.9670481419905173  0
9.4166353857027687  -64.695232911594687  -6.2535292316275202  0
18.840842221271647  -63.79680887792297  -6.3499999999999996  0
15.707413866969993  -63.728814751699545  -6.3499999999999996  0
12.57398551266834  -63.660820625476113  -6.3499999999999996  0
95.744913896799304  -125.20359119700234  -11.80789226193412  0
94.323321528629506  -125.81794097124343  -11.472632468046271  0
92.794538219185398  -125.8246333620811  -11.002238145189366  0
91.308026449328466  -125.53262888833619  -10.477535178477023  0
89.871578186088158  -125.09837689039099  -9.9110382638451959  0
88.47827769283775  -124.5917565999756  -9.2983005346991998  0
87.125506837929422  -124.03981593765046  -8.6358185949235811  0
85.814496427069642  -123.45773609604113  -7.917526586951233  0
84.548482890476279  -122.85939944050649  -7.1348610358703386  0
83.336110100476873  -122.25765053612699  -6.273979813330155  0
82.192879576844049  -121.66813458727025  -5.3159053970379144  0
81.147584384075827  -121.11307665886444  -4.2341165366305056  0
80.254358840733232  -120.62828106739353  -2.9952829071442948  0
79.613655540514614  -120.27486132134619  -1.5723976070737984  0
76.231678501503467  -115.78528364516696  0  0
73.09187584334218  -111.43041241418787  0  0
69.952073185180893  -107.07554118320878  0  0
66.812270527019621  -102.72066995222971  0  0
63.672467868858334  -98.365798721250627  0  0
60.532665210697047  -94.010927490271541  0  0
57.392862552535767  -89.656056259292455  0  0
58.193680206025704  -81.83621368346293  -6.2535292316275211  0
57.390765551690968  -82.54221325957144  -5.9670481419905181  0
56.637407701901331  -83.204637739854718  -5.4992613140311866  0
55.956497053705185  -83.803359691682289  -4.8643822138055102  0
55.368722732590555  -84.320187251515819  -4.0817013215095255  0
54.891943963876358  -84.739416875477119  -3.1750000000000025  0
54.540647429188269  -85.048310483582554  -2.1718279101179951  0
54.325507095968163  -85.237482499857549  -1.1026659281850075  0
91.945782534682735  -118.55171601842699  -11.180784867481728  0
87.242350102503494  -113.2026266517083  -10.490672743555768  0
82.538917670324238  -107.85353728498961  -9.8005606196298078  0
77.835485238144997  -102.50444791827093  -9.1104484957038494  0
73.132052805965742  -97.15535855155224  -8.4203363717778892  0
68.428620373786501  -91.806269184833553  -7.730224247851929  0
63.725187941607246  -86.457179818114867  -7.0401121239259687  0
63.718003922887831  -76.978698402934839  -1.1026659281850073  0
63.502863589667726  -77.167870419209834  -2.171827910117996  0
63.151567054979637  -77.476764027315269  -3.1749999999999989  0
62.674788286265439  -77.895993651276569  -4.0817013215095246  0
62.08701396515081  -78.412821211110099  -4.8643822138055093  0
61.406103316954663  -79.01154316293767  -5.4992613140311857  0
60.652745467165026  -79.673967643220934  -5.9670481419905173  0
59.849830812830291  -80.379967219329458  -6.2535292316275202  0
69.453529306160931  -82.222020616947603  0  0
75.116607487840525  -87.529045359416045  0  0
80.77968566952012  -92.836070101884488  0  0
86.442763851199715  -98.143094844352916  0  0
92.105842032879309  -103.45011958682136  0  0
97.780392057665438  -109.10488280020979  -2.3033920336333615  0
97.808107931332742  -110.06992922734482  -4.4258850264712439  0
97.83662586290346  -111.49084178888413  -6.2773947377520329  0
97.848299313213488  -113.22195410396762  -7.8451531426390622  0
97.825712139761237  -115.16240395336425  -9.1461269181277078  0
97.750792521462202  -117.24729627613355  -10.198616617589778  0
97.591913341905936  -119.43137081487578  -11.014053563870615  0
97.28139408760903  -121.67468726308373  -11.587300187861569  0
21.998192348237222  -62.762396591804425  -6.2535292316275211  0
22.021387269943752  -61.693486240456892  -5.9670481419905181  0
22.043150574734032  -60.690550250234764  -5.4992613140311866  0
22.062820995604774  -59.784062323690847  -4.8643822138055102  0
22.079800856771538  -59.001565637768159  -4.0817013215095255  0
22.093574233744988  -58.366835958306019  -3.1750000000000025  0
22.103722629435456  -57.899159225426175  -2.1718279101179951  0
22.109937689975226  -57.612745560001336  -1.1026659281850075  0
28.844780024826864  -58.061678871617474  0  0
35.466153317473868  -59.397632363683975  0  0
41.883650627802311  -61.505494855753042  0  0
48.007620255824065  -64.355819751025777  0  0
53.752511049543486  -67.908788338247206  0  0
59.038067544719993  -72.114766054526882  0  0
48.959034417572795  -80.200971881926421  0  0
42.896824074077834  -76.043029405312865  0  0
36.232232407819808  -72.941078759404974  0  0
29.147538299685262  -70.97995936432261  0  0
9.4644789310306123  -62.490420086910724  -6.2535292316275211  0
9.4876738527371405  -61.421509735563191  -5.9670481419905181  0
9.5094371575274224  -60.418573745341064  -5.4992613140311866  0
9.5291075783981647  -59.512085818797146  -4.8643822138055102  0
9.5460874395649267  -58.729589132874459  -4.0817013215095255  0
9.5598608165383787  -58.094859453412319  -3.1750000000000025  0
9.5700092122288485  -57.627182720532474  -2.1718279101179951  0
9.5762242727686164  -57.340769055107636  -1.1026659281850075  0
12.711745510989811  -57.312315117652808  0  0
15.845173865291475  -57.380309243876241  0  0
18.978602219593135  -57.448303370099666  0  0
-8.4048459135432232  -68.904609935067754  -6.2535292316275211  0
-9.1025295184875183  -68.094458757198581  -5.9670481419905181  0
-9.7571512987934366  -67.334311030327456  -5.4992613140311866  0
-10.348820902920988  -66.647263458482058  -4.8643822138055102  0
-10.859560749348024  -66.054191634470044  -4.0817013215095255  0
-11.27385226628769  -65.573115745555214  -3.1750000000000025  0
-11.579107415639399  -65.218653039186094  -2.1718279101179951  0
-11.766051174156658  -65.001573685328935  -1.1026659281850075  0
-7.1004869767605729  -61.557261082975671  0  0
-1.8370375532637038  -59.103683974656441  0  0
3.7852603470530966  -57.649824703519435  0  0
5.8269630742642065  -70.184634234329977  0  0
2.4535843340741277  -71.056949797012166  0  0
-0.70448532002399311  -72.529096062003703  0  0
-27.982122082303061  -85.931795280403591  -6.2746059305130713  0
-29.240326967978223  -85.745746724075559  -6.0471468568126774  0
-30.460845537080061  -85.565156482327154  -5.6638855981686911  0
-31.619543427286846  -85.393574628480692  -5.1192103139868754  0
-32.685009642657199  -85.235659481067714  -4.4066093119548189  0
-33.615284105215707  -85.097663698296884  -3.5221078900684266  0
-34.355173744129146  -84.98782905396871  -2.4706472863601761  0
-34.83944359110545  -84.915902073163267  -1.2775726371214549  0
-31.697704833817159  -82.038943347821871  0  0
-28.386254586570136  -79.187198378235422  0  0
-25.074804339323109  -76.335453408648974  0  0
-21.763354092076082  -73.483708439062539  0  0
-18.451903844829051  -70.631963469476091  0  0
-15.140453597582026  -67.780218499889642  0  0
-105.18431854128001  -175.06564994482477  0  0
-105.18431854128001  -170.90498524543358  0  0
-105.18431854128001  -166.74432054604236  0  0
-105.18431854128001  -162.58365584665114  0  0
-105.18431854128001  -158.42299114725995  0  0
-105.18431854128001  -154.26232644786873  0  0
-105.18431854128001  -150.10166174847751  0  0
-105.18431854128001  -145.94099704908632  0  0
-105.18431854128001  -141.7803323496951  0  0
-105.18431854128001  -137.61966765030388  0  0
-105.18431854128001  -133.45900295091266  0  0
-105.18431854128001  -129.29833825152147  0  0
-105.18431854128001  -125.13767355213025  0  0
-105.18431854128001  -120.97700885273905  0  0
-105.18431854128001  -116.81634415334783  0  0
-105.18431854128001  -112.65567945395662  0  0
-105.18431854128001  -108.4950147545654  0  0
-105.18431854128001  -104.3343500551742  0  0
-105.18431854128001  -179.00978535688893  -4.1316249283936992  0
-105.18431854128001  -178.36256983508986  -8.2179829094738022  0
-105.18431854128001  -177.29175910751465  -12.214302950074247  0
-105.18431854128001  -175.80908520057619  -16.076800531546461  0
-105.18431854128001  -173.93079259986837  -19.763157322108242  0
-105.18431854128001  -171.67746027218249  -23.232984825342466  0
-105.18431854128001  -169.07377619804083  -26.448266885015602  0
-105.18431854128001  -166.1482668850156  -29.373776198040833  0
-105.18431854128001  -162.93298482534246  -31.977460272182498  0
-105.18431854128001  -159.46315732210826  -34.230792599868352  0
-105.18431854128001  -155.77680053154646  -36.109085200576203  0
-105.18431854128001  -151.91430295007424  -37.591759107514655  0
-105.18431854128001  -147.91798290947381  -38.662569835089855  0
-105.18431854128001  -143.83162492839369  -39.309785356888931  0
-105.18431854128001  -135.56837507160631  -39.309785356888931  0
-105.18431854128001  -131.48201709052617  -38.662569835089855  0
-105.18431854128001  -127.48569704992575  -37.591759107514655  0
-105.18431854128001  -123.62319946845355  -36.109085200576203  0
-105.18431854128001  -119.93684267789173  -34.230792599868359  0
-105.18431854128001  -116.46701517465752  -31.977460272182505  0
-105.18431854128001  -113.2517331149844  -29.373776198040854  0
-105.18431854128001  -110.32622380195915  -26.448266885015599  0
-105.18431854128001  -107.72253972781749  -23.232984825342477  0
-105.18431854128001  -105.46920740013164  -19.763157322108267  0
-105.18431854128001  -103.59091479942379  -16.076800531546457  0
-105.18431854128001  -102.10824089248533  -12.214302950074261  0
-105.18431854128001  -101.03743016491013  -8.2179829094738341  0
-105.18431854128001  -100.39021464311105  -4.1316249283936957  0
-152.40000000000001  -266.69999999999999  -105.83333333333333  0
-152.40000000000001  -266.69999999999999  -84.666666666666657  0
-152.40000000000001  -266.69999999999999  -63.5  0
-152.40000000000001  -266.69999999999999  -42.333333333333329  0
-152.40000000000001  -266.69999999999999  -21.166666666666661  0
152.40000000000001  -266.69999999999999  -21.166666666666668  0
152.40000000000001  -266.69999999999999  -42.333333333333336  0
152.40000000000001  -266.69999999999999  -63.5  0
152.40000000000001  -266.69999999999999  -84.666666666666671  0
152.40000000000001  -266.69999999999999  -105.83333333333334  0
-121.92  -266.69999999999999  0  0
-91.439999999999998  -266.69999999999999  0  0
-60.960000000000008  -266.69999999999999  0  0
-30.480000000000004  -266.69999999999999  0  0
0  -266.69999999999999  0  0
30.47999999999999  -266.69999999999999  0  0
60.960000000000008  -266.69999999999999  0  0
91.439999999999998  -266.69999999999999  0  0
121.91999999999999  -266.69999999999999  0  0
-152.40000000000001  -40.922222222222224  0  0
-152.40000000000001  -69.144444444444446  0  0
-152.40000000000001  -97.366666666666674  0  0
-152.40000000000001  -125.58888888888889  0  0
-152.40000000000001  -153.8111111111111  0  0
-152.40000000000001  -182.03333333333333  0  0
-152.40000000000001  -210.25555555555556  0  0
-152.40000000000001  -238.47777777777776  0  0
-152.40000000000001  -12.699999999999999  -21.166666666666668  0
-152.40000000000001  -12.699999999999999  -42.333333333333336  0
-152.40000000000001  -12.699999999999999  -63.5  0
-152.40000000000001  -12.699999999999999  -84.666666666666671  0
-152.40000000000001  -12.699999999999999  -105.83333333333334  0
152.40000000000001  -12.699999999999999  -105.83333333333333  0
152.40000000000001  -12.699999999999999  -84.666666666666657  0
152.40000000000001  -12.699999999999999  -63.5  0
152.40000000000001  -12.699999999999999  -42.333333333333329  0
152.40000000000001  -12.699999999999999  -21.166666666666661  0
121.92  -12.699999999999999  0  0
91.439999999999998  -12.699999999999999  0  0
60.960000000000008  -12.699999999999999  0  0
30.480000000000004  -12.699999999999999  0  0
0  -12.699999999999999  0  0
-30.47999999999999  -12.699999999999999  0  0
-60.960000000000008  -12.699999999999999  0  0
-91.439999999999998  -12.699999999999999  0  0
-121.91999999999999  -12.699999999999999  0  0
152.40000000000001  -241.29999999999998  0  0
152.40000000000001  -215.89999999999998  0  0
152.40000000000001  -190.5  0  0
152.40000000000001  -165.09999999999999  0  0
152.40000000000001  -139.69999999999999  0  0
152.40000000000001  -114.3  0  0
152.40000000000001  -88.900000000000006  0  0
152.40000000000001  -63.5  0  0
152.40000000000001  -38.099999999999994  0  0
-104.786908797919  -179.80095233958826  -3.1560133944182676  0
-104.786908797919  -179.42971652951053  -6.2925689167790013  0
-104.786908797919  -178.813533805557  -9.3903286592762907  0
-104.786908797919  -177.95620313912238  -12.430193902987995  0
-104.786908797919  -176.86301025885658  -15.393422867828862  0
-104.786908797919  -175.54069506239  -18.261746261857024  0
-104.786908797919  -173.99741006262326  -21.017479917533979  0
-104.786908797919  -172.24267012477429  -23.643633820498049  0
-104.786908797919  -170.28729380407015  -26.12401685865267  0
-104.786908797919  -168.14333664575656  -28.443336645756567  0
-104.786908797919  -165.82401685865267  -30.587293804070132  0
-104.786908797919  -163.34363382049804  -32.542670124774297  0
-104.786908797919  -160.71747991753395  -34.297410062623293  0
-104.786908797919  -157.96174626185703  -35.840695062390012  0
-104.786908797919  -155.09342286782888  -37.16301025885658  0
-104.786908797919  -152.130193902988  -38.256203139122377  0
-104.786908797919  -149.09032865927628  -39.113533805557019  0
-104.786908797919  -145.99256891677899  -39.729716529510547  0
-104.786908797919  -142.85601339441828  -40.100952339588261  0
-104.90059812602132  -179.84333865753311  0  0
-104.99860185932734  -179.74343199281952  0  0
-105.07801448627754  -179.62819437709891  0  0
-105.13648166487123  -179.50104225394165  0  0
-105.17227002172039  -179.36574529569739  0  0
-104.90059812602162  -139.69999999999999  -40.143338657533363  0
-104.99860185932754  -139.69999999999999  -40.043431992819805  0
-105.07801448627765  -139.69999999999999  -39.92819437709921  0
-105.13648166487128  -139.69999999999999  -39.801042253942001  0
-105.17227002172041  -139.69999999999999  -39.665745295697825  0
-105.17227002172041  -100.0342547043017  0  0
-105.13648166487131  -99.898957746057576  0  0
-105.07801448627772  -99.771805622900388  0  0
-104.99860185932764  -99.656568007179828  0  0
-104.90059812602178  -99.556661342466271  0  0
-104.786908797919  -136.54398660558169  -40.100952339588261  0
-104.786908797919  -133.40743108322098  -39.729716529510554  0
-104.786908797919  -130.30967134072372  -39.113533805557019  0
-104.786908797919  -127.26980609701199  -38.256203139122384  0
-104.786908797919  -124.30657713217111  -37.163010258856588  0
-104.786908797919  -121.43825373814298  -35.840695062390019  0
-104.786908797919  -118.68252008246603  -34.297410062623293  0
-104.786908797919  -116.05636617950195  -32.542670124774304  0
-104.786908797919  -113.57598314134731  -30.587293804070139  0
-104.786908797919  -111.25666335424343  -28.443336645756574  0
-104.786908797919  -109.11270619592986  -26.124016858652698  0
-104.786908797919  -107.15732987522568  -23.643633820498064  0
-104.786908797919  -105.4025899373767  -21.017479917533976  0
-104.786908797919  -103.85930493760998  -18.261746261857034  0
-104.786908797919  -102.5369897411434  -15.393422867828891  0
-104.786908797919  -101.44379686087761  -12.430193902988011  0
-104.786908797919  -100.58646619444298  -9.3903286592762871  0
-104.786908797919  -99.970283470489449  -6.2925689167790164  0
-104.786908797919  -99.599047660411728  -3.1560133944183  0
-18.283696648710524  -92.262327809477569  -6.0388285523096893e-14  0
-18.694056377860484  -91.879932307636267  -5.7313399818070655e-14  0
-19.030720526091038  -91.431291383920339  -5.244973378991903e-14  0
-19.283181634312882  -90.930407349465369  -4.5949084926088728e-14  0
-19.443560263089953  -90.392913049432266  -3.801434177990377e-14  0
-19.506850913946906  -89.835583953968367  -2.889315171575012e-14  0
-19.471078253519288  -89.275814587262388  -1.8870191709030374e-14  0
-19.337358764711304  -88.731075635608093  -8.2582834331473838e-15  0
-19.109865900697212  -88.218368678410158  2.6113700638340163e-15  0
-18.795699829327663  -87.753695560254272  1.3399521374565546e-14  0
-35.476848920244969  -85.224796333213803  0  0
-35.997114781517936  -85.469109916600061  0  0
-36.552902333973151  -85.615622339175687  0  0
-37.125997117676988  -85.659532045671952  0  0
-37.519934721313682  -85.661324566767988  -1.6935291948746671  0
-37.001800240831059  -85.841920773147095  -3.3069773773669628  0
-36.182651976494277  -86.127496719231388  -4.7743159962575605  0
-35.114636092177044  -86.499947833182205  -6.0501255591947229  0
-33.851688615611252  -86.940549903695938  -7.1080221459012751  0
-32.443329487687954  -87.432118430262477  -7.9351590339229876  0
-30.932768931053978  -87.959670165559572  -8.5266338791541401  0
-29.357514166215438  -88.510212726846603  -8.8813785565244636  0
-27.751026836749261  -89.072163323611235  -8.9996097858030897  0
-26.144715083604137  -89.634643847988528  -8.8815389953331074  0
-24.569979218982521  -90.18674900944653  -8.5269385287174586  0
-23.06025694036364  -90.716806240872103  -7.9355711404270446  0
-21.653074109039139  -91.211627003076202  -7.1083768796346449  0
-20.391541240476894  -91.655944735508655  -6.0503551734643377  0
-19.324992723619481  -92.032145300502336  -4.7744204217318869  0
-18.507136846770798  -92.32097472330544  -3.307001823787123  0
-17.989910637902469  -92.503790833181085  -1.6935181198585167  0
79.663407304255657  -120.63355393686562  5.3511617568208366e-15  0
79.861848087064615  -121.1714059264807  -6.6664257879786351e-15  0
79.960333646985873  -121.73617499566008  -1.7091184411186503e-14  0
79.955653011533698  -122.3094477044702  -2.5583230650330426e-14  0
79.847958785736324  -122.87253336468953  -3.1865694202359893e-14  0
79.640762176680198  -123.40707342138349  -3.5733744860447234e-14  0
79.340818515922052  -123.89564000577678  -3.7061270692584509e-14  0
78.957907012137071  -124.3223041445134  -3.5804989730079983e-14  0
78.504511914834637  -124.67315509970214  -3.2005861110579664e-14  0
77.995415484315345  -124.93675390745219  -2.5787749667433172e-14  0
77.447216038467531  -125.10450632796194  -1.7353387504444874e-14  0
-13.395348046515595  -95.109566762126477  2.8445568536605054e-13  0
-9.184325276131478  -97.980918340089403  1.8263114765623537e-13  0
-5.2058747562015197  -101.16670484440145  7.313023633820741e-14  0
-1.4824409269148466  -104.64716375942866  5.2041265790753125e-15  0
1.9691105144060603  -108.39747464892733  0  0
5.1594652226577304  -112.37315620055061  0  0
8.3175019167703859  -116.37488316220312  0  0
11.804194136694415  -120.08837068127073  0  0
13.787148206028125  -121.68756987807063  0  0
15.973129115262088  -122.99336140576368  0  0
18.348064545694037  -123.9106655159996  0  0
20.832989657650774  -124.47184946585611  0  0
25.904780649518269  -124.95956434617243  0  0
30.999560407690385  -125.13735664682191  0  0
36.097218966450797  -125.19251367132507  0  0
41.195143345232182  -125.16275464893968  0  0
46.292649303176127  -125.08885961595003  0  0
51.390142269906065  -125.01403362196184  0  0
56.488056925196261  -124.98296128741299  0  0
61.585767271531623  -125.03541098422417  0  0
66.682679540584473  -125.14282506843847  2.9028922170623223e-15  0
71.78014901511213  -125.21614430913029  6.9190050232313715e-14  0
102.93267132019282  -107.5008032879103  2.968925907078548e-12  0
102.69401869504503  -108.02026217875687  2.8128954951563814e-12  0
102.36608573350397  -108.48850633248908  2.6699833961714707e-12  0
101.95950333097255  -108.89035626059817  2.5448225191457749e-12  0
101.48745203195499  -109.21278483542569  2.4414703159009873e-12  0
100.96523474458554  -109.44533960218396  2.3632772470226931e-12  0
100.40978065260208  -109.58048162550874  2.3127781669902105e-12  0
99.839096406892182  -109.61382988585338  2.2916101495372892e-12  0
99.27168238782545  -109.54430330290826  2.3004594171722474e-12  0
98.725932961916627  -109.37415578194579  2.3390390952906612e-12  0
98.219540175234442  -109.10890314696218  2.4060985120453709e-12  0
77.355555280111943  -125.32633653346097  -2.207674888575121  0
78.549645854351809  -125.70658977345681  -4.1052372958296317  0
80.126195377872733  -126.18881515056216  -5.6785557294776758  0
81.907527173785368  -126.70202256937883  -7.0068736896984927  0
83.812590082759641  -127.20610535861576  -8.1559138712876376  0
85.802338793695668  -127.67257368198726  -9.1698288523301734  0
87.857300137248558  -128.07383717375734  -10.075944905195994  0
89.968215860266142  -128.37340840561671  -10.887239473728387  0
92.129313902394145  -128.47433093142669  -11.60798629399692  0
94.298486697202677  -128.22906813237617  -12.259982597490783  0
96.360441808297722  -127.47830351458221  -12.860927642879128  0
98.118960245893092  -126.1573462043492  -13.434523947873634  0
99.509025891491902  -124.14727098163981  -13.845436040132686  0
100.45160323360756  -121.84910568047957  -13.845559323408402  0
101.12075045996055  -119.48538693559858  -13.462093061813945  0
101.62359412225679  -117.15818228763398  -12.742951701708238  0
102.01965073048682  -114.92782293636211  -11.715551841061366  0
102.34170481370359  -112.83896957162786  -10.404023288924021  0
102.60140226376473  -110.94595688479384  -8.8121549630755833  0
102.80438066727507  -109.31995561416852  -6.9422207532846505  0
102.95233132488553  -108.04917405144722  -4.8113620264301318  0
103.04340137909846  -107.23081975912169  -2.4673182811057348  0
112.69819902746769  -82.098355201704251  0  0
112.83505176115511  -82.13502478117779  0  0
112.96345778866001  -82.194901495156586  0  0
113.07951555781324  -82.276166019985482  0  0
113.17969871202712  -82.376349174199362  0  0
113.26096323685601  -82.492406943352591  0  0
113.32083995083481  -82.620812970857486  0  0
113.35750953030835  -82.757665704544905  0  0
113.36985778866  -133.76265857801934  -56.490030177876186  0
113.36985778866  -127.89036791112645  -55.55995070717735  0
113.36985778866  -122.14746604472369  -54.021144789863548  0
113.36985778866  -116.5968734134388  -51.890471905580682  0
113.36985778866  -111.29940347167629  -49.191276152320917  0
113.36985778866  -106.31309640868503  -45.95313048360002  0
113.36985778866  -101.69258324809897  -42.211512700990028  0
113.36985778866  -97.488487299009975  -38.007416751901033  0
113.36985778866  -93.746869516399983  -33.386903591314976  0
113.36985778866  -90.508723847679079  -28.400596528323724  0
113.36985778866  -87.809528094419321  -23.10312658656121  0
113.36985778866  -85.678855210136447  -17.552533955276328  0
113.36985778866  -84.140049292822638  -11.809632088873563  0
113.36985778866  -83.20996982212381  -5.9373414219806575  0
113.35750953030835  -139.69999999999999  -56.942334295455083  0
113.32083995083481  -139.69999999999999  -57.07918702914251  0
113.26096323685601  -139.69999999999999  -57.207593056647411  0
113.17969871202712  -139.69999999999999  -57.323650825800634  0
113.07951555781324  -139.69999999999999  -57.423833980014521  0
112.96345778866001  -139.69999999999999  -57.50509850484341  0
112.83505176115511  -139.69999999999999  -57.564975218822205  0
112.69819902746769  -139.69999999999999  -57.601644798295744  0
112.55705778866  -82.247107353141047  -4.3054990930108641  0
112.55705778866  -82.729507643666523  -8.5869200886210812  0
112.55705778866  -83.530510036824651  -12.820319543917783  0
112.55705778866  -84.645635002316197  -16.982022571920737  0
112.55705778866  -86.068646308997444  -21.048755241153906  0
112.55705778866  -87.791585900414532  -24.997774732911196  0
112.55705778866  -89.804818399483082  -28.806996528323708  0
112.55705778866  -92.097084993425383  -32.45511791394771  0
112.55705778866  -94.655566397618571  -35.921737115179532  0
112.55705778866  -97.465954546234002  -39.187467391254607  0
112.55705778866  -100.51253260874536  -42.23404545376598  0
112.55705778866  -103.77826288482044  -45.04443360238141  0
112.55705778866  -107.24488208605226  -47.602915006574591  0
112.55705778866  -110.89300347167627  -49.895181600516892  0
112.55705778866  -114.70222526708878  -51.908414099585443  0
112.55705778866  -118.65124475884602  -53.631353691002502  0
112.55705778866  -122.71797742807922  -55.054364997683777  0
112.55705778866  -126.87968045608218  -56.16948996317533  0
112.55705778866  -131.11307991137883  -56.970492356333459  0
112.55705778866  -135.39450090698909  -57.452892646858935  0
113.36985778866  -88.877879896683879  0  0
113.36985778866  -94.856952850015162  0  0
113.36985778866  -100.83602580334644  0  0
113.36985778866  -106.81509875667774  0  0
113.36985778866  -112.79417171000902  0  0
113.36985778866  -118.77324466334031  0  0
113.36985778866  -124.75231761667159  0  0
113.36985778866  -130.73139057000287  0  0
113.36985778866  -136.71046352333417  0  0
113.36985778866  -142.68953647666544  0  0
113.36985778866  -148.66860942999674  0  0
113.36985778866  -154.647682383328  0  0
113.36985778866  -160.6267553366593  0  0
113.36985778866  -166.6058282899906  0  0
113.36985778866  -172.58490124332187  0  0
113.36985778866  -178.56397419665313  0  0
113.36985778866  -184.54304714998443  0  0
113.36985778866  -190.52212010331573  0  0
113.36985778866  -196.28504736831781  -4.950550169805215  0
113.36985778866  -195.63825530252956  -9.8634236635943005  0
113.36985778866  -194.56573933744701  -14.701230547605414  0
113.36985778866  -193.07566196716732  -19.42715219030352  0
113.36985778866  -191.17936358021163  -24.005221474398201  0
113.36985778866  -188.89127615232093  -28.400596528323685  0
113.36985778866  -186.22881341040639  -32.579825893919605  0
113.36985778866  -183.212238303573  -36.511103112226031  0
113.36985778866  -179.86450878984161  -40.164508789841612  0
113.36985778866  -176.21110311222603  -43.512238303573014  0
113.36985778866  -172.27982589391959  -46.528813410406393  0
113.36985778866  -168.10059652832371  -49.191276152320903  0
113.36985778866  -163.70522147439823  -51.479363580211619  0
113.36985778866  -159.12715219030349  -53.375661967167339  0
113.36985778866  -154.40123054760539  -54.865739337447032  0
113.36985778866  -149.56342366359431  -55.938255302529555  0
113.36985778866  -144.65055016980523  -56.585047368317809  0
103.412849955442  -104.74144771166218  1.8075483780823831e-12  0
103.73328745294282  -102.53320507759446  1.3935743693684136e-12  0
104.06187777453711  -100.32616951467864  8.6572736313874962e-13  0
104.42646870549902  -98.124835118172385  3.6538210517653177e-13  0
104.85661137570612  -95.935444978664663  4.3765433779683785e-14  0
105.38346858445166  -93.767425116356478  0  0
106.04021555435286  -91.635349677767735  0  0
106.8584839978696  -89.560145976070601  0  0
107.86439558798585  -87.569405990090956  0  0
109.07123166613437  -85.693770112848483  0  0
110.45764120422751  -83.946378288047853  0  0
112.10831009544056  -82.221112803028021  0  0
112.24809978470219  -82.147016552491934  0  0
112.39959571337128  -82.101405203421081  0  0
113.35750953030835  -196.64233429545467  0  0
113.32083995083481  -196.77918702914209  0  0
113.26096323685601  -196.90759305664702  0  0
113.17969871202712  -197.02365082580022  0  0
113.07951555781324  -197.12383398001413  0  0
112.96345778866001  -197.20509850484299  0  0
112.83505176115511  -197.2649752188218  0  0
112.69819902746769  -197.30164479829534  0  0
112.39959571337141  -197.29859479657853  0  0
112.24809978470246  -197.25298344750777  0  0
112.10831009544093  -197.1788871969718  0  0
110.27122514969373  -195.23580361805585  8.396993196638319e-16  0
108.74239196793779  -193.23648975801984  2.6636468766655741e-15  0
107.45313925004581  -191.07529407838376  3.182422051286284e-15  0
106.41600077851497  -188.78202373095777  3.0101970138352106e-15  0
104.96765156376961  -183.96361977685163  2.7389409993620909e-15  0
104.05310996156766  -179.01233600646879  2.4776243548606093e-15  0
103.31950496078292  -174.02997249759738  2.0368679755628833e-15  0
102.4602984129189  -169.06833683850437  1.7169103196781858e-15  0
101.19259335275825  -164.19746675298913  1.5446637972402013e-15  0
100.25234026650732  -161.86339827876358  1.3360208654407151e-15  0
98.946726096502715  -159.71526401957507  1.2562073246367063e-15  0
97.808553770868798  -158.48475968737446  1.1476104018054709e-15  0
96.454066488960848  -157.4972697974984  1.104516321685179e-15  0
94.954620617809596  -156.74568013683495  1.0409052463724541e-15  0
92.565503553674347  -155.95708862821164  1.0063060745680011e-15  0
90.103058400614344  -155.434063746334  9.6032619664762994e-16  0
85.114751659619131  -154.74856732683753  9.2479261540889827e-16  0
80.094649944201734  -154.35461486907212  8.9480245012103988e-16  0
75.061455958697508  -154.19398024594031  8.9228767943585063e-16  0
70.025498933568429  -154.19985111545171  8.9115019959901476e-16  0
64.990286120449852  -154.29328670940365  8.922119627831204e-16  0
59.955146324986089  -154.39080963268773  8.9972484740936409e-16  0
54.919176143989155  -154.41497229505936  8.9977838718340773e-16  0
49.883334430005981  -154.36636817373946  8.9604931841424538e-16  0
44.847844657734655  -154.2881215374299  8.916044031919118e-16  0
39.812175777072149  -154.22310519851473  8.8879092193309519e-16  0
34.776134334286411  -154.21220962687357  8.9013316928377361e-16  0
29.740808338013096  -154.29417480338361  8.9321876724098933e-16  0
24.709508066035635  -154.50834796601194  9.0636141043968794e-16  0
19.71805429296008  -155.14166202304426  9.6939371495562764e-16  0
17.300146939121063  -155.83709496813276  1.0028202944702512e-15  0
15.027537344334094  -156.91411207524644  1.0497165985051786e-15  0
12.952628724267257  -158.33702409902978  1.1661179361845392e-15  0
11.068185190968832  -160.00543065986795  1.2125503575084101e-15  0
7.7157339774986307  -163.75970950508056  1.5162329257467123e-15  0
4.615890136281978  -167.72861365903483  1.6805612400099359e-15  0
1.4289231485822675  -171.62703831580546  1.9913016005585908e-15  0
-2.0233339250773437  -175.29210983779407  2.0654238389971539e-15  0
-5.7389632660401624  -178.68981692459946  2.2634360893489392e-15  0
-9.7006939229954483  -181.79703628787948  2.5311746772096266e-15  0
-13.886305895230418  -184.59540621886109  2.7846908055426848e-15  0
-18.269915179586292  -187.07221301841639  2.9406415965657549e-15  0
-22.823446515912472  -189.22083417345445  2.9717308836533818e-15  0
-27.518067037801345  -191.04087669644798  3.0465928452834491e-15  0
-32.326432067431121  -192.53495797487238  3.1576913379054926e-15  0
-37.223716187759116  -193.70530282670052  3.2727260464720978e-15  0
-42.187070632258163  -194.55292728739721  3.3594793940855402e-15  0
-47.194929996031469  -195.07710557427941  3.3865586386944859e-15  0
-52.226243703495868  -195.27517072776953  3.3825948845421032e-15  0
-57.259923651064398  -195.14918848880876  3.3768299168480101e-15  0
-62.276458478063155  -194.71419260275329  3.3732015226379321e-15  0
-67.259738839903292  -193.99126993822995  3.3225636476667954e-15  0
-72.196804995142912  -193.00035913676953  3.2279218863305696e-15  0
-77.077672355491273  -191.76165032393928  3.128672169604191e-15  0
-81.894856361083257  -190.29445915449898  3.0640873143856479e-15  0
-86.643071667229009  -188.61726831711562  2.9170917494146411e-15  0
-91.316635594234342  -186.74208236867662  2.2017742339690865e-15  0
-95.905944423853697  -184.66925980569428  1.2250554360534278e-15  0
-100.40009074134517  -182.39752915639485  3.6745077761139751e-16  0
-101.20745686967018  -97.437609170266953  0  0
-97.554607152215581  -95.534868293550502  0  0
-93.835109772427259  -93.765922725166263  0  0
-90.055335484492218  -92.129700667522954  0  0
-86.221277245990322  -90.625043866539713  0  0
-82.337981278812734  -89.252473936569075  0  0
-78.40813231074344  -88.019582109517458  0  0
-74.43452376269714  -86.93609549392292  0  0
-70.420803516238138  -86.012351559231433  0  0
-66.371642553416066  -85.259180962735385  0  0
-62.2929054176508  -84.687721309708095  0  0
-58.191805212978146  -84.309155143218447  0  0
-54.077021525180697  -84.134364595413061  0  0
-49.958752563609686  -84.173459112723407  -1.2250431114981033e-16  0
-45.848401244305229  -84.431648584284716  -2.2153310411074351e-15  0
-41.757515973785196  -84.907394873032828  -5.1439199951202865e-15  0
111.985523195759  -135.6066209095799  -57.232918103901696  0
111.985523195759  -131.5341007407182  -56.795076867216835  0
111.985523195759  -127.50319212269017  -56.067820937412939  0
111.985523195759  -123.53443564184649  -55.054856244006345  0
111.985523195759  -119.64805517149304  -53.761344622882348  0
111.985523195759  -115.86385481566876  -52.193877512762839  0
111.985523195759  -112.20111799197048  -50.360442366745339  0
111.985523195759  -108.6785091676775  -48.270381950073059  0
111.985523195759  -105.31397874990412  -45.934346731544615  0
111.985523195759  -102.12467161444002  -43.364240611166466  0
111.985523195759  -99.126839739392949  -40.573160260607068  0
111.985523195759  -96.335759388833509  -37.575328385559949  0
111.985523195759  -93.765653268455395  -34.38602125009588  0
111.985523195759  -91.429618049926944  -31.021490832322513  0
111.985523195759  -89.339557633254657  -27.498882008029526  0
111.985523195759  -87.506122487237164  -23.836145184331258  0
111.985523195759  -85.938655377117627  -20.051944828506922  0
111.985523195759  -84.645143755993644  -16.165564358153528  0
111.985523195759  -83.632179062587042  -12.196807877309789  0
111.985523195759  -82.904923132783154  -8.1658992592818187  0
111.985523195759  -82.467081896098293  -4.0933790904200658  0
111.985523195759  -196.93291810390167  -4.0933790904200702  0
111.985523195759  -196.49507686721682  -8.1658992592817974  0
111.985523195759  -195.76782093741292  -12.196807877309794  0
111.985523195759  -194.75485624400633  -16.165564358153503  0
111.985523195759  -193.46134462288234  -20.051944828506951  0
111.985523195759  -191.8938775127628  -23.836145184331262  0
111.985523195759  -190.06044236674532  -27.498882008029508  0
111.985523195759  -187.97038195007303  -31.021490832322513  0
111.985523195759  -185.63434673154461  -34.386021250095858  0
111.985523195759  -183.06424061116647  -37.575328385559949  0
111.985523195759  -180.27316026060706  -40.573160260607054  0
111.985523195759  -177.27532838555993  -43.364240611166487  0
111.985523195759  -174.08602125009585  -45.934346731544601  0
111.985523195759  -170.7214908323225  -48.270381950073045  0
111.985523195759  -167.1988820080295  -50.360442366745325  0
111.985523195759  -163.53614518433125  -52.193877512762832  0
111.985523195759  -159.75194482850691  -53.761344622882362  0
111.985523195759  -155.86556435815351  -55.054856244006338  0
111.985523195759  -151.89680787730978  -56.067820937412947  0
111.985523195759  -147.8658992592818  -56.795076867216828  0
111.985523195759  -143.79337909042005  -57.232918103901696  0
112.39959571337128  -139.69999999999999  -57.598594796578908  0
112.24809978470219  -139.69999999999999  -57.552983447508069  0
112.10831009544057  -139.69999999999999  -57.478887196971975  0
112.55705778866  -145.34715884237971  -57.3365659325735  0
112.55705778866  -150.93993245805632  -56.506956335213694  0
112.55705778866  -156.42445937978971  -55.133153858501316  0
112.55705778866  -161.74792061517627  -53.22838897128392  0
112.55705778866  -166.85904832241926  -50.811005600675827  0
112.55705778866  -171.70861954767133  -47.904284470012151  0
112.55705778866  -176.24993026898801  -44.536218892756587  0
112.55705778866  -180.43924518159002  -40.739245181590043  0
112.55705778866  -184.23621889275657  -36.549930268988014  0
112.55705778866  -187.60428447001215  -32.008619547671344  0
112.55705778866  -190.51100560067582  -27.159048322419281  0
112.55705778866  -192.92838897128391  -22.047920615176281  0
112.55705778866  -194.8331538585013  -16.724459379789725  0
112.55705778866  -196.20695633521368  -11.239932458056323  0
112.55705778866  -197.03656593257347  -5.6471588423797483  0
75.628685858784792  -132.52569265395852  -127  0
-104.0765721090582  -37.733266139464611  -127  0
-99.064647321271451  -144.87410187113497  -127  0
-43.193192408362897  -181.37894884745637  -127  0
105.75762954407975  -193.16888897302087  -127  0
115.27222931523968  -172.82151045107005  -127  0
82.987978618593303  -37.148172564985941  -127  0
9.3822221007243805  -93.398509369520667  -127  0
-132.72965712954715  -240.64544847304924  -127  0
133.00432805243159  -37.660469596992122  -127  0
-56.881184783961999  -197.14813805330374  -127  0
110.88572635953781  -58.952714769985548  -127  0
80.903499047464507  -200.90348846877259  -127  0
12.636414283628353  -177.63072121736187  -127  0
99.541895214193829  -85.095807224923462  -127  0
-8.6898922943060395  -114.98286422883679  -127  0
68.974406268367446  -167.10980560761348  -127  0
129.29322299985762  -195.6196977375927  -127  0
58.14122593845925  -81.456592432413302  -127  0
-16.776137720299449  -170.97355507855727  -127  0
-117.1497940010203  -64.157417276771255  -127  0
-49.124264805150723  -44.347056487085823  -127  0
74.484322637036485  -66.876201476351923  -127  0
52.057068917312925  -40.102632887149134  -127  0
-129.38765472523295  -192.75142046244153  -127  0
-58.221200779708241  -108.31920789968304  -127  0
-82.908971087072544  -63.339801757199893  -127  0
99.191372330779203  -152.25279165483545  -127  0
-133.34525691279651  -112.34219589221867  -127  0
108.04745444058236  -31.794692985152022  -127  0
-1.6622228090030555  -67.600768722800012  -127  0
-15.57468341264498  -233.72183818933692  -127  0
-102.72982449638171  -85.244122121643812  -127  0
106.28680406990688  -246.33698062146573  -127  0
-76.608531296997811  -124.61967882853502  -127  0
-26.920324891630365  -64.702570406295138  -127  0
14.701617921290886  -243.00743912734856  -127  0
39.733762646441249  -167.16188217900665  -127  0
-90.83949397511023  -194.88935811147857  -127  0
-109.27123777931115  -188.64172047991855  -127  0
44.122452007496662  -234.22842581404274  -127  0
125.70155379518945  -85.210476556931596  -127  0
113.27489010205991  -115.65420192589241  -127  0
51.857141993704204  -118.16377382069571  -127  0
-14.858991485442271  -41.10687506922428  -127  0
79.379452015467535  -235.86073293518535  -127  0
62.649584462807745  -216.91336224060595  -127  0
-127.43747232408522  -90.122686811347364  -127  0
22.291425755381262  -73.142432598937049  -127  0
-123.37778083337052  -167.25818334607231  -127  0
-42.161036261336719  -209.97674713862139  -127  0
-34.397077788427474  -152.3924220096483  -127  0
-127.86619216904761  -136.05432468120529  -127  0
47.12528388936137  -143.16115097827242  -127  0
-18.875722922023868  -88.585189933383177  -127  0
-50.481554190012318  -238.24601404902424  -127  0
-106.64865045818695  -112.71974628757299  -127  0
-79.530976734551885  -96.004776688066514  -127  0
40.323887421893964  -93.49531567632107  -127  0
-109.48428958538278  -215.69706908683798  -127  0
18.968834256784152  -44.811781811791121  -127  0
22.842027826722841  -122.85026985886792  -127  0
73.327889106781058  -99.005340236946793  -127  0
134.56692392375865  -221.37088950553607  -127  0
-70.427577680835199  -185.62971619477568  -127  0
-71.746454787212002  -211.746561043735  -127  0
109.3643559583562  -219.45723052716221  -127  0
-81.946624933639441  -240.83434426680412  -127  0
-107.53205139453941  -246.08553378465018  -127  0
-26.357246432652339  -130.40675595829131  -127  0
-15.092203955122772  -197.88616414081179  -127  0
-3.8554694261494928  -145.74207529581653  -127  0
127.99340263645892  -148.40946645049453  -127  0
-35.299865761172406  -109.03118561679263  -127  0
94.013957463289273  -177.2133526492598  -127  0
23.701188472068289  -151.27578843658267  -127  0
14.501580966254741  -213.84413420215267  -127  0
44.385261571557827  -66.620915868326335  -127  0
46.216983097151228  -196.79477480412626  -127  0
135.45499770167129  -170.50514910748609  -127  0
-50.12035092175924  -82.024182554897578  -127  0
-49.584481360188306  -130.09813625044461  -127  0
-133.38638055927507  -39.53804908349079  -127  0
-66.643911745315393  -155.93457934189203  -127  0
-93.267907315817965  -172.83168689070348  -127  0
129.45896116091873  -243.14218384339168  -127  0
-77.695558492819259  -34.139029628782595  -127  0
-9.5081365774811459  -74.428333508447963  -5.893977746434512  0
-18.510582252494753  -84.714658499131616  -4.6883072054916211  0
-20.945975718575799  -84.143637690561306  -5.9338790659934917  0
-6.9597994232258626  -76.949347400140113  -2.2549000944828075  0
-6.5315531867746248  -74.712616442901933  -4.4593087247603016  0
-12.165413231502555  -81.546140116601094  -2.0132142387329575  0
-10.729410039218951  -78.461767544347978  -4.3539294663304311  0
-16.744017826271637  -85.139696358572081  -2.6780891522379546  0
-15.637920676484267  -79.820497742987698  -5.8588176420865246  0
-14.61801521443585  -82.098850455240324  -4.1096689335324159  0
12.729347370651968  -65.984681819943347  -5.9110372102818678  0
12.651439234358518  -69.574929664964827  -2.3199447732189178  0
18.506913445790708  -69.701991477440643  -2.3199437705822006  0
18.584821568869504  -66.11174424140097  -5.9110368167703227  0
20.027163171165888  -68.313737434720466  -4.4901272629261859  0
11.192842504795385  -68.122034658642448  -4.4901288581428265  0
15.610002837980634  -68.217886046681528  -4.4901280605345777  0
83.069310284612897  -111.95259075656038  -9.866288079213156  0
75.978880273788647  -104.72628114521902  -8.6945819786743179  0
65.483758821379666  -96.757062265520588  -5.6924865182447046  0
58.760071320796541  -89.341235271634275  -4.0404034356638485  0
79.567550192182097  -113.17833033859775  -8.180682092140275  0
58.287838630512397  -90.340468843859995  -2.1112916295351947  0
68.235262238041088  -103.52108193809403  -3.3676296182582446  0
72.291444722907102  -100.41800491931532  -8.1405016617585719  0
62.468655351832311  -92.670278760530834  -5.4285568607109216  0
74.00834482597179  -111.7879863543468  -3.1551173454657588  0
61.866061565881793  -94.775426901082483  -3.0313672865179062  0
79.183732470606145  -108.66115775254944  -9.1487181818797954  0
72.018076999330944  -107.00620132691408  -5.3191333953009341  0
83.743884180721011  -115.77125893401337  -9.5178198403436589  0
64.705215354989605  -91.501734373064224  -7.0045833963948159  0
91.18454873685782  -121.62733676514333  -11.053604671892973  0
70.935842625610434  -107.77707044920125  -2.6269383562414328  0
65.114951485743191  -99.286351231557475  -3.1354705771343068  0
76.011302289102773  -112.17759402185349  -5.8194180911087727  0
61.195732324951003  -86.531885550823432  -6.6020772665750131  0
68.463806709314184  -96.276909117557253  -7.5078563227638933  0
87.823452983555782  -117.03824180911276  -10.601646754458594  0
75.716319196709847  -108.71387544165752  -7.5144161438432286  0
68.733619194123435  -101.0662916661549  -6.0261688130914344  0
72.412455167730769  -104.18653801323056  -7.217505488327066  0
77.106225643014284  -116.04717123615771  -3.3044508561807984  0
79.379886848055222  -116.74948061305338  -6.0801470277608303  0
86.797931555355746  -120.23507045167771  -9.780163390662052  0
59.926615436129062  -88.122220204271898  -5.678276390624502  0
82.695997908894995  -118.44553517578696  -8.0424329542508861  0
77.594896173801999  -93.25615807432834  -5.9843351676861012  0
77.011901497483692  -90.098131265883481  -3.0237860616302252  0
73.362636073086477  -92.754037380589338  -7.5078320614126675  0
92.884961870032583  -106.58259098171854  -5.7813691732823331  0
87.174942056480177  -101.80355577417369  -6.1121652863051112  0
92.342945933267302  -113.96516547900872  -10.35096780765465  0
68.928270797984311  -87.993674909621078  -6.9031711498292525  0
92.726911527940374  -109.97109074394726  -8.5674268730769469  0
81.663378149348191  -94.605491370427231  -3.4120306198650705  0
72.860281462687169  -88.446527668887683  -5.4403227150857445  0
82.867807645028549  -102.75458915578771  -8.7323013238973246  0
67.884276665828651  -83.500088608847932  -4.9514443263919672  0
88.209621945483136  -105.39973184953732  -8.0706480137708692  0
72.182407093368454  -85.49474795187426  -2.7574733323866436  0
77.988800070209848  -97.736463853795016  -8.1437427623816845  0
86.152397135238118  -98.727250729858127  -3.3714348282141056  0
87.341427140803006  -108.70999068657494  -9.7048269290751943  0
91.229294936473906  -103.31720357571371  -3.1411633946032684  0
82.274627975105133  -98.017898999279197  -6.5257630903333794  0
64.861334658780692  -83.601991871700875  -6.3387669440374088  0
67.639066822566264  -81.215545745527848  -2.602023690231027  0
32.32006777783554  -59.227256497200642  -2.5951387432404092  0
42.567150846323599  -66.361382867442785  -5.9782214087413701  0
33.900681567339539  -67.441917718690235  -6.0822869732201568  0
53.290951233743101  -73.015667574137609  -6.0368181262933458  0
27.892019723685181  -59.683847752977954  -4.3612370749382485  0
52.523659281934101  -77.606905138287075  -6.0017312046893307  0
34.772240081991299  -64.313886971009168  -6.1885459470351742  0
33.291174306276318  -71.402845154013278  -2.5799069798100884  0
44.059662935300317  -63.144588565613908  -2.825368250459388  0
50.638796206616576  -80.214802286362499  -3.5269509926836253  0
33.279739890567832  -61.273897268389561  -4.9301592176766968  0
50.763382738711478  -81.475091007132406  -1.6080868110434456  0
57.962563696134239  -71.536995049733022  -1.8511683687316249  0
44.976512889585699  -70.341592710257714  -6.3399619309472799  0
27.602038744748032  -70.42078499927419  -1.9005920085885668  0
38.119674223688307  -60.863146216606225  -2.8245121695438984  0
46.943683157491435  -66.133508255955675  -4.6905002364281909  0
49.970360006393193  -66.042136491567533  -2.4597143385741473  0
39.572884143329048  -73.821671009162088  -2.3726467865696339  0
32.066378519282722  -69.358855052755217  -4.8120958791758017  0
37.557349849661051  -71.365685988971194  -4.5703148725702238  0
51.956079404048239  -69.562323445071627  -4.9588120044197872  0
28.210947369871747  -62.047327166957096  -5.9129941195809863  0
39.594222406813628  -63.216836083494904  -4.9819433380495264  0
39.100197754361588  -67.658989062073459  -6.3377143479495297  0
27.310338054362195  -69.285955128741392  -3.941632774141381  0
27.436321305683101  -67.107231063020663  -5.6976694232245721  0
48.461396020558723  -69.629487261170212  -6.0254711869297513  0
27.336653996122688  -58.254119102700599  -2.1692114228239761  0
54.149606318629665  -69.262834101298807  -3.205073937232747  0
41.186162524383576  -71.089966924947916  -5.7315016789723474  0
45.990643885020319  -77.463324348333572  -2.290732584646233  0
50.269004378251687  -73.569470160995664  -6.3437123635167527  0
46.855650923156958  -74.075408643827359  -5.7859711414780914  0
57.028722522362649  -73.321122805964947  -4.8366409752272839  0
43.575512286412938  -74.592894169185968  -4.2098287131885801  0
28.337477470598643  -64.644465185054059  -6.3455578822207572  0
48.45879068763206  -77.113017139677822  -4.7502695072956795  0
57.588458691573919  -76.119610719313599  -5.8687432532160697  0
55.13812117898614  -77.117901357421175  -6.3499565885184621  0
52.952607371992165  -80.255356062950966  -5.1138264807741685  0
59.392156724003783  -73.836152346900946  -3.4624043728149778  0
12.830006165070484  -61.345885261998127  -5.9110368167703262  0
18.76338849958147  -57.882699838434249  -2.31994477321892  0
20.221985229144604  -59.335594844756642  -4.4901288581428282  0
12.907914288149271  -57.755638025958447  -2.319943770582209  0
15.804824895959353  -59.239743456717562  -4.4901280605345821  0
18.685480363288018  -61.472947683455743  -5.9110372102818687  0
11.387664562774098  -59.143892068678632  -4.4901272629261983  0
-0.49587640567997404  -72.019215078663123  -2.051041047264726  0
0.60124158456148891  -66.459526907630902  -6.1945731755202873  0
1.7054001603131503  -68.64661381132062  -5.0661961162400333  0
0.37923565103422519  -61.72152142379565  -5.5063934469310212  0
-4.5131807835669928  -60.674411508969847  -2.2852575702282145  0
4.4658335932473818  -62.236588242946972  -6.1144251831322904  0
2.3662388765088354  -70.325627125544202  -2.9340964350221577  0
4.5300734180916695  -64.391781768123053  -6.3359908707516803  0
-2.8962237063389225  -61.44545209225187  -4.4220668855141474  0
-1.1351558911115589  -71.091885702085648  -4.0528478788246298  0
3.9414403178111019  -57.92440989365295  -1.9159146458330321  0
-4.9899514438285113  -64.451728570049426  -5.7048020652797558  0
4.9748996492733468  -66.574380806998278  -5.7714267227553222  0
1.7341415145403003  -59.559942727190325  -4.0577791589620418  0
-7.0582298298083046  -63.515400801252866  -4.3221518569537354  0
5.5116216892195631  -69.837172972993713  -2.2054975199207312  0
-1.8632872514998624  -69.588174312520238  -5.4727548691889156  0
-0.21921155413799021  -64.090750105795578  -6.2522163464746434  0
-4.0857692440337328  -66.389929811044794  -6.315897393239017  0
-0.42967574567499867  -59.074591331724349  -2.2701352316111167  0
-8.2684781152203684  -62.730913211573082  -2.1771098870433363  0
5.3362744243679918  -68.552722525632305  -4.3143902632911573  0
5.2209739344430792  -60.186566513999885  -5.2080601476209774  0
-3.4155262365773194  -68.376637618782254  -6.1946631031586206  0
5.8094792295952189  -58.475301161155393  -3.5475747882885553  0
-31.570599420507762  -82.586390047032566  -2.4645229316239825  0
-21.247763704456919  -73.559916539211272  -2.2024747421903514  0
-29.041478131059456  -82.423127952815321  -4.648873390530178  0
-12.524369263562658  -68.006682160712955  -4.5089093461605092  0
-17.60698357176166  -75.492285448907438  -5.9871559643008965  0
-21.394850843695288  -79.681476316898227  -6.1907459983800273  0
-17.160879321780932  -72.103324311015896  -4.5855587581380606  0
-26.468920271843523  -83.249840310095365  -6.0200079509803448  0
-22.976360591900665  -77.621349170071866  -4.9266871598576074  0
-26.610933871379402  -78.353902995241683  -2.5329661963290895  0
-12.493087264956042  -70.877132281416763  -5.9281774917078831  0
-15.059096532653271  -68.291568348582317  -2.3240143872608261  0
-105.18431854128001  -161.94988622111129  -23.676992593102899  0
-105.18431854128001  -170.68656299461512  -11.017037297514911  0
-105.18431854128001  -119.29074102016158  -25.021610215870854  0
-105.18431854128001  -140.71848158976931  -8.8961274409665716  0
-105.18431854128001  -150.74378018599592  -32.458518982604339  0
-105.18431854128001  -123.32195037268055  -9.2364334991093067  0
-105.18431854128001  -174.11825224137988  -5.7037039610583999  0
-105.18431854128001  -133.82470215948203  -34.238584366803565  0
-105.18431854128001  -105.67053696263753  -7.7505791740107863  0
-105.18431854128001  -160.31559141752052  -9.2672330956581987  0
-105.18431854128001  -148.93423959408179  -5.5040749815381211  0
-105.18431854128001  -169.05996960002153  -18.498595708999687  0
-105.18431854128001  -167.55562154942342  -4.3322811644084966  0
-105.18431854128001  -142.71610509868026  -32.220397170375527  0
-105.18431854128001  -114.16609071062325  -4.7957433528697981  0
-105.18431854128001  -111.19742511903952  -16.546421069326318  0
-105.18431854128001  -132.99064479736973  -6.5221914260295506  0
-105.18431854128001  -126.28174999310475  -31.364958667305611  0
-105.18431854128001  -156.71483315912198  -29.80289384525874  0
-105.18431854128001  -149.45302979725537  -20.353008465004095  0
-105.18431854128001  -133.56831038175051  -20.984070682362493  0
16.766884746402422  -266.69999999999999  -100.50026886461616  0
-120.49814408849183  -266.69999999999999  -50.625367371927432  0
72.266246675611782  -266.69999999999999  -47.779258427928958  0
106.96581181824509  -266.69999999999999  -97.994541324868848  0
-107.51181054017613  -266.69999999999999  -107.16565742601317  0
-63.247041630135179  -266.69999999999999  -75.188931456399018  0
-81.120258029357316  -266.69999999999999  -97.31546998417015  0
-13.147685877601127  -266.69999999999999  -35.192356011907549  0
136.13272792006211  -266.69999999999999  -103.59585231871704  0
-37.102011510215696  -266.69999999999999  -63.66905069243586  0
79.327866477687536  -266.69999999999999  -24.293280438581213  0
-110.40667776019954  -266.69999999999999  -83.046112965564447  0
-63.648874473042518  -266.69999999999999  -53.126283573772646  0
-132.91026246644211  -266.69999999999999  -101.59899982468426  0
126.56454897785353  -266.69999999999999  -30.836009781890851  0
18.10000850520662  -266.69999999999999  -63.033407345724207  0
103.8781046931886  -266.69999999999999  -20.208101325500284  0
48.354513068819834  -266.69999999999999  -94.020176386302751  0
-13.053538694977989  -266.69999999999999  -91.62230489916395  0
81.192331868756639  -266.69999999999999  -74.653545436235561  0
-11.271923090242492  -266.69999999999999  -63.35641821519097  0
-47.61559156404752  -266.69999999999999  -96.937252918873554  0
77.751986350691823  -266.69999999999999  -104.09686548203749  0
-133.67777602131957  -266.69999999999999  -76.657028050480477  0
100.19305590608116  -266.69999999999999  -46.206139886648543  0
-134.97970359319612  -266.69999999999999  -22.452580977412303  0
-110.36351922768242  -266.69999999999999  -20.847894268059108  0
53.419619580506492  -266.69999999999999  -62.207332702520993  0
-86.956070052827926  -266.69999999999999  -65.074799969849295  0
128.66831567093774  -266.69999999999999  -55.416919583030108  0
130.98751271777414  -266.69999999999999  -79.254014247311403  0
16.527087845567582  -266.69999999999999  -25.961429874821295  0
-48.039699696949796  -266.69999999999999  -30.517430085078548  0
47.286798395084297  -266.69999999999999  -31.847334038070791  0
-83.096151323425104  -266.69999999999999  -31.406275365549675  0
109.57786240991614  -266.69999999999999  -70.657940835764563  0
-152.40000000000001  -200.20006977357315  -65.328899650654719  0
-152.40000000000001  -244.71349625915002  -76.349775434643789  0
-152.40000000000001  -90.815970512895561  -76.280173880062478  0
-152.40000000000001  -169.25627415194202  -57.87169846554773  0
-152.40000000000001  -244.73992787585075  -105.29823987204261  0
-152.40000000000001  -219.48181642791079  -38.966962896422494  0
-152.40000000000001  -219.81857038865149  -89.201200202351728  0
-152.40000000000001  -80.851835532695446  -99.346051763233561  0
-152.40000000000001  -80.862974628533991  -21.427068375781161  0
-152.40000000000001  -225.75481552663683  -64.207080791137969  0
-152.40000000000001  -105.67667488270264  -27.796749676028799  0
-152.40000000000001  -139.30935224437067  -103.87225950374965  0
-152.40000000000001  -112.07563673888845  -95.454709778880002  0
-152.40000000000001  -28.551599927177215  -47.934660225473195  0
-152.40000000000001  -51.094164809526589  -61.302397661700645  0
-152.40000000000001  -45.923380521846219  -93.982564164814917  0
-152.40000000000001  -51.924643612153758  -28.903866993352281  0
-152.40000000000001  -111.17282595567539  -59.927736871417984  0
-152.40000000000001  -244.65937254565566  -51.218533267041224  0
-152.40000000000001  -80.190542237195217  -50.287407737709124  0
-152.40000000000001  -30.193546135154108  -70.290590833743778  0
-152.40000000000001  -191.4155017546924  -31.169486604382698  0
-152.40000000000001  -69.77677445708683  -76.261625391682259  0
-152.40000000000001  -193.36408883355944  -97.092186588799038  0
-152.40000000000001  -167.09206062762289  -24.831608911836305  0
-152.40000000000001  -244.68434178720443  -21.952201619230333  0
-152.40000000000001  -182.13157763511262  -78.877735267886337  0
-152.40000000000001  -138.86126867353141  -35.020037639014589  0
-152.40000000000001  -139.38943204050665  -74.573776792274643  0
-152.40000000000001  -165.62939097672819  -95.200970157750888  0
-76.667391182311022  -12.699999999999999  -101.11513144619103  0
-55.344152538352205  -12.699999999999999  -57.378054854944878  0
-129.60431593239733  -12.699999999999999  -46.419105135510009  0
-81.429423272710906  -12.699999999999999  -27.07180745239118  0
106.26439488303865  -12.699999999999999  -21.801702396908372  0
-73.80203085656251  -12.699999999999999  -53.454710939999117  0
-15.306300895997126  -12.699999999999999  -33.322360126300104  0
-50.224006958261967  -12.699999999999999  -33.953539901249378  0
-101.73949205582197  -12.699999999999999  -50.490011975753781  0
34.933504449785474  -12.699999999999999  -55.997845525575322  0
-34.348003139873796  -12.699999999999999  -66.58142176378017  0
133.7747448375496  -12.699999999999999  -100.37386405574325  0
-106.70529672124393  -12.699999999999999  -101.67955993466559  0
-46.83746681175063  -12.699999999999999  -99.269247845424445  0
12.387067719972073  -12.699999999999999  -102.20753721241701  0
108.23879107340662  -12.699999999999999  -46.462076736524963  0
131.8450442902712  -12.699999999999999  -56.111080022761897  0
80.816822337166997  -12.699999999999999  -92.568501962719694  0
108.10920792497174  -12.699999999999999  -104.78379139279424  0
89.001908226879081  -12.699999999999999  -61.496057077244522  0
112.60977323031035  -12.699999999999999  -76.879799439498342  0
41.132783158050223  -12.699999999999999  -90.468743547610501  0
47.852492822134622  -12.699999999999999  -29.802239012764648  0
128.84331932256191  -12.699999999999999  -31.297701116950027  0
-15.573315994824609  -12.699999999999999  -98.374770640467332  0
136.59882516331638  -12.699999999999999  -76.329924073098965  0
62.447334265697755  -12.699999999999999  -60.275938665977996  0
80.89248183456013  -12.699999999999999  -31.380286976723266  0
-91.021748732014643  -12.699999999999999  -76.248284075460958  0
17.318435011629468  -12.699999999999999  -31.220217493603425  0
-135.00606824397826  -12.699999999999999  -103.54863145610956  0
-124.13245112412501  -12.699999999999999  -75.236467973725325  0
-63.005529456650621  -12.699999999999999  -75.651006137354386  0
5.8086321458290149  -12.699999999999999  -68.290141922949672  0
-110.43949890096144  -12.699999999999999  -24.42445760310871  0
-136.52298475296305  -12.699999999999999  -22.421000787664411  0
152.40000000000001  -200.77537122129226  -98.003027506102498  0
152.40000000000001  -86.305639597586548  -63.810050734400519  0
152.40000000000001  -192.86486018499659  -49.803554510199945  0
152.40000000000001  -243.41756058020829  -50.58004632152462  0
152.40000000000001  -87.837880021837677  -23.460764810767628  0
152.40000000000001  -60.352971360923497  -37.187124011369164  0
152.40000000000001  -167.13771800553619  -36.946795490625632  0
152.40000000000001  -61.190031501627004  -89.199163398550283  0
152.40000000000001  -33.652863177744315  -21.652732435169767  0
152.40000000000001  -168.64683762310349  -93.653315000103291  0
152.40000000000001  -245.46036244225033  -21.316658067061656  0
152.40000000000001  -140.18571591682235  -23.542146829412349  0
152.40000000000001  -140.36993530761771  -100.90430334807323  0
152.40000000000001  -141.05429394201224  -64.527503572093593  0
152.40000000000001  -55.724938106250292  -63.398512033194095  0
152.40000000000001  -217.87086358383783  -35.029719590785426  0
152.40000000000001  -113.485550848936  -65.180889750395338  0
152.40000000000001  -191.58241618689189  -20.24175447084632  0
152.40000000000001  -235.23640038057226  -97.665426418775837  0
152.40000000000001  -35.139162901088447  -50.721844415633441  0
152.40000000000001  -113.85056857685727  -40.038832675326844  0
152.40000000000001  -218.07310614476276  -68.34205089663584  0
152.40000000000001  -190.47681544135833  -74.674362459331718  0
152.40000000000001  -35.463273986746401  -76.138483981021409  0
152.40000000000001  -85.347434781006271  -99.871450412851857  0
152.40000000000001  -35.030186442798232  -105.27422347406505  0
152.40000000000001  -245.97076570932856  -72.944573797173973  0
152.40000000000001  -112.77720711514196  -92.558139762843879  0
152.40000000000001  -172.03555147321899  -63.86482724287599  0
-105.11158870888599  -153.63187992833474  -37.348521637115716  0
-105.10948145335425  -150.4469082542837  -38.391148143087037  0
-105.11728954411956  -179.46935486247395  -2.526581383095631  0
-105.12379155181917  -160.95089742563397  -33.692054496050474  0
-105.12077529844578  -176.92539556586192  -14.19874889749553  0
-105.11659345450248  -164.80254829259979  -30.951169625776945  0
-105.15160723102547  -173.17360976688161  -21.446308549974539  0
-105.11474014773397  -158.28469490593841  -35.257030312417584  0
-105.13081088387743  -178.19599911941197  -10.168557872139242  0
-105.14302668672141  -175.1504625841323  -18.052121053727145  0
-105.1117278806782  -145.26266981275856  -39.472035722451579  0
-105.05560042348441  -147.77724383934185  -39.140521114715689  0
-105.13213970525447  -170.21765689615043  -25.568245824838769  0
-105.11553608072829  -179.15677683271295  -5.6096398202634079  0
-105.11322380947711  -168.40811191119894  -27.650763569658746  0
-105.05322426768856  -166.8186280140244  -29.361480461119289  0
-105.05213526621004  -156.09111262217743  -36.455200755147118  0
-105.04510347305587  -178.88156978735893  -7.9562248021974185  0
-105.02838444697868  -174.4745789155925  -19.777039877888882  0
-105.03322735668654  -176.15594737656676  -16.456888649765734  0
-105.06205424458858  -162.81732597977791  -32.588254846437536  0
-105.05362574529595  -171.44316601823965  -24.286590022453069  0
-105.05470890723939  -177.79508700028694  -12.087076435512207  0
-105.00813532374249  -172.82480928314362  -22.478432766268089  0
-105.13213970525427  -114.13175417515703  -30.517656896147617  0
-105.11728954411956  -137.17341861689656  -39.769354862473477  0
-105.14302668672131  -121.64787894627236  -35.450462584132374  0
-105.12379155181929  -106.00794550394855  -21.250897425631827  0
-105.11659345450234  -108.7488303742193  -25.102548292595685  0
-105.13081088387725  -129.53144212785497  -38.495999119410939  0
-105.10948145335432  -101.3088518569129  -10.746908254282941  0
-105.11172788067832  -100.22796427754784  -5.5626698127527936  0
-105.05560042348412  -100.55947888528233  -8.0772438393345709  0
-105.11553608072849  -134.09036017973202  -39.456776832711846  0
-105.11158870888595  -102.35147836288427  -13.931879928335006  0
-105.11474014773407  -104.44296968758397  -18.58469490594095  0
-105.15160723102544  -118.25369145002442  -33.473609766881061  0
-105.12077529844584  -125.50125110250681  -37.225395565862705  0
-105.05322426768832  -110.33851953887049  -27.118628014013872  0
-105.11322380947733  -112.04923643033172  -28.70811191118905  0
-105.05213526620986  -103.24479924485438  -16.391112622181506  0
-105.04510347305579  -131.74377519780009  -39.181569787358548  0
-105.02838444697862  -119.92296012211317  -34.774578915593779  0
-105.03322735668677  -123.24311135024169  -36.45594737656976  0
-105.06205424458857  -107.11174515356103  -23.11732597977592  0
-105.05362574529632  -115.41340997754229  -31.743166018235407  0
-105.0547089072392  -127.61292356448456  -38.095087000286213  0
-105.00813532374296  -117.22156723372879  -33.124809283140799  0
-20.281567046377312  -88.316506735534006  -3.1323772523351594  0
-27.783130454481999  -88.489624053130584  -7.6891383670765601  0
-32.736679449083823  -86.901142344749971  -6.4365868574361951  0
-22.380242117654593  -90.43262511288853  -6.2222162922639814  0
-34.813861682209037  -85.698131754367566  -3.3729766724003221  0
-19.752612878446431  -90.623821947375205  -2.2082820283481355  0
-21.515966930570805  -88.292617925443608  -4.4254427893952188  0
-19.438617622871615  -88.26772497379514  -1.6509750480472452  0
-36.015359788029187  -85.703436418598002  -2.1973532781930665  0
-19.806845793970222  -89.450459467531189  -1.8173603253240955  0
-34.871503929525346  -86.22350735867478  -4.716745795517892  0
-21.913853933037402  -89.580122115313685  -4.9801183712299908  0
-29.109570039128545  -87.162623944793424  -6.7081866781101533  0
-23.05920311300418  -88.100175326758233  -5.4780006239735179  0
-25.852658159236828  -88.600404930979039  -6.9782546898463087  0
-33.238363486398448  -86.110031004040636  -5.0341400224668282  0
-31.229660125331701  -86.611597694578677  -6.1447520180429427  0
-24.985377541154062  -87.74255515501325  -6.2535346749986918  0
-30.3424590705993  -87.681939702582795  -7.4186704016354961  0
-24.830861977269361  -89.646152808188219  -7.4669254366872977  0
-20.560313293658435  -90.972977392000772  -4.4236178746570873  0
-23.680210391736935  -89.171382647804435  -6.1866631341978895  0
-20.649872559141627  -89.673835920463148  -3.5035960706237477  0
-19.222677819687565  -91.645121352994209  -2.5326143115964372  0
-27.121314252680286  -87.404832181492765  -6.651006300085319  0
37.080657936179023  -103.57752936555964  0  0
-12.319915932517665  -91.226354013288002  0  0
77.789417711064587  -124.08124480919339  0  0
78.967124384014042  -123.283843142656  0  0
8.0054009840700608  -73.699718817584952  0  0
-13.221518482684937  -86.982289327500723  0  0
21.070638805141062  -77.727536897571483  0  0
-18.439837240125453  -89.241069741876672  0  0
47.06206949020828  -88.428312596927299  0  0
-16.565243646026047  -88.042350580620464  0  0
8.6962132543552375  -105.28492060593737  0  0
73.084547241812359  -119.96317887104586  0  0
0.63052131871551675  -78.814357576332839  0  0
77.898529235659836  -122.30272033100863  0  0
76.844897447852006  -120.3622239439952  0  0
14.451389333513362  -73.933490880492627  0  0
-15.570343969643771  -91.683717957452828  0  0
19.187878965715125  -93.546269743625217  0  0
21.295844201966986  -109.28122702973502  0  0
30.201956742744635  -118.16176582179395  0  0
-7.5664264975476669  -85.967729241672203  0  0
-17.876946590317488  -91.487391892888027  0  0
67.624713290535865  -120.70992998876015  0  0
12.711380669947822  -115.03012241402772  0  0
62.288045722998774  -114.04423615802355  0  0
19.884544931552718  -120.06631255702023  0  0
-14.944206470860939  -89.606725820679358  0  0
1.9989425470624307  -93.667877305211491  0  0
10.894385766315715  -81.903328069579032  0  0
-18.44935156953478  -88.221664440289814  0  0
70.371432104763727  -114.83805240129557  0  0
33.244097536763974  -83.327814029654434  0  0
75.704980856693439  -122.8513179373512  0  0
79.322509130819043  -122.11162227589897  0  0
55.594416418866658  -100.86497098873473  0  0
40.130370482826528  -118.88170908285205  0  0
49.897685710080019  -116.07226918515771  0  0
-18.66677026236091  -90.486392352689975  0  0
78.819427382034249  -121.12057575057392  0  0
-17.019823711197372  -90.092973535384971  0  0
101.34146685981246  -111.08951074684616  -5.6656122605909296  0
94.848332469781298  -126.96582728350417  -11.760327120824622  0
82.746006672625867  -125.96735136921779  -6.3334513025098742  0
101.23078380152398  -116.4851299444943  -11.018897191953037  0
98.67866607128073  -121.46096675283002  -11.72696590447665  0
83.4479555802844  -124.91815298558643  -6.0669209508407915  0
88.271659723102275  -127.1253720604346  -9.4284149882259669  0
102.37373195715982  -109.8280394115518  -5.4518246120201184  0
101.79573687455341  -113.98455954951875  -9.7756155171952486  0
99.015335302343729  -112.92558930034754  -7.0988753659146662  0
100.43922795673572  -115.72793424368018  -9.6604077678316873  0
91.354959537450796  -127.11665278109514  -10.548208409327186  0
101.24701678440853  -113.09949807739609  -8.0680244199723194  0
97.985975937429714  -124.5778159593236  -12.406231005525559  0
100.17942645505381  -111.35212064937573  -5.2815960662334795  0
100.90072897795565  -109.95506875045993  -2.9004501944932559  0
80.287972449169203  -125.44676057282527  -4.3842186839779602  0
98.938365922529343  -111.04942672192199  -4.9323776544769879  0
81.578710511444612  -123.69728738932518  -4.0671682483983274  0
99.048893647467196  -118.18371658039273  -10.540144869071199  0
100.73950701052783  -119.28554378891464  -12.306784396607704  0
85.879476692173426  -124.94971842210929  -7.6403331408537687  0
99.654263385192706  -121.9935450552769  -12.568652161885092  0
81.267596998318979  -124.73839794004392  -4.3456600256110818  0
83.54235493166496  -123.61392043055017  -5.9362008964339257  0
81.653974295053061  -122.46780034564084  -4.0942079271252245  0
99.187359191990026  -115.47657497699605  -9.0718308407655446  0
99.829664995326269  -110.06579606045945  -2.6925508266622891  0
100.04174598028303  -118.69938561757519  -11.221151150225795  0
98.718972876683836  -109.77855065397907  -2.5220610601010689  0
100.23149193896423  -113.2357420179017  -7.5096314641503854  0
88.456090240227752  -125.97721650489471  -9.1282829691126128  0
102.16646599020237  -111.524912368665  -7.6890470810754383  0
85.534432784542773  -126.33111767626883  -7.8903803112324757  0
79.82777937871117  -124.1274605208931  -2.1553403586875146  0
101.85777165194156  -109.43283511587258  -2.9990894805504276  0
102.64000108634531  -108.45570273623741  -2.8843351541009516  0
80.31139979944659  -122.96751435656988  -1.99224170630523  0
78.784684450006736  -124.97840830943449  -2.2096246710984433  0
80.363871686368995  -121.65265969411597  -2.0815446678703853  0
112.96285822012776  -82.76152832163676  -8.0552200476988869  0
113.31454686707647  -84.507925736620422  -14.621118760327521  0
113.05396803046987  -83.562718320311646  -12.184641562359383  0
112.95648579014529  -113.03527721137257  -50.953769365250643  0
113.22805996987813  -82.763592927379761  -6.0778434779266322  0
113.32345251514631  -99.384224889350094  -40.396041852807656  0
113.30716627652973  -125.45501279508333  -55.309254155635394  0
112.96359016595127  -88.692222039163767  -26.552479161837965  0
112.9555364978483  -102.83040503536418  -44.136023083462462  0
112.95743429972555  -108.68558265887948  -48.428693115184828  0
113.22183203620087  -97.219821367198136  -38.407780016443738  0
113.06465868692834  -84.650895614728398  -16.385685309569574  0
113.30659710800809  -86.289513206742981  -20.236317882764499  0
113.06820099468356  -87.159219730735018  -23.195554602263933  0
113.19822758757327  -110.95502396970568  -49.569152967344422  0
112.95202518508452  -93.977731522595462  -34.886323874695243  0
113.06422701706705  -105.70442877127874  -46.295089761956781  0
113.07199261808023  -116.35763815240959  -52.472345677451585  0
113.3118991457019  -119.16706566032045  -53.28327926511507  0
113.31116840460037  -108.23101895734864  -47.651030785238781  0
113.15888828652076  -122.27296688598764  -54.635460077808929  0
113.31377306209629  -136.10029102773674  -56.98430059234915  0
113.30743971858193  -83.357072311528668  -9.3505515000761559  0
113.04537010146736  -128.7318939442421  -56.394266232351136  0
113.31311441514295  -130.71042909872745  -56.387474224739307  0
113.32221753066739  -91.839041158588259  -31.095446186680753  0
113.31157861073845  -114.04993157238719  -51.018376714329783  0
113.3127099555817  -88.577322630719436  -25.435178491173147  0
113.05766289993497  -132.9349134523078  -57.041770635446504  0
112.985797681565  -82.323864876272296  -3.6437426726605553  0
113.32277438671127  -82.706094289394841  -3.0190900263812792  0
112.99450621692105  -136.39975041320159  -57.391424341881361  0
113.31165553791024  -103.77683113388856  -44.388115188552646  0
112.94508024861946  -90.617769272608029  -29.982580398264265  0
112.96259843106768  -119.49798964177322  -53.840246226654259  0
112.95714462563615  -125.10642915522774  -55.626243261279924  0
113.31634225207596  -95.425398695598318  -36.044002207880112  0
113.15784564824001  -101.04444487630418  -42.36289094688415  0
112.95711432674352  -98.766803244217414  -40.394636070552245  0
113.02684979867263  -92.180408228860031  -32.311824004856142  0
113.2380191573677  -89.991850872288495  -28.391656791827636  0
112.933088853098  -96.015824303520645  -37.422558479133485  0
113.25513904109347  -93.546477582678023  -33.818585529369614  0
112.98188671928428  -85.66140021720912  -19.63173285051548  0
113.36985778866  -103.70013474338892  -34.838408494431533  0
113.36985778866  -158.48557803958218  -15.32698573996608  0
113.36985778866  -163.99025392846028  -39.552167350616983  0
113.36985778866  -144.19344135976013  -8.2566703212985608  0
113.36985778866  -126.1464486543628  -12.112243166608181  0
113.36985778866  -96.666918061775235  -22.12006352369912  0
113.36985778866  -133.28126696075412  -48.81520442684316  0
113.36985778866  -110.78043193186048  -23.244169773144403  0
113.36985778866  -178.26250391507426  -34.139639901155789  0
113.36985778866  -148.34226585874131  -49.536198776698356  0
113.36985778866  -92.817005757944088  -8.2066871107187325  0
113.36985778866  -190.88466265390622  -6.8984292519458794  0
113.36985778866  -141.94726988457663  -30.361914533540126  0
113.36985778866  -119.14225213317948  -38.936556314994242  0
113.36985778866  -183.80788876253624  -11.850874398483125  0
113.36985778866  -108.21269892068595  -8.2112320187510353  0
113.36985778866  -170.58609314194368  -7.0406726638027815  0
113.36985778866  -184.96413078827763  -24.636599697083074  0
113.36985778866  -173.35604699529611  -22.085427004868574  0
-105.08168985395898  -179.9486583107817  0  0
97.453954129613081  -161.13200716239422  0  0
113.62141050061773  -197.09394436878048  0  0
-132.76024288529189  -166.0851716199808  0  0
-73.632188830727074  -239.28718309412434  0  0
112.20129676295869  -198.49992125399419  0  0
59.492572656467019  -40.77165417025477  0  0
-36.028499657122836  -83.116191389104344  0  0
-102.65685602927897  -93.043916359157706  0  0
114.98325046106255  -63.094280933766633  0  0
106.70362374520457  -85.196068812705875  0  0
-114.54035299400172  -182.86167294145591  0  0
-97.715080524520246  -188.90648169386225  0  0
112.08257022723468  -82.058925024795016  0  0
18.503435535356711  -29.542566133357674  0  0
112.62357549380371  -81.951544248728496  0  0
3.1962944598506522  -37.769927327902387  0  0
114.57389844972872  -199.51121347570643  0  0
-106.49296845280814  -99.747561713276994  0  0
-25.165638734861847  -214.75430713499571  0  0
-111.55749970815603  -104.70047532676983  0  0
-111.87533592728535  -114.93039141772546  0  0
104.66066504757252  -192.70061268580437  0  0
116.42625080795011  -197.17061147209265  0  0
36.970313160739764  -163.45405849327787  0  0
113.09736411496297  -81.769346039453779  0  0
-116.9141628478615  -106.84422387160839  0  0
92.864980314561407  -159.20655958547337  0  0
102.97826167427819  -32.544107852275971  0  0
106.88220826815808  -207.72425467494313  0  0
112.37521345587432  -197.39588346320468  0  0
110.37515379619957  -81.853067222066727  0  0
7.0817530074537691  -50.343877143792874  0  0
118.21268816173774  -199.67261167250871  0  0
120.92066444871458  -87.34901710439668  0  0
-109.31619113352465  -147.61692619181608  0  0
-55.601019636497952  -79.632597722274539  0  0
56.943267966737537  -184.1371605287066  0  0
113.25902087781589  -197.17819340046813  0  0
-14.861429694880187  -238.67766815169699  0  0
-91.399043515501077  -196.03645747871875  0  0
127.70104409839209  -98.375777687576459  0  0
-36.024793468411097  -79.430351808730322  0  0
102.269924655057  -69.306123421747273  0  0
110.39679888956003  -200.67929887871199  0  0
-109.00014751124414  -187.78073357859944  0  0
121.28188279637077  -79.789861357798344  0  0
98.333006028885777  -79.234609365314597  0  0
-55.955795641409644  -200.52823413873128  0  0
83.927954943497298  -160.73803758673625  0  0
-37.271720346509632  -84.639499863991702  0  0
112.25192643581562  -82.031402713668214  0  0
132.81519717425306  -78.496766202398462  0  0
112.54492537956301  -197.51389799467773  0  0
120.04110433193789  -219.6787019687799  0  0
-114.11084512677753  -99.43134447776734  0  0
117.22078158213959  -80.445763260804725  0  0
-107.68975134921826  -173.74432176972977  0  0
-115.00612465726441  -157.99562522692676  0  0
119.7311861809673  -180.01073956169208  0  0
90.389985375006077  -88.475384709990195  0  0
53.175766158007121  -161.14486528333029  0  0
132.65511188133317  -59.723197465951365  0  0
106.77535522684903  -77.235876026812846  0  0
-108.1117539771366  -105.79015608472841  0  0
107.80715699678969  -196.9795872149171  0  0
-28.999683034375618  -197.66582371700116  0  0
112.04026614687531  -80.024878741840993  0  0
-106.66374999973486  -177.44975780549649  0  0
101.09423111241986  -93.384338200867759  0  0
-45.121454643738033  -77.960977578593088  0  0
11.469908159573386  -171.2539023969932  0  0
94.447750300919139  -166.85832260935382  0  0
-17.696861719926151  -38.150407723673027  0  0
95.961927225628827  -98.429411324422077  0  0
66.035566936642539  -215.34339776303526  0  0
112.13845505985601  -81.220223257679564  0  0
127.93392821050915  -131.97530182645383  0  0
-100.12883877751693  -185.3793130921535  0  0
112.75732175690533  -197.44623699551059  0  0
93.677925019295571  -218.45771738062481  0  0
-88.856288458731072  -81.014525951873793  0  0
79.95282856880624  -40.569568240577048  0  0
117.30529448299879  -76.92695361849691  0  0
-105.69750860296811  -99.357177721808625  0  0
36.371567627982479  -29.840676769967288  0  0
-108.80508825526853  -176.47769534560607  0  0
113.64272314880206  -82.088574286607525  0  0
25.606163792852371  -40.280721159222814  0  0
12.736067389128859  -203.69399739879239  0  0
-104.53811397322836  -181.65354042440967  0  0
82.413229185443555  -70.951824246412627  0  0
113.20285966224506  -82.20973982727422  0  0
108.37171799799228  -83.302603434016831  0  0
-115.41561713159025  -192.74678776021105  0  0
-97.992706050661567  -88.691683446283278  0  0
-101.04776149525608  -36.108604965346757  0  0
-105.85206430588684  -87.902138192841306  0  0
114.35761171113651  -194.73951395083705  0  0
-83.20058556076917  -213.74679121777248  0  0
4.3239596961547893  -183.49916119213276  0  0
134.27519960620447  -242.170379254208  0  0
117.13116046695551  -83.614170211876626  0  0
-105.80203525426545  -179.03196015854067  0  0
-130.37662972574748  -200.60904935127419  0  0
124.87013610731998  -189.73703832131449  0  0
-4.8904529244871373  -214.15517908910823  0  0
-105.57300835916644  -179.62935780896407  0  0
22.919531291849218  -51.118354813267551  0  0
-106.16215263392468  -180.53837087808506  0  0
26.009655823030496  -183.23541282267465  0  0
116.31082686322048  -194.33810963961264  0  0
-105.37010176000054  -99.997283175314593  0  0
-105.26762515565188  -180.37898332258666  0  0
-42.756435508076493  -205.98196087096963  0  0
95.243885292374543  -192.79805065467156  0  0
-39.993675229395272  -82.858719214961994  0  0
-105.28577443893413  -99.71149875832198  0  0
136.61222512344526  -196.50427570067751  0  0
-107.73758723202202  -179.10796145184867  0  0
-105.70597079771883  -99.808672347081  0  0
-108.15120656637957  -92.547941617223032  0  0
114.4331564811884  -81.847409541178322  0  0
126.68298300438954  -197.79183941396266  0  0
99.79406068169682  -184.43554524374602  0  0
-107.26146520649512  -77.37276290760191  0  0
-123.84350712832851  -132.18910951485944  0  0
-65.803467896591584  -78.509224447835422  0  0
114.2933851091158  -197.45551820910069  0  0
34.866349233519024  -46.935337044290485  0  0
-103.20607925878272  -183.84805045821199  0  0
-127.10332306062475  -182.90483770674055  0  0
-36.072477055303395  -84.843386554489541  0  0
129.22015755598781  -205.95021786567079  0  0
47.757661535339764  -36.674905083812838  0  0
-15.846642502775996  -58.305997730621655  0  0
84.930617235781511  -178.23809795829055  0  0
-109.02001135977022  -102.50787851090652  0  0
112.81906926811114  -82.006213095154123  0  0
112.55034879766437  -77.254300690982078  0  0
121.35183011419805  -155.73839023450708  0  0
114.01282804430075  -196.17113374028548  0  0
112.59409674193144  -81.680928199453248  0  0
112.41654196728919  -81.949891326977209  0  0
112.19236868116305  -81.907058033579133  0  0
100.60167050470302  -53.326235096031702  0  0
82.192620057818331  -198.75678938510077  0  0
102.84624720239326  -87.175532061687804  0  0
-127.55854551837677  -226.96038959566874  0  0
-127.53402191750639  -82.435463216908616  0  0
120.92638086426038  -43.272583145914631  0  0
112.10990861284843  -197.41694695287873  0  0
-106.27381139636985  -179.30905313642435  0  0
14.175076712866165  -162.31447370271809  0  0
-105.26462349588732  -179.64814749456511  0  0
111.79216776243099  -81.742830941418063  0  0
122.42502445658175  -71.728902193837627  0  0
113.33864072828975  -198.06148622498358  0  0
115.53872753445366  -72.192331620606808  0  0
120.45747887915057  -195.88373177729167  0  0
-106.714347721541  -101.10069486122667  0  0
22.141043164127776  -166.42204391901197  0  0
-74.614233248868189  -41.434576373111483  0  0
98.318076277068798  -105.13437408725638  0  0
96.308979842648  -203.38881047216381  0  0
108.22180185988918  -80.877969675314404  0  0
112.28694521103667  -197.71205153847939  0  0
110.43051317975932  -71.843390402171721  0  0
-44.859755707717206  -37.457361492414577  0  0
-132.44607408890576  -146.74194738120249  0  0
117.3673542416348  -204.88286923526604  0  0
77.782294028494846  -241.50681470367806  0  0
-128.07088423811746  -114.25791280753509  0  0
-103.57429796744495  -187.03601783779786  0  0
111.6531760580184  -197.64118382466543  0  0
-110.85973173487812  -173.93978298869445  0  0
98.950941155226715  -108.55241859019652  0  0
-126.26120086479952  -98.811336762233324  0  0
-105.72415637911054  -179.99512467070363  0  0
-106.45478184477876  -98.361419656595203  0  0
113.36711161105247  -82.376508584340314  0  0
110.44018085887718  -197.89110567567991  0  0
115.64253209514668  -81.848364240725019  0  0
109.55110562047565  -196.42159596717201  0  0
113.66671590927028  -81.112268188998399  0  0
-109.76510077379923  -108.90444994005833  0  0
103.5497310128566  -199.06967949364835  0  0
123.07176313696287  -115.38389006450497  0  0
-107.46654896172369  -182.63975463188501  0  0
-112.96419984103296  -124.04962696099321  0  0
114.85156198349473  -79.943992217818945  0  0
-113.34149000313589  -87.766924738768168  0  0
106.51923892992629  -242.55984923761574  0  0
101.56530106636851  -106.12992774382334  0  0
-15.409044658324369  -196.45054513739251  0  0
112.78813787882137  -80.976814397371626  0  0
-108.63890786332294  -99.643348001378911  0  0
113.0306593574356  -197.61070796326851  0  0
15.563920186769861  -234.17991084175668  0  0
113.1814510507176  -79.900032098953531  0  0
112.24776572397762  -81.73224047245435  0  0
61.70583923666868  -60.851669981476178  0  0
102.4416533194956  -107.36639132547239  0  0
-105.27415771458004  -179.83101100833173  0  0
134.2480679662753  -179.10696100862742  0  0
37.551691131869902  -209.98828824049556  0  0
-31.692980115008663  -56.137171718554946  0  0
108.21655176705555  -194.94230337920996  0  0
113.59074931254257  -82.533190920232883  0  0
101.85355357062713  -108.08488219772178  0  0
114.87671649066435  -196.10821280810453  0  0
-122.47664380433542  -54.056737285814748  0  0
-107.53402753189265  -208.67297185855801  0  0
110.23356720695382  -79.726555086766211  0  0
-111.10352766089349  -178.0144716044102  0  0
-100.86411881617909  -237.01414047131868  0  0
-104.08444760607139  -193.54223217758386  0  0
15.331267296835172  -43.79957425596497  0  0
-105.13179739799017  -179.78529822750829  0  0
-53.540181029856718  -63.779868974422058  0  0
110.96142892128235  -196.93870157622595  0  0
-23.260296355827595  -67.730497395271158  0  0
113.03438505769462  -197.34136006040643  0  0
-44.157355231928975  -235.45739836985624  0  0
-94.972604458503639  -59.637435728887773  0  0
-4.0623713651236173  -51.857541678228898  0  0
113.40528359438592  -197.46180162704854  0  0
101.31176818248723  -102.22710453455961  0  0
48.059142210273812  -239.10778486588086  0  0
105.2326533689626  -82.188019240253212  0  0
100.44281813675437  -108.24817400840756  0  0
47.037743615495373  -52.956833347915484  0  0
-105.37301604083356  -179.9926293287005  0  0
112.69643776451366  -197.79049349472655  0  0
-34.751990699804381  -71.494668509144304  0  0
-117.25635533670876  -172.91180279956217  0  0
-109.47707598203087  -168.41966437876164  0  0
118.55305436593829  -191.5585971950722  0  0
117.94694089438329  -187.27604865569987  0  0
122.35969805107585  -200.85114862539351  0  0
68.644944213178121  -162.70083697281734  0  0
113.37166877491036  -196.96771458085323  0  0
25.358812916136589  -158.8667406781295  0  0
-79.049492486100007  -197.71155758502698  0  0
-105.34650721709207  -179.41448959584284  0  0
-111.22535226132274  -138.42076634143953  0  0
-111.65827873481321  -131.49632071706304  0  0
-105.13660136001376  -99.456685071489318  0  0
-76.585237087917889  -82.49717627182774  0  0
14.642315634952473  -53.557395358400797  0  0
101.97466953735557  -98.096495309604961  0  0
121.18484982306053  -168.30156484421221  0  0
113.56414938719149  -196.71425738362652  0  0
98.189712919567469  -175.30198691862023  0  0
120.69220794013199  -144.29059981886664  0  0
-68.721722864542443  -201.40140277788257  0  0
-7.0992572371179019  -187.03400262053253  0  0
-109.20156402855542  -96.648902922480389  0  0
111.78714498163806  -197.26597768240757  0  0
-105.86222046602964  -100.17304436591627  0  0
18.938176213993291  -159.27936248755407  0  0
111.32994305079484  -80.946638294878099  0  0
113.79152626405032  -82.831602744100152  0  0
-118.34713548352349  -144.62570168898702  0  0
-104.60623598020729  -98.06827714681495  0  0
-75.70027313976307  -67.799602096245053  0  0
132.77067697096686  -163.64413603865796  0  0
114.04227238024839  -196.72082554813997  0  0
134.61078211035104  -150.06028732931219  0  0
-61.370323782336627  -216.07307400282696  0  0
-2.0814824142143569  -196.98916515022032  0  0
-112.68585202064256  -93.783445302402399  0  0
114.02196581924593  -82.545575425304946  0  0
-105.31634416626646  -98.961145330668316  0  0
-105.35313070450992  -96.035500839953741  0  0
-118.75099877012583  -92.461323840513359  0  0
114.55473882327998  -83.477949232033183  0  0
-72.084069418500533  -173.83984608558828  -40.964970371071367  0
-52.513436058678003  -167.91413989662709  -47.882231220117482  0
60.343573103220059  -143.1559760603904  -14.272455876042621  0
-53.617744681619591  -117.03863672095565  -50.741649679665194  0
33.144789190146426  -152.51934223084535  -6.8330588520383584  0
-48.032570324613758  -191.74231149164814  -19.089275603017722  0
-47.366351126023531  -182.62704819281515  -35.003406493168065  0
38.047074330942813  -127.24506942499018  -7.4462708628112662  0
105.1360935439501  -112.95084600026185  -36.15666751227743  0
71.470146387670596  -150.62966279468361  -9.5068798685213487  0
-43.90904983075243  -98.580151190236634  -36.631755245988955  0
103.72270114425204  -175.24955459872837  -10.578896520540148  0
-62.443323586207619  -123.0664420780747  -52.418814949231887  0
103.96913519153497  -150.96102174183636  -37.090871653426902  0
-75.29077305311985  -97.477872874328952  -31.276433659767186  0
-42.55438479879917  -115.08815883655259  -49.076947688100859  0
-74.618687300116349  -110.16046423391442  -43.663906139491473  0
-33.060575459171517  -109.75761193268622  -43.770642146704986  0
39.731790668803157  -125.77239195804069  -4.1136150262255207  0
104.80860611375417  -164.13495572159943  -36.03726225935447  0
104.26435235627019  -101.24422393439731  -13.116743980973299  0
53.0332491137804  -154.03351843787917  -3.2750211480739702  0
-45.005654419469288  -133.85900512975326  -54.878319469620891  0
-70.774376037563485  -157.22750793462285  -50.667251246232766  0
50.390014763706688  -143.38797419508674  -14.202161729005526  0
31.711751159873661  -128.03450690892242  -8.6934168040021493  0
37.257100467879901  -133.59953836594963  -13.16345266592822  0
103.38239977892246  -127.39381476939957  -32.499568906781114  0
-57.046064047827535  -159.04129957451525  -51.978650443794116  0
0.58923291992241333  -150.97876405437225  -30.873390621298913  0
-15.139899236432921  -110.98249878739936  -35.483158749078363  0
103.77178789261417  -137.98631637551966  -37.38894423581344  0
-40.690513324611949  -143.7906147720241  -54.478846102219215  0
-52.44662331908183  -142.36046814163794  -55.512538536570617  0
-36.84018318788209  -153.43703038562646  -52.146755297455691  0
73.439236648382504  -142.79930988416331  -14.146077718983964  0
-17.799867618865612  -176.4266971701706  -29.531130510661423  0
31.959441082962755  -153.61449087906897  -4.2329706030820669  0
-33.183406225493265  -162.29067482076471  -48.015613129904466  0
-38.527422822851868  -176.50419471094574  -39.870001539394856  0
44.880073724334757  -148.5812043286991  -11.573696266907797  0
-27.151971873318548  -176.60532729501489  -35.506138755621471  0
-34.222595887816411  -102.59505882679932  -38.303557115980986  0
-33.789310246782271  -135.05045725980463  -53.016872921887199  0
55.725201478220853  -148.10193307840555  -12.082990069723989  0
-48.704865496160096  -151.93911855281095  -54.103967539352929  0
43.453823845715192  -152.60450635907435  -6.7579972352551518  0
41.257900699325269  -132.13659668330175  -12.41561764004657  0
53.851534433098571  -149.47767434698994  -10.989020145503986  0
58.89129943378466  -140.08612837759998  -14.698635933537583  0
-27.16336505855449  -127.1673817627717  -49.659197070921984  0
-83.7576441541283  -179.24759517102913  -30.53400954514813  0
-66.291211265934891  -89.758192563931914  -21.703580468093335  0
-82.858577898995492  -151.41859445837221  -48.887464193902474  0
35.691653712268923  -136.64114885658091  -14.182286954050301  0
-75.112515034970386  -138.66027462026631  -52.580529810369633  0
103.12026709055492  -163.13363223879716  -23.291282558734462  0
102.42633133634781  -165.32004324597389  -14.018205705392779  0
41.639933020067119  -138.23469355083284  -14.468518173335966  0
-45.539776356205671  -92.812561436739799  -29.206815180533265  0
45.175333520468506  -130.69690120242129  -11.485017044340429  0
48.104811092689964  -133.52939960236077  -13.27577968352368  0
64.326371171146107  -153.94656928768106  -3.2278191551889175  0
104.10608887182323  -116.97511201619758  -32.494587543991905  0
43.459550473405557  -150.94092405643968  -9.2650345232952258  0
106.00893867198302  -155.03102999926355  -45.45876150887203  0
25.014821579757417  -147.33014310252736  -12.668952021627309  0
-64.349181510424529  -186.46301105369045  -28.470506909687646  0
103.21279686330746  -167.18249790809622  -19.382344163470375  0
104.37735268765407  -173.97841252696085  -23.025492380792212  0
-72.878100391377984  -147.79095064445349  -52.523186921172154  0
-9.9921764106181001  -145.65190436680268  -41.886439443906951  0
-61.200068858567896  -150.4746308171128  -54.069559505846904  0
-41.220456666176709  -169.3853243662268  -45.960613449758334  0
53.388034718984336  -150.8276994971836  -9.6143738129995597  0
-59.919229851712736  -180.92186203756341  -36.796225602803041  0
104.98093718098953  -171.49843269368111  -30.875175051595424  0
-26.560319395570975  -182.93554286548968  -27.049234721648901  0
42.64398621694793  -126.42657849584373  -5.9732941826655939  0
104.70178893193463  -137.00826156656083  -42.939868225675966  0
-70.42385651662039  -189.99529028365708  -18.77974251141065  0
-63.8868011076244  -140.86413797645977  -54.799360869113293  0
-6.1825175820869998  -115.60604213220684  -31.127006736564894  0
100.62637037574616  -131.78258755770221  -21.586026355350739  0
-53.892771907181555  -102.0726988445988  -40.890679059742595  0
23.389646250114229  -154.22040533212223  -3.3828159243854437  0
-8.2400783612229187  -109.37005607169121  -27.599321302955516  0
103.27418510846445  -120.21041345799577  -27.896542975442983  0
-75.945017809415788  -185.14850705575216  -26.023420080238679  0
-35.91639997757715  -182.3816313554087  -32.630730565505011  0
32.024572914585448  -141.38745876608496  -14.444764403517855  0
60.401109096054249  -126.54423146076168  -6.5227685331663414  0
-12.413444276265428  -161.81276289201449  -37.996448389473841  0
21.411154259885738  -131.12868428620638  -12.477798990907489  0
-29.507701651911166  -144.92350108108383  -51.739282523960661  0
102.83657275108101  -157.85805443654166  -25.548868290940351  0
-63.549726831994839  -165.19784617010561  -48.570623542310614  0
24.985218557328192  -142.65804587004803  -14.492221630113857  0
-19.265958768475688  -169.65993760654916  -37.344568467386168  0
67.62191344655109  -130.47759841353206  -11.239108875030977  0
-68.693748489014155  -131.64966367448724  -53.428062002848677  0
50.462771950854908  -127.10645672170732  -7.5321798112996472  0
103.38898034889338  -154.38347154747581  -31.545962570380095  0
103.39447160595034  -115.400428131986  -24.957276394550572  0
105.28802212801612  -184.04985004151843  -10.496767552534665  0
22.092707534487776  -127.49935411526526  -8.8056540345791596  0
48.56583031126064  -153.47881653582095  -4.9673969444324282  0
-5.594443127851358  -106.21148601937861  -19.727448348961094  0
105.52239081065525  -128.1432768049059  -44.967534185169455  0
104.2827928162811  -179.9215310092234  -6.4880913402088245  0
-83.464303508738737  -167.00445247048981  -41.964021241911929  0
47.337358798349491  -147.27573607982396  -12.513085928744738  0
-22.258311534648268  -162.5744351020054  -43.64466491016551  0
101.14115662864639  -162.07954210449219  -9.5858701595336324  0
-21.561013285075735  -120.26054185793738  -44.940970031054498  0
103.81641014019017  -110.07709457663833  -23.37370394611262  0
-61.662571569878381  -173.20811040064282  -43.719446097443665  0
49.522903510129304  -125.44904840911785  -3.4436046901173007  0
102.58544436180462  -117.10387782387288  -19.721811271305782  0
-73.361196559116635  -166.1090039640346  -45.983956423674783  0
52.1046663074045  -126.01870914833761  -5.3603866128260922  0
102.44287425332517  -168.20619730654761  -6.704259698170584  0
-39.599099128234229  -187.65122257185811  -25.801969924194431  0
49.885563942831226  -145.82292118044958  -13.327012599418863  0
39.52731132284638  -142.82772516520146  -14.179818441516209  0
-23.329857102786857  -97.694944734423657  -26.630858279476172  0
103.05467406121763  -147.71395678026934  -31.632598842430134  0
-3.4644786199848947  -167.89479902372707  -23.915283617384041  0
-85.796875387541817  -93.42417027894021  -16.803878414577419  0
37.093635030261233  -129.3739106126753  -10.190872578118405  0
103.37313687066766  -173.98810680421428  -5.2589626302461374  0
52.047114071466773  -131.91704705230603  -12.46270685630085  0
-82.429387494940968  -159.52275362334365  -46.356543863448486  0
105.16139193976913  -104.19882435672541  -27.77984428915811  0
40.601353523694129  -125.30409766031842  -1.974839412800417  0
-56.83420920003109  -86.778699003041567  -16.626348255889162  0
-85.055082969697722  -96.974693818352605  -25.002081654005945  0
-72.052577129509629  -180.40383257869672  -34.461806090395875  0
32.800997643451595  -143.97965287343456  -13.886656509626141  0
-22.978311242912739  -136.20177637351387  -49.463456527658359  0
-23.090437718205468  -112.57118984035817  -41.564702444041693  0
103.90403773932805  -159.17866946690978  -33.009435610696833  0
103.47975929263522  -105.83498560137741  -10.357410680880353  0
62.534547302521666  -138.45425639586617  -14.59240616638469  0
24.800606369705449  -153.07394870676671  -6.344409704399399  0
103.15719221139589  -170.51031078118064  -12.562836936935467  0
45.875247103801712  -141.68924289914031  -14.468196977292648  0
102.63490353757409  -125.71715398645115  -26.821717151992086  0
-50.35239140990101  -175.9003755394435  -42.121225478988933  0
-82.569767047607428  -132.2123346834351  -49.810230596403954  0
103.95032742058662  -168.5406839812359  -25.711731630611911  0
105.16736074883651  -98.46850446732843  -18.280684926974327  0
-52.585665835627552  -187.50713864263437  -28.341557996038812  0
104.32799441813079  -111.00022741671984  -29.291612270831695  0
-84.855514593604596  -115.41059054667727  -43.216943880649829  0
39.097352188092337  -153.20493824837774  -5.3263482592315397  0
-53.440738490313805  -109.52748094469862  -46.669762785510514  0
58.963138768608445  -154.3026672806906  -1.7143440303840112  0
-16.241445273817988  -127.9429848002042  -44.761162834166555  0
103.88716729741398  -122.55177827216129  -34.150855024893133  0
58.917980336414807  -153.569927566525  -4.8801592013916357  0
-84.674986883139937  -102.09610554793463  -32.404406503863065  0
31.326379905197776  -145.62443606258626  -13.295706686231586  0
-25.786154564235694  -154.32467994184955  -48.558492134345315  0
103.69133524371136  -106.29478067750385  -15.612616662917775  0
36.079888385560437  -147.43247647452972  -12.275219948171882  0
48.261903185288311  -136.64402644688124  -14.319742509436301  0
48.417328638188984  -151.9290620548372  -8.0569365469244367  0
-49.502991765481781  -124.54529553530338  -53.399939635141401  0
-15.878204326305561  -103.70395686034061  -28.759803405902499  0
20.833030791836531  -145.23647199928624  -14.186528922123564  0
104.28169817716909  -104.97290264895928  -21.292351593978946  0
-29.824490987341772  -169.90487108680006  -42.453177568202932  0
43.592435094770742  -144.54859791605671  -13.738519790817193  0
42.428531708001636  -135.14686481798387  -13.822018886192472  0
30.055920141577083  -132.26496311845611  -12.547939669845638  0
39.482670068777381  -140.3774885909877  -14.504493378188196  0
30.528816350986471  -134.77321615044508  -13.715397769179678  0
40.321530777269665  -146.06394190896202  -13.059845060623235  0
-64.201861962237714  -114.20809187641953  -48.474350238261259  0
-64.85809229822442  -99.480603273691912  -37.037414179667799  0
-56.92097061692381  -132.32991369562436  -54.975299437622958  0
57.122434956205737  -144.83153527127817  -13.792025396849452  0
-74.008212204140747  -124.81259284026004  -50.730928620035073  0
103.87608395074125  -163.76424326777516  -29.58948815495733  0
-27.645276888566947  -187.47344737773014  -18.923890753290916  0
-81.885150977655314  -187.5199920868404  -16.5339359391246  0
-84.782942232636799  -108.45816009497004  -38.525450673763949  0
48.708120990228466  -139.85040740604833  -14.648263340069327  0
104.11130438753823  -130.28393067319698  -38.552381434656269  0
72.316366540524569  -149.40065120057076  -10.75245314076739  0
60.914133976264523  -125.61075483411985  -4.1073126448917732  0
104.68539080680756  -156.47972586227957  -39.528642918232435  0
62.267011284378874  -131.72158132761803  -12.287853876466258  0
-17.673606723882148  -182.35909651006483  -19.870998147074797  0
53.858333337105108  -128.26269188038802  -9.2493679402769811  0
26.359142857921896  -137.31339160011845  -14.523568948022545  0
-13.606612151117169  -136.81134717256217  -44.629013392183502  0
49.360724125527696  -129.39929014132943  -10.429496804066266  0
-9.9424376767142881  -174.88805867602267  -23.42396702259451  0
-12.108523518807132  -182.63007733250242  -8.4954472862249286  0
65.745611267816201  -147.19412771888577  -12.502934165554679  0
63.051724531945005  -129.05172053265358  -10.039615668975207  0
-38.316228138973173  -124.9143214156379  -52.16551302058464  0
-44.821557784378776  -161.0986245194284  -50.850561231511243  0
104.87335329577083  -146.90799334807951  -43.244415471304734  0
-74.863238891318574  -103.50375735186951  -38.241114605206135  0
-15.712370548083028  -154.39108332268123  -43.569490517210866  0
75.026835488887414  -153.79675053192116  -3.3693892616320338  0
1.4010812546834233  -120.60006366927122  -25.623120568399848  0
103.86611750912705  -144.17491870260673  -37.808191294113136  0
-31.644825632085244  -117.87098326010216  -47.905477622721598  0
44.024266577010188  -149.83042000468006  -10.479388563034593  0
104.46496774222125  -178.71795390670476  -14.956021588378315  0
34.338769497392057  -148.85065519071546  -11.267375005540469  0
102.24686081182571  -151.11908374898127  -25.974942938658476  0
103.77899267227077  -172.82941700394198  -17.521909260168361  0
53.742577186054255  -135.05523519808492  -13.955845388195112  0
62.040915531373052  -127.63103171000229  -8.3136023552797322  0
-64.149910292003526  -106.35427193387976  -43.456299184589078  0
32.112425165242328  -139.15600321798368  -14.531346271198892  0
58.490120571187909  -133.3114636542492  -13.247568369306764  0
-13.166179980214782  -100.01965150151491  -20.022987505432898  0
-19.198755063883219  -145.66873851550287  -47.469876620596779  0
72.80413268599645  -128.1527118551399  -8.7380900972263227  0
-82.950778473849766  -173.71642203886665  -36.973578597750496  0
-76.19330420374844  -92.810671101275531  -23.17724268770429  0
34.349025725683319  -130.70235316098669  -11.389836587353692  0
102.17056938309155  -133.61205218082952  -27.369684942199598  0
0.13295230136829864  -114.3740038923995  -21.724164163523341  0
67.446485932946459  -144.09262811441309  -13.862642538655805  0
99.33824212099583  -155.94314809734783  -12.606362573634543  0
-43.477164868065685  -106.27976992797518  -43.706060521010912  0
102.87291033577399  -140.86160249611632  -31.529985265485323  0
101.89144462418182  -159.70973062238127  -17.963519352776473  0
-65.617525792351742  -93.787128208791202  -29.476951772595847  0
55.277776651355254  -141.64240653014423  -14.587344540359279  0
-12.888586207509556  -119.29770094151881  -39.287716042699991  0
-55.034261722038529  -95.64151122322582  -33.82241774416859  0
-59.22204155889365  -191.3708658849574  -19.744098049301261  0
103.20429105991293  -133.92934465143352  -33.075213549681941  0
-24.297700443967056  -104.30499240099445  -35.503992482665453  0
68.980160583038838  -126.13742949489853  -5.1707154071255514  0
-84.301175171777018  -123.41150799078919  -47.031877335979523  0
-55.858191380806765  -90.416783681097812  -25.556953293629725  0
-74.626633418964502  -117.03434117131134  -47.593867624365757  0
56.70838734092451  -130.37735980482859  -11.387408927121301  0
104.7173613257312  -122.30506727724146  -39.434881342331465  0
-30.323362851493506  -191.15185762602604  -9.1298056995595651  0
106.35452211172425  -92.225719506574336  -11.821646131641474  0
106.48203930245238  -104.83508146051132  -34.783563065340459  0
108.64598090285182  -95.625041627956875  -30.1390340761935  0
-77.112037298669975  -89.890657752112162  -15.114356406740056  0
-54.311676876210278  -84.806599358054754  -8.5893173385114014  0
108.48354388344906  -173.23536795627791  -41.232132456399192  0
-52.950311002440294  -194.35993122137236  -10.052325967617458  0
-94.281752251449632  -122.69660170243789  -42.451570991281478  0
105.38861192356954  -179.93067787871567  -22.204278576112166  0
106.6903446822582  -187.79155668832666  -12.753285680133837  0
57.703559964452118  -146.60793781884192  -12.99063787209491  0
71.695137734042675  -154.08197968977416  -1.7191869396418897  0
41.736565249621641  -153.83899016795888  -3.407153547552765  0
37.246097091101284  -151.63327270742496  -8.2515676368549364  0
106.21321850379474  -165.90748124973368  -40.867217733340325  0
108.647307413596  -140.79856826424904  -53.385092228375633  0
106.32823981189331  -116.76071557260295  -43.135168183135633  0
106.60506834960587  -96.28908107155479  -23.890984944329528  0
104.90392329657784  -96.520672911809683  -8.3537559718797034  0
107.73829548431718  -128.25148310262733  -50.628497291790453  0
66.770143754190627  -125.3431565223262  -2.3959212085236694  0
-6.0279223045349157  -102.07790977368052  -11.128335715999437  0
71.009767142292077  -127.09763778079558  -7.1500498659556637  0
28.617836062474051  -125.3567469527391  -2.8734166582231242  0
52.899794388028937  -138.21516879872772  -14.626555884764617  0
55.036016660061229  -125.10833379566307  -1.9038086432583414  0
33.595420371689187  -154.08623315347046  -1.9787937663153015  0
43.223767574796838  -128.28345057618409  -9.0422620281135213  0
-3.7183192268701006  -176.06621416881976  -7.8605321112554041  0
-37.182403171962143  -190.94831526973488  -17.007694624426311  0
-33.199202787876224  -96.474976449963023  -30.787555473430881  0
-84.196283088605142  -142.48646611836656  -49.731650947241249  0
-28.166867117315778  -92.026004221480818  -19.646235648676804  0
-75.378990663107999  -87.687834454292229  -7.2963319630880488  0
-93.561706369810707  -160.71946514707733  -40.981664870723328  0
-94.869833759649495  -116.67751287345735  -39.197206479700426  0
-94.403351780638076  -106.24075839103395  -31.090533725899569  0
-94.540337777437074  -101.77626258452983  -25.340982061832648  0
-93.418027822383607  -137.4821286705004  -46.069027833154877  0
-93.528416253343948  -153.68835479075574  -43.897866471536879  0
-63.746890419352994  -193.59903748222797  -10.063709340125779  0
-41.901097756828023  -193.74365389093151  -9.151661544708805  0
-87.180880421635166  -182.84009575131921  -22.623762042460033  0
-19.613005392536948  -94.515776914461441  -16.340759084162947  0
-10.201090078880236  -168.32670443272497  -31.353589627635834  0
-20.605099831602534  -187.07091918257555  -10.517283029691209  0
-46.920438203662961  -88.043775995508639  -19.900136980361019  0
-67.503579249242208  -87.351441737647178  -14.231842728599839  0
-93.890109399234532  -167.0876079872221  -36.845120503879031  0
-94.035241851346896  -182.68169580189135  -15.942222126481484  0
-94.846366726235047  -177.47952990097554  -25.301316493137758  0
-74.421808219648611  -191.64851801589475  -9.2584308038211223  0
-94.682019370158727  -95.875347750106855  -12.401538267174288  0
-93.755565937755037  -172.88097769593193  -31.816281338498481  0
101.80657225581275  -123.71680527660241  -21.217002085453739  0
-94.76827571693093  -111.31129946276963  -35.564519634183924  0
-7.2296751614211665  -128.48785342530496  -38.621963854893245  0
57.925063773142853  -152.0211140679227  -8.0391128217810923  0
-64.293580343476393  -85.480723463443198  -7.6466798367051503  0
0.24829316515490402  -107.1692832022628  -6.8394961314175715  0
103.17025655672782  -111.14267721228082  -17.237368721791132  0
-94.681476755136543  -98.289638340392685  -18.963205371063058  0
-85.508513665353149  -91.073199717103591  -8.3484370523384897  0
103.91635739374273  -101.73805399104167  -5.8550324847377944  0
-85.124609955701899  -188.44547796110552  -8.482072845723243  0
73.393976715480193  -131.60277872012568  -12.006185169315707  0
1.2645995558918814  -110.52219682410876  -13.41495405496882  0
108.55170503776421  -88.794099137761506  -15.633288064940421  0
106.40688056003422  -175.37614248230204  -33.67483945964819  0
-93.600501021243275  -129.80136646112908  -44.963545725728139  0
64.234799932415825  -148.64841022344021  -11.548487887958608  0
46.273922904773784  -154.20662547088912  -1.7406728589672  0
108.43866153752379  -163.61662394712999  -47.384870924457282  0
106.2098699231915  -140.67625961709646  -48.52962548524772  0
108.60828533337086  -116.33421217132731  -47.94759496682066  0
108.5201884817654  -105.58136407978105  -40.824157247864157  0
-12.518123777483561  -96.683699383056137  -9.3964898669227548  0
75.48553076143989  -129.32817319996781  -10.133347621217444  0
6.1511310640818584  -117.69537043579669  -13.929907231432646  0
-94.00170086972534  -145.8649739963962  -45.442008939946547  0
-9.3877218265841922  -178.61960141348501  -15.436036346699298  0
-45.046386456491007  -85.459944168178126  -10.208536474862244  0
-36.956375557764936  -88.085008194455668  -15.700395925774721  0
-94.862190026847429  -184.46328729258857  -7.9389981004585444  0
53.555080936752368  -152.88720829039988  -6.5113044049988211  0
-95.242713864475391  -94.845198368098593  -6.2184554131769838  0
63.873963351536354  -134.84077749149859  -13.786134842471093  0
108.01348754934503  -152.54648429590841  -50.788594261918213  0
-37.037883134463286  -91.46400565048468  -24.201756647702389  0
33.547050583876839  -150.24092314864868  -9.9891386699865539  0
62.733728211012846  -149.94676657686605  -10.458278819324013  0
65.964702182807557  -141.67200163034619  -14.438149321413126  0
66.361476535432431  -145.610498265307  -13.310565794506394  0
-6.8296067189904441  -153.57053606488006  -37.405535506080049  0
60.542845235581154  -136.67653156834422  -14.367119581963868  0
101.66240737401785  -141.90654499978959  -25.938711071377757  0
10.350615216866046  -120.39150029520538  -8.3369754802402731  0
-5.7742752987750521  -136.74375639836074  -38.907704878985591  0
-4.5333741790540421  -122.36438248061671  -33.751430984990506  0
5.0055002592245215  -142.94103900388151  -27.334035423557793  0
8.2461764205914836  -123.04355325965817  -16.451681930475935  0
6.6839286713768988  -115.02568704387143  -5.8523665218037131  0
30.594274764911503  -126.36711326334044  -5.8799837627993057  0
73.619255499279049  -152.68492905313505  -6.4130430897357291  0
14.107685638160701  -128.67157125651369  -13.960975698298963  0
-3.7311879504869498  -160.08719806341185  -31.137308696709901  0
67.967828327126767  -151.8770063093273  -7.9311505034624705  0
-2.0029910990601989  -144.43080406076376  -35.256117235517699  0
-2.3442974246689405  -172.12267337302859  -15.428760056154239  0
69.230367496260243  -139.89840904802776  -14.509586291363014  0
63.565856422551278  -152.80578240733536  -6.4885320524299601  0
1.05301487290243  -127.97143445635048  -30.152159291472405  0
68.350282068905585  -132.96834842912261  -12.871240818185717  0
3.0692942849097888  -168.7634363920202  -7.3612222743429649  0
27.78202664172241  -151.47654963896525  -8.7279402761660485  0
84.874029983024997  -145.94293289923579  -13.664885823809094  0
77.102724547835948  -144.58411056195945  -13.689883628865291  0
1.8438236158720365  -161.18838942658738  -22.961597549642839  0
62.823800442691741  -151.07418158928979  -9.216603169453327  0
95.497753657489071  -151.61502009332136  -12.525751607793186  0
84.420938934666012  -154.45923156046871  -2.5496549383734526  0
2.9201893378189454  -165.61940056952358  -15.428990742412724  0
26.032207268533995  -129.48046697902879  -10.613711303553254  0
71.052515858972527  -137.83781275774791  -14.368862793116739  0
74.780914338513526  -146.30080585904389  -12.900236734388598  0
77.120412833031438  -141.18796318036982  -14.459169322555516  0
25.19016947583215  -149.20384233049481  -11.317738097717395  0
80.426656301604524  -153.53296512429608  -4.8917427793891841  0
88.828562984678598  -149.6285287059452  -11.937328945858924  0
73.413619370976718  -147.95262002185248  -11.899971825955896  0
0.84518880381121553  -136.24311846576506  -32.4016355144649  0
71.98961672238373  -136.0707852815296  -14.020759296608148  0
3.7888315342118406  -154.67888285615379  -24.929674780463191  0
6.6745633784630538  -126.45673883326189  -21.640126945438155  0
73.377849709137351  -134.27204041918233  -13.42570181172214  0
80.098949172650038  -132.75892457346126  -12.906454852658214  0
106.84928156993773  -183.36493832195328  -24.603196791618515  0
78.857453004212587  -139.21718558604189  -14.587665680376219  0
85.913431987297002  -140.78277555788  -15.098287850039517  0
9.5354461838571307  -138.97720430074747  -21.900214111933916  0
101.06600278570735  -152.85614919438993  -20.228987430656659  0
81.026393333390828  -149.32207862346135  -11.123677882992002  0
10.009964754508534  -131.87766863428791  -19.911113226304632  0
77.033181110577928  -151.71751265428071  -8.1726277793349684  0
21.60643646698886  -125.40951045094612  -4.90945768462245  0
15.618083991258528  -124.66721249440057  -7.6939596660136891  0
7.3344834582642031  -158.31687128746674  -15.980049465994744  0
81.803318161582027  -147.70246648396611  -12.40113151811663  0
69.172517756245398  -153.35942394422349  -4.9003121538138936  0
100.04552231563237  -144.61063391820795  -21.193028026093923  0
7.4541954649125426  -147.46824785794448  -23.114348636141756  0
108.82878956578571  -188.97571031748097  -21.251478132073427  0
108.75543798469555  -182.07350245614995  -32.753074699605243  0
8.2549396280089855  -161.88318906816187  -7.4502483616834843  0
80.430818125996637  -150.73665314414171  -9.6684653159860172  0
108.8471563702048  -192.53208739188744  -9.5570631005184996  0
21.520311809373919  -134.41585171432919  -14.169154490157709  0
93.089695776555885  -142.86177853247773  -16.091872530452505  0
84.016622385800233  -143.12889188248243  -14.540306334578364  0
97.50374253339622  -146.94079521858376  -17.052952650165064  0
21.149650879249208  -139.90074309334742  -15.176183002033833  0
13.886602715676753  -144.02263208859259  -17.414356651259791  0
81.325280046485986  -137.26274410713407  -14.523721397410666  0
98.017906918822717  -136.48076260760629  -18.702661386474915  0
5.8392391807782431  -133.93911474136812  -25.811014992874707  0
90.276891735991782  -154.67373700548546  -4.9313344186125709  0
9.7402359925229529  -151.6358962613032  -18.105222123440974  0
91.809823420257558  -147.41360316532607  -14.101763329756727  0
11.535560501806954  -156.68162493722579  -10.29544779710502  0
88.568332238097497  -152.01592625095867  -9.3903207143442113  0
82.25076352995319  -134.93885863345969  -14.003978953165822  0
89.375184873546416  -132.30868371605754  -13.751514799334185  0
95.184333034468409  -155.04481902977511  -7.6463252951917289  0
83.951363076030589  -152.87468813343719  -7.0302172761978197  0
20.481970670817422  -151.31037560924014  -9.9488468803487429  0
15.323359607382457  -150.29394342415586  -13.354388739508517  0
15.224385774745853  -136.23538035570067  -16.74674929300102  0
91.035957809653411  -137.45643944634267  -15.749630989755579  0
81.41969123029395  -130.5113834211852  -11.516505126130101  0
94.779967837172933  -132.96774929299337  -15.58171581490177  0
16.244252786858805  -154.93780445863175  -6.5285201785213545  0
112.25567482349773  -137.25028053573567  -57.503895570856969  0
112.25655216594846  -82.19467096605058  -2.4241530827540632  0
112.25525852156676  -133.25087478159799  -57.193432900413065  0
112.25555406636012  -82.485441391202045  -6.2600210280872828  0
112.25550628731203  -83.095982762475032  -10.424807697602716  0
112.25363754282759  -129.22864304364222  -56.594662434192919  0
113.29179955828435  -147.37740882302012  -56.630711089351848  0
113.23509267013935  -194.41862628619441  -16.83355830026639  0
113.06955007672255  -172.11134041433189  -47.412516769029395  0
113.04201170121536  -145.60356145276347  -57.149357216706996  0
113.23784060636453  -156.62565432527444  -54.685828559825524  0
113.13639813512563  -176.53897788659509  -43.981296378455077  0
113.1179956822709  -165.22759855710743  -51.399274731830978  0
112.91012003505107  -153.89759299237022  -55.754011269309494  0
112.87395666433949  -178.82009950300909  -42.208795586404861  0
112.92302773159784  -148.97396363443301  -56.774488289945253  0
113.24130179893632  -190.21554967782785  -26.918100101677169  0
112.90670279284923  -186.0781884903702  -34.048987529254681  0
112.92324378032757  -168.94839759207503  -49.536528149239004  0
113.10117022681331  -196.97809920166316  -3.8149221049961519  0
112.90588599408238  -195.40476690614202  -14.397693795326209  0
112.91320737196801  -182.37910860454332  -38.579824598651342  0
113.28734119578075  -195.41418970349096  -12.765932777297058  0
112.90899683979946  -189.15480375246904  -29.400102219568009  0
113.24428578534399  -151.83099906978495  -55.934845256238077  0
113.14080503281491  -192.11640144512197  -23.312394547968402  0
113.25329266687346  -178.99501728004302  -41.594452721105419  0
113.22647712506311  -187.64788958928031  -31.304292215783384  0
113.24038678859256  -161.43203114456165  -52.955516277459054  0
112.9048986670422  -193.85928113027489  -19.420113282016082  0
112.87570299328507  -196.72682553297989  -7.7343649504164294  0
112.91980892806946  -159.0439243987266  -54.178844889243507  0
113.27083971178317  -142.87750175522152  -57.101645085380646  0
112.84396185257852  -142.73198944425835  -57.481764501580024  0
113.27369251861276  -192.97782598370992  -20.774101928772357  0
113.29354335231577  -170.19171208095594  -48.330233246289453  0
113.27589906116052  -196.39858715564051  -7.4084693811800602  0
113.29339886545326  -166.84794408445828  -50.284992132237669  0
112.85380208002138  -191.41715070247099  -25.263545886282234  0
112.85080089477252  -163.55704952921221  -52.382118244966584  0
112.85265516530571  -174.35331668653018  -45.957695012774487  0
113.07977383030574  -196.12638617572225  -10.655268757975749  0
113.2675998027328  -181.79702788416586  -38.719612182412128  0
113.22594223670949  -184.68566931176071  -35.43073844163159  0
113.29134698935053  -174.17385128454484  -45.58116706824476  0
Triangles
4190
754 742 741  1
47 782 48  1
788 808 806  1
61 796 761  1
58 765 57  1
801 802 747  1
791 767 772  1
801 747 740  1
760 743 69  1
62 745 61  1
65 64 823  1
786 821 739  1
758 823 763  1
3 819 63  1
819 757 738  1
797 67 781  1
63 738 64  1
2 745 62  1
60 786 59  1
797 814 760  1
787 802 792  1
748 759 751  1
754 816 742  1
70 766 71  1
799 795 780  1
4 746 79  1
742 809 764  1
746 748 78  1
746 78 79  1
49 777 773  1
779 77 778  1
796 804 802  1
764 753 811  1
48 782 777  1
1 822 46  1
803 782 770  1
743 760 759  1
807 740 787  1
819 56 757  1
56 819 55  1
58 789 765  1
52 804 53  1
749 815 783  1
758 817 772  1
822 803 770  1
749 811 753  1
816 754 74  1
779 799 737  1
70 69 743  1
737 799 780  1
798 744 752  1
798 795 744  1
745 2 54  1
805 796 745  1
746 4 71  1
746 766 748  1
796 61 745  1
768 792 51  1
77 779 76  1
743 748 766  1
50 773 768  1
803 749 782  1
798 812 790  1
750 815 774  1
76 809 75  1
748 778 78  1
794 771 762  1
820 771 739  1
783 782 749  1
753 764 737  1
73 800 72  1
73 74 754  1
767 744 785  1
814 795 755  1
740 820 801  1
807 787 768  1
56 784 757  1
788 740 756  1
66 781 67  1
66 65 758  1
759 799 751  1
759 748 743  1
759 814 755  1
760 69 68  1
60 61 761  1
761 796 776  1
767 791 744  1
793 739 771  1
738 823 64  1
738 757 763  1
742 811 741  1
75 816 74  1
784 769 757  1
786 739 789  1
766 746 71  1
766 70 743  1
67 797 68  1
744 791 752  1
768 51 50  1
768 813 807  1
769 763 757  1
784 793 769  1
47 46 770  1
754 803 800  1
794 793 771  1
793 789 739  1
758 781 66  1
817 791 772  1
773 50 49  1
815 750 813  1
753 790 774  1
750 808 756  1
821 786 776  1
802 801 775  1
786 60 761  1
776 796 775  1
777 49 48  1
782 783 777  1
77 78 778  1
778 748 751  1
778 751 779  1
779 737 764  1
795 798 780  1
750 812 808  1
781 758 772  1
772 767 781  1
782 47 770  1
749 803 741  1
815 749 753  1
777 815 813  1
784 56 57  1
57 765 784  1
795 814 785  1
767 785 797  1
59 789 58  1
786 761 776  1
740 807 756  1
740 747 787  1
818 762 771  1
818 810 762  1
789 793 765  1
789 59 786  1
790 753 737  1
737 780 790  1
791 817 810  1
752 810 806  1
52 51 792  1
792 768 787  1
793 794 769  1
793 784 765  1
763 817 758  1
763 769 794  1
795 799 755  1
795 785 744  1
796 805 804  1
796 802 775  1
797 760 68  1
797 781 767  1
774 790 812  1
790 780 798  1
799 779 751  1
799 759 755  1
800 822 72  1
800 73 754  1
771 820 818  1
821 820 739  1
792 802 804  1
802 787 747  1
803 822 800  1
803 754 741  1
53 805 54  1
804 52 792  1
745 54 805  1
805 53 804  1
752 808 798  1
810 752 791  1
807 813 750  1
750 756 807  1
808 752 806  1
808 788 756  1
809 76 779  1
779 764 809  1
810 817 762  1
810 818 806  1
811 749 741  1
811 742 764  1
812 798 808  1
812 750 774  1
813 768 773  1
773 777 813  1
814 759 760  1
814 797 785  1
815 777 783  1
815 753 774  1
816 75 809  1
809 742 816  1
817 763 794  1
794 762 817  1
820 740 788  1
788 806 818  1
738 63 819  1
819 3 55  1
820 821 801  1
820 788 818  1
821 776 775  1
775 801 821  1
770 46 822  1
822 1 72  1
823 738 763  1
823 758 65  1
830 827 829  2
826 98 104  2
826 96 97  2
827 80 88  2
100 824 101  2
87 824 100  2
91 831 829  2
87 100 6  2
94 831 93  2
824 86 85  2
827 830 828  2
8 104 99  2
104 98 99  2
98 826 97  2
96 826 825  2
85 828 824  2
82 828 83  2
92 831 91  2
96 825 95  2
95 825 94  2
91 829 90  2
91 7 92  2
89 829 827  2
824 87 86  2
81 827 82  2
80 827 81  2
5 88 80  2
828 85 84  2
101 832 102  2
103 832 826  2
830 833 832  2
826 104 103  2
826 832 825  2
828 830 824  2
827 88 89  2
828 84 83  2
828 82 827  2
829 89 90  2
831 833 829  2
833 831 825  2
824 832 101  2
831 92 93  2
831 94 825  2
832 103 102  2
832 824 830  2
825 832 833  2
833 830 829  2
840 834 837  3
834 123 126  3
115 835 114  3
121 839 120  3
125 837 834  3
839 118 119  3
837 112 111  3
112 837 124  3
124 10 112  3
834 840 839  3
122 834 121  3
12 126 123  3
123 834 122  3
840 836 835  3
107 838 108  3
835 116 117  3
835 117 118  3
116 835 115  3
11 116 115  3
836 840 838  3
105 9 113  3
838 110 109  3
105 836 106  3
106 836 107  3
834 126 125  3
110 838 837  3
114 836 113  3
118 839 835  3
836 105 113  3
836 114 835  3
837 125 124  3
837 111 110  3
838 109 108  3
838 107 836  3
839 119 120  3
839 121 834  3
835 839 840  3
840 837 838  3
865 863 853  4
16 860 148  4
863 852 845  4
151 150 869  4
846 155 154  4
867 866 859  4
155 846 147  4
851 145 146  4
844 851 846  4
866 138 139  4
144 847 143  4
140 141 866  4
851 858 145  4
859 853 863  4
870 137 867  4
138 867 137  4
136 870 135  4
856 868 862  4
856 129 130  4
852 863 842  4
859 866 850  4
856 127 128  4
862 157 156  4
868 131 132  4
841 854 845  4
157 862 841  4
856 13 127  4
147 15 155  4
856 128 129  4
13 856 156  4
858 144 145  4
144 858 847  4
151 844 152  4
853 850 857  4
153 846 154  4
141 140 14  4
869 855 849  4
844 153 152  4
158 157 841  4
134 135 870  4
159 848 160  4
159 852 842  4
855 869 860  4
861 161 160  4
844 151 869  4
843 855 861  4
841 852 158  4
845 870 867  4
146 147 846  4
846 153 844  4
864 848 865  4
143 857 142  4
161 861 855  4
848 159 842  4
851 844 849  4
855 860 162  4
139 140 866  4
850 142 857  4
146 846 851  4
851 849 843  4
852 159 158  4
852 841 845  4
857 143 847  4
848 864 861  4
854 841 862  4
868 134 870  4
843 849 855  4
855 162 161  4
856 130 131  4
131 868 856  4
142 850 141  4
857 847 853  4
858 851 843  4
858 864 847  4
859 863 845  4
845 867 859  4
150 860 869  4
860 16 162  4
861 160 848  4
864 858 843  4
862 156 856  4
132 133 868  4
853 859 850  4
863 865 842  4
853 847 864  4
864 843 861  4
853 864 865  4
865 848 842  4
141 850 866  4
148 860 149  4
137 870 136  4
866 867 138  4
870 845 854  4
854 862 868  4
860 150 149  4
869 849 844  4
854 868 870  4
134 868 133  4
871 880 872  5
874 883 875  5
880 871 873  5
890 167 882  5
879 174 886  5
162 170 890  5
170 162 16  5
877 162 890  5
881 887 158  5
163 171 891  5
888 875 886  5
176 175 18  5
878 179 180  5
876 180 181  5
156 183 13  5
182 156 876  5
182 876 181  5
886 889 879  5
176 874 888  5
878 178 179  5
178 878 874  5
873 885 160  5
174 888 886  5
167 890 168  5
882 891 884  5
176 888 175  5
171 884 891  5
880 877 882  5
159 885 881  5
166 891 882  5
891 166 165  5
173 872 172  5
172 884 171  5
872 879 871  5
873 160 161  5
161 877 873  5
874 177 178  5
887 881 883  5
889 886 875  5
885 873 871  5
156 182 183  5
876 157 887  5
877 161 162  5
168 890 169  5
878 180 876  5
876 887 878  5
879 889 871  5
879 872 173  5
873 877 880  5
884 880 882  5
158 887 157  5
158 159 881  5
882 167 166  5
880 884 872  5
881 875 883  5
883 874 878  5
171 163 17  5
884 172 872  5
881 889 875  5
885 159 160  5
174 879 173  5
875 888 874  5
883 878 887  5
157 876 156  5
888 174 175  5
874 176 177  5
889 881 885  5
885 871 889  5
170 169 890  5
890 882 877  5
891 165 164  5
164 163 891  5
908 915 900  6
898 928 914  6
895 926 930  6
111 918 110  6
198 923 903  6
155 903 154  6
917 918 911  6
931 170 16  6
168 169 930  6
112 918 111  6
898 915 893  6
167 933 166  6
153 903 901  6
107 917 906  6
167 930 926  6
184 928 10  6
928 112 10  6
164 933 904  6
197 17 163  6
904 163 164  6
900 909 908  6
197 904 196  6
163 904 197  6
920 189 190  6
188 896 187  6
189 920 896  6
189 896 188  6
187 896 186  6
191 920 190  6
192 191 19  6
899 917 911  6
895 919 913  6
902 892 907  6
196 921 909  6
15 903 155  6
932 901 929  6
148 931 16  6
898 916 894  6
153 901 152  6
150 151 932  6
925 905 924  6
200 910 199  6
9 906 201  6
906 9 105  6
897 148 149  6
107 906 106  6
892 192 193  6
193 907 892  6
905 925 922  6
112 928 918  6
925 924 897  6
109 918 917  6
170 930 169  6
930 931 895  6
186 914 185  6
896 920 892  6
149 932 897  6
912 911 894  6
902 898 914  6
900 915 907  6
200 201 899  6
899 912 910  6
194 907 193  6
194 195 900  6
152 932 151  6
903 153 154  6
914 186 896  6
896 892 902  6
903 15 198  6
903 923 901  6
909 900 195  6
933 167 926  6
912 899 911  6
916 898 893  6
899 201 906  6
906 105 106  6
907 194 900  6
915 898 902  6
908 919 893  6
905 893 919  6
195 196 909  6
913 909 921  6
929 923 927  6
910 200 899  6
109 917 108  6
918 109 110  6
922 894 916  6
927 922 925  6
909 913 908  6
931 930 170  6
914 184 185  6
914 896 902  6
902 907 915  6
915 908 893  6
893 905 916  6
894 922 912  6
917 899 906  6
917 107 108  6
894 918 928  6
894 911 918  6
919 908 913  6
919 924 905  6
920 191 192  6
192 892 920  6
921 196 904  6
921 926 913  6
912 927 910  6
922 916 905  6
923 198 199  6
199 910 923  6
924 919 895  6
931 148 897  6
929 927 925  6
927 912 922  6
921 933 926  6
165 166 933  6
923 929 901  6
923 910 927  6
928 184 914  6
928 898 894  6
925 897 929  6
932 152 901  6
926 895 913  6
930 167 168  6
897 924 931  6
924 895 931  6
929 897 932  6
932 149 150  6
933 921 904  6
933 164 165  6
935 190 189  7
126 934 125  7
935 191 190  7
936 189 188  7
934 940 938  7
191 212 19  7
210 209 20  7
191 935 212  7
208 937 207  7
209 937 208  7
940 204 205  7
207 940 206  7
934 202 203  7
212 935 211  7
202 934 126  7
202 126 12  7
934 203 204  7
940 207 937  7
936 939 938  7
184 939 185  7
186 939 936  7
125 939 124  7
10 124 184  7
186 936 187  7
939 934 938  7
204 940 934  7
211 937 210  7
189 936 935  7
935 938 937  7
936 188 187  7
937 209 210  7
937 211 935  7
938 935 936  7
934 939 125  7
939 186 185  7
939 184 124  7
205 206 940  7
940 937 938  7
962 120 119  8
946 203 202  8
950 957 943  8
941 81 82  8
942 943 957  8
11 224 116  8
942 958 948  8
123 953 948  8
118 962 119  8
226 941 225  8
214 959 213  8
84 950 83  8
215 952 214  8
957 86 964  8
202 948 946  8
953 120 962  8
205 204 963  8
203 963 204  8
965 963 954  8
218 955 217  8
963 203 946  8
955 215 216  8
951 209 208  8
222 960 945  8
218 961 955  8
220 961 219  8
963 944 954  8
116 956 117  8
221 220 21  8
215 955 952  8
959 958 942  8
205 965 206  8
965 205 963  8
86 87 964  8
952 944 958  8
947 962 956  8
953 123 122  8
84 957 950  8
80 941 226  8
941 80 81  8
121 953 122  8
226 5 80  8
225 956 224  8
82 950 941  8
86 957 85  8
123 948 12  8
120 953 121  8
947 950 943  8
222 945 221  8
207 206 965  8
961 218 219  8
960 949 945  8
948 953 942  8
958 959 952  8
956 118 117  8
947 225 941  8
946 958 944  8
948 202 12  8
945 949 955  8
949 954 944  8
950 947 941  8
950 82 83  8
223 960 222  8
208 965 951  8
213 959 6  8
952 955 949  8
953 962 943  8
943 942 953  8
944 963 946  8
954 960 951  8
955 216 217  8
955 961 945  8
956 116 224  8
956 225 947  8
957 84 85  8
942 964 959  8
944 952 949  8
958 946 948  8
6 964 87  8
959 214 952  8
960 223 951  8
954 949 960  8
961 220 221  8
221 945 961  8
962 118 956  8
962 947 943  8
209 223 20  8
223 209 951  8
964 6 959  8
964 942 957  8
954 951 965  8
965 208 207  8
230 968 229  9
977 220 219  9
232 966 231  9
966 234 235  9
233 966 232  9
968 975 974  9
220 977 240  9
975 968 966  9
21 220 240  9
969 218 217  9
977 972 967  9
234 966 233  9
235 234 22  9
231 968 230  9
229 973 228  9
102 971 970  9
967 237 238  9
970 974 972  9
976 215 214  9
8 973 104  9
973 8 227  9
973 227 228  9
974 973 968  9
215 969 216  9
218 977 219  9
977 967 239  9
215 976 969  9
213 976 214  9
6 100 213  9
966 235 236  9
236 975 966  9
238 239 967  9
101 976 100  9
104 971 103  9
968 231 966  9
969 217 216  9
976 972 969  9
972 974 967  9
970 101 102  9
971 102 103  9
973 974 971  9
972 977 969  9
972 976 970  9
971 104 973  9
973 229 968  9
967 975 237  9
974 970 971  9
975 236 237  9
975 967 974  9
976 213 100  9
976 101 970  9
239 240 977  9
977 218 969  9
982 269 270  10
991 998 997  10
23 259 241  10
249 981 250  10
247 988 248  10
269 996 268  10
991 271 272  10
245 987 246  10
978 267 996  10
265 989 264  10
989 262 263  10
989 263 264  10
261 984 260  10
241 984 242  10
261 979 984  10
259 984 241  10
242 990 243  10
990 242 984  10
243 990 244  10
978 265 266  10
996 267 268  10
283 993 282  10
980 998 995  10
271 982 270  10
990 984 979  10
250 994 251  10
252 983 253  10
992 257 256  10
282 993 281  10
278 980 277  10
254 992 255  10
983 252 994  10
285 986 284  10
986 286 258  10
986 258 257  10
993 283 986  10
258 286 24  10
286 986 285  10
983 993 992  10
284 986 283  10
280 980 279  10
279 980 278  10
280 993 980  10
274 985 273  10
25 991 272  10
275 995 985  10
275 985 274  10
267 978 266  10
988 249 248  10
987 244 990  10
262 989 979  10
277 995 276  10
998 983 994  10
981 249 988  10
246 988 247  10
997 978 996  10
982 271 991  10
983 254 253  10
994 252 251  10
984 259 260  10
979 261 262  10
985 25 273  10
995 275 276  10
257 992 986  10
992 256 255  10
987 989 978  10
997 981 988  10
988 246 987  10
997 998 981  10
989 265 978  10
979 987 990  10
987 979 989  10
244 987 245  10
991 25 985  10
991 997 982  10
992 254 983  10
992 993 986  10
993 983 980  10
993 280 281  10
994 250 981  10
983 998 980  10
995 277 980  10
998 991 985  10
996 269 982  10
978 997 987  10
988 987 997  10
997 996 982  10
985 995 998  10
998 994 981  10
1022 1012 1010  11
1027 1005 1004  11
1000 1022 1010  11
1009 1023 1015  11
1005 1020 1004  11
2 1012 287  11
1012 1022 288  11
300 1006 301  11
290 1024 291  11
1019 1017 1014  11
297 1025 298  11
1032 1026 1001  11
26 1024 297  11
52 1005 53  11
1025 297 1024  11
302 1032 303  11
1028 1034 1029  11
1020 1005 52  11
292 1013 293  11
305 292 27  11
295 1029 1007  11
304 1009 1015  11
1032 1014 1026  11
46 1002 47  11
1008 1020 1017  11
49 1016 999  11
1029 294 1028  11
1016 1021 1018  11
1 1007 46  11
1018 1026 1016  11
50 1017 51  11
50 49 999  11
1000 290 289  11
1005 1027 1010  11
1021 1016 48  11
1009 1032 1001  11
295 1007 296  11
1023 1018 1034  11
1012 2 54  11
54 53 1003  11
1006 300 1031  11
1033 1000 1027  11
1000 1033 1025  11
1003 53 1005  11
301 1030 302  11
1008 1031 1011  11
1002 46 1007  11
1007 1 296  11
1008 1011 1004  11
1017 1019 1008  11
305 1015 1013  11
304 303 1009  11
1003 1010 1012  11
1003 1005 1010  11
299 1031 300  11
299 1033 1031  11
1012 288 287  11
1012 54 1003  11
293 1028 294  11
1013 292 305  11
1014 1017 999  11
1014 1032 1030  11
1015 1023 1013  11
1015 305 304  11
1016 1014 999  11
1016 49 48  11
1020 1008 1004  11
1017 50 999  11
1002 1021 47  11
1023 1009 1001  11
1014 1006 1019  11
1006 1008 1019  11
1020 52 51  11
51 1017 1020  11
48 47 1021  11
1021 1002 1018  11
1022 1000 289  11
289 288 1022  11
1001 1018 1023  11
294 1029 295  11
1024 26 291  11
1024 290 1000  11
1024 1000 1025  11
1033 299 298  11
1014 1016 1026  11
1026 1018 1001  11
1000 1010 1027  11
1027 1004 1011  11
1028 293 1013  11
1013 1023 1028  11
1002 1034 1018  11
1002 1007 1029  11
1030 301 1006  11
1006 1014 1030  11
1031 1033 1011  11
1031 1008 1006  11
1032 1009 303  11
1032 302 1030  11
298 1025 1033  11
1033 1027 1011  11
1034 1002 1029  11
1034 1028 1023  11
1044 1041 1035  12
1060 312 313  12
61 1058 1041  12
1044 1040 1053  12
2 1039 287  12
1041 1044 1036  12
312 1056 311  12
1055 1050 317  12
1061 1035 1058  12
289 1053 290  12
1062 1063 1052  12
26 1060 313  12
1045 1054 1043  12
1056 1038 1059  12
288 1039 1036  12
1050 1055 1049  12
1050 1057 1042  12
28 306 314  12
1051 1054 1049  12
314 1051 1048  12
308 1045 1043  12
1042 57 56  12
314 1048 315  12
1047 58 57  12
318 1050 55  12
1064 60 59  12
55 3 318  12
60 1064 1058  12
1056 1035 1038  12
61 1039 62  12
289 288 1036  12
1041 1036 1039  12
58 1047 1046  12
1037 1052 1047  12
309 1062 1045  12
1035 1056 1040  12
1039 288 287  12
1039 2 62  12
312 1060 1040  12
1060 290 1053  12
1039 61 1041  12
1035 1061 1038  12
56 1050 1042  12
1048 1055 316  12
307 1051 306  12
307 308 1043  12
1035 1040 1044  12
1036 1053 289  12
1054 1045 1052  12
1045 308 309  12
1046 59 58  12
1063 1062 1038  12
1047 57 1042  12
1042 1037 1047  12
316 315 1048  12
1051 1049 1048  12
1054 1052 1037  12
1037 1042 1057  12
1050 56 55  12
1050 318 317  12
1051 314 306  12
1051 307 1043  12
1038 1062 1059  12
1047 1063 1046  12
290 1060 291  12
1053 1036 1044  12
1054 1057 1049  12
1054 1051 1043  12
317 316 1055  12
1055 1048 1049  12
311 1059 310  12
1056 312 1040  12
1057 1050 1049  12
1057 1054 1037  12
1035 1041 1058  12
1058 61 60  12
310 1062 309  12
1059 311 1056  12
1060 26 291  12
1060 1053 1040  12
1064 1038 1061  12
1038 1064 1063  12
1052 1045 1062  12
1062 310 1059  12
1063 1064 1046  12
1063 1047 1052  12
1061 1058 1064  12
1064 59 1046  12
65 1078 1065  13
28 1100 332  13
67 1089 66  13
1073 1096 1093  13
1068 1072 330  13
1100 28 314  13
1096 316 317  13
3 1095 318  13
316 1096 1067  13
1096 317 1095  13
1097 1093 1065  13
332 1100 1099  13
1098 1094 1071  13
329 1072 1071  13
1097 1070 1093  13
1094 328 1071  13
331 1099 1068  13
1080 1092 1084  13
1085 1080 1084  13
325 1092 1069  13
322 1088 1081  13
323 29 324  13
322 1081 321  13
1076 1085 1083  13
324 1088 323  13
1076 4 319  13
70 1082 69  13
1079 1098 1089  13
1092 1091 1084  13
4 1076 71  13
64 1077 63  13
64 65 1065  13
1075 1097 1078  13
329 1071 328  13
315 1100 314  13
315 316 1067  13
1068 330 331  13
1099 331 332  13
1076 1090 1085  13
1069 324 325  13
1070 1072 1068  13
1068 1073 1070  13
328 1094 327  13
1072 1075 1071  13
1072 329 330  13
1072 1070 1066  13
1093 1070 1073  13
1070 1097 1066  13
68 1086 1079  13
327 1087 326  13
1075 1072 1066  13
66 1089 1078  13
71 1083 70  13
1076 319 320  13
1095 3 63  13
1077 64 1065  13
1078 65 66  13
1075 1089 1098  13
67 68 1079  13
1091 1087 1074  13
1082 1085 1084  13
1088 1080 1081  13
321 1090 320  13
1080 1088 1069  13
1080 1085 1081  13
1086 68 69  13
1082 70 1083  13
1083 71 1076  13
1091 1092 1087  13
1082 1091 1086  13
1085 1082 1083  13
1090 1076 320  13
1086 1098 1079  13
1086 69 1082  13
326 1092 325  13
1094 1098 1074  13
1088 322 323  13
1088 324 1069  13
1075 1078 1089  13
1089 67 1079  13
1090 321 1081  13
1081 1085 1090  13
1074 1086 1091  13
1091 1082 1084  13
1092 1080 1069  13
1092 326 1087  13
1093 1096 1077  13
1077 1065 1093  13
1094 1074 1087  13
1087 327 1094  13
317 318 1095  13
1095 63 1077  13
1095 1077 1096  13
1096 1073 1067  13
1065 1078 1097  13
1097 1075 1066  13
1098 1086 1074  13
1098 1071 1075  13
1099 1067 1073  13
1073 1068 1099  13
1100 315 1067  13
1067 1099 1100  13
293 1111 292  14
1127 1122 1104  14
1118 336 335  14
1111 334 333  14
296 1119 295  14
336 1112 337  14
74 1110 1101  14
294 1127 1104  14
72 296 1  14
1107 1114 1112  14
337 1112 338  14
334 1118 335  14
1104 1116 1111  14
27 1111 333  14
320 1126 319  14
1105 1102 1106  14
1109 322 323  14
338 1105 339  14
29 1109 323  14
1115 1102 1108  14
1112 336 1107  14
1120 1106 1115  14
78 1126 1108  14
75 1113 1110  14
1108 1126 1124  14
1123 1122 1101  14
76 1128 1113  14
4 1126 79  14
78 1125 77  14
73 1119 72  14
73 74 1101  14
1108 1102 1125  14
1114 1121 1112  14
336 1118 1107  14
1122 1127 1119  14
293 294 1104  14
1122 1123 1103  14
340 1109 341  14
340 339 1105  14
321 1124 320  14
1106 340 1105  14
1107 1118 1103  14
1110 1129 1123  14
1126 78 79  14
1102 1115 1106  14
1109 29 341  14
1109 340 1106  14
1129 1110 1114  14
1110 74 75  14
1111 27 292  14
1111 293 1104  14
1102 1121 1117  14
338 1121 1105  14
1113 75 76  14
1128 1114 1113  14
1110 1113 1114  14
1121 1102 1105  14
1124 321 1120  14
1106 1120 1109  14
334 1111 1116  14
1116 1122 1103  14
1114 1128 1117  14
1102 1128 1125  14
1118 334 1116  14
1116 1103 1118  14
1119 296 72  14
1119 73 1101  14
1120 321 322  14
322 1109 1120  14
1121 338 1112  14
1121 1114 1117  14
1122 1116 1104  14
1122 1119 1101  14
1101 1110 1123  14
1103 1129 1107  14
1124 1120 1115  14
1115 1108 1124  14
77 1128 76  14
1125 78 1108  14
1126 4 319  14
1126 320 1124  14
1127 294 295  14
295 1119 1127  14
1128 77 1125  14
1128 1102 1117  14
1114 1107 1129  14
1129 1103 1123  14
1132 23 259  15
343 1147 344  15
365 1132 364  15
360 368 367  15
346 1134 1149  15
342 1143 343  15
1132 362 363  15
261 1134 1152  15
1148 347 1139  15
265 266 1144  15
1134 345 1152  15
260 1138 1147  15
1143 342 1132  15
263 1136 1148  15
264 1153 1136  15
347 1148 348  15
1151 349 1153  15
1142 1144 350  15
268 269 1137  15
265 1142 264  15
350 1151 1142  15
262 1134 261  15
351 350 1144  15
361 342 30  15
1135 1145 266  15
354 1150 1133  15
1130 1131 357  15
1139 263 1148  15
342 361 1132  15
271 1131 270  15
360 367 366  15
1137 354 1133  15
360 366 31  15
1134 262 1149  15
370 272 25  15
270 1130 269  15
1145 1135 352  15
352 1135 353  15
1135 266 267  15
1137 1133 268  15
1131 271 1141  15
352 351 1145  15
359 1141 1140  15
269 1130 1146  15
262 263 1139  15
1130 356 1146  15
1130 270 1131  15
1131 1141 358  15
358 357 1131  15
1140 360 359  15
1132 363 364  15
267 268 1133  15
354 1137 355  15
261 1138 260  15
1153 264 1151  15
353 1135 1150  15
1135 267 1150  15
348 1136 1153  15
263 264 1136  15
1144 1142 265  15
355 1146 356  15
344 1152 345  15
1138 344 1147  15
347 1149 1139  15
1134 346 345  15
23 1132 365  15
271 272 1140  15
271 1140 1141  15
1141 359 358  15
264 1142 1151  15
1151 350 349  15
1143 1132 259  15
259 260 1143  15
1132 361 362  15
1130 357 356  15
351 1144 1145  15
1144 266 1145  15
1146 355 1137  15
1137 269 1146  15
1147 343 1143  15
1143 260 1147  15
369 272 370  15
272 369 360  15
262 1139 1149  15
1149 347 346  15
267 1133 1150  15
1150 354 353  15
1152 344 1138  15
1138 261 1152  15
349 348 1153  15
1136 348 1148  15
272 360 1140  15
360 369 368  15
276 1167 275  16
278 1154 1175  16
1175 383 1177  16
389 1170 390  16
370 1155 369  16
1155 367 368  16
280 1169 279  16
279 1154 278  16
376 1163 377  16
274 1159 1171  16
1167 276 1173  16
377 1171 378  16
1167 379 1176  16
1169 1154 279  16
1163 376 1155  16
378 1176 379  16
1156 277 1172  16
283 284 1164  16
384 1175 1154  16
381 1173 1156  16
277 1166 1172  16
388 1174 1157  16
1155 25 273  16
1164 390 1170  16
1160 1164 284  16
385 384 1169  16
1158 1168 280  16
1177 278 1175  16
393 1162 1161  16
278 1177 1166  16
380 1167 1173  16
394 375 32  16
283 1164 1170  16
394 374 375  16
1165 1157 282  16
371 286 24  16
386 1158 387  16
1168 1158 386  16
1165 388 1157  16
25 1155 370  16
366 376 31  16
1160 285 1162  16
282 283 1165  16
1161 394 393  16
285 1160 284  16
1154 1169 384  16
278 1166 277  16
1155 368 369  16
285 286 1161  16
276 277 1156  16
381 1172 382  16
281 282 1157  16
388 1165 389  16
1158 281 1174  16
387 1158 1174  16
1159 378 1171  16
274 275 1159  16
1160 1162 392  16
392 391 1160  16
391 1164 1160  16
1158 280 281  16
285 1161 1162  16
1162 393 392  16
1163 1155 273  16
273 274 1163  16
386 385 1168  16
1164 391 390  16
394 373 374  16
376 366 1155  16
382 1166 1177  16
1175 384 383  16
380 379 1167  16
275 1167 1176  16
1172 381 1156  16
1155 366 367  16
1169 280 1168  16
1168 385 1169  16
1170 389 1165  16
1165 283 1170  16
1171 377 1163  16
1163 274 1171  16
372 286 371  16
286 372 394  16
276 1156 1173  16
1173 381 380  16
281 1157 1174  16
1174 388 387  16
1176 378 1159  16
1159 275 1176  16
383 382 1177  16
1166 382 1172  16
286 394 1161  16
394 372 373  16
410 1186 409  17
1186 405 406  17
1180 1196 1194  17
227 1202 8  17
405 1186 234  17
232 1193 231  17
234 22 405  17
98 1195 1191  17
1190 227 228  17
418 1179 417  17
420 1197 419  17
1195 1202 1192  17
1191 96 97  17
1178 93 94  17
1179 1197 1192  17
422 1181 421  17
1200 1198 1183  17
1198 1181 422  17
423 1201 1198  17
404 1185 403  17
1201 423 424  17
92 404 7  17
1185 404 92  17
401 1187 400  17
402 1187 401  17
1185 92 93  17
397 1201 396  17
395 1201 425  17
1201 395 396  17
1181 420 421  17
95 1184 1178  17
1178 94 95  17
399 1187 1183  17
425 33 395  17
1200 1184 1189  17
1180 1194 1193  17
1197 1179 418  17
230 1193 1194  17
1182 234 1186  17
1202 99 8  17
414 1196 1180  17
229 1194 1190  17
416 1196 415  17
234 1182 233  17
408 1186 407  17
1186 406 407  17
409 408 34  17
1193 230 231  17
1188 410 411  17
412 1180 1188  17
1181 1198 1189  17
1183 397 398  17
1202 1179 1192  17
1179 416 417  17
1180 412 413  17
413 414 1180  17
1192 1199 1195  17
96 1191 1184  17
232 233 1182  17
410 1188 1186  17
1183 398 399  17
1178 1187 1185  17
1184 95 96  17
1189 1199 1181  17
402 403 1185  17
1185 93 1178  17
1186 408 409  17
1186 1188 1182  17
1187 399 400  17
1187 402 1185  17
1188 1193 1182  17
1188 411 412  17
1198 422 423  17
1184 1200 1178  17
228 229 1190  17
1196 416 1179  17
1189 1184 1191  17
1191 97 98  17
1179 1202 1190  17
1197 418 419  17
1193 232 1182  17
1193 1188 1180  17
1196 1179 1190  17
1194 229 230  17
1199 1189 1191  17
1195 98 99  17
1190 1194 1196  17
1196 414 415  17
1197 420 1181  17
1197 1199 1192  17
1198 1201 1183  17
1198 1200 1189  17
1191 1195 1199  17
1199 1197 1181  17
1200 1183 1187  17
1187 1178 1200  17
424 425 1201  17
1201 397 1183  17
99 1202 1195  17
1202 227 1190  17
199 1234 1211  18
451 1238 1222  18
1237 144 145  18
199 1211 198  18
1234 1203 1211  18
1207 1231 1218  18
1237 147 1211  18
453 1239 1238  18
454 1239 453  18
1213 1226 1221  18
456 1227 455  18
225 1207 224  18
442 1226 1213  18
1228 445 446  18
453 1238 452  18
1213 440 441  18
445 1228 1226  18
147 1237 146  18
1226 1228 1221  18
445 1226 444  18
88 1223 1215  18
440 1230 439  18
115 1218 114  18
1223 90 1208  18
1208 1229 1204  18
1240 397 1224  18
1210 401 400  18
1212 1242 1229  18
398 1240 399  18
395 1224 396  18
402 1232 403  18
1223 88 89  18
91 1212 1208  18
400 1240 1210  18
401 1210 402  18
1230 440 1213  18
7 1232 1212  18
1231 1220 1209  18
225 1215 1207  18
90 1223 89  18
1219 1204 1229  18
1215 225 226  18
1215 226 5  18
1213 441 442  18
224 1207 11  18
201 1234 200  18
113 1218 1209  18
113 1209 9  18
144 1237 1227  18
143 1233 142  18
1203 1234 1220  18
455 1239 454  18
1228 1222 1221  18
1227 1225 1233  18
1227 456 1225  18
141 1233 1214  18
457 1225 456  18
1214 1217 141  18
1236 430 429  18
1206 431 430  18
1216 1241 1217  18
1205 434 433  18
436 1205 35  18
1206 433 432  18
1206 432 431  18
437 438 1204  18
433 1206 1205  18
1235 1217 1214  18
434 1205 435  18
35 1235 458  18
449 1228 448  18
451 1222 450  18
1241 426 14  18
437 1219 33  18
1205 436 435  18
427 1236 428  18
430 1236 1206  18
1206 1216 1205  18
115 11 1207  18
1230 438 439  18
90 91 1208  18
1242 1240 1224  18
1209 201 9  18
1218 113 114  18
403 1232 404  18
396 1224 397  18
1211 147 15  18
15 198 1211  18
1212 91 7  18
1210 1212 1232  18
1221 1220 1213  18
1220 1230 1213  18
458 1225 457  18
1217 1235 1216  18
1215 5 88  18
438 1230 1223  18
1209 1218 1231  18
427 1241 1236  18
1241 427 426  18
14 1217 1241  18
1218 115 1207  18
1220 1231 1230  18
33 1224 395  18
1219 437 1204  18
1220 1221 1203  18
1234 201 1209  18
1228 449 1222  18
1203 1221 1222  18
1222 449 450  18
1238 451 452  18
1223 1208 1204  18
1204 438 1223  18
397 1240 398  18
1224 33 1219  18
1225 458 1214  18
1214 1233 1225  18
1226 442 443  18
443 444 1226  18
1227 143 144  18
1237 1239 1227  18
1228 446 447  18
447 448 1228  18
1229 1208 1212  18
1219 1242 1224  18
1215 1231 1207  18
1215 1223 1230  18
1231 1215 1230  18
1205 1235 35  18
1232 7 404  18
1232 402 1210  18
1233 141 142  18
1233 143 1227  18
1234 199 200  18
1234 1209 1220  18
1214 458 1235  18
1235 1205 1216  18
1216 1206 1236  18
1236 429 428  18
145 146 1237  18
1237 1211 1203  18
1239 455 1227  18
1203 1222 1238  18
1239 1237 1203  18
1203 1238 1239  18
1240 1242 1210  18
1240 400 399  18
1217 14 141  18
1241 1216 1236  18
1242 1219 1229  18
1242 1212 1210  18
481 1265 1256  19
13 1247 183  19
1252 180 1269  19
132 1264 1274  19
480 1244 479  19
1258 465 1270  19
1270 1260 1257  19
489 1250 1275  19
472 1259 471  19
1267 134 135  19
436 1281 435  19
459 491 36  19
426 1282 140  19
1245 1276 1248  19
1267 135 136  19
1281 436 470  19
1249 477 1254  19
1264 132 133  19
483 1265 482  19
138 1282 1268  19
1282 138 139  19
431 432 1277  19
1282 139 140  19
1268 137 138  19
1265 483 1263  19
127 1244 1256  19
1244 128 129  19
1254 478 1244  19
477 1249 476  19
1254 129 130  19
1269 1273 1252  19
1252 1273 1257  19
485 1263 484  19
18 176 469  19
1253 1246 1251  19
1250 489 490  19
469 1272 468  19
461 1279 460  19
467 1272 1270  19
467 1270 466  19
1247 1256 1265  19
459 1279 491  19
1279 459 460  19
1258 1270 1257  19
461 462 1278  19
1279 1278 1250  19
1275 487 488  19
1252 1257 1260  19
486 1251 1246  19
1251 1275 1255  19
487 1275 1251  19
470 436 35  19
140 14 426  19
484 1263 483  19
1265 481 482  19
476 1249 475  19
1274 130 131  19
1245 474 1276  19
134 1267 1264  19
1244 127 128  19
1244 480 1256  19
479 1244 478  19
1268 136 137  19
433 1277 432  19
1259 1277 1281  19
136 1268 1267  19
1259 473 1245  19
474 1245 473  19
435 1281 434  19
1258 1257 1243  19
1272 469 176  19
129 1254 1244  19
478 1254 477  19
431 1280 430  19
473 1259 472  19
485 486 1246  19
1269 181 1262  19
182 1262 181  19
182 183 1247  19
1282 429 1280  19
1245 1266 1259  19
475 1276 474  19
1274 131 132  19
1279 461 1278  19
1243 1278 1258  19
1262 182 1247  19
1251 486 487  19
178 1260 177  19
178 179 1252  19
1247 1271 1262  19
1246 1253 1271  19
130 1274 1254  19
1274 1276 1249  19
1275 488 489  19
1273 1269 1253  19
13 127 1256  19
1256 480 481  19
1243 1273 1255  19
465 1258 464  19
463 1278 462  19
463 464 1258  19
433 434 1281  19
471 1281 470  19
177 1272 176  19
1260 178 1252  19
429 1282 428  19
1266 1245 1248  19
1253 1251 1255  19
181 1269 180  19
1263 485 1246  19
1271 1265 1263  19
1264 1267 1248  19
1276 1274 1264  19
1265 1271 1247  19
1256 1247 13  19
1248 1261 1266  19
1281 471 1259  19
1267 1268 1261  19
1261 1248 1267  19
1280 1268 1282  19
1261 1268 1280  19
1262 1253 1269  19
180 1252 179  19
465 466 1270  19
1260 1270 1272  19
1253 1262 1271  19
1271 1263 1246  19
1272 467 468  19
1272 177 1260  19
1253 1255 1273  19
1273 1243 1257  19
1264 133 134  19
1274 1249 1254  19
1275 1250 1243  19
1243 1255 1275  19
1264 1248 1276  19
1276 475 1249  19
1266 1261 1277  19
1280 431 1277  19
1278 463 1258  19
1278 1243 1250  19
1250 490 1279  19
490 491 1279  19
429 430 1280  19
1280 1277 1261  19
1277 1259 1266  19
1277 433 1281  19
1282 426 427  19
427 428 1282  19
1302 504 1297  20
1285 1283 1305  20
531 530 1324  20
1304 515 516  20
1299 1291 1315  20
1311 540 1306  20
500 1307 501  20
521 1314 520  20
1311 500 1304  20
1300 536 1286  20
1311 1304 1314  20
1301 502 1303  20
501 1306 1289  20
540 1311 541  20
503 1300 1309  20
493 494 1312  20
504 1302 505  20
1301 503 502  20
539 538 1318  20
1285 1284 1294  20
1311 1307 500  20
507 1288 1293  20
505 1299 1315  20
39 1304 500  20
534 1299 1292  20
1296 510 1310  20
513 1305 1287  20
504 1309 1297  20
1307 1311 1306  20
509 1310 510  20
1319 1324 1298  20
495 1312 494  20
1305 512 1285  20
1283 523 522  20
1298 1324 530  20
38 1313 499  20
1290 1296 1310  20
498 1313 497  20
499 1313 498  20
1287 1312 1313  20
1294 511 1295  20
511 1294 1284  20
1312 1287 1283  20
1298 529 1322  20
1313 513 1287  20
1298 1322 1325  20
492 522 37  20
509 1308 1323  20
1324 1319 1293  20
1296 526 1326  20
522 492 1312  20
1300 1286 1309  20
1283 1285 523  20
506 1320 1288  20
512 511 1284  20
525 1326 526  20
512 1284 1285  20
524 1294 525  20
536 1300 537  20
536 535 1286  20
496 497 1313  20
513 1313 38  20
506 1288 507  20
532 1321 1320  20
1306 1318 1289  20
538 1303 1318  20
1293 1288 1321  20
528 527 1290  20
533 1291 1299  20
533 532 1291  20
535 1297 1286  20
535 534 1292  20
1315 1320 506  20
1306 501 1307  20
502 1289 1303  20
1294 524 1285  20
1295 511 510  20
526 1296 527  20
1290 527 1296  20
1295 1296 1326  20
1297 1309 1286  20
1297 535 1292  20
530 529 1298  20
1308 509 508  20
1299 1302 1292  20
1299 534 533  20
1309 504 503  20
538 1317 1303  20
539 1306 540  20
537 1300 1317  20
1297 1292 1302  20
1302 1299 505  20
1289 502 501  20
1300 1301 1317  20
520 1314 519  20
1304 514 515  20
1305 1283 1287  20
512 1305 513  20
1325 1308 508  20
517 1314 1304  20
1304 39 514  20
1304 516 517  20
529 528 1316  20
1308 1325 1322  20
523 1285 524  20
1300 503 1301  20
510 1296 1295  20
1323 1316 1290  20
1314 541 1311  20
1314 517 518  20
1283 522 1312  20
1312 492 493  20
521 541 1314  20
496 1312 495  20
518 519 1314  20
506 505 1315  20
541 521 40  20
1312 496 1313  20
528 1290 1316  20
1316 1323 1308  20
1301 1303 1317  20
1317 538 537  20
1303 1289 1318  20
1318 1306 539  20
508 507 1319  20
507 1293 1319  20
1320 1315 1291  20
1291 532 1320  20
1288 1320 1321  20
1321 532 531  20
529 1316 1322  20
1316 1308 1322  20
1290 1310 1323  20
1310 509 1323  20
1293 1321 1324  20
1321 531 1324  20
508 1319 1325  20
1319 1298 1325  20
1326 525 1294  20
1294 1295 1326  20
1339 1329 1336  21
1339 1328 1329  21
576 1336 575  21
547 1342 546  21
1329 569 570  21
552 1330 551  21
573 1336 1329  21
502 1340 1333  21
1329 1345 1335  21
1336 573 574  21
1343 554 555  21
566 1344 565  21
1341 562 563  21
563 1344 1341  21
1343 555 556  21
562 1341 1338  21
1345 1341 1344  21
1338 560 561  21
1344 563 564  21
560 1338 559  21
41 560 559  21
553 1330 552  21
559 1338 558  21
1329 570 571  21
557 1343 556  21
1335 569 1329  21
1330 553 1328  21
554 1343 1328  21
551 1330 550  21
544 1337 543  21
505 1340 504  21
508 1327 507  21
501 1333 500  21
1332 1342 1334  21
1340 505 1327  21
1337 513 542  21
1332 508 509  21
513 1337 512  21
1337 1342 1332  21
511 1337 1332  21
513 38 542  21
508 1332 1327  21
511 1332 510  21
1331 550 1330  21
1327 505 506  21
549 1331 548  21
504 1340 503  21
1340 1331 1339  21
502 1333 501  21
1331 1340 1334  21
506 507 1327  21
1342 1331 1334  21
553 554 1328  21
569 1335 568  21
1329 571 572  21
572 573 1329  21
1328 1339 1330  21
550 1331 549  21
1340 1339 1333  21
1331 547 548  21
1332 509 510  21
544 1342 1337  21
39 1336 576  21
39 500 1333  21
1327 1332 1334  21
1331 1342 547  21
1335 566 567  21
567 568 1335  21
1336 574 575  21
1336 39 1333  21
1337 511 512  21
1337 542 543  21
558 1341 557  21
1338 561 562  21
1336 1333 1339  21
1339 1331 1330  21
1340 502 503  21
1340 1327 1334  21
1341 558 1338  21
1344 564 565  21
1342 544 545  21
545 546 1342  21
1343 557 1341  21
1343 1345 1328  21
1344 566 1335  21
1345 1343 1341  21
1344 1335 1345  21
1345 1329 1328  21
623 1586 622  22
246 1404 245  22
1369 1505 1457  22
1582 1581 1521  22
326 1480 1352  22
1531 1372 1367  22
581 1596 580  22
1372 1531 1366  22
1518 1367 1372  22
629 1588 1370  22
1547 1437 1428  22
172 1437 171  22
1555 463 462  22
237 1580 236  22
1509 175 18  22
1386 1562 1558  22
297 1561 1494  22
1600 552 1486  22
638 1446 1417  22
614 1373 1347  22
1470 1599 1482  22
605 1470 1368  22
1373 616 617  22
1423 548 549  22
1347 613 614  22
407 1478 1396  22
1580 237 1567  22
1540 642 643  22
634 1499 633  22
297 313 26  22
311 1477 1349  22
595 1568 1384  22
1479 1464 1469  22
651 1394 650  22
649 1460 648  22
652 1394 651  22
1601 654 1589  22
1460 649 1394  22
299 1569 1350  22
1412 644 645  22
647 1412 646  22
1540 644 1412  22
1452 1616 1540  22
640 1602 1446  22
626 1407 625  22
1407 623 624  22
636 1499 635  22
635 1499 634  22
245 1404 244  22
309 1515 1472  22
1381 247 248  22
1381 246 247  22
1581 1404 1349  22
1394 649 650  22
647 1460 1412  22
244 1582 243  22
243 1582 242  22
654 1601 653  22
1601 652 653  22
657 1386 656  22
656 1589 655  22
1424 659 660  22
659 1358 658  22
1346 1564 1549  22
1477 1440 1357  22
659 1424 1358  22
1590 1453 1500  22
1465 1414 1432  22
1450 1558 1440  22
1590 364 365  22
1613 1598 1348  22
1414 241 1403  22
1346 1578 1459  22
664 1441 663  22
249 1591 1381  22
255 1367 254  22
252 1592 251  22
1592 252 1535  22
251 1591 250  22
1591 249 250  22
374 1463 373  22
372 1463 1458  22
1593 1463 374  22
1463 372 373  22
256 1531 1367  22
256 1367 255  22
372 1458 371  22
1355 1502 1408  22
1419 1552 1481  22
371 1458 24  22
581 582 1415  22
1471 1441 1427  22
668 1594 667  22
666 1594 1427  22
1611 1594 1473  22
1441 662 663  22
1567 240 1481  22
1416 1388 1580  22
1441 1471 1443  22
28 306 332  22
332 1557 1442  22
1441 664 1427  22
328 1419 1362  22
1571 1378 1362  22
240 1567 239  22
675 1462 1416  22
21 1481 240  22
1370 1588 1507  22
1462 1396 1353  22
405 1478 406  22
236 1580 1388  22
1353 1396 1478  22
1606 631 632  22
1565 1580 1552  22
1507 1417 1456  22
22 1478 405  22
1594 666 667  22
670 1473 669  22
586 1439 1356  22
1382 671 672  22
671 1473 670  22
674 1416 1382  22
674 1382 673  22
1416 674 675  22
1473 671 1382  22
669 1594 668  22
1547 17 1437  22
583 1415 582  22
1559 1607 1413  22
221 1571 1481  22
210 211 1595  22
1454 1595 212  22
1475 1577 1480  22
20 1595 1378  22
192 1475 1454  22
212 1595 211  22
1360 1563 1434  22
1563 1360 1362  22
1547 195 196  22
325 1428 1374  22
195 1577 194  22
193 1577 1475  22
1577 1547 1352  22
492 1484 1361  22
29 324 341  22
1355 1491 1389  22
1355 1513 1504  22
1392 1448 1380  22
496 1526 1438  22
1397 589 590  22
1359 589 1397  22
37 1489 590  22
589 1359 588  22
1438 495 496  22
1433 1618 1468  22
1398 1380 1387  22
1371 1541 1488  22
1428 326 1352  22
1377 42 1501  22
588 1359 42  22
1439 586 587  22
1484 492 493  22
1438 494 495  22
1608 499 38  22
1406 172 173  22
585 1493 584  22
583 1493 1415  22
339 1387 338  22
1573 1539 577  22
1576 466 465  22
466 1576 1522  22
174 1420 1406  22
1420 174 175  22
1406 1493 1393  22
1596 1573 579  22
1406 1420 1415  22
543 1380 542  22
1387 543 544  22
543 1387 1380  22
1373 614 615  22
545 1387 544  22
550 1600 1423  22
545 1533 1387  22
1555 460 1548  22
463 1576 464  22
1522 18 469  22
1539 1576 1555  22
460 1555 461  22
1576 1509 1522  22
175 1509 1420  22
18 1522 1509  22
466 1522 467  22
1522 469 468  22
548 1533 547  22
338 1423 337  22
1533 548 1423  22
1533 1423 338  22
1486 552 553  22
640 1446 639  22
556 1597 555  22
558 1405 557  22
1368 1470 1461  22
1553 1368 1411  22
1417 637 638  22
1457 1556 1369  22
1529 1553 1411  22
1604 601 44  22
594 1587 593  22
1587 594 1384  22
1598 41 591  22
1369 1363 1379  22
1544 1385 301  22
1451 1584 1583  22
1457 1583 559  22
41 1444 559  22
43 1425 598  22
1516 1363 1390  22
1568 595 596  22
1503 1543 1579  22
1384 594 595  22
613 1347 612  22
611 1347 610  22
1470 605 606  22
1599 1470 607  22
1597 1405 1550  22
612 1347 611  22
554 1597 1486  22
554 1486 553  22
552 1600 551  22
1599 609 1418  22
617 1395 1373  22
1551 1456 1435  22
620 1586 1395  22
1586 1482 1395  22
1395 618 619  22
1461 1532 1368  22
1586 623 1407  22
622 1586 621  22
629 1370 628  22
1499 636 1417  22
628 1370 627  22
627 1370 626  22
1385 1365 1569  22
1426 1538 1400  22
1385 1544 1452  22
1399 43 1376  22
27 1447 305  22
600 1376 599  22
1517 1426 1421  22
1346 30 361  22
361 362 1346  22
610 1418 609  22
1373 615 616  22
1598 591 592  22
1512 1376 1497  22
310 311 1349  22
1403 1582 1521  22
298 299 1350  22
652 1601 1394  22
600 1497 1376  22
1482 1586 1383  22
326 1428 325  22
1547 1577 195  22
1353 22 235  22
235 1388 1353  22
1354 661 662  22
662 1441 1354  22
1408 1398 340  22
1496 1355 1408  22
1356 585 586  22
407 1396 408  22
1440 1477 1450  22
1467 1354 1443  22
658 1386 657  22
1436 30 1459  22
1501 42 1359  22
587 1377 1439  22
327 328 1360  22
1378 1595 1563  22
37 492 1361  22
1489 1546 1490  22
1360 328 1362  22
1571 223 1378  22
1516 1390 1375  22
334 1447 333  22
1430 1593 1619  22
1366 1401 1372  22
642 1602 641  22
644 1540 643  22
1410 1531 257  22
258 1483 1410  22
308 1523 1495  22
254 1535 253  22
1368 603 604  22
604 605 1368  22
41 1598 1487  22
1369 1474 1363  22
1417 636 637  22
1602 1540 1616  22
494 1484 493  22
494 1438 1371  22
308 1495 307  22
1518 1535 1367  22
1418 610 1347  22
1395 617 618  22
324 1496 341  22
324 325 1374  22
1532 1375 1390  22
1375 1532 1510  22
43 599 1376  22
1520 1512 1497  22
1377 1559 1511  22
1575 1493 1356  22
223 1571 222  22
223 20 1378  22
1505 1369 1379  22
1584 559 1583  22
498 1526 497  22
1430 1525 1364  22
1515 309 310  22
1381 248 249  22
672 673 1382  22
1483 258 1506  22
1532 1461 1510  22
1407 626 1370  22
1568 1572 1384  22
1474 1613 1348  22
1569 299 300  22
300 301 1385  22
1386 658 1358  22
1561 1558 1494  22
1387 1533 338  22
1380 1398 1392  22
1462 34 1396  22
1388 235 236  22
171 1437 17  22
1437 1406 1393  22
1363 1516 1379  22
1390 1351 1527  22
1357 1440 1391  22
1445 1561 1350  22
1398 1387 339  22
1398 1502 1392  22
1406 1437 172  22
1493 585 1356  22
1615 1394 1601  22
1460 1615 1569  22
1373 1418 1347  22
1395 619 620  22
34 1462 676  22
34 408 1396  22
590 1489 1397  22
1607 1501 1422  22
339 340 1398  22
1502 1504 1429  22
1399 1579 1425  22
598 1425 597  22
1538 1517 304  22
1447 1538 305  22
1401 1523 1372  22
1518 1372 1523  22
1485 1536 1429  22
1488 1484 1371  22
1544 1574 1551  22
241 242 1403  22
1404 246 1381  22
1404 1515 1349  22
335 1550 1464  22
1405 556 557  22
1493 1406 1415  22
1406 173 174  22
624 625 1407  22
1407 1370 1383  22
340 341 1408  22
1496 1491 1355  22
1389 1393 1409  22
1431 1434 1475  22
257 258 1410  22
1542 1603 1401  22
1437 1491 1428  22
1368 1553 603  22
645 646 1412  22
1412 1460 1365  22
1530 1433 1468  22
1536 1528 1402  22
1560 1581 1357  22
298 1350 1561  22
1571 221 222  22
1498 1414 1465  22
1565 1552 1514  22
1462 1353 1388  22
1551 1383 1456  22
1456 1446 1435  22
609 1599 608  22
1418 1373 1395  22
1419 328 329  22
221 1481 21  22
579 1573 578  22
1596 581 1415  22
1574 1421 1551  22
1426 1492 1421  22
1488 1422 1546  22
1541 1422 1488  22
549 550 1423  22
336 1614 1612  22
1534 1560 1357  22
1519 1534 1391  22
1425 43 1399  22
1579 1351 1503  22
1517 1538 1426  22
1426 1400 1375  22
1427 664 665  22
665 666 1427  22
1437 1393 1389  22
1491 1496 1374  22
1402 1392 1429  22
1366 1410 1483  22
601 1604 1497  22
1593 374 375  22
1431 326 327  22
327 1360 1431  22
1449 1498 1453  22
1414 1403 1432  22
1554 1526 498  22
1448 1392 1402  22
1431 1360 1434  22
19 192 1454  22
1417 1507 1499  22
1561 297 298  22
1472 1515 1609  22
660 1476 1424  22
1527 1566 1529  22
17 1547 197  22
1526 496 497  22
1371 1433 1530  22
1439 1575 1356  22
1575 1439 1511  22
1450 311 312  22
1391 1562 1519  22
1471 1557 1495  22
1570 1557 1471  22
331 1508 330  22
331 332 1442  22
1618 1554 1608  22
1354 1441 1443  22
1556 1474 1369  22
1557 307 1495  22
1589 656 1386  22
1561 1445 1558  22
1446 1456 1417  22
1446 638 639  22
1447 27 333  22
1447 334 1400  22
1528 1622 1448  22
1622 38 542  22
1453 1590 1449  22
364 1590 1500  22
312 1494 1450  22
1440 1562 1391  22
1451 1469 1464  22
1550 1451 1464  22
1365 1540 1412  22
1365 1385 1452  22
1455 1534 1436  22
23 1449 1590  22
1454 1475 1434  22
1454 212 19  22
1580 1567 1552  22
1500 1453 1549  22
1383 1551 1421  22
1383 1370 1456  22
1444 1487 1556  22
1558 1450 1494  22
1430 1466 1463  22
1449 23 1414  22
30 1346 1459  22
1524 1453 1498  22
1460 1569 1365  22
1460 647 648  22
1566 602 1529  22
1383 1492 1482  22
1388 1416 1462  22
1462 675 676  22
1463 1593 1430  22
1605 24 1458  22
1464 334 335  22
1451 1550 1405  22
1560 1534 1465  22
1534 1455 1465  22
1458 1463 1466  22
1466 1430 1364  22
1617 1467 1537  22
1364 1542 1506  22
38 1622 1608  22
1433 1438 1526  22
1585 1379 1516  22
1464 1479 334  22
606 607 1470  22
1470 1482 1461  22
1557 1570 1442  22
1467 1443 1537  22
1404 1609 1515  22
1535 252 253  22
330 1514 329  22
1508 1611 1565  22
1572 1568 1543  22
1351 1579 1512  22
1479 1516 1400  22
1475 192 193  22
1534 1519 1476  22
1424 1519 1358  22
1581 1582 1404  22
1477 311 1450  22
1478 407 406  22
1478 22 1353  22
1400 334 1479  22
42 1377 587  22
1480 326 1431  22
1431 1475 1480  22
1481 1571 1419  22
1567 237 238  22
1492 1383 1421  22
1482 1418 1395  22
24 1605 1506  22
1483 1401 1366  22
1484 494 1371  22
1484 1488 1361  22
1485 1429 1504  22
1513 1485 1504  22
1405 1597 556  22
1600 1486 1614  22
1598 592 1587  22
1444 41 1487  22
1422 1541 1413  22
1489 37 1361  22
1361 1488 1489  22
1489 1490 1397  22
1490 1501 1359  22
1359 1397 1490  22
1374 1428 1491  22
1491 1437 1389  22
1492 1510 1461  22
1461 1482 1492  22
1493 583 584  22
1493 1575 1393  22
1494 312 313  22
313 297 1494  22
1471 1537 1443  22
307 1557 306  22
1408 341 1496  22
1496 324 1374  22
1376 1512 1399  22
1497 600 601  22
1465 1455 1498  22
1453 1578 1549  22
1588 629 630  22
631 1606 1588  22
1564 1346 362  22
363 364 1500  22
1501 1546 1422  22
1501 1607 1377  22
1429 1392 1502  22
1502 1398 1408  22
1351 1363 1503  22
1363 1474 1503  22
1504 1502 1355  22
1485 1513 1409  22
1505 1585 1469  22
1469 1451 1505  22
1364 1605 1466  22
1542 1401 1483  22
1456 1370 1507  22
633 1606 632  22
1508 331 1442  22
1594 669 1473  22
1548 460 459  22
1573 577 578  22
1510 1492 1426  22
1426 1375 1510  22
1439 1377 1511  22
1559 1413 1485  22
1351 1512 1520  22
1512 1579 1399  22
1513 1355 1389  22
1389 1409 1513  22
1419 329 1514  22
1514 330 1508  22
310 1349 1515  22
1609 1381 1591  22
1375 1400 1516  22
1585 1505 1379  22
1517 1574 303  22
303 304 1517  22
1518 308 309  22
309 1472 1518  22
1562 1440 1558  22
1519 1424 1476  22
1520 1527 1351  22
1527 1520 1566  22
1357 1581 1477  22
1521 1432 1403  22
468 467 1522  22
1509 1576 1539  22
1621 1617 1537  22
1523 308 1518  22
1498 1455 1524  22
1455 1459 1524  22
1525 1619 1610  22
1603 1542 1525  22
1526 1554 1433  22
1438 1433 1371  22
1411 1390 1527  22
1351 1390 1363  22
1448 1402 1528  22
1468 1536 1530  22
1411 1527 1529  22
602 1566 44  22
1536 1468 1528  22
1545 1530 1536  22
1531 256 257  22
1531 1410 1366  22
1532 1390 1411  22
1411 1368 1532  22
1533 545 546  22
546 547 1533  22
1534 1357 1391  22
1534 1476 1436  22
1535 254 1367  22
1535 1518 1472  22
1402 1429 1536  22
1530 1545 1541  22
1537 1471 1495  22
1467 1617 1603  22
304 305 1538  22
1538 1447 1400  22
36 577 1539  22
1539 1573 1509  22
642 1540 1602  22
1540 1365 1452  22
1541 1371 1530  22
1541 1545 1413  22
1449 1414 1498  22
1542 1364 1525  22
1384 1572 1348  22
1425 1568 597  22
1435 1452 1544  22
1544 301 302  22
1536 1485 1545  22
1485 1413 1545  22
1546 1501 1490  22
1546 1489 1488  22
1428 1352 1547  22
1547 196 197  22
459 36 1548  22
36 1539 1548  22
1578 1453 1524  22
1500 1564 363  22
1550 335 336  22
1612 1597 1550  22
1435 1544 1551  22
1574 1517 1421  22
1552 1419 1514  22
1416 1565 1382  22
1553 1529 602  22
602 603 1553  22
1554 498 499  22
499 1608 1554  22
462 461 1555  22
1555 1548 1539  22
30 1436 660  22
1556 1457 1444  22
559 1444 1457  22
1557 332 306  22
1558 1445 1386  22
1583 1457 1505  22
1485 1409 1559  22
1409 1511 1559  22
1560 1465 1432  22
1432 1521 1560  22
1506 258 24  22
1483 1506 1542  22
1562 1386 1358  22
1358 1519 1562  22
1454 1434 1563  22
1563 1362 1378  22
362 363 1564  22
1564 1500 1549  22
1514 1508 1565  22
1565 1473 1382  22
1593 375 32  22
1566 1520 1604  22
238 239 1567  22
1567 1481 1552  22
596 597 1568  22
1568 1425 1543  22
1350 1615 1445  22
1569 300 1385  22
1508 1442 1570  22
1570 1471 1427  22
1362 1419 1571  22
1618 1433 1554  22
1572 1503 1474  22
1474 1348 1572  22
1573 1596 1420  22
1420 1509 1573  22
1574 1544 302  22
302 303 1574  22
1575 1511 1409  22
1409 1393 1575  22
1576 465 464  22
1576 463 1555  22
1352 1480 1577  22
1577 193 194  22
1524 1459 1578  22
1578 1346 1549  22
1543 1425 1579  22
1503 1572 1543  22
1580 1565 1416  22
1436 1459 1455  22
1349 1477 1581  22
1581 1560 1521  22
1582 1403 242  22
1582 244 1404  22
1505 1451 1583  22
559 1584 558  22
1584 1451 1405  22
1405 558 1584  22
1516 1479 1585  22
1479 1469 1585  22
1586 620 621  22
1586 1407 1383  22
1384 1348 1587  22
1587 592 593  22
630 631 1588  22
1507 1606 1499  22
654 655 1589  22
1589 1386 1445  22
365 23 1590  22
1414 23 241  22
1591 1592 1472  22
1609 1404 1381  22
1535 1472 1592  22
1592 1591 251  22
32 1619 1593  22
1354 1620 661  22
1611 1427 1594  22
1427 1611 1570  22
1595 1454 1563  22
1595 20 210  22
579 580 1596  22
1596 1415 1420  22
1597 1612 1486  22
1597 554 555  22
1587 1348 1598  22
1598 1613 1487  22
1599 1418 1482  22
607 608 1599  22
1423 1614 337  22
1600 550 551  22
1589 1445 1601  22
1615 1460 1394  22
1446 1616 1435  22
1602 640 641  22
1603 1617 1401  22
1603 1620 1467  22
44 1566 1604  22
1604 1520 1497  22
1458 1466 1605  22
1605 1364 1506  22
1606 1507 1588  22
1606 633 1499  22
1422 1413 1607  22
1607 1559 1377  22
1620 1603 1525  22
1622 542 1448  22
660 1436 1476  22
1591 1472 1609  22
32 1610 1619  22
1620 1525 1610  22
1473 1565 1611  22
1611 1508 1570  22
1550 336 1612  22
1612 1614 1486  22
1613 1474 1556  22
1556 1487 1613  22
1614 336 337  22
1614 1423 1600  22
1601 1445 1615  22
1615 1350 1569  22
1616 1452 1435  22
1616 1446 1602  22
1621 1401 1617  22
1401 1621 1523  22
1468 1618 1622  22
1610 32 661  22
1619 1525 1430  22
1620 1354 1467  22
1448 542 1380  22
1537 1495 1621  22
1495 1523 1621  22
1622 1528 1468  22
1608 1622 1618  22
1610 661 1620  22
1871 644 645  23
1875 1919 1675  23
1934 1905 1875  23
605 1881 604  23
1860 1763 1653  23
423 424 1948  23
1741 1710 1926  23
1946 684 683  23
470 458 35  23
1939 696 695  23
689 1874 690  23
1959 714 1944  23
630 1898 629  23
1765 489 490  23
1666 1762 1717  23
1731 1945 1702  23
1870 1888 1731  23
1631 1870 1686  23
1874 692 691  23
692 1874 1939  23
1980 1900 1952  23
1671 1962 1697  23
1705 1709 1852  23
1873 1889 1874  23
666 1934 665  23
674 1953 1876  23
1653 1709 1705  23
437 425 33  23
1849 1637 1759  23
1915 418 419  23
641 1823 640  23
1877 2024 1940  23
1836 1880 1727  23
651 1912 1878  23
379 380 1879  23
709 708 1877  23
699 602 2027  23
579 1935 578  23
1679 1857 1718  23
2023 704 703  23
2023 703 702  23
602 698 44  23
1683 1670 1850  23
587 1939 586  23
1939 1874 1889  23
1956 1669 1790  23
1932 1765 1787  23
1932 1726 1741  23
2027 701 700  23
2024 2023 2008  23
2024 708 707  23
602 699 698  23
1940 1886 1877  23
1767 1660 1708  23
1997 1963 1981  23
613 1854 612  23
1966 1995 1766  23
1995 1981 1766  23
1769 1859 1647  23
1685 2020 1831  23
1687 1885 1961  23
2037 617 1992  23
1883 619 620  23
447 2016 2017  23
1982 1783 1956  23
450 1757 1895  23
626 1943 625  23
1708 631 2052  23
472 1894 1865  23
1973 1950 1938  23
1852 1972 1832  23
2016 447 448  23
1926 1851 1706  23
1944 1688 1959  23
1886 1699 1642  23
1944 1877 1886  23
1815 1886 1642  23
688 1947 1874  23
1812 1731 1702  23
718 717 1887  23
684 1947 685  23
1874 1947 1873  23
483 1926 1706  23
688 1874 689  23
1996 1824 1964  23
1816 1869 1722  23
691 690 1874  23
580 1890 1935  23
2028 1798 1800  23
1794 1787 1643  23
692 1939 693  23
2008 1940 2024  23
1939 587 696  23
1939 695 694  23
1756 1774 1889  23
1705 1970 1860  23
696 587 697  23
2027 700 699  23
587 42 697  23
1880 1940 2008  23
701 2027 2023  23
1891 1887 1945  23
585 1939 1872  23
1935 490 491  23
1812 1782 1870  23
577 491 36  23
1926 485 1741  23
1851 1863 1856  23
1935 1643 1765  23
1701 1743 1724  23
1732 1634 1836  23
678 1891 679  23
1887 678 677  23
1727 606 1732  23
456 1897 455  23
439 1893 438  23
1897 454 455  23
458 1892 457  23
1956 1790 1929  23
1897 453 454  23
1966 2003 1995  23
1847 473 474  23
1825 1818 1841  23
472 1865 471  23
1768 1753 1744  23
1757 451 452  23
1894 1841 1714  23
2001 1942 1824  23
1744 610 1736  23
1814 1714 1743  23
1976 1968 2017  23
1992 617 618  23
453 1757 452  23
1950 1968 1972  23
1943 627 1898  23
1709 1792 1730  23
442 1973 1931  23
1627 1660 1767  23
2025 636 1985  23
624 1780 623  23
1644 1943 1884  23
1968 443 444  23
1665 1640 1855  23
1864 1902 1748  23
1726 1932 1738  23
637 1985 636  23
1918 1960 1682  23
424 437 1948  23
1802 1626 1635  23
1985 638 1900  23
1864 1653 1763  23
1913 647 648  23
1902 1864 1665  23
640 1900 639  23
1904 1748 1902  23
672 1876 1930  23
1951 31 1910  23
415 1954 414  23
1902 1960 1904  23
1858 1861 1803  23
1742 1739 1623  23
1954 416 1904  23
1955 344 1921  23
1953 674 675  23
676 410 1953  23
409 676 34  23
1809 1711 1703  23
1665 1864 1640  23
643 1823 642  23
668 669 1905  23
1923 656 1936  23
1758 1675 1919  23
356 1911 1906  23
664 1934 1957  23
1878 649 650  23
664 1957 663  23
1912 652 653  23
661 394 32  23
1934 1924 1957  23
1849 1858 1637  23
392 1957 1924  23
1933 389 390  23
1907 383 1927  23
386 1909 1908  23
1909 387 388  23
388 389 1909  23
1626 1802 1779  23
383 384 1927  23
1810 1927 1908  23
381 1879 380  23
1924 391 392  23
377 1941 1910  23
1628 1745 1901  23
1678 1772 1723  23
1910 31 376  23
31 1951 360  23
1668 1695 1656  23
1804 1791 1645  23
1912 1923 1703  23
358 1911 357  23
1923 653 654  23
649 1878 1913  23
1703 1690 1862  23
344 1955 343  23
1912 651 652  23
1916 1977 1750  23
421 1915 420  23
1792 1845 1730  23
1948 421 422  23
1860 1970 1928  23
1717 1846 1786  23
1846 1694 1830  23
1676 1755 1911  23
1659 1700 1664  23
1917 1817 1823  23
410 676 409  23
1930 669 670  23
354 1920 353  23
646 1871 645  23
342 1955 660  23
1700 1745 1712  23
659 660 1955  23
349 1922 348  23
1923 654 655  23
1922 350 1925  23
658 1955 1936  23
656 1923 655  23
1733 1848 1920  23
350 1922 349  23
661 1957 394  23
347 1921 346  23
1957 393 394  23
1957 661 662  23
660 30 342  23
1957 392 393  23
355 356 1906  23
1739 1742 1719  23
1915 419 420  23
1817 1700 1659  23
1789 1797 1840  23
1963 1859 1672  23
1806 1723 1772  23
416 1954 415  23
1767 2052 2046  23
1986 1767 2046  23
1629 1698 1771  23
1775 1862 1690  23
1739 1771 1698  23
1886 1940 1699  23
2032 2033 2048  23
1819 1800 1677  23
686 685 1947  23
1947 1946 1888  23
1671 1942 1962  23
619 1992 618  23
1954 1904 1960  23
414 1954 413  23
478 2050 477  23
609 1753 608  23
1777 1868 1866  23
1638 1626 1779  23
486 1741 485  23
1877 710 709  23
1909 386 387  23
1905 666 667  23
1730 1845 1893  23
1635 1791 1804  23
383 1907 382  23
1784 1810 1908  23
1666 1645 1826  23
1645 1666 1655  23
1899 1821 1752  23
1899 1648 1630  23
1773 1679 1807  23
1764 1718 1725  23
580 1935 579  23
1738 1756 1776  23
1898 1884 1943  23
1986 1961 1885  23
1791 1635 1626  23
1673 1666 1826  23
1911 356 357  23
1676 1693 1646  23
1672 1859 1811  23
1942 1671 1667  23
1817 1822 1952  23
1832 1705 1852  23
1649 1670 1684  23
1843 1713 2032  23
1686 1726 1776  23
683 682 1946  23
1668 1657 1827  23
1651 1646 1695  23
1835 1837 1663  23
629 1898 628  23
439 1931 1893  23
1781 1928 1820  23
1654 1702 1833  23
1650 1812 1863  23
1827 1624 1651  23
1656 1655 1668  23
1695 1668 1651  23
1704 1678 1723  23
1721 1795 1735  23
1712 1745 1629  23
1932 486 487  23
2012 1736 1854  23
638 1985 637  23
1762 1820 1846  23
1778 1627 1669  23
1898 630 1708  23
1662 1712 1629  23
1827 1651 1668  23
1624 1771 1739  23
1696 1795 1662  23
1647 1747 1769  23
1805 1796 1647  23
1795 1721 1664  23
1664 1721 1659  23
1707 1855 1779  23
1633 1861 1682  23
1983 1928 1970  23
1655 1717 1657  23
1816 1844 1754  23
1658 1625 1963  23
1624 1827 1696  23
1655 1656 1645  23
1853 1805 1625  23
617 2037 616  23
1765 1932 488  23
1683 1752 1821  23
1729 1778 1669  23
1837 1835 1961  23
1797 1800 1649  23
1681 1799 1843  23
1638 1826 1791  23
1763 1860 1737  23
1921 1922 1914  23
1733 1623 1848  23
669 1930 1905  23
1905 1930 1919  23
1951 1910 1903  23
1772 1903 1910  23
1859 1625 1647  23
1801 1734 1788  23
1941 1866 1772  23
1941 379 1879  23
1856 1833 1749  23
1718 1807 1679  23
2034 2009 1995  23
1736 611 1854  23
1840 1797 1684  23
1754 1683 1869  23
1829 1842 1639  23
1930 671 672  23
1847 474 475  23
1800 1797 1677  23
1799 1811 1769  23
1649 1684 1797  23
1685 1780 1644  23
1729 1884 1778  23
1650 1851 1770  23
1756 1738 1794  23
1669 1885 1790  23
1734 1801 1746  23
1887 45 718  23
712 1944 713  23
2040 635 2025  23
1885 1669 1627  23
1711 1690 1703  23
1760 1623 1698  23
1839 1634 1768  23
1680 1679 1691  23
2024 707 706  23
1680 1744 1736  23
1646 1651 1719  23
1693 1903 1678  23
1728 1976 2017  23
1969 1820 1928  23
1695 1646 1693  23
1695 1704 1656  23
1657 1668 1655  23
1696 1771 1624  23
1929 1982 1956  23
1697 1990 1929  23
1760 1848 1623  23
1662 1629 1771  23
1807 1699 1773  23
708 2024 1877  23
1823 643 1917  23
1664 1662 1795  23
1973 442 443  23
1648 1899 1752  23
681 1946 682  23
1749 1833 1636  23
1711 1809 1914  23
1711 1760 1690  23
1656 1804 1645  23
1704 1695 1693  23
1852 1938 1950  23
711 1877 1944  23
1967 1706 1851  23
1851 1926 1770  23
1803 1707 1842  23
1633 1707 1861  23
1660 1898 1708  23
627 1943 626  23
1931 439 440  23
441 442 1931  23
1643 1787 1765  23
1782 1770 1710  23
345 1921 344  23
1922 347 348  23
1664 1700 1712  23
1745 1700 1808  23
1769 1713 1799  23
1750 1822 1916  23
1894 472 473  23
1949 476 2050  23
635 2040 634  23
1900 640 1823  23
1994 1752 1850  23
1677 1789 1681  23
1661 1786 1735  23
1717 1655 1666  23
1967 1749 1838  23
1679 1680 1857  23
1651 1624 1719  23
1719 1742 1646  23
1785 1796 1801  23
1837 1788 1663  23
636 2025 635  23
1735 1795 1661  23
1841 1894 1847  23
1844 1984 1958  23
1635 1723 1806  23
1678 1704 1693  23
471 1892 470  23
1743 1714 1724  23
1679 1773 1691  23
1807 1718 1764  23
486 1932 1741  23
487 488 1932  23
1880 1692 1699  23
604 2027 603  23
1977 1715 1965  23
1701 1641 1743  23
1671 1697 1835  23
1783 1644 1729  23
1871 647 1913  23
1938 1893 1931  23
1946 1947 684  23
1939 585 586  23
606 1727 605  23
1732 607 1753  23
1906 1920 354  23
1676 1646 1755  23
1669 1956 1729  23
1697 1687 1835  23
1735 1715 1721  23
1694 1846 1820  23
608 1753 607  23
1753 609 1744  23
1762 1846 1717  23
1737 1834 1763  23
1776 1726 1738  23
1726 1686 1710  23
1698 1623 1739  23
1739 1719 1624  23
1897 456 1892  23
1976 2048 2014  23
1932 1794 1738  23
1926 1710 1770  23
1623 1733 1742  23
1742 1755 1646  23
1714 1814 1865  23
1641 1740 1743  23
1836 1727 1732  23
610 1744 609  23
1913 1878 1628  23
1745 1775 1629  23
1843 1677 1681  23
1788 1734 1663  23
1761 1713 1747  23
1716 1850 1798  23
1902 1665 1633  23
417 1904 416  23
1828 1636 1833  23
1725 1749 1636  23
1767 1986 1627  23
2040 1993 2018  23
391 1924 1933  23
1934 664 665  23
1821 1899 1818  23
1974 1648 1728  23
1634 1732 1753  23
607 1732 606  23
1869 1825 1722  23
476 1949 475  23
1755 1742 1733  23
1903 1676 1951  23
693 1939 694  23
1631 1756 1873  23
1740 1814 1743  23
473 1847 1894  23
1930 670 671  23
1905 667 668  23
389 1933 1909  23
1933 1924 1751  23
1698 1690 1760  23
1760 1711 1674  23
1785 1801 1788  23
1713 1761 1720  23
1762 1666 1673  23
1673 1781 1762  23
1763 1640 1864  23
1792 1748 1845  23
1764 1636 1815  23
1839 1773 1692  23
577 1935 491  23
1935 1890 1643  23
1718 1838 1725  23
1766 1672 1896  23
1961 1998 1837  23
2038 2004 2022  23
1768 1691 1839  23
1691 1768 1680  23
1681 1896 1811  23
1796 1805 1746  23
1710 1741 1726  23
1770 1782 1650  23
1698 1629 1775  23
1771 1696 1662  23
1879 1777 1866  23
1723 1804 1704  23
1886 1815 1688  23
1773 1699 1692  23
1872 582 583  23
1872 584 585  23
1775 1745 1628  23
1775 1690 1698  23
1776 1756 1631  23
1631 1686 1776  23
381 1907 1879  23
1908 1909 1784  23
1644 1783 1685  23
1778 1884 1660  23
1842 1779 1802  23
1855 1640 1638  23
619 1883 1992  23
622 1883 621  23
1781 1673 1737  23
1928 1781 1860  23
1782 1710 1686  23
1812 1654 1863  23
1831 1883 1685  23
1663 1667 1671  23
1784 1759 1637  23
1784 1829 1810  23
1961 1835 1687  23
1823 1952 1900  23
1786 1661 1657  23
1657 1717 1786  23
1765 488 489  23
1794 1932 1787  23
1796 1785 1761  23
1796 1761 1747  23
1896 1789 1966  23
1805 1853 1964  23
1729 1956 1783  23
1663 1671 1835  23
1791 1626 1638  23
1826 1638 1834  23
1709 1653 1792  23
1653 1864 1792  23
1788 1689 1785  23
1998 1986 2046  23
1880 1836 1692  23
1774 1756 1794  23
1662 1664 1712  23
1696 1661 1795  23
1747 1647 1796  23
1746 1801 1796  23
1670 1754 1684  23
1789 1677 1797  23
2036 1971 2002  23
2011 2036 2014  23
1799 1681 1811  23
1713 1769 1747  23
1820 1969 1694  23
2048 1716 2028  23
1793 1785 1689  23
1798 2028 1716  23
1868 1777 1639  23
1779 1842 1707  23
1675 1867 1858  23
1633 1855 1707  23
1804 1656 1704  23
1804 1723 1635  23
1746 1882 1734  23
1734 1882 1667  23
1866 1868 1806  23
1868 1635 1806  23
1764 1642 1807  23
1642 1764 1815  23
1917 644 1871  23
1871 1913 1901  23
657 658 1936  23
343 1955 342  23
1810 1829 1639  23
1639 1777 1810  23
1966 1766 1896  23
1667 1663 1734  23
1870 1782 1686  23
1833 1856 1654  23
1996 2019 2001  23
1929 1978 1982  23
1814 1897 1892  23
456 457 1892  23
1699 1807 1642  23
1636 1764 1725  23
1937 2007 1984  23
1844 1684 1754  23
1817 1808 1700  23
1659 1916 1822  23
1724 1630 1701  23
1825 1821 1818  23
1652 2022 2004  23
1850 1716 1994  23
1820 1762 1781  23
2002 1928 1983  23
1821 1825 1869  23
1869 1816 1754  23
1822 1817 1659  23
1916 1659 1721  23
639 1900 638  23
1877 711 710  23
1978 2015 1975  23
2020 1685 1783  23
1841 1847 1825  23
1825 1949 1722  23
1826 1645 1791  23
1834 1737 1673  23
1657 1661 1827  23
1661 1696 1827  23
717 1959 1887  23
1688 1815 1828  23
1829 1784 1637  23
1637 1803 1829  23
1830 1965 1715  23
1715 1735 1830  23
1883 622 1780  23
623 1780 622  23
1884 1729 1644  23
1899 1724 1818  23
1833 1702 1828  23
1636 1828 1815  23
1834 1673 1826  23
1834 1638 1640  23
1687 1697 1790  23
1790 1885 1687  23
1753 1768 1634  23
1773 1839 1691  23
2004 1977 1652  23
1793 1761 1785  23
1749 1725 1838  23
1857 1838 1718  23
1839 1692 1836  23
1634 1839 1836  23
1684 1844 1840  23
1811 1896 1672  23
1841 1818 1724  23
1724 1714 1841  23
1842 1802 1639  23
1842 1829 1803  23
1769 1811 1859  23
1677 1843 1819  23
1816 1984 1844  23
1840 1966 1789  23
647 1871 646  23
1893 1938 1730  23
1786 1830 1735  23
1830 1786 1846  23
475 1949 1847  23
1949 1825 1847  23
1848 1760 1674  23
1920 1906 1733  23
1759 1751 1849  23
666 1905 1934  23
1752 1683 1850  23
1670 1649 1798  23
1856 1967 1851  23
1736 1857 1680  23
1970 1705 1832  23
1931 1973 1938  23
1824 1667 1882  23
1859 1963 1625  23
1744 1680 1768  23
611 1736 610  23
1638 1779 1855  23
1855 1633 1665  23
1851 1650 1863  23
1749 1967 1856  23
2041 2000 1991  23
1838 2012 1967  23
1803 1637 1858  23
1858 1849 1675  23
1647 1625 1805  23
1896 1681 1789  23
1737 1860 1781  23
1860 1653 1705  23
1707 1803 1861  23
1867 1918 1682  23
1862 1775 1628  23
653 1923 1912  23
1782 1812 1650  23
1654 1856 1863  23
1640 1763 1834  23
1748 1792 1864  23
1865 1892 471  23
1865 1894 1714  23
1806 1772 1866  23
1907 1810 1777  23
1867 1682 1861  23
1861 1858 1867  23
1639 1802 1868  23
1635 1868 1802  23
1754 1670 1683  23
1683 1821 1869  23
1731 1812 1870  23
1654 1812 1702  23
1901 1808 1871  23
1808 1901 1745  23
1946 680 1891  23
678 1887 1891  23
1947 688 687  23
1888 1891 1731  23
1945 1688 1828  23
1959 717 716  23
1919 1930 1758  23
1675 1849 1875  23
1758 1953 1918  23
1876 673 674  23
644 1917 643  23
642 1823 641  23
1862 1628 1878  23
1878 650 651  23
1866 1941 1879  23
379 1941 378  23
1889 1873 1756  23
1890 1872 1774  23
1881 605 1727  23
1727 1880 1881  23
1697 1929 1790  23
1882 1746 1805  23
621 1883 620  23
1685 1883 1780  23
711 1944 712  23
1968 445 2017  23
628 1898 627  23
1689 1837 1998  23
1630 1724 1899  23
1994 1648 1752  23
715 1959 716  23
1688 1945 1959  23
1888 1870 1631  23
1631 1873 1888  23
582 1872 1890  23
1890 580 581  23
1872 583 584  23
1774 1643 1890  23
680 679 1891  23
1887 677 45  23
1892 458 470  23
1892 1865 1814  23
1960 1918 1954  23
437 424 425  23
1895 448 449  23
1757 450 451  23
1757 453 1897  23
1641 1895 1757  23
1853 1658 1988  23
2050 2007 1937  23
1897 1814 1740  23
1897 1740 1757  23
1884 1898 1660  23
625 1943 624  23
1641 1757 1740  23
1983 1832 2005  23
1965 1830 1694  23
1993 1985 1980  23
418 1904 417  23
1845 1948 1893  23
418 1915 1904  23
1748 1904 1915  23
1903 1693 1676  23
360 1951 359  23
1902 1682 1960  23
1682 1902 1633  23
412 1953 411  23
413 1953 412  23
1755 1733 1906  23
1906 354 355  23
1777 1879 1907  23
1907 381 382  23
1927 385 1908  23
385 386 1908  23
1909 1933 1759  23
1759 1784 1909  23
1903 1772 1678  23
1910 376 377  23
1755 1906 1911  23
1911 358 1951  23
1703 1862 1912  23
1862 1878 1912  23
1628 1901 1913  23
1913 648 649  23
346 1921 345  23
1922 1925 1674  23
1748 1915 1845  23
1915 421 1948  23
2004 2018 1989  23
2022 1652 1971  23
1917 1871 1808  23
1808 1817 1917  23
1918 1867 1758  23
1953 413 1954  23
1675 1758 1867  23
1919 1875 1905  23
352 1925 351  23
352 353 1920  23
1922 1921 347  23
1914 1809 1921  23
1674 1914 1922  23
1914 1674 1711  23
1936 1921 1809  23
1809 1703 1923  23
1925 352 1920  23
1925 350 351  23
1920 1848 1925  23
1848 1674 1925  23
1926 483 484  23
485 1926 484  23
385 1927 384  23
1810 1907 1927  23
1643 1774 1794  23
1890 581 582  23
1992 1883 1831  23
1964 1882 1805  23
1876 672 673  23
1876 1758 1930  23
1852 1730 1938  23
1931 440 441  23
1980 1822 1750  23
1660 1627 1778  23
1751 1759 1933  23
1933 390 391  23
1875 1751 1934  23
1751 1875 1849  23
490 1935 1765  23
1935 577 578  23
1809 1923 1936  23
1936 656 657  23
1840 1958 1966  23
1958 1840 1844  23
1730 1852 1709  23
1972 1852 1950  23
1889 1872 1939  23
1872 1889 1774  23
1881 1880 2008  23
1880 1699 1940  23
1772 1910 1941  23
1941 377 378  23
1667 1824 1942  23
1813 1962 1942  23
1780 624 1943  23
1943 1644 1780  23
714 713 1944  23
714 1959 715  23
1945 1828 1702  23
1945 1731 1891  23
680 1946 681  23
1891 1888 1946  23
1888 1873 1947  23
1947 687 686  23
1948 1845 1915  23
1948 422 423  23
1975 2045 1999  23
1722 1937 1816  23
1895 1974 2016  23
1648 1974 1630  23
1951 358 359  23
1676 1911 1951  23
1952 1823 1817  23
1916 1721 1715  23
1953 1758 1876  23
1953 675 676  23
1918 1953 1954  23
411 1953 410  23
1921 1936 1955  23
1955 658 659  23
1962 1632 1990  23
1967 2021 1706  23
1924 1934 1751  23
1957 662 663  23
2049 2029 2010  23
2007 2050 2043  23
1688 1944 1886  23
1959 1945 1887  23
438 1948 437  23
1948 438 1893  23
1989 1750 1977  23
2033 2047 2038  23
2039 2019 1987  23
2019 2039 2000  23
1824 1996 2001  23
1988 1964 1853  23
1882 1964 1824  23
2003 1966 1958  23
1652 1965 1979  23
1979 1694 1969  23
1958 2006 2003  23
1981 1672 1766  23
2021 1967 2012  23
2043 2049 2042  23
2017 445 446  23
445 1968 444  23
1800 1819 2028  23
1715 1977 1916  23
1832 1983 1970  23
1716 1728 1994  23
1800 1798 1649  23
1928 2002 1969  23
1974 1895 1641  23
1728 1716 1976  23
1950 1973 1968  23
443 1968 1973  23
1895 449 450  23
1968 1976 1972  23
1838 1857 2012  23
1991 1854 2044  23
1641 1701 1974  23
1630 1974 1701  23
2047 1689 1998  23
1965 1652 1977  23
1975 1982 1978  23
2020 1783 1982  23
1979 1971 1652  23
1694 1979 1965  23
1929 1990 1978  23
1990 1697 1962  23
1706 482 483  23
480 2035 2051  23
2001 2013 1813  23
2026 1632 1813  23
2005 1832 1972  23
1994 1728 1648  23
2030 1988 1658  23
1964 1988 1996  23
1900 1980 1985  23
1822 1980 1952  23
1993 1989 2018  23
631 1708 630  23
2029 2030 2010  23
1632 1978 1990  23
1672 1981 1963  23
2013 2001 2019  23
1989 1993 1750  23
1750 1993 1980  23
1813 2013 2026  23
1984 2007 2006  23
1854 2021 2012  23
2020 1982 1975  23
1632 1962 1813  23
2045 1975 2015  23
633 2052 632  23
634 2052 633  23
2033 2038 2022  23
1971 2036 2011  23
1984 1816 1937  23
2029 2035 2031  23
1625 1658 1853  23
1963 1997 1658  23
1995 2009 1981  23
1987 2029 2039  23
1761 1793 1720  23
1837 1689 1788  23
1999 1992 1831  23
2026 2015 1632  23
1736 2012 1857  23
2003 2042 2034  23
2001 1813 1942  23
1992 1999 2037  23
1971 1979 2002  23
1969 2002 1979  23
2030 1658 1997  23
2035 2049 2051  23
2018 2004 2038  23
1977 2004 1989  23
2005 1976 2014  23
1976 2005 1972  23
1988 1987 1996  23
2003 2034 1995  23
2006 1958 1984  23
476 477 2050  23
705 2023 2024  23
1881 2008 2023  23
2029 1987 2030  23
2015 1978 1632  23
2010 2030 1997  23
1997 1981 2009  23
2022 2011 2033  23
1793 2032 1720  23
1991 2000 2039  23
2021 1854 2031  23
1854 1991 2031  23
2000 2013 2019  23
1798 1850 1670  23
2005 2036 1983  23
614 2044 613  23
2045 2044 2037  23
448 1895 2016  23
1728 2016 1974  23
447 2017 446  23
2016 1728 2017  23
1689 2047 1793  23
1985 1993 2025  23
2039 2031 1991  23
1706 2035 482  23
2020 1999 1831  23
1999 2020 1975  23
2042 2003 2006  23
2035 1706 2021  23
1720 2032 1713  23
1713 1843 1799  23
702 701 2023  23
2023 2027 1881  23
2024 706 705  23
2023 705 704  23
2047 2033 1793  23
2052 1767 1708  23
2045 2037 1999  23
2015 2041 2045  23
602 603 2027  23
2027 604 1881  23
2028 2032 2048  23
2048 2033 2011  23
478 2051 2043  23
2051 479 480  23
2031 2039 2029  23
1987 2019 1996  23
2044 616 2037  23
2000 2026 2013  23
2032 1793 2033  23
1843 2032 1819  23
2011 2022 1971  23
2032 2028 1819  23
2009 2049 2010  23
2030 1987 1988  23
2035 480 481  23
2049 2009 2034  23
2036 2002 1983  23
2036 2005 2014  23
615 2044 614  23
2044 2045 2041  23
1993 2040 2025  23
2040 2018 2038  23
2042 2006 2007  23
2031 2035 2021  23
2047 2052 2040  23
631 632 2052  23
616 2044 615  23
2044 2041 1991  23
2010 1997 2009  23
2043 2042 2007  23
2050 1722 1949  23
2049 2043 2051  23
612 1854 611  23
1854 613 2044  23
2041 2015 2026  23
2026 2000 2041  23
2047 1998 2046  23
1627 1986 1885  23
1998 1961 1986  23
2047 2040 2038  23
2011 2014 2048  23
1716 2048 1976  23
2051 478 479  23
2035 481 482  23
2050 478 2043  23
1722 2050 1937  23
2049 2035 2029  23
2049 2034 2042  23
2052 634 2040  23
2052 2047 2046  23
684 535 683  24
539 680 538  24
2054 590 37  24
539 679 680  24
540 678 2058  24
541 677 2055  24
45 2053 721  24
677 541 2053  24
536 683 535  24
681 538 680  24
687 532 686  24
678 679 2058  24
537 681 682  24
682 536 537  24
536 682 683  24
721 2053 720  24
678 540 2055  24
40 2053 541  24
686 533 685  24
2053 40 719  24
538 681 537  24
532 687 531  24
529 689 690  24
533 686 532  24
685 534 684  24
535 684 534  24
690 528 529  24
531 688 530  24
528 691 527  24
526 692 693  24
692 526 527  24
2054 589 590  24
522 697 2054  24
540 541 2055  24
696 523 2057  24
696 697 2056  24
525 694 524  24
693 525 526  24
2054 588 589  24
689 529 530  24
688 531 687  24
691 528 690  24
530 688 689  24
527 691 692  24
694 525 693  24
695 524 694  24
695 696 2057  24
697 522 2056  24
2054 42 588  24
2053 719 720  24
2053 45 677  24
42 2054 697  24
534 685 533  24
2055 677 678  24
2054 37 522  24
522 523 2056  24
523 696 2056  24
523 524 2057  24
524 695 2057  24
679 539 2058  24
539 540 2058  24
2097 2088 570  25
734 2073 735  25
597 2072 596  25
2071 727 726  25
568 567 2095  25
2076 2091 732  25
596 2072 595  25
598 2072 597  25
2069 2078 2091  25
2095 2096 2074  25
2079 2074 2067  25
2078 2082 733  25
562 2075 2060  25
2096 2080 2070  25
729 2074 730  25
2073 2075 2094  25
560 592 2072  25
2072 736 2083  25
2094 561 2089  25
567 566 2096  25
2083 735 2094  25
2085 39 576  25
2075 562 561  25
39 2085 514  25
2060 2087 563  25
2084 725 724  25
2080 2096 566  25
2080 566 565  25
2097 2093 2061  25
2077 574 2063  25
518 517 2085  25
2093 2097 2064  25
2084 2092 725  25
2085 2062 2086  25
2090 2088 2071  25
515 2085 516  25
516 2085 517  25
2059 2077 2068  25
2078 564 2087  25
2085 576 2059  25
2086 40 521  25
2081 572 2065  25
2068 2066 723  25
2064 728 2093  25
574 2077 575  25
569 2079 2064  25
2086 722 40  25
2081 2063 573  25
2059 2068 2062  25
722 2086 2062  25
2077 2063 2066  25
520 519 2086  25
735 2083 736  25
2082 2078 2087  25
2061 2071 2088  25
2088 2097 2061  25
2086 521 520  25
2086 518 2085  25
574 573 2063  25
727 2071 2061  25
2067 728 2064  25
728 2067 729  25
572 2081 573  25
2081 2065 2092  25
724 723 2066  25
2077 2059 575  25
2072 594 595  25
2059 2062 2085  25
2068 722 2062  25
575 2059 576  25
565 564 2069  25
2078 2069 564  25
731 730 2070  25
731 2070 2080  25
2071 2065 2090  25
730 2096 2070  25
2072 593 594  25
591 560 41  25
2073 2082 2060  25
2060 2075 2073  25
2074 729 2067  25
2071 726 2065  25
2072 2083 2089  25
2094 2089 2083  25
732 731 2076  25
2080 565 2069  25
2066 2068 2077  25
2068 723 722  25
2087 2060 2082  25
2091 2076 2069  25
2067 2064 2079  25
2079 569 568  25
2080 2069 2076  25
2076 731 2080  25
2092 2084 2081  25
2063 2081 2084  25
2060 563 562  25
2082 2073 734  25
733 2082 734  25
560 2072 2089  25
724 2063 2084  25
2063 724 2066  25
735 2073 2094  25
518 2086 519  25
514 2085 515  25
564 563 2087  25
592 560 591  25
2072 592 593  25
2088 2090 571  25
571 570 2088  25
561 2094 2075  25
561 560 2089  25
2065 572 2090  25
572 571 2090  25
2078 733 2091  25
733 732 2091  25
2065 726 2092  25
726 725 2092  25
728 727 2093  25
727 2061 2093  25
736 598 43  25
598 736 2072  25
2074 2079 2095  25
2079 568 2095  25
2096 730 2074  25
2096 2095 567  25
570 569 2097  25
569 2064 2097  25
726 711 712  26
714 725 713  26
726 713 725  26
711 726 727  26
702 734 701  26
736 698 699  26
698 600 601  26
719 722 718  26
736 599 698  26
699 735 736  26
733 702 703  26
707 730 706  26
706 731 705  26
710 727 728  26
700 734 735  26
734 700 701  26
698 601 44  26
734 702 733  26
732 703 704  26
735 699 700  26
705 732 704  26
730 707 729  26
722 719 40  26
729 709 728  26
732 705 731  26
731 706 730  26
733 703 732  26
724 716 723  26
726 712 713  26
723 717 722  26
714 724 725  26
599 736 43  26
719 718 720  26
718 722 717  26
708 729 707  26
710 728 709  26
709 729 708  26
727 710 711  26
721 718 45  26
715 724 714  26
717 723 716  26
716 724 715  26
720 718 721  26
698 599 600  26
Edges
759
1 46  1
46 47  1
47 48  1
48 49  1
49 50  1
50 51  1
51 52  1
52 53  1
53 54  1
54 2  1
3 55  2
55 56  2
56 57  2
57 58  2
58 59  2
59 60  2
60 61  2
61 62  2
62 2  2
3 63  3
63 64  3
64 65  3
65 66  3
66 67  3
67 68  3
68 69  3
69 70  3
70 71  3
71 4  3
1 72  4
72 73  4
73 74  4
74 75  4
75 76  4
76 77  4
77 78  4
78 79  4
79 4  4
5 80  5
80 81  5
81 82  5
82 83  5
83 84  5
84 85  5
85 86  5
86 87  5
87 6  5
5 88  6
88 89  6
89 90  6
90 91  6
91 7  6
7 92  7
92 93  7
93 94  7
94 95  7
95 96  7
96 97  7
97 98  7
98 99  7
99 8  7
6 100  8
100 101  8
101 102  8
102 103  8
103 104  8
104 8  8
9 105  9
105 106  9
106 107  9
107 108  9
108 109  9
109 110  9
110 111  9
111 112  9
112 10  9
9 113  10
113 114  10
114 115  10
115 11  10
11 116  11
116 117  11
117 118  11
118 119  11
119 120  11
120 121  11
121 122  11
122 123  11
123 12  11
10 124  12
124 125  12
125 126  12
126 12  12
13 127  13
127 128  13
128 129  13
129 130  13
130 131  13
131 132  13
132 133  13
133 134  13
134 135  13
135 136  13
136 137  13
137 138  13
138 139  13
139 140  13
140 14  13
14 141  14
141 142  14
142 143  14
143 144  14
144 145  14
145 146  14
146 147  14
147 15  14
16 148  15
148 149  15
149 150  15
150 151  15
151 152  15
152 153  15
153 154  15
154 155  15
155 15  15
13 156  16
156 157  16
157 158  16
158 159  16
159 160  16
160 161  16
161 162  16
162 16  16
17 163  17
163 164  17
164 165  17
165 166  17
166 167  17
167 168  17
168 169  17
169 170  17
170 16  17
17 171  18
171 172  18
172 173  18
173 174  18
174 175  18
175 18  18
18 176  19
176 177  19
177 178  19
178 179  19
179 180  19
180 181  19
181 182  19
182 183  19
183 13  19
10 184  20
184 185  20
185 186  20
186 187  20
187 188  20
188 189  20
189 190  20
190 191  20
191 19  20
19 192  21
192 193  21
193 194  21
194 195  21
195 196  21
196 197  21
197 17  21
15 198  22
198 199  22
199 200  22
200 201  22
201 9  22
12 202  23
202 203  23
203 204  23
204 205  23
205 206  23
206 207  23
207 208  23
208 209  23
209 20  23
20 210  24
210 211  24
211 212  24
212 19  24
6 213  25
213 214  25
214 215  25
215 216  25
216 217  25
217 218  25
218 219  25
219 220  25
220 21  25
21 221  26
221 222  26
222 223  26
223 20  26
11 224  27
224 225  27
225 226  27
226 5  27
8 227  28
227 228  28
228 229  28
229 230  28
230 231  28
231 232  28
232 233  28
233 234  28
234 22  28
22 235  29
235 236  29
236 237  29
237 238  29
238 239  29
239 240  29
240 21  29
23 241  30
241 242  30
242 243  30
243 244  30
244 245  30
245 246  30
246 247  30
247 248  30
248 249  30
249 250  30
250 251  30
251 252  30
252 253  30
253 254  30
254 255  30
255 256  30
256 257  30
257 258  30
258 24  30
23 259  31
259 260  31
260 261  31
261 262  31
262 263  31
263 264  31
264 265  31
265 266  31
266 267  31
267 268  31
268 269  31
269 270  31
270 271  31
271 272  31
272 25  31
25 273  32
273 274  32
274 275  32
275 276  32
276 277  32
277 278  32
278 279  32
279 280  32
280 281  32
281 282  32
282 283  32
283 284  32
284 285  32
285 286  32
286 24  32
2 287  33
287 288  33
288 289  33
289 290  33
290 291  33
291 26  33
27 292  34
292 293  34
293 294  34
294 295  34
295 296  34
296 1  34
26 297  35
297 298  35
298 299  35
299 300  35
300 301  35
301 302  35
302 303  35
303 304  35
304 305  35
305 27  35
28 306  36
306 307  36
307 308  36
308 309  36
309 310  36
310 311  36
311 312  36
312 313  36
313 26  36
28 314  37
314 315  37
315 316  37
316 317  37
317 318  37
318 3  37
4 319  38
319 320  38
320 321  38
321 322  38
322 323  38
323 29  38
29 324  39
324 325  39
325 326  39
326 327  39
327 328  39
328 329  39
329 330  39
330 331  39
331 332  39
332 28  39
27 333  40
333 334  40
334 335  40
335 336  40
336 337  40
337 338  40
338 339  40
339 340  40
340 341  40
341 29  40
30 342  41
342 343  41
343 344  41
344 345  41
345 346  41
346 347  41
347 348  41
348 349  41
349 350  41
350 351  41
351 352  41
352 353  41
353 354  41
354 355  41
355 356  41
356 357  41
357 358  41
358 359  41
359 360  41
360 31  41
30 361  42
361 362  42
362 363  42
363 364  42
364 365  42
365 23  42
31 366  43
366 367  43
367 368  43
368 369  43
369 370  43
370 25  43
24 371  44
371 372  44
372 373  44
373 374  44
374 375  44
375 32  44
31 376  45
376 377  45
377 378  45
378 379  45
379 380  45
380 381  45
381 382  45
382 383  45
383 384  45
384 385  45
385 386  45
386 387  45
387 388  45
388 389  45
389 390  45
390 391  45
391 392  45
392 393  45
393 394  45
394 32  45
33 395  46
395 396  46
396 397  46
397 398  46
398 399  46
399 400  46
400 401  46
401 402  46
402 403  46
403 404  46
404 7  46
22 405  47
405 406  47
406 407  47
407 408  47
408 34  47
34 409  48
409 410  48
410 411  48
411 412  48
412 413  48
413 414  48
414 415  48
415 416  48
416 417  48
417 418  48
418 419  48
419 420  48
420 421  48
421 422  48
422 423  48
423 424  48
424 425  48
425 33  48
14 426  49
426 427  49
427 428  49
428 429  49
429 430  49
430 431  49
431 432  49
432 433  49
433 434  49
434 435  49
435 436  49
436 35  49
33 437  50
437 438  50
438 439  50
439 440  50
440 441  50
441 442  50
442 443  50
443 444  50
444 445  50
445 446  50
446 447  50
447 448  50
448 449  50
449 450  50
450 451  50
451 452  50
452 453  50
453 454  50
454 455  50
455 456  50
456 457  50
457 458  50
458 35  50
36 459  51
459 460  51
460 461  51
461 462  51
462 463  51
463 464  51
464 465  51
465 466  51
466 467  51
467 468  51
468 469  51
469 18  51
35 470  52
470 471  52
471 472  52
472 473  52
473 474  52
474 475  52
475 476  52
476 477  52
477 478  52
478 479  52
479 480  52
480 481  52
481 482  52
482 483  52
483 484  52
484 485  52
485 486  52
486 487  52
487 488  52
488 489  52
489 490  52
490 491  52
491 36  52
37 492  53
492 493  53
493 494  53
494 495  53
495 496  53
496 497  53
497 498  53
498 499  53
499 38  53
39 500  54
500 501  54
501 502  54
502 503  54
503 504  54
504 505  54
505 506  54
506 507  54
507 508  54
508 509  54
509 510  54
510 511  54
511 512  54
512 513  54
513 38  54
39 514  55
514 515  55
515 516  55
516 517  55
517 518  55
518 519  55
519 520  55
520 521  55
521 40  55
37 522  56
522 523  56
523 524  56
524 525  56
525 526  56
526 527  56
527 528  56
528 529  56
529 530  56
530 531  56
531 532  56
532 533  56
533 534  56
534 535  56
535 536  56
536 537  56
537 538  56
538 539  56
539 540  56
540 541  56
541 40  56
38 542  57
542 543  57
543 544  57
544 545  57
545 546  57
546 547  57
547 548  57
548 549  57
549 550  57
550 551  57
551 552  57
552 553  57
553 554  57
554 555  57
555 556  57
556 557  57
557 558  57
558 559  57
559 41  57
41 560  58
560 561  58
561 562  58
562 563  58
563 564  58
564 565  58
565 566  58
566 567  58
567 568  58
568 569  58
569 570  58
570 571  58
571 572  58
572 573  58
573 574  58
574 575  58
575 576  58
576 39  58
36 577  59
577 578  59
578 579  59
579 580  59
580 581  59
581 582  59
582 583  59
583 584  59
584 585  59
585 586  59
586 587  59
587 42  59
42 588  60
588 589  60
589 590  60
590 37  60
41 591  61
591 592  61
592 593  61
593 594  61
594 595  61
595 596  61
596 597  61
597 598  61
598 43  61
43 599  62
599 600  62
600 601  62
601 44  62
44 602  63
602 603  63
603 604  63
604 605  63
605 606  63
606 607  63
607 608  63
608 609  63
609 610  63
610 611  63
611 612  63
612 613  63
613 614  63
614 615  63
615 616  63
616 617  63
617 618  63
618 619  63
619 620  63
620 621  63
621 622  63
622 623  63
623 624  63
624 625  63
625 626  63
626 627  63
627 628  63
628 629  63
629 630  63
630 631  63
631 632  63
632 633  63
633 634  63
634 635  63
635 636  63
636 637  63
637 638  63
638 639  63
639 640  63
640 641  63
641 642  63
642 643  63
643 644  63
644 645  63
645 646  63
646 647  63
647 648  63
648 649  63
649 650  63
650 651  63
651 652  63
652 653  63
653 654  63
654 655  63
655 656  63
656 657  63
657 658  63
658 659  63
659 660  63
660 30  63
32 661  64
661 662  64
662 663  64
663 664  64
664 665  64
665 666  64
666 667  64
667 668  64
668 669  64
669 670  64
670 671  64
671 672  64
672 673  64
673 674  64
674 675  64
675 676  64
676 34  64
45 677  65
677 678  65
678 679  65
679 680  65
680 681  65
681 682  65
682 683  65
683 684  65
684 685  65
685 686  65
686 687  65
687 688  65
688 689  65
689 690  65
690 691  65
691 692  65
692 693  65
693 694  65
694 695  65
695 696  65
696 697  65
697 42  65
44 698  66
698 699  66
699 700  66
700 701  66
701 702  66
702 703  66
703 704  66
704 705  66
705 706  66
706 707  66
707 708  66
708 709  66
709 710  66
710 711  66
711 712  66
712 713  66
713 714  66
714 715  66
715 716  66
716 717  66
717 718  66
718 45  66
40 719  67
719 720  67
720 721  67
721 45  67
40 722  68
722 723  68
723 724  68
724 725  68
725 726  68
726 727  68
727 728  68
728 729  68
729 730  68
730 731  68
731 732  68
732 733  68
733 734  68
734 735  68
735 736  68
736 43  68
End
