MeshVersionFormatted 1

Dimension
3

Vertices
1531
-100.528590376651  -46.090085061296001  0.054771578693916502  0
-100.528590376651  -46.090085061296101  100.054904234993  0
63.701524826102798  -46.090085061296001  0.054771578693582498  0
63.701524826102897  -46.090085061296101  100.054904234993  0
-100.528590376651  -46.090085061296101  122.66537300437901  0
-100.528590376651  -46.090085061296001  -22.555697190691401  0
63.701524826103103  -58.2761364118128  197.02748435361099  0
63.701524826103103  -79.654576025911197  193.661535513084  0
-259.65634611654502  -188.095743555502  414.86198345477601  0
-259.83577952740399  -166.92925765609601  422.96260745822099  0
63.701524826102997  -55.388838922802201  147.37979315300799  0
-431.19585637235099  -117.70414296067899  449.74967292347498  0
63.701524826102897  -105.81640218397  127.458848009723  0
36.730994541473201  -106.84321791754  128.48566374335999  0
-259.83577952725  -395.22189604299001  228.29425213888501  0
-431.19585637235201  -366.29712410887203  299.75863557955302  0
63.701524826103103  -158.63227955857499  145.363353312448  0
63.701524826102997  -171.36903393062801  127.866428439869  0
-259.65634611654599  -404.46085559166102  207.599280260982  0
63.701524826102897  -121.484432806591  112.29876182802801  0
-431.19585637235201  -379.355799275734  282.04298018340302  0
63.701524826102798  -143.055869348816  62.554854488881602  0
36.730994541446599  -144.508006085338  62.554854488929003  0
-259.83577952740501  -418.99785461267498  -70.784334687954797  0
-431.19585637235201  -449.07790237790903  0.20151783504479701  0
63.701524826102897  -193.062731508063  37.868786556328502  0
63.701524826102798  -189.69678266753701  16.490346942230101  0
-259.65634611654701  -410.89723060923001  -91.950820587360596  0
63.701524826102897  -143.415040307461  40.756084045339001  0
-431.19585637235201  -445.78492007792801  -21.559219992537699  0
63.701524826102599  -123.494095164177  -9.6714792158295495  0
36.730994541453498  -124.520910897815  -10.698294949400401  0
-259.83577952740501  -224.32949929347299  -299.07697307483897  0
-431.19585637235298  -295.79388273400599  -270.15220114073003  0
63.701524826102698  -141.398600466902  -62.487356590434999  0
63.701524826102698  -123.901675594323  -75.224110962487899  0
-259.65634611654701  -203.634527415435  -308.31593262351998  0
63.701524826102798  -108.334008982482  -25.339509838450699  0
-431.19585637235298  -278.07822733785599  -283.21087630759303  0
63.701524826102599  -58.5901016433357  -46.910946380675298  0
36.730994541472398  -58.590101643383001  -48.363083117195899  0
-259.83577952740501  74.749087533501296  -322.85293164453299  0
-431.19585637235298  3.76323501050183  -352.932979409768  0
-192.660629199342  -46.090085061296101  -116.189027484991  0
63.701524826102599  -33.904033710781903  -96.917808539924195  0
63.701524826102599  -12.525594096683299  -93.551859699397596  0
-259.65634611654701  95.915573432907294  -314.75230764108898  0
63.701524826102698  -36.791331199792502  -47.270117339321303  0
-431.19585637235298  25.5239728380845  -349.63999710978698  0
63.701524826102599  13.636232061375599  -27.3491721960368  0
36.730994541524701  14.6630477949439  -28.375987929671901  0
-259.83577952740501  303.04172592038498  -128.18457632533199  0
-431.19585637235201  274.116953986277  -199.64895976586499  0
63.701524826102698  66.452109435983104  -45.253677498762201  0
63.701524826102698  79.188863808035805  -27.7567526261826  0
-259.65634611654599  312.28068546906701  -107.489604447294  0
63.701524826102798  29.304262683998399  -12.1890860143428  0
-431.19585637235201  287.17562915313999  -181.93330436971499  0
63.701524826102698  50.875699226221201  37.554821324805097  0
36.730994541556399  52.327835962737097  37.554821324757697  0
-259.83577952740399  326.81768449008001  170.89401050164301  0
-431.19585637235201  356.897732255314  99.908157978643501  0
63.701524826102897  100.88256138547101  62.240889257359498  0
63.701524826102897  97.516612544944707  83.619328871458094  0
-259.65634611639098  318.71706048653999  192.06049640114699  0
63.701524826102798  51.234870184868598  59.353591768348899  0
-431.19585637235201  353.604749955334  121.668895806226  0
63.701524826102897  31.3139250415826  109.781155029516  0
36.730994541541101  32.340740775217299  110.807970763084  0
-259.83577952740399  132.14932917087799  399.18664888852697  0
-431.19585637235201  203.61371261141201  370.26187695441899  0
63.701524826103103  49.218430344308203  162.59703240412301  0
63.701524826103103  31.721505471728602  175.333786776176  0
-259.65634611654502  111.45435729284  408.42560843720798  0
63.701524826102897  16.153838859888701  125.44918565213899  0
-431.19585637235201  185.89805721526201  383.32055212128103  0
63.701524826102897  -33.590068479259102  147.02062219436201  0
36.730994541513198  -33.590068479211702  148.47275893087999  0
-431.19585637235099  -95.943405133096704  453.04265522345599  0
-192.66062919931099  -46.090085061296101  216.29870329866199  0
-387.85397689479998  -46.090085061296101  -22.5556971906909  0
-387.85397689479998  -46.090085061296101  122.66537300437901  0
-431.19585637235099  -46.0900850612962  456.114604970497  0
-431.19585637235298  -46.090085061296101  -356.00492915680798  0
-387.85397689479998  50.266130830350797  128.487107213629  0
-431.19585637235201  50.155542616019098  128.62277260395399  0
-387.85397689479998  48.505440697727003  126.972670685661  0
-387.85397689479998  74.898927987912998  57.544081914204199  0
-431.19585637235201  77.917944307385696  57.6804435657874  0
-387.85397689479998  77.940569103489096  57.303150608794603  0
-387.85397689479998  77.504038095839903  37.380693731062102  0
-431.19585637235201  77.5217703370366  37.554821324806099  0
-387.85397689479998  75.188173824889901  37.554821324805999  0
-387.85397689479998  44.757761738432201  -30.2016184457554  0
-431.19585637235201  46.988950898972298  -32.239963109239099  0
-387.85397689479998  46.738162637336202  -32.522747664369703  0
-387.85397689479998  32.3421842454878  -46.301377984803999  0
-431.19585637235201  32.477849635812298  -46.1907897704723  0
-387.85397689479998  30.827747717520001  -44.540687852180199  0
-387.85397689479998  -38.600841053937302  -70.934175142366399  0
-431.19585637235201  -38.4644794023542  -73.953191461838998  0
-387.85397689479998  -38.841772359346798  -73.975816257940906  0
-387.85397689479998  -58.764229237079199  -73.539285250291599  0
-431.19585637235201  -58.590101643335501  -73.557017491489901  0
-387.85397689479998  -58.590101643335501  -71.223420979343302  0
-387.85397689479998  -126.346541413897  -40.793008892885297  0
-431.19585637235201  -128.38488607738  -43.024198053425401  0
-387.85397689479998  -128.66767063251001  -42.773409791788303  0
-387.85397689479998  -142.446300952944  -28.3774313999402  0
-431.19585637235201  -142.33571273861401  -28.513096790265301  0
-387.85397689479998  -140.68561082032099  -26.8629948719731  0
-387.85397689479998  -167.079098110508  42.5655938994839  0
-431.19585637235201  -170.09811442998  42.429232247900998  0
-387.85397689479998  -170.12073922608101  42.806525204893298  0
-387.85397689479998  -169.68420821843199  62.728982082625897  0
-431.19585637235201  -169.701940459631  62.554854488882199  0
-387.85397689479998  -167.36834394748499  62.5548544888821  0
-387.85397689479998  -136.93793186102701  130.311294259443  0
-431.19585637235201  -139.16912102156701  132.349638922927  0
-387.85397689479998  -138.91833275993  132.63242347805701  0
-387.85397689479998  -124.52235436808201  146.411053798491  0
-431.19585637235201  -124.65801975840699  146.30046558416001  0
-387.85397689479998  -123.007917840115  144.65036366586801  0
-387.85397689479998  -53.579329068657501  171.043850956054  0
-431.19585637235201  -53.715690720240502  174.062867275527  0
-387.85397689479998  -53.338397763247897  174.08549207162901  0
-387.85397689479998  -33.415940885515496  173.64896106398001  0
-431.19585637235201  -33.590068479259202  173.666693305178  0
-387.85397689479998  -33.590068479259301  171.33309679303099  0
-387.85397689479998  36.4875005099166  142.88308560547799  0
-387.85397689479998  34.166371291302099  140.90268470657401  0
-431.19585637235201  36.204715954785897  143.133873867114  0
-461.96296314467901  -46.0900850612962  456.114604970497  0
-461.96296314467997  -46.090085061296001  -356.00492915680798  0
-461.96296314467901  -46.0900850612962  406.289440367385  0
-461.96296314467997  -46.090085061296001  -306.17976455369597  0
-431.19585637235201  188.56010493710201  318.08912736238199  0
-431.19585637235298  -46.090085061296001  -306.17976455369597  0
-431.19585637235099  -46.0900850612962  406.289440367385  0
-100.52859037665108  -54.772505462404922  0.81438493575722504  0
-100.52859037665108  -63.191114913142798  3.0701445394754572  0
-100.52859037665107  -71.090118225370929  6.7535102757591332  0
-100.52859037665107  -78.229508180535859  11.7525649405843  0
-100.52859037665105  -84.392358027555503  17.915414787603922  0
-100.52859037665104  -89.391412692380641  25.054804742768827  0
-100.52859037665102  -93.074778428664331  32.953808054996962  0
-100.52859037665101  -95.330538032382577  41.372417505734859  0
-100.52859037665098  -96.090151389445793  50.054837906843687  0
-100.52859037665097  -95.330538032382577  58.737258307952516  0
-100.52859037665095  -93.074778428664359  67.155867758690377  0
-100.52859037665094  -89.391412692380669  75.054871070918523  0
-100.52859037665093  -84.392358027555531  82.194261026083424  0
-100.52859037665093  -78.229508180535888  88.357110873103096  0
-100.52859037665091  -71.090118225370972  93.356165537928248  0
-100.52859037665091  -63.19111491314284  97.039531274211924  0
-100.52859037665091  -54.772505462404993  99.295290877930171  0
-59.471061575962544  -46.090085061296008  0.054771578693878248  0
-18.413532775274099  -46.090085061296001  0.054771578693802801  0
22.643996025414346  -46.090085061295994  0.054771578693727355  0
63.701524826102805  -54.772505462404936  0.81438493575683424  0
63.701524826102812  -63.191114913142826  3.0701445394750664  0
63.701524826102819  -71.090118225370986  6.7535102757587495  0
63.701524826102833  -78.22950818053593  11.752564940583923  0
63.701524826102847  -84.392358027555574  17.915414787603559  0
63.701524826102862  -89.391412692380726  25.054804742768479  0
63.701524826102876  -93.074778428664445  32.953808054996671  0
63.70152482610289  -95.330538032382663  41.372417505734539  0
63.701524826102904  -96.090151389445907  50.054837906843389  0
63.701524826102919  -95.330538032382663  58.737258307952239  0
63.70152482610294  -93.074778428664445  67.155867758690107  0
63.701524826102947  -89.39141269238074  75.05487107091831  0
63.701524826102961  -84.392358027555588  82.194261026083225  0
63.701524826102975  -78.229508180535959  88.357110873102869  0
63.701524826102983  -71.090118225371029  93.356165537928035  0
63.70152482610299  -63.19111491314284  97.03953127421174  0
63.70152482610299  -54.772505462404965  99.295290877929972  0
22.643996025414431  -46.090085061295994  100.05490423499293  0
-18.413532775274042  -46.090085061296001  100.054904234993  0
-59.471061575962516  -46.090085061296008  100.05490423499307  0
63.70152482610299  -37.407664660187251  99.295290877929972  0
63.701524826102983  -28.989055209449369  97.03953127421174  0
63.701524826102975  -21.090051897221208  93.35616553792805  0
63.701524826102961  -13.950661942056279  88.357110873102883  0
63.701524826102947  -7.787812095036621  82.19426102608324  0
63.701524826102933  -2.7887574302114615  75.05487107091831  0
63.701524826102919  0.89460830607222874  67.15586775869015  0
63.701524826102904  3.150367909790468  58.737258307952274  0
63.70152482610289  3.9099812668536984  50.05483790684341  0
63.701524826102876  3.150367909790468  41.372417505734553  0
63.701524826102855  0.89460830607223585  32.953808054996671  0
63.701524826102847  -2.7887574302114544  25.054804742768514  0
63.701524826102833  -7.787812095036621  17.915414787603581  0
63.701524826102819  -13.950661942056257  11.75256494058393  0
63.701524826102812  -21.090051897221201  6.7535102757587566  0
63.701524826102805  -28.989055209449351  3.0701445394750735  0
63.701524826102805  -37.407664660187223  0.81438493575683424  0
-100.52859037665091  -37.407664660187265  99.295290877930171  0
-100.52859037665091  -28.989055209449404  97.039531274211953  0
-100.52859037665093  -21.090051897221262  93.356165537928263  0
-100.52859037665093  -13.950661942056342  88.35711087310311  0
-100.52859037665094  -7.7878120950366991  82.194261026083481  0
-100.52859037665095  -2.7887574302115539  75.05487107091858  0
-100.52859037665097  0.89460830607213637  67.15586775869042  0
-100.52859037665098  3.1503679097903685  58.737258307952558  0
-100.52859037665101  3.9099812668535989  50.054837906843723  0
-100.52859037665102  3.1503679097903756  41.37241750573488  0
-100.52859037665104  0.89460830607215058  32.953808054997026  0
-100.52859037665105  -2.7887574302115254  25.054804742768884  0
-100.52859037665107  -7.7878120950366849  17.915414787603957  0
-100.52859037665107  -13.9506619420563  11.752564940584321  0
-100.52859037665108  -21.09005189722123  6.7535102757591545  0
-100.52859037665108  -28.989055209449365  3.0701445394754714  0
-100.52859037665108  -37.407664660187216  0.81438493575723925  0
-100.52859037665087  -33.481397962188453  121.56225582126132  0
-100.52859037665087  -21.255819440283652  118.28642192931365  0
-100.52859037665088  -9.7848175125285621  112.9374058836907  0
-100.5285903766509  0.58306723210904465  105.67773483020599  0
-100.52859037665093  9.5328118620661826  96.727990200248868  0
-100.52859037665094  16.792482915550885  86.360105455611262  0
-100.52859037665097  22.141498961173845  74.889103527856179  0
-100.52859037665098  25.417332853121515  62.663525005951371  0
-100.52859037665101  26.520450036239005  50.054837906843716  0
-100.52859037665102  25.417332853121515  37.446150807736053  0
-100.52859037665105  22.141498961173845  25.220572285831253  0
-100.52859037665107  16.792482915550906  13.74957035807617  0
-100.5285903766511  9.5328118620661968  3.3816856134385489  0
-100.52859037665111  0.58306723210908018  -5.5680590165185748  0
-100.52859037665112  -9.7848175125285479  -12.827730070003291  0
-100.52859037665112  -21.255819440283627  -18.176746115626244  0
-100.52859037665112  -33.48139796218841  -21.452580007573914  0
-100.52859037665112  -58.698772160403728  -21.452580007573914  0
-100.52859037665112  -70.924350682308543  -18.176746115626244  0
-100.52859037665111  -82.39535261006364  -12.827730070003312  0
-100.5285903766511  -92.763237354701246  -5.5680590165185961  0
-100.52859037665107  -101.71298198465837  3.3816856134385205  0
-100.52859037665105  -108.97265303814306  13.749570358076106  0
-100.52859037665102  -114.32166908376604  25.220572285831253  0
-100.52859037665101  -117.59750297571372  37.446150807736039  0
-100.52859037665098  -118.70062015883121  50.05483790684368  0
-100.52859037665097  -117.59750297571372  62.663525005951328  0
-100.52859037665094  -114.32166908376607  74.889103527856108  0
-100.52859037665093  -108.97265303814311  86.360105455611262  0
-100.5285903766509  -101.7129819846584  96.727990200248854  0
-100.52859037665088  -92.763237354701289  105.67773483020596  0
-100.52859037665087  -82.395352610063696  112.93740588369067  0
-100.52859037665087  -70.924350682308557  118.28642192931365  0
-100.52859037665087  -58.69877216040377  121.56225582126132  0
63.70152482610316  -69.027182380517303  195.73719173754043  0
24.391598463931796  -78.583534299924963  198.19417456404781  0
-14.268920668418662  -79.56754480278093  206.64306195809314  0
-51.779304185962474  -82.374700728835421  218.97578324014566  0
-87.669125628364654  -86.907552178260119  235.05006646257229  0
-121.49646358548445  -93.260266304169633  254.60375480687213  0
-152.83482090564252  -101.59010326898721  277.3075442474468  0
-181.28714784500869  -112.28108514800547  302.66504083625335  0
-206.48875958643112  -125.80225835034751  330.02766256585346  0
-228.10038521403268  -142.63772995234618  358.59119528329131  0
-245.8670890915439  -163.28673453518653  387.29553350355735  0
-259.7466221496021  -177.57155183928322  419.06657993101027  0
-247.48563015611197  -144.40233796777702  396.97797389369288  0
-231.81164346139548  -125.28299027552163  370.06692766208744  0
-212.88333606388585  -109.33707142404194  343.17634441968244  0
-190.85155815172538  -96.194102661910208  317.14368285388531  0
-165.95135732483996  -85.489647890816883  292.62121802777079  0
-138.44678405525241  -76.87516763560555  270.14194058538112  0
-108.62231581986883  -70.016229906927549  250.15380501195341  0
-76.789650003842738  -64.682695573955172  232.99819084098664  0
-43.280908466218996  -60.807376936445429  218.91938110100568  0
-8.4397028870638771  -58.347939083371841  208.14567507933447  0
27.359180148397698  -57.423606714586185  200.82669145966295  0
63.701524826103018  -66.626509196709947  170.99002103728432  0
-12.351326570409061  -55.749346655840391  154.70623012938935  0
-86.771663309338877  -58.89103145928069  171.73855771404348  0
-158.27100599482011  -63.503965216843461  198.29084517729169  0
-225.61724136240665  -69.225020500510624  233.93062782469602  0
-287.63458613413673  -76.180412172225374  278.02000716104993  0
-343.23070478498204  -85.371617245166377  329.62189770917058  0
-391.39527722849243  -98.374339565665537  387.48580098621477  0
-288.24626449251252  -176.36381012303133  420.67659836622602  0
-316.83618286848019  -164.63187669056089  426.4912132776758  0
-345.42610124444781  -152.89994325809042  432.30582818912563  0
-374.01601962041548  -141.16800982561998  438.12044310057541  0
-402.60593799638315  -129.43607639314953  443.93505801202525  0
50.216259683777999  -106.32981005063978  127.97225587639282  0
50.209743038145589  -106.46373285675078  127.66949360533258  0
-288.39579233466532  -390.40110072066756  240.20498271234544  0
-316.95580514220262  -385.58030539830833  252.11571328578697  0
-345.51581794973987  -380.75951007594915  264.02644385922844  0
-374.07583075727717  -375.93871475358998  275.93717443266996  0
-402.63584356481465  -371.11791943123109  287.84790500611149  0
-387.39272088344677  -303.78582259887128  265.49720831788102  0
-333.65196866307679  -250.16552440110155  230.27552198861781  0
-271.21109995201886  -204.84379855168518  197.83950405872679  0
-201.44483785794776  -167.57617475437152  170.46726805678375  0
-125.84553933102539  -138.32754493782974  149.61257329886664  0
-45.942272173069831  -117.65604129079102  135.69741866904897  0
63.701524826102933  -131.87538504619585  137.44047331086193  0
-247.48563015611245  -360.91904777199926  225.84927920974852  0
-231.81164346139596  -328.37064408774916  220.33971633561296  0
-212.88333606388622  -298.08066297485141  212.60066992697901  0
-190.8515581517259  -270.3793091127153  203.48628073809564  0
-165.95135732484073  -245.47011538521616  193.71547212568603  0
-138.44678405525315  -223.48350846467085  183.91158001485596  0
-108.62231581986937  -204.49976087773967  174.62783518729375  0
-76.789650003843192  -188.59753146749296  166.26836236611916  0
-43.280908466219373  -175.90204554147553  159.05340461578518  0
-8.4397028870640849  -166.54479977122634  153.17432921316643  0
27.359180148397567  -160.71589513632478  148.65262795034201  0
63.701524826103068  -165.32204240935644  136.84884114459101  0
24.391598463931619  -173.81675287285762  131.82882911685499  0
-14.268920668419089  -180.48681894199657  137.1072941873372  0
-51.779304185962928  -191.19232878218074  143.84288604519924  0
-87.669125628365236  -205.76377344947096  152.00391071649102  0
-121.49646358548519  -224.08236631230369  161.33840910458383  0
-152.83482090564331  -246.02645398836646  171.50232837264483  0
-181.28714784500966  -271.51657756442279  181.87312038030811  0
-206.4887595864322  -300.42578620143934  191.66050249537662  0
-228.10038521403379  -332.52773001483041  199.95349404027419  0
-245.86708909154484  -367.42581338513122  205.64947508001839  0
-259.74662214960273  -399.99222694311368  218.01410627052547  0
63.701524826102904  -146.12561790434114  121.0474812149418  0
-12.351326570409165  -126.91992353722777  117.22441763326212  0
-86.771663309339104  -141.18510450059097  127.04658533889842  0
-158.2710059948204  -163.22224376300537  142.56005111903889  0
-225.61724136240719  -192.4687727396236  163.71578612240907  0
-287.63458613413775  -228.56287646354332  189.97348061257301  0
-343.230704784983  -271.55008662651812  219.96236390684268  0
-391.39527722849323  -321.66035814634938  251.68400917325272  0
-288.24626449251383  -400.27667953900692  220.00656358138511  0
-316.8361828684815  -396.09250348635243  232.41384690178865  0
-345.42610124444911  -391.90832743369776  244.82113022219224  0
-374.01601962041673  -387.72415138104321  257.22841354259583  0
-402.60593799638434  -383.53997532838861  269.63569686299945  0
50.21625968376464  -143.78193771689016  62.554854488881624  0
50.20974303812951  -143.66255018629195  62.246071509569191  0
-288.39579233489621  -424.01119590688052  -58.953359267454864  0
-316.95580514238742  -429.02453720108616  -47.122383846954996  0
-345.51581794987857  -434.03787849529198  -35.291408426455078  0
-374.07583075736972  -439.05121978949774  -23.460433005955128  0
-402.63584356486081  -444.06456108370332  -11.629457585455171  0
-387.39272088344882  -380.64924962953557  20.177195483704274  0
-333.65196866308196  -317.82847991640244  33.18697870034417  0
-271.21109995202767  -262.84545200028953  42.298550150629914  0
-201.44483785796075  -217.13816880128778  49.295645963206951  0
-125.84553933104256  -181.70976823469695  55.231054363999668  0
-45.942272173091325  -157.25330762854844  60.0085145701402  0
63.701524826102784  -168.54042777921811  51.1864459338762  0
-247.48563015611319  -393.01322104814653  -48.257414999635877  0
-231.81164346139678  -366.10217481654098  -29.138067307380389  0
-212.88333606388704  -339.21159157413587  -13.192148455900536  0
-190.85155815172652  -313.17893000833851  -0.049179693768866502  0
-165.95135732484133  -288.65646518222366  10.655275077324506  0
-138.44678405525377  -266.17718773983358  19.269755332536022  0
-108.62231581987  -246.18905216640596  26.12869306121409  0
-76.789650003843732  -229.03343799543913  31.462227394186392  0
-43.280908466219827  -214.95462825545815  35.337546031696043  0
-8.4397028870644863  -204.18092223378699  37.796983884769588  0
27.359180148397289  -196.86193861411562  38.721316253555244  0
63.701524826102883  -191.77243889199335  27.117740587623988  0
24.391598463931359  -194.22942171850113  17.561388668216352  0
-14.268920668419451  -202.67830911254592  16.577378165360376  0
-51.779304185963341  -215.01103039459861  13.770222239305928  0
-87.669125628365563  -231.08531361702541  9.2373707898813109  0
-121.49646358548561  -250.63900196132525  2.884656663972001  0
-152.83482090564397  -273.34279140189983  -5.4451803008455331  0
-181.28714784501034  -298.70028799070639  -16.136162179864062  0
-206.48875958643274  -326.06290972030655  -29.657335382206323  0
-228.10038521403416  -354.62644243774474  -46.492806984205046  0
-245.86708909154538  -383.33078065801107  -67.141811567045337  0
-259.74662214960313  -415.1018270854637  -81.426628871141688  0
63.701524826102755  -167.02526819173744  29.51841377143154  0
-12.351326570409432  -150.74147728384216  40.395576312300747  0
-86.771663309339473  -167.77380486849617  37.25389150886037  0
-158.27100599482083  -194.32609233174435  32.640957751297769  0
-225.61724136240773  -229.96587497914845  26.919902467630852  0
-287.63458613413809  -274.05525431550234  19.964510795916262  0
-343.23070478498352  -325.6571448636231  10.773305722975376  0
-391.39527722849357  -383.52104814066769  -2.2294165975241937  0
-288.2462644925144  -416.71184552067939  -80.218887154889956  0
-316.8361828684819  -422.52646043212911  -68.486953722419528  0
-345.4261012444494  -428.34107534357884  -56.755020289949094  0
-374.0160196204169  -434.15569025502856  -45.023086857478646  0
-402.60593799638434  -439.97030516647828  -33.291153425008197  0
50.21625968376798  -124.00750303084716  -10.184887082499696  0
50.209743038133567  -123.7047407597863  -10.318809888611217  0
-288.39579233489638  -236.24022986689505  -294.25617775248753  0
-316.95580514238765  -248.15096044031722  -289.43538243013597  0
-345.51581794987897  -260.06169101373945  -284.61458710778447  0
-374.07583075737017  -271.9724215871617  -279.79379178543297  0
-402.63584356486155  -283.8831521605839  -274.97299646308153  0
-387.39272088344836  -261.53245547233507  -207.64089963073127  0
-333.65196866308037  -226.31076914307235  -154.02060143296285  0
-271.21109995202454  -193.87475121318224  -108.69887558354721  0
-201.44483785795595  -166.5025152112394  -71.431251786233759  0
-125.84553933103599  -145.64782045332231  -42.182621969691965  0
-45.942272173083133  -131.73266582350431  -21.511118322652365  0
63.701524826102606  -133.47572046531582  -35.730462078055623  0
-247.48563015611347  -221.88452636420249  -264.77412480385823  0
-231.8116434613969  -216.37496349006679  -232.22572111960821  0
-212.88333606388713  -208.63591708143241  -201.93574000671049  0
-190.85155815172661  -199.52152789254885  -174.23438614457461  0
-165.95135732484124  -189.75071928013946  -149.32519241707558  0
-138.44678405525349  -179.94682716930967  -127.33858549653034  0
-108.62231581986966  -170.66308234174758  -108.3548379095992  0
-76.789650003843519  -162.30360952057262  -92.452608499352522  0
-43.280908466219785  -155.0886517702383  -79.757122573335025  0
-8.4397028870644561  -149.20957636761958  -70.399876803085917  0
27.359180148397265  -144.6878751047953  -64.570972168184539  0
63.701524826102698  -132.88408829904478  -69.177119441216149  0
24.391598463931238  -127.86407627130916  -77.671829904716787  0
-14.26892066841938  -133.14254134179149  -84.341895973855671  0
-51.779304185963234  -139.87813319965355  -95.047405814039763  0
-87.669125628365549  -148.03915787094505  -109.61885048132999  0
-121.4964635854856  -157.3736562590376  -127.9374433441626  0
-152.83482090564382  -167.53757552709834  -149.88153102022534  0
-181.28714784501  -177.90836753476154  -175.37165459628187  0
-206.48875958643225  -187.69574964982999  -204.28086323329862  0
-228.10038521403385  -195.98874119472731  -236.38280704668961  0
-245.86708909154524  -201.68472223447151  -271.28089041699047  0
-259.74662214960318  -214.04935342497888  -303.84730397497242  0
63.701524826102592  -117.08272836939568  -49.980694936200933  0
-12.351326570409469  -113.25966478771613  -30.775000569087425  0
-86.771663309339473  -123.08183249335254  -45.040181532450404  0
-158.27100599482091  -138.59529827349283  -67.077320794864377  0
-225.61724136240801  -159.75103327686267  -96.323849771482315  0
-287.63458613413826  -186.00872776702676  -132.41795349540226  0
-343.23070478498374  -215.997611061296  -175.40516365837709  0
-391.39527722849408  -247.71925632770558  -225.51543517820872  0
-288.24626449251457  -216.04181073583879  -304.13175657086543  0
-316.83618286848224  -228.44909405624233  -299.94758051821094  0
-345.42610124444991  -240.85637737664572  -295.76340446555645  0
-374.01601962041764  -253.26366069704915  -291.57922841290195  0
-402.60593799638531  -265.67094401745265  -287.39505236024746  0
50.216259683777423  -58.590101643335679  -47.63701474874884  0
50.209743038149753  -58.281318664025328  -47.517627218151304  0
-288.39579233489638  62.91811211300142  -327.86627293873892  0
-316.95580514238765  51.08713669250151  -332.87961423294473  0
-345.51581794987897  39.256161272001549  -337.89295552715055  0
-374.07583075737034  27.425185851501606  -342.90629682135625  0
-402.63584356486172  15.594210431001688  -347.91963811556218  0
-385.92098396253255  -16.685750328236402  -282.5266234117845  0
-330.14176306769889  -29.855550791856398  -218.15048449689925  0
-265.21740905317677  -39.02657455848901  -162.19418806436377  0
-119.5983176982013  -51.690765190998206  -83.198143133969808  0
-42.681795660535563  -56.200801911039733  -60.368772062784281  0
63.701524826102521  -47.221693088329914  -72.395504811078354  0
-247.48563015611288  52.222167845182383  -296.86829808000499  0
-231.81164346139619  33.102820152926952  -269.95725184839978  0
-212.88333606388633  17.156901301447132  -243.06666860599509  0
-190.85155815172575  4.0139325393155456  -217.03400704019799  0
-165.9513573248405  -6.6905222317777167  -192.51154221408331  0
-138.44678405525298  -15.305002486989192  -170.03226477169355  0
-108.62231581986923  -22.163940215667374  -150.04412919826626  0
-76.789650003843178  -27.497474548639723  -132.88851502729946  0
-43.2809084662195  -31.372793186149405  -118.80970528731847  0
-8.4397028870642608  -33.832231039223018  -108.03599926564772  0
27.3591801483973  -34.756563408008667  -100.71701564597633  0
63.701524826102634  -23.152987742077276  -95.627515923854048  0
24.391598463931306  -13.596635822669663  -98.08449875036176  0
-14.268920668419323  -12.612625319813551  -106.53338614440653  0
-51.779304185963063  -9.8054693937589672  -118.86610742645925  0
-87.669125628365407  -5.272617944334276  -134.9403906488856  0
-121.49646358548549  1.0800961815750723  -154.4940789931851  0
-152.83482090564368  9.4099331463925306  -177.19786843375962  0
-181.28714784500986  20.100915025411023  -202.55536502256632  0
-206.48875958643202  33.622088227753281  -229.91798675216648  0
-228.10038521403368  50.457559829751993  -258.48151946960434  0
-245.86708909154521  71.106564412592277  -287.18585768987015  0
-259.74662214960318  85.3913817166884  -318.95690411732267  0
63.701524826102528  -25.553660925885026  -70.880345223597971  0
-12.351326570409432  -36.430823466754333  -54.59655431570264  0
-86.771663309339402  -33.289138663313956  -71.628881900356561  0
-158.27100599482085  -28.67620490575128  -98.181169363604369  0
-225.61724136240784  -22.955149622084161  -133.82095201100807  0
-287.63458613413837  -15.99975795036949  -177.9103313473617  0
-343.2307047849834  -6.8085528774285322  -229.51222189548261  0
-391.3952772284938  6.1941694430708667  -287.37612517252694  0
-288.24626449251463  84.183640000436654  -320.56692255253841  0
-316.83618286848224  72.451706567966212  -326.38153746398808  0
-345.42610124444991  60.719773135495778  -332.1961523754378  0
-374.01601962041764  48.987839703025351  -338.01076728688753  0
-402.60593799638531  37.255906270554917  -343.82538219833725  0
50.216259683803578  14.149639928044408  -27.862580062705479  0
50.209743038169321  14.283562734154557  -27.559817791647525  0
-288.39579233489621  298.22093059803444  -140.0953068987541  0
-316.95580514238736  293.400135275683  -152.00603747217627  0
-345.51581794987851  288.5793399533315  -163.91676804559847  0
-374.0758307573696  283.75854463097994  -175.82749861902067  0
-402.63584356486081  278.93774930862855  -187.73822919244284  0
-387.39272088344194  211.60565247627139  -165.38753250418972  0
-333.65196866306542  157.98535427849814  -130.1658461749229  0
-271.21109995199942  112.66362842907935  -97.729828245030447  0
-201.44483785791925  75.396004631764839  -70.357592243087211  0
-125.84553933098724  46.147374815223976  -49.50289748517141  0
-45.942272173022154  25.475871168188007  -35.587742855356673  0
63.701524826102613  39.695214923602649  -37.33079749717615  0
-247.48563015611225  268.73887764940457  -125.73960339606114  0
-231.81164346139553  236.19047396515478  -120.23004052192569  0
-212.88333606388562  205.90049285225751  -112.49099411329148  0
-190.85155815172513  178.19913899012192  -103.37660492440801  0
-165.95135732483999  153.28994526262289  -93.605796311998645  0
-138.44678405525255  131.30333834207772  -83.801904201168895  0
-108.62231581986882  112.31959075514688  -74.518159373606963  0
-76.789650003842766  96.41736134490047  -66.158686552432357  0
-43.280908466219124  83.721875418883201  -58.943728802098406  0
-8.4397028870640138  74.364629648634178  -53.06465339947988  0
27.359180148397435  68.535725013732673  -48.542952136655671  0
63.701524826102727  73.141872286764055  -36.739165330904683  0
24.391598463931469  81.636582750264765  -31.719153303169104  0
-14.268920668419067  88.306648819403719  -36.997618373651321  0
-51.779304185962829  99.012158659587683  -43.733210231513077  0
-87.669125628364895  113.58360332687826  -51.894234902804492  0
-121.49646358548473  131.90219618971102  -61.22873329089699  0
-152.834820905643  153.84628386577342  -71.392652558957849  0
-181.28714784500929  179.33640744182955  -81.763444566621033  0
-206.48875958643177  208.24561607884601  -91.550826681689415  0
-228.10038521403348  240.34755989223686  -99.843818226586606  0
-245.86708909154461  275.24564326253761  -105.53979926633058  0
-259.74662214960273  307.81205682051962  -117.9044304568384  0
63.701524826102649  53.945447781748925  -20.937805401255332  0
-12.351326570409197  34.739753414635224  -17.114741819576356  0
-86.771663309339004  49.00493437799831  -26.936909525212457  0
-158.27100599482034  71.042073640412269  -42.450375305352445  0
-225.6172413624073  100.28860261703004  -63.60611030872203  0
-287.63458613413752  136.38270634094982  -89.863804798885738  0
-343.23070478498272  179.36991650392488  -119.85268809315494  0
-391.39527722849311  229.48018802375589  -151.57433335956483  0
-288.2462644925136  308.09650941641235  -119.89688776769759  0
-316.83618286848127  303.91233336375791  -132.30417108810107  0
-345.42610124444894  299.72815731110347  -144.71145440850458  0
-374.01601962041656  295.54398125844892  -157.11873772890803  0
-402.60593799638434  291.35980520579443  -169.52602104931151  0
50.216259683819509  51.601767594292397  37.55482132480514  0
50.209743038189998  51.482380063696077  37.863604304112364  0
-288.39579233489536  331.8310257842856  159.06303508114303  0
-316.95580514238662  336.84436707849125  147.23205966064307  0
-345.51581794987788  341.85770837269695  135.40108424014309  0
-374.07583075736926  346.87104966690282  123.5701088196432  0
-402.63584356486058  351.88439096110847  111.73913339914331  0
-387.39272088343824  288.46907950692872  79.932480329980862  0
-333.65196866305808  225.64830979378584  66.922697113340533  0
-271.21109995198782  170.66528187766701  57.811125663053993  0
-201.444837857903  124.9579986786635  50.81402985047616  0
-125.84553933096608  89.529598112075078  44.878621449683017  0
-45.942272172995793  65.07313750593427  40.101161243542997  0
63.701524826102755  76.360257656624938  48.923229879810549  0
-247.48563015611199  300.83305092555196  148.36709081332407  0
-231.81164346139556  273.92200469394669  129.24774312106868  0
-212.88333606388585  247.03142145154186  113.30182426958895  0
-190.85155815172541  220.99875988574468  100.15885550745736  0
-165.95135732484027  196.47629505963008  89.454400736364008  0
-138.44678405525269  173.99701761724046  80.83992048115239  0
-108.62231581986897  154.00888204381326  73.980982752474205  0
-76.789650003842951  136.85326787284643  68.64744841950187  0
-43.280908466219316  122.77445813286543  64.772129781992177  0
-8.4397028870640547  112.0007521111948  62.312691928918568  0
27.35918014839752  104.68176849152363  61.388359560132876  0
63.701524826102911  99.592268769401102  72.991935226064186  0
24.391598463931729  102.04925159590857  82.548287145471832  0
-14.268920668418755  110.49813898995325  83.532297648327798  0
-51.77930418596241  122.83086027200588  86.339453574382347  0
-87.669125628364512  138.90514349443234  90.872305023807172  0
-121.49646358548442  158.45883183873175  97.225019149716587  0
-152.8348209056426  181.16262127930617  105.5548561145341  0
-181.28714784500869  206.52011786811261  116.24583799355277  0
-206.48875958643092  233.88273959771254  129.76701119589501  0
-228.10038521403263  262.44627231515034  146.60248279789346  0
-245.86708909154399  291.15061053541621  167.25148738073372  0
-259.74662214960159  322.92165696286884  181.53630468482999  0
63.701524826102798  74.845098069145038  70.591262042256687  0
-12.351326570409132  58.561307161249985  59.714099501387011  0
-86.771663309338962  75.593634745903969  62.855784304827338  0
-158.27100599482017  102.14592220915186  67.468718062390167  0
-225.61724136240701  137.78570485655555  73.189773346057493  0
-287.63458613413724  181.87508419290924  80.145165017772428  0
-343.23070478498249  233.47697474103001  89.336370090713487  0
-391.39527722849272  291.34087801807414  102.33909241121249  0
-288.24626449236581  324.53167539805457  180.32856296863892  0
-316.83618286836298  330.34629030951044  168.59662953615634  0
-345.42610124436027  336.1609052209663  156.86469610367377  0
-374.0160196203575  341.97552013242222  145.13276267119122  0
-402.60593799635484  347.79013504387814  133.40082923870861  0
50.216259683811955  31.827332908251105  110.29456289618452  0
50.209743038180953  31.524570637193527  110.42848570229475  0
-288.39579233489519  144.06005974430045  394.36585356617547  0
-316.95580514238651  155.97079031772282  389.54505824382397  0
-345.51581794987788  167.8815208911451  384.72426292147264  0
-374.0758307573692  179.79225146456733  379.90346759912126  0
-402.63584356486064  191.70298203798967  375.0826722767701  0
-387.39272088343995  169.35228534973584  307.75057544441216  0
-333.65196866306189  134.13059902046834  254.1302772466378  0
-271.21109995199419  101.69458109057541  208.80855139721817  0
-201.4448378579122  74.322345088631877  171.54092759990309  0
-125.84553933097811  53.467650330715962  142.29229778336239  0
-45.942272173010771  39.552495700901687  121.62079413632708  0
63.701524826102933  41.295550342722208  135.84013789174273  0
-247.48563015611188  129.70435624160746  364.88380061754663  0
-231.81164346139545  124.19479336747186  332.33539693329664  0
-212.88333606388593  116.45574695883792  302.04541582039889  0
-190.85155815172541  107.34135776995481  274.34406195826307  0
-165.95135732483999  97.570549157545486  249.43486823076421  0
-138.44678405525232  87.766657046715594  227.44826131021927  0
-108.62231581986859  78.482912219153533  208.46451372328826  0
-76.789650003842567  70.123439397978757  192.56228431304169  0
-43.280908466218975  62.908481647644535  179.86679838702406  0
-8.4397028870638504  57.029406245025889  170.50955261677481  0
27.359180148397723  52.50770498220168  164.68064798187336  0
63.701524826103096  40.703918176450834  169.28679525490438  0
24.391598463931921  35.683906148714925  177.78150571840521  0
-14.268920668418534  40.962371219197379  184.45157178754422  0
-51.779304185962282  47.697963077059285  195.15708162772836  0
-87.669125628364498  55.858987748350593  209.72852629501864  0
-121.49646358548438  65.193486136443042  228.04711915785143  0
-152.83482090564237  75.357405404504064  249.99120683391419  0
-181.28714784500843  85.728197412167418  275.4813304099705  0
-206.48875958643086  95.5155795272359  304.39053904698699  0
-228.10038521403268  103.80857107213328  336.49248286037772  0
-245.8670890915439  109.50455211187723  371.39056623067836  0
-259.74662214960165  121.86918330238447  403.9569797886607  0
63.701524826102961  24.902558246801448  150.09037074988925  0
-12.351326570409023  21.079494665122439  130.88467638277581  0
-86.771663309338877  30.901662370758544  145.14985734613896  0
-158.27100599482023  46.415128150898674  167.18699660855302  0
-225.61724136240693  67.570863154268508  196.43352558517128  0
-287.63458613413729  93.828557644432379  232.52762930909097  0
-343.23070478498272  123.81744093870161  275.51483947206583  0
-391.39527722849277  155.5390862051114  325.62511099189709  0
-288.24626449251281  123.86164061324391  404.24143238455338  0
-316.83618286848065  136.26892393364753  400.05725633189894  0
-345.42610124444843  148.67620725405115  395.87308027924445  0
-374.01601962041633  161.08349057445477  391.6889042265899  0
-402.60593799638417  173.49077389485842  387.50472817393546  0
63.701524826103061  -15.75177855602557  142.99676007029475  0
63.701524826103046  1.0251639529508196  135.72144194464971  0
63.701524826103018  -44.958477034265172  172.50518062476485  0
63.701524826103068  -90.357526219992025  137.22712358472489  0
63.701524826103075  -73.350009622385102  143.94578661846592  0
63.701524826102968  -139.03200722474722  80.393144412114665  0
63.701524826102997  -131.75668909910218  97.170086921090785  0
63.701524826102833  -133.26237073917832  5.7873967481488791  0
63.701524826102862  -139.98103377291906  22.794913345755987  0
63.701524826102734  -76.42839156656882  -42.887084256607238  0
63.701524826102748  -93.205334075544783  -35.611766130961939  0
63.701524826102727  -1.8226439026021666  -37.11744777103911  0
63.70152482610272  -18.830160500209359  -43.83611080477975  0
63.701524826102826  46.851837102154768  19.71653140157138  0
63.701524826102798  39.576518976509412  2.9395888925950118  0
63.701524826102961  41.082200616585645  94.322279065538865  0
63.701524826102933  47.800863650326555  77.314762467931871  0
50.216259683798  -33.590068479259102  147.74669056243437  0
50.209743038168128  -33.898851458568039  147.62730303183722  0
-288.39579233489508  -155.098282235596  427.97594875242686  0
-316.95580514238617  -143.26730681509605  432.98929004663273  0
-345.51581794987737  -131.43633139459612  438.00263134083849  0
-374.07583075736846  -119.60535597409627  443.01597263504419  0
-402.63584356485973  -107.77438055359652  448.02931392925012  0
-385.92098396252629  -75.494419794356787  382.63629922546602  0
-330.14176306768582  -62.324619330736304  318.26016031057526  0
-265.21740905315511  -53.15359556410349  262.30386387803628  0
-119.59831769816888  -40.489404931594599  183.3078189476461  0
-42.681795660502786  -35.979368211553734  160.47844787646494  0
-387.8539768948001  -58.698772160403728  -21.452580007573417  0
-387.8539768948001  -70.924350682308543  -18.176746115625747  0
-387.8539768948001  -82.39535261006364  -12.827730070002815  0
-387.8539768948001  -92.763237354701246  -5.5680590165180988  0
-387.85397689480004  -101.71298198465837  3.3816856134390179  0
-387.85397689480004  -108.97265303814306  13.749570358076603  0
-387.85397689480004  -114.32166908376604  25.22057228583175  0
-387.85397689479998  -117.59750297571372  37.446150807736537  0
-387.85397689479998  -118.70062015883121  50.054837906844178  0
-387.85397689479993  -117.59750297571372  62.663525005951826  0
-387.85397689479993  -114.32166908376607  74.889103527856605  0
-387.85397689479993  -108.97265303814311  86.360105455611745  0
-387.85397689479987  -101.7129819846584  96.727990200249337  0
-387.85397689479987  -92.763237354701289  105.67773483020646  0
-387.85397689479987  -82.395352610063696  112.93740588369116  0
-387.85397689479987  -70.924350682308557  118.28642192931414  0
-387.85397689479987  -58.69877216040377  121.56225582126181  0
-316.02263026526271  -46.090085061296115  -22.555697190690967  0
-244.19128363572548  -46.090085061296101  -22.555697190691099  0
-172.35993700618823  -46.090085061296087  -22.55569719069123  0
-172.35993700618826  -46.090085061296087  122.66537300437888  0
-244.19128363572551  -46.090085061296101  122.66537300437901  0
-316.02263026526276  -46.090085061296115  122.66537300437913  0
-387.85397689479987  -33.481397962188453  121.56225582126181  0
-387.85397689479987  -21.255819440283652  118.28642192931414  0
-387.85397689479987  -9.7848175125285621  112.93740588369121  0
-387.85397689479987  0.58306723210904465  105.6777348302065  0
-387.85397689479993  9.5328118620661826  96.727990200249366  0
-387.85397689479993  16.792482915550885  86.360105455611773  0
-387.85397689479993  22.141498961173845  74.889103527856662  0
-387.85397689479998  25.417332853121515  62.663525005951868  0
-387.85397689479998  26.520450036239005  50.054837906844213  0
-387.85397689480004  25.417332853121515  37.446150807736551  0
-387.85397689480004  22.141498961173845  25.22057228583175  0
-387.85397689480004  16.792482915550906  13.749570358076667  0
-387.8539768948001  9.5328118620661968  3.3816856134390463  0
-387.8539768948001  0.58306723210908018  -5.5680590165180774  0
-387.8539768948001  -9.7848175125285479  -12.827730070002794  0
-387.8539768948001  -21.255819440283627  -18.176746115625747  0
-387.8539768948001  -33.48139796218841  -21.452580007573417  0
-431.19585637235127  -71.064023464308036  455.34588990334441  0
-401.99381341930098  -46.090085061296207  406.94963103815496  0
-368.08910848389831  -46.090085061296193  360.90155879139388  0
-329.81177384028064  -46.090085061296179  318.41862543010006  0
-287.53440544008339  -46.090085061296158  279.9143646846494  0
-241.66853602084956  -46.090085061296143  245.76358143129727  0
-431.19585637235127  -106.84608814663403  451.54362046107906  0
-431.19585637235139  -315.57060103930183  353.80602874568706  0
-431.19585637235133  -255.86441815296803  397.73179084409537  0
-431.19585637235127  -189.16811153685146  430.07222272975935  0
-431.1958563723515  -372.94650755515988  290.98929684184196  0
-431.1958563723519  -451.42611214262854  74.28786449678222  0
-431.19585637235178  -440.2676695935092  147.56671554304455  0
-431.19585637235167  -415.97439759801063  217.59626492425204  0
-431.19585637235207  -447.57886761553124  -10.701165178492289  0
-431.19585637235247  -349.8412759001402  -219.42567807116015  0
-431.19585637235235  -393.76703799854806  -159.71949518482646  0
-431.19585637235224  -426.10746988421181  -93.023188568709799  0
-431.19585637235258  -287.02454399629522  -276.80158458701851  0
-431.19585637235275  -107.58456507753715  -351.32149841023295  0
-431.19585637235269  -167.66050939133549  -337.37924210677761  0
-431.19585637235264  -224.93210464440963  -314.49977591558502  0
-241.66853602087411  -46.090085061296065  -145.65390561762518  0
-287.53440544010209  -46.090085061296065  -179.80468887097572  0
-329.81177384029371  -46.090085061296065  -218.30894961642372  0
-368.08910848390684  -46.090085061296058  -260.79188297771429  0
-401.99381341930541  -46.090085061296058  -306.83995522447077  0
-431.19585637235275  -21.116146658285473  -355.23621408965619  0
-431.19585637235275  14.665918024039293  -351.43394464739106  0
-431.19585637235264  223.39043091670797  -253.69635293200017  0
-431.19585637235269  163.68424803037394  -297.62211503040817  0
-431.19585637235275  96.987941414257051  -329.9625469160718  0
-431.19585637235252  280.7663374325665  -190.87962102815507  0
-431.19585637235213  359.24594202003624  25.821811316905773  0
-431.19585637235224  348.08749947091678  -47.457039729356737  0
-431.19585637235235  323.79422747541787  -117.48658911056467  0
-431.19585637235195  355.39869749293894  110.8108409921809  0
-431.19585637235156  257.66110577754699  319.53535388484954  0
-431.19585637235167  301.58686787595536  259.82917099851556  0
-431.19585637235178  333.92729976161928  193.13286438239882  0
-431.19585637235144  194.84437387370181  376.91126040070787  0
-431.19585637235127  35.656745033297305  447.80097578535708  0
-431.19585637235133  114.05622142485578  423.20051314190675  0
-398.68953191579499  50.253656703437585  128.50243326342238  0
-409.52504609978132  50.231105782209156  128.53012348623366  0
-420.36049563368573  50.198420895580384  128.57022122990861  0
-398.68944676418795  48.917966177299952  127.38519616523462  0
-409.52491663357597  49.330491656872994  127.79772164480777  0
-420.36038650296399  49.743017136446056  128.21024712438088  0
-387.85397689479998  49.386874681899769  127.72862296928629  0
-402.30127005398396  75.905266761070635  57.589535798065327  0
-416.74856321316798  76.911605534228144  57.634989681926363  0
-409.52530031424402  77.932031858580558  57.44792782858633  0
-387.85397689479998  76.41950919641728  57.42059459196863  0
-398.68953191579499  77.50605470984317  37.400351424529873  0
-409.52504609978132  77.509688744843359  37.435877278174949  0
-420.36049563368573  77.514930426330722  37.487342369614893  0
-398.68944676418812  75.771572952926576  37.554821324806035  0
-409.52491663357614  76.354972080963265  37.554821324806056  0
-420.36038650296416  76.938371208999953  37.554821324806078  0
-387.85397689479998  76.345980758241936  37.466092363028977  0
-402.30127005398396  45.501491458612243  -30.881066666916617  0
-416.74856321316798  46.245221178792271  -31.560514888077854  0
-409.52530031424402  46.834498847440152  -32.414337966721561  0
-387.85397689479998  45.745656298695529  -31.364150453150479  0
-398.68953191579499  32.357510295276121  -46.28890385788425  0
-409.52504609978126  32.385200518088169  -46.266352936656482  0
-420.36049563368573  32.425298261765676  -46.233668050031291  0
-398.68944676418795  31.240273197093138  -44.953213331753197  0
-409.52491663357597  31.652798676666194  -45.365738811326239  0
-420.36038650296399  32.065324156239249  -45.778264290899259  0
-387.85397689479998  31.583700001145122  -45.422121836353128  0
-402.30127005398396  -38.555387170076209  -71.940513915523979  0
-416.74856321316798  -38.509933286215215  -72.946852688681489  0
-409.52530031424391  -38.696995139555241  -73.967279013019365  0
-387.85397689479998  -38.724328376172785  -72.454756350869914  0
-398.68953191579499  -58.74457154361064  -73.541301864287362  0
-409.52504609978132  -58.709045689965492  -73.544935899288944  0
-420.36049563368562  -58.657580598526138  -73.550177580781124  0
-398.68944676418795  -58.590101643335522  -71.80682010737992  0
-409.52491663357597  -58.590101643335522  -72.390219235416609  0
-420.36038650296399  -58.590101643335501  -72.973618363453255  0
-387.85397689479998  -58.678830605112374  -72.381227912694442  0
-402.30127005398396  -127.02598963505756  -41.536738613065388  0
-416.74856321316798  -127.70543785621879  -42.280468333245395  0
-409.52530031424402  -128.5592609348526  -42.86974600188293  0
-387.85397689479998  -127.50907342129133  -41.780903453148227  0
-398.68953191579504  -142.43382682601842  -28.392757449723447  0
-409.52504609978132  -142.41127590479138  -28.420447672536493  0
-420.36049563368579  -142.37859101816986  -28.460545416217034  0
-398.68944676418795  -141.09813629989486  -27.275520351546199  0
-409.52491663357597  -141.51066177946788  -27.688045831119229  0
-420.36038650296399  -141.92318725904099  -28.100571310692271  0
-387.85397689479998  -141.56704480449358  -27.618947155597848  0
-402.30127005398413  -168.08543688366498  42.520140015622964  0
-416.7485632131681  -169.09177565682253  42.47468613176197  0
-409.52530031424408  -170.11220198114663  42.661747985101918  0
-387.85397689479998  -168.5996793190107  42.689081221719398  0
-398.68953191579499  -169.68622483242009  62.709324389156237  0
-409.52504609978132  -169.68985886742277  62.673798535511104  0
-420.36049563368567  -169.69510054891958  62.622333444072403  0
-398.68944676418812  -167.95174307552102  62.554854488882157  0
-409.52491663357597  -168.53514220355771  62.554854488882178  0
-420.36038650296399  -169.11854133159432  62.554854488882178  0
-387.85397689479998  -168.52615088083553  62.643583450659094  0
-402.30127005398396  -137.68166158120695  130.99074248060441  0
-416.74856321316798  -138.42539130138698  131.6701907017657  0
-409.52530031424396  -139.01466897001461  132.52401378038985  0
-387.85397689479998  -137.92582642128963  131.47382626683807  0
-398.68953191579504  -124.53768041785986  146.39857967155925  0
-409.52504609978126  -124.56537064067372  146.37602875033295  0
-420.36049563368573  -124.60546838435707  146.34334386371498  0
-398.68944676418795  -123.42044331968781  145.06288914544086  0
-409.52491663357597  -123.83296879926087  145.47541462501388  0
-420.36038650296399  -124.24549427883393  145.88794010458693  0
-387.85397689479998  -123.76387012373931  145.53179765004046  0
-402.30127005398396  -53.624782952518494  172.05018972921181  0
-416.74856321316798  -53.670236836379487  173.05652850236942  0
-409.52530031424396  -53.483174983039333  174.07695482668035  0
-387.85397689479998  -53.455841746421939  172.56443216455773  0
-398.68953191579504  -33.435598578986152  173.65097767796027  0
-409.52504609978132  -33.471124432631356  173.6546117129636  0
-420.36049563368556  -33.522589524069481  173.65985339446431  0
-398.68944676418795  -33.59006847925928  171.91649592106802  0
-409.52491663357597  -33.59006847925928  172.49989504910468  0
-420.36038650296399  -33.590068479259301  173.08329417714131  0
-387.85397689479998  -33.501339517482322  172.49090372638253  0
-387.85397689479987  53.923191256884486  123.76701986934614  0
-387.85397689479987  57.34924803772396  118.87667730103442  0
-387.85397689479987  60.536387907392431  113.8273748787044  0
-387.85397689479987  63.47724943392469  108.63077512667996  0
-387.85397689479993  66.165040021786268  103.29888078631828  0
-387.85397689479993  68.593551600933665  97.844007092920336  0
-387.85397689479993  70.757174965778972  92.278753330864788  0
-387.85397689479993  72.650912730939069  86.61597373266531  0
-387.85397689479993  74.270390873845741  80.868747789166505  0
-387.85397689479998  75.611868837555875  75.050350039454116  0
-387.85397689479998  76.672248170427395  69.174219410256299  0
-387.85397689479998  77.449079682705445  63.25392817565389  0
-387.85397689479998  75.043550906401407  47.549451619505085  0
-387.85397689480004  76.752364553715068  31.457155735316007  0
-387.85397689480004  75.716958143798337  25.576573360475805  0
-387.85397689480004  74.400210375139665  19.752529162952005  0
-387.8539768948001  72.805162579312423  13.998475111241611  0
-387.8539768948001  70.935498885758761  8.3277015155154288  0
-387.8539768948001  68.795537712446105  2.7533063305924372  0
-387.8539768948001  66.390221791488443  -2.7118350967967686  0
-387.8539768948001  63.725106752770479  -8.0550997665822095  0
-387.8539768948001  60.806348291943884  -13.264146181074182  0
-387.85397689480016  57.640687952433431  -18.326942850488095  0
-387.85397689480016  54.235437554293178  -23.231796082435338  0
-387.85397689480016  50.59846230587771  -27.967376991193191  0
-387.85397689479998  37.792754727976195  -37.37115314896775  0
-387.85397689480016  27.622096901204664  -49.958438411337255  0
-387.85397689480021  22.731754332892926  -53.384495192176644  0
-387.85397689480021  17.682451910562897  -56.571635061845058  0
-387.85397689480021  12.485852158538485  -59.512496588377232  0
-387.85397689480021  7.1539578181767922  -62.200287176238717  0
-387.85397689480021  1.6990841247788282  -64.628798755386072  0
-387.85397689480021  -3.8661696372766912  -66.792422120231294  0
-387.85397689480021  -9.5289492354761975  -68.686159885391362  0
-387.85397689480021  -15.276175178974995  -70.305638028297949  0
-387.85397689480021  -21.094572928687331  -71.647115992008011  0
-387.85397689480021  -26.970703557885169  -72.707495324879488  0
-387.85397689480021  -32.890994792487554  -73.484326837157468  0
-387.85397689479998  -48.595471348636366  -71.078798060854808  0
-387.85397689480021  -64.687767232825209  -72.78761170816685  0
-387.85397689480021  -70.568349607665354  -71.752205298250075  0
-387.85397689480021  -76.392393805189016  -70.435457529591389  0
-387.85397689480021  -82.146447856899314  -68.840409733764119  0
-387.85397689480021  -87.817221452625432  -66.970746040210457  0
-387.85397689480021  -93.391616637548339  -64.830784866897815  0
-387.85397689480016  -98.856758064937409  -62.425468945940167  0
-387.85397689480016  -104.20002273472281  -59.760353907222239  0
-387.85397689480016  -109.40906914921467  -56.841595446395672  0
-387.85397689480016  -114.47186581862852  -53.675935106885262  0
-387.85397689480016  -119.37671905057567  -50.270684708745051  0
-387.85397689480016  -124.11229995933346  -46.633709460329655  0
-387.85397689479998  -133.51607611710901  -33.828001882429263  0
-387.8539768948001  -146.10336137947715  -23.657344055657106  0
-387.8539768948001  -149.52941816031654  -18.767001487345439  0
-387.8539768948001  -152.71655802998492  -13.717699065015516  0
-387.8539768948001  -155.65741955651711  -8.5210993129911756  0
-387.85397689480004  -158.3452101443786  -3.1892049726295966  0
-387.85397689480004  -160.77372172352594  2.2656687207682467  0
-387.85397689480004  -162.93734508837125  7.8309224828237944  0
-387.85397689480004  -164.83108285353131  13.493702081023173  0
-387.85397689480004  -166.45056099643793  19.240928024521857  0
-387.85397689479998  -167.79203896014803  25.059325774234125  0
-387.85397689479998  -168.85241829301955  30.935456403431839  0
-387.85397689479998  -169.6292498052976  36.85574763803411  0
-387.85397689479998  -167.22372102899598  52.560224194183064  0
-387.85397689479993  -168.93253467630737  68.652520078371822  0
-387.85397689479993  -167.89712826639067  74.533102453211924  0
-387.85397689479993  -166.58038049773208  80.357146650735601  0
-387.85397689479987  -164.98533270190487  86.111200702445984  0
-387.85397689479987  -163.11566900835129  91.781974298172074  0
-387.85397689479987  -160.97570783503872  97.356369483094952  0
-387.85397689479987  -158.57039191408114  102.82151091048405  0
-387.85397689479987  -155.90527687536331  108.16477558026943  0
-387.85397689479987  -152.98651841453685  113.37382199476129  0
-387.85397689479981  -149.82085807502654  118.43661866417514  0
-387.85397689479981  -146.41560767688634  123.34147189612244  0
-387.85397689479981  -142.77863242847101  128.0770528048802  0
-387.85397689479998  -129.97292485057051  137.48082896265549  0
-387.85397689479981  -119.80226702379883  150.0681142250242  0
-387.85397689479976  -114.91192445548714  153.49417100586373  0
-387.85397689479976  -109.86262203315724  156.68131087553218  0
-387.85397689479976  -104.66602228113284  159.62217240206445  0
-387.85397689479976  -99.334127940771197  162.30996298992608  0
-387.85397689479976  -93.879254247373282  164.73847456907353  0
-387.85397689479976  -88.314000485317862  166.90209793391887  0
-387.85397689479976  -82.651220887118399  168.79583569907902  0
-387.85397689479976  -76.903994943619622  170.41531384198572  0
-387.85397689479976  -71.085597193907262  171.75679180569591  0
-387.85397689479976  -65.209466564709444  172.81717113856752  0
-387.85397689479976  -59.289175330107184  173.5940026508456  0
-387.85397689479998  -43.584698773958287  171.18847387454301  0
-387.85397689479976  -27.49240288976938  172.89728752185562  0
-387.85397689479976  -21.611820514929182  171.86188111193894  0
-387.85397689479976  -15.787776317405402  170.54513334328033  0
-387.85397689479976  -10.033722265695026  168.95008554745317  0
-387.85397689479976  -4.36294866996883  167.08042185389959  0
-387.85397689479976  1.2114465149541473  164.94046068058702  0
-387.85397689479981  6.6765879423433461  162.53514475962942  0
-387.85397689479981  12.019852612128815  159.87002972091159  0
-387.85397689479981  17.22889902662078  156.95127126008509  0
-387.85397689479981  22.291695696034701  153.7856109205747  0
-387.85397689479981  27.196548927982015  150.38036052243456  0
-387.85397689479981  31.932129836739854  146.74338527401915  0
-387.85397689479998  35.328903298696986  141.89057926683716  0
-387.85397689479998  41.335905994514441  133.9376776961175  0
-402.30127005398396  34.845819512463372  141.64641442675378  0
-416.74856321316798  35.525267733624645  142.39014414693389  0
-409.52530031424391  36.379090812278044  142.97942181559108  0
-461.96296314468071  -85.890902231762823  -354.0496403909732  0
-461.96296314468071  -125.30841577553821  -348.20260459315108  0
-461.96296314468066  -163.96301348939062  -338.52013191439039  0
-461.96296314468066  -201.48243046658359  -325.09546985956547  0
-461.9629631446806  -237.5053342114268  -308.05790526293111  0
-461.96296314468054  -271.68480446873508  -287.57151918523317  0
-461.96296314468049  -303.69167425553167  -263.83360672339757  0
-461.96296314468043  -333.217699919035  -237.07277695089476  0
-461.96296314468037  -359.97852969153774  -207.5467512873916  0
-461.96296314468032  -383.71644215337352  -175.53988150059479  0
-461.96296314468026  -404.20282823107146  -141.36041124328659  0
-461.9629631446802  -421.24039282770576  -105.33750749844351  0
-461.96296314468015  -434.66505488253074  -67.818090521250454  0
-461.96296314468003  -444.34752756129143  -29.163492807398001  0
-461.96296314467997  -450.1945633591136  10.254020736377548  0
-461.96296314467992  -452.14985212494912  50.054837906844178  0
-461.96296314467986  -450.1945633591136  89.855655077310814  0
-461.96296314467975  -444.34752756129149  129.27316862108637  0
-461.96296314467969  -434.6650548825308  167.92776633493881  0
-461.96296314467963  -421.24039282770582  205.44718331213193  0
-461.96296314467958  -404.20282823107152  241.47008705697499  0
-461.96296314467952  -383.71644215337358  275.64955731428319  0
-461.96296314467946  -359.97852969153786  307.65642710108  0
-461.96296314467941  -333.21769991903517  337.1824527645831  0
-461.96296314467935  -303.69167425553206  363.94328253708591  0
-461.96296314467929  -271.68480446873519  387.68119499892168  0
-461.96296314467929  -237.505334211427  408.16758107661957  0
-461.96296314467924  -201.48243046658393  425.20514567325392  0
-461.96296314467924  -163.96301348939087  438.6298077280789  0
-461.96296314467924  -125.30841577553844  448.31228040683959  0
-461.96296314467924  -85.89090223176288  454.15931620466176  0
-461.96296314467924  -6.2892678908293789  454.15931620466176  0
-461.96296314467924  33.128245652945942  448.31228040683965  0
-461.96296314467929  71.782843366798517  438.6298077280789  0
-461.96296314467929  109.30226034399143  425.20514567325398  0
-461.96296314467935  145.32516408883461  408.16758107661968  0
-461.96296314467941  179.50463434614295  387.68119499892168  0
-461.96296314467946  211.51150413293956  363.94328253708608  0
-461.96296314467952  241.03752979644278  337.18245276458327  0
-461.96296314467958  267.79835956894567  307.65642710108006  0
-461.96296314467963  291.53627203078128  275.64955731428347  0
-461.96296314467969  312.02265810847922  241.47008705697516  0
-461.96296314467975  329.06022270511357  205.44718331213193  0
-461.9629631446798  342.4848847599385  167.92776633493901  0
-461.96296314467992  352.16735743869924  129.27316862108648  0
-461.96296314467997  358.0143932365213  89.855655077311184  0
-461.96296314468003  359.96968200235688  50.054837906844369  0
-461.96296314468009  358.01439323652136  10.254020736377555  0
-461.9629631446802  352.16735743869924  -29.163492807397731  0
-461.96296314468026  342.48488475993855  -67.818090521250255  0
-461.96296314468032  329.06022270511357  -105.3375074984432  0
-461.96296314468037  312.02265810847928  -141.36041124328642  0
-461.96296314468043  291.53627203078133  -175.53988150059467  0
-461.96296314468049  267.79835956894573  -207.54675128739132  0
-461.96296314468054  241.0375297964429  -237.07277695089459  0
-461.9629631446806  211.51150413293968  -263.83360672339751  0
-461.96296314468066  179.50463434614301  -287.57151918523317  0
-461.96296314468066  145.32516408883475  -308.05790526293106  0
-461.96296314468071  109.30226034399155  -325.09546985956541  0
-461.96296314468071  71.78284336679863  -338.52013191439033  0
-461.96296314468071  33.128245652946184  -348.20260459315108  0
-461.96296314468071  -6.2892678908292012  -354.04964039097314  0
-431.1958563723519  61.1812435834591  112.73659969094425  0
-431.19585637235195  69.608324058595827  95.331977135110918  0
-431.19585637235195  75.232640172889347  76.830527465099891  0
-431.19585637235207  74.084897664557673  18.525252809502923  0
-431.19585637235213  67.736816780909379  0.25948042670700033  0
-431.19585637235213  58.631308321416533  -16.800012160693072  0
-431.19585637235224  16.591676722802426  -57.216490737911883  0
-431.19585637235224  -0.81294583303087364  -65.643571213048318  0
-431.19585637235224  -19.314395503041883  -71.267887327341569  0
-431.19585637235224  -77.619670158638115  -70.120144819009397  0
-431.19585637235224  -95.885442541433648  -63.772063935361132  0
-431.19585637235218  -112.94493512883332  -54.666555475868478  0
-431.19585637235213  -153.36141370605202  -12.626923877254612  0
-431.19585637235207  -161.78849418118838  4.7776986785783535  0
-431.19585637235207  -167.41281029548168  23.279148348589057  0
-431.19585637235195  -166.26506778715009  81.584423004184714  0
-431.1958563723519  -159.91698690350205  99.850195386980374  0
-431.1958563723519  -150.81147844400959  116.90968797438011  0
-431.19585637235178  -108.77184684539674  157.32616655159904  0
-431.19585637235178  -91.367224289563595  165.75324702673583  0
-431.19585637235178  -72.865774619552752  171.37756314102944  0
-431.19585637235178  -14.560499963956246  170.22982063269836  0
-431.19585637235178  3.705272418839634  163.88173974905033  0
-431.19585637235184  20.764765006239664  154.77623128955781  0
-461.96296314467935  15.769404477880194  400.87743630120684  0
-461.96296314467941  75.749324729820728  384.80586510761623  0
-461.96296314467946  132.02721616897438  358.56305334472324  0
-461.96296314467952  182.89310354194961  322.94637556843992  0
-461.96296314467958  226.8014526002996  279.03802651009005  0
-461.96296314467969  262.41813037658289  228.17213913711481  0
-461.9629631446798  288.66094213947588  171.89424769796113  0
-461.96296314467992  304.73251333306649  111.91432744602062  0
-461.96296314468003  310.14451739924488  50.054837906844277  0
-461.96296314468015  304.73251333306644  -11.804651632332053  0
-461.96296314468026  288.66094213947582  -71.784571884272594  0
-461.96296314468037  262.41813037658284  -128.06246332342624  0
-461.96296314468043  226.80145260029954  -178.92835069640142  0
-461.96296314468049  182.89310354194959  -222.83669975475141  0
-461.96296314468054  132.02721616897426  -258.45337753103479  0
-461.9629631446806  75.7493247298207  -284.69618929392772  0
-461.96296314468066  15.769404477880236  -300.76776048751827  0
-461.9629631446806  -107.94957460047227  -300.76776048751833  0
-461.96296314468054  -167.92949485241289  -284.69618929392772  0
-461.96296314468049  -224.20738629156659  -258.45337753103468  0
-461.96296314468043  -275.07327366454177  -222.83669975475135  0
-461.96296314468037  -318.9816227228917  -178.92835069640154  0
-461.96296314468026  -354.5983004991752  -128.06246332342607  0
-461.96296314468015  -380.84111226206812  -71.784571884272523  0
-461.96296314468003  -396.91268345565868  -11.80465163233206  0
-461.96296314467992  -402.32468752183712  50.054837906844199  0
-461.9629631446798  -396.91268345565874  111.91432744602045  0
-461.96296314467969  -380.84111226206807  171.89424769796122  0
-461.96296314467958  -354.59830049917508  228.17213913711481  0
-461.96296314467952  -318.98162272289181  279.03802651008999  0
-461.96296314467946  -275.07327366454172  322.94637556844003  0
-461.96296314467941  -224.20738629156651  358.56305334472336  0
-461.96296314467935  -167.92949485241294  384.80586510761628  0
-461.96296314467929  -107.94957460047247  400.87743630120684  0
-431.19585637235167  231.20453498261193  273.68575188101806  0
-431.19585637235173  265.56702295667191  222.60320507412951  0
-431.19585637235184  290.62126645649136  166.36716635608741  0
-431.19585637235195  305.61897186830805  106.65723418039541  0
-431.19585637235207  310.11220360864161  45.256761571684692  0
-431.19585637235218  303.96676258996143  -16.000407173951089  0
-431.1958563723523  287.3661943369234  -75.284707808449625  0
-431.19585637235241  260.80630704300432  -130.82549961933128  0
-431.19585637235247  225.08036329641325  -180.96394905148645  0
-431.19585637235258  181.25538775312896  -224.20257399118495  0
-431.19585637235264  130.64029837439693  -259.24996897609549  0
-431.19585637235264  74.746813051135717  -285.05937552610681  0
-431.19585637235269  15.244299214799291  -300.8599456171504  0
-431.19585637235264  -107.94957460047227  -300.76776048751844  0
-431.19585637235258  -167.92949485241289  -284.69618929392777  0
-431.19585637235252  -224.20738629156659  -258.45337753103479  0
-431.19585637235247  -275.07327366454177  -222.83669975475144  0
-431.19585637235241  -318.9816227228917  -178.92835069640162  0
-431.1958563723523  -354.5983004991752  -128.06246332342619  0
-431.19585637235218  -380.84111226206812  -71.784571884272623  0
-431.19585637235207  -396.91268345565868  -11.80465163233216  0
-431.19585637235195  -402.32468752183712  50.054837906844099  0
-431.19585637235184  -396.91268345565874  111.91432744602035  0
-431.19585637235173  -380.84111226206807  171.89424769796113  0
-431.19585637235161  -354.59830049917508  228.1721391371147  0
-431.19585637235156  -318.98162272289181  279.03802651008988  0
-431.1958563723515  -275.07327366454172  322.94637556843998  0
-431.19585637235144  -224.20738629156651  358.56305334472324  0
-431.19585637235139  -167.92949485241294  384.80586510761623  0
-431.19585637235133  -107.94957460047247  400.87743630120679  0
-431.19585637235139  17.606174094261299  400.54860184538813  0
-431.19585637235144  79.249460653997772  383.51111730506375  0
-431.1958563723515  136.85297068780469  355.72611615097537  0
-18.412061459122608  -58.760089679858794  1.6866912007212349  0
-18.411226708215523  -96.081620274333631  49.131236335282871  0
-40.968954080296513  -63.797523116381633  96.814363891873313  0
-77.575828483951852  -95.987003521008134  53.26484741527328  0
40.750855918950471  -95.987002502427302  53.264863248222468  0
42.556017578847133  -63.439121144562634  96.948521701154988  0
31.524816581334456  -84.10111103096078  17.571480051584068  0
34.019443116427652  -67.397758856133436  4.8222205796074391  0
-69.189270966048014  -93.631020656802718  34.567227519077136  0
-74.274693853693435  -78.935221808717444  87.75369233058646  0
-70.843916718300591  -67.39775366139105  4.8222181325270483  0
-53.319396214326062  -91.453077365861503  71.083522173703955  0
-18.413312726441841  -79.751446119292666  87.026711061209852  0
37.447764107595795  -78.935203684306003  87.753708121476762  0
-18.410496885372204  -76.607612622189208  10.4481826025958  0
-18.410122251117635  -90.062362570977086  26.254723549324854  0
4.1416901467592027  -63.797506712836949  96.814370103753944  0
16.494021180224067  -91.453071629641016  71.083534547850874  0
32.366029174458582  -93.631025427936208  34.567242164607329  0
-68.3476293859176  -84.101103364210644  17.571471080191237  0
-79.383222395339516  -63.439143588379601  96.948513397715487  0
32.194649082685615  0.62939275848045639  32.242004750189608  0
35.021790615453021  -11.021525425134087  14.414933896530393  0
-17.577549469446964  -22.565287635009479  94.175020803920802  0
41.59531531564874  -5.3787214033987425  79.082264625962196  0
-57.058200807064019  1.0938562263231191  66.59818452673521  0
-9.3978595870762529  -7.1211983436083486  81.382661016714948  0
30.268566058791535  -29.537058401155846  2.874291691183096  0
36.906462349276659  3.887693277466262  48.562087043197486  0
-66.593177223299477  -29.969845242200282  97.38500271739764  0
-69.09509983870106  -11.612741340131805  86.266982316586422  0
-19.043533151087917  3.6399768338036509  44.865659096190804  0
28.579827882297984  -16.041739205065539  90.018615807884345  0
-74.515224449031763  3.8982780775749859  48.973087697352895  0
-18.612298540136091  -4.1370838968019257  22.852773166987308  0
-18.473382946060369  -20.489679059431687  7.1057302867883578  0
29.475261559360142  -30.757422291590366  97.645972430091049  0
17.197142341743572  1.8353065943886477  64.30838018476868  0
-71.966278206088333  -11.016099846431437  14.420273310558287  0
-67.130463391903589  -29.536032434046778  2.8746516584444421  0
-69.390965577101952  0.65066973595327937  32.297910419161866  0
-338.53236163353569  -110.71152806299891  373.87047034307301  0
-260.2193167871269  -101.85221429640713  318.55363761404425  0
-290.38951964633168  -120.94041506603487  362.04726667288492  0
-286.14472852473017  -304.2036672778201  233.64644479816675  0
-240.25457666776711  -252.72560958350414  210.16772452425292  0
-339.44785057128564  -304.15919756128136  249.88290039335342  0
-338.53236163353671  -320.7565751677281  233.33280690014911  0
-290.38951964633287  -319.62922304102602  217.73962404577171  0
-260.21931678712798  -275.37718679025335  200.482380204707  0
-286.14472852473318  -358.4228195647438  -2.6401561930220581  0
-220.93172251405852  -275.56031182367082  28.765623913455627  0
-339.44785057128797  -369.87228258041267  8.8721964988907089  0
-260.21931678712838  -314.58888476849728  -5.7072913282653115  0
-336.23033138717415  -369.1463827474355  -14.960552444143422  0
-279.50139029800368  -361.48247012282417  -31.582645357184351  0
-286.1447285247325  -229.68169195262104  -208.05874430967981  0
-220.93172251405673  -193.29629090452954  -127.25886309810056  0
-339.4478505712874  -245.91814754780773  -208.0142745931411  0
-260.21931678712821  -196.51762735916074  -179.23226382211246  0
-338.53236163353677  -229.36805405460248  -224.61165219958716  0
-290.38951964633264  -213.77487120022499  -223.48430007288511  0
-338.14697545224016  1.7125065439054967  -283.72271834882451  0
-268.11835544747277  -12.412789750118664  -222.88312189103684  0
-217.75258930647803  -25.334648879358067  -177.13663643581285  0
-287.69279131495853  16.743477081244315  -277.11396594761624  0
-260.21931678712809  9.6720441738121874  -218.4439618003569  0
-338.53236163353688  18.531357940404195  -273.76079452938558  0
-290.38951964633264  28.760244943440249  -261.93759085919743  0
-286.1447285247246  212.02349715522104  -133.53676898447657  0
-220.93172251404275  131.22361594363963  -97.151367936383636  0
-339.44785057128041  211.97902743868178  -149.77322457966267  0
-290.38951964633173  227.44905291843284  -117.62994823208386  0
-260.21931678712747  183.19701666765999  -100.37270439101984  0
-338.53236163353597  228.57640504513463  -133.22313108646136  0
-286.14472852472124  266.24264944213957  102.74983200670749  0
-220.93172251403692  183.38014170106263  71.344051900229218  0
-339.44785057127694  277.69211245780701  91.237479314794783  0
-338.53236163353608  277.72554737493255  114.67628090854591  0
-260.21931678712684  222.40871464590387  105.81696714195385  0
-290.38951964633191  265.90234370474428  124.9051679115818  0
-286.14472852472301  137.50152183002291  308.16842012336178  0
-240.25457666775594  114.02280155610724  256.69036242904417  0
-339.44785057127854  153.73797742520878  308.1239504068227  0
-290.38951964633168  121.59470107763065  323.59397588657367  0
-260.21931678712707  104.33745723656624  279.34193963580083  0
-338.53236163353591  137.18788393200819  324.72132801327575  0
63.701524826102997  20.116360807249798  95.643984006782844  0
63.701524826102997  -14.81973600836727  123.99169199355002  0
63.701524826102997  -64.830739962348048  107.44531485645065  0
63.701524826102997  -125.43596290513908  41.029422478627595  0
63.701524826102997  -90.926421328445784  -18.338115387262285  0
63.701524826102997  11.619945092132768  31.428782467794669  0
63.701524826102997  6.0712280793523803  11.1340488200611  0
63.701524826102997  -82.216954404842738  121.12213175046372  0
63.701524826102997  -70.638426395770907  -9.4752310609025852  0
63.701524826102997  -20.617006751253758  -3.8247630393145626  0
63.701524826102997  -4.9486574021486955  98.54278347742941  0
63.701524826102997  30.457294136997962  70.757564659688853  0
63.701524826102997  -109.05568456165429  -3.2543019322201903  0
63.701524826102997  -116.72052916239551  83.33444351125641  0
63.701524826102997  -58.530673872622778  130.12184270451749  0
63.701524826102997  -100.45776175108153  104.41570449247396  0
63.701524826102997  -23.49179990270817  -24.860209433102231  0
63.701524826102997  -82.216347987499589  97.386785491586338  0
63.701524826102997  -94.359172093736959  84.920006848830795  0
63.701524826102997  13.150485340255599  52.632012046246665  0
63.701524826102997  6.5442328132580663  75.080372329323708  0
63.701524826102997  -50.184483347628046  -22.302826825734808  0
63.701524826102997  -34.482692035602994  -7.8476007623015276  0
63.701524826102997  27.749492208070965  15.695906787732095  0
63.701524826102997  -110.40959966507396  21.468634678574652  0
63.701524826102997  -41.847950601946366  113.92992726843943  0
63.701524826102997  -1.5645657680342113  -11.780577443898638  0
63.701524826102997  -110.68454922399042  57.680863668804172  0
63.701524826102997  33.146126310279513  41.031003258583809  0
63.701524826102997  -88.004402166708147  6.4937893914084333  0
63.701524826102997  -105.15680219881298  40.783268866442903  0
63.701524826102997  -24.838221236522507  104.34621047244256  0
-268.11835544746566  -79.767380372474406  322.99279770471867  0
-338.14697545223351  -93.892676666498858  383.83239416250677  0
-217.75258930646638  -66.845521243234998  277.24631224949275  0
-287.6927913149546  -108.92364720383812  377.22364176130111  0
-342.52335246276533  -118.37564491624238  43.192794216560792  0
-257.16361636404423  -66.816434506034966  119.64440785698049  0
-329.89607244586301  -102.43791510045091  95.850163618415351  0
-244.18702543222454  -61.530842537110708  -20.894952901328693  0
-156.08457569879332  -115.16535361032103  72.435568056471567  0
-154.17689669516329  -77.649185749745939  115.44836182845742  0
-244.59141824036627  -92.380877001420416  105.99634654494285  0
-325.16586459805842  -85.152470229759984  111.26284287433953  0
-244.16066947580049  -105.74671411248374  8.6618866059355213  0
-151.59509468274786  -110.29011843052379  16.133671615862092  0
-275.95996663944049  -115.79187299025563  29.70906275187065  0
-343.65120386612398  -68.754627960520935  119.03750458710208  0
-336.74278594907321  -110.28816968289337  16.129983624642428  0
-244.17854802315998  -84.58634285371744  -11.510801398939456  0
-332.00241239162443  -115.22140560916864  72.261826141579462  0
-243.97153957743379  -110.17327520498375  84.196228449092615  0
-157.35175068680272  -94.168402378068762  -4.358076103877039  0
-331.00807208024878  -94.167947351208639  -4.3584781544160265  0
-244.08445721492538  -118.60615851508476  53.757390809248548  0
-157.19874057338131  -101.63858580425577  96.816508881690055  0
-328.42197369479163  -71.901970437559726  -17.812948122118215  0
-145.77131502553107  -118.37790181683718  43.216610368388139  0
-159.95125495233304  -71.902051024502754  -17.81291747275192  0
-212.31006407309602  -115.79318451251567  29.713556382717314  0
-334.05588487495982  16.046779503447205  12.487566656284436  0
-149.43974215399601  -2.2170676904152629  107.91197362859171  0
-138.10802897264023  -21.843341927313034  118.49740693040552  0
-344.42266364449824  1.0299163951029087  -5.1900285505864261  0
-244.48119349712033  21.226375445852717  77.272184433275356  0
-331.7483269549183  15.611611048769987  88.332644848875518  0
-245.03588086631831  26.52032214935803  50.191116494171929  0
-246.69331306230504  21.394201065947946  23.256313077170294  0
-350.29566526797049  -21.843389869383202  118.49742391453995  0
-339.00979581112409  -2.2172802623125207  107.91213482106795  0
-283.17747674027834  -21.415574151739808  118.3443562718505  0
-139.84306422115577  -21.751665008312923  -18.355184140184775  0
-152.19348323272862  -2.0250968539112648  -7.6562236102815149  0
-330.89948843409491  25.301352353790371  63.304459447030318  0
-158.75934435825451  15.748439697128397  11.998476246116113  0
-156.83856821903788  15.612549262731726  88.331132458768195  0
-331.46435705931702  25.346615275102302  37.051467105471424  0
-212.9177340921683  -21.082116339760375  -18.113272728357629  0
-158.07714359218636  25.303576691559435  63.292468686905224  0
-252.24543092136201  3.830000639244389  -2.6734737558773816  0
-205.26030663124547  -21.415532101446939  118.34434107813638  0
-316.67050702344767  -20.656556309525815  -17.955642332478291  0
-244.28055608804488  3.0931069885626101  103.47115963473053  0
-158.59366395461987  25.331598915171121  36.9692402851826  0
-225.33675265339269  -111.82453262944327  223.14364699854926  0
-306.604722845335  -192.32389000104644  248.22910851118914  0
-375.9359217724114  -236.49906988490912  308.09477401792435  0
8.1285366889697457  -84.882501863032559  144.52055041327515  0
-375.93592177241135  -159.94434212676111  349.85043206699891  0
-306.60472284533495  -133.52997785151641  280.29738911221079  0
8.1285366889527921  -140.31781194333729  89.42180283063891  0
-225.33675265339286  -214.96362935053264  125.96583493010503  0
-306.60472284533529  -289.6233707739346  86.782293396266994  0
-375.93592177241163  -338.58469989973759  181.53521826939465  0
-306.60472284533517  -270.72549547449074  151.03156604366157  0
-375.9359217724118  -363.19135807000731  97.877142180310415  0
-375.93592177241192  -304.13002117237744  -140.35414691676638  0
-306.60472284533552  -244.2643556656422  -96.178967032904467  0
-225.33675265339298  -219.17889415300209  -15.679609661301086  0
-306.6047228453354  -276.33263626666371  -37.385054883373371  0
-375.9359217724118  -345.88567922145182  -63.799419158617084  0
8.1285366889569843  -140.55579756772983  11.262421105108004  0
-375.9359217724122  -119.74233272826746  -262.05978293519831  0
-174.93280056062315  -99.575032495025511  -97.694356508658245  0
8.122191584053823  -85.463007463419359  -44.171272799350078  0
-306.60472284533574  -102.65489700377545  -189.64870667819736  0
-306.60472284533569  -156.19558704219634  -170.24982765940075  0
-225.18063503085932  -94.037475874129257  -128.67907268215296  0
-375.93592177241214  -189.45691371158881  -236.80077485422149  0
-306.60472284533535  41.349807728919551  -180.18771329852376  0
8.1285366889941315  -7.2976682595632525  -44.410874599586208  0
-375.93592177241203  67.76417200416293  -249.74075625331196  0
-375.93592177241197  144.31889976231315  -207.98509820423769  0
-306.60472284533529  100.14371987845135  -148.11943269750233  0
-225.33675265339292  19.644362506847607  -123.03397118486231  0
-306.60472284533472  178.54532535189679  -50.92189022997492  0
-225.33675265339258  122.78345922793937  -25.856159116418382  0
-375.93592177241106  271.01118794741342  2.2325336333765833  0
8.1285366890159452  48.137641820737151  10.687872983050099  0
-375.93592177241123  246.40452977714304  -81.425542455708126  0
-306.60472284533461  197.44320065134121  13.32738241742009  0
-225.33675265339247  126.99872403040925  115.78928547499  0
-306.60472284533466  152.08418554304902  196.28864284659335  0
-375.93592177241118  211.94985104978409  240.46382273045586  0
8.1285366890066371  48.375627445131549  88.847254708577225  0
-375.93592177241129  253.70550909885858  163.90909497230723  0
-306.60472284533478  184.15246614407056  137.49473069706283  0
-306.60472284533421  64.015416919601279  270.35950347308972  0
-174.93280056060689  7.3948623724299409  197.804032322339  0
-225.33675265339207  -3.5665120537731454  230.25611195491501  0
-375.93592177241067  97.276743588992957  336.91045066791105  0
-375.93592177241061  27.56216260567323  362.16945874888665  0
8.1221915840730503  -6.717162659175699  144.28094861303578  0
-306.60472284533415  10.474726881181667  289.75838249188541  0
-387.85397689479998  -67.733907601769246  -58.223389253985438  0
-387.85397689479998  5.5051733931414599  135.22018840055335  0
-387.85397689479998  27.738585682208345  144.45604255760773  0
-387.85397689479998  40.195304579952293  17.875259481707069  0
-387.85397689479998  -152.41541517607976  92.548499331088493  0
-387.85397689479998  39.616035226193134  90.111505068751924  0
-387.85397689479998  -164.54704606833548  35.168675247059724  0
-387.85397689479998  13.572841388495545  -41.574835687227292  0
-387.85397689479998  -133.11726202161572  64.15669423710375  0
-387.85397689479998  -124.98330635695518  -34.346517947177738  0
-387.85397689479998  63.763038294305304  24.913973617915108  0
-387.85397689479998  71.930068238094989  63.179679016994072  0
-387.85397689479998  -54.209584523327372  -61.40399205967276  0
-387.85397689479998  -29.944362915441967  -68.554523267232256  0
-387.85397689479998  -35.73772320722059  -71.171358725015978  0
-387.85397689479998  -59.681124632920621  158.31085208219471  0
-387.85397689479998  -167.3902122996453  40.035800804780159  0
-387.85397689479998  -108.85941850702667  134.14680279579821  0
-387.85397689479998  31.313688671113983  131.19389803718963  0
-387.85397689479998  11.284725419130664  115.50197455425298  0
-387.85397689479998  -17.487780003629954  138.08949292368686  0
-387.85397689479998  -116.42208664772733  -44.538948950034495  0
-387.85397689479998  33.262928578456133  -21.39367721473042  0
-387.85397689479998  -150.07588525620059  0.62625588971799584  0
-387.85397689479998  -87.756508276323999  155.51444653910784  0
-387.85397689479998  -92.658342998918499  -56.523228403610766  0
-387.85397689479998  -131.62761294666828  9.3802037784534757  0
-387.85397689479998  -158.84254398163469  43.327413212593406  0
-387.85397689479998  -37.450176113084979  162.36733755683139  0
-387.85397689479998  -80.956491361485035  -59.63403439834871  0
-387.85397689479998  30.686675815946959  -3.8341932852289511  0
-387.85397689479998  -21.918852280996099  -41.414488688342274  0
-387.85397689479998  58.192081842214812  101.36147709542003  0
-387.85397689479998  -118.8955571735242  -4.3905159650656067  0
-387.85397689479998  -115.10928489363226  144.23715367151115  0
-387.85397689479998  66.890160561161522  70.779674324646479  0
-387.85397689479998  20.539495115831972  143.50696446574676  0
-387.85397689479998  -129.3886024935382  126.54604370616045  0
-387.85397689479998  -7.1827910535792316  -57.677661869333953  0
-387.85397689479998  -104.41400994544608  -45.317179796235713  0
-387.85397689479998  -3.6095347581313155  -26.043429249008149  0
-387.85397689479998  -44.058620184858533  142.98515190466665  0
-387.85397689479998  -29.105789737840553  167.51577800191885  0
-387.85397689479998  -154.67237029108659  58.715065088492999  0
-387.85397689479998  -162.67566347526423  68.086983269746412  0
-387.85397689479998  25.721352211348602  120.98657489142892  0
-387.85397689479998  -140.83625953877873  -9.8748213056197436  0
-387.85397689479998  -155.00044518677524  29.637700451840566  0
-387.85397689479998  -134.5240660033316  100.89722626029236  0
-387.85397689479998  15.95927676420667  -18.428547782358699  0
-387.85397689479998  62.308131925218703  8.6337512350152679  0
-387.85397689479998  -116.26210608331985  -34.452283550353897  0
-387.85397689479998  24.49946138527314  -44.682943795834106  0
-387.85397689479998  63.73469831730602  55.249014664093643  0
-387.85397689479998  61.878570712574884  85.753286017984152  0
-387.85397689479998  -102.86134751453937  -19.886112807089379  0
-387.85397689479998  -120.04921995776139  133.60874138898276  0
-387.85397689479998  46.27514220387917  -27.810258418591765  0
-387.85397689479998  27.590331726486045  138.94743505721922  0
-387.85397689479998  -103.98083363713302  149.3937275494531  0
-387.85397689479998  -78.954413266295305  -36.927168993580729  0
-387.85397689479998  -49.010258820533963  161.98098707438561  0
-387.85397689479998  -153.34484123813394  13.644826692321166  0
-387.85397689479998  -137.0285879464426  117.16630169680424  0
-387.85397689479998  -60.378119699135844  167.89351987325108  0
-387.85397689479998  -91.245072782511556  128.94677492174276  0
-387.85397689479998  -63.173262435080105  -67.057275410714382  0
-387.85397689479998  71.507198788951754  31.873208823807161  0
-387.85397689479998  -37.332079725061959  -60.53056584833174  0
-387.85397689479998  20.342316163236802  130.91587215490208  0
-387.85397689479998  -140.90587482770144  -20.458182752887399  0
-387.85397689479998  -69.3767536719606  141.06784312830175  0
-387.85397689479998  66.081702526984856  39.812406838013899  0
-387.85397689479998  47.199081663643966  110.22683142762834  0
-387.85397689479998  -25.361563782558211  159.0409796885516  0
-387.85397689479998  27.602412598149126  -33.956186485060776  0
-387.85397689479998  26.991236687788462  105.90766366425959  0
-387.85397689479998  -122.54542799258867  -43.935043471038291  0
-387.85397689479998  44.158328795404096  66.369336469057529  0
-387.85397689479998  -132.98281165041459  82.476446895915373  0
-387.85397689479998  -138.43150605852964  126.17359203193335  0
-387.85397689479998  -65.916685410424833  166.5161491024304  0
-387.85397689479998  -73.325761793609431  161.77468157511865  0
-387.85397689479998  -55.80344200046904  165.89425085033747  0
-387.85397689479998  47.135747072633954  41.657734973054595  0
-387.85397689479998  31.368480495256872  142.60890756892599  0
-387.85397689479998  -127.3844202202028  -23.031633736648107  0
-387.85397689479998  -35.397713245343738  -67.775637050503477  0
-387.85397689479998  37.180801959949584  -29.63276254024743  0
-387.85397689479998  38.616312177454731  121.35428883447371  0
-387.85397689479998  -49.783961472857776  -40.476133047239315  0
-387.85397689479998  0.57049737178414728  154.79691275821858  0
-387.85397689479998  42.489421819594952  -25.121525627262066  0
-387.85397689479998  53.414675459753241  -4.6408792161392842  0
-387.85397689479998  -20.302617839783952  -62.675755316417778  0
-387.85397689479998  -121.33796758835365  -39.612813888331189  0
-387.85397689479998  -12.072831098482146  159.76919985833629  0
-387.85397689479998  -154.42863107468921  75.885785427198044  0
-387.85397689479998  -164.43839436800576  40.268938407801656  0
-387.85397689479998  -113.85037865848805  114.46743609477119  0
-387.85397689479998  -56.481057121392027  170.20153039312973  0
-387.85397689479998  -139.00373968977257  44.302694202520122  0
-387.85397689479998  49.111110718284152  120.22508591156175  0
-387.85397689479998  45.649295411896851  -17.276646288690319  0
-387.85397689479998  47.838208106285641  -24.304720037195946  0
-387.85397689479998  -135.13321166213862  26.619784701852861  0
-387.85397689479998  -149.62644057511972  102.93504013416789  0
-387.85397689479998  -146.65942899525399  110.17528532089689  0
-387.85397689479998  13.02976020064842  150.70022642404575  0
-387.85397689479998  6.1438381857361799  -55.208030878532441  0
-387.85397689479998  -2.580996990566272  -44.375116850000026  0
-410.71539449131984  59.004999789023735  116.32069902607977  0
-410.29050754924708  76.251935630763001  71.701342995507474  0
-403.76466333691809  72.251574736468143  87.888589582827549  0
-417.84724982299946  66.592864865437321  102.38737086082065  0
-418.73821220120738  72.838945095453397  85.999614934177544  0
-402.83367134490931  65.758870096583678  104.14691162989851  0
-417.19849077641237  63.698992095042804  -8.104424010147163  0
-418.13794910717053  54.370454340015165  -23.046606899447596  0
-403.39919350693907  74.087503956657287  18.535188362446814  0
-403.51275556746549  58.398079358305644  -17.163944481652052  0
-417.5717141847017  75.34963939852247  23.814896354068473  0
-417.46758926956483  70.918066115043672  8.2788427916520533  0
-403.56610363595433  67.811079362309215  0.42958271841652618  0
-418.73821220120772  -10.145308033964184  -68.874192249905704  0
-403.76466333691837  -8.2563333853132335  -68.286821890920208  0
-417.84724982299957  6.242447892679003  -62.628112019889826  0
-410.71539449132052  20.175776057938513  -55.040246943476234  0
-410.29050754924697  -24.443579972633557  -72.287182785215023  0
-402.83367134490948  8.0019886617577995  -61.794117251035772  0
-403.76466333691837  -103.01777283335059  -60.377854600842213  0
-417.84724982299946  -88.764274150169598  -66.628729038877879  0
-410.29050754924663  -117.29256697953286  -51.760425085758754  0
-410.71539449132081  -73.546492469756544  -71.11564901876973  0
-418.73821220120766  -104.76881318080825  -59.45748138119805  0
-402.83367134490936  -86.930367584048383  -67.283188891937101  0
-403.76466333691826  -164.43174485905976  12.221086230859058  0
-410.71539449132121  -151.18516991161601  -16.211023212391268  0
-417.84724982299906  -158.77303498802993  -2.2776950471313526  0
-410.29050754924594  -168.43210575335499  28.408332818179804  0
-418.73821220120755  -165.01911521804584  14.110060879511707  0
-402.83367134490902  -157.93904021917504  -4.0372358162118616  0
-403.76466333691803  -156.52277756898354  106.98252567889662  0
-410.71539449132075  -167.26057198691046  77.511245315302745  0
-417.847249822999  -162.77365200701877  92.72902699571614  0
-418.73821220120732  -155.60240434933911  108.73356602635495  0
-410.29050754924589  -147.90534805390018  121.25731982507935  0
-402.83367134490891  -163.42811186007816  90.895120429594215  0
-403.76466333691809  -83.923836737282926  168.39649770460733  0
-418.73821220120743  -82.034862088630405  168.98386806359343  0
-417.847249822999  -98.422618015273372  162.73778783357724  0
-410.29050754924572  -67.736590149962467  172.39685859890275  0
-410.71539449132081  -112.35594618053307  155.14992275716315  0
-402.83367134490885  -100.18215878435365  161.90379306472238  0
-403.72345823955942  -4.4897489932085151  167.1255569128873  0
-417.5435165097519  -18.211359292370457  171.1288560076357  0
-419.35320431210755  27.781707480018802  149.95028062723398  0
-403.92969104084784  24.101788589279657  152.5694323946114  0
-418.18814114748483  13.495203998086474  159.07655380454764  0
-418.25262401520365  -2.4040878471124145  166.36337094278304  0
-403.07064325702811  -18.661251662312715  171.23156961694005  0
-403.88405947147839  9.7448945348104559  161.04400973487481  0
-431.19585637235099  157.43583629119684  -27.920935669560446  0
-431.19585637235099  -19.940061856368576  206.0348629886752  0
-431.19585637235099  92.60888263688804  103.71430548395145  0
-431.19585637235099  174.44888655507282  259.4981010040421  0
-431.19585637235099  -210.63972436449799  81.832392474418981  0
-431.19585637235099  -242.73125748664572  50.221556038726661  0
-431.19585637235099  -171.2560250134718  117.51015849677395  0
-431.19585637235099  -60.534257351380894  192.827608810562  0
-431.19585637235099  100.8639643104575  60.606077378645651  0
-431.19585637235099  97.655201960171766  -3.1317127959897477  0
-431.19585637235099  75.556404348460859  -115.92801059377753  0
-431.19585637235099  -139.78272630921086  221.13405233627714  0
-431.19585637235099  64.413524684116908  -203.98726917377368  0
-431.19585637235099  -245.43695521670898  278.23091102362116  0
-431.19585637235099  -335.73731176373281  -23.784324056330014  0
-431.19585637235099  -163.24581049644232  291.2540736256496  0
-431.19585637235099  -256.88125244560263  2.8317184967240032  0
-431.19585637235099  -221.32235728399624  145.0424639946396  0
-431.19585637235099  -168.5122558755366  -131.19178948420358  0
-431.19585637235099  -174.18500465373037  -4.2756890273033354  0
-431.19585637235099  115.59866125370225  202.04605201909092  0
-431.19585637235099  125.96949132434629  139.91292843722039  0
-431.19585637235099  6.1944796132593476  348.34238306123598  0
-431.19585637235099  225.14561687094113  40.637611113448735  0
-431.19585637235099  91.105276385768647  -56.204470327918969  0
-431.19585637235099  -23.710488207492741  -100.13126152923964  0
-431.19585637235099  5.6664187478683417  -81.516508761449245  0
-431.19585637235099  -204.55200453333401  -30.372568551097071  0
-431.19585637235099  -81.553236466232249  335.49702932396519  0
-431.19585637235099  -289.53924689129423  200.97042866226317  0
-431.19585637235099  -255.04286032445677  -95.19492128321275  0
-431.19585637235099  160.94108387979648  -124.44909951684645  0
-431.19585637235099  -159.01888139811351  -39.011139212491052  0
-431.19585637235099  20.558047610626005  -122.09648887336735  0
-431.19585637235099  41.200784614703409  -73.030578594225418  0
-431.19585637235099  -199.46990793222054  28.518371941226441  0
-431.19585637235099  137.71914350309714  31.233708083009006  0
-431.19585637235099  -82.224079990855245  243.97139831867707  0
-431.19585637235099  -182.94408373088174  -75.000021371716869  0
-431.19585637235099  -70.941091926824342  -94.074778177296452  0
-431.19585637235099  148.00189927359921  88.2323644815107  0
-431.19585637235099  -121.07424152621155  -207.31898007382728  0
-431.19585637235099  67.772435894910288  152.3192511995851  0
-431.19585637235099  -105.61693165500228  -133.93556157134535  0
-431.19585637235099  -39.202324776699676  -246.15365536931495  0
-431.19585637235099  232.54183919916514  -55.637820154361542  0
-431.19585637235099  97.516697334791388  28.960452208108933  0
-431.19585637235099  -100.90985879590238  188.21436604141164  0
-431.19585637235099  206.29408904119427  153.2464186006481  0
-431.19585637235099  77.706569173980327  291.18465605626221  0
-431.19585637235099  -128.01473806967959  -79.276829125712652  0
-431.19585637235099  41.734626975785062  216.16415008533838  0
-431.19585637235099  -304.06090938501069  87.829612901708259  0
-431.19585637235099  -9.6862283707810413  273.49013084234844  0
-431.19585637235099  -150.9326417805317  165.56877822970648  0
-431.19585637235099  -218.65381756184178  -196.89003351292618  0
-431.19585637235099  19.353191951911164  172.33605620378563  0
-431.19585637235099  -201.69087022920431  216.97487946858726  0
-431.19585637235099  -39.409111039776043  -158.19922538037869  0
Triangles
3062
165 1096 164  1
159 1097 1090  1
163 1097 162  1
1109 143 1100  1
160 1097 159  1
1100 140 157  1
143 1109 144  1
160 159 3  1
1090 157 158  1
1096 1108 1105  1
1097 160 161  1
159 1090 158  1
1101 1107 1102  1
141 1100 142  1
140 1100 141  1
1109 145 144  1
157 140 1  1
147 1093 148  1
150 1101 151  1
145 1109 1098  1
1103 1107 171  1
147 1098 1093  1
1099 154 153  1
151 1101 1099  1
1103 171 172  1
1110 1099 1092  1
1107 1101 1091  1
179 1092 178  1
156 179 2  1
179 1110 1092  1
1110 179 156  1
1108 1091 1105  1
174 1103 173  1
1093 1091 1101  1
176 1095 175  1
165 1108 1096  1
170 1094 169  1
170 1107 1094  1
1103 174 1095  1
177 176 4  1
1107 1103 1102  1
175 1095 174  1
1097 163 1096  1
1098 1109 1105  1
167 1108 166  1
1093 150 149  1
177 1106 1095  1
1099 1110 154  1
149 148 1093  1
1093 1098 1091  1
1094 167 168  1
168 169 1094  1
1095 176 177  1
1106 177 178  1
1098 1105 1091  1
1096 163 164  1
1097 1104 1090  1
1097 161 162  1
1098 147 146  1
146 145 1098  1
1099 153 152  1
152 151 1099  1
143 142 1100  1
1100 157 1090  1
1099 1102 1092  1
1101 150 1093  1
1106 1103 1095  1
1102 1099 1101  1
172 173 1103  1
1103 1106 1102  1
1100 1090 1104  1
1104 1097 1096  1
1104 1096 1105  1
1091 1108 1094  1
1106 178 1092  1
1092 1102 1106  1
1107 1091 1094  1
1107 170 171  1
1108 165 166  1
1108 167 1094  1
1109 1100 1104  1
1104 1105 1109  1
1110 156 155  1
155 154 1110  1
1121 1118 1111  2
180 1126 177  2
178 1126 1113  2
1119 199 198  2
1114 183 184  2
177 4 180  2
1113 1126 1122  2
1126 182 1122  2
1120 202 201  2
1122 1116 1113  2
202 1120 1115  2
1116 1122 1114  2
202 1115 203  2
199 1120 200  2
206 1130 207  2
1120 199 1119  2
197 1119 198  2
179 197 2  2
1130 1128 208  2
1118 189 1111  2
186 1127 1114  2
1116 1114 1127  2
1115 1120 1116  2
1128 1130 1124  2
1111 1124 1121  2
211 1129 212  2
1129 211 1128  2
1129 1128 1125  2
158 1129 1125  2
213 1129 157  2
1121 1130 1123  2
213 157 1  2
189 1118 188  2
1117 194 195  2
208 1128 209  2
194 1112 193  2
188 1118 187  2
1112 191 192  2
194 1117 1112  2
196 1117 195  2
3 159 196  2
191 1112 1111  2
1111 189 190  2
190 191 1111  2
1112 192 193  2
158 1117 159  2
178 1119 179  2
182 1126 181  2
1114 184 185  2
185 186 1114  2
204 1123 205  2
204 203 1115  2
1115 1127 1121  2
1120 1119 1113  2
1117 196 159  2
1112 1125 1124  2
1121 1127 1118  2
187 1127 186  2
1119 197 179  2
1119 178 1113  2
1113 1116 1120  2
1120 201 200  2
1130 208 207  2
1115 1121 1123  2
1122 182 183  2
183 1114 1122  2
1123 206 205  2
1123 204 1115  2
1124 1111 1112  2
209 1128 210  2
1125 1112 1117  2
1117 158 1125  2
1126 178 177  2
1126 180 181  2
1127 187 1118  2
1127 1115 1116  2
1124 1125 1128  2
1128 211 210  2
1129 158 157  2
1129 213 212  2
1130 206 1123  2
1130 1121 1124  2
154 155 245  3
229 213 230  3
245 153 154  3
150 242 241  3
242 152 243  3
246 155 156  3
215 197 198  3
210 226 209  3
239 148 240  3
140 232 231  3
232 142 233  3
233 142 234  3
232 140 141  3
234 144 235  3
142 232 141  3
211 228 227  3
236 144 145  3
143 234 142  3
146 236 145  3
144 236 235  3
144 234 143  3
240 150 241  3
147 237 146  3
147 238 237  3
238 148 239  3
236 146 237  3
148 238 147  3
242 150 151  3
243 153 244  3
152 242 151  3
150 240 149  3
240 148 149  3
156 5 247  3
155 246 245  3
153 245 244  3
153 243 152  3
246 156 247  3
197 215 214  3
5 156 2  3
197 5 2  3
200 218 217  3
5 197 214  3
218 200 201  3
215 199 216  3
216 199 200  3
199 215 198  3
200 217 216  3
202 218 201  3
202 219 218  3
207 224 223  3
220 203 221  3
203 219 202  3
219 203 220  3
221 203 204  3
221 205 222  3
224 207 208  3
222 206 223  3
209 225 208  3
205 221 204  3
226 210 227  3
208 225 224  3
207 223 206  3
206 222 205  3
1 230 213  3
228 212 229  3
231 1 140  3
211 227 210  3
213 229 212  3
212 228 211  3
230 1 6  3
1 231 6  3
225 209 226  3
255 264 254  4
267 251 252  4
259 258 9  4
260 257 258  4
262 257 261  4
257 260 261  4
257 262 256  4
256 263 255  4
254 264 265  4
254 265 253  4
250 268 269  4
252 266 267  4
268 250 251  4
269 249 250  4
248 270 7  4
248 8 249  4
266 252 253  4
270 248 249  4
270 249 269  4
266 253 265  4
268 251 267  4
263 256 262  4
264 255 263  4
258 10 260  4
10 258 259  4
277 1133 1132  5
252 273 274  5
280 1133 1131  5
282 1131 278  5
282 278 283  5
278 1131 277  5
1133 279 258  5
1133 258 257  5
283 278 12  5
275 255 254  5
256 1132 257  5
274 254 253  5
271 272 249  5
252 274 253  5
254 274 275  5
275 1132 255  5
255 1132 256  5
272 250 249  5
272 271 11  5
249 8 271  5
279 1133 280  5
279 9 258  5
272 251 250  5
251 272 273  5
273 252 251  5
1131 282 281  5
281 280 1131  5
1132 275 276  5
276 277 1132  5
257 1132 1133  5
1133 277 1131  5
285 284 14  6
284 285 13  6
307 14 308  7
301 300 1135  7
298 1134 299  7
14 307 296  7
308 297 17  7
294 1135 293  7
296 307 306  7
297 308 14  7
296 305 295  7
1135 302 301  7
305 296 306  7
294 304 303  7
295 305 304  7
1135 294 302  7
304 294 295  7
302 294 303  7
1136 287 288  7
1135 292 293  7
292 1135 1134  7
287 1136 1134  7
291 289 290  7
297 14 284  7
13 297 284  7
1134 300 299  7
291 290 16  7
286 1134 298  7
298 15 286  7
1134 286 287  7
300 1134 1135  7
289 1136 288  7
1136 289 291  7
291 292 1136  7
292 1134 1136  7
306 311 312  8
305 312 313  8
316 302 315  8
320 319 19  8
298 318 319  8
300 318 299  8
317 301 316  8
315 302 303  8
313 304 305  8
309 310 308  8
315 303 314  8
311 306 307  8
307 310 311  8
310 307 308  8
310 309 18  8
309 308 17  8
304 313 314  8
304 314 303  8
306 312 305  8
301 317 300  8
302 316 301  8
318 298 299  8
318 300 317  8
319 15 298  8
15 319 320  8
329 1138 330  9
1138 329 319  9
322 312 311  9
330 1138 1137  9
332 1137 328  9
332 328 333  9
327 1139 326  9
333 328 21  9
328 1137 327  9
315 324 325  9
1139 327 1138  9
318 1139 1138  9
325 316 315  9
329 19 319  9
324 315 314  9
324 313 323  9
313 324 314  9
310 18 321  9
322 311 310  9
321 322 310  9
322 321 20  9
325 1139 316  9
316 1139 317  9
312 322 323  9
323 313 312  9
1137 332 331  9
331 330 1137  9
327 1137 1138  9
1138 319 318  9
1139 318 317  9
1139 325 326  9
23 335 334  10
334 335 22  10
358 23 347  11
26 358 347  11
357 23 358  11
347 23 334  11
346 357 356  11
23 357 346  11
347 334 22  11
348 24 336  11
346 355 345  11
345 355 354  11
355 346 356  11
344 354 353  11
1141 1140 343  11
354 344 345  11
353 1141 344  11
348 1140 349  11
352 351 1141  11
350 1141 351  11
343 1140 342  11
337 1142 1140  11
1140 350 349  11
341 339 340  11
1142 337 338  11
336 1140 348  11
1140 336 337  11
341 340 25  11
1140 1141 350  11
339 1142 338  11
1142 339 341  11
343 344 1141  11
1141 353 352  11
341 342 1142  11
342 1140 1142  11
356 361 362  12
363 354 355  12
367 350 351  12
348 368 369  12
350 368 349  12
366 352 365  12
367 351 366  12
355 362 363  12
359 360 358  12
354 363 364  12
361 356 357  12
368 348 349  12
368 350 367  12
357 360 361  12
360 357 358  12
360 359 27  12
359 358 26  12
364 353 354  12
370 369 28  12
353 364 365  12
356 362 355  12
365 352 353  12
352 366 351  12
369 24 348  12
24 369 370  12
377 1145 1143  13
363 373 374  13
382 1144 378  13
382 378 383  13
369 368 1145  13
1143 375 376  13
378 30 383  13
1145 380 379  13
378 1144 377  13
375 366 365  13
367 1143 368  13
374 365 364  13
371 372 360  13
375 1143 366  13
363 374 364  13
365 374 375  13
366 1143 367  13
372 361 360  13
372 371 29  13
360 27 371  13
380 1145 1144  13
379 28 369  13
372 362 361  13
362 372 373  13
373 363 362  13
376 377 1143  13
1145 379 369  13
1144 382 381  13
381 380 1144  13
368 1143 1145  13
1145 377 1144  13
32 385 384  14
384 385 31  14
35 408 397  15
407 32 408  15
397 32 384  15
396 407 406  15
32 407 396  15
408 32 397  15
398 33 386  15
396 405 395  15
395 405 404  15
405 396 406  15
394 404 403  15
1147 1146 393  15
404 394 395  15
403 1147 394  15
402 401 1147  15
387 1148 1146  15
400 1147 401  15
393 1146 392  15
1148 387 388  15
1148 389 391  15
391 389 390  15
1146 386 387  15
386 1146 398  15
398 1146 399  15
391 390 34  15
1146 1147 400  15
31 397 384  15
389 1148 388  15
1146 400 399  15
1147 403 402  15
393 394 1147  15
391 392 1148  15
392 1146 1148  15
406 411 412  16
413 404 405  16
417 400 401  16
398 418 419  16
400 418 399  16
416 402 415  16
417 401 416  16
409 410 408  16
404 413 414  16
405 412 413  16
411 406 407  16
418 398 399  16
418 400 417  16
407 410 411  16
410 407 408  16
410 409 36  16
409 408 35  16
414 403 404  16
420 419 37  16
403 414 415  16
406 412 405  16
415 402 403  16
402 416 401  16
419 33 398  16
33 419 420  16
427 1151 1149  17
413 423 424  17
428 1150 427  17
432 1150 428  17
432 428 433  17
1151 427 1150  17
1149 425 426  17
428 39 433  17
430 1151 1150  17
425 416 415  17
417 1149 418  17
424 415 414  17
421 422 410  17
413 424 414  17
415 424 425  17
425 1149 416  17
416 1149 417  17
422 411 410  17
422 421 38  17
410 36 421  17
429 1151 430  17
429 37 419  17
422 412 411  17
412 422 423  17
423 413 412  17
426 427 1149  17
1151 429 419  17
1150 432 431  17
431 430 1150  17
1151 419 418  17
418 1149 1151  17
41 435 434  18
435 40 434  18
1154 1153 443  19
452 1154 44  19
457 41 446  19
44 453 452  19
443 44 1154  19
445 456 455  19
457 446 45  19
1154 452 451  19
455 444 445  19
444 455 454  19
453 44 444  19
444 454 453  19
446 41 434  19
451 450 1154  19
1153 1154 450  19
437 1155 436  19
448 1153 449  19
442 1155 1152  19
448 447 1155  19
438 1152 437  19
441 440 43  19
40 446 434  19
439 1152 438  19
440 441 439  19
447 42 436  19
1155 437 1152  19
436 1155 447  19
1152 439 441  19
441 442 1152  19
442 443 1153  19
1153 450 449  19
41 456 445  19
456 41 457  19
1155 442 1153  19
1153 448 1155  19
455 460 461  20
462 453 454  20
466 449 450  20
447 467 468  20
449 467 448  20
465 451 464  20
466 450 465  20
458 459 457  20
453 462 463  20
454 461 462  20
460 455 456  20
467 447 448  20
467 449 466  20
456 459 460  20
459 456 457  20
459 458 46  20
458 457 45  20
463 452 453  20
469 468 47  20
452 463 464  20
455 461 454  20
464 451 452  20
451 465 450  20
468 42 447  20
42 468 469  20
476 1158 1156  21
462 472 473  21
477 1157 476  21
481 1157 477  21
481 477 482  21
1158 476 1157  21
1156 474 475  21
482 477 49  21
479 1158 1157  21
474 465 464  21
466 1156 467  21
473 464 463  21
470 471 459  21
462 473 463  21
464 473 474  21
474 1156 465  21
465 1156 466  21
471 460 459  21
471 470 48  21
459 46 470  21
478 1158 479  21
478 47 468  21
471 461 460  21
461 471 472  21
472 462 461  21
475 476 1156  21
1158 478 468  21
1157 481 480  21
480 479 1157  21
1158 468 467  21
467 1156 1158  21
51 484 483  22
483 484 50  22
1160 1159 492  23
502 1160 493  23
506 51 507  23
493 503 502  23
51 506 495  23
495 506 505  23
507 496 54  23
496 507 51  23
1161 486 487  23
495 504 494  23
504 495 505  23
503 493 494  23
494 504 503  23
496 51 483  23
501 500 1160  23
499 1160 500  23
497 1159 498  23
1159 1160 499  23
492 1159 491  23
1159 485 486  23
490 489 53  23
486 1161 1159  23
1159 499 498  23
50 496 483  23
490 488 489  23
485 1159 497  23
497 52 485  23
488 1161 487  23
1161 488 490  23
492 493 1160  23
1160 502 501  23
490 491 1161  23
491 1159 1161  23
505 510 511  24
512 503 504  24
516 499 500  24
497 517 518  24
499 517 498  24
515 501 514  24
516 500 515  24
504 511 512  24
508 509 507  24
503 512 513  24
510 505 506  24
517 497 498  24
517 499 516  24
506 509 510  24
509 506 507  24
509 508 55  24
508 507 54  24
513 502 503  24
519 518 56  24
502 513 514  24
505 511 504  24
514 501 502  24
501 515 500  24
518 52 497  24
52 518 519  24
1164 531 530  25
512 522 523  25
529 1164 530  25
531 1164 527  25
531 527 532  25
526 1163 525  25
1163 526 1162  25
527 58 532  25
1162 526 1164  25
524 515 514  25
517 1163 1162  25
523 514 513  25
520 521 509  25
524 1163 515  25
512 523 513  25
514 523 524  25
515 1163 516  25
521 510 509  25
521 520 57  25
509 55 520  25
528 1162 529  25
528 56 518  25
521 511 510  25
511 521 522  25
522 512 511  25
1162 528 518  25
518 517 1162  25
1163 517 516  25
1163 524 525  25
526 527 1164  25
1164 529 1162  25
534 533 60  26
534 59 533  26
557 60 546  27
63 557 546  27
556 60 557  27
546 60 533  27
545 556 555  27
60 556 545  27
533 59 546  27
547 61 535  27
545 554 544  27
544 554 553  27
554 545 555  27
543 553 552  27
1166 1165 542  27
553 543 544  27
552 1166 543  27
551 550 1166  27
536 1167 1165  27
549 1166 550  27
542 1165 541  27
1166 552 551  27
1167 536 537  27
540 538 539  27
547 1165 548  27
1165 535 536  27
540 539 62  27
1165 1166 549  27
535 1165 547  27
542 543 1166  27
1165 549 548  27
538 1167 537  27
1167 538 540  27
540 541 1167  27
541 1165 1167  27
555 560 561  28
562 553 554  28
566 549 550  28
547 567 568  28
549 567 548  28
566 550 565  28
565 551 564  28
558 559 557  28
553 562 563  28
554 561 562  28
560 555 556  28
567 547 548  28
567 549 566  28
556 559 560  28
559 556 557  28
559 558 64  28
558 557 63  28
563 552 553  28
569 568 65  28
552 563 564  28
555 561 554  28
564 551 552  28
551 565 550  28
568 61 547  28
61 568 569  28
1170 578 568  29
571 561 560  29
577 1168 576  29
581 1168 577  29
577 582 581  29
582 577 67  29
576 1170 1169  29
579 1170 1168  29
564 573 574  29
1170 568 567  29
566 1169 567  29
574 565 564  29
578 1170 579  29
578 65 568  29
573 564 563  29
573 562 572  29
562 573 563  29
559 64 570  29
571 560 559  29
570 571 559  29
571 570 66  29
574 1169 565  29
565 1169 566  29
561 571 572  29
572 562 561  29
1168 581 580  29
580 579 1168  29
1169 574 575  29
575 576 1169  29
567 1169 1170  29
1170 576 1168  29
584 583 69  30
584 68 583  30
604 595 605  31
593 603 602  31
606 69 607  31
593 1172 592  31
69 606 595  31
595 604 594  31
595 606 605  31
607 596 72  31
596 607 69  31
600 599 1172  31
596 69 583  31
603 593 594  31
594 604 603  31
601 593 602  31
1172 601 600  31
597 1171 598  31
591 1172 1171  31
1172 593 601  31
586 1173 1171  31
590 588 589  31
1173 586 587  31
1173 588 590  31
1171 599 598  31
583 68 596  31
590 589 71  31
585 1171 597  31
597 70 585  31
1171 585 586  31
599 1171 1172  31
588 1173 587  31
1172 591 592  31
590 591 1173  31
591 1171 1173  31
605 610 611  32
612 603 604  32
616 599 600  32
597 617 618  32
599 617 598  32
616 600 615  32
615 601 614  32
608 609 607  32
603 612 613  32
604 611 612  32
610 605 606  32
617 597 598  32
617 599 616  32
606 609 610  32
609 606 607  32
609 608 73  32
608 607 72  32
613 602 603  32
619 618 74  32
602 613 614  32
605 611 604  32
614 601 602  32
601 615 600  32
618 70 597  32
70 618 619  32
1176 631 630  33
612 622 623  33
629 1176 630  33
631 1176 627  33
631 627 632  33
626 1175 625  33
1175 626 1174  33
627 76 632  33
1174 626 1176  33
624 615 614  33
617 1175 1174  33
623 614 613  33
620 621 609  33
612 623 613  33
614 623 624  33
624 1175 615  33
615 1175 616  33
621 610 609  33
621 620 75  33
609 73 620  33
628 1174 629  33
628 74 618  33
621 611 610  33
611 621 622  33
622 612 611  33
1174 628 618  33
618 617 1174  33
1175 617 616  33
1175 624 625  33
626 627 1176  33
1176 629 1174  33
1194 172 173  34
184 1187 183  34
1206 165 1201  34
48 1198 40  34
165 1206 164  34
421 35 409  34
191 1182 190  34
642 1198 1185  34
193 1203 1183  34
35 421 397  34
38 1189 31  34
1180 22 29  34
641 1201 1180  34
162 1206 1185  34
3 1199 196  34
45 470 446  34
38 397 421  34
421 409 36  34
1198 160 1185  34
22 1190 638  34
1201 165 166  34
1199 3 1198  34
1185 1206 1181  34
641 1180 29  34
164 1206 163  34
1206 1201 1189  34
371 347 26  34
27 371 359  34
397 38 31  34
1201 641 640  34
371 26 359  34
22 1204 1190  34
29 347 371  34
1194 1195 172  34
18 321 309  34
170 1195 1190  34
1179 1194 174  34
20 297 321  34
347 29 22  34
17 321 297  34
321 17 309  34
271 635 7  34
1184 1191 637  34
297 20 13  34
271 7 248  34
248 8 271  34
1191 1184 1179  34
168 1207 167  34
13 1192 1184  34
1190 1192 20  34
637 1191 11  34
1194 1179 1184  34
1195 1194 1192  34
176 1202 1179  34
170 1204 169  34
1204 168 169  34
75 1177 68  34
186 1197 185  34
1196 1182 1205  34
187 1197 186  34
1197 1196 1188  34
1187 1197 1177  34
1208 180 181  34
77 1202 1178  34
75 1187 1177  34
1187 1208 182  34
1202 176 4  34
1202 4 180  34
77 1178 633  34
11 635 271  34
635 11 77  34
1178 75 634  34
75 596 620  34
620 608 73  34
72 620 596  34
608 620 72  34
642 1181 643  34
160 1198 3  34
570 63 558  34
558 64 570  34
1188 648 1177  34
66 1205 59  34
55 520 508  34
596 75 68  34
648 1188 649  34
66 546 570  34
1183 1200 1182  34
63 570 546  34
546 66 59  34
1200 57 647  34
191 1183 1182  34
57 1200 1183  34
646 1205 1200  34
1196 189 1182  34
644 1193 645  34
1203 193 1186  34
193 1183 192  34
1186 1199 1193  34
195 1199 1186  34
40 446 48  34
520 54 508  34
470 45 458  34
57 496 520  34
1203 1193 644  34
470 48 446  34
470 458 46  34
54 520 496  34
496 57 50  34
648 68 1177  34
184 1197 1187  34
634 633 1178  34
180 1208 1202  34
1179 174 175  34
175 176 1179  34
166 1207 1201  34
1207 168 1204  34
38 643 1181  34
162 1185 161  34
189 1196 188  34
189 190 1182  34
1183 191 192  34
57 1203 50  34
1184 637 636  34
636 13 1184  34
1181 642 1185  34
1185 160 161  34
1186 193 194  34
194 195 1186  34
1187 75 1178  34
1187 182 183  34
1197 187 1196  34
1188 66 649  34
1189 640 31  34
1189 38 1181  34
1190 20 639  34
639 638 1190  34
1179 1202 1191  34
1191 77 11  34
1192 13 20  34
172 1195 171  34
48 645 1193  34
1193 1203 1186  34
173 174 1194  34
1194 1184 1192  34
1192 1190 1195  34
1195 170 171  34
1188 1205 66  34
1196 187 188  34
1188 1177 1197  34
1197 184 185  34
1198 642 40  34
1198 48 1193  34
1198 1193 1199  34
1199 195 196  34
647 646 1200  34
1200 1205 1182  34
1201 1207 1180  34
1201 640 1189  34
1202 1208 1178  34
1202 77 1191  34
1203 644 50  34
1203 57 1183  34
1204 170 1190  34
1204 22 1180  34
1205 646 59  34
1205 1188 1196  34
1189 1181 1206  34
1206 162 163  34
1204 1180 1207  34
1207 166 167  34
181 182 1208  34
1208 1187 1178  34
651 650 78  35
651 77 650  35
7 270 635  36
270 78 635  36
635 78 650  36
661 269 268  36
659 80 1211  36
635 650 77  36
1211 265 264  36
268 660 661  36
660 267 266  36
660 268 267  36
80 266 265  36
1211 1209 659  36
266 80 660  36
265 1211 80  36
264 263 1211  36
658 1212 1210  36
1209 1211 263  36
658 1210 657  36
261 260 1212  36
1212 653 1210  36
657 656 79  36
654 1210 653  36
656 657 655  36
655 1210 654  36
261 1209 262  36
652 1212 260  36
260 10 652  36
658 659 1209  36
1209 263 262  36
653 1212 652  36
1210 655 657  36
78 269 661  36
269 78 270  36
1212 658 1209  36
1209 261 1212  36
1229 1221 1226  37
1226 1235 1229  37
1225 668 667  37
666 1230 1225  37
231 1235 681  37
671 1227 672  37
1230 1221 1225  37
231 681 6  37
1235 233 1229  37
1236 1221 1222  37
1235 1226 1216  37
681 1216 680  37
1232 242 243  37
664 1233 1230  37
662 1233 663  37
1213 1225 1223  37
679 662 81  37
1233 664 663  37
1225 1213 668  37
1213 671 670  37
240 1234 239  37
668 1213 669  37
242 1232 1217  37
1215 675 674  37
1220 1219 1214  37
1224 676 1220  37
1232 244 1218  37
684 1214 683  37
678 684 82  37
678 1224 684  37
1214 1224 1220  37
1234 237 238  37
1218 247 682  37
1234 1236 1222  37
1227 1231 1228  37
1221 1236 1223  37
1227 673 672  37
673 1227 1215  37
682 247 5  37
244 1232 243  37
247 1218 246  37
246 1218 245  37
670 669 1213  37
237 1234 1222  37
1214 682 683  37
675 1220 676  37
1215 674 673  37
242 1217 241  37
1216 679 680  37
233 1235 232  37
240 241 1217  37
1214 1219 1218  37
244 245 1218  37
1218 682 1214  37
1219 1220 1215  37
1234 240 1217  37
676 1224 677  37
1220 675 1215  37
664 1230 665  37
235 1229 234  37
1222 235 236  37
236 237 1222  37
1213 1231 1227  37
1221 1230 1226  37
1224 1214 684  37
1224 678 677  37
667 666 1225  37
1225 1221 1223  37
1216 1233 679  37
1221 1229 1222  37
1215 1228 1219  37
1227 671 1213  37
1228 1232 1219  37
1228 1215 1227  37
1229 233 234  37
1229 235 1222  37
1230 666 665  37
1226 1233 1216  37
1217 1228 1231  37
1231 1213 1223  37
1232 1218 1219  37
1232 1228 1217  37
1233 662 679  37
1233 1226 1230  37
238 239 1234  37
1234 1217 1231  37
1235 1216 681  37
1235 231 232  37
1236 1234 1231  37
1231 1223 1236  37
1253 695 694  38
5 214 682  38
691 1250 692  38
682 1257 683  38
214 1239 682  38
1238 216 217  38
218 1252 1238  38
1242 691 690  38
687 1246 688  38
1241 1255 1243  38
222 1255 221  38
685 1245 686  38
685 82 684  38
1243 1255 1260  38
693 1253 694  38
686 1245 687  38
216 1239 215  38
683 1257 1247  38
1246 689 688  38
695 1253 1237  38
698 1240 699  38
220 1255 1252  38
1253 1243 1244  38
689 1246 1242  38
695 1237 696  38
1260 222 223  38
1248 1254 1249  38
1258 701 700  38
701 1258 679  38
1250 1241 1243  38
81 701 679  38
1240 697 1237  38
1256 1251 1249  38
229 1248 228  38
6 681 230  38
222 1260 1255  38
1249 228 1248  38
1241 1250 1242  38
228 1249 227  38
226 1251 225  38
230 1248 229  38
224 1260 223  38
697 1240 698  38
697 696 1237  38
684 1247 1245  38
1238 217 218  38
1239 214 215  38
1239 216 1238  38
680 1258 1254  38
699 1258 700  38
1245 1247 1246  38
220 1252 219  38
690 689 1242  38
1238 1259 1257  38
1244 1260 1251  38
1243 1253 1250  38
1251 224 225  38
1237 1256 1240  38
1245 685 684  38
1246 687 1245  38
1247 684 683  38
1242 1259 1241  38
1259 1246 1247  38
1259 1242 1246  38
1248 230 681  38
681 1254 1248  38
1256 1237 1244  38
1249 226 227  38
1250 693 692  38
1250 691 1242  38
1251 226 1249  38
1251 1256 1244  38
1252 1259 1238  38
1252 218 219  38
1244 1237 1253  38
1253 693 1250  38
1254 681 680  38
1254 1258 1256  38
1255 1241 1252  38
1255 220 221  38
1256 1249 1254  38
1240 1256 1258  38
1257 682 1239  38
1239 1238 1257  38
1258 680 679  38
1258 699 1240  38
1247 1257 1259  38
1259 1252 1241  38
1260 224 1251  38
1260 1244 1243  38
707 659 706  39
706 658 705  39
704 658 657  39
659 707 80  39
657 703 704  39
703 79 702  39
703 702 83  39
658 704 705  39
706 659 658  39
79 703 657  39
654 282 655  40
10 279 652  40
283 655 282  40
656 12 708  40
708 79 656  40
653 281 654  40
655 283 656  40
282 654 281  40
12 656 283  40
280 653 652  40
653 280 281  40
279 259 9  40
279 10 259  40
652 279 280  40
1262 1261 293  41
709 1263 291  41
295 1261 274  41
291 16 709  41
274 1261 275  41
292 1263 1262  41
285 636 13  41
1265 1262 1263  41
1264 637 636  41
295 273 296  41
636 285 14  41
1264 273 272  41
1264 11 637  41
11 1264 272  41
1261 1266 276  41
1261 295 294  41
1263 292 291  41
273 1264 296  41
273 295 274  41
1265 710 711  41
12 278 711  41
710 1265 1263  41
294 293 1261  41
1261 276 275  41
293 292 1262  41
1266 1265 277  41
1263 709 710  41
1265 1266 1262  41
1264 636 14  41
14 296 1264  41
1265 711 278  41
278 277 1265  41
277 276 1266  41
1266 1261 1262  41
287 330 331  42
333 289 332  42
287 331 288  42
288 332 289  42
290 21 712  42
712 16 290  42
333 290 289  42
15 329 286  42
330 287 286  42
21 290 333  42
320 19 329  42
329 15 320  42
332 288 331  42
286 329 330  42
1269 1268 343  43
713 1272 341  43
345 1268 324  43
341 25 713  43
324 1268 325  43
1269 1272 1270  43
335 638 22  43
327 1270 328  43
1267 639 638  43
345 323 346  43
638 335 23  43
1267 638 23  43
1267 20 639  43
20 1267 322  43
1268 1271 326  43
1268 345 344  43
21 328 715  43
323 1267 346  43
323 345 324  43
1270 714 715  43
1272 1269 342  43
1272 713 714  43
23 346 1267  43
1267 323 322  43
344 343 1268  43
1268 326 325  43
343 342 1269  43
1271 1270 327  43
715 328 1270  43
1270 1271 1269  43
327 326 1271  43
1271 1268 1269  43
342 341 1272  43
1272 714 1270  43
339 383 340  44
340 30 716  44
338 382 339  44
24 379 336  44
383 339 382  44
340 716 25  44
337 381 338  44
337 380 381  44
382 338 381  44
30 340 383  44
336 379 380  44
379 370 28  44
380 337 336  44
379 24 370  44
1276 1275 1274  45
717 1273 391  45
395 1275 374  45
717 391 34  45
374 1275 375  45
391 1273 392  45
1278 29 641  45
1273 1276 1274  45
1278 373 372  45
395 373 396  45
640 385 32  45
1278 641 640  45
385 640 31  45
29 1278 372  45
1275 1276 376  45
1277 718 719  45
1275 376 375  45
30 378 719  45
373 1278 396  45
373 395 374  45
1277 1276 1273  45
718 1277 1273  45
392 1274 393  45
1273 717 718  45
1274 1275 393  45
1274 392 1273  45
1275 395 394  45
394 393 1275  45
1276 1277 377  45
377 376 1276  45
1277 719 378  45
378 377 1277  45
1278 640 32  45
32 396 1278  45
386 430 387  46
433 389 432  46
387 431 388  46
432 388 431  46
388 432 389  46
39 390 433  46
390 39 720  46
390 720 34  46
389 433 390  46
33 429 386  46
431 387 430  46
386 429 430  46
429 33 420  46
420 37 429  46
1279 728 721  47
426 1284 1283  47
444 423 445  47
1284 426 425  47
1279 1282 726  47
725 1284 724  47
44 1284 1280  47
423 1280 424  47
1281 38 643  47
642 1281 643  47
642 435 41  47
435 642 40  47
1281 423 422  47
1284 725 1282  47
423 1281 445  47
1279 1283 1282  47
38 1281 422  47
84 721 728  47
728 1279 727  47
1285 722 723  47
1279 721 722  47
722 1285 1279  47
428 723 39  47
1280 423 444  47
1285 1283 1279  47
1279 726 727  47
425 424 1280  47
1280 444 44  47
1281 642 41  47
41 445 1281  47
725 726 1282  47
1283 1284 1282  47
1283 1285 427  47
427 426 1283  47
425 1280 1284  47
1284 44 724  47
1285 723 428  47
428 427 1285  47
441 728 727  48
725 442 726  48
442 727 726  48
727 442 441  48
443 725 724  48
443 724 44  48
728 43 729  48
442 725 443  48
43 728 441  48
728 729 84  48
438 481 439  49
42 478 436  49
482 439 481  49
440 49 730  49
730 43 440  49
437 480 438  49
439 482 440  49
49 440 482  49
478 42 469  49
437 479 480  49
478 469 47  49
479 437 436  49
481 438 480  49
436 478 479  49
1291 492 1290  50
731 1289 490  50
494 1291 473  50
490 53 731  50
473 1291 474  50
1286 1289 1288  50
484 644 50  50
1290 1289 1286  50
1287 645 644  50
494 472 495  50
644 484 51  50
1287 472 471  50
1287 48 645  50
48 1287 471  50
475 1291 1286  50
1291 1290 1286  50
49 477 733  50
472 1287 495  50
472 494 473  50
477 1288 733  50
1289 732 1288  50
1289 731 732  50
476 1288 477  50
476 475 1286  50
1287 644 51  50
51 495 1287  50
732 733 1288  50
1288 476 1286  50
1289 1290 491  50
491 490 1289  50
492 1291 493  50
492 491 1290  50
1291 475 474  50
1291 494 493  50
489 58 734  51
52 528 485  51
488 532 489  51
487 531 488  51
532 488 531  51
489 734 53  51
486 530 487  51
486 529 530  51
531 487 530  51
58 489 532  51
485 528 529  51
528 519 56  51
529 486 485  51
528 52 519  51
542 1293 543  52
735 1294 540  52
544 1293 523  52
540 62 735  52
523 1293 524  52
1294 1297 541  52
1295 57 647  52
1296 1297 1294  52
1295 522 521  52
544 522 545  52
646 534 60  52
1295 647 646  52
534 646 59  52
57 1295 521  52
525 1293 1292  52
1293 525 524  52
58 527 737  52
522 1295 545  52
522 544 523  52
1296 736 737  52
1292 1296 526  52
736 1296 1294  52
526 525 1292  52
1297 1296 1292  52
1293 544 543  52
1293 1297 1292  52
1294 541 540  52
1294 735 736  52
1295 646 60  52
60 545 1295  52
1296 737 527  52
527 526 1296  52
1297 1293 542  52
542 541 1297  52
536 579 580  53
582 538 581  53
536 580 537  53
581 537 580  53
67 539 582  53
539 67 738  53
539 738 62  53
537 581 538  53
538 582 539  53
61 578 535  53
535 578 579  53
569 65 578  53
579 536 535  53
578 61 569  53
1299 1298 592  54
739 1300 590  54
594 1298 573  54
590 71 739  54
573 1298 574  54
591 1300 1299  54
584 648 68  54
1302 1299 1300  54
1301 649 648  54
594 572 595  54
648 584 69  54
1301 572 571  54
1301 66 649  54
66 1301 571  54
1298 1303 575  54
1298 594 593  54
1300 591 590  54
572 1301 595  54
572 594 573  54
1302 740 741  54
67 577 741  54
740 1302 1300  54
593 592 1298  54
1298 575 574  54
592 591 1299  54
1303 1302 576  54
1300 739 740  54
1302 1303 1299  54
1301 648 69  54
69 595 1301  54
1302 741 577  54
577 576 1302  54
576 575 1303  54
1303 1298 1299  54
632 588 631  55
631 587 630  55
585 629 586  55
586 630 587  55
587 631 588  55
589 76 742  55
589 742 71  55
632 589 588  55
70 628 585  55
630 586 629  55
585 628 629  55
76 589 632  55
628 70 619  55
628 619 74  55
80 1306 1305  56
1304 1308 1307  56
633 651 78  56
624 1305 1306  56
1305 624 623  56
1306 1310 1304  56
1308 744 1307  56
83 743 703  56
624 1304 625  56
651 633 77  56
622 1305 623  56
1309 75 634  56
633 1309 634  56
1309 622 621  56
660 622 661  56
706 1306 707  56
622 1309 661  56
75 1309 621  56
744 1308 743  56
743 1308 703  56
1310 1306 706  56
1308 1310 705  56
627 744 76  56
626 1307 627  56
626 625 1304  56
1305 622 660  56
660 80 1305  56
1306 80 707  56
1306 1304 624  56
744 627 1307  56
1307 626 1304  56
1308 705 704  56
704 703 1308  56
1309 633 78  56
78 661 1309  56
706 705 1310  56
1310 1308 1304  56
751 748 87  57
749 745 746  57
750 746 747  57
745 749 748  57
750 747 86  57
746 750 749  57
745 751 85  57
751 745 748  57
753 89 754  58
754 752 753  58
90 752 754  58
752 90 755  58
752 755 88  58
757 761 760  59
762 759 93  59
760 756 757  59
761 757 758  59
756 760 759  59
761 758 92  59
756 762 91  59
762 756 759  59
764 95 765  60
765 763 764  60
96 763 765  60
763 96 766  60
763 766 94  60
773 770 99  61
771 767 768  61
767 771 770  61
769 98 772  61
768 772 771  61
772 768 769  61
767 773 97  61
773 767 770  61
775 101 776  62
776 774 775  62
102 774 776  62
774 102 777  62
100 774 777  62
784 781 105  63
782 778 779  63
778 782 781  63
780 104 783  63
779 783 782  63
783 779 780  63
778 784 103  63
784 778 781  63
786 107 787  64
787 785 786  64
108 785 787  64
785 108 788  64
785 788 106  64
795 792 111  65
793 789 790  65
789 793 792  65
791 110 794  65
790 794 793  65
794 790 791  65
789 795 109  65
795 789 792  65
797 113 798  66
798 796 797  66
114 796 798  66
796 114 799  66
796 799 112  66
801 805 804  67
805 802 116  67
805 801 802  67
800 804 803  67
804 800 801  67
806 803 117  67
800 806 115  67
806 800 803  67
808 119 809  68
809 807 808  68
120 807 809  68
807 120 810  68
807 810 118  68
817 814 123  69
815 811 812  69
811 815 814  69
813 122 816  69
812 816 815  69
816 812 813  69
811 817 121  69
817 811 814  69
819 125 820  70
820 818 819  70
126 818 820  70
818 126 821  70
818 821 124  70
823 827 826  71
828 825 129  71
826 822 823  71
822 826 825  71
824 128 827  71
827 823 824  71
822 828 127  71
828 822 825  71
672 1319 671  72
911 1370 1335  72
1319 670 671  72
1402 927 926  72
1374 1410 1348  72
903 1374 904  72
900 1417 901  72
882 1381 1357  72
872 1336 873  72
909 1370 910  72
835 1365 836  72
930 1347 1313  72
1407 1331 1402  72
911 1335 912  72
920 129 1353  72
1330 1387 1356  72
1400 933 1329  72
88 1364 841  72
810 1391 118  72
1365 834 1343  72
1323 1377 105  72
1401 1371 1311  72
1349 861 860  72
766 1368 94  72
849 1404 850  72
1349 862 861  72
1341 1414 1404  72
777 1325 100  72
867 1379 1323  72
868 105 1377  72
1379 867 100  72
795 881 109  72
887 1373 888  72
1357 884 883  72
881 111 1381  72
105 868 784  72
106 1406 1320  72
1357 1397 1344  72
870 1340 871  72
1337 1357 1344  72
106 1388 1406  72
1406 1332 1362  72
878 1388 879  72
875 1350 876  72
877 1350 1332  72
1371 1350 1336  72
873 1336 874  72
1350 877 876  72
872 1340 1336  72
869 1377 1311  72
1371 1401 662  72
784 868 103  72
864 1324 865  72
662 1401 81  72
111 1397 1381  72
1334 886 885  72
1371 1366 1350  72
664 1371 663  72
1366 1371 664  72
884 1334 885  72
884 1357 1334  72
1354 1408 1355  72
1397 1366 1344  72
1373 1416 1358  72
890 1358 1317  72
886 1373 887  72
1358 890 889  72
668 1416 1337  72
1372 124 1394  72
890 1317 891  72
1327 114 892  72
799 1327 112  72
1355 117 1354  72
1418 1359 1374  72
894 806 117  72
1319 1412 670  72
669 1412 1416  72
1408 1319 1390  72
897 1408 1315  72
897 1315 898  72
1418 903 902  72
806 894 115  72
1358 1416 1412  72
1367 1345 123  72
1390 673 1359  72
903 1418 1374  72
1391 1348 118  72
1319 1408 1354  72
1410 673 674  72
1376 1410 675  72
1382 677 678  72
1345 1370 908  72
817 907 121  72
907 123 1345  72
1348 1391 1374  72
905 810 120  72
673 1410 1359  72
917 1392 1375  72
1393 916 915  72
1376 1382 1335  72
677 1376 676  72
1402 1312 1419  72
916 1393 1392  72
1352 1382 678  72
821 918 1411  72
1382 1376 677  72
1393 1382 1326  72
1331 1352 685  72
685 1352 82  72
914 1393 915  72
1376 1335 1370  72
1410 1376 1328  72
673 1390 672  72
1311 1371 1340  72
933 1400 87  72
1419 927 1402  72
924 1402 925  72
1385 921 1353  72
129 920 828  72
919 1339 129  72
1352 1385 1339  72
921 1385 922  72
922 1407 923  72
932 931 1396  72
1331 1312 1402  72
1331 687 1312  72
927 1419 928  72
687 1330 1312  72
830 1413 1384  72
1384 1316 1343  72
1329 1380 1356  72
1421 1342 1349  72
131 1329 933  72
1396 1369 131  72
831 1384 1343  72
751 829 85  72
831 1343 832  72
1413 830 829  72
1343 834 833  72
829 87 1413  72
691 1389 1316  72
839 1346 1322  72
837 1365 1346  72
834 1365 835  72
1364 1395 1383  72
837 1346 838  72
840 755 90  72
852 1415 853  72
845 1361 846  72
843 1378 1321  72
1316 1389 1365  72
889 1373 1358  72
666 1366 665  72
1389 1395 1364  72
1314 1395 694  72
93 842 762  72
1361 845 1321  72
842 93 1378  72
841 1383 93  72
93 1383 1378  72
1321 845 844  72
696 1314 695  72
1404 851 850  72
1414 851 1404  72
1395 1389 693  72
1314 694 695  72
697 1360 1341  72
864 1405 1324  72
700 1351 699  72
1342 1421 1351  72
1398 1324 1379  72
1342 1401 1379  72
1405 1349 1342  72
862 1405 863  72
1420 860 859  72
1363 856 855  72
860 1420 1349  72
773 855 97  72
855 99 1363  72
99 1386 1363  72
1318 1360 1351  72
857 1420 858  72
856 1363 1318  72
1341 1360 1333  72
854 1386 99  72
755 840 88  72
851 1414 852  72
853 766 96  72
1311 870 869  72
1377 869 868  72
929 1419 1347  72
687 1331 686  72
131 1369 1329  72
1313 931 930  72
848 1404 849  72
1361 848 847  72
1315 900 899  72
899 898 1315  72
690 1387 689  72
690 691 1316  72
112 1338 893  72
1317 892 891  72
857 856 1318  72
698 1351 1360  72
1315 1390 1359  72
1408 897 896  72
880 106 1320  72
1350 1366 1362  72
1321 844 843  72
1378 843 842  72
1322 840 839  72
1346 1364 1322  72
1323 105 867  72
701 1401 1342  72
1324 866 865  72
701 1342 700  72
1325 102 866  72
866 1324 1325  72
919 1372 1339  72
917 1375 918  72
892 1317 1327  72
1327 1409 112  72
908 1370 909  72
1345 1367 1328  72
1380 1329 1369  72
689 1330 688  72
1347 1380 1369  72
1330 687 688  72
924 1407 1402  72
1331 685 686  72
1366 666 1344  72
1332 878 877  72
1399 1386 854  72
697 1341 696  72
667 1344 666  72
102 1325 777  72
1335 914 913  72
913 912 1335  72
1336 875 874  72
88 840 1322  72
667 668 1337  72
1373 889 888  72
893 1354 117  72
1338 112 1409  72
828 920 127  72
1372 1352 1339  72
1340 872 871  72
1340 870 1311  72
1314 1404 1361  72
1314 696 1341  72
1379 1401 1323  72
1405 862 1349  72
833 832 1343  72
1384 1387 1316  72
1344 667 1337  72
1397 111 880  72
1345 908 907  72
123 907 817  72
1346 839 838  72
1389 1364 1346  72
1347 930 929  72
1347 1419 1312  72
675 1410 674  72
1348 906 118  72
1420 859 858  72
1351 700 1342  72
1332 1406 1388  72
1350 875 1336  72
1318 1421 1420  72
1351 698 699  72
1352 1372 1326  72
1352 678 82  72
921 920 1353  72
1353 129 1339  72
1354 893 1338  72
1354 1412 1319  72
895 1408 896  72
895 894 1355  72
1330 1380 1312  72
1387 690 1316  72
1357 1337 1334  72
1357 883 882  72
1412 1354 1338  72
1338 1317 1358  72
1410 1374 1359  72
1417 900 1315  72
1360 1386 1333  72
1360 697 698  72
847 846 1361  72
1361 1321 1314  72
1362 1397 1320  72
1362 1332 1350  72
99 855 773  72
1386 1399 1333  72
1364 88 1322  72
693 1389 692  72
1365 837 836  72
1365 1343 1316  72
664 665 1366  72
1366 1397 1362  72
1367 123 906  72
906 1348 1367  72
94 1403 1399  72
1403 1415 1414  72
1369 1396 1313  72
1313 1347 1369  72
1370 911 910  72
1370 1345 1328  72
1336 1340 1371  72
1371 662 663  72
1372 919 124  72
1326 1394 1375  72
1373 886 1334  72
1334 1337 1373  72
904 1391 905  72
1359 1418 1417  72
1394 1326 1372  72
918 1375 1411  72
1370 1328 1376  72
1376 675 676  72
901 1418 902  72
1377 1323 1311  72
762 842 91  72
1321 1395 1314  72
1324 1398 1325  72
1379 1405 1342  72
1380 1347 1312  72
1380 1330 1356  72
1381 882 881  72
111 881 795  72
1382 1352 1326  72
1382 1393 1335  72
1321 1378 1383  72
1383 841 1364  72
1384 831 830  72
1400 1387 1384  72
1353 1339 1385  72
1385 1352 1331  72
1386 1360 1318  72
1318 1363 1386  72
1387 1400 1356  72
1387 1330 689  72
788 879 1388  72
1388 878 1332  72
1346 1365 1389  72
1389 691 692  72
1319 672 1390  72
1419 929 928  72
810 905 1391  72
1391 904 1374  72
1326 1375 1392  72
1392 917 916  72
1326 1392 1393  72
1393 914 1335  72
114 1327 799  72
1394 1411 1375  72
693 694 1395  72
1395 1321 1383  72
931 932 130  72
931 1313 1396  72
1397 1357 1381  72
1397 880 1320  72
1379 100 1398  72
100 1325 1398  72
854 94 1399  72
1399 1403 1333  72
87 829 751  72
1400 1329 1356  72
1311 1323 1401  72
1401 701 81  72
1402 926 925  72
1331 1407 1385  72
1403 94 1368  72
1415 852 1414  72
1404 848 1361  72
1404 1314 1341  72
1405 1379 1324  72
1405 864 863  72
1362 1320 1406  72
879 788 108  72
1407 924 923  72
1407 922 1385  72
1390 1315 1408  72
1408 895 1355  72
1409 1327 1317  72
1317 1338 1409  72
1410 1328 1367  72
1367 1348 1410  72
1411 1394 124  72
918 821 126  72
1338 1358 1412  72
1412 669 670  72
1413 87 1400  72
1400 1384 1413  72
1414 1341 1333  72
1333 1403 1414  72
1415 1403 1368  72
1368 853 1415  72
1416 1373 1337  72
1416 668 669  72
1315 1359 1417  72
1418 901 1417  72
894 117 1355  72
1349 1420 1421  72
821 1411 124  72
1421 1318 1351  72
1420 857 1318  72
932 1396 131  72
788 1388 106  72
766 853 1368  72
935 132 936  73
936 934 935  73
130 934 936  73
934 130 932  73
934 932 131  73
714 955 954  74
957 715 21  74
719 947 718  74
951 716 25  74
943 720 34  74
723 941 940  74
30 950 949  74
720 942 39  74
721 937 84  74
717 946 945  74
34 944 943  74
949 719 30  74
717 945 944  74
719 948 947  74
39 942 941  74
958 712 959  74
940 722 723  74
959 712 16  74
941 723 39  74
937 721 938  74
938 722 939  74
134 84 937  74
716 950 30  74
25 952 951  74
948 719 949  74
946 717 718  74
944 34 717  74
21 958 957  74
718 947 946  74
959 16 960  74
955 715 956  74
712 958 21  74
952 713 953  74
715 955 714  74
954 713 714  74
960 709 961  74
962 710 963  74
961 709 962  74
967 702 133  74
967 708 79  74
713 954 953  74
709 960 16  74
713 952 25  74
715 957 956  74
963 711 964  74
722 940 939  74
722 938 721  74
708 966 12  74
708 967 966  74
702 967 79  74
710 962 709  74
83 133 702  74
711 965 964  74
711 963 710  74
12 966 965  74
965 711 12  74
716 951 950  74
720 943 942  74
741 980 979  75
736 986 985  75
974 742 71  75
980 741 67  75
974 71 975  75
972 76 973  75
49 996 733  75
741 978 740  75
998 730 43  75
744 970 743  75
743 968 83  75
977 739 740  75
67 981 980  75
969 743 970  75
76 972 744  75
83 968 133  75
970 744 971  75
744 972 971  75
968 743 969  75
982 738 62  75
975 71 739  75
739 977 976  75
738 981 67  75
975 739 976  75
982 62 983  75
985 735 736  75
997 730 998  75
977 740 978  75
978 741 979  75
983 735 984  75
988 58 989  75
988 737 58  75
734 989 58  75
986 736 737  75
737 987 986  75
737 988 987  75
993 731 732  75
994 732 733  75
990 53 991  75
991 731 992  75
994 733 995  75
730 997 49  75
998 729 134  75
742 973 76  75
996 49 997  75
995 733 996  75
735 985 984  75
989 734 990  75
735 983 62  75
731 991 53  75
134 729 84  75
732 994 993  75
731 993 992  75
990 734 53  75
729 998 43  75
742 974 973  75
738 982 981  75
132 750 86  76
935 750 132  76
934 748 749  76
748 933 87  76
748 934 933  76
749 935 934  76
935 749 750  76
933 934 131  76
1424 1427 834  77
745 1422 746  77
1427 1424 1425  77
833 1427 832  77
999 1425 1000  77
1423 89 1001  77
831 1427 1422  77
830 745 829  77
745 830 1422  77
1423 1426 1424  77
747 999 86  77
85 829 745  77
747 1422 999  77
838 1424 837  77
1424 838 1423  77
834 1427 833  77
839 1423 838  77
837 1424 836  77
754 840 90  77
836 1424 835  77
840 1423 839  77
1422 747 746  77
1422 830 831  77
840 754 1423  77
89 1423 754  77
1426 1425 1424  77
1424 834 835  77
1425 1426 1000  77
1425 999 1422  77
1426 1423 1001  77
1001 1000 1426  77
1425 1422 1427  77
1427 831 832  77
89 761 92  78
753 761 89  78
753 760 761  78
760 753 752  78
752 759 760  78
759 752 841  78
841 752 88  78
841 93 759  78
1433 1002 1432  79
756 1430 757  79
1430 1434 1433  79
1434 846 847  79
1003 1433 1428  79
1429 95 1004  79
845 1430 844  79
843 756 842  79
842 756 91  79
756 843 1430  79
848 1434 847  79
92 1432 1002  79
1002 1433 1003  79
850 1431 849  79
846 1430 845  79
1430 846 1434  79
852 1431 851  79
1431 765 1429  79
765 853 96  79
849 1434 848  79
1431 853 765  79
95 1429 765  79
1004 1003 1428  79
853 1431 852  79
1429 1004 1428  79
757 1432 758  79
1430 843 844  79
851 1431 850  79
1429 1428 1431  79
1432 92 758  79
1432 757 1430  79
1432 1430 1433  79
1434 1428 1433  79
1434 849 1431  79
1428 1434 1431  79
772 95 764  80
95 772 98  80
770 854 99  80
764 771 772  80
771 764 763  80
763 770 771  80
770 763 854  80
854 763 94  80
1006 1437 1435  81
767 1438 768  81
1436 1440 860  81
1435 1437 1436  81
1438 1005 769  81
1439 101 1007  81
1440 1436 1437  81
856 767 855  81
767 856 1438  81
861 862 1436  81
769 1005 98  81
97 855 767  81
1005 1438 1437  81
1436 864 1439  81
860 1440 859  81
859 1440 858  81
865 1439 864  81
864 1436 863  81
776 866 102  81
863 1436 862  81
866 1439 865  81
101 1439 776  81
1007 1006 1435  81
1435 1436 1439  81
1436 860 861  81
1437 1006 1005  81
857 1440 1438  81
1438 769 768  81
1438 856 857  81
866 776 1439  81
1439 1007 1435  81
1437 1438 1440  81
1440 857 858  81
101 783 104  82
775 783 101  82
774 781 782  82
775 782 783  82
782 775 774  82
781 774 867  82
774 100 867  82
781 867 105  82
1442 1445 1009  83
778 1444 779  83
1441 1446 873  83
872 1446 871  83
1444 1008 780  83
1443 107 1010  83
1446 1441 1442  83
869 778 868  83
778 869 1444  83
1441 874 875  83
780 1008 104  83
103 868 778  83
1008 1444 1442  83
1441 877 1443  83
1441 873 874  83
873 1446 872  83
878 1443 877  83
877 1441 876  83
787 879 108  83
876 1441 875  83
879 1443 878  83
879 787 1443  83
1445 1442 1441  83
1442 1009 1008  83
870 1446 1444  83
107 1443 787  83
1443 1445 1441  83
1444 780 779  83
1444 869 870  83
1445 1443 1010  83
1010 1009 1445  83
1442 1444 1446  83
1446 870 871  83
786 793 794  84
880 785 106  84
107 794 110  84
786 794 107  84
793 786 785  84
792 785 880  84
785 792 793  84
111 792 880  84
1449 1011 1448  85
789 1448 790  85
885 1452 884  85
1452 1447 1449  85
1011 1449 1012  85
1450 113 1013  85
883 1452 1448  85
882 789 881  85
789 882 1448  85
1447 887 888  85
791 1011 110  85
109 881 789  85
791 1448 1011  85
1447 890 1450  85
1447 886 887  85
886 1452 885  85
891 1450 890  85
890 1447 889  85
798 892 114  85
889 1447 888  85
892 1450 891  85
892 798 1450  85
1451 1450 1013  85
1448 791 790  85
1448 882 883  85
1447 1452 886  85
1449 1451 1012  85
113 1450 798  85
1450 1451 1447  85
1013 1012 1451  85
1451 1449 1447  85
1449 1448 1452  85
1452 883 884  85
113 805 116  86
797 805 113  86
796 803 804  86
803 893 117  86
804 797 796  86
803 796 893  86
797 804 805  86
893 796 112  86
899 1458 898  87
1458 1453 1455  87
1453 899 900  87
1453 900 901  87
1455 1014 1454  87
1014 116 802  87
800 1454 801  87
895 800 894  87
800 895 1454  87
1014 1455 1015  87
898 1458 897  87
896 1458 1454  87
904 1457 903  87
802 1454 1014  87
1453 903 1457  87
809 905 120  87
1457 119 1016  87
903 1453 902  87
115 894 800  87
902 1453 901  87
905 1457 904  87
1456 1453 1457  87
1456 1455 1453  87
1454 802 801  87
1454 895 896  87
1453 1458 899  87
1455 1456 1015  87
119 1457 809  87
1016 1015 1456  87
905 809 1457  87
1457 1016 1456  87
1455 1454 1458  87
1458 896 897  87
119 816 122  88
808 816 119  88
807 814 815  88
814 906 123  88
814 807 906  88
815 808 807  88
808 815 816  88
906 807 118  88
1018 1461 1460  89
811 1463 812  89
1461 1018 1017  89
911 1464 910  89
1463 1017 813  89
1462 125 1019  89
1463 813 812  89
908 811 907  89
811 908 1463  89
1459 913 914  89
813 1017 122  89
121 907 811  89
1017 1463 1461  89
1459 916 1462  89
1459 912 913  89
912 1464 911  89
917 1462 916  89
916 1459 915  89
820 918 126  89
915 1459 914  89
918 1462 917  89
1462 1019 1460  89
125 1462 820  89
1019 1018 1460  89
1460 1461 1459  89
909 1464 1463  89
1459 1464 912  89
1460 1459 1462  89
918 820 1462  89
1463 908 909  89
1464 1459 1461  89
1461 1463 1464  89
1464 909 910  89
125 827 128  90
819 827 125  90
818 825 826  90
825 919 129  90
826 819 818  90
819 826 827  90
825 818 919  90
124 919 818  90
1471 920 921  91
823 1471 1466  91
1471 923 1465  91
930 1468 929  91
920 1471 822  91
925 1465 924  91
1471 823 822  91
127 920 822  91
132 1467 936  91
1466 128 824  91
1465 923 924  91
923 1471 922  91
1472 928 1468  91
128 1466 1020  91
926 927 1472  91
925 1472 1465  91
931 936 1468  91
1467 1469 1468  91
1470 1472 1469  91
928 1472 927  91
1022 1469 1467  91
1470 1469 1021  91
1466 1470 1020  91
1466 824 823  91
1468 936 1467  91
1467 132 1022  91
928 929 1468  91
936 931 130  91
1469 1022 1021  91
1472 1470 1465  91
1021 1020 1470  91
1470 1466 1465  91
921 922 1471  91
1471 1465 1466  91
1472 1468 1469  91
1472 925 926  91
931 1468 930  91
939 1040 1041  92
1043 944 943  92
973 1026 974  92
135 967 1056  92
1025 971 1024  92
972 1025 973  92
968 135 1023  92
975 1027 976  92
1033 986 1032  92
984 1031 1032  92
1039 996 1038  92
997 1039 998  92
993 1036 1037  92
994 1037 995  92
1035 989 1034  92
942 1043 943  92
945 1044 946  92
1044 944 1043  92
944 1044 945  92
948 1045 1046  92
941 1042 942  92
938 1040 939  92
1042 940 1041  92
136 998 1039  92
1043 942 1042  92
1041 940 939  92
940 1042 941  92
937 1040 938  92
937 136 1040  92
1048 953 952  92
947 1045 948  92
1048 952 951  92
951 1047 1048  92
949 1046 1047  92
953 1048 1049  92
1047 950 949  92
1046 949 948  92
950 1047 951  92
1050 955 1049  92
955 1050 956  92
956 1051 957  92
1049 954 953  92
1051 956 1050  92
1051 958 957  92
1052 958 1051  92
954 1049 955  92
963 1054 964  92
960 1052 1053  92
1054 963 962  92
1054 962 1053  92
1052 960 959  92
1053 961 960  92
958 1052 959  92
961 1053 962  92
964 1054 1055  92
1055 965 964  92
1056 965 1055  92
969 1023 970  92
1056 967 966  92
967 135 133  92
965 1056 966  92
968 1023 969  92
1026 975 974  92
975 1026 1027  92
135 968 133  92
971 1025 972  92
1024 971 970  92
970 1023 1024  92
1027 977 976  92
979 1028 1029  92
1026 973 1025  92
1045 947 946  92
946 1044 1045  92
977 1028 978  92
1030 980 1029  92
1029 980 979  92
1032 985 984  92
981 1030 982  92
1028 979 978  92
1028 977 1027  92
980 1030 981  92
988 1034 989  92
1031 983 982  92
982 1030 1031  92
1032 986 985  92
983 1031 984  92
1033 987 986  92
987 1034 988  92
1034 987 1033  92
1035 990 989  92
998 136 134  92
1038 996 995  92
993 1037 994  92
996 1039 997  92
995 1037 1038  92
136 937 134  92
990 1035 991  92
991 1036 992  92
1036 993 992  92
1036 991 1035  92
1512 101 104  93
139 1501 1495  93
1498 1007 101  93
1501 1526 1495  93
1474 1529 1524  93
1069 1517 138  93
1497 1004 95  93
1503 1487 1075  93
1503 1489 1487  93
1523 1505 1511  93
1531 1485 1506  93
1487 1525 1078  93
1528 1071 1514  93
1074 1528 1503  93
1009 1512 1008  93
1071 1528 1072  93
1512 1523 1516  93
1075 1487 1076  93
1492 1505 1011  93
1525 1490 1502  93
1479 1527 1490  93
1078 1525 1079  93
1014 1479 1477  93
1080 1502 1081  93
1522 1526 1524  93
1526 1501 1510  93
1486 1488 1084  93
1520 1480 1510  93
122 1527 119  93
1019 1520 1018  93
1017 1527 122  93
1082 1502 1486  93
1080 1525 1502  93
113 1508 1013  93
1502 1530 1486  93
1479 1014 1015  93
1477 1525 1478  93
1479 1015 1016  93
999 1515 86  93
1062 1518 1063  93
1001 1475 1000  93
1529 132 1515  93
1089 1476 137  93
1487 1078 1077  93
110 1505 107  93
1476 1522 1493  93
1020 1529 1474  93
1522 1476 1089  93
1088 1522 1089  93
125 1480 1019  93
1515 1475 1494  93
1495 1088 1087  93
1521 1493 1494  93
1475 999 1000  93
1481 1001 89  93
1476 1058 1057  93
1513 1481 1509  93
92 1481 89  93
1060 1496 1061  93
1518 1062 1496  93
1001 1481 1475  93
1064 1518 1504  93
1004 1482 1003  93
1064 1504 1065  93
1070 1517 1514  93
1506 1499 1498  93
1499 1507 1005  93
1489 1503 1500  93
107 1523 1010  93
95 1507 1497  93
1504 1485 1066  93
1499 1007 1498  93
1007 1499 1006  93
1004 1497 1482  93
1067 1485 1068  93
1504 1497 1483  93
1481 1519 1509  93
1002 1519 92  93
128 1480 125  93
128 1020 1474  93
1496 1521 1513  93
1515 999 1475  93
1057 137 1476  93
1021 1022 1529  93
116 1508 113  93
116 1014 1477  93
1013 1492 1012  93
1508 116 1477  93
1479 1016 119  93
1527 1520 1484  93
1480 128 1474  93
1488 1510 1501  93
1482 1509 1519  93
1475 1513 1494  93
1002 1003 1482  93
1497 1507 1483  93
1507 1506 1483  93
1066 1485 1067  93
1488 1530 1484  93
1527 1017 1520  93
1069 1068 1485  93
1485 1504 1483  93
1486 1084 1083  93
1083 1082 1486  93
1077 1076 1487  93
1508 1477 1478  93
1085 1501 1086  93
1085 1084 1488  93
1489 1525 1487  93
1011 1505 110  93
1477 1479 1490  93
1530 1527 1484  93
1528 1074 1073  93
1523 1512 1009  93
1011 1012 1492  93
1489 1508 1478  93
1515 1494 1493  93
1476 1521 1058  93
1060 1521 1496  93
1493 1521 1476  93
1087 139 1495  93
1474 1510 1480  93
1509 1482 1473  93
1496 1062 1061  93
1497 1504 1473  93
1473 1482 1497  93
101 1512 1498  93
1485 1531 1517  93
1506 1507 1499  93
1499 1005 1006  93
1500 1508 1489  93
1503 1528 1491  93
1501 139 1086  93
1501 1085 1488  93
1502 1082 1081  93
1525 1477 1490  93
1075 1074 1503  93
1503 1511 1500  93
1504 1066 1065  93
1473 1504 1518  93
1505 1492 1500  93
1505 1500 1511  93
1514 1531 1516  93
1485 1483 1506  93
1507 95 98  93
98 1005 1507  93
1508 1500 1492  93
1492 1013 1508  93
1473 1496 1509  93
1513 1475 1481  93
1510 1488 1484  93
1520 1019 1480  93
1511 1503 1491  93
1505 1523 107  93
1531 1512 1516  93
1512 104 1008  93
1509 1496 1513  93
1513 1521 1494  93
1523 1511 1491  93
1514 1071 1070  93
132 1529 1022  93
132 86 1515  93
1491 1514 1516  93
1512 1531 1498  93
1517 1070 138  93
1517 1069 1485  93
1518 1064 1063  93
1518 1496 1473  93
1519 1481 92  93
1519 1002 1482  93
1510 1484 1520  93
1520 1017 1018  93
1521 1060 1059  93
1059 1058 1521  93
1522 1088 1495  93
1524 1515 1493  93
1491 1516 1523  93
1523 1009 1010  93
1493 1522 1524  93
1524 1526 1474  93
1525 1080 1079  93
1525 1489 1478  93
1510 1474 1526  93
1526 1522 1495  93
1527 1530 1490  93
1527 1479 119  93
1073 1072 1528  93
1528 1514 1491  93
1529 1515 1524  93
1529 1020 1021  93
1530 1488 1486  93
1530 1502 1490  93
1531 1514 1517  93
1531 1506 1498  93
1027 137 1057  94
1087 1024 1023  94
1028 1057 1058  94
1024 1087 1088  94
1023 139 1087  94
1089 1026 1025  94
1025 1088 1089  94
1026 1089 137  94
137 1027 1026  94
1059 1030 1029  94
1057 1028 1027  94
1033 1062 1063  94
1024 1088 1025  94
139 1023 135  94
1029 1058 1059  94
1031 1061 1032  94
1030 1059 1060  94
1028 1058 1029  94
1033 1063 1034  94
1030 1060 1031  94
1035 1065 1036  94
1037 1067 1038  94
1034 1064 1035  94
136 1069 138  94
1037 1066 1067  94
1061 1031 1060  94
1038 1068 1039  94
1062 1033 1032  94
1064 1034 1063  94
1032 1061 1062  94
1065 1035 1064  94
1069 1039 1068  94
1066 1037 1036  94
1068 1038 1067  94
1066 1036 1065  94
1069 136 1039  94
1046 1076 1077  95
1073 1042 1072  95
1042 1073 1043  95
1073 1044 1043  95
1046 1075 1076  95
1071 1042 1041  95
1044 1073 1074  95
1051 1082 1052  95
1046 1077 1047  95
1041 1070 1071  95
1070 1041 1040  95
138 1040 136  95
1070 1040 138  95
1042 1071 1072  95
1044 1074 1075  95
1044 1075 1045  95
1075 1046 1045  95
1051 1080 1081  95
1047 1077 1048  95
1048 1078 1049  95
1049 1080 1050  95
1052 1082 1053  95
1053 1083 1054  95
1055 1084 1085  95
1078 1048 1077  95
1056 1086 135  95
1055 1086 1056  95
1049 1079 1080  95
1080 1051 1050  95
1079 1049 1078  95
1054 1084 1055  95
1083 1053 1082  95
1082 1051 1081  95
135 1086 139  95
1084 1054 1083  95
1086 1055 1085  95
Edges
1179
1 140  1
140 141  1
141 142  1
142 143  1
143 144  1
144 145  1
145 146  1
146 147  1
147 148  1
148 149  1
149 150  1
150 151  1
151 152  1
152 153  1
153 154  1
154 155  1
155 156  1
156 2  1
1 157  2
157 158  2
158 159  2
159 3  2
3 160  3
160 161  3
161 162  3
162 163  3
163 164  3
164 165  3
165 166  3
166 167  3
167 168  3
168 169  3
169 170  3
170 171  3
171 172  3
172 173  3
173 174  3
174 175  3
175 176  3
176 4  3
4 177  4
177 178  4
178 179  4
179 2  4
4 180  5
180 181  5
181 182  5
182 183  5
183 184  5
184 185  5
185 186  5
186 187  5
187 188  5
188 189  5
189 190  5
190 191  5
191 192  5
192 193  5
193 194  5
194 195  5
195 196  5
196 3  5
2 197  6
197 198  6
198 199  6
199 200  6
200 201  6
201 202  6
202 203  6
203 204  6
204 205  6
205 206  6
206 207  6
207 208  6
208 209  6
209 210  6
210 211  6
211 212  6
212 213  6
213 1  6
5 214  7
214 215  7
215 216  7
216 217  7
217 218  7
218 219  7
219 220  7
220 221  7
221 222  7
222 223  7
223 224  7
224 225  7
225 226  7
226 227  7
227 228  7
228 229  7
229 230  7
230 6  7
6 231  8
231 232  8
232 233  8
233 234  8
234 235  8
235 236  8
236 237  8
237 238  8
238 239  8
239 240  8
240 241  8
241 242  8
242 243  8
243 244  8
244 245  8
245 246  8
246 247  8
247 5  8
7 248  9
248 8  9
8 249  10
249 250  10
250 251  10
251 252  10
252 253  10
253 254  10
254 255  10
255 256  10
256 257  10
257 258  10
258 9  10
9 259  11
259 10  11
10 260  12
260 261  12
261 262  12
262 263  12
263 264  12
264 265  12
265 266  12
266 267  12
267 268  12
268 269  12
269 270  12
270 7  12
8 271  13
271 11  13
11 272  14
272 273  14
273 274  14
274 275  14
275 276  14
276 277  14
277 278  14
278 12  14
9 279  15
279 280  15
280 281  15
281 282  15
282 283  15
283 12  15
13 284  16
284 14  16
14 285  17
285 13  17
15 286  18
286 287  18
287 288  18
288 289  18
289 290  18
290 16  18
16 291  19
291 292  19
292 293  19
293 294  19
294 295  19
295 296  19
296 14  19
13 297  20
297 17  20
15 298  21
298 299  21
299 300  21
300 301  21
301 302  21
302 303  21
303 304  21
304 305  21
305 306  21
306 307  21
307 308  21
308 17  21
17 309  22
309 18  22
18 310  23
310 311  23
311 312  23
312 313  23
313 314  23
314 315  23
315 316  23
316 317  23
317 318  23
318 319  23
319 19  23
19 320  24
320 15  24
18 321  25
321 20  25
20 322  26
322 323  26
323 324  26
324 325  26
325 326  26
326 327  26
327 328  26
328 21  26
19 329  27
329 330  27
330 331  27
331 332  27
332 333  27
333 21  27
22 334  28
334 23  28
23 335  29
335 22  29
24 336  30
336 337  30
337 338  30
338 339  30
339 340  30
340 25  30
25 341  31
341 342  31
342 343  31
343 344  31
344 345  31
345 346  31
346 23  31
22 347  32
347 26  32
24 348  33
348 349  33
349 350  33
350 351  33
351 352  33
352 353  33
353 354  33
354 355  33
355 356  33
356 357  33
357 358  33
358 26  33
26 359  34
359 27  34
27 360  35
360 361  35
361 362  35
362 363  35
363 364  35
364 365  35
365 366  35
366 367  35
367 368  35
368 369  35
369 28  35
28 370  36
370 24  36
27 371  37
371 29  37
29 372  38
372 373  38
373 374  38
374 375  38
375 376  38
376 377  38
377 378  38
378 30  38
28 379  39
379 380  39
380 381  39
381 382  39
382 383  39
383 30  39
31 384  40
384 32  40
32 385  41
385 31  41
33 386  42
386 387  42
387 388  42
388 389  42
389 390  42
390 34  42
34 391  43
391 392  43
392 393  43
393 394  43
394 395  43
395 396  43
396 32  43
31 397  44
397 35  44
33 398  45
398 399  45
399 400  45
400 401  45
401 402  45
402 403  45
403 404  45
404 405  45
405 406  45
406 407  45
407 408  45
408 35  45
35 409  46
409 36  46
36 410  47
410 411  47
411 412  47
412 413  47
413 414  47
414 415  47
415 416  47
416 417  47
417 418  47
418 419  47
419 37  47
37 420  48
420 33  48
36 421  49
421 38  49
38 422  50
422 423  50
423 424  50
424 425  50
425 426  50
426 427  50
427 428  50
428 39  50
37 429  51
429 430  51
430 431  51
431 432  51
432 433  51
433 39  51
40 434  52
434 41  52
41 435  53
435 40  53
42 436  54
436 437  54
437 438  54
438 439  54
439 440  54
440 43  54
43 441  55
441 442  55
442 443  55
443 44  55
44 444  56
444 445  56
445 41  56
40 446  57
446 45  57
42 447  58
447 448  58
448 449  58
449 450  58
450 451  58
451 452  58
452 453  58
453 454  58
454 455  58
455 456  58
456 457  58
457 45  58
45 458  59
458 46  59
46 459  60
459 460  60
460 461  60
461 462  60
462 463  60
463 464  60
464 465  60
465 466  60
466 467  60
467 468  60
468 47  60
47 469  61
469 42  61
46 470  62
470 48  62
48 471  63
471 472  63
472 473  63
473 474  63
474 475  63
475 476  63
476 477  63
477 49  63
47 478  64
478 479  64
479 480  64
480 481  64
481 482  64
482 49  64
50 483  65
483 51  65
51 484  66
484 50  66
52 485  67
485 486  67
486 487  67
487 488  67
488 489  67
489 53  67
53 490  68
490 491  68
491 492  68
492 493  68
493 494  68
494 495  68
495 51  68
50 496  69
496 54  69
52 497  70
497 498  70
498 499  70
499 500  70
500 501  70
501 502  70
502 503  70
503 504  70
504 505  70
505 506  70
506 507  70
507 54  70
54 508  71
508 55  71
55 509  72
509 510  72
510 511  72
511 512  72
512 513  72
513 514  72
514 515  72
515 516  72
516 517  72
517 518  72
518 56  72
56 519  73
519 52  73
55 520  74
520 57  74
57 521  75
521 522  75
522 523  75
523 524  75
524 525  75
525 526  75
526 527  75
527 58  75
56 528  76
528 529  76
529 530  76
530 531  76
531 532  76
532 58  76
59 533  77
533 60  77
60 534  78
534 59  78
61 535  79
535 536  79
536 537  79
537 538  79
538 539  79
539 62  79
62 540  80
540 541  80
541 542  80
542 543  80
543 544  80
544 545  80
545 60  80
59 546  81
546 63  81
61 547  82
547 548  82
548 549  82
549 550  82
550 551  82
551 552  82
552 553  82
553 554  82
554 555  82
555 556  82
556 557  82
557 63  82
63 558  83
558 64  83
64 559  84
559 560  84
560 561  84
561 562  84
562 563  84
563 564  84
564 565  84
565 566  84
566 567  84
567 568  84
568 65  84
65 569  85
569 61  85
64 570  86
570 66  86
66 571  87
571 572  87
572 573  87
573 574  87
574 575  87
575 576  87
576 577  87
577 67  87
65 578  88
578 579  88
579 580  88
580 581  88
581 582  88
582 67  88
68 583  89
583 69  89
69 584  90
584 68  90
70 585  91
585 586  91
586 587  91
587 588  91
588 589  91
589 71  91
71 590  92
590 591  92
591 592  92
592 593  92
593 594  92
594 595  92
595 69  92
68 596  93
596 72  93
70 597  94
597 598  94
598 599  94
599 600  94
600 601  94
601 602  94
602 603  94
603 604  94
604 605  94
605 606  94
606 607  94
607 72  94
72 608  95
608 73  95
73 609  96
609 610  96
610 611  96
611 612  96
612 613  96
613 614  96
614 615  96
615 616  96
616 617  96
617 618  96
618 74  96
74 619  97
619 70  97
73 620  98
620 75  98
75 621  99
621 622  99
622 623  99
623 624  99
624 625  99
625 626  99
626 627  99
627 76  99
74 628  100
628 629  100
629 630  100
630 631  100
631 632  100
632 76  100
77 633  101
633 634  101
634 75  101
77 635  102
635 7  102
13 636  103
636 637  103
637 11  103
22 638  104
638 639  104
639 20  104
31 640  105
640 641  105
641 29  105
40 642  106
642 643  106
643 38  106
50 644  107
644 645  107
645 48  107
59 646  108
646 647  108
647 57  108
68 648  109
648 649  109
649 66  109
77 650  110
650 78  110
78 651  111
651 77  111
10 652  112
652 653  112
653 654  112
654 655  112
655 656  112
656 79  112
79 657  113
657 658  113
658 659  113
659 80  113
80 660  114
660 661  114
661 78  114
81 662  115
662 663  115
663 664  115
664 665  115
665 666  115
666 667  115
667 668  115
668 669  115
669 670  115
670 671  115
671 672  115
672 673  115
673 674  115
674 675  115
675 676  115
676 677  115
677 678  115
678 82  115
81 679  116
679 680  116
680 681  116
681 6  116
5 682  117
682 683  117
683 684  117
684 82  117
82 685  118
685 686  118
686 687  118
687 688  118
688 689  118
689 690  118
690 691  118
691 692  118
692 693  118
693 694  118
694 695  118
695 696  118
696 697  118
697 698  118
698 699  118
699 700  118
700 701  118
701 81  118
79 702  119
702 83  119
83 703  120
703 704  120
704 705  120
705 706  120
706 707  120
707 80  120
12 708  121
708 79  121
16 709  122
709 710  122
710 711  122
711 12  122
21 712  123
712 16  123
25 713  124
713 714  124
714 715  124
715 21  124
30 716  125
716 25  125
34 717  126
717 718  126
718 719  126
719 30  126
39 720  127
720 34  127
84 721  128
721 722  128
722 723  128
723 39  128
44 724  129
724 725  129
725 726  129
726 727  129
727 728  129
728 84  129
43 729  130
729 84  130
49 730  131
730 43  131
53 731  132
731 732  132
732 733  132
733 49  132
58 734  133
734 53  133
62 735  134
735 736  134
736 737  134
737 58  134
67 738  135
738 62  135
71 739  136
739 740  136
740 741  136
741 67  136
76 742  137
742 71  137
83 743  138
743 744  138
744 76  138
85 745  139
745 746  139
746 747  139
747 86  139
87 748  140
748 749  140
749 750  140
750 86  140
87 751  141
751 85  141
88 752  142
752 753  142
753 89  142
89 754  143
754 90  143
90 755  144
755 88  144
91 756  145
756 757  145
757 758  145
758 92  145
93 759  146
759 760  146
760 761  146
761 92  146
93 762  147
762 91  147
94 763  148
763 764  148
764 95  148
95 765  149
765 96  149
96 766  150
766 94  150
97 767  151
767 768  151
768 769  151
769 98  151
99 770  152
770 771  152
771 772  152
772 98  152
99 773  153
773 97  153
100 774  154
774 775  154
775 101  154
101 776  155
776 102  155
102 777  156
777 100  156
103 778  157
778 779  157
779 780  157
780 104  157
105 781  158
781 782  158
782 783  158
783 104  158
105 784  159
784 103  159
106 785  160
785 786  160
786 107  160
107 787  161
787 108  161
108 788  162
788 106  162
109 789  163
789 790  163
790 791  163
791 110  163
111 792  164
792 793  164
793 794  164
794 110  164
111 795  165
795 109  165
112 796  166
796 797  166
797 113  166
113 798  167
798 114  167
114 799  168
799 112  168
115 800  169
800 801  169
801 802  169
802 116  169
117 803  170
803 804  170
804 805  170
805 116  170
117 806  171
806 115  171
118 807  172
807 808  172
808 119  172
119 809  173
809 120  173
120 810  174
810 118  174
121 811  175
811 812  175
812 813  175
813 122  175
123 814  176
814 815  176
815 816  176
816 122  176
123 817  177
817 121  177
124 818  178
818 819  178
819 125  178
125 820  179
820 126  179
126 821  180
821 124  180
127 822  181
822 823  181
823 824  181
824 128  181
129 825  182
825 826  182
826 827  182
827 128  182
129 828  183
828 127  183
85 829  184
829 830  184
830 831  184
831 832  184
832 833  184
833 834  184
834 835  184
835 836  184
836 837  184
837 838  184
838 839  184
839 840  184
840 90  184
88 841  185
841 93  185
91 842  186
842 843  186
843 844  186
844 845  186
845 846  186
846 847  186
847 848  186
848 849  186
849 850  186
850 851  186
851 852  186
852 853  186
853 96  186
94 854  187
854 99  187
97 855  188
855 856  188
856 857  188
857 858  188
858 859  188
859 860  188
860 861  188
861 862  188
862 863  188
863 864  188
864 865  188
865 866  188
866 102  188
100 867  189
867 105  189
103 868  190
868 869  190
869 870  190
870 871  190
871 872  190
872 873  190
873 874  190
874 875  190
875 876  190
876 877  190
877 878  190
878 879  190
879 108  190
106 880  191
880 111  191
109 881  192
881 882  192
882 883  192
883 884  192
884 885  192
885 886  192
886 887  192
887 888  192
888 889  192
889 890  192
890 891  192
891 892  192
892 114  192
112 893  193
893 117  193
115 894  194
894 895  194
895 896  194
896 897  194
897 898  194
898 899  194
899 900  194
900 901  194
901 902  194
902 903  194
903 904  194
904 905  194
905 120  194
118 906  195
906 123  195
121 907  196
907 908  196
908 909  196
909 910  196
910 911  196
911 912  196
912 913  196
913 914  196
914 915  196
915 916  196
916 917  196
917 918  196
918 126  196
124 919  197
919 129  197
127 920  198
920 921  198
921 922  198
922 923  198
923 924  198
924 925  198
925 926  198
926 927  198
927 928  198
928 929  198
929 930  198
930 931  198
931 130  198
130 932  199
932 131  199
131 933  200
933 87  200
131 934  201
934 935  201
935 132  201
132 936  202
936 130  202
83 133  203
134 937  204
937 938  204
938 939  204
939 940  204
940 941  204
941 942  204
942 943  204
943 944  204
944 945  204
945 946  204
946 947  204
947 948  204
948 949  204
949 950  204
950 951  204
951 952  204
952 953  204
953 954  204
954 955  204
955 956  204
956 957  204
957 958  204
958 959  204
959 960  204
960 961  204
961 962  204
962 963  204
963 964  204
964 965  204
965 966  204
966 967  204
967 133  204
134 84  205
133 968  206
968 969  206
969 970  206
970 971  206
971 972  206
972 973  206
973 974  206
974 975  206
975 976  206
976 977  206
977 978  206
978 979  206
979 980  206
980 981  206
981 982  206
982 983  206
983 984  206
984 985  206
985 986  206
986 987  206
987 988  206
988 989  206
989 990  206
990 991  206
991 992  206
992 993  206
993 994  206
994 995  206
995 996  206
996 997  206
997 998  206
998 134  206
132 86  207
86 999  208
999 1000  208
1000 1001  208
1001 89  208
89 92  209
92 1002  210
1002 1003  210
1003 1004  210
1004 95  210
95 98  211
98 1005  212
1005 1006  212
1006 1007  212
1007 101  212
101 104  213
104 1008  214
1008 1009  214
1009 1010  214
1010 107  214
107 110  215
110 1011  216
1011 1012  216
1012 1013  216
1013 113  216
113 116  217
116 1014  218
1014 1015  218
1015 1016  218
1016 119  218
119 122  219
122 1017  220
1017 1018  220
1018 1019  220
1019 125  220
125 128  221
128 1020  222
1020 1021  222
1021 1022  222
1022 132  222
135 1023  223
1023 1024  223
1024 1025  223
1025 1026  223
1026 1027  223
1027 1028  223
1028 1029  223
1029 1030  223
1030 1031  223
1031 1032  223
1032 1033  223
1033 1034  223
1034 1035  223
1035 1036  223
1036 1037  223
1037 1038  223
1038 1039  223
1039 136  223
136 1040  224
1040 1041  224
1041 1042  224
1042 1043  224
1043 1044  224
1044 1045  224
1045 1046  224
1046 1047  224
1047 1048  224
1048 1049  224
1049 1050  224
1050 1051  224
1051 1052  224
1052 1053  224
1053 1054  224
1054 1055  224
1055 1056  224
1056 135  224
137 1057  225
1057 1058  225
1058 1059  225
1059 1060  225
1060 1061  225
1061 1062  225
1062 1063  225
1063 1064  225
1064 1065  225
1065 1066  225
1066 1067  225
1067 1068  225
1068 1069  225
1069 138  225
138 1070  226
1070 1071  226
1071 1072  226
1072 1073  226
1073 1074  226
1074 1075  226
1075 1076  226
1076 1077  226
1077 1078  226
1078 1079  226
1079 1080  226
1080 1081  226
1081 1082  226
1082 1083  226
1083 1084  226
1084 1085  226
1085 1086  226
1086 139  226
139 1087  227
1087 1088  227
1088 1089  227
1089 137  227
136 138  228
139 135  229
End
