MeshVersionFormatted 1

Dimension
3

Vertices
5037
112.5  -12.5  10  0
112.5  -12.5  17.5  0
112.5  -37.5  17.5  0
112.5  -37.5  10  0
131.338834764832  58.838834764831802  21  0
122.5  37.5  21  0
122.5  37.5  17.5  0
131.338834764832  58.838834764831802  17.5  0
112.5  12.5  17.5  0
112.5  12.5  10  0
112.5  37.5  10  0
112.5  37.5  17.5  0
131.338834764832  8.8388347648318408  17.5  0
122.5  12.5  17.5  0
122.5  12.5  18.5  0
131.338834764832  8.8388347648318408  18.5  0
122.5  -12.5  18.5  0
122.5  -12.5  17.5  0
131.338834764832  -41.161165235168198  17.5  0
122.5  -37.5  17.5  0
122.5  -37.5  21  0
131.338834764832  -41.161165235168198  21  0
87.5  12.5  18.5  0
87.5  -12.5  18.5  0
87.5  12.5  10  0
87.5  37.5  10  0
87.5  37.5  21  0
87.5  -37.5  10  0
87.5  -37.5  21  0
87.5  -12.5  10  0
87.5  57.5  21  0
86.456439237389603  62.5  21  0
122.5  62.5  21  0
122.5  62.5  17.5  0
113.54356076261  62.5  17.5  0
116.161165235168  66.338834764831802  17.5  0
137.5  57.5  17.5  0
137.5  -57.5  17.5  0
116.161165235168  -66.338834764831802  17.5  0
113.54356076261  -62.5  17.5  0
122.5  -62.5  17.5  0
122.5  -62.5  21  0
87.5  -57.5  21  0
86.456439237389603  -62.5  21  0
-112.5  -57.5  22.5  0
-133.838834764832  -66.338834764831802  22.5  0
-137.5  -57.5  22.5  0
-137.5  57.5  22.5  0
-133.838834764832  66.338834764831802  22.5  0
-112.5  57.5  22.5  0
36.456439237389603  62.5  17.5  0
13.543560762610401  62.5  17.5  0
16.161165235168198  66.338834764831802  17.5  0
-63.543560762610397  62.5  17.5  0
-86.456439237389603  62.5  17.5  0
-83.838834764831802  66.338834764831802  17.5  0
-62.5  12.5  10  0
-62.5  12.5  17.5  0
-62.5  37.5  17.5  0
-62.5  37.5  10  0
-87.5  12.5  17.5  0
-87.5  37.5  17.5  0
-87.5  12.5  10  0
-87.5  37.5  10  0
-112.5  12.5  10  0
-112.5  37.5  10  0
-112.5  -12.5  10  0
-87.5  -12.5  10  0
-87.5  -37.5  10  0
-112.5  -37.5  10  0
-87.5  -12.5  17.5  0
-87.5  -37.5  17.5  0
-62.5  -12.5  17.5  0
-62.5  -37.5  17.5  0
-62.5  -12.5  10  0
-62.5  -37.5  10  0
-112.5  -12.5  18.5  0
-112.5  -37.5  21  0
-112.5  -57.5  21  0
-112.5  57.5  21  0
-112.5  37.5  21  0
-112.5  12.5  18.5  0
-86.456439237389603  -62.5  17.5  0
-63.543560762610397  -62.5  17.5  0
-83.838834764831802  -66.338834764831802  17.5  0
13.543560762610401  -62.5  17.5  0
36.456439237389603  -62.5  17.5  0
16.161165235168198  -66.338834764831802  17.5  0
87.5  -57.5  22.5  0
87.5  57.5  22.5  0
66.161165235168198  66.338834764831802  22.5  0
86.456439237389603  62.5  10  0
66.161165235168198  66.338834764831802  10  0
113.54356076261  62.5  10  0
116.161165235168  66.338834764831802  10  0
137.5  57.5  10  0
137.5  -57.5  10  0
116.161165235168  -66.338834764831802  10  0
113.54356076261  -62.5  10  0
86.456439237389603  -62.5  10  0
66.161165235168198  -66.338834764831802  10  0
66.161165235168198  -66.338834764831802  22.5  0
16.161165235168198  -66.338834764831802  10  0
36.456439237389603  -62.5  10  0
13.543560762610401  -62.5  10  0
-83.838834764831802  -66.338834764831802  10  0
-63.543560762610397  -62.5  10  0
-86.456439237389603  -62.5  10  0
-133.838834764832  -66.338834764831802  10  0
-113.54356076261  -62.5  10  0
-113.54356076261  -62.5  21  0
-137.5  -57.5  10  0
-137.5  57.5  10  0
-133.838834764832  66.338834764831802  10  0
-113.54356076261  62.5  21  0
-113.54356076261  62.5  10  0
-83.838834764831802  66.338834764831802  10  0
-86.456439237389603  62.5  10  0
-63.543560762610397  62.5  10  0
16.161165235168198  66.338834764831802  10  0
13.543560762610401  62.5  10  0
36.456439237389603  62.5  10  0
63.543560762610397  62.5  21  0
63.543560762610397  62.5  10  0
-13.543560762610401  62.5  21  0
-13.543560762610401  62.5  10  0
-36.456439237389603  62.5  21  0
-36.456439237389603  62.5  10  0
-37.5  -12.5  10  0
-37.5  -37.5  10  0
-37.5  -37.5  21  0
-37.5  37.5  21  0
-37.5  57.5  21  0
-37.5  37.5  10  0
-37.5  12.5  10  0
-37.5  12.5  18.5  0
-37.5  -12.5  18.5  0
-36.456439237389603  -62.5  21  0
-37.5  -57.5  21  0
-36.456439237389603  -62.5  10  0
63.543560762610397  -62.5  10  0
63.543560762610397  -62.5  21  0
-13.543560762610401  -62.5  10  0
-13.543560762610401  -62.5  21  0
62.5  -57.5  22.5  0
62.5  -57.5  21  0
62.5  57.5  22.5  0
62.5  57.5  21  0
150  75  -50  0
-150  75  -50  0
-150  100  -50  0
150  100  -50  0
150  100  -10  0
-150  100  -10  0
-100  -130  -10  0
-100  -150  -10  0
-110  -150  -10  0
-138.28427124746199  -138.28427124746199  -10  0
-150  -110  -10  0
-150  -100  -10  0
150  -100  -10  0
150  -110  -10  0
138.28427124746199  -138.28427124746199  -10  0
110  -150  -10  0
100  -150  -10  0
100  -130  -10  0
92.5  -130  -10  0
92.5  -120  -10  0
82.5  -120  -10  0
82.5  -130  -10  0
75  -130  -10  0
75  -150  -10  0
65  -150  -10  0
65  -130  -10  0
57.5  -130  -10  0
57.5  -120  -10  0
47.5  -120  -10  0
47.5  -130  -10  0
40  -130  -10  0
40  -150  -10  0
30  -150  -10  0
30  -130  -10  0
22.5  -130  -10  0
22.5  -120  -10  0
12.5  -120  -10  0
12.5  -130  -10  0
5  -130  -10  0
5  -150  -10  0
-5  -150  -10  0
-5  -130  -10  0
-12.5  -130  -10  0
-12.5  -120  -10  0
-22.5  -120  -10  0
-22.5  -130  -10  0
-30  -130  -10  0
-30  -150  -10  0
-40  -150  -10  0
-40  -130  -10  0
-47.5  -130  -10  0
-47.5  -120  -10  0
-57.5  -120  -10  0
-57.5  -130  -10  0
-65  -130  -10  0
-65  -150  -10  0
-75  -150  -10  0
-75  -130  -10  0
-82.5  -130  -10  0
-82.5  -120  -10  0
-92.5  -120  -10  0
-92.5  -130  -10  0
150  -100  -50  0
-150  -100  -50  0
-150  -75  -50  0
150  -75  -50  0
-150  -75  10  0
150  -75  10  0
-150  75  10  0
150  75  10  0
-33.838834764831802  66.338834764831802  10  0
-33.838834764831802  -66.338834764831802  10  0
-100  150  -10  0
-100  130  -10  0
-92.5  130  -10  0
-92.5  120  -10  0
-82.5  120  -10  0
-82.5  130  -10  0
-75  130  -10  0
-75  150  -10  0
-65  150  -10  0
-65  130  -10  0
-57.5  130  -10  0
-57.5  120  -10  0
-47.5  120  -10  0
-47.5  130  -10  0
-40  130  -10  0
-40  150  -10  0
-30  150  -10  0
-30  130  -10  0
-22.5  130  -10  0
-22.5  120  -10  0
-12.5  120  -10  0
-12.5  130  -10  0
-5  130  -10  0
-5  150  -10  0
5  150  -10  0
5  130  -10  0
12.5  130  -10  0
12.5  120  -10  0
22.5  120  -10  0
22.5  130  -10  0
30  130  -10  0
30  150  -10  0
40  150  -10  0
40  130  -10  0
47.5  130  -10  0
47.5  120  -10  0
57.5  120  -10  0
57.5  130  -10  0
65  130  -10  0
65  150  -10  0
75  150  -10  0
75  130  -10  0
82.5  130  -10  0
82.5  120  -10  0
92.5  120  -10  0
92.5  130  -10  0
100  130  -10  0
100  150  -10  0
110  150  -10  0
138.28427124746199  138.28427124746199  -10  0
150  110  -10  0
-150  110  -10  0
-138.28427124746199  138.28427124746199  -10  0
-110  150  -10  0
62.5  12.5  10  0
37.5  12.5  10  0
37.5  37.5  10  0
62.5  37.5  10  0
37.5  12.5  17.5  0
37.5  37.5  17.5  0
62.5  37.5  21  0
-12.5  37.5  21  0
-12.5  57.5  21  0
12.5  37.5  17.5  0
12.5  37.5  10  0
-12.5  37.5  10  0
-33.838834764831802  66.338834764831802  22.5  0
-12.5  57.5  22.5  0
-37.5  57.5  22.5  0
-37.5  -57.5  22.5  0
-33.838834764831802  -66.338834764831802  22.5  0
-12.5  -57.5  21  0
-12.5  -57.5  22.5  0
-12.5  -37.5  21  0
62.5  -37.5  21  0
62.5  -37.5  10  0
-12.5  -37.5  10  0
12.5  -37.5  10  0
12.5  -37.5  17.5  0
37.5  -37.5  17.5  0
37.5  -37.5  10  0
37.5  -12.5  17.5  0
37.5  -12.5  10  0
62.5  -12.5  10  0
62.5  -12.5  18.5  0
62.5  12.5  18.5  0
-92.5  130  50  0
-100  130  50  0
-92.5  120  50  0
-82.5  120  50  0
-82.5  130  50  0
-75  130  50  0
-75  150  50  0
-65  150  50  0
-65  130  50  0
-57.5  130  50  0
-57.5  120  50  0
-47.5  120  50  0
-47.5  130  50  0
-40  130  50  0
-40  150  50  0
-30  150  50  0
-30  130  50  0
-22.5  130  50  0
-22.5  120  50  0
-12.5  120  50  0
-12.5  130  50  0
-5  130  50  0
-5  150  50  0
5  150  50  0
5  130  50  0
12.5  130  50  0
12.5  120  50  0
22.5  120  50  0
22.5  130  50  0
30  130  50  0
30  150  50  0
40  150  50  0
40  130  50  0
47.5  130  50  0
47.5  120  50  0
57.5  120  50  0
57.5  130  50  0
65  130  50  0
65  150  50  0
75  150  50  0
75  130  50  0
82.5  130  50  0
82.5  120  50  0
92.5  120  50  0
92.5  130  50  0
100  130  50  0
100  150  50  0
110  150  50  0
138.28427124746199  138.28427124746199  50  0
150  110  50  0
150  -110  50  0
138.28427124746199  -138.28427124746199  50  0
110  -150  50  0
100  -150  50  0
100  -130  50  0
92.5  -130  50  0
92.5  -120  50  0
82.5  -120  50  0
82.5  -130  50  0
75  -130  50  0
75  -150  50  0
65  -150  50  0
65  -130  50  0
57.5  -130  50  0
57.5  -120  50  0
47.5  -120  50  0
47.5  -130  50  0
40  -130  50  0
40  -150  50  0
30  -150  50  0
30  -130  50  0
22.5  -130  50  0
22.5  -120  50  0
12.5  -120  50  0
12.5  -130  50  0
5  -130  50  0
5  -150  50  0
-5  -150  50  0
-5  -130  50  0
-12.5  -130  50  0
-12.5  -120  50  0
-22.5  -120  50  0
-22.5  -130  50  0
-30  -130  50  0
-30  -150  50  0
-40  -150  50  0
-40  -130  50  0
-47.5  -130  50  0
-47.5  -120  50  0
-57.5  -120  50  0
-57.5  -130  50  0
-65  -130  50  0
-65  -150  50  0
-75  -150  50  0
-75  -130  50  0
-82.5  -130  50  0
-82.5  -120  50  0
-92.5  -120  50  0
-92.5  -130  50  0
-100  -130  50  0
-100  -150  50  0
-110  -150  50  0
-138.28427124746199  -138.28427124746199  50  0
-150  -110  50  0
-150  110  50  0
-138.28427124746199  138.28427124746199  50  0
-110  150  50  0
-100  150  50  0
21.650635094611001  12.5  17.5  0
21.650635094611001  12.5  18.5  0
12.5  21.650635094611001  17.5  0
12.5  21.650635094611001  10  0
-12.5  21.650635094611001  10  0
-12.5  21.650635094611001  22.5  0
-12.5  -21.650635094611001  22.5  0
-25  3.06151588455594e-15  22.5  0
-12.5  -21.650635094611001  10  0
12.5  -21.650635094611001  10  0
12.5  -21.650635094611001  17.5  0
21.650635094611001  -12.5  17.5  0
21.650635094611001  -12.5  18.5  0
25  -3.06151588455594e-15  18.5  0
22.980970388563101  -22.980970388562501  30  0
30.052038200428601  -30.052038200427901  30  0
26.516504294495899  -26.516504294495199  25  0
-22.980970388562898  22.980970388562699  30  0
-30.052038200428399  30.0520382004281  30  0
-26.5165042944957  26.516504294495402  25  0
-22.9809703885626  -22.980970388563001  30  0
-30.052038200428001  -30.052038200428498  30  0
-26.516504294495299  -26.5165042944958  25  0
22.980970388562799  22.980970388562898  30  0
30.0520382004282  30.052038200428299  30  0
26.516504294495501  26.516504294495601  25  0
3.4614401511991998e-13  -32.5  30  0
4.4764192352886302e-13  -42.5  30  0
3.97903932025656e-13  -37.5  25  0
-1.11052588919514e-13  32.5  30  0
-1.4210854715202001e-13  42.5  30  0
-1.2789769243681801e-13  37.5  25  0
-32.5  -2.27558590201715e-13  30  0
-42.5  -2.9677591380166602e-13  30  0
-37.5  -2.6186110041323501e-13  25  0
32.5  6.1230317691118902e-16  30  0
42.5  0  30  0
37.5  0  25  0
-94.185813202937794  -33.601080210334203  80  0
-71.050230708027598  -24.018008167540799  80  0
-74.833147735478803  -5.0000000000002602  80  0
-99.874921777190906  -5.0000000000003499  80  0
-74.157768365060093  -67.0867005531953  80  0
-56.4505601272243  -49.3794923153594  80  0
-67.223396384376699  -33.256803492653603  80  0
-90.358978879286795  -42.839875535447099  80  0
-42.839875535446097  -90.358978879287307  80  0
-33.256803492652899  -67.223396384376997  80  0
-49.379492315358803  -56.450560127224797  80  0
-67.086700553194603  -74.157768365060804  80  0
-5  -99.874921777190906  80  0
-5  -74.833147735478803  80  0
-24.01800816754  -71.050230708027797  80  0
-33.601080210333301  -94.185813202938107  80  0
33.601080210333897  -94.185813202937894  80  0
24.018008167540501  -71.050230708027698  80  0
5  -74.833147735478803  80  0
5  -99.874921777190906  80  0
67.086700553195001  -74.157768365060306  80  0
49.379492315359201  -56.450560127224499  80  0
33.256803492653397  -67.223396384376798  80  0
42.839875535446801  -90.358978879286994  80  0
90.358978879287093  -42.839875535446502  80  0
67.223396384376898  -33.256803492653098  80  0
56.450560127224598  -49.379492315359002  80  0
74.157768365060505  -67.086700553194802  80  0
99.874921777190906  -4.9999999999996501  80  0
74.833147735478803  -4.9999999999997398  80  0
71.050230708027797  -24.018008167540302  80  0
94.185813202937993  -33.601080210333599  80  0
67.223396384376699  33.256803492653603  80  0
90.358978879286795  42.839875535447099  80  0
74.157768365060093  67.0867005531953  80  0
56.4505601272243  49.3794923153594  80  0
49.379492315358803  56.450560127224797  80  0
67.086700553194603  74.157768365060804  80  0
42.839875535446097  90.358978879287307  80  0
33.256803492652899  67.223396384376997  80  0
24.01800816754  71.050230708027797  80  0
33.601080210333301  94.185813202938107  80  0
5  99.874921777190906  80  0
5  74.833147735478803  80  0
-5  74.833147735478803  80  0
-5  99.874921777190906  80  0
-33.601080210333897  94.185813202937894  80  0
-24.018008167540501  71.050230708027698  80  0
-33.256803492653397  67.223396384376798  80  0
-42.839875535446801  90.358978879286994  80  0
-67.086700553195001  74.157768365060306  80  0
-49.379492315359201  56.450560127224499  80  0
-56.450560127224598  49.379492315359002  80  0
-74.157768365060505  67.086700553194802  80  0
-90.358978879287093  42.839875535446502  80  0
-67.223396384376898  33.256803492653098  80  0
-71.050230708027797  24.018008167540302  80  0
-94.185813202937993  33.601080210333599  80  0
-99.874921777190906  4.9999999999996501  80  0
-74.833147735478803  4.9999999999997398  80  0
100  0  50  0
-100  1.2246063538223799e-14  50  0
74.833147735478803  5.0000000000002602  80  0
99.874921777190906  5.0000000000003499  80  0
94.185813202937794  33.601080210334203  80  0
71.050230708027598  24.018008167540799  80  0
-25  3.06151588455594e-15  100  0
25  0  100  0
22.980970388563101  -22.980970388562501  100  0
30.052038200428601  -30.052038200427901  100  0
-22.980970388562898  22.980970388562699  100  0
-30.052038200428399  30.0520382004281  100  0
-22.9809703885626  -22.980970388563001  100  0
-30.052038200428001  -30.052038200428498  100  0
22.980970388562799  22.980970388562898  100  0
30.0520382004282  30.052038200428299  100  0
3.4614401511991998e-13  -32.5  100  0
4.4764192352886302e-13  -42.5  100  0
-1.11052588919513e-13  32.5  100  0
-1.4210854715202001e-13  42.5  100  0
-32.5  -2.27558590201715e-13  100  0
-42.5  -2.9677591380166602e-13  100  0
32.5  6.1230317691118902e-16  100  0
42.5  0  100  0
99.874921777190906  5.0000000000003499  65  0
74.833147735478803  5.0000000000002602  65  0
99.874921777190906  -4.9999999999996501  65  0
74.833147735478803  -4.9999999999997398  65  0
71.050230708027797  -24.018008167540302  65  0
94.185813202937993  -33.601080210333599  65  0
90.358978879287093  -42.839875535446502  65  0
67.223396384376898  -33.256803492653098  65  0
56.450560127224598  -49.379492315359002  65  0
74.157768365060505  -67.086700553194802  65  0
67.086700553195001  -74.157768365060306  65  0
49.379492315359201  -56.450560127224499  65  0
33.256803492653397  -67.223396384376798  65  0
42.839875535446801  -90.358978879286994  65  0
33.601080210333897  -94.185813202937894  65  0
24.018008167540501  -71.050230708027698  65  0
5  -74.833147735478803  65  0
5  -99.874921777190906  65  0
-5  -99.874921777190906  65  0
-5  -74.833147735478803  65  0
-24.01800816754  -71.050230708027797  65  0
-33.601080210333301  -94.185813202938107  65  0
-42.839875535446097  -90.358978879287307  65  0
-33.256803492652899  -67.223396384376997  65  0
-49.379492315358803  -56.450560127224797  65  0
-67.086700553194603  -74.157768365060804  65  0
-74.157768365060093  -67.0867005531953  65  0
-56.4505601272243  -49.3794923153594  65  0
-67.223396384376699  -33.256803492653603  65  0
-90.358978879286795  -42.839875535447099  65  0
-94.185813202937794  -33.601080210334203  65  0
-71.050230708027598  -24.018008167540799  65  0
-74.833147735478803  -5.0000000000002602  65  0
-99.874921777190906  -5.0000000000003499  65  0
100  3.4914813388431298e-13  65  0
92.387953251128806  -38.268343236508699  65  0
70.710678118654897  -70.710678118654599  65  0
38.268343236509097  -92.387953251128593  65  0
0  -100  65  0
-38.2683432365084  -92.387953251128906  65  0
-70.7106781186544  -70.710678118655096  65  0
-92.387953251128494  -38.268343236509402  65  0
-100  -3.4914813388431298e-13  65  0
-74.833147735478803  4.9999999999997398  65  0
-99.874921777190906  4.9999999999996501  65  0
-71.050230708027797  24.018008167540302  65  0
-94.185813202937993  33.601080210333599  65  0
-90.358978879287093  42.839875535446502  65  0
-67.223396384376898  33.256803492653098  65  0
-56.450560127224598  49.379492315359002  65  0
-74.157768365060505  67.086700553194802  65  0
-67.086700553195001  74.157768365060306  65  0
-49.379492315359201  56.450560127224499  65  0
-33.256803492653397  67.223396384376798  65  0
-42.839875535446801  90.358978879286994  65  0
-33.601080210333897  94.185813202937894  65  0
-24.018008167540501  71.050230708027698  65  0
-5  74.833147735478803  65  0
-5  99.874921777190906  65  0
5  99.874921777190906  65  0
5  74.833147735478803  65  0
24.01800816754  71.050230708027797  65  0
33.601080210333301  94.185813202938107  65  0
42.839875535446097  90.358978879287307  65  0
33.256803492652899  67.223396384376997  65  0
49.379492315358803  56.450560127224797  65  0
67.086700553194603  74.157768365060804  65  0
74.157768365060093  67.0867005531953  65  0
56.4505601272243  49.3794923153594  65  0
67.223396384376699  33.256803492653603  65  0
90.358978879286795  42.839875535447099  65  0
-92.387953251128806  38.268343236508699  65  0
-70.710678118654897  70.710678118654599  65  0
-38.268343236509097  92.387953251128593  65  0
0  100  65  0
38.2683432365084  92.387953251128906  65  0
70.7106781186544  70.710678118655096  65  0
92.387953251128494  38.268343236509402  65  0
94.185813202937794  33.601080210334203  65  0
71.050230708027598  24.018008167540799  65  0
50  0  100  0
-50  6.1230317691118902e-15  100  0
-50  -3.4914813388431298e-13  65  0
50  -6.1230317691118902e-15  65  0
112.5  -12.5  13.75  0
112.5  -18.75  17.5  0
112.5  -25  17.5  0
112.5  -31.25  17.5  0
112.5  -25  10  0
132.78729832367077  57.100809334139342  21  0
133.89874807490116  55.130160068159348  21  0
134.63677271782566  52.991445803594367  21  0
134.97719442779149  50.754731217778478  21  0
134.90886092622566  48.493291496808375  21  0
134.4340108313568  46.281211826809894  21  0
133.56820032066508  44.190960349452837  21  0
132.33979350761311  42.291014092143172  21  0
130.78903322800991  40.643615647861211  21  0
128.96672267722067  39.302734096231887  21  0
126.93256108803168  38.312296966432307  21  0
124.75318797267381  37.704751163160701  21  0
124.5938277913092  37.676612268522049  17.5  0
126.62848827443959  38.201458371145407  17.5  0
128.5464860888155  39.059707226140574  17.5  0
130.29362252323418  40.227106469149625  17.5  0
131.82052706103957  41.670667775599945  17.5  0
133.08405249035354  43.349599043558293  17.5  0
134.04849415639109  45.216457095436368  17.5  0
134.68659890227281  47.218488325546069  17.5  0
134.98033518772272  49.299119409535095  17.5  0
134.92140262366553  51.399555951291347  17.5  0
134.51146652431373  53.460443892810609  17.5  0
133.76211084878025  55.423546738969478  17.5  0
132.69451086199075  57.233391202247567  17.5  0
112.5  12.5  13.75  0
112.5  25  10  0
112.5  29.166666666666664  17.5  0
112.5  20.833333333333332  17.5  0
129.84731565365593  10.112712429686844  17.5  0
128.17488124674435  11.137581552354598  17.5  0
126.36271242968684  11.888206453689421  17.5  0
124.45543081300289  12.346104257439222  17.5  0
124.45543081300291  12.346104257439219  18.5  0
126.36271242968688  11.888206453689408  18.5  0
128.17488124674441  11.13758155235457  18.5  0
129.84731565365598  10.112712429686793  18.5  0
132.78729832367077  7.1008093341393668  18.5  0
133.89874807490116  5.1301600681593804  18.5  0
134.63677271782566  2.9914458035943969  18.5  0
134.97719442779146  0.75473121777849761  18.5  0
134.90886092622566  -1.5067085031916068  18.5  0
134.4340108313568  -3.7187881731900925  18.5  0
133.56820032066511  -5.809039650547148  18.5  0
132.33979350761311  -7.7089859078568175  18.5  0
130.78903322800991  -9.3563843521387824  18.5  0
128.96672267722067  -10.697265903768109  18.5  0
126.93256108803168  -11.687703033567692  18.5  0
124.75318797267381  -12.295248836839297  18.5  0
124.5938277913092  -12.323387731477951  17.5  0
126.62848827443959  -11.798541628854597  17.5  0
128.5464860888155  -10.940292773859426  17.5  0
130.29362252323418  -9.7728935308503733  17.5  0
131.82052706103957  -8.3293322244000567  17.5  0
133.08405249035354  -6.6504009564417093  17.5  0
134.04849415639109  -4.7835429045636291  17.5  0
134.68659890227281  -2.7815116744539332  17.5  0
134.98033518772272  -0.70088059046490436  17.5  0
134.92140262366553  1.3995559512913458  17.5  0
134.51146652431373  3.4604438928106096  17.5  0
133.76211084878025  5.423546738969474  17.5  0
132.69451086199075  7.2333912022475655  17.5  0
129.84731565365593  -39.887287570313156  17.5  0
128.17488124674435  -38.862418447645403  17.5  0
126.36271242968684  -38.111793546310579  17.5  0
124.45543081300289  -37.653895742560778  17.5  0
124.45543081300292  -37.653895742560785  21  0
126.36271242968689  -38.111793546310594  21  0
128.17488124674441  -38.862418447645439  21  0
129.84731565365601  -39.887287570313219  21  0
87.5  6.25  18.5  0
87.5  0  18.5  0
87.5  -6.25  18.5  0
110.83333333333333  12.5  18.5  0
99.166666666666671  12.5  18.5  0
99.166666666666671  -12.5  18.5  0
110.83333333333333  -12.5  18.5  0
104.16666666666667  12.5  10  0
95.833333333333329  12.5  10  0
117.5  12.5  17.5  0
87.5  25  10  0
95.833333333333329  37.5  10  0
104.16666666666667  37.5  10  0
87.5  37.5  15.5  0
96.25  37.5  21  0
105  37.5  21  0
113.75  37.5  21  0
117.5  37.5  17.5  0
87.5  -37.5  15.5  0
104.16666666666667  -37.5  10  0
95.833333333333329  -37.5  10  0
117.5  -37.5  17.5  0
113.75  -37.5  21  0
105  -37.5  21  0
96.25  -37.5  21  0
95.833333333333329  -12.5  10  0
104.16666666666667  -12.5  10  0
87.5  -25  10  0
117.5  -12.5  17.5  0
87.5  54.166666666666671  21  0
87.5  50.833333333333329  21  0
87.5  47.5  21  0
87.5  44.166666666666664  21  0
87.5  40.833333333333329  21  0
87.236328911633791  60.053870546115249  21  0
116.49273987289827  62.5  21  0
110.48547974579654  62.5  21  0
104.47821961869479  62.5  21  0
98.470959491593064  62.5  21  0
92.463699364491333  62.5  21  0
124.45543081300292  62.346104257439215  21  0
126.36271242968689  61.888206453689406  21  0
128.17488124674441  61.137581552354561  21  0
129.84731565365601  60.112712429686781  21  0
129.84731565365593  60.112712429686844  17.5  0
128.17488124674435  61.137581552354597  17.5  0
126.36271242968684  61.888206453689421  17.5  0
124.45543081300289  62.346104257439222  17.5  0
118.02178038130501  62.5  17.5  0
114.67243011186883  64.542109073691364  17.5  0
117.76660879775231  67.694510861990665  17.5  0
119.57645326103041  68.762110848780182  17.5  0
121.53955610718927  69.511466524313718  17.5  0
123.60044404870855  69.921402623665529  17.5  0
125.70088059046481  69.980335187722716  17.5  0
127.78151167445385  69.686598902272806  17.5  0
129.78354290456355  69.048494156391115  17.5  0
131.65040095644164  68.084052490353585  17.5  0
133.32933222440002  66.820527061039598  17.5  0
134.77289353085035  65.293622523234205  17.5  0
135.9402927738594  63.546486088815527  17.5  0
136.79854162885459  61.628488274439611  17.5  0
137.32338773147794  59.593827791309216  17.5  0
137.5  -50.735294117647058  17.5  0
137.5  -43.970588235294116  17.5  0
137.5  -37.205882352941174  17.5  0
137.5  -30.441176470588236  17.5  0
137.5  -23.676470588235293  17.5  0
137.5  -16.911764705882355  17.5  0
137.5  -10.147058823529413  17.5  0
137.5  -3.382352941176471  17.5  0
137.5  3.3823529411764701  17.5  0
137.5  10.147058823529411  17.5  0
137.5  16.911764705882351  17.5  0
137.5  23.676470588235293  17.5  0
137.5  30.441176470588236  17.5  0
137.5  37.205882352941174  17.5  0
137.5  43.970588235294116  17.5  0
137.5  50.735294117647058  17.5  0
137.32338773147796  -59.593827791309195  17.5  0
136.79854162885459  -61.62848827443959  17.5  0
135.94029277385943  -63.546486088815492  17.5  0
134.77289353085038  -65.293622523234163  17.5  0
133.32933222440005  -66.82052706103957  17.5  0
131.6504009564417  -68.084052490353557  17.5  0
129.78354290456363  -69.048494156391087  17.5  0
127.78151167445394  -69.686598902272792  17.5  0
125.70088059046491  -69.980335187722702  17.5  0
123.60044404870865  -69.921402623665529  17.5  0
121.53955610718938  -69.511466524313747  17.5  0
119.57645326103052  -68.762110848780239  17.5  0
117.76660879775244  -67.69451086199075  17.5  0
114.67243011186888  -64.542109073691435  17.5  0
118.02178038130501  -62.5  17.5  0
124.5938277913092  -62.323387731477951  17.5  0
126.62848827443959  -61.798541628854593  17.5  0
128.5464860888155  -60.940292773859426  17.5  0
130.29362252323418  -59.772893530850375  17.5  0
131.82052706103957  -58.329332224400055  17.5  0
133.08405249035354  -56.650400956441707  17.5  0
134.04849415639109  -54.783542904563632  17.5  0
134.68659890227281  -52.781511674453931  17.5  0
134.98033518772272  -50.700880590464905  17.5  0
134.92140262366553  -48.600444048708653  17.5  0
134.51146652431373  -46.539556107189391  17.5  0
133.76211084878025  -44.576453261030522  17.5  0
132.69451086199075  -42.766608797752433  17.5  0
132.78729832367077  -42.899190665860658  21  0
133.89874807490116  -44.869839931840652  21  0
134.63677271782566  -47.008554196405633  21  0
134.97719442779149  -49.245268782221522  21  0
134.90886092622566  -51.506708503191625  21  0
134.4340108313568  -53.718788173190106  21  0
133.56820032066508  -55.809039650547163  21  0
132.33979350761311  -57.708985907856828  21  0
130.78903322800991  -59.356384352138789  21  0
128.96672267722067  -60.697265903768113  21  0
126.93256108803168  -61.687703033567693  21  0
124.75318797267381  -62.295248836839299  21  0
87.236328911633791  -60.053870546115249  21  0
92.463699364491333  -62.5  21  0
98.470959491593064  -62.5  21  0
104.47821961869481  -62.5  21  0
110.48547974579654  -62.5  21  0
116.49273987289827  -62.5  21  0
-112.67661226852205  -59.593827791309195  22.5  0
-113.20145837114541  -61.62848827443959  22.5  0
-114.05970722614057  -63.546486088815492  22.5  0
-115.22710646914963  -65.293622523234163  22.5  0
-116.67066777559994  -66.82052706103957  22.5  0
-118.34959904355829  -68.084052490353557  22.5  0
-120.21645709543637  -69.048494156391087  22.5  0
-122.21848832554606  -69.686598902272792  22.5  0
-124.29911940953509  -69.980335187722702  22.5  0
-126.39955595129135  -69.921402623665529  22.5  0
-128.46044389281062  -69.511466524313747  22.5  0
-130.42354673896946  -68.762110848780239  22.5  0
-132.23339120224756  -67.69451086199075  22.5  0
-135.11271242968684  -64.847315653655912  22.5  0
-136.13758155235459  -63.174881246744334  22.5  0
-136.88820645368941  -61.362712429686844  22.5  0
-137.34610425743921  -59.455430813002884  22.5  0
-137.5  43.125  22.5  0
-137.5  28.75  22.5  0
-137.5  14.375  22.5  0
-137.5  0  22.5  0
-137.5  -14.375  22.5  0
-137.5  -28.75  22.5  0
-137.5  -43.125  22.5  0
-137.25981600504039  59.938629025201571  22.5  0
-136.54849415639111  62.283542904563554  22.5  0
-135.39337015378186  64.444627912744934  22.5  0
-132.23339120224767  67.694510861990665  22.5  0
-130.42354673896958  68.762110848780182  22.5  0
-128.46044389281073  69.511466524313718  22.5  0
-126.39955595129145  69.921402623665529  22.5  0
-124.29911940953519  69.980335187722716  22.5  0
-122.21848832554615  69.686598902272806  22.5  0
-120.21645709543645  69.048494156391115  22.5  0
-118.34959904355836  68.084052490353585  22.5  0
-116.67066777559999  66.820527061039598  22.5  0
-115.22710646914966  65.293622523234205  22.5  0
-114.05970722614059  63.546486088815527  22.5  0
-113.20145837114541  61.628488274439611  22.5  0
-112.67661226852205  59.593827791309216  22.5  0
-112.5  -50.735294117647058  22.5  0
-112.5  -43.970588235294116  22.5  0
-112.5  -37.205882352941174  22.5  0
-112.5  -30.441176470588236  22.5  0
-112.5  -23.676470588235293  22.5  0
-112.5  -16.911764705882355  22.5  0
-112.5  -10.147058823529413  22.5  0
-112.5  -3.382352941176471  22.5  0
-112.5  3.3823529411764701  22.5  0
-112.5  10.147058823529411  22.5  0
-112.5  16.911764705882351  22.5  0
-112.5  23.676470588235293  22.5  0
-112.5  30.441176470588236  22.5  0
-112.5  37.205882352941174  22.5  0
-112.5  43.970588235294116  22.5  0
-112.5  50.735294117647058  22.5  0
30.728219618694801  62.5  17.5  0
25  62.5  17.5  0
19.271780381305202  62.5  17.5  0
14.672430111868918  64.542109073691506  17.5  0
17.853412361903143  67.755548992179854  17.5  0
19.768439986864294  68.852567103037075  17.5  0
21.846550974857834  69.595691763840136  17.5  0
24.022964394799018  69.961757557670978  17.5  0
26.229834934967915  69.939353119544947  17.5  0
28.398367844169051  69.529176862766533  17.5  0
30.460963469757537  68.744015207299114  17.5  0
32.3533245408711  67.608343988835301  17.5  0
34.016460506550949  66.157565473838872  17.5  0
35.398526447541251  64.436904765079689  17.5  0
-69.271780381305206  62.5  17.5  0
-75  62.5  17.5  0
-80.728219618694794  62.5  17.5  0
-85.32756988813108  64.542109073691506  17.5  0
-82.146587638096861  67.755548992179854  17.5  0
-80.231560013135706  68.852567103037075  17.5  0
-78.153449025142166  69.595691763840136  17.5  0
-75.977035605200982  69.961757557670978  17.5  0
-73.770165065032089  69.939353119544947  17.5  0
-71.601632155830941  69.529176862766533  17.5  0
-69.53903653024247  68.744015207299114  17.5  0
-67.6466754591289  67.608343988835301  17.5  0
-65.983539493449044  66.157565473838872  17.5  0
-64.601473552458756  64.436904765079689  17.5  0
-62.5  12.5  13.75  0
-62.5  20.833333333333336  17.5  0
-62.5  29.166666666666668  17.5  0
-62.5  25  10  0
-65  12.5  17.5  0
-67.5  12.5  17.5  0
-70  12.5  17.5  0
-72.5  12.5  17.5  0
-75  12.5  17.5  0
-77.5  12.5  17.5  0
-80  12.5  17.5  0
-82.5  12.5  17.5  0
-85  12.5  17.5  0
-87.5  29.166666666666664  17.5  0
-87.5  20.833333333333332  17.5  0
-81.25  37.5  17.5  0
-75  37.5  17.5  0
-68.75  37.5  17.5  0
-87.5  12.5  13.75  0
-87.5  25  10  0
-92.5  12.5  10  0
-97.5  12.5  10  0
-102.5  12.5  10  0
-107.5  12.5  10  0
-112.5  25  10  0
-104.16666666666667  37.5  10  0
-95.833333333333329  37.5  10  0
-104.16666666666667  -12.5  10  0
-95.833333333333329  -12.5  10  0
-87.5  -25  10  0
-95.833333333333329  -37.5  10  0
-104.16666666666667  -37.5  10  0
-112.5  -25  10  0
-87.5  -12.5  13.75  0
-87.5  -18.75  17.5  0
-87.5  -25  17.5  0
-87.5  -31.25  17.5  0
-85.57692307692308  -12.5  17.5  0
-83.65384615384616  -12.5  17.5  0
-81.730769230769226  -12.5  17.5  0
-79.807692307692307  -12.5  17.5  0
-77.884615384615387  -12.5  17.5  0
-75.961538461538453  -12.5  17.5  0
-74.038461538461547  -12.5  17.5  0
-72.115384615384613  -12.5  17.5  0
-70.192307692307693  -12.5  17.5  0
-68.269230769230774  -12.5  17.5  0
-66.34615384615384  -12.5  17.5  0
-64.42307692307692  -12.5  17.5  0
-62.5  -31.25  17.5  0
-62.5  -25  17.5  0
-62.5  -18.75  17.5  0
-68.75  -37.5  17.5  0
-75  -37.5  17.5  0
-81.25  -37.5  17.5  0
-62.5  -12.5  13.75  0
-62.5  -25  10  0
-112.5  -37.5  15.5  0
-112.5  54.166666666666671  21  0
-112.5  50.833333333333329  21  0
-112.5  47.5  21  0
-112.5  44.166666666666664  21  0
-112.5  40.833333333333329  21  0
-112.5  37.5  15.5  0
-112.5  6.25  18.5  0
-112.5  0  18.5  0
-112.5  -6.25  18.5  0
-80.728219618694794  -62.5  17.5  0
-75  -62.5  17.5  0
-69.271780381305206  -62.5  17.5  0
-64.601473552458742  -64.436904765079674  17.5  0
-65.983539493449044  -66.157565473838872  17.5  0
-67.6466754591289  -67.608343988835315  17.5  0
-69.539036530242456  -68.744015207299114  17.5  0
-71.601632155830941  -69.529176862766533  17.5  0
-73.770165065032074  -69.939353119544947  17.5  0
-75.977035605200982  -69.961757557670978  17.5  0
-78.153449025142166  -69.595691763840122  17.5  0
-80.231560013135706  -68.852567103037075  17.5  0
-82.146587638096847  -67.755548992179854  17.5  0
-85.32756988813108  -64.542109073691506  17.5  0
19.271780381305202  -62.5  17.5  0
25  -62.5  17.5  0
30.728219618694801  -62.5  17.5  0
35.398526447541251  -64.436904765079674  17.5  0
34.016460506550956  -66.157565473838872  17.5  0
32.353324540871093  -67.608343988835315  17.5  0
30.460963469757541  -68.744015207299114  17.5  0
28.398367844169059  -69.529176862766533  17.5  0
26.229834934967919  -69.939353119544947  17.5  0
24.022964394799025  -69.961757557670978  17.5  0
21.846550974857827  -69.595691763840122  17.5  0
19.768439986864301  -68.852567103037075  17.5  0
17.853412361903146  -67.755548992179854  17.5  0
14.67243011186892  -64.542109073691506  17.5  0
87.5  -50.735294117647058  22.5  0
87.5  -43.970588235294116  22.5  0
87.5  -37.205882352941174  22.5  0
87.5  -30.441176470588236  22.5  0
87.5  -23.676470588235293  22.5  0
87.5  -16.911764705882355  22.5  0
87.5  -10.147058823529413  22.5  0
87.5  -3.382352941176471  22.5  0
87.5  3.3823529411764701  22.5  0
87.5  10.147058823529411  22.5  0
87.5  16.911764705882351  22.5  0
87.5  23.676470588235293  22.5  0
87.5  30.441176470588236  22.5  0
87.5  37.205882352941174  22.5  0
87.5  43.970588235294116  22.5  0
87.5  50.735294117647058  22.5  0
67.766608797752426  67.69451086199075  22.5  0
69.576453261030522  68.762110848780239  22.5  0
71.53955610718937  69.511466524313747  22.5  0
73.600444048708653  69.921402623665529  22.5  0
75.700880590464891  69.980335187722716  22.5  0
77.781511674453924  69.686598902272792  22.5  0
79.783542904563618  69.048494156391087  22.5  0
81.6504009564417  68.084052490353557  22.5  0
83.329332224400048  66.82052706103957  22.5  0
84.772893530850368  65.293622523234177  22.5  0
85.940292773859412  63.546486088815506  22.5  0
86.798541628854593  61.62848827443959  22.5  0
87.323387731477951  59.593827791309216  22.5  0
86.456439237389603  62.5  15.5  0
85.398526447541258  64.436904765079674  10  0
84.016460506550956  66.157565473838872  10  0
82.3533245408711  67.608343988835315  10  0
80.460963469757544  68.744015207299114  10  0
78.398367844169059  69.529176862766533  10  0
76.229834934967926  69.939353119544947  10  0
74.022964394799018  69.961757557670978  10  0
71.846550974857834  69.595691763840122  10  0
69.768439986864294  68.852567103037075  10  0
67.853412361903153  67.755548992179854  10  0
66.161165235168198  66.338834764831802  14.166666666666668  0
66.161165235168198  66.338834764831802  18.333333333333336  0
109.0290405084066  62.5  10  0
104.51452025420321  62.5  10  0
99.999999999999801  62.5  10  0
95.485479745796397  62.5  10  0
90.970959491593007  62.5  10  0
113.54356076261  62.5  13.75  0
114.67243011186888  64.542109073691435  10  0
116.161165235168  66.338834764831802  13.75  0
137.5  57.5  13.75  0
137.32338773147796  59.593827791309195  10  0
136.79854162885459  61.62848827443959  10  0
135.94029277385943  63.546486088815492  10  0
134.77289353085038  65.293622523234163  10  0
133.32933222440005  66.82052706103957  10  0
131.6504009564417  68.084052490353557  10  0
129.78354290456363  69.048494156391087  10  0
127.78151167445394  69.686598902272792  10  0
125.70088059046491  69.980335187722702  10  0
123.60044404870865  69.921402623665529  10  0
121.53955610718938  69.511466524313747  10  0
119.57645326103052  68.762110848780239  10  0
117.76660879775244  67.69451086199075  10  0
137.5  -47.045454545454547  10  0
137.5  -36.590909090909093  10  0
137.5  -26.136363636363633  10  0
137.5  -15.68181818181818  10  0
137.5  -5.2272727272727249  10  0
137.5  5.2272727272727302  10  0
137.5  15.681818181818185  10  0
137.5  26.13636363636364  10  0
137.5  36.590909090909093  10  0
137.5  47.045454545454547  10  0
137.5  -57.5  13.75  0
117.76660879775243  -67.69451086199075  10  0
119.57645326103052  -68.762110848780239  10  0
121.53955610718938  -69.511466524313747  10  0
123.60044404870865  -69.921402623665529  10  0
125.70088059046489  -69.980335187722702  10  0
127.78151167445392  -69.686598902272792  10  0
129.78354290456363  -69.048494156391087  10  0
131.6504009564417  -68.084052490353557  10  0
133.32933222440005  -66.82052706103957  10  0
134.77289353085038  -65.293622523234177  10  0
135.94029277385943  -63.546486088815499  10  0
136.79854162885459  -61.628488274439597  10  0
137.32338773147794  -59.593827791309209  10  0
116.161165235168  -66.338834764831802  13.75  0
113.54356076261  -62.5  13.75  0
114.67243011186888  -64.542109073691435  10  0
86.456439237389603  -62.5  15.5  0
90.970959491593007  -62.5  10  0
95.485479745796397  -62.5  10  0
99.999999999999801  -62.5  10  0
104.51452025420321  -62.5  10  0
109.0290405084066  -62.5  10  0
67.853412361903153  -67.755548992179854  10  0
69.768439986864294  -68.852567103037075  10  0
71.846550974857834  -69.595691763840122  10  0
74.022964394799018  -69.961757557670978  10  0
76.229834934967911  -69.939353119544947  10  0
78.398367844169059  -69.529176862766533  10  0
80.460963469757544  -68.744015207299114  10  0
82.3533245408711  -67.608343988835301  10  0
84.016460506550956  -66.157565473838872  10  0
85.398526447541258  -64.436904765079674  10  0
87.323387731477951  -59.593827791309195  22.5  0
86.798541628854593  -61.62848827443959  22.5  0
85.940292773859426  -63.546486088815492  22.5  0
84.772893530850368  -65.293622523234163  22.5  0
83.329332224400062  -66.82052706103957  22.5  0
81.650400956441715  -68.084052490353557  22.5  0
79.783542904563632  -69.048494156391087  22.5  0
77.781511674453938  -69.686598902272792  22.5  0
75.700880590464905  -69.980335187722702  22.5  0
73.600444048708653  -69.921402623665529  22.5  0
71.539556107189384  -69.511466524313747  22.5  0
69.576453261030522  -68.762110848780239  22.5  0
67.76660879775244  -67.69451086199075  22.5  0
66.161165235168198  -66.338834764831802  14.166666666666668  0
66.161165235168198  -66.338834764831802  18.333333333333336  0
17.853412361903146  -67.755548992179854  10  0
19.768439986864301  -68.852567103037075  10  0
21.846550974857831  -69.595691763840122  10  0
24.022964394799018  -69.961757557670978  10  0
26.229834934967919  -69.939353119544947  10  0
28.398367844169055  -69.529176862766533  10  0
30.460963469757541  -68.744015207299114  10  0
32.3533245408711  -67.608343988835301  10  0
34.016460506550949  -66.157565473838872  10  0
35.398526447541251  -64.436904765079674  10  0
36.456439237389603  -62.5  13.75  0
16.161165235168198  -66.338834764831802  13.75  0
13.543560762610401  -62.5  13.75  0
14.672430111868918  -64.542109073691506  10  0
-82.146587638096847  -67.755548992179854  10  0
-80.231560013135706  -68.852567103037075  10  0
-78.153449025142166  -69.595691763840122  10  0
-75.977035605200982  -69.961757557670978  10  0
-73.770165065032089  -69.939353119544947  10  0
-71.601632155830941  -69.529176862766533  10  0
-69.539036530242456  -68.744015207299114  10  0
-67.6466754591289  -67.608343988835301  10  0
-65.983539493449044  -66.157565473838872  10  0
-64.601473552458742  -64.436904765079674  10  0
-63.543560762610397  -62.5  13.75  0
-83.838834764831802  -66.338834764831802  13.75  0
-86.456439237389603  -62.5  13.75  0
-85.32756988813108  -64.542109073691506  10  0
-132.14658763809683  -67.755548992179868  10  0
-130.23156001313566  -68.852567103037089  10  0
-128.15344902514212  -69.595691763840136  10  0
-125.97703560520092  -69.961757557670978  10  0
-123.77016506503202  -69.939353119544933  10  0
-121.60163215583086  -69.529176862766519  10  0
-119.53903653024237  -68.744015207299071  10  0
-117.64667545912882  -67.608343988835244  10  0
-115.98353949344896  -66.157565473838787  10  0
-114.60147355245867  -64.436904765079561  10  0
-113.54356076261  -62.5  15.5  0
-112.76367108836619  -60.053870546115164  21  0
-133.838834764832  -66.338834764831802  16.25  0
-137.5  -57.5  16.25  0
-137.34610425743921  -59.455430813002884  10  0
-136.88820645368941  -61.362712429686837  10  0
-136.13758155235459  -63.174881246744334  10  0
-135.11271242968684  -64.847315653655912  10  0
-137.5  43.125  10  0
-137.5  28.75  10  0
-137.5  14.375  10  0
-137.5  0  10  0
-137.5  -14.375  10  0
-137.5  -28.75  10  0
-137.5  -43.125  10  0
-137.5  57.5  14.166666666666668  0
-137.5  57.5  18.333333333333336  0
-135.11271242968684  64.847315653655912  10  0
-136.13758155235459  63.174881246744334  10  0
-136.88820645368941  61.362712429686844  10  0
-137.34610425743921  59.455430813002884  10  0
-133.838834764832  66.338834764831802  16.25  0
-112.76367108836619  60.053870546115171  21  0
-113.54356076261  62.5  15.5  0
-114.60147355245867  64.436904765079561  10  0
-115.98353949344896  66.157565473838787  10  0
-117.6466754591288  67.60834398883523  10  0
-119.53903653024237  68.744015207299071  10  0
-121.60163215583086  69.529176862766519  10  0
-123.77016506503202  69.939353119544933  10  0
-125.97703560520092  69.961757557670978  10  0
-128.15344902514212  69.595691763840136  10  0
-130.23156001313566  68.852567103037089  10  0
-132.14658763809683  67.755548992179868  10  0
-85.32756988813108  64.542109073691506  10  0
-86.456439237389603  62.5  13.75  0
-83.838834764831802  66.338834764831802  13.75  0
-63.543560762610397  62.5  13.75  0
-64.601473552458742  64.436904765079674  10  0
-65.983539493449044  66.157565473838872  10  0
-67.6466754591289  67.608343988835315  10  0
-69.539036530242456  68.744015207299114  10  0
-71.601632155830941  69.529176862766533  10  0
-73.770165065032074  69.939353119544947  10  0
-75.977035605200982  69.961757557670978  10  0
-78.153449025142166  69.595691763840122  10  0
-80.231560013135706  68.852567103037075  10  0
-82.146587638096847  67.755548992179854  10  0
14.67243011186892  64.542109073691506  10  0
13.543560762610401  62.5  13.75  0
16.161165235168198  66.338834764831802  13.75  0
36.456439237389603  62.5  13.75  0
35.398526447541251  64.436904765079674  10  0
34.016460506550956  66.157565473838872  10  0
32.353324540871093  67.608343988835315  10  0
30.460963469757541  68.744015207299114  10  0
28.398367844169059  69.529176862766533  10  0
26.229834934967919  69.939353119544947  10  0
24.022964394799025  69.961757557670978  10  0
21.846550974857827  69.595691763840122  10  0
19.768439986864301  68.852567103037075  10  0
17.853412361903146  67.755548992179854  10  0
63.543560762610397  62.5  15.5  0
57.119633968841995  62.5  21  0
50.695707175073601  62.5  21  0
44.271780381305199  62.5  21  0
37.847853587536804  62.5  21  0
31.423926793768402  62.5  21  0
25  62.5  21  0
18.576073206231602  62.5  21  0
12.152146412463203  62.5  21  0
5.728219618694804  62.5  21  0
-0.69570717507359525  62.5  21  0
-7.1196339688419945  62.5  21  0
-13.543560762610401  62.5  15.5  0
8.1261364575662398  62.5  10  0
2.7087121525220805  62.5  10  0
-2.7087121525220796  62.5  10  0
-8.1261364575662398  62.5  10  0
56.771780381305199  62.5  10  0
50  62.5  10  0
43.228219618694801  62.5  10  0
-36.456439237389603  62.5  15.5  0
-42.880366031157969  62.5  21  0
-49.304292824926335  62.5  21  0
-55.728219618694702  62.5  21  0
-62.152146412463068  62.5  21  0
-68.576073206231428  62.5  21  0
-74.999999999999801  62.5  21  0
-81.423926793768175  62.5  21  0
-87.847853587536534  62.5  21  0
-94.271780381304893  62.5  21  0
-100.69570717507327  62.5  21  0
-107.11963396884164  62.5  21  0
-90.970959491593007  62.5  10  0
-95.485479745796397  62.5  10  0
-99.999999999999801  62.5  10  0
-104.51452025420321  62.5  10  0
-109.0290405084066  62.5  10  0
-41.87386354243376  62.5  10  0
-47.291287847477918  62.5  10  0
-52.708712152522082  62.5  10  0
-58.12613645756624  62.5  10  0
-54.166666666666664  -12.5  10  0
-45.833333333333329  -12.5  10  0
-37.5  -25  10  0
-45.833333333333336  -37.5  10  0
-54.166666666666671  -37.5  10  0
-37.5  -37.5  15.5  0
-45  -37.5  21  0
-52.5  -37.5  21  0
-60  -37.5  21  0
-67.5  -37.5  21  0
-75  -37.5  21  0
-82.5  -37.5  21  0
-90  -37.5  21  0
-97.5  -37.5  21  0
-105  -37.5  21  0
-37.5  40.833333333333336  21  0
-37.5  44.166666666666671  21  0
-37.5  47.5  21  0
-37.5  50.833333333333336  21  0
-37.5  54.166666666666671  21  0
-105  37.5  21  0
-97.5  37.5  21  0
-90  37.5  21  0
-82.5  37.5  21  0
-75  37.5  21  0
-67.5  37.5  21  0
-60  37.5  21  0
-52.5  37.5  21  0
-45  37.5  21  0
-37.236328911633791  60.053870546115249  21  0
-37.5  37.5  15.5  0
-54.166666666666664  37.5  10  0
-45.833333333333329  37.5  10  0
-42.5  12.5  10  0
-47.5  12.5  10  0
-52.5  12.5  10  0
-57.5  12.5  10  0
-37.5  25  10  0
-40.909090909090907  12.5  18.5  0
-44.31818181818182  12.5  18.5  0
-47.727272727272727  12.5  18.5  0
-51.13636363636364  12.5  18.5  0
-54.545454545454547  12.5  18.5  0
-57.954545454545453  12.5  18.5  0
-61.363636363636367  12.5  18.5  0
-64.77272727272728  12.5  18.5  0
-68.181818181818187  12.5  18.5  0
-71.590909090909093  12.5  18.5  0
-75  12.5  18.5  0
-78.409090909090907  12.5  18.5  0
-81.818181818181813  12.5  18.5  0
-85.227272727272734  12.5  18.5  0
-88.63636363636364  12.5  18.5  0
-92.045454545454547  12.5  18.5  0
-95.454545454545453  12.5  18.5  0
-98.86363636363636  12.5  18.5  0
-102.27272727272728  12.5  18.5  0
-105.68181818181819  12.5  18.5  0
-109.09090909090909  12.5  18.5  0
-37.5  -6.25  18.5  0
-37.5  0  18.5  0
-37.5  6.25  18.5  0
-109.09090909090909  -12.5  18.5  0
-105.68181818181819  -12.5  18.5  0
-102.27272727272727  -12.5  18.5  0
-98.86363636363636  -12.5  18.5  0
-95.454545454545453  -12.5  18.5  0
-92.045454545454547  -12.5  18.5  0
-88.63636363636364  -12.5  18.5  0
-85.22727272727272  -12.5  18.5  0
-81.818181818181813  -12.5  18.5  0
-78.409090909090907  -12.5  18.5  0
-75  -12.5  18.5  0
-71.590909090909093  -12.5  18.5  0
-68.181818181818187  -12.5  18.5  0
-64.772727272727266  -12.5  18.5  0
-61.36363636363636  -12.5  18.5  0
-57.954545454545453  -12.5  18.5  0
-54.545454545454547  -12.5  18.5  0
-51.136363636363633  -12.5  18.5  0
-47.727272727272727  -12.5  18.5  0
-44.318181818181813  -12.5  18.5  0
-40.909090909090907  -12.5  18.5  0
-37.236328911633791  -60.053870546115249  21  0
-107.11963396884164  -62.5  21  0
-100.69570717507327  -62.5  21  0
-94.271780381304893  -62.5  21  0
-87.847853587536534  -62.5  21  0
-81.423926793768175  -62.5  21  0
-74.999999999999801  -62.5  21  0
-68.576073206231428  -62.5  21  0
-62.152146412463068  -62.5  21  0
-55.728219618694702  -62.5  21  0
-49.304292824926335  -62.5  21  0
-42.880366031157969  -62.5  21  0
-37.5  -55  21  0
-37.5  -52.5  21  0
-37.5  -50  21  0
-37.5  -47.5  21  0
-37.5  -45  21  0
-37.5  -42.5  21  0
-37.5  -40  21  0
-36.456439237389603  -62.5  15.5  0
-59.029040508406929  -62.5  10  0
-54.514520254203468  -62.5  10  0
-50  -62.5  10  0
-45.485479745796539  -62.5  10  0
-40.970959491593071  -62.5  10  0
-109.0290405084066  -62.5  10  0
-104.51452025420321  -62.5  10  0
-99.999999999999801  -62.5  10  0
-95.485479745796397  -62.5  10  0
-90.970959491593007  -62.5  10  0
63.543560762610397  -62.5  15.5  0
40.970959491593071  -62.5  10  0
45.485479745796532  -62.5  10  0
50  -62.5  10  0
54.514520254203461  -62.5  10  0
59.029040508406929  -62.5  10  0
-6.7717803813052004  -62.5  10  0
0  -62.5  10  0
6.7717803813052004  -62.5  10  0
-13.543560762610401  -62.5  15.5  0
-7.1196339688420016  -62.5  21  0
-0.69570717507360236  -62.5  21  0
5.7282196186947969  -62.5  21  0
12.152146412463196  -62.5  21  0
18.576073206231595  -62.5  21  0
24.999999999999993  -62.5  21  0
31.423926793768395  -62.5  21  0
37.84785358753679  -62.5  21  0
44.271780381305192  -62.5  21  0
50.695707175073593  -62.5  21  0
57.119633968841988  -62.5  21  0
64.887287570313163  -64.847315653655912  22.5  0
63.862418447645403  -63.174881246744334  22.5  0
63.111793546310579  -61.362712429686844  22.5  0
62.653895742560778  -59.455430813002884  22.5  0
62.763671088366209  -60.053870546115249  21  0
64.67243011186892  -64.542109073691506  10  0
62.5  52.023809523809526  22.5  0
62.5  46.547619047619051  22.5  0
62.5  41.071428571428569  22.5  0
62.5  35.595238095238095  22.5  0
62.5  30.11904761904762  22.5  0
62.5  24.642857142857142  22.5  0
62.5  19.166666666666664  22.5  0
62.5  13.69047619047619  22.5  0
62.5  8.2142857142857135  22.5  0
62.5  2.7380952380952372  22.5  0
62.5  -2.738095238095239  22.5  0
62.5  -8.2142857142857153  22.5  0
62.5  -13.690476190476192  22.5  0
62.5  -19.166666666666668  22.5  0
62.5  -24.642857142857146  22.5  0
62.5  -30.11904761904762  22.5  0
62.5  -35.595238095238095  22.5  0
62.5  -41.071428571428569  22.5  0
62.5  -46.547619047619051  22.5  0
62.5  -52.023809523809526  22.5  0
62.653895742560778  59.455430813002884  22.5  0
63.111793546310579  61.362712429686837  22.5  0
63.862418447645396  63.174881246744334  22.5  0
64.887287570313163  64.847315653655912  22.5  0
64.67243011186892  64.542109073691506  10  0
62.763671088366209  60.053870546115249  21  0
126.92307692307692  75  -50  0
103.84615384615384  75  -50  0
80.769230769230774  75  -50  0
57.692307692307693  75  -50  0
34.615384615384613  75  -50  0
11.53846153846154  75  -50  0
-11.538461538461537  75  -50  0
-34.615384615384613  75  -50  0
-57.692307692307693  75  -50  0
-80.769230769230774  75  -50  0
-103.84615384615384  75  -50  0
-126.92307692307692  75  -50  0
-126.92307692307692  100  -50  0
-103.84615384615384  100  -50  0
-80.769230769230774  100  -50  0
-57.692307692307693  100  -50  0
-34.615384615384613  100  -50  0
-11.53846153846154  100  -50  0
11.538461538461537  100  -50  0
34.615384615384613  100  -50  0
57.692307692307693  100  -50  0
80.769230769230774  100  -50  0
103.84615384615384  100  -50  0
126.92307692307692  100  -50  0
150  100  -30  0
-150  100  -30  0
126.92307692307692  100  -10  0
103.84615384615384  100  -10  0
80.769230769230774  100  -10  0
57.692307692307693  100  -10  0
34.615384615384613  100  -10  0
11.53846153846154  100  -10  0
-11.538461538461537  100  -10  0
-34.615384615384613  100  -10  0
-57.692307692307693  100  -10  0
-80.769230769230774  100  -10  0
-103.84615384615384  100  -10  0
-126.92307692307692  100  -10  0
-133.51141009169893  -142.36067977499789  -10  0
-128.15961998958187  -145.64026096753472  -10  0
-122.36067977499791  -148.04226065180615  -10  0
-116.25737860160923  -149.5075336238055  -10  0
-149.5075336238055  -116.25737860160922  -10  0
-148.04226065180615  -122.36067977499789  -10  0
-145.64026096753472  -128.15961998958187  -10  0
-142.36067977499789  -133.51141009169891  -10  0
126.92307692307692  -100  -10  0
103.84615384615384  -100  -10  0
80.769230769230774  -100  -10  0
57.692307692307693  -100  -10  0
34.615384615384613  -100  -10  0
11.53846153846154  -100  -10  0
-11.538461538461537  -100  -10  0
-34.615384615384613  -100  -10  0
-57.692307692307693  -100  -10  0
-80.769230769230774  -100  -10  0
-103.84615384615384  -100  -10  0
-126.92307692307692  -100  -10  0
142.36067977499789  -133.51141009169893  -10  0
145.64026096753472  -128.15961998958187  -10  0
148.04226065180615  -122.36067977499791  -10  0
149.5075336238055  -116.25737860160923  -10  0
116.25737860160922  -149.5075336238055  -10  0
122.36067977499789  -148.04226065180615  -10  0
128.15961998958187  -145.64026096753472  -10  0
133.51141009169891  -142.36067977499789  -10  0
150  -100  -30  0
-150  -100  -30  0
126.92307692307692  -100  -50  0
103.84615384615384  -100  -50  0
80.769230769230774  -100  -50  0
57.692307692307693  -100  -50  0
34.615384615384613  -100  -50  0
11.53846153846154  -100  -50  0
-11.538461538461537  -100  -50  0
-34.615384615384613  -100  -50  0
-57.692307692307693  -100  -50  0
-80.769230769230774  -100  -50  0
-103.84615384615384  -100  -50  0
-126.92307692307692  -100  -50  0
-126.92307692307692  -75  -50  0
-103.84615384615384  -75  -50  0
-80.769230769230774  -75  -50  0
-57.692307692307693  -75  -50  0
-34.615384615384613  -75  -50  0
-11.53846153846154  -75  -50  0
11.538461538461537  -75  -50  0
34.615384615384613  -75  -50  0
57.692307692307693  -75  -50  0
80.769230769230774  -75  -50  0
103.84615384615384  -75  -50  0
126.92307692307692  -75  -50  0
-150  -75  -5  0
-150  -75  -20  0
-150  -75  -35  0
-145  -75  10  0
-140  -75  10  0
-135  -75  10  0
-130  -75  10  0
-125  -75  10  0
-120  -75  10  0
-115  -75  10  0
-110  -75  10  0
-105  -75  10  0
-100  -75  10  0
-95  -75  10  0
-90  -75  10  0
-85  -75  10  0
-80  -75  10  0
-75  -75  10  0
-70  -75  10  0
-65  -75  10  0
-60  -75  10  0
-55  -75  10  0
-50  -75  10  0
-45  -75  10  0
-40  -75  10  0
-35  -75  10  0
-30  -75  10  0
-25  -75  10  0
-20  -75  10  0
-15  -75  10  0
-10  -75  10  0
-5  -75  10  0
0  -75  10  0
5  -75  10  0
10  -75  10  0
15  -75  10  0
20  -75  10  0
25  -75  10  0
30  -75  10  0
35  -75  10  0
40  -75  10  0
45  -75  10  0
50  -75  10  0
55  -75  10  0
60  -75  10  0
65  -75  10  0
70  -75  10  0
75  -75  10  0
80  -75  10  0
85  -75  10  0
90  -75  10  0
95  -75  10  0
100  -75  10  0
105  -75  10  0
110  -75  10  0
115  -75  10  0
120  -75  10  0
125  -75  10  0
130  -75  10  0
135  -75  10  0
140  -75  10  0
145  -75  10  0
150  -75  -35  0
150  -75  -20  0
150  -75  -5  0
-150  61.36363636363636  10  0
-150  47.727272727272727  10  0
-150  34.090909090909093  10  0
-150  20.454545454545453  10  0
-150  6.8181818181818166  10  0
-150  -6.8181818181818201  10  0
-150  -20.454545454545457  10  0
-150  -34.090909090909093  10  0
-150  -47.727272727272734  10  0
-150  -61.363636363636367  10  0
144.73684210526315  75  10  0
139.4736842105263  75  10  0
134.21052631578948  75  10  0
128.94736842105263  75  10  0
123.68421052631578  75  10  0
118.42105263157895  75  10  0
113.15789473684211  75  10  0
107.89473684210526  75  10  0
102.63157894736841  75  10  0
97.368421052631575  75  10  0
92.10526315789474  75  10  0
86.84210526315789  75  10  0
81.578947368421041  75  10  0
76.315789473684205  75  10  0
71.05263157894737  75  10  0
65.78947368421052  75  10  0
60.526315789473678  75  10  0
55.263157894736835  75  10  0
49.999999999999993  75  10  0
44.73684210526315  75  10  0
39.473684210526308  75  10  0
34.210526315789465  75  10  0
28.947368421052623  75  10  0
23.68421052631578  75  10  0
18.421052631578938  75  10  0
13.157894736842096  75  10  0
7.8947368421052531  75  10  0
2.6315789473684106  75  10  0
-2.6315789473684319  75  10  0
-7.8947368421052744  75  10  0
-13.157894736842117  75  10  0
-18.421052631578959  75  10  0
-23.684210526315802  75  10  0
-28.947368421052644  75  10  0
-34.210526315789487  75  10  0
-39.473684210526329  75  10  0
-44.736842105263172  75  10  0
-50.000000000000014  75  10  0
-55.263157894736857  75  10  0
-60.526315789473699  75  10  0
-65.789473684210549  75  10  0
-71.052631578947384  75  10  0
-76.31578947368422  75  10  0
-81.578947368421069  75  10  0
-86.842105263157919  75  10  0
-92.105263157894754  75  10  0
-97.368421052631589  75  10  0
-102.63157894736844  75  10  0
-107.89473684210529  75  10  0
-113.15789473684212  75  10  0
-118.42105263157896  75  10  0
-123.68421052631581  75  10  0
-128.94736842105266  75  10  0
-134.21052631578948  75  10  0
-139.47368421052633  75  10  0
-144.73684210526318  75  10  0
150  -63.46153846153846  10  0
150  -51.92307692307692  10  0
150  -40.384615384615387  10  0
150  -28.846153846153847  10  0
150  -17.307692307692307  10  0
150  -5.7692307692307701  10  0
150  5.7692307692307683  10  0
150  17.307692307692307  10  0
150  28.846153846153847  10  0
150  40.384615384615387  10  0
150  51.92307692307692  10  0
150  63.46153846153846  10  0
-14.601473552458748  64.436904765079674  10  0
-15.983539493449046  66.157565473838872  10  0
-17.646675459128904  67.608343988835315  10  0
-19.539036530242459  68.744015207299114  10  0
-21.601632155830941  69.529176862766533  10  0
-23.770165065032081  69.939353119544947  10  0
-25.977035605200975  69.961757557670978  10  0
-28.153449025142173  69.595691763840122  10  0
-30.231560013135699  68.852567103037075  10  0
-32.146587638096854  67.755548992179854  10  0
-35.32756988813108  64.542109073691506  10  0
-35.32756988813108  -64.542109073691506  10  0
-32.146587638096854  -67.755548992179854  10  0
-30.231560013135699  -68.852567103037075  10  0
-28.153449025142169  -69.595691763840122  10  0
-25.977035605200982  -69.961757557670978  10  0
-23.770165065032081  -69.939353119544947  10  0
-21.601632155830945  -69.529176862766533  10  0
-19.539036530242459  -68.744015207299114  10  0
-17.646675459128904  -67.608343988835301  10  0
-15.983539493449049  -66.157565473838872  10  0
-14.601473552458749  -64.436904765079674  10  0
-150  75  -35  0
-150  75  -20  0
-150  75  -5  0
150  75  -5  0
150  75  -20  0
150  75  -35  0
133.51141009169893  142.36067977499789  -10  0
128.15961998958187  145.64026096753472  -10  0
122.36067977499791  148.04226065180615  -10  0
116.25737860160923  149.5075336238055  -10  0
149.5075336238055  116.25737860160922  -10  0
148.04226065180615  122.36067977499789  -10  0
145.64026096753472  128.15961998958187  -10  0
142.36067977499789  133.51141009169891  -10  0
-142.36067977499789  133.51141009169893  -10  0
-145.64026096753472  128.15961998958187  -10  0
-148.04226065180615  122.36067977499791  -10  0
-149.5075336238055  116.25737860160923  -10  0
-116.25737860160922  149.5075336238055  -10  0
-122.36067977499789  148.04226065180615  -10  0
-128.15961998958187  145.64026096753472  -10  0
-133.51141009169891  142.36067977499789  -10  0
54.166666666666664  12.5  10  0
45.833333333333329  12.5  10  0
37.5  25  10  0
45.833333333333336  37.5  10  0
54.166666666666671  37.5  10  0
62.5  25  10  0
37.5  12.5  13.75  0
37.5  25  17.5  0
62.5  40.833333333333336  21  0
62.5  44.166666666666671  21  0
62.5  47.5  21  0
62.5  50.833333333333336  21  0
62.5  54.166666666666671  21  0
-5  37.5  21  0
2.5  37.5  21  0
10  37.5  21  0
17.5  37.5  21  0
25  37.5  21  0
32.5  37.5  21  0
40  37.5  21  0
47.5  37.5  21  0
55  37.5  21  0
-12.5  54.642857142857139  21  0
-12.5  51.785714285714285  21  0
-12.5  48.928571428571431  21  0
-12.5  46.071428571428569  21  0
-12.5  43.214285714285715  21  0
-12.5  40.357142857142861  21  0
-12.763671088366209  60.053870546115249  21  0
62.5  37.5  15.5  0
18.75  37.5  17.5  0
25  37.5  17.5  0
31.25  37.5  17.5  0
-4.1666666666666661  37.5  10  0
4.1666666666666679  37.5  10  0
-12.5  37.5  15.5  0
-32.233391202247581  67.69451086199075  22.5  0
-30.423546738969478  68.762110848780239  22.5  0
-28.460443892810627  69.511466524313747  22.5  0
-26.399555951291351  69.921402623665529  22.5  0
-24.299119409535113  69.980335187722716  22.5  0
-22.218488325546073  69.686598902272792  22.5  0
-20.216457095436386  69.048494156391087  22.5  0
-18.349599043558296  68.084052490353557  22.5  0
-16.670667775599956  66.82052706103957  22.5  0
-15.227106469149629  65.293622523234177  22.5  0
-14.059707226140583  63.546486088815506  22.5  0
-13.201458371145405  61.62848827443959  22.5  0
-12.676612268522053  59.593827791309216  22.5  0
-33.838834764831802  66.338834764831802  14.166666666666668  0
-33.838834764831802  66.338834764831802  18.333333333333336  0
-37.346104257439222  59.455430813002884  22.5  0
-36.888206453689421  61.362712429686837  22.5  0
-36.137581552354604  63.174881246744334  22.5  0
-35.112712429686844  64.847315653655912  22.5  0
-37.5  52.272727272727273  22.5  0
-37.5  47.045454545454547  22.5  0
-37.5  41.81818181818182  22.5  0
-37.5  36.590909090909093  22.5  0
-37.5  31.363636363636363  22.5  0
-37.5  26.136363636363633  22.5  0
-37.5  20.909090909090907  22.5  0
-37.5  15.68181818181818  22.5  0
-37.5  10.454545454545453  22.5  0
-37.5  5.2272727272727249  22.5  0
-37.5  -2.6645352591003757e-15  22.5  0
-37.5  -5.2272727272727302  22.5  0
-37.5  -10.454545454545457  22.5  0
-37.5  -15.681818181818185  22.5  0
-37.5  -20.909090909090914  22.5  0
-37.5  -26.13636363636364  22.5  0
-37.5  -31.363636363636367  22.5  0
-37.5  -36.590909090909093  22.5  0
-37.5  -41.81818181818182  22.5  0
-37.5  -47.045454545454547  22.5  0
-37.5  -52.27272727272728  22.5  0
-35.112712429686844  -64.847315653655912  22.5  0
-36.137581552354597  -63.174881246744334  22.5  0
-36.888206453689421  -61.362712429686844  22.5  0
-37.346104257439222  -59.455430813002884  22.5  0
-33.838834764831802  -66.338834764831802  14.166666666666668  0
-33.838834764831802  -66.338834764831802  18.333333333333336  0
-12.763671088366207  -60.053870546115249  21  0
-12.676612268522049  -59.593827791309195  22.5  0
-13.201458371145403  -61.62848827443959  22.5  0
-14.059707226140574  -63.546486088815492  22.5  0
-15.227106469149627  -65.293622523234163  22.5  0
-16.670667775599945  -66.82052706103957  22.5  0
-18.349599043558293  -68.084052490353557  22.5  0
-20.216457095436372  -69.048494156391087  22.5  0
-22.218488325546065  -69.686598902272792  22.5  0
-24.299119409535095  -69.980335187722702  22.5  0
-26.399555951291347  -69.921402623665529  22.5  0
-28.460443892810609  -69.511466524313747  22.5  0
-30.423546738969474  -68.762110848780239  22.5  0
-32.233391202247567  -67.69451086199075  22.5  0
55  -37.5  21  0
47.5  -37.5  21  0
40  -37.5  21  0
32.5  -37.5  21  0
25  -37.5  21  0
17.5  -37.5  21  0
10  -37.5  21  0
2.5  -37.5  21  0
-5  -37.5  21  0
62.5  -55.277777777777779  21  0
62.5  -53.055555555555557  21  0
62.5  -50.833333333333329  21  0
62.5  -48.611111111111114  21  0
62.5  -46.388888888888886  21  0
62.5  -44.166666666666664  21  0
62.5  -41.944444444444443  21  0
62.5  -39.722222222222221  21  0
62.5  -37.5  15.5  0
-12.5  -37.5  15.5  0
4.1666666666666661  -37.5  10  0
-4.1666666666666679  -37.5  10  0
31.25  -37.5  17.5  0
25  -37.5  17.5  0
18.75  -37.5  17.5  0
54.166666666666664  -37.5  10  0
45.833333333333329  -37.5  10  0
37.5  -12.5  13.75  0
37.5  -25  10  0
37.5  -25  17.5  0
45.833333333333336  -12.5  10  0
54.166666666666671  -12.5  10  0
62.5  -25  10  0
62.5  -6.25  18.5  0
62.5  0  18.5  0
62.5  6.25  18.5  0
-92.5  130  30  0
-92.5  130  10  0
-100  130  30  0
-100  130  10  0
-92.5  120  30  0
-92.5  120  10  0
-82.5  120  30  0
-82.5  120  10  0
-82.5  130  10  0
-82.5  130  30  0
-75  130  30  0
-75  130  10  0
-75  150  10  0
-75  150  30  0
-65  150  30  0
-65  150  10  0
-65  130  30  0
-65  130  10  0
-57.5  130  30  0
-57.5  130  10  0
-57.5  120  30  0
-57.5  120  10  0
-47.5  120  30  0
-47.5  120  10  0
-47.5  130  10  0
-47.5  130  30  0
-40  130  30  0
-40  130  10  0
-40  150  10  0
-40  150  30  0
-30  150  30  0
-30  150  10  0
-30  130  30  0
-30  130  10  0
-22.5  130  30  0
-22.5  130  10  0
-22.5  120  30  0
-22.5  120  10  0
-12.5  120  30  0
-12.5  120  10  0
-12.5  130  10  0
-12.5  130  30  0
-5  130  30  0
-5  130  10  0
-5  150  10  0
-5  150  30  0
5  150  30  0
5  150  10  0
5  130  30  0
5  130  10  0
12.5  130  30  0
12.5  130  10  0
12.5  120  30  0
12.5  120  10  0
22.5  120  30  0
22.5  120  10  0
22.5  130  10  0
22.5  130  30  0
30  130  30  0
30  130  10  0
30  150  10  0
30  150  30  0
40  150  30  0
40  150  10  0
40  130  30  0
40  130  10  0
47.5  130  30  0
47.5  130  10  0
47.5  120  30  0
47.5  120  10  0
57.5  120  30  0
57.5  120  10  0
57.5  130  10  0
57.5  130  30  0
65  130  30  0
65  130  10  0
65  150  10  0
65  150  30  0
75  150  30  0
75  150  10  0
75  130  30  0
75  130  10  0
82.5  130  30  0
82.5  130  10  0
82.5  120  30  0
82.5  120  10  0
92.5  120  30  0
92.5  120  10  0
92.5  130  10  0
92.5  130  30  0
100  130  30  0
100  130  10  0
100  150  10  0
100  150  30  0
110  150  10  0
110  150  30  0
138.28427124746199  138.28427124746199  30  0
138.28427124746199  138.28427124746199  10  0
116.25737860160922  149.5075336238055  50  0
122.36067977499789  148.04226065180615  50  0
128.15961998958187  145.64026096753472  50  0
133.51141009169891  142.36067977499789  50  0
142.36067977499789  133.51141009169893  50  0
145.64026096753472  128.15961998958187  50  0
148.04226065180615  122.36067977499791  50  0
149.5075336238055  116.25737860160923  50  0
150  110  30  0
150  110  10  0
150  -88  50  0
150  -66  50  0
150  -44  50  0
150  -22  50  0
150  0  50  0
150  22  50  0
150  44  50  0
150  66  50  0
150  88  50  0
150  -110  10  0
150  -110  30  0
138.28427124746199  -138.28427124746199  30  0
138.28427124746199  -138.28427124746199  10  0
149.5075336238055  -116.25737860160922  50  0
148.04226065180615  -122.36067977499789  50  0
145.64026096753472  -128.15961998958187  50  0
142.36067977499789  -133.51141009169891  50  0
133.51141009169893  -142.36067977499789  50  0
128.15961998958187  -145.64026096753472  50  0
122.36067977499791  -148.04226065180615  50  0
116.25737860160923  -149.5075336238055  50  0
110  -150  30  0
110  -150  10  0
100  -150  30  0
100  -150  10  0
100  -130  30  0
100  -130  10  0
92.5  -130  10  0
92.5  -130  30  0
92.5  -120  30  0
92.5  -120  10  0
82.5  -120  30  0
82.5  -120  10  0
82.5  -130  30  0
82.5  -130  10  0
75  -130  30  0
75  -130  10  0
75  -150  10  0
75  -150  30  0
65  -150  30  0
65  -150  10  0
65  -130  30  0
65  -130  10  0
57.5  -130  10  0
57.5  -130  30  0
57.5  -120  30  0
57.5  -120  10  0
47.5  -120  30  0
47.5  -120  10  0
47.5  -130  30  0
47.5  -130  10  0
40  -130  30  0
40  -130  10  0
40  -150  10  0
40  -150  30  0
30  -150  30  0
30  -150  10  0
30  -130  30  0
30  -130  10  0
22.5  -130  10  0
22.5  -130  30  0
22.5  -120  30  0
22.5  -120  10  0
12.5  -120  30  0
12.5  -120  10  0
12.5  -130  30  0
12.5  -130  10  0
5  -130  30  0
5  -130  10  0
5  -150  10  0
5  -150  30  0
-5  -150  30  0
-5  -150  10  0
-5  -130  30  0
-5  -130  10  0
-12.5  -130  10  0
-12.5  -130  30  0
-12.5  -120  30  0
-12.5  -120  10  0
-22.5  -120  30  0
-22.5  -120  10  0
-22.5  -130  30  0
-22.5  -130  10  0
-30  -130  30  0
-30  -130  10  0
-30  -150  10  0
-30  -150  30  0
-40  -150  30  0
-40  -150  10  0
-40  -130  30  0
-40  -130  10  0
-47.5  -130  10  0
-47.5  -130  30  0
-47.5  -120  30  0
-47.5  -120  10  0
-57.5  -120  30  0
-57.5  -120  10  0
-57.5  -130  30  0
-57.5  -130  10  0
-65  -130  30  0
-65  -130  10  0
-65  -150  10  0
-65  -150  30  0
-75  -150  30  0
-75  -150  10  0
-75  -130  30  0
-75  -130  10  0
-82.5  -130  10  0
-82.5  -130  30  0
-82.5  -120  30  0
-82.5  -120  10  0
-92.5  -120  30  0
-92.5  -120  10  0
-92.5  -130  30  0
-92.5  -130  10  0
-100  -130  30  0
-100  -130  10  0
-100  -150  10  0
-100  -150  30  0
-110  -150  10  0
-110  -150  30  0
-138.28427124746199  -138.28427124746199  30  0
-138.28427124746199  -138.28427124746199  10  0
-116.25737860160922  -149.5075336238055  50  0
-122.36067977499789  -148.04226065180615  50  0
-128.15961998958187  -145.64026096753472  50  0
-133.51141009169891  -142.36067977499789  50  0
-142.36067977499789  -133.51141009169893  50  0
-145.64026096753472  -128.15961998958187  50  0
-148.04226065180615  -122.36067977499791  50  0
-149.5075336238055  -116.25737860160923  50  0
-150  -110  30  0
-150  -110  10  0
-150  88  50  0
-150  66  50  0
-150  44  50  0
-150  22  50  0
-150  0  50  0
-150  -22  50  0
-150  -44  50  0
-150  -66  50  0
-150  -88  50  0
-150  110  10  0
-150  110  30  0
-138.28427124746199  138.28427124746199  30  0
-138.28427124746199  138.28427124746199  10  0
-149.5075336238055  116.25737860160922  50  0
-148.04226065180615  122.36067977499789  50  0
-145.64026096753472  128.15961998958187  50  0
-142.36067977499789  133.51141009169891  50  0
-133.51141009169893  142.36067977499789  50  0
-128.15961998958187  145.64026096753472  50  0
-122.36067977499791  148.04226065180615  50  0
-116.25737860160923  149.5075336238055  50  0
-110  150  30  0
-110  150  10  0
-100  150  30  0
-100  150  10  0
32.216878364870333  12.5  17.5  0
26.933756729740665  12.5  17.5  0
56.664376442087288  12.5  18.5  0
50.828752884174577  12.5  18.5  0
44.993129326261858  12.5  18.5  0
39.157505768349147  12.5  18.5  0
33.321882210436435  12.5  18.5  0
27.48625865252372  12.5  18.5  0
14.08300145159054  20.655969357899878  17.5  0
15.587245046468334  19.545787061700747  17.5  0
17.004318444272986  18.326296795745655  17.5  0
18.326296795745652  17.004318444272997  17.5  0
19.545787061700743  15.587245046468343  17.5  0
20.655969357899874  14.083001451590549  17.5  0
12.5  32.216878364870333  17.5  0
12.5  26.933756729740665  17.5  0
12.5  29.575317547305502  10  0
-8.5505035831417135  23.492315519647711  10  0
-4.3412044416732583  24.620193825305201  10  0
-4.5924254968025744e-15  25  10  0
4.3412044416732494  24.620193825305204  10  0
8.5505035831417047  23.492315519647715  10  0
-12.5  29.575317547305502  10  0
-12.5  25.235571585149902  22.5  0
-12.5  28.820508075688799  22.5  0
-12.5  32.4054445662277  22.5  0
-12.5  35.990381056766601  22.5  0
-12.5  39.575317547305502  22.5  0
-12.5  43.160254037844396  22.5  0
-12.5  46.745190528383297  22.5  0
-12.5  50.330127018922198  22.5  0
-12.5  53.915063509461099  22.5  0
-16.069690242163475  -19.151111077974459  22.5  0
-19.151111077974438  -16.069690242163496  22.5  0
-21.650635094610962  -12.500000000000009  22.5  0
-23.492315519647704  -8.5505035831417331  22.5  0
-24.620193825305201  -4.341204441673268  22.5  0
-12.5  -53.516737232734556  22.5  0
-12.5  -49.533474465469112  22.5  0
-12.5  -45.550211698203668  22.5  0
-12.5  -41.566948930938224  22.5  0
-12.5  -37.58368616367278  22.5  0
-12.5  -33.600423396407336  22.5  0
-12.5  -29.617160629141893  22.5  0
-12.5  -25.633897861876449  22.5  0
-24.620193825305201  4.3412044416732618  22.5  0
-23.492315519647711  8.5505035831417171  22.5  0
-21.650635094610966  12.500000000000004  22.5  0
-19.151111077974452  16.069690242163482  22.5  0
-16.069690242163471  19.151111077974463  22.5  0
-12.5  -21.650635094611001  16.25  0
-12.5  -29.575317547305502  10  0
8.5505035831417047  -23.492315519647715  10  0
4.3412044416732503  -24.620193825305204  10  0
-4.0203066241915918e-15  -25  10  0
-4.341204441673252  -24.620193825305204  10  0
-8.5505035831417064  -23.492315519647715  10  0
12.5  -29.575317547305502  10  0
12.5  -29.575317547305502  17.5  0
26.933756729740669  -12.5  17.5  0
32.216878364870333  -12.5  17.5  0
20.4788011072248  -14.339410908776145  17.5  0
19.151111077974452  -16.069690242163482  17.5  0
17.677669529663685  -17.677669529663689  17.5  0
16.069690242163475  -19.151111077974456  17.5  0
14.33941090877614  -20.478801107224804  17.5  0
27.486258652523716  -12.5  18.5  0
33.321882210436428  -12.5  18.5  0
39.157505768349139  -12.5  18.5  0
44.993129326261851  -12.5  18.5  0
50.82875288417457  -12.5  18.5  0
56.664376442087281  -12.5  18.5  0
23.492315519647711  8.5505035831417153  18.5  0
24.620193825305201  4.34120444167326  18.5  0
24.620193825305204  -4.3412044416732538  18.5  0
23.492315519647715  -8.5505035831417082  18.5  0
23.648622112740615  -22.420744073050276  30  0
24.403412985792343  -21.984965359311975  30  0
25.222409068983232  -21.686875163049873  30  0
26.080725580757544  -21.535530804036476  30  0
26.952283008234126  -21.535530804036465  30  0
27.810599520008438  -21.686875163049841  30  0
28.629595603199341  -21.984965359311921  30  0
29.384386476251077  -22.420744073050205  30  0
30.052038200428591  -22.980970388562415  30  0
30.612264515940822  -23.648622112739915  30  0
31.04804322967912  -24.403412985791643  30  0
31.346133425941225  -25.222409068982536  30  0
31.497477784954622  -26.080725580756845  30  0
31.497477784954633  -26.952283008233426  30  0
31.346133425941257  -27.810599520007738  30  0
31.048043229679177  -28.629595603198638  30  0
30.612264515940893  -29.384386476250377  30  0
29.38438647625118  -30.612264515940122  30  0
28.629595603199455  -31.048043229678424  30  0
27.810599520008566  -31.346133425940526  30  0
26.952283008234254  -31.497477784953922  30  0
26.080725580757672  -31.497477784953933  30  0
25.222409068983357  -31.346133425940558  30  0
24.40341298579246  -31.048043229678477  30  0
23.648622112740721  -30.612264515940197  30  0
22.980970388563208  -30.052038200427983  30  0
22.420744073050976  -29.384386476250484  30  0
21.984965359312675  -28.629595603198755  30  0
21.686875163050573  -27.810599520007866  30  0
21.535530804037176  -26.952283008233554  30  0
21.535530804037165  -26.080725580756972  30  0
21.686875163050541  -25.222409068982657  30  0
21.984965359312621  -24.403412985791761  30  0
22.420744073050901  -23.648622112740021  30  0
-23.648622112740444  22.420744073050461  30  0
-24.403412985792176  21.984965359312163  30  0
-25.222409068983069  21.686875163050068  30  0
-26.080725580757381  21.535530804036675  30  0
-26.952283008233962  21.535530804036672  30  0
-27.810599520008275  21.686875163050054  30  0
-28.629595603199174  21.984965359312142  30  0
-29.384386476250906  22.420744073050425  30  0
-30.052038200428417  22.980970388562643  30  0
-30.612264515940641  23.648622112740146  30  0
-31.048043229678939  24.403412985791878  30  0
-31.346133425941034  25.22240906898277  30  0
-31.497477784954427  26.080725580757083  30  0
-31.49747778495443  26.952283008233664  30  0
-31.346133425941048  27.810599520007976  30  0
-31.04804322967896  28.629595603198876  30  0
-30.612264515940677  29.384386476250608  30  0
-29.384386476250953  30.612264515940346  30  0
-28.629595603199224  31.04804322967864  30  0
-27.810599520008331  31.346133425940735  30  0
-26.952283008234019  31.497477784954128  30  0
-26.080725580757438  31.497477784954132  30  0
-25.222409068983126  31.346133425940749  30  0
-24.40341298579223  31.048043229678665  30  0
-23.648622112740494  30.612264515940378  30  0
-22.980970388562984  30.052038200428161  30  0
-22.420744073050756  29.384386476250654  30  0
-21.984965359312461  28.629595603198926  30  0
-21.686875163050367  27.810599520008033  30  0
-21.535530804036974  26.952283008233721  30  0
-21.53553080403697  26.080725580757139  30  0
-21.686875163050352  25.222409068982824  30  0
-21.984965359312437  24.403412985791931  30  0
-22.420744073050724  23.648622112740195  30  0
-22.420744073050365  -23.648622112740533  30  0
-21.984965359312067  -24.403412985792265  30  0
-21.686875163049969  -25.222409068983154  30  0
-21.535530804036576  -26.080725580757466  30  0
-21.535530804036568  -26.952283008234048  30  0
-21.686875163049947  -27.81059952000836  30  0
-21.984965359312032  -28.62959560319926  30  0
-22.420744073050315  -29.384386476250995  30  0
-22.980970388562529  -30.052038200428505  30  0
-23.648622112740032  -30.612264515940733  30  0
-24.403412985791761  -31.048043229679031  30  0
-25.222409068982653  -31.34613342594113  30  0
-26.080725580756965  -31.497477784954523  30  0
-26.952283008233547  -31.497477784954533  30  0
-27.810599520007859  -31.346133425941154  30  0
-28.629595603198759  -31.048043229679067  30  0
-29.384386476250494  -30.612264515940783  30  0
-30.612264515940232  -29.384386476251066  30  0
-31.04804322967853  -28.629595603199334  30  0
-31.346133425940629  -27.810599520008445  30  0
-31.497477784954022  -26.952283008234133  30  0
-31.497477784954029  -26.080725580757552  30  0
-31.34613342594065  -25.222409068983236  30  0
-31.048043229678566  -24.403412985792343  30  0
-30.612264515940282  -23.648622112740604  30  0
-30.052038200428065  -22.98097038856309  30  0
-29.384386476250565  -22.420744073050866  30  0
-28.629595603198837  -21.984965359312568  30  0
-27.810599520007944  -21.68687516305047  30  0
-26.952283008233632  -21.535530804037077  30  0
-26.080725580757051  -21.535530804037066  30  0
-25.222409068982735  -21.686875163050445  30  0
-24.403412985791839  -21.984965359312532  30  0
-23.648622112740103  -22.420744073050816  30  0
22.420744073050546  23.648622112740366  30  0
21.984965359312252  24.403412985792098  30  0
21.686875163050161  25.222409068982991  30  0
21.535530804036775  26.080725580757306  30  0
21.535530804036775  26.952283008233888  30  0
21.686875163050157  27.8105995200082  30  0
21.984965359312248  28.629595603199096  30  0
22.420744073050543  29.384386476250828  30  0
22.98097038856276  30.052038200428335  30  0
23.648622112740266  30.612264515940556  30  0
24.403412985791999  31.048043229678846  30  0
25.222409068982895  31.346133425940941  30  0
26.080725580757207  31.497477784954327  30  0
26.952283008233788  31.497477784954327  30  0
27.8105995200081  31.346133425940945  30  0
28.629595603198997  31.048043229678854  30  0
29.384386476250729  30.612264515940559  30  0
30.612264515940456  29.384386476250832  30  0
31.048043229678751  28.6295956031991  30  0
31.346133425940842  27.810599520008207  30  0
31.497477784954228  26.952283008233895  30  0
31.497477784954228  26.080725580757314  30  0
31.346133425940842  25.222409068983001  30  0
31.048043229678754  24.403412985792109  30  0
30.61226451594046  23.648622112740373  30  0
30.052038200428242  22.980970388562866  30  0
29.384386476250732  22.420744073050646  30  0
28.629595603199004  21.984965359312351  30  0
27.810599520008111  21.68687516305026  30  0
26.952283008233795  21.535530804036874  30  0
26.080725580757214  21.535530804036874  30  0
25.222409068982898  21.68687516305026  30  0
24.403412985792009  21.984965359312348  30  0
23.648622112740277  22.420744073050638  30  0
0.86824088833499646  -32.575961234938951  30  0
1.7101007166286919  -32.801536896070438  30  0
2.5000000000003517  -33.169872981077781  30  0
3.2139380484330542  -33.669777784405078  30  0
3.8302222155952537  -34.286061951567262  30  0
4.330127018922564  -34.99999999999995  30  0
4.6984631039299227  -35.789899283371611  30  0
4.9240387650614288  -36.631759111665296  30  0
5.0000000000003979  -37.499999999999943  30  0
4.9240387650614474  -38.368240888334597  30  0
4.6984631039299583  -39.21010071662829  30  0
4.3301270189226164  -39.999999999999957  30  0
3.8302222155953221  -40.713938048432659  30  0
3.2139380484331359  -41.330222215594858  30  0
2.5000000000004454  -41.83012701892217  30  0
1.7101007166287903  -42.198463103929527  30  0
0.86824088833510149  -42.424038765061027  30  0
-0.8682408883342021  -42.424038765061049  30  0
-1.7101007166278963  -42.198463103929562  30  0
-2.4999999999995564  -41.830127018922219  30  0
-3.2139380484322584  -41.330222215594922  30  0
-3.8302222155944583  -40.713938048432738  30  0
-4.3301270189217691  -40.000000000000043  30  0
-4.698463103929126  -39.210100716628396  30  0
-4.924038765060633  -38.368240888334704  30  0
-4.9999999999996021  -37.50000000000005  30  0
-4.9240387650606507  -36.631759111665403  30  0
-4.6984631039291624  -35.789899283371703  30  0
-4.3301270189218215  -35.000000000000043  30  0
-3.8302222155945258  -34.286061951567341  30  0
-3.2139380484323397  -33.669777784405142  30  0
-2.4999999999996469  -33.16987298107783  30  0
-1.7101007166279958  -32.801536896070473  30  0
-0.86824088833430735  -32.575961234938973  30  0
-0.86824088833476087  32.575961234938958  30  0
-1.7101007166284548  32.801536896070452  30  0
-2.5000000000001119  33.169872981077795  30  0
-3.2139380484328108  33.669777784405099  30  0
-3.8302222155950063  34.286061951567291  30  0
-4.3301270189223109  34.999999999999986  30  0
-4.6984631039296643  35.789899283371639  30  0
-4.924038765061165  36.631759111665332  30  0
-5.0000000000001279  37.499999999999979  30  0
-4.9240387650611712  38.368240888334633  30  0
-4.6984631039296767  39.210100716628325  30  0
-4.3301270189223295  39.999999999999986  30  0
-3.8302222155950294  40.713938048432681  30  0
-3.2139380484328393  41.33022221559488  30  0
-2.5000000000001452  41.830127018922184  30  0
-1.7101007166284874  42.198463103929534  30  0
-0.86824088833479707  42.424038765061034  30  0
0.86824088833450652  42.424038765061042  30  0
1.7101007166281992  42.198463103929548  30  0
2.4999999999998566  41.830127018922205  30  0
3.213938048432555  41.330222215594901  30  0
3.830222215594751  40.713938048432709  30  0
4.330127018922056  40.000000000000014  30  0
4.6984631039294076  39.210100716628361  30  0
4.9240387650609092  38.368240888334668  30  0
4.9999999999998721  37.500000000000021  30  0
4.9240387650609145  36.631759111665367  30  0
4.6984631039294209  35.789899283371675  30  0
4.3301270189220746  35.000000000000014  30  0
3.8302222155947732  34.286061951567319  30  0
3.213938048432583  33.66977778440512  30  0
2.4999999999998868  33.169872981077816  30  0
1.7101007166282329  32.801536896070466  30  0
0.86824088833454294  32.575961234938966  30  0
-32.575961234938951  -0.86824088833487767  30  0
-32.801536896070445  -1.7101007166285722  30  0
-33.169872981077788  -2.5000000000002309  30  0
-33.669777784405085  -3.2139380484329316  30  0
-34.286061951567277  -3.8302222155951289  30  0
-34.999999999999964  -4.3301270189224361  30  0
-35.789899283371625  -4.698463103929793  30  0
-36.631759111665311  -4.9240387650612956  30  0
-37.499999999999964  -5.000000000000262  30  0
-38.368240888334618  -4.9240387650613089  30  0
-39.210100716628311  -4.6984631039298161  30  0
-39.999999999999972  -4.3301270189224725  30  0
-40.713938048432667  -3.8302222155951751  30  0
-41.330222215594866  -3.2139380484329867  30  0
-41.830127018922177  -2.5000000000002944  30  0
-42.198463103929534  -1.7101007166286377  30  0
-42.424038765061034  -0.86824088833494828  30  0
-42.424038765061049  0.86824088833435531  30  0
-42.198463103929555  1.7101007166280489  30  0
-41.830127018922212  2.4999999999997073  30  0
-41.330222215594915  3.2139380484324076  30  0
-40.713938048432723  3.8302222155946053  30  0
-40.000000000000028  4.330127018921913  30  0
-39.210100716628375  4.6984631039292681  30  0
-38.368240888334689  4.9240387650607715  30  0
-37.500000000000036  4.999999999999738  30  0
-36.631759111665382  4.924038765060784  30  0
-35.789899283371689  4.6984631039292921  30  0
-35.000000000000028  4.3301270189219494  30  0
-34.286061951567333  3.8302222155946506  30  0
-33.669777784405134  3.2139380484324622  30  0
-33.169872981077823  2.4999999999997677  30  0
-32.801536896070473  1.7101007166281155  30  0
-32.575961234938966  0.86824088833442614  30  0
32.575961234938958  0.86824088833465018  30  0
32.801536896070459  1.7101007166283433  30  0
33.169872981077802  2.4999999999999991  30  0
33.669777784405113  3.2139380484326963  30  0
34.286061951567305  3.8302222155948895  30  0
35  4.3301270189221919  30  0
35.78989928337166  4.6984631039295426  30  0
36.631759111665346  4.9240387650610398  30  0
37.5  5  30  0
38.368240888334647  4.9240387650610407  30  0
39.21010071662834  4.6984631039295426  30  0
40  4.3301270189221928  30  0
40.713938048432695  3.8302222155948904  30  0
41.330222215594887  3.213938048432698  30  0
41.830127018922191  2.5000000000000022  30  0
42.198463103929541  1.7101007166283431  30  0
42.424038765061042  0.86824088833465196  30  0
42.424038765061042  -0.86824088833465163  30  0
42.198463103929541  -1.7101007166283435  30  0
41.830127018922191  -2.4999999999999996  30  0
41.330222215594887  -3.2139380484326963  30  0
40.713938048432695  -3.83022221559489  30  0
40  -4.3301270189221928  30  0
39.210100716628347  -4.6984631039295417  30  0
38.368240888334654  -4.9240387650610398  30  0
37.5  -5  30  0
36.631759111665346  -4.9240387650610398  30  0
35.789899283371653  -4.6984631039295426  30  0
35  -4.3301270189221936  30  0
34.286061951567305  -3.83022221559489  30  0
33.669777784405113  -3.2139380484326976  30  0
33.169872981077809  -2.4999999999999996  30  0
32.801536896070459  -1.7101007166283444  30  0
32.575961234938958  -0.86824088833465363  30  0
-82.618021955482703  -28.809544188937529  80  0
-73.558896030242224  -14.631774151209905  80  0
-87.354034756334855  -5.0000000000003046  80  0
-98.913080583681051  -14.703825673824412  80  0
-97.010681126659364  -24.267833593908094  80  0
-65.304164246142236  -58.233096434277364  80  0
-62.360220922690679  -41.667767476470488  80  0
-78.791187631831733  -38.048339514050383  80  0
-83.146961230254263  -55.557023301960598  80  0
-38.04833951404953  -78.791187631832145  80  0
-41.667767476469812  -62.360220922691127  80  0
-58.233096434276732  -65.304164246142818  80  0
-55.557023301959696  -83.146961230254874  80  0
-5  -87.354034756334855  80  0
-14.631774151209385  -73.558896030242337  80  0
-28.80954418893662  -82.618021955482959  80  0
-24.267833593907394  -97.010681126659549  80  0
-14.703825673823914  -98.913080583681136  80  0
28.809544188937274  -82.618021955482789  80  0
14.631774151209639  -73.558896030242281  80  0
5  -87.354034756334855  80  0
19.509032201612918  -98.078528040323036  80  0
58.233096434277151  -65.304164246142349  80  0
41.667767476470253  -62.360220922690836  80  0
38.048339514050134  -78.791187631831889  80  0
55.557023301960342  -83.146961230254448  80  0
78.791187631832017  -38.048339514049772  80  0
62.360220922690985  -41.667767476470033  80  0
65.304164246142591  -58.233096434276852  80  0
83.146961230254618  -55.557023301960072  80  0
87.354034756334855  -4.9999999999996954  80  0
73.558896030242323  -14.631774151209406  80  0
82.618021955482931  -28.809544188936904  80  0
96.390044520667743  -26.62628996506443  80  0
98.078528040323093  -19.509032201612612  80  0
99.242229305475689  -12.28738875755873  80  0
78.791187631831733  38.048339514050383  80  0
83.146961230254263  55.557023301960605  80  0
65.304164246142236  58.233096434277364  80  0
62.360220922690665  41.667767476470495  80  0
58.233096434276732  65.304164246142818  80  0
55.557023301959731  83.14696123025486  80  0
38.04833951404953  78.791187631832145  80  0
41.667767476469805  62.360220922691134  80  0
28.80954418893662  82.618021955482959  80  0
26.626289965064242  96.3900445206678  80  0
19.509032201612548  98.078528040323093  80  0
12.28738875755891  99.242229305475675  80  0
5  87.354034756334855  80  0
14.63177415120936  73.558896030242337  80  0
-5  87.354034756334855  80  0
-14.703825673824086  98.913080583681108  80  0
-24.267833593907799  97.010681126659449  80  0
-28.809544188937274  82.618021955482789  80  0
-14.631774151209649  73.558896030242281  80  0
-38.048339514050134  78.791187631831889  80  0
-55.557023301960349  83.146961230254448  80  0
-58.233096434277151  65.304164246142349  80  0
-41.667767476470274  62.360220922690814  80  0
-65.304164246142591  58.233096434276852  80  0
-83.146961230254618  55.557023301960065  80  0
-78.791187631832017  38.048339514049772  80  0
-62.360220922690985  41.667767476470033  80  0
-82.618021955482931  28.809544188936904  80  0
-97.01068112665952  24.267833593907518  80  0
-98.91308058368115  14.703825673823776  80  0
-87.354034756334855  4.9999999999996954  80  0
-73.558896030242323  14.631774151209399  80  0
99.486932339189522  -10.116832198743216  50  0
97.952994125249447  -20.129852008866006  50  0
95.413925640004877  -29.936312297335792  50  0
91.895781162023056  -39.435585511331858  50  0
87.434661614458207  -48.530196253108102  50  0
82.076344120727626  -57.126821509479228  50  0
75.875812269279095  -65.137248272222223  50  0
68.896691907568666  -72.479278722911999  50  0
61.210598254766289  -79.07757369376985  50  0
52.896401032696239  -84.864425749475089  50  0
44.039415155763429  -89.780453957074172  50  0
34.730525284482027  -93.775213214708046  50  0
25.065253225872052  -96.807711886620424  50  0
15.14277775045767  -98.846832432811141  50  0
5.0649168838712768  -99.871650717105283  50  0
-5.0649168838712644  -99.871650717105283  50  0
-15.142777750457659  -98.846832432811141  50  0
-25.065253225872041  -96.807711886620424  50  0
-34.730525284482013  -93.77521321470806  50  0
-44.039415155763436  -89.780453957074158  50  0
-52.896401032696247  -84.864425749475089  50  0
-61.210598254766289  -79.07757369376985  50  0
-68.896691907568666  -72.479278722911999  50  0
-75.875812269279095  -65.137248272222223  50  0
-82.076344120727626  -57.126821509479228  50  0
-87.434661614458207  -48.530196253108102  50  0
-91.895781162023056  -39.435585511331858  50  0
-95.413925640004877  -29.936312297335803  50  0
-97.952994125249447  -20.129852008866017  50  0
-99.486932339189522  -10.116832198743229  50  0
-99.486932339189522  10.116832198743204  50  0
-97.952994125249447  20.129852008865992  50  0
-95.413925640004891  29.936312297335775  50  0
-91.89578116202307  39.435585511331837  50  0
-87.434661614458221  48.53019625310808  50  0
-82.07634412072764  57.126821509479207  50  0
-75.875812269279109  65.137248272222209  50  0
-68.89669190756868  72.479278722911971  50  0
-61.210598254766268  79.077573693769864  50  0
-52.896401032696275  84.864425749475075  50  0
-44.039415155763422  89.780453957074172  50  0
-34.730525284482063  93.775213214708032  50  0
-25.065253225872048  96.807711886620424  50  0
-15.142777750457704  98.846832432811141  50  0
-5.0649168838712662  99.871650717105283  50  0
5.0649168838712297  99.871650717105283  50  0
15.142777750457666  98.846832432811141  50  0
25.065253225872009  96.807711886620439  50  0
34.730525284482027  93.775213214708046  50  0
44.039415155763386  89.780453957074187  50  0
52.896401032696239  84.864425749475103  50  0
61.210598254766246  79.077573693769892  50  0
68.896691907568652  72.479278722911999  50  0
75.875812269279052  65.137248272222266  50  0
82.076344120727626  57.126821509479242  50  0
87.434661614458193  48.530196253108151  50  0
91.895781162023056  39.435585511331873  50  0
95.413925640004877  29.936312297335853  50  0
97.952994125249447  20.129852008866028  50  0
99.486932339189508  10.116832198743285  50  0
87.354034756334855  5.0000000000003046  80  0
98.913080583681051  14.703825673824438  80  0
97.010681126659364  24.267833593908126  80  0
82.618021955482703  28.809544188937529  80  0
73.558896030242209  14.631774151209981  80  0
-25  3.06151588455594e-15  48.333333333333329  0
-25  3.06151588455594e-15  74.166666666666657  0
-24.620193825305204  4.3412044416732503  100  0
-23.492315519647711  8.5505035831417171  100  0
-21.650635094610966  12.500000000000004  100  0
-19.151111077974452  16.069690242163482  100  0
-16.069690242163485  19.151111077974448  100  0
-12.499999999999991  21.650635094610969  100  0
-8.5505035831417135  23.492315519647711  100  0
-4.3412044416732583  24.620193825305201  100  0
-4.5924254968025744e-15  25  100  0
4.3412044416732494  24.620193825305204  100  0
8.5505035831417242  23.492315519647708  100  0
12.500000000000004  21.650635094610966  100  0
16.069690242163482  19.151111077974452  100  0
19.151111077974459  16.069690242163475  100  0
21.650635094610969  12.499999999999991  100  0
23.492315519647711  8.5505035831417153  100  0
24.620193825305201  4.34120444167326  100  0
25  -3.06151588455594e-15  79.625  0
25  -3.06151588455594e-15  59.25  0
25  -3.06151588455594e-15  38.875  0
24.620193825305201  -4.3412044416732591  100  0
23.492315519647708  -8.5505035831417189  100  0
21.650635094610966  -12.5  100  0
19.151111077974452  -16.069690242163485  100  0
16.069690242163482  -19.151111077974452  100  0
12.499999999999996  -21.650635094610969  100  0
8.5505035831417153  -23.492315519647711  100  0
4.3412044416732556  -24.620193825305204  100  0
-4.0203066241915918e-15  -25  100  0
-4.3412044416732627  -24.620193825305201  100  0
-8.5505035831417242  -23.492315519647708  100  0
-12.500000000000005  -21.650635094610966  100  0
-16.069690242163485  -19.151111077974452  100  0
-19.151111077974452  -16.069690242163478  100  0
-21.650635094610973  -12.499999999999989  100  0
-23.492315519647711  -8.5505035831417118  100  0
-24.620193825305201  -4.3412044416732565  100  0
22.980970388563101  -22.980970388562501  40  0
22.980970388563101  -22.980970388562501  50  0
22.980970388563101  -22.980970388562501  60  0
22.980970388563101  -22.980970388562501  70  0
22.980970388563101  -22.980970388562501  80  0
22.980970388563101  -22.980970388562501  90  0
23.648622112740615  -22.420744073050276  100  0
24.403412985792343  -21.984965359311975  100  0
25.222409068983232  -21.686875163049873  100  0
26.080725580757544  -21.535530804036476  100  0
26.952283008234126  -21.535530804036465  100  0
27.810599520008438  -21.686875163049841  100  0
28.629595603199341  -21.984965359311921  100  0
29.384386476251077  -22.420744073050205  100  0
30.052038200428591  -22.980970388562415  100  0
30.612264515940822  -23.648622112739915  100  0
31.04804322967912  -24.403412985791643  100  0
31.346133425941225  -25.222409068982536  100  0
31.497477784954622  -26.080725580756845  100  0
31.497477784954633  -26.952283008233426  100  0
31.346133425941257  -27.810599520007738  100  0
31.048043229679177  -28.629595603198638  100  0
30.612264515940893  -29.384386476250377  100  0
30.052038200428701  -30.052038200427901  90  0
30.052038200428701  -30.052038200427901  80  0
30.052038200428701  -30.052038200427901  70  0
30.052038200428701  -30.052038200427901  60  0
30.052038200428701  -30.052038200427901  50  0
30.052038200428701  -30.052038200427901  40  0
29.38438647625118  -30.612264515940122  100  0
28.629595603199455  -31.048043229678424  100  0
27.810599520008566  -31.346133425940526  100  0
26.952283008234254  -31.497477784953922  100  0
26.080725580757672  -31.497477784953933  100  0
25.222409068983357  -31.346133425940558  100  0
24.40341298579246  -31.048043229678477  100  0
23.648622112740721  -30.612264515940197  100  0
22.980970388563208  -30.052038200427983  100  0
22.420744073050976  -29.384386476250484  100  0
21.984965359312675  -28.629595603198755  100  0
21.686875163050573  -27.810599520007866  100  0
21.535530804037176  -26.952283008233554  100  0
21.535530804037165  -26.080725580756972  100  0
21.686875163050541  -25.222409068982657  100  0
21.984965359312621  -24.403412985791761  100  0
22.420744073050901  -23.648622112740021  100  0
-22.980970388562898  22.980970388562699  38.75  0
-22.980970388562898  22.980970388562699  47.5  0
-22.980970388562898  22.980970388562699  56.25  0
-22.980970388562898  22.980970388562699  65  0
-22.980970388562898  22.980970388562699  73.75  0
-22.980970388562898  22.980970388562699  82.5  0
-22.980970388562898  22.980970388562699  91.25  0
-23.648622112740444  22.420744073050461  100  0
-24.403412985792176  21.984965359312163  100  0
-25.222409068983069  21.686875163050068  100  0
-26.080725580757381  21.535530804036675  100  0
-26.952283008233962  21.535530804036672  100  0
-27.810599520008275  21.686875163050054  100  0
-28.629595603199174  21.984965359312142  100  0
-29.384386476250906  22.420744073050425  100  0
-30.052038200428417  22.980970388562643  100  0
-30.612264515940641  23.648622112740146  100  0
-31.048043229678939  24.403412985791878  100  0
-31.346133425941034  25.22240906898277  100  0
-31.497477784954427  26.080725580757083  100  0
-31.49747778495443  26.952283008233664  100  0
-31.346133425941048  27.810599520007976  100  0
-31.04804322967896  28.629595603198876  100  0
-30.612264515940677  29.384386476250608  100  0
-30.052038200428498  30.0520382004281  91.25  0
-30.052038200428498  30.0520382004281  82.5  0
-30.052038200428498  30.0520382004281  73.75  0
-30.052038200428498  30.0520382004281  65  0
-30.052038200428498  30.0520382004281  56.25  0
-30.052038200428498  30.0520382004281  47.5  0
-30.052038200428498  30.0520382004281  38.75  0
-29.384386476250953  30.612264515940346  100  0
-28.629595603199224  31.04804322967864  100  0
-27.810599520008331  31.346133425940735  100  0
-26.952283008234019  31.497477784954128  100  0
-26.080725580757438  31.497477784954132  100  0
-25.222409068983126  31.346133425940749  100  0
-24.40341298579223  31.048043229678665  100  0
-23.648622112740494  30.612264515940378  100  0
-22.980970388562984  30.052038200428161  100  0
-22.420744073050756  29.384386476250654  100  0
-21.984965359312461  28.629595603198926  100  0
-21.686875163050367  27.810599520008033  100  0
-21.535530804036974  26.952283008233721  100  0
-21.53553080403697  26.080725580757139  100  0
-21.686875163050352  25.222409068982824  100  0
-21.984965359312437  24.403412985791931  100  0
-22.420744073050724  23.648622112740195  100  0
-22.9809703885626  -22.980970388563001  38.75  0
-22.9809703885626  -22.980970388563001  47.5  0
-22.9809703885626  -22.980970388563001  56.25  0
-22.9809703885626  -22.980970388563001  65  0
-22.9809703885626  -22.980970388563001  73.75  0
-22.9809703885626  -22.980970388563001  82.5  0
-22.9809703885626  -22.980970388563001  91.25  0
-22.420744073050365  -23.648622112740533  100  0
-21.984965359312067  -24.403412985792265  100  0
-21.686875163049969  -25.222409068983154  100  0
-21.535530804036576  -26.080725580757466  100  0
-21.535530804036568  -26.952283008234048  100  0
-21.686875163049947  -27.81059952000836  100  0
-21.984965359312032  -28.62959560319926  100  0
-22.420744073050315  -29.384386476250995  100  0
-22.980970388562529  -30.052038200428505  100  0
-23.648622112740032  -30.612264515940733  100  0
-24.403412985791761  -31.048043229679031  100  0
-25.222409068982653  -31.34613342594113  100  0
-26.080725580756965  -31.497477784954523  100  0
-26.952283008233547  -31.497477784954533  100  0
-27.810599520007859  -31.346133425941154  100  0
-28.629595603198759  -31.048043229679067  100  0
-29.384386476250494  -30.612264515940783  100  0
-30.052038200428001  -30.052038200428601  91.25  0
-30.052038200428001  -30.052038200428601  82.5  0
-30.052038200428001  -30.052038200428601  73.75  0
-30.052038200428001  -30.052038200428601  65  0
-30.052038200428001  -30.052038200428601  56.25  0
-30.052038200428001  -30.052038200428601  47.5  0
-30.052038200428001  -30.052038200428601  38.75  0
-30.612264515940232  -29.384386476251066  100  0
-31.04804322967853  -28.629595603199334  100  0
-31.346133425940629  -27.810599520008445  100  0
-31.497477784954022  -26.952283008234133  100  0
-31.497477784954029  -26.080725580757552  100  0
-31.34613342594065  -25.222409068983236  100  0
-31.048043229678566  -24.403412985792343  100  0
-30.612264515940282  -23.648622112740604  100  0
-30.052038200428065  -22.98097038856309  100  0
-29.384386476250565  -22.420744073050866  100  0
-28.629595603198837  -21.984965359312568  100  0
-27.810599520007944  -21.68687516305047  100  0
-26.952283008233632  -21.535530804037077  100  0
-26.080725580757051  -21.535530804037066  100  0
-25.222409068982735  -21.686875163050445  100  0
-24.403412985791839  -21.984965359312532  100  0
-23.648622112740103  -22.420744073050816  100  0
22.980970388562799  22.980970388562898  40  0
22.980970388562799  22.980970388562898  50  0
22.980970388562799  22.980970388562898  60  0
22.980970388562799  22.980970388562898  70  0
22.980970388562799  22.980970388562898  80  0
22.980970388562799  22.980970388562898  90  0
22.420744073050546  23.648622112740366  100  0
21.984965359312252  24.403412985792098  100  0
21.686875163050161  25.222409068982991  100  0
21.535530804036775  26.080725580757306  100  0
21.535530804036775  26.952283008233888  100  0
21.686875163050157  27.8105995200082  100  0
21.984965359312248  28.629595603199096  100  0
22.420744073050543  29.384386476250828  100  0
22.98097038856276  30.052038200428335  100  0
23.648622112740266  30.612264515940556  100  0
24.403412985791999  31.048043229678846  100  0
25.222409068982895  31.346133425940941  100  0
26.080725580757207  31.497477784954327  100  0
26.952283008233788  31.497477784954327  100  0
27.8105995200081  31.346133425940945  100  0
28.629595603198997  31.048043229678854  100  0
29.384386476250729  30.612264515940559  100  0
30.0520382004282  30.052038200428299  91.25  0
30.0520382004282  30.052038200428299  82.5  0
30.0520382004282  30.052038200428299  73.75  0
30.0520382004282  30.052038200428299  65  0
30.0520382004282  30.052038200428299  56.25  0
30.0520382004282  30.052038200428299  47.5  0
30.0520382004282  30.052038200428299  38.75  0
30.612264515940456  29.384386476250832  100  0
31.048043229678751  28.6295956031991  100  0
31.346133425940842  27.810599520008207  100  0
31.497477784954228  26.952283008233895  100  0
31.497477784954228  26.080725580757314  100  0
31.346133425940842  25.222409068983001  100  0
31.048043229678754  24.403412985792109  100  0
30.61226451594046  23.648622112740373  100  0
30.052038200428242  22.980970388562866  100  0
29.384386476250732  22.420744073050646  100  0
28.629595603199004  21.984965359312351  100  0
27.810599520008111  21.68687516305026  100  0
26.952283008233795  21.535530804036874  100  0
26.080725580757214  21.535530804036874  100  0
25.222409068982898  21.68687516305026  100  0
24.403412985792009  21.984965359312348  100  0
23.648622112740277  22.420744073050638  100  0
3.4614401511991998e-13  -32.5  40  0
3.4614401511991998e-13  -32.5  50  0
3.4614401511991998e-13  -32.5  60  0
3.4614401511991998e-13  -32.5  70  0
3.4614401511991998e-13  -32.5  80  0
3.4614401511991998e-13  -32.5  90  0
0.86824088833499646  -32.575961234938951  100  0
1.7101007166286919  -32.801536896070438  100  0
2.5000000000003517  -33.169872981077781  100  0
3.2139380484330542  -33.669777784405078  100  0
3.8302222155952537  -34.286061951567262  100  0
4.330127018922564  -34.99999999999995  100  0
4.6984631039299227  -35.789899283371611  100  0
4.9240387650614288  -36.631759111665296  100  0
5.0000000000003979  -37.499999999999943  100  0
4.9240387650614474  -38.368240888334597  100  0
4.6984631039299583  -39.21010071662829  100  0
4.3301270189226164  -39.999999999999957  100  0
3.8302222155953221  -40.713938048432659  100  0
3.2139380484331359  -41.330222215594858  100  0
2.5000000000004454  -41.83012701892217  100  0
1.7101007166287903  -42.198463103929527  100  0
0.86824088833510149  -42.424038765061027  100  0
4.4966384893139198e-13  -42.5  91.25  0
4.4966384893139198e-13  -42.5  82.5  0
4.4966384893139198e-13  -42.5  73.75  0
4.4966384893139198e-13  -42.5  65  0
4.4966384893139198e-13  -42.5  56.25  0
4.4966384893139198e-13  -42.5  47.5  0
4.4966384893139198e-13  -42.5  38.75  0
-0.8682408883342021  -42.424038765061049  100  0
-1.7101007166278963  -42.198463103929562  100  0
-2.4999999999995564  -41.830127018922219  100  0
-3.2139380484322584  -41.330222215594922  100  0
-3.8302222155944583  -40.713938048432738  100  0
-4.3301270189217691  -40.000000000000043  100  0
-4.698463103929126  -39.210100716628396  100  0
-4.924038765060633  -38.368240888334704  100  0
-4.9999999999996021  -37.50000000000005  100  0
-4.9240387650606507  -36.631759111665403  100  0
-4.6984631039291624  -35.789899283371703  100  0
-4.3301270189218215  -35.000000000000043  100  0
-3.8302222155945258  -34.286061951567341  100  0
-3.2139380484323397  -33.669777784405142  100  0
-2.4999999999996469  -33.16987298107783  100  0
-1.7101007166279958  -32.801536896070473  100  0
-0.86824088833430735  -32.575961234938973  100  0
-1.11052588919513e-13  32.5  40  0
-1.11052588919513e-13  32.5  50  0
-1.11052588919513e-13  32.5  60  0
-1.11052588919513e-13  32.5  70  0
-1.11052588919513e-13  32.5  80  0
-1.11052588919513e-13  32.5  90  0
-0.86824088833476087  32.575961234938958  100  0
-1.7101007166284548  32.801536896070452  100  0
-2.5000000000001119  33.169872981077795  100  0
-3.2139380484328108  33.669777784405099  100  0
-3.8302222155950063  34.286061951567291  100  0
-4.3301270189223109  34.999999999999986  100  0
-4.6984631039296643  35.789899283371639  100  0
-4.924038765061165  36.631759111665332  100  0
-5.0000000000001279  37.499999999999979  100  0
-4.9240387650611712  38.368240888334633  100  0
-4.6984631039296767  39.210100716628325  100  0
-4.3301270189223295  39.999999999999986  100  0
-3.8302222155950294  40.713938048432681  100  0
-3.2139380484328393  41.33022221559488  100  0
-2.5000000000001452  41.830127018922184  100  0
-1.7101007166284874  42.198463103929534  100  0
-0.86824088833479707  42.424038765061034  100  0
-1.44742795954123e-13  42.5  90  0
-1.44742795954123e-13  42.5  80  0
-1.44742795954123e-13  42.5  70  0
-1.44742795954123e-13  42.5  60  0
-1.44742795954123e-13  42.5  50  0
-1.44742795954123e-13  42.5  40  0
0.86824088833450652  42.424038765061042  100  0
1.7101007166281992  42.198463103929548  100  0
2.4999999999998566  41.830127018922205  100  0
3.213938048432555  41.330222215594901  100  0
3.830222215594751  40.713938048432709  100  0
4.330127018922056  40.000000000000014  100  0
4.6984631039294076  39.210100716628361  100  0
4.9240387650609092  38.368240888334668  100  0
4.9999999999998721  37.500000000000021  100  0
4.9240387650609145  36.631759111665367  100  0
4.6984631039294209  35.789899283371675  100  0
4.3301270189220746  35.000000000000014  100  0
3.8302222155947732  34.286061951567319  100  0
3.213938048432583  33.66977778440512  100  0
2.4999999999998868  33.169872981077816  100  0
1.7101007166282329  32.801536896070466  100  0
0.86824088833454294  32.575961234938966  100  0
-32.5  -2.27558590201715e-13  40  0
-32.5  -2.27558590201715e-13  50  0
-32.5  -2.27558590201715e-13  60  0
-32.5  -2.27558590201715e-13  70  0
-32.5  -2.27558590201715e-13  80  0
-32.5  -2.27558590201715e-13  90  0
-32.575961234938951  -0.86824088833487767  100  0
-32.801536896070445  -1.7101007166285722  100  0
-33.169872981077788  -2.5000000000002309  100  0
-33.669777784405085  -3.2139380484329316  100  0
-34.286061951567277  -3.8302222155951289  100  0
-34.999999999999964  -4.3301270189224361  100  0
-35.789899283371625  -4.698463103929793  100  0
-36.631759111665311  -4.9240387650612956  100  0
-37.499999999999964  -5.000000000000262  100  0
-38.368240888334618  -4.9240387650613089  100  0
-39.210100716628311  -4.6984631039298161  100  0
-39.999999999999972  -4.3301270189224725  100  0
-40.713938048432667  -3.8302222155951751  100  0
-41.330222215594866  -3.2139380484329867  100  0
-41.830127018922177  -2.5000000000002944  100  0
-42.198463103929534  -1.7101007166286377  100  0
-42.424038765061034  -0.86824088833494828  100  0
-42.5  -2.9616361062475498e-13  91.25  0
-42.5  -2.9616361062475498e-13  82.5  0
-42.5  -2.9616361062475498e-13  73.75  0
-42.5  -2.9616361062475498e-13  65  0
-42.5  -2.9616361062475498e-13  56.25  0
-42.5  -2.9616361062475498e-13  47.5  0
-42.5  -2.9616361062475498e-13  38.75  0
-42.424038765061049  0.86824088833435531  100  0
-42.198463103929555  1.7101007166280489  100  0
-41.830127018922212  2.4999999999997073  100  0
-41.330222215594915  3.2139380484324076  100  0
-40.713938048432723  3.8302222155946053  100  0
-40.000000000000028  4.330127018921913  100  0
-39.210100716628375  4.6984631039292681  100  0
-38.368240888334689  4.9240387650607715  100  0
-37.500000000000036  4.999999999999738  100  0
-36.631759111665382  4.924038765060784  100  0
-35.789899283371689  4.6984631039292921  100  0
-35.000000000000028  4.3301270189219494  100  0
-34.286061951567333  3.8302222155946506  100  0
-33.669777784405134  3.2139380484324622  100  0
-33.169872981077823  2.4999999999997677  100  0
-32.801536896070473  1.7101007166281155  100  0
-32.575961234938966  0.86824088833442614  100  0
32.5  6.1230317691118902e-16  40  0
32.5  6.1230317691118902e-16  50  0
32.5  6.1230317691118902e-16  60  0
32.5  6.1230317691118902e-16  70  0
32.5  6.1230317691118902e-16  80  0
32.5  6.1230317691118902e-16  90  0
32.575961234938958  0.86824088833465018  100  0
32.801536896070459  1.7101007166283433  100  0
33.169872981077802  2.4999999999999991  100  0
33.669777784405113  3.2139380484326963  100  0
34.286061951567305  3.8302222155948895  100  0
35  4.3301270189221919  100  0
35.78989928337166  4.6984631039295426  100  0
36.631759111665346  4.9240387650610398  100  0
37.5  5  100  0
38.368240888334647  4.9240387650610407  100  0
39.21010071662834  4.6984631039295426  100  0
40  4.3301270189221928  100  0
40.713938048432695  3.8302222155948904  100  0
41.330222215594887  3.213938048432698  100  0
41.830127018922191  2.5000000000000022  100  0
42.198463103929541  1.7101007166283431  100  0
42.424038765061042  0.86824088833465196  100  0
42.5  -6.1230317691118902e-16  90  0
42.5  -6.1230317691118902e-16  80  0
42.5  -6.1230317691118902e-16  70  0
42.5  -6.1230317691118902e-16  60  0
42.5  -6.1230317691118902e-16  50  0
42.5  -6.1230317691118902e-16  40  0
42.424038765061042  -0.86824088833465163  100  0
42.198463103929541  -1.7101007166283435  100  0
41.830127018922191  -2.4999999999999996  100  0
41.330222215594887  -3.2139380484326963  100  0
40.713938048432695  -3.83022221559489  100  0
40  -4.3301270189221928  100  0
39.210100716628347  -4.6984631039295417  100  0
38.368240888334654  -4.9240387650610398  100  0
37.5  -5  100  0
36.631759111665346  -4.9240387650610398  100  0
35.789899283371653  -4.6984631039295426  100  0
35  -4.3301270189221936  100  0
34.286061951567305  -3.83022221559489  100  0
33.669777784405113  -3.2139380484326976  100  0
33.169872981077809  -2.4999999999999996  100  0
32.801536896070459  -1.7101007166283444  100  0
32.575961234938958  -0.86824088833465363  100  0
81.093591245906836  5.0000000000002833  65  0
87.354034756334855  5.0000000000003046  65  0
93.614478266762873  5.0000000000003268  65  0
93.614478266762873  -4.9999999999996732  65  0
87.354034756334855  -4.9999999999996954  65  0
81.093591245906836  -4.9999999999997167  65  0
73.558896030242323  -14.631774151209406  65  0
76.834126331755371  -26.413776178238582  65  0
82.618021955482931  -28.809544188936904  65  0
88.401917579210476  -31.205312199635227  65  0
84.575083255559576  -40.444107524748098  65  0
78.791187631832017  -38.048339514049772  65  0
73.007292008104457  -35.652571503351446  65  0
62.360220922690985  -41.667767476470033  65  0
60.877362186683619  -53.806294374817909  65  0
65.304164246142591  -58.233096434276852  65  0
69.730966305601569  -62.65989849373581  65  0
62.659898493736101  -69.730966305601299  65  0
58.233096434277151  -65.304164246142349  65  0
53.806294374818194  -60.87736218668342  65  0
41.667767476470253  -62.360220922690836  65  0
35.652571503351773  -73.007292008104329  65  0
38.048339514050127  -78.791187631831875  65  0
40.444107524748482  -84.575083255559434  65  0
31.20531219963561  -88.401917579210306  65  0
28.809544188937263  -82.61802195548276  65  0
26.413776178238916  -76.834126331755229  65  0
14.631774151209639  -73.558896030242281  65  0
5  -81.093591245906822  65  0
5  -87.354034756334855  65  0
5  -93.614478266762887  65  0
-5  -93.614478266762887  65  0
-5  -87.354034756334855  65  0
-5  -81.093591245906822  65  0
-14.631774151209385  -73.558896030242337  65  0
-26.413776178238312  -76.834126331755385  65  0
-28.80954418893662  -82.618021955482959  65  0
-31.205312199634939  -88.401917579210547  65  0
-40.444107524747849  -84.575083255559733  65  0
-38.04833951404953  -78.791187631832145  65  0
-35.652571503351218  -73.007292008104571  65  0
-41.667767476469812  -62.360220922691127  65  0
-53.806294374817767  -60.877362186683811  65  0
-58.233096434276732  -65.304164246142818  65  0
-62.659898493735689  -69.730966305601825  65  0
-69.730966305601171  -62.65989849373635  65  0
-65.304164246142236  -58.233096434277364  65  0
-60.877362186683285  -53.806294374818371  65  0
-62.360220922690679  -41.667767476470488  65  0
-73.007292008104216  -35.652571503352021  65  0
-78.791187631831733  -38.048339514050383  65  0
-84.575083255559264  -40.444107524748745  65  0
-88.401917579210249  -31.205312199635902  65  0
-82.618021955482703  -28.809544188937529  65  0
-76.834126331755172  -26.413776178239164  65  0
-73.558896030242224  -14.631774151209905  65  0
-81.093591245906836  -5.0000000000002833  65  0
-87.354034756334855  -5.0000000000003046  65  0
-93.614478266762873  -5.0000000000003268  65  0
100  -1.2246063538223799e-14  57.5  0
99.968725553842816  -2.5007821057529975  65  0
93.316067310260337  -35.94595362133213  65  0
91.4020515506067  -40.566796426883826  65  0
72.456883730947325  -68.920243760450973  65  0
68.920243760451243  -72.456883730947069  65  0
40.566796426884153  -91.402051550606558  65  0
35.945953621332485  -93.316067310260209  65  0
2.500782105753192  -99.968725553842802  65  0
-2.5007821057531796  -99.968725553842802  65  0
-35.945953621331839  -93.316067310260465  65  0
-40.566796426883457  -91.40205155060687  65  0
-68.920243760450745  -72.456883730947553  65  0
-72.456883730946871  -68.920243760451456  65  0
-91.402051550606416  -40.566796426884487  65  0
-93.316067310260081  -35.945953621332805  65  0
-99.968725553842802  -2.5007821057533315  65  0
-100  1.2246063538223799e-14  57.5  0
-93.614478266762873  4.9999999999996732  65  0
-87.354034756334855  4.9999999999996954  65  0
-81.093591245906836  4.9999999999997167  65  0
-73.558896030242323  14.631774151209399  65  0
-76.834126331755371  26.413776178238582  65  0
-82.618021955482931  28.809544188936904  65  0
-88.401917579210476  31.205312199635227  65  0
-84.575083255559576  40.444107524748098  65  0
-78.791187631832017  38.048339514049772  65  0
-73.007292008104457  35.652571503351446  65  0
-62.360220922690985  41.667767476470033  65  0
-60.877362186683619  53.806294374817909  65  0
-65.304164246142591  58.233096434276852  65  0
-69.730966305601569  62.65989849373581  65  0
-62.659898493736101  69.730966305601299  65  0
-58.233096434277151  65.304164246142349  65  0
-53.806294374818194  60.87736218668342  65  0
-41.667767476470274  62.360220922690814  65  0
-35.652571503351773  73.007292008104329  65  0
-38.048339514050127  78.791187631831875  65  0
-40.444107524748482  84.575083255559434  65  0
-31.20531219963561  88.401917579210306  65  0
-28.809544188937263  82.61802195548276  65  0
-26.413776178238916  76.834126331755229  65  0
-14.631774151209649  73.558896030242281  65  0
-5  81.093591245906822  65  0
-5  87.354034756334855  65  0
-5  93.614478266762887  65  0
5  93.614478266762887  65  0
5  87.354034756334855  65  0
5  81.093591245906822  65  0
14.63177415120936  73.558896030242337  65  0
26.413776178238312  76.834126331755385  65  0
28.80954418893662  82.618021955482959  65  0
31.205312199634939  88.401917579210547  65  0
40.444107524747849  84.575083255559733  65  0
38.04833951404953  78.791187631832145  65  0
35.652571503351218  73.007292008104571  65  0
41.667767476469805  62.360220922691134  65  0
53.806294374817767  60.877362186683811  65  0
58.233096434276732  65.304164246142818  65  0
62.659898493735689  69.730966305601825  65  0
69.730966305601171  62.65989849373635  65  0
65.304164246142236  58.233096434277364  65  0
60.877362186683285  53.806294374818371  65  0
62.360220922690665  41.667767476470495  65  0
73.007292008104216  35.652571503352021  65  0
78.791187631831733  38.048339514050383  65  0
84.575083255559264  40.444107524748745  65  0
-99.968725553842816  2.5007821057529962  65  0
-93.316067310260351  35.945953621332123  65  0
-91.402051550606714  40.566796426883819  65  0
-72.456883730947339  68.920243760450958  65  0
-68.920243760451271  72.456883730947041  65  0
-40.566796426884252  91.402051550606529  65  0
-35.945953621332485  93.316067310260209  65  0
-2.5007821057531601  99.968725553842802  65  0
2.5007821057531232  99.968725553842802  65  0
35.945953621331782  93.316067310260479  65  0
40.566796426883407  91.402051550606885  65  0
68.920243760450731  72.456883730947553  65  0
72.456883730946856  68.92024376045147  65  0
91.402051550606416  40.566796426884501  65  0
93.316067310260081  35.945953621332819  65  0
99.968725553842802  2.5007821057533435  65  0
88.401917579210249  31.205312199635902  65  0
82.618021955482703  28.809544188937529  65  0
76.834126331755172  26.413776178239164  65  0
73.558896030242209  14.631774151209981  65  0
49.635443704902698  6.0268340127661535  100  0
48.547090871302601  11.965783214377888  100  0
46.750812134270738  17.730244352126782  100  0
44.272801282660495  23.236158602188429  100  0
41.149193294682817  28.40323733655779  100  0
37.425537408555051  33.156132912039759  100  0
33.156132912039759  37.425537408555051  100  0
28.40323733655779  41.149193294682817  100  0
23.236158602188432  44.272801282660488  100  0
17.730244352126778  46.750812134270738  100  0
11.965783214377881  48.547090871302601  100  0
6.0268340127661499  49.635443704902698  100  0
3.061616997868383e-15  50  100  0
-6.0268340127661553  49.635443704902698  100  0
-11.965783214377897  48.547090871302601  100  0
-17.730244352126785  46.750812134270738  100  0
-23.236158602188425  44.272801282660495  100  0
-28.403237336557787  41.149193294682824  100  0
-33.156132912039773  37.425537408555051  100  0
-37.425537408555059  33.156132912039759  100  0
-41.149193294682817  28.40323733655779  100  0
-44.272801282660502  23.236158602188414  100  0
-46.750812134270745  17.730244352126771  100  0
-48.547090871302601  11.965783214377884  100  0
-49.635443704902698  6.0268340127661535  100  0
-49.605735065723891  -6.2666616782152147  100  0
-48.429158056431561  -12.434494358242729  100  0
-46.488824294412574  -18.406227634233897  100  0
-43.815334002193183  -24.087683705085748  100  0
-40.450849718747371  -29.38926261462365  100  0
-36.448431371070576  -34.227355296434439  100  0
-31.871199487434478  -38.525662138789471  100  0
-26.791339748949856  -42.216396275100735  100  0
-21.288964578253651  -45.241352623300969  100  0
-15.450849718747378  -47.552825814757675  100  0
-9.3690657292862323  -49.114362536434435  100  0
-3.1395259764656602  -49.901336421413575  100  0
3.139525976465686  -49.901336421413575  100  0
9.3690657292862127  -49.114362536434435  100  0
15.450849718747362  -47.552825814757682  100  0
21.28896457825363  -45.241352623300976  100  0
26.791339748949838  -42.216396275100749  100  0
31.871199487434499  -38.52566213878945  100  0
36.448431371070569  -34.227355296434446  100  0
40.450849718747364  -29.389262614623668  100  0
43.815334002193183  -24.087683705085766  100  0
46.488824294412574  -18.406227634233893  100  0
48.429158056431561  -12.434494358242725  100  0
49.605735065723891  -6.2666616782151889  100  0
-49.240387650610408  8.6824088833465005  65  0
-46.984631039295422  17.101007166283434  65  0
-43.301270189221931  25.000000000000007  65  0
-38.302222155948904  32.139380484326963  65  0
-32.139380484326971  38.302222155948897  65  0
-24.999999999999982  43.301270189221938  65  0
-17.101007166283427  46.984631039295422  65  0
-8.6824088833465165  49.240387650610401  65  0
-9.1848509936051487e-15  50  65  0
8.6824088833464987  49.240387650610408  65  0
17.101007166283448  46.984631039295415  65  0
25.000000000000007  43.301270189221931  65  0
32.139380484326963  38.302222155948904  65  0
38.302222155948918  32.139380484326949  65  0
43.301270189221938  24.999999999999982  65  0
46.984631039295422  17.101007166283431  65  0
49.240387650610401  8.6824088833465201  65  0
49.240387650610401  -8.6824088833465183  65  0
46.984631039295415  -17.101007166283438  65  0
43.301270189221931  -25  65  0
38.302222155948904  -32.139380484326971  65  0
32.139380484326963  -38.302222155948904  65  0
24.999999999999993  -43.301270189221938  65  0
17.101007166283431  -46.984631039295422  65  0
8.6824088833465112  -49.240387650610408  65  0
-8.0406132483831835e-15  -50  65  0
-8.6824088833465254  -49.240387650610401  65  0
-17.101007166283448  -46.984631039295415  65  0
-25.000000000000011  -43.301270189221931  65  0
-32.139380484326971  -38.302222155948904  65  0
-38.302222155948904  -32.139380484326956  65  0
-43.301270189221945  -24.999999999999979  65  0
-46.984631039295422  -17.101007166283424  65  0
-49.240387650610401  -8.682408883346513  65  0
50  -6.1230317691118902e-15  82.5  0
-50  6.1230317691118902e-15  82.5  0
109.25035487917236  0.22457881957878947  18.5  0
119.89238960708435  0.91479770944066174  18.5  0
131.05287540866414  3.1505326587482565  18.5  0
129.00721791042557  7.7760710248718405  18.5  0
131.97381056774572  -2.0972121554332657  18.5  0
118.71739605185591  6.7085992324330803  18.5  0
126.15909079729818  -0.99300834564859497  18.5  0
95.014204619678296  0.042904126452371225  18.5  0
124.88215621533658  9.5589169767826814  18.5  0
125.37145210028042  -9.9425198716704806  18.5  0
128.69902389043199  -6.5629045513802078  18.5  0
120.38587019752534  -5.9052060434029787  18.5  0
124.95171583348122  4.5232674600700067  18.5  0
108.61217971200001  12.5  14.708934080000001  0
100  25.002844444444445  10  0
100  -24.997155555555555  10  0
108.61217971200001  -12.5  14.708934080000001  0
130.74919252741233  52.441468230592335  21  0
114.17644046841956  51.880256587513671  21  0
131.81195540475559  47.761300148228052  21  0
125.59661751633371  39.875021467613301  21  0
121.44878833882711  58.899883586239483  21  0
128.75541939112273  43.264061809289792  21  0
124.67258925133018  54.728024716735071  21  0
129.95635012712464  56.8290321724633  21  0
125.3046701083323  48.87477242873814  21  0
90.786204051590701  45.243390812315077  21  0
98.493401497099001  50.606976503963672  21  0
126.41519888742909  59.422659498752488  21  0
121.67714332705258  43.15336716223775  21  0
91.306910822706115  56.88177560953671  21  0
119.50829842525229  -65.774741748151214  17.5  0
131.94351032588617  63.31648761214651  17.5  0
132.30326986416358  -34.840199109376741  17.5  0
123.62672098849353  66.613315307199642  17.5  0
133.82838387378118  -61.146661817890617  17.5  0
131.79070446154213  13.252651414197876  17.5  0
122.24248809253314  17.122395286644476  17.5  0
121.719133747963  -16.665569354394698  17.5  0
131.37396560243528  35.95875728911642  17.5  0
119.88385571182879  66.267548625094847  17.5  0
129.81371101100925  20.140227584930738  17.5  0
134.78501364715726  60.235906115602738  17.5  0
132.52115190999328  -10.448959048968577  17.5  0
132.94758038472901  -39.641538077814786  17.5  0
128.02316572560932  -20.785238481890733  17.5  0
133.58428112275172  40.397398231969795  17.5  0
126.86978570626076  -66.291728173369762  17.5  0
127.26505306488448  -35.089014503767977  17.5  0
129.47819815107368  -37.728097303849658  17.5  0
127.23480195365464  -14.892093484757025  17.5  0
130.71795366996611  28.497570082776932  17.5  0
132.62802961805374  9.9272879328381283  17.5  0
126.30222716016587  33.580063521154173  17.5  0
122.69439301622003  33.94799737434986  17.5  0
119.74526314777781  -24.951674137079777  17.5  0
127.71488017857652  65.78559569286115  17.5  0
121.86885625816782  27.144121000739212  17.5  0
129.16392294541924  -28.997150052840542  17.5  0
127.13100422808004  14.323897131028478  17.5  0
121.8691490944975  -33.269328262523729  17.5  0
118.25082929428393  33.801618310054174  17.5  0
132.83673818351073  -15.578631421397805  17.5  0
129.66602465996641  -12.234634271421493  17.5  0
122.98935549773152  -66.878335428562337  17.5  0
130.62845477860196  -64.354205221193723  17.5  0
115.5557848432118  -49.772440247512151  21  0
99.753699546635659  -52.20262004066921  21  0
121.25160134566721  -41.441902205970635  21  0
126.33983648944357  -40.632874300642875  21  0
125.82863234729709  -51.450589431140131  21  0
122.5224526102147  -57.22481928488466  21  0
128.9711782468502  -56.84888434484153  21  0
124.90167276514399  -45.540802028601739  21  0
131.04789602840148  -47.02396834386284  21  0
129.37839245425681  -42.868053010557304  21  0
125.77605945064876  -60.219787663271383  21  0
131.96399548580325  -52.239296905139582  21  0
-120.26474771044036  -66.531891234339525  22.5  0
-130.30296749785828  -66.225576739400054  22.5  0
-120.95232407754906  -46.616057530689979  22.5  0
-122.58009776425257  -4.1783510815635303  22.5  0
-128.03985733110474  61.968526631715612  22.5  0
-122.11820253642939  -62.192737442314105  22.5  0
-120.93235392366324  64.802638646471678  22.5  0
-122.94723504284066  -56.349031879701464  22.5  0
-114.97999489419585  59.494795188641447  22.5  0
-117.17191307141422  -54.940193711327652  22.5  0
-133.51396546305787  -63.221246102519224  22.5  0
-116.96062186852758  -63.052081639237414  22.5  0
-120.86051396243418  46.724791717942537  22.5  0
-132.97210024128131  63.567220762220174  22.5  0
-130.02973466626554  54.399154170974427  22.5  0
-130.20306461392667  -54.031187152822419  22.5  0
-122.47966647732918  -18.662978086445012  22.5  0
-128.33835328782567  -61.189063619541535  22.5  0
-122.34962770826422  31.96862216973264  22.5  0
-130.25632785561692  66.469259425208065  22.5  0
-116.95219950492454  55.258062993852597  22.5  0
-115.23482127610508  -59.307335768044716  22.5  0
-118.32307829702995  59.954176230104835  22.5  0
-125.30220776982156  -66.897996254042951  22.5  0
-133.72929788766945  59.935932405518699  22.5  0
-116.20213938079787  63.07307173965664  22.5  0
-122.52534002217726  57.180524860276854  22.5  0
-118.88913276889191  -59.159716412878197  22.5  0
-125.8055071620275  67.470780511440935  22.5  0
-133.96605455519651  -59.456193314056875  22.5  0
-123.05581490233155  13.890952618187388  22.5  0
-122.27715533621782  -32.635012951064077  22.5  0
28.211304440431302  66.910798049443912  17.5  0
20.601631759066539  66.442458272307732  17.5  0
24.317021728536492  67.557677431483796  17.5  0
-73.299054716148802  67.151975573977964  17.5  0
-77.933700111110255  66.90087376095282  17.5  0
-75.858378121128368  17.015779521683836  17.5  0
-81.370643237341241  15.690667542975556  17.5  0
-73.80057944556367  27.459798530291003  17.5  0
-81.210616657189746  22.02667703844002  17.5  0
-69.599977130810544  16.468239820686719  17.5  0
-100  21.881084225072808  10  0
-100  -24.991701598396972  10  0
-79.364626478618035  -14.571457752614865  17.5  0
-74.99999562967416  -28.207037964047135  17.5  0
-70.635364128525893  -14.571454345027549  17.5  0
-66.188859919470104  -14.738108010864783  17.5  0
-81.362059723132077  -19.78827420345872  17.5  0
-83.811131675041707  -14.738113258170705  17.5  0
-74.999993524873815  -17.42617572759719  17.5  0
-68.637929251512134  -19.788271169138017  17.5  0
-112.5  31.945400421867525  16.915083493405294  0
-77.933700111110255  -66.90087376095282  17.5  0
-73.299054716148788  -67.15197557397795  17.5  0
28.321820967048506  -66.864175063000118  17.5  0
21.835024568861051  -66.913416285952593  17.5  0
25.081951983373649  -67.234056207673717  17.5  0
87.5  31.945400421867525  16.915083493405294  0
82.467247524131096  67.524480755298896  15.644596389195339  0
85.020039435912039  64.973206119381942  17.455569328188886  0
79.5735827377232  69.133242924533135  17.056623475436552  0
72.160762253469102  69.673279304225062  15.455131664360824  0
68.754163564815627  68.327720315233648  16.932231149200554  0
75.951815630242905  69.96370919935255  16.251584244461245  0
107.94243020227879  62.5  14.7514336  0
131.64979605309864  68.084432552205797  13.750000000000004  0
127.78081997939761  69.686756756503485  13.750000000000004  0
119.57617196235947  68.761975378152115  13.750000000000004  0
134.77253421315859  65.294073072062162  13.75  0
136.79843558470799  61.628791318714967  13.750000000000004  0
123.59988235354713  69.921339322959156  13.75  0
123.60110947317764  -69.921477580946913  13.75  0
127.78234778886713  -69.686408034436823  13.749999999999996  0
119.57678181137494  -68.762269064383361  13.749999999999996  0
134.77334619248651  -65.293054869677817  13.749999999999996  0
131.6511483670362  -68.08358282434034  13.75  0
136.79867700123037  -61.628101382068664  13.749999999999996  0
107.94243020227879  -62.5  14.7514336  0
84.521095561758486  -65.599304865472277  19.442971949458812  0
84.20876981902147  -65.952724910955013  13.426678439559231  0
73.689499365123069  -69.931113710604819  16.353595940352022  0
81.284254492220427  -68.305468313636737  15.61710951050439  0
69.231973080851091  -68.589628734090851  16.261513982738002  0
77.604232012356292  -69.725709616452477  17.067242498483893  0
19.894872707715187  -68.909981390412895  13.749999999999996  0
34.003536144624064  -66.171005529490117  13.750000000000004  0
25.126701769352344  -69.99935784997146  13.749999999999996  0
30.333332370368776  -68.805112375698727  13.750000000000004  0
-74.873298230647663  -69.99935784997146  13.750000000000004  0
-80.10512729228482  -68.909981390412895  13.749999999999996  0
-69.666667629631235  -68.805112375698741  13.750000000000004  0
-65.996463855375936  -66.171005529490117  13.749999999999996  0
-115.60325070571638  -65.743245883775401  13.619648275258992  0
-117.89682426729772  -67.785664514767603  16.99059944044231  0
-115.02681661916165  -65.035622950504489  19.22966099281755  0
-131.27290721562937  -68.312059704982445  16.26714685683725  0
-124.60194188821504  -69.993660381955408  17.061522208312553  0
-128.24445348410109  -69.57159979412441  16.353437572452165  0
-121.34162605081313  -69.45266915997891  15.578625035968576  0
-136.54821175652157  -62.284224621246075  13.124966340511113  0
-136.54877651601737  -62.282861171211856  19.375033659488889  0
-135.88293215768056  63.649129015667363  12.650877815022277  0
-137.17441939547726  60.334345141832067  13.922403780631535  0
-136.5770848850749  62.213926766907861  18.380040172924232  0
-126.25123155434309  69.937219126372909  16.353541511227128  0
-118.71598356413521  68.305606759168185  15.616983718553467  0
-122.38868639494555  69.724199002636439  17.067022405906453  0
-130.33510731016409  68.804274854630592  16.262840989410623  0
-115.4794157417324  65.599905887183326  19.44287894131589  0
-115.7918777632233  65.953430361254448  13.42663034974573  0
-69.666668372786873  68.805112726291952  13.750000000000004  0
-65.996464190607696  66.171005877577898  13.749999999999996  0
-80.105127826485102  68.90998115139756  13.750000000000004  0
-74.873299030525942  69.99935785807952  13.750000000000004  0
34.003535809392304  66.171005877577898  13.749999999999996  0
25.126700969474054  69.99935785807952  13.750000000000004  0
30.333331627213127  68.805112726291952  13.750000000000004  0
19.894872173514891  68.90998115139756  13.750000000000004  0
7.8711489102662799  62.5  16.318407879914311  0
42.704830591709332  62.5  16.318576  0
-90.251072107691002  62.5  15.541668981668089  0
-57.873877500782712  62.5  16.318576  0
-49.999999999999993  -24.991701598396972  10  0
-74.77931242367228  50.27988275724163  21  0
-47.208093980209895  52.561111451545223  21  0
-61.05897853465499  50.354933976270274  21  0
-99.068929230895137  50.426252088993124  21  0
-107.59575862158678  56.824862926435969  21  0
-106.79993442558806  44.078498695083901  21  0
-87.133434647093452  51.88615960553394  21  0
-108.50020048811498  50.635787082407738  21  0
-41.941971478782314  58.216259991437354  21  0
-42.10655703450707  44.416255568692748  21  0
-50.000000000000007  21.881084225072808  10  0
-57.56485738968734  12.5  14.552885062945832  0
-92.435142610312653  12.5  14.552885062945832  0
-89.62149901851194  12.5  16.561566860787281  0
-60.37850098148806  12.5  16.561566860787281  0
-67.655739910496635  -5.5939206831740549  18.5  0
-59.681315740768589  8.94750928333365  18.5  0
-75.716085947348105  8.7389763709857942  18.5  0
-59.6844310625359  -8.7460940788539183  18.5  0
-104.34823944658753  -4.6089012593338383  18.5  0
-43.636492968943834  7.1134132095338769  18.5  0
-59.699295953537046  0.19467783449583928  18.5  0
-51.740891346528578  5.9936938907893929  18.5  0
-67.63471451813983  6.3980385853136967  18.5  0
-106.47746378358528  6.5214642088097303  18.5  0
-89.794446087374141  -8.0836526940642308  18.5  0
-73.740081312664472  1.3059783393187057  18.5  0
-94.767890940895981  -1.5845877437393001  18.5  0
-98.98128447134458  6.4324039312247043  18.5  0
-96.802958940163165  -9.1747194364760691  18.5  0
-45.662204752042342  0.031796640570443513  18.5  0
-90.622141245462004  7.1346897987264555  18.5  0
-51.739534383669707  -5.8832911248391913  18.5  0
-43.635640752090332  -7.0824599873559029  18.5  0
-81.764418301485591  3.4207499357546025  18.5  0
-88.001726449285783  -1.2417599013225928  18.5  0
-75.889464413775656  -6.4933049361750985  18.5  0
-82.999535319768981  -7.1232367263610472  18.5  0
-90.643483019735044  -12.5  15.249985762321487  0
-59.356516980264963  -12.5  15.249985762321487  0
-100.31512819034067  -49.149185876554057  21  0
-66.459488133697832  -51.531751870923422  21  0
-41.781650816528682  -56.372752002156858  21  0
-50.56977336130835  -49.833131873224865  21  0
-83.642444120700034  -51.466399948757235  21  0
-106.68169363162495  -58.342279255483653  21  0
-46.002649471162293  -42.67311692138523  21  0
-41.785587034242049  -51.105174244012559  21  0
-41.598950876548429  -46.829933801449556  21  0
-40.367340735571183  -41.712758352960094  21  0
-90.251072107691002  -62.5  15.541668981668089  0
-57.230786044941517  -62.5  15.531634  0
7.2929601156395627  -62.5  16.318407879914311  0
42.76921395505844  -62.5  15.531634  0
73.071106996360925  66.827363902808912  22.5  0
83.100208154047351  55.550986885990319  22.5  0
81.450937938296875  64.737993949855337  22.5  0
74.794905128163279  -18.132305729835167  22.5  0
70.87981386102075  60.901261157344159  22.5  0
75.017004050855434  -54.32459764316458  22.5  0
70.056252441128308  -59.852733953681977  22.5  0
80.161021786568824  -58.581462002210664  22.5  0
68.455715314984587  -45.236304434518352  22.5  0
67.312041423857124  -54.703931404844347  22.5  0
65.320906603191858  -59.299633575696269  22.5  0
76.08548569430377  -62.239537523824282  22.5  0
69.079881357528933  52.87780438553375  22.5  0
66.126988169334467  62.465118745970464  22.5  0
84.204163876886042  62.508368894512735  22.5  0
82.532214138721059  -54.273167807093706  22.5  0
74.568743283323414  8.7634171527413471  22.5  0
70.300657666002039  -65.623706934498799  22.5  0
74.278569883995743  30.374806409831645  22.5  0
74.927989606798761  -67.660789807444644  22.5  0
80.476977224159924  -45.4216259377922  22.5  0
84.495421090943097  -59.088909072489038  22.5  0
74.854289135001665  -32.266836235276514  22.5  0
65.720321915609489  59.094118257821918  22.5  0
68.348895238562264  65.40561608305724  22.5  0
79.461766969116951  -66.649164744224265  22.5  0
78.049632514350563  67.312322655652409  22.5  0
66.247763099808111  -62.927731908910971  22.5  0
80.402348193371083  48.41191780708283  22.5  0
76.936382497778141  62.820102198156931  22.5  0
82.63962452231732  -62.977951193259109  22.5  0
76.936291269242773  56.814850595234262  22.5  0
81.267609463907107  60.325249159320215  22.5  0
85.026142857338044  59.517909915989122  22.5  0
73.534817879713756  -4.596088000277855  22.5  0
73.045875037453072  19.602521243157533  22.5  0
71.245573528613392  41.726550031983912  22.5  0
23.076923076923073  100  -30.014792899408292  0
-69.230769230769226  100  -30.000000000000004  0
-46.158119658119659  100  -30.017258382643004  0
92.234440896102555  100  -30.005139964674555  0
-23.085470085470085  100  -30  0
1.7763568394002505e-15  100  -30  0
69.206005978717954  100  -30.006215642159763  0
115.02667905994872  100  -30.005469105414203  0
-136.46759076923075  100  -29.985615644970412  0
-92.238403846153844  100  -29.983773934911241  0
46.153846153846153  100  -29.999999999999996  0
136.46852875176921  100  -30.003631899511834  0
-115.02973615384614  100  -29.983382857988165  0
127.16767094909854  -137.77505546155027  -10  0
-119.1527177970417  -122.55969456272138  -10  0
-124.85719521110146  -138.89278415596101  -10  0
139.85366459148756  -113.96355599225137  -10  0
-132.70396631399862  -133.52783722147171  -10  0
117.57109206203222  -121.31358422361208  -10  0
113.3301234071856  -140.93499479115047  -10  0
136.98439487882951  -127.90229054730318  -10  0
-113.23636276252172  -141.27547441078553  -10  0
-140.23811652122157  -113.82443489636991  -10  0
-138.02751055732392  -125.64313453731211  -10  0
69.206005978717954  -100  -30.006675739497041  0
46.153846153846153  -100  -30.000000000000004  0
115.02667905994872  -100  -30.005555394585798  0
23.07692307692308  -100  -29.985207100591715  0
-136.46759076923075  -100  -29.985749964497039  0
92.234440896102555  -100  -30.005319401005917  0
-92.238403846153844  -100  -29.982368875739645  0
1.7763568394002505e-15  -100  -30.000000000000004  0
-115.02973615384614  -100  -29.983430414201184  0
-46.153846153846153  -100  -29.999999999999996  0
-69.230769230769226  -100  -29.985207100591719  0
136.46852875176921  -100  -30.003661890133134  0
-23.076923076923073  -100  -29.985207100591715  0
68.062590276185119  -75  -19.751350674150842  0
-48.168719056912806  -75  -10.36641650320983  0
-74.018979150689916  -75  4.0492832175791262  0
-90.576412035305808  -75  -21.033100939701598  0
67.572051225821767  -75  3.3606248232115936  0
95.741772335829125  -75  1.9186557150089885  0
0.24007569205544596  -75  -31.024835614005518  0
93.623389071367228  -75  -28.987244992250893  0
53.58359458884167  -75  1.6575175728171383  0
112.69128262965852  -75  -31.331625011673523  0
-55.485957553649847  -75  3.4402700694372284  0
2.4613583815462108  -75  4.4921065705977812  0
-23.309795995654447  -75  -19.880061255844659  0
-35.173724794448347  -75  0.82105770214087448  0
-11.699513469617044  -75  1.9257043191266998  0
23.091820586089451  -75  -23.92366768892358  0
39.609741343813049  -75  2.523591785441845  0
-133.87621136932464  -75  -4.0459760265884981  0
1.3857776789539042  -75  -11.268696998251842  0
-130.15809276248712  -75  -25.765584892951068  0
-46.105768817247572  -75  -31.03688642591268  0
-109.97825751066264  -75  4.0488689134464808  0
43.399241190407174  -75  -12.774458434466814  0
130.29255245484936  -75  3.0520471661182804  0
81.322278274055961  -75  1.7668805307936846  0
131.88334782120648  -75  -16.142429320782998  0
45.37739736010387  -75  -31.307056569782354  0
-142.29613149390431  -75  5.1625288587963354  0
107.16952235748984  -75  -11.432004276397508  0
-24.188247886240852  -75  2.1329620216256098  0
-112.74393096460372  -75  -10.8923378313547  0
119.5497986367663  -75  1.4180127314888498  0
17.472644094731457  -75  0.89213502497920283  0
-107.49162972716783  -75  -34.624029910479571  0
89.185507468617303  -75  -11.306821912139128  0
-96.304656164177544  -75  1.0992649193217667  0
-66.780595384631383  -75  -24.887391548328083  0
-120.9259540081634  -75  4.1536081385140946  0
-84.115867455945178  -75  4.7086015014550631  0
-45.631049320225472  -75  3.9726293016491789  0
-64.874199935839897  -75  5.4261345683774245  0
29.624853530585728  -75  4.5969113862216693  0
107.49556922251782  -75  4.5445949191892785  0
140.31270523552439  -75  3.1210272610748064  0
-79.416330308042518  -75  -6.8399366817662939  0
-64.783582793274647  -75  -4.8727539494363876  0
30.644015438056837  -75  -5.7519583005695569  0
-142.83447205490555  -59.377431908856003  10  0
-136.66312890744922  69.143939394712092  10  0
19.482548079630487  71.04781722260249  10  0
-113.81806057888657  -69.819221622279073  10  0
36.14594163941721  69.986886312346883  10  0
-12.701644056467188  65.832725239042972  10  0
105.68171508801929  -68.375729556339422  10  0
-8.8954140096262897  69.40432587014017  10  0
117.90227066319299  -70.83850795874973  10  0
139.31945191362348  61.305418142939125  10  0
-117.92177801750562  -70.94073335041945  10  0
-35.23933819301903  69.566878100501881  10  0
-15.146339687664529  69.997546529232736  10  0
61.704387099716463  68.061076896083819  10  0
113.18739794912111  68.998171521753378  10  0
-83.973085869916943  70.187891926860431  10  0
143.31703962416671  66.633012453161186  10  0
68.573529789851406  71.125064370590906  10  0
-31.502187407397567  70.961463432406248  10  0
-132.85379362619418  69.750718188388291  10  0
48.56219635448398  -68.564635291227219  10  0
65.705144389336539  -70.751915558259299  10  0
12.24362420197974  -68.884251352974275  10  0
-11.888831835438019  -65.83254672557203  10  0
141.93365838575113  -58.845695328079756  10  0
106.95480183408243  67.387043557087935  10  0
-133.93243341582846  -70.143535229298223  10  0
-139.07496262505973  -71.510036981556723  10  0
-142.98738905161022  68.58957124437697  10  0
-138.94586865209016  -62.886342606399623  10  0
-137.19442202534665  -66.600357383788619  10  0
-13.609307167004202  -69.997365358613479  10  0
128.40675951733581  -71.556951636500102  10  0
136.63228766394684  -69.310837628864761  10  0
97.674464259470824  -68.465020735922465  10  0
-107.78222819167131  -68.42576455853451  10  0
61.087633421331141  -67.385787702213236  10  0
-66.643529101424562  70.549815933503325  10  0
84.168977666667104  70.222836839752233  10  0
-141.84572492710154  60.078583247989719  10  0
-19.327041909906068  70.979850284948455  10  0
89.787082325673168  68.893716329275776  10  0
-138.26174835800535  64.533942703697548  10  0
15.265663256966638  70.078167737287686  10  0
111.4893322960507  65.187679757969747  10  0
132.12000050407161  -70.674451848973675  10  0
-65.744195856034437  -70.651944574627592  10  0
-110.2248940565085  68.910906540037288  10  0
-112.69109961681204  64.899727978277468  10  0
43.095874224747192  69.395530680299288  10  0
89.937123188612873  -67.466931135012203  10  0
-99.725954209425694  -68.549544127793354  10  0
117.28928443367748  70.828111331538395  10  0
138.18884425881683  69.202201945592037  10  0
-89.153341463685038  68.164499507639846  10  0
-62.083283172279849  -67.107106143942332  10  0
-112.45283865692561  -65.636939599107279  10  0
-130.05149934633278  71.36774238802731  10  0
-90.130396345227524  -67.51544910304645  10  0
65.091328966893343  70.546707784283015  10  0
-55.790107126376817  -68.511833364514047  10  0
-35.220312794886915  -70.269918059170777  10  0
31.764831539567151  70.972841806999767  10  0
-17.914762447471826  -70.979685500281676  10  0
138.05363178036563  64.588407710478876  10  0
8.9456265791408853  69.435642960913199  10  0
-115.83551865831126  70.236110351041674  10  0
-40.06849258741957  67.372484582955707  10  0
16.829866853582033  -70.295181948233179  10  0
84.529170773381537  -70.700922837164896  10  0
38.062753456378289  65.821443277883915  10  0
34.543272914648973  -70.702283203867196  10  0
111.30064744770658  -65.404088058599413  10  0
-84.469074011479194  -70.771430977483988  10  0
113.56212406279785  -69.141684810209213  10  0
-143.29221794996388  -67.382829059145664  10  0
143.09736903384419  -68.625202803073037  10  0
-6.7622091242818509  -69.404164819361753  10  0
133.6529367748748  71.151030704151466  10  0
40.034433982216136  -67.477148520636632  10  0
-43.024693419195366  -68.553623861738231  10  0
142.93822819237252  57.97045011033866  10  0
-60.91518012835671  67.330960467835624  10  0
138.07711101272284  -63.82508440738232  10  0
-37.477505744618917  -65.776970965408083  10  0
12.79226078983535  65.910532194029386  10  0
87.334896757262229  64.886051069884431  10  0
45.06192294031942  75  2.8609301015494091  0
136.01085467020849  75  2.7545182768644452  0
-129.81415975249138  75  -23.031054748248462  0
108.45352852898966  75  2.2777434528733065  0
-111.94390631954582  75  2.7002262501875283  0
-66.467164859227452  75  4.3251481013785797  0
132.71838718877902  75  -17.805774229578525  0
101.5286923341135  75  -10.026989392818214  0
-87.179373583978531  75  -10.080601493064858  0
-56.250893140050444  75  1.2158982198557531  0
-100.64321344302718  75  2.0286149872048505  0
64.201248868923187  75  -25.40002855992315  0
-68.019829465164477  75  -8.1879139755626404  0
9.0741048709802428  75  0.68146874051225748  0
-88.980380935286931  75  4.9998529779348457  0
122.07124800611737  75  2.1318514658454113  0
22.050008442292899  75  -20.236287130591172  0
115.25238470518021  75  -10.12609279900972  0
89.227567868835195  75  -24.939908730655336  0
-137.55323487593242  75  -6.8948084537890262  0
33.656848910354206  75  0.4731544484023375  0
-20.305892650720196  75  -22.970550357720345  0
0.13888187057675982  75  -30.919878494941436  0
-14.858089922476424  75  1.1086212399734405  0
-2.4570407061664046  75  3.374385167539558  0
88.062576396113613  75  -4.1610635075876248  0
-45.116853769012138  75  1.9439793345082916  0
-1.0572128361908579  75  -11.474060590928616  0
44.623810193922928  75  -31.609850729552335  0
-123.04757235883825  75  -2.3522276140278144  0
-31.870127047221935  75  0.055340922952616889  0
-108.50999722317449  75  -13.563050476848854  0
-112.67275145479948  75  -33.470875342876916  0
-72.71712560685819  75  -28.09469638448817  0
57.947448712403514  75  -0.97049856305112114  0
-77.098308623977289  75  3.0093092853235661  0
-48.33005864649104  75  -19.515001236259316  0
111.56535621502624  75  -27.160635242233564  0
21.2834019108417  75  3.0086283611951754  0
-94.281980212281894  75  -30.859014810619176  0
44.582487891108052  75  -12.463843606675967  0
69.391961804850297  75  5.0075788102911689  0
-141.05489708236382  75  4.6409223506426223  0
-131.41532971147194  75  4.2440827921002517  0
79.464767595340859  75  3.8330991362956506  0
96.695734802309616  75  4.0015920076867424  0
74.705750379838207  75  -7.7778062165225226  0
-136.98408145001727  127.89865536197601  -10  0
139.85366459148759  113.96355599225137  -10  0
136.98439487882948  127.90229054730318  -10  0
-139.85381012635847  113.96029444523973  -10  0
-113.33022200423976  140.93166267499029  -10  0
-127.16734424468487  137.77140031688205  -10  0
117.57109206203222  121.31358422361208  -10  0
-117.57120495911013  121.31049104980676  -10  0
113.3301234071856  140.93499479115044  -10  0
127.16767094909855  137.77505546155027  -10  0
50  25.002844444444445  10  0
-2.4910762993677658  51.375529077780648  21  0
50.711696367895087  52.195740010257495  21  0
11.121458103414566  50.178792488734963  21  0
24.976710611999295  50.057006216743169  21  0
-8.6470318877885486  57.194229830850382  21  0
-9.9911381908065167  47.245959488149431  21  0
-7.4933164198941391  42.099074134543059  21  0
58.866368582431605  51.043589114099859  21  0
57.881629206327297  57.140207889720834  21  0
38.660984293082841  50.281239940464772  21  0
57.084406697950442  44.394357724107827  21  0
-18.717111271177458  68.306262500107735  15.616949155828204  0
-26.312568348325904  69.930895556273214  16.353288087058473  0
-15.792131567701958  65.953706816154039  13.426626034941824  0
-22.397486836519587  69.726075626868635  17.066920058606158  0
-15.479609027769847  65.600133069022917  19.442847438667862  0
-30.769690831843317  68.588763127821935  16.261360350551225  0
-37.5  33.090451231703902  17.708890893880422  0
-17.896141857291511  -67.785193215894111  16.99116307462003  0
-21.3420467995347  -69.452797931162635  15.57898268583423  0
-31.6752774764905  -68.068380699608554  16.264767023380791  0
-24.609588348898239  -69.993901662118361  17.061756048551963  0
-15.602640204312364  -65.742549900995058  13.620214936973627  0
-15.026310921795035  -65.034953627680466  19.230187655341219  0
-28.300850172843838  -69.556300765012324  16.353319402132808  0
35.410265839466881  -51.463068398996683  21  0
16.560595955791015  -51.460472755912754  21  0
59.493086410820382  -56.438723451777712  21  0
50.688467826968441  -44.797600527134364  21  0
-0.29117607575785448  -49.148277725988422  21  0
-6.6779566784952591  -58.342614119417554  21  0
59.27661923185002  -41.671288743466981  21  0
58.251835344240099  -50.810793560011092  21  0
59.279837214982209  -46.073737000881813  21  0
50.843440550192234  -55.859837777784207  21  0
50  -24.997155555555555  10  0
62.5  32.553723319967347  17.712775164572232  0
62.5  -32.553052595374155  17.715163428571429  0
125.71313724302097  146.78447115267511  20  0
131.16729479899939  143.94032455490449  40.242091245639131  0
120.74427409044735  148.52999577302523  -1.4617266769857038  0
120.74427409044735  148.52999577302523  41.461726676985705  0
131.16729479899939  143.94032455490449  -0.24209124563912854  0
146.96863007044342  125.27482866400494  0.47589613102005568  0
147.04912709304369  125.07853380284358  23.339568794669827  0
144.82643933443148  129.67534302839888  42.030329614196212  0
148.95868820660863  119.06755828325649  40.891946585608117  0
150  84.838564574409091  25.726975340228844  0
150  -91.203953745101515  19.703878025265571  0
150  -7.2872550221266659  25.85844058487201  0
150  88.962976137735055  6.1148728654856965  0
150  -64.274191154461604  28.027337854236023  0
150  -34.520607879283013  24.260322851253239  0
150  56.062420805744459  24.081915702861082  0
150  23.013564172735979  26.68576793497969  0
143.94032455490449  -131.16729479899939  -0.24209124563912829  0
148.52999577302523  -120.74427409044735  41.461726676985705  0
146.78447115267511  -125.71313724302097  20  0
143.94032455490449  -131.16729479899939  40.242091245639131  0
148.52999577302523  -120.74427409044735  -1.4617266769857036  0
125.27482866400494  -146.96863007044342  0.4758961310200559  0
129.67534302839888  -144.82643933443148  42.030329614196212  0
119.06755828325649  -148.95868820660863  40.891946585608117  0
125.07853380284358  -147.04912709304369  23.339568794669827  0
-120.74427409044735  -148.52999577302523  -1.4617266769857036  0
-131.16729479899939  -143.94032455490449  40.242091245639131  0
-131.16729479899939  -143.94032455490449  -0.24209124563912857  0
-120.74427409044735  -148.52999577302523  41.461726676985705  0
-125.71313724302097  -146.78447115267511  20  0
-148.95868820660863  -119.06755828325649  40.891946585608117  0
-147.04912709304369  -125.07853380284358  23.339568794669827  0
-146.96863007044342  -125.27482866400494  0.47589613102005618  0
-144.82643933443148  -129.67534302839888  42.030329614196212  0
-150  46.127348488502747  29.179246779187928  0
-150  -34.323114727860002  26.406503569963508  0
-150  -8.5293917881263166  26.134207690409465  0
-150  17.254303427430475  26.474821362111843  0
-150  -89.356646910385322  22.312157535878654  0
-150  -63.251827246779868  28.599517184145995  0
-150  91.131143091141041  10.313404227572441  0
-150  76.796201014877212  27.034816946148474  0
-150  -89.872748890730279  5.4285666005476401  0
-148.52999577302523  120.74427409044735  41.461726676985705  0
-148.52999577302523  120.74427409044735  -1.4617266769857038  0
-146.78447115267511  125.71313724302097  20  0
-143.94032455490449  131.16729479899939  40.242091245639131  0
-143.94032455490449  131.16729479899939  -0.24209124563912854  0
-125.27482866400494  146.96863007044342  0.47589613102005568  0
-125.07853380284358  147.04912709304369  23.339568794669827  0
-129.67534302839888  144.82643933443148  42.030329614196212  0
-119.06755828325649  148.95868820660863  40.891946585608117  0
40.416449582325995  12.5  14.710904929151219  0
20.023765041695864  28.726524489172132  17.5  0
19.324249452756675  20.529191601618788  17.5  0
29.676181680829906  31.194120000579698  17.5  0
26.791825675154289  20.943067840511411  17.5  0
21.887385675742902  16.16249213650396  17.5  0
15.666191976398455  23.005190787777845  17.5  0
5.4244760698665093  29.754824646742012  10  0
-4.0618623802573586  30.614453887020428  10  0
-12.5  33.633592406497286  18.995252438489995  0
-34.763289834424448  57.277775767134365  22.5  0
-18.604250436616912  23.438941557340993  22.5  0
-29.985099870719065  66.115345923331162  22.5  0
-29.758432496278957  -65.51958617261387  22.5  0
-28.484646178106402  -18.082379358549364  22.5  0
-15.169500423444118  -57.519984706449733  22.5  0
-15.219874275637249  60.431778035479283  22.5  0
-24.887693621921173  66.820683906867785  22.5  0
-32.97382747024043  62.235070526858657  22.5  0
-27.357846243804296  16.507220539135449  22.5  0
-31.145781218981892  50.79514370405046  22.5  0
-29.974124024622114  57.293807123169614  22.5  0
-20.021739553300446  -57.360892136824965  22.5  0
-24.076561907775098  -61.918023883203269  22.5  0
-25.108993762029968  -67.58427209648265  22.5  0
-20.569585422206352  -66.535161987515679  22.5  0
-31.307610886913011  7.5997644094886123  22.5  0
-18.709182701229754  -34.502978911066883  22.5  0
-25.581231999473911  -54.322580723580572  22.5  0
-34.785118610493065  -58.991387364647949  22.5  0
-16.974125362750165  64.000613913619588  22.5  0
-31.443375239260838  -7.7922715743491784  22.5  0
-17.94532851921706  -50.430436562724452  22.5  0
-18.670750877579017  -24.424401241077572  22.5  0
-29.678122262379187  27.259932775559882  22.5  0
-17.369526389495967  -62.582638957822006  22.5  0
-33.03647491797166  -53.296685438062454  22.5  0
-30.169309805050446  -59.482460668623261  22.5  0
-16.451270755757221  55.376556599909911  22.5  0
-19.997825020675172  66.546352946568646  22.5  0
-27.064843621774571  61.422352562619864  22.5  0
-24.157855863337765  47.274986924456144  22.5  0
-23.90481753754732  54.704403831811035  22.5  0
-33.805895553383365  -62.822344115938868  22.5  0
-20.646485946898405  61.334730391652798  22.5  0
-29.510733093762823  -30.652298834256893  22.5  0
-28.254481406066379  -43.43229902751002  22.5  0
-19.092348124845017  32.778271261837546  22.5  0
-17.062817474922085  -42.182512800943563  22.5  0
-17.865218422536508  49.379879671696095  22.5  0
-30.196118729844745  39.646770154684894  22.5  0
-17.666970845048517  41.82675616694263  22.5  0
-12.5  -30.72071601482649  18.607142856546993  0
-5.4244760698665129  -29.754824646742012  10  0
4.0618623802573541  -30.614453887020428  10  0
27.228437385607208  -20.862262808639898  17.5  0
21.372927268423368  -28.58350736929421  17.5  0
29.974729131128065  -31.15575564110836  17.5  0
16.134772256087089  -23.277999246024727  17.5  0
22.578223283830972  -16.083336430213194  17.5  0
20.02943727365118  -20.2398527708812  17.5  0
40.416449582326003  -12.5  14.710904929151219  0
29.047163867955007  4.8438945995918319  18.5  0
39.249804653327317  1.5011522403920303  18.5  0
53.168928718512412  0.15219915310184629  18.5  0
30.170642462176403  -5.5036672035037979  18.5  0
-128.12349837031311  73.262471425001849  50  0
-110.45295994977612  34.823062914125181  50  0
120.04007958500439  -10.570589461360846  50  0
-135.22480625365904  -132.05362180733172  50  0
-103.42961570329892  -50.062877642072088  50  0
90.140754308708537  -64.397569634326672  50  0
-67.323501210547661  -99.509794966170716  50  0
-138.36803367572765  117.7007886622205  50  0
66.930767048642451  -99.256534110706696  50  0
84.050105781151061  -104.6609643973178  50  0
126.89677860526238  -139.70910534810403  50  0
-110.15723490911112  -77.074882695064332  50  0
139.06960313862618  130.97409052828064  50  0
105.8520722272067  27.91163789495852  50  0
-85.67910134353302  -105.80956041825745  50  0
-110.86137439546152  142.73711162133921  50  0
127.37679905530894  35.157355020140706  50  0
-133.58984954400685  -77.921130095940285  50  0
-115.72206671230633  118.75688668594417  50  0
134.72065315195539  -134.96764513850709  50  0
-119.74167702147429  -10.298624176944116  50  0
-127.09051202168664  98.422401152814814  50  0
132.64092888424784  -98.146627113004996  50  0
35.48164130513814  113.31974173155966  50  0
106.88352024170067  48.46917061412595  50  0
105.98028647649056  110.92528255574125  50  0
-101.4469861986131  101.35120208751374  50  0
-106.1903312486691  56.052621189833339  50  0
35.471030200138458  -113.33094004474405  50  0
67.435039622193344  98.728144886243001  50  0
-67.814998789132616  106.55174007628824  50  0
-132.45564973074892  129.88451355932733  50  0
-35.48877703984946  113.48327276222579  50  0
-48.573290032164373  104.05137510344609  50  0
130.18362048958269  134.09972766648721  50  0
-82.837849543493817  -83.583215603262687  50  0
127.86777951727447  -128.66056296722016  50  0
-129.48300489208063  51.224310050567745  50  0
128.57695005874513  102.53090366223165  50  0
129.46787927942714  56.388534889014252  50  0
-113.65254919326681  -141.51802952882068  50  0
121.85200083001119  12.098163833568904  50  0
-120.72595825552212  143.10056249117125  50  0
-89.935773913677394  65.208578570617277  50  0
-118.074526403924  133.88699013791756  50  0
80.179754651458879  81.437941829551761  50  0
-119.99050256456448  13.746362264343686  50  0
-129.71242427539045  -100.28536860303238  50  0
-35.469749417365001  -113.34145661842582  50  0
129.45059843931975  77.767726795495719  50  0
134.20158635143429  -78.512305441256942  50  0
-85.285183160283452  106.49425910845056  50  0
81.741752775278513  -83.361594816876703  50  0
-132.01530254010868  33.16687377239284  50  0
139.3580173129711  -127.38414776642328  50  0
96.501732839727964  -100.70763390953751  50  0
120.72920370662341  -33.828719709257079  50  0
-127.98605070483666  -58.116657659449871  50  0
115.58625395594727  140.86088314497547  50  0
114.70466858658621  -138.78360218313429  50  0
128.10519124705834  -59.100360812579368  50  0
-125.68878675451433  -138.95238413412849  50  0
137.37416691723487  -116.74805601041449  50  0
112.92339225086238  66.87328523188755  50  0
89.058443876165597  102.97366992977391  50  0
-82.066835748650007  84.528308606845428  50  0
48.518611981560461  102.9095667246566  50  0
-103.15246704627943  -105.84036068736857  50  0
-105.83609754765173  79.816522991304367  50  0
-128.56634366292215  138.84528210384661  50  0
-90.322004304141103  -63.615540381064847  50  0
125.95148215583031  142.18222937779964  50  0
103.42449712755111  -50.933545086067006  50  0
48.444861301651159  -102.98683367511333  50  0
110.12301890245911  -81.199031272001918  50  0
119.89002320771569  123.23387219466871  50  0
-121.06367117845167  -123.9727118842784  50  0
-120.65527167362164  -33.519358502410206  50  0
113.99264939245197  -114.29995207180883  50  0
-139.90536265339833  -119.03418172636466  50  0
-48.504478098147978  -103.03054673275228  50  0
105.63751316728859  86.780456776001742  50  0
93.036493965560595  64.915247228271696  50  0
138.87923871562498  120.95332114437939  50  0
-9.2112197739880237  23.241201136673038  79.061272606016757  0
21.223559026850431  13.212136172239356  55.214408128520418  0
22.823439903018318  10.202479649247586  83.832437304001076  0
22.131106448559816  11.628160962186325  37.285383072399028  0
24.163142778049316  6.4142443894509658  51.068312781844782  0
-0.17893644815216189  24.999359626748895  26.945529219699768  0
7.4925606601372454  23.850818324622821  82.06663299098237  0
-14.194400791837452  20.579576918894237  61.626676972379904  0
-24.236475381534291  6.131334363764724  82.284742512941861  0
3.0085809432717641  24.81830857870419  64.878499652263187  0
-1.3388959848921209  24.96412140536173  80.256796966982876  0
-16.25354379682636  18.995323478284  80.049806629290174  0
-6.50398356556562  24.139142440833567  34.34950520866348  0
16.033233409601486  19.181642954482253  54.758493061194976  0
-24.054739421166545  6.8095162368391664  61.99211787536661  0
-6.0515249592785585  24.256525836715131  59.348691715130123  0
-21.332370336616037  13.035719229158937  79.196534642174058  0
19.61288448835635  15.502734018436584  71.648290615599578  0
-23.471676450008854  8.6069974222198802  42.338030653077936  0
0.21508022115020764  24.999074792849235  46.351360828337405  0
8.3811362023727831  23.553270600009593  50.963840332383683  0
23.94012863622163  7.2020997550131876  69.009141751077422  0
15.885283131542325  19.304346138389068  83.181059479654564  0
-18.834112074900261  16.440079754979784  42.120474218102231  0
-20.347769459096003  14.524747090379227  60.230089746864607  0
24.339299421855433  5.7095099310946047  33.765059621442433  0
13.0545729771439  21.32083779743245  37.028130169183299  0
-12.368546098914035  21.725999802058325  43.695824689888084  0
11.946274129510687  21.961023073221877  68.033042356761868  0
18.374891310408824  16.951795460383018  37.040707085037702  0
6.6826072683582982  24.090304275722314  31.165830898805886  0
21.642821255585798  -12.513524207782694  50.943247799664228  0
-0.10746734452587274  -24.999769014330123  81.087843294881665  0
16.486570353400669  -18.793429649278231  52.539268758990417  0
-20.119605758914837  -14.83918677373666  59.601360018699587  0
13.818729298637722  -20.833691957283314  36.232293419658447  0
13.186040355439795  -21.239782007937681  67.589682778563756  0
-17.781731025861397  -17.572991826206437  42.042457269631029  0
-8.7542885533230326  -23.417139704181579  80.1987820032342  0
-16.072345959266549  -19.148882352911574  80.011217975539495  0
4.1582055900204971  -24.651761119058456  65.385076910245928  0
6.8944066353170212  -24.030546334756867  31.791307203265248  0
24.043107943720429  -6.8504715462957471  61.922659796376884  0
-24.197189744193899  -6.2845849889612948  82.126152590823125  0
-0.31643572694233535  -24.997997288397215  47.063367472183394  0
-13.733535017586876  -20.889950117717252  62.054146899579266  0
17.621391810862946  -17.733768653279885  82.628600029783172  0
-23.226279148498431  -9.2487813746475336  42.239622002993045  0
23.881550721792721  -7.394020227348685  38.767378319102292  0
20.270520292358963  -14.632361637038072  67.866520794812772  0
23.29917752202579  -9.0635714151281519  81.111276111799725  0
0.25400896300555159  -24.998709555629322  27.605997965755808  0
9.1402881615148015  -23.269188475846605  82.062158977292796  0
-21.22979693511655  -13.202110516645282  78.764174856047831  0
8.676166574915662  -23.446196569258653  50.661647728374284  0
-5.1445557111554807  -24.464945259182937  62.672791207439715  0
-10.490861750290646  -22.692329535248  45.454805524044687  0
-24.012872942532564  -6.9557122601346482  61.70384662745154  0
-6.4231557882227106  -24.160775437063709  31.418569220548047  0
19.794391177824096  -15.270300517647959  35.358649327779311  0
31.281117315547579  -28.032572485449936  62.857476184213823  0
27.143989934725965  -21.556034380131734  92.89289131545101  0
26.9056018297203  -21.531666974373078  38.086160980272545  0
27.459968853990247  -21.606323582446187  66.16947068361867  0
24.68899717566963  -21.862450391644554  65.382116421309149  0
30.182858707293668  -23.116821174003181  47.06913317654778  0
24.634240271374274  -21.884325309690965  92.646216306373816  0
31.228491739139642  -28.188979801496636  76.272324441424445  0
24.608326352372114  -21.894939955313905  37.5690190130329  0
31.516482892151327  -26.531133819014283  83.450171936844114  0
29.873708096059403  -22.811213127155234  75.794840470542752  0
29.138849844460339  -22.259356914314228  36.479902365859516  0
31.190709686189834  -28.291836363787965  35.079967112477803  0
25.297045012742775  -21.66749212085136  78.281098540565353  0
30.102411028355263  -23.032071356976946  60.302095524455055  0
30.866504867277779  -24.051246698056783  36.601802654916327  0
29.542854401297308  -22.536403161224452  91.335582124086045  0
31.13209509451989  -28.439086299699113  90.512122671612786  0
31.386900009902931  -25.385466905482431  51.885628619317515  0
31.385223480281297  -25.37827167768738  70.828863037594061  0
27.951112207275678  -21.726733930835827  80.891131766416862  0
31.131939720569125  -28.43945926738153  48.172131787402463  0
31.513364916778066  -26.339349216989934  37.390317206288302  0
31.071818598900411  -24.455166964486438  85.270784637744981  0
31.50559507079311  -26.186393364857746  94.384293584602517  0
30.902240711510274  -24.115397033152234  95.854342326231901  0
25.312233828945118  -21.66369761734412  52.469529242609617  0
28.308127659302428  -21.848519106142589  50.092793702855104  0
26.541910998485374  -31.516439744017763  92.963650025217518  0
21.570856128667952  -27.251735020079117  79.932852600329596  0
21.829917129991792  -24.774120654332858  85.28131168312278  0
28.392454453513842  -31.151243877349941  37.912907819680612  0
28.568444632239235  -31.076059190572423  65.852045874708139  0
21.8440849568582  -24.736476897720276  73.029615691631008  0
21.782118252313744  -28.124480912357157  47.556529681497466  0
22.835858366796554  -29.900709600753999  82.984586146804105  0
23.824651114517273  -30.730045140083259  34.306680059445355  0
23.828356244131751  -30.732409898196902  69.232683888745612  0
22.201307106415094  -29.042187019617163  70.608037181447557  0
21.532269619189929  -26.91324690813483  62.488700506215586  0
22.242307398658696  -29.110967802740326  35.432417353460536  0
21.838482324850911  -24.75125347619236  95.501515927717747  0
23.271662357966481  -30.320581161087148  45.139542473377986  0
26.366087230818678  -31.514241253055015  67.217486196408842  0
21.530419278187718  -26.889272600748633  36.461010067625224  0
21.885794554385662  -28.402380033468521  91.928633163813302  0
25.221049845557001  -31.345769018107315  80.64047502526013  0
25.747418785067698  -31.457000977945921  39.578517155568527  0
21.702145010843026  -25.166709981310632  47.403337176941733  0
22.753177742368948  -29.808520889540901  95.435129215886178  0
21.516832754650942  -26.573814796711979  93.233403958628728  0
27.82016173229157  -31.343561087705741  53.728275549728409  0
28.037704521320816  -31.279481291070748  78.324330055454283  0
22.602224440552096  -29.627519116865816  58.425367227240294  0
24.281158220495779  -30.989001128418312  93.144149169290671  0
28.719779726579922  -31.00488678380858  91.611894752421065  0
24.808693700855081  -31.215800303074378  55.550134050832789  0
22.094330185258571  -24.183185596247775  60.485877751152771  0
21.802723886791412  -24.849088848980397  34.83763286040395  0
-25.297375377446389  21.667409050677833  59.191775988426734  0
-31.442509651679615  25.659491330185421  65.080908384106621  0
-30.309541886190484  23.258764920636555  64.911244542035377  0
-24.851096340762528  21.802014253394212  88.799988219098537  0
-31.268830519637341  28.07065854997682  64.9010627708833  0
-31.395967996703934  27.607757692580517  53.625976133309365  0
-25.080735534930405  21.727081775124581  49.686061793299146  0
-25.434225335311311  21.63504219236793  68.785522453660562  0
-29.864680066023645  22.803053203804524  53.241458455905217  0
-28.005265080546408  21.743288258957342  60.706091873546477  0
-31.487809593926009  25.981599050684736  42.725264884480104  0
-28.131292611728547  21.784437231305329  70.119938236551263  0
-29.282664407668463  22.351368254905331  88.284872031279193  0
-31.237176728868668  28.164306396494066  42.053111737323484  0
-27.068527930529672  21.547070734696071  89.391190813325679  0
-31.496836121032782  26.073452494384156  87.394468660944725  0
-30.822174672517434  23.974614722577261  87.670760359131762  0
-29.179745376663597  22.284820594329098  41.743554800454135  0
-27.573155183185705  21.629430640514869  50.873763984889422  0
-31.254682107994888  24.919735367047203  54.130702739252413  0
-29.985315665964137  22.915483929491717  76.722849579004176  0
-31.381439483949514  27.67080304369944  76.304553011588283  0
-30.764760927262824  23.879779890590026  42.386655878450597  0
-31.221760896206675  28.207823398643193  87.924382635402196  0
-31.289515355406479  25.027086484603441  76.033760036445216  0
-25.198970192111823  21.693216630561651  78.595111291346086  0
-27.696966606802235  21.657851319727197  79.597304404217709  0
-27.009598308921294  21.540877872331286  40.725028515945752  0
-24.793116667148876  21.822898528572161  40.14667888852567  0
-21.905966121380914  24.581836944729197  36.72833624674341  0
-22.152570343461328  28.957012534803049  93.950596989047142  0
-26.401484089841642  31.515181154677638  67.072664652283919  0
-25.118048751604245  31.316954491566108  80.464657744381398  0
-23.951231742890673  30.808284430520761  93.537171819415761  0
-21.579102581081262  27.30521483732602  81.40585072396037  0
-21.53214253453401  26.911647111501598  63.690349929111811  0
-21.527134174499448  26.842365930299007  37.313630175381107  0
-22.211194215561736  29.059004073104955  70.88920814072759  0
-21.520524397825323  26.716965941863322  95.128557437871791  0
-22.237945136906792  29.10376762377058  35.689693890195414  0
-27.991213850707421  31.294080220089661  79.280752009326051  0
-21.887627199579818  24.6261347961795  90.548306545372697  0
-28.399336364342819  31.148452415616276  37.283157546822764  0
-21.706637608512487  25.150787463278601  50.264785549791192  0
-24.822399748759963  31.220758729378524  55.374728364440749  0
-27.870930169274626  31.329562630909926  52.644361128876042  0
-21.987961003303617  24.397000659254548  61.861377784442908  0
-28.470381057956491  31.118934695186756  93.172192143670856  0
-26.243061009704736  31.509021572382654  92.349701754515593  0
-21.777715990005891  28.11146053377929  48.51665453325154  0
-22.602860021872001  29.628318637826268  58.80372291493935  0
-28.845353043269292  30.941034044122549  65.665270353957908  0
-21.952204139709796  24.475141000757276  74.106922256002335  0
-23.829100738897008  30.732884510907997  69.021047390019419  0
-23.270761759198706  30.319812774564284  45.348541824458039  0
-22.872229555358992  29.939845005802134  81.541895927803381  0
-23.824121504724722  30.7297067478965  34.343981164362717  0
-25.75575804197414  31.458291940608333  39.373413864801648  0
-21.802014321721334  -24.851096147339749  88.799989975418043  0
-25.659491602054704  -31.4425096989788  65.080909826655329  0
-22.351368157144545  -29.282664260465747  88.284873338930794  0
-25.027086375357808  -31.289515321316514  76.033761283828852  0
-22.284820570409529  -29.179745338657515  41.743556139304921  0
-23.974614730603985  -30.822174677256239  87.670761695685968  0
-27.670803024132262  -31.381439488592275  76.304553023547101  0
-25.981598883534389  -31.487809575940979  42.725265361918858  0
-22.915483869498711  -29.985315603684786  76.722852530765977  0
-21.657851267101773  -27.696966390202274  79.597305553747603  0
-21.667409029290255  -25.29737546251534  59.191779299699554  0
-21.743288308526324  -28.005265239473282  60.70609470205607  0
-28.070658704131581  -31.268830469224142  64.901062490302024  0
-21.635042146489841  -25.434225542237428  68.785525991126988  0
-21.784437339324803  -28.1312929282753  70.119940462003015  0
-21.547070709378296  -27.068527702614688  89.391191317352408  0
-22.803053252976536  -29.864680120560379  53.241460867363223  0
-21.629430650106137  -27.573155227546476  50.87376647878142  0
-21.727081765573825  -25.080735566789475  49.686064264306552  0
-21.693216690701401  -25.198969971949271  78.595114205936071  0
-23.879779777885641  -30.764760857311842  42.386657033035604  0
-23.258765115461767  -30.309542053520872  64.911247326909447  0
-28.164306304101459  -31.237176761119372  42.053111554066135  0
-27.60775769325166  -31.395967996553914  53.625976022365379  0
-24.919735412787642  -31.254682123409577  54.1307043556331  0
-26.073452560371081  -31.496836126903105  87.394468850059667  0
-28.207823438639849  -31.221760881829816  87.924382588712518  0
-21.540877875837346  -27.009598344300763  40.725029842987595  0
-21.822898503723305  -24.793116734823975  40.146680126768821  0
-24.991693689886247  -21.754681889148053  51.408963760777311  0
-30.937432788289737  -24.18082639445127  64.035061472459347  0
-30.901025723767134  -24.113179132089336  92.68398372966638  0
-30.04507763911149  -22.974023503910747  50.900515484086128  0
-31.477225212561869  -25.891006114596948  77.70703883865886  0
-31.12811574982651  -28.44861189632805  70.486356131947247  0
-24.556222865702257  -21.916798138671375  93.003770608802881  0
-31.516074090408186  -26.450915760470572  92.732248935663421  0
-27.811881519920469  -21.687218856271031  51.199837856550502  0
-31.488333529031181  -25.986491028044529  36.876547829838657  0
-31.293230647403099  -27.993963380032902  50.098920548970412  0
-26.753978119096555  -21.522146860087521  38.121454128842331  0
-29.072543963362737  -22.21921896406031  64.638849768870372  0
-31.511113504713656  -26.748622448033913  62.248627169310467  0
-27.863526580165566  -21.701368682500259  78.46863319696206  0
-31.068811879243903  -28.584473262793036  83.395049027256206  0
-29.083213761451024  -22.225583354622884  92.665312559349658  0
-31.17689134265801  -28.327800118296334  95.33960250959241  0
-30.705297310539599  -23.786300443363345  37.913131451769544  0
-31.33723660688938  -25.189650884265564  50.345867344597828  0
-26.480293905054591  -21.516635415445414  64.859042146863402  0
-31.131320833465988  -28.44094403417137  36.653239842089469  0
-29.011861198713646  -22.183699900045269  37.267133777631528  0
-30.990704501612516  -28.748438994847099  60.81689997603538  0
-24.133170949895487  -22.121083703867562  64.957789853211352  0
-24.55242899480649  -21.918416842396574  36.972641988640547  0
-30.187682749749417  -23.122031029071842  78.366784590484059  0
-25.00249121105244  -21.75123783991387  78.477551533488977  0
-26.775627372428094  -21.523223285932129  91.802284959757372  0
28.450097043709651  31.127493242669999  36.880714084608442  0
22.226086972999497  29.084055502827592  36.37965078070458  0
21.958459940524392  28.571797866526641  78.114559090881116  0
26.088819358205928  31.498179273382821  92.494715308484871  0
24.244169269189943  30.97032215480035  80.461593124535227  0
26.012378956381102  31.491025140111894  64.491997820705777  0
22.959605698850439  30.030543619872905  61.938071974746222  0
23.949394285374833  30.807185615809558  36.338833382870192  0
21.795541716923623  28.163474950325845  49.862275494257361  0
28.425512714281183  31.13772565396188  93.133620456940278  0
21.878313406735185  24.649103617432118  92.494294711367573  0
21.658528272437721  25.333259193465523  77.408207717713864  0
22.977322387617541  30.048386431547698  46.855994255744058  0
21.545111619727319  27.050596864431999  64.00626021923577  0
27.877515252920038  31.327704682241709  51.070876992946509  0
21.902244828254467  24.590729235407704  37.496812535734762  0
21.528118765433184  26.857106428137886  37.96494721793556  0
21.689871430498386  25.211278185278118  52.004573899748223  0
22.540292098104064  29.547962123538912  92.30980245381339  0
26.18599909903406  31.505568967936203  37.720168618150652  0
24.87373072633833  31.238928989899875  49.739897247809047  0
28.753691430757687  30.988080495047594  64.898838798986745  0
21.568202963972134  27.233661140897198  92.542068945184027  0
24.074833329934211  30.879787794432126  95.039083519020025  0
27.765944805683411  31.357877902161352  78.820507312878064  0
21.89838360248908  24.600007158034884  64.685916167054927  0
24.852319604385475  21.801582310283834  38.619372560128824  0
30.655985711385917  23.712098189948875  66.806751192863416  0
31.095965828233496  24.509383954054087  50.303061369960773  0
29.041345192903151  22.200814495896999  93.051788650942413  0
27.104145770505536  21.551156623317603  48.046960100171447  0
26.788918020738603  21.523930733519823  91.78038417724666  0
30.949390106826296  28.829407961931047  65.035404102289121  0
29.05501066098871  22.208838403636207  69.419906024542655  0
30.005354279721359  22.934894910351439  80.176986025036584  0
31.50326616728503  26.152902831224786  37.687534313850072  0
29.394143672470516  22.427593484716603  39.40236165175115  0
24.56970604929721  21.911075259922072  92.422301128598178  0
31.129362684038082  28.44563297813146  36.901005279298303  0
31.512323062754465  26.312066444009208  65.240599210640013  0
31.508820842828193  26.23942040603664  92.023538619560284  0
24.753064062838231  21.837799500498384  54.379678588287526  0
30.891472029747561  24.095831388978738  35.341130477318274  0
30.81858573250835  23.968545248375491  93.072185929764487  0
31.299820816900223  27.972486109797565  78.704986005174845  0
26.820301531191763  21.52574210431105  64.353594709270325  0
25.100884269199849  21.721087738660025  77.600970862712998  0
31.310321254852475  25.095476866683665  79.334945885895294  0
27.884630603887977  21.707322409647816  79.394619051536907  0
29.241337725399546  22.324215805635646  56.38573763468866  0
27.291966569434987  21.577004495918253  35.152066526752037  0
31.32934609999938  27.871699393067814  51.272791832974484  0
24.425572250062761  21.974698135535895  65.265581281463909  0
31.120062338235225  28.467722718434675  93.059459825691278  0
1.8932050082083229  -42.127718098252792  36.880714084608442  0
4.8493160526056984  -36.281749688305169  36.37965078070458  0
4.676336093754677  -35.730287950470199  78.114559090881116  0
3.8249950779006285  -40.720157240576775  92.494715308484871  0
4.7561083167129272  -39.042541305669936  80.461593124535227  0
3.8739878682382023  -40.66104697794043  64.491997820705777  0
4.9999081533044221  -37.469693919356914  61.938071974746222  0
4.8491907537130485  -38.718748962710421  36.338833382870192  0
4.5028087714821945  -35.326359466823781  49.862275494257361  0
1.9178241616704934  -42.117569759615378  93.133620456940278  0
1.9592445472293865  -32.899852088883065  92.494294711367573  0
2.5984271532949319  -33.228211577217138  77.408207717713864  0
4.9999973356677128  -37.494838283254978  46.855994255744058  0
3.8929659502534535  -34.362355005713631  64.00626021923577  0
2.4396523418518696  -41.864412497793793  51.070876992946509  0
1.9010455554126311  -32.875497237945751  37.496812535734762  0
3.7681633131582406  -34.213520843612223  37.96494721793556  0
2.4900105956211496  -33.164120938760355  52.004573899748223  0
4.9551709953030079  -36.831957780292484  92.30980245381339  0
3.7615039272966988  -40.794098997439889  37.720168618150652  0
4.5008748557615545  -39.677642195765181  49.739897247809047  0
1.5799516591688327  -42.243812048836979  64.898838798986745  0
4.0060838954327851  -34.508129043097398  92.542068945184027  0
4.8118294475124879  -38.858785254576858  95.039083519020025  0
2.5398802500883146  -41.806855966388163  78.820507312878064  0
1.9103363363400334  -32.879327421028357  64.685916167054927  0
-2.1524487974392965  -42.012977307100094  87.7002477119606  0
-4.5471446597922114  -39.579296862624368  77.314424581056045  0
-4.2666405178907434  -40.106871437391881  54.943825151755867  0
-4.9981064667634314  -37.362407315261329  70.063052671880001  0
-2.1810303923768699  -41.999233982304837  41.540725578374492  0
-2.7162046672862963  -41.697884253455541  76.067000987337423  0
-4.3005068835289606  -40.050615718746478  66.442569964459196  0
-4.1800868599933736  -34.756485129818429  73.979152308162668  0
-4.8553468261338262  -36.306012061221587  41.2008006850645  0
-4.8381583270988617  -38.761833587253129  40.69711682477309  0
-4.9981579583849225  -37.635709332875393  60.111574128861498  0
-2.4608796269039921  -41.852478772135129  53.052438437168142  0
-4.9541743606959754  -36.824606482250026  80.050080133508857  0
-2.3666255244549488  -33.095560918005965  76.918481965967146  0
-3.9176224346120279  -34.393195458381491  85.935366715915961  0
-3.8002792581055145  -34.250711222373425  42.243737691367024  0
-2.0809153644649991  -32.95359578942525  42.589068293519105  0
-3.886255411594846  -40.645952777116449  43.328284343204807  0
-4.8766487692361542  -38.60376482164618  88.423954525238884  0
-3.8685633772462502  -40.667683285340566  87.553582395487155  0
-4.328073333281929  -34.996446281437045  62.982979862974119  0
-2.2138134153804696  -33.0168058081453  88.48046490304958  0
-2.4737071461128086  -41.845201140944852  64.443417684027523  0
-2.6427009491135052  -33.255458600325298  54.135943112990525  0
-2.4813622703292406  -33.159165830927819  65.535117541855996  0
-4.9880700819339694  -37.845191045236227  50.115103491688792  0
-4.4758507874344389  -35.271377167706717  52.353589553845453  0
-4.8305093096860272  -36.209194124187228  90.080947964109512  0
-4.8475634338082072  36.274794402883003  36.403554240407857  0
-3.8382741184845366  40.70431767953378  92.211752666440347  0
-4.7688036440581278  39.002834589839864  80.249425161445714  0
-1.8998652184997009  32.875012199850083  37.498244137838299  0
-4.9537036398909331  36.821162576066556  92.260169121290431  0
-4.9995133459702972  37.43024110475239  61.953685156039803  0
-2.6086652702995181  41.765543987293277  77.765016456870313  0
-1.9051931106929889  32.87720439442014  64.68453039484146  0
-3.7653237573314882  34.210267943665315  37.972281627196544  0
-4.8146532913041806  38.848745225954495  94.961332410962996  0
-1.9579438480360809  32.899298326566026  92.491523246856772  0
-1.9294525794213679  42.112722920766508  92.497611466198975  0
-3.776088489177591  40.777370244861189  38.011293364771952  0
-4.495800836168157  35.311901546659556  49.883898240372616  0
-2.592748986811066  33.224762849689988  77.39908581477269  0
-3.8832460055383753  34.350333277873474  64.004066936166751  0
-4.999911025593784  37.470171554733852  46.936057056216441  0
-1.9051763915970428  42.122802495986797  37.518550639024511  0
-4.5217839770195871  39.633886047840903  49.99647182991437  0
-2.4847778859125769  33.161120091811661  52.008498869282377  0
-4.00321305341265  34.50428885755192  92.528823326547652  0
-3.9432722466373544  40.574183467020241  64.500421958815934  0
-2.5104422018772832  41.824081399677183  52.132057918505417  0
-4.8522857618419648  38.706367641072568  36.420386748273934  0
-1.9318903370928708  42.111702475816031  64.881618014480793  0
-4.6693227301018245  35.711865429517218  78.069623774060744  0
1.8724325879698771  42.136161796519609  37.620775353424129  0
4.8374668082370604  36.235517940339399  92.663985558644285  0
3.5539909787693249  33.983020028088681  65.002416889108432  0
3.7129092415619667  40.848776636911275  91.559777299016787  0
1.8720047784292384  32.863665444606312  37.620976818221706  0
3.7120894580503441  34.150314663221252  38.441634475115812  0
3.5563202882311078  41.014624589840984  65.001405654661809  0
4.8330984327459996  38.781077491562058  65.002336675533627  0
4.3434781352287288  39.976731250820094  51.604267990437819  0
2.345959472833385  41.915481191424405  77.47709891225098  0
1.7301094323502046  32.808867796353162  65.001324713345383  0
2.3444319312277302  33.083707559520178  77.477762465433315  0
4.9999996355485505  37.498090939215437  51.315708930461852  0
4.3418393708962668  35.020397032318684  51.604967466921067  0
1.8720111700549227  32.863668025347074  92.379750777127967  0
4.837461674763345  36.235498301624482  37.337918915286487  0
2.3444207517491007  33.083701624803012  52.524914018467911  0
2.3459701167007943  41.915475536286692  52.52425046388371  0
4.8378465653881122  38.763028348755959  37.33774419095775  0
1.8724265616371969  42.136164230403729  92.37954931339965  0
4.8319468777824826  36.214585914855888  65.002829031329767  0
4.9999996457441442  37.498117831795568  78.688654253384868  0
4.3418511561263173  35.020417668629761  78.399515036978372  0
4.3434666866910501  39.97675132817244  78.398815561727602  0
3.7121007867400602  34.150327217610226  91.560160018379648  0
3.7129201083188046  40.848764588507372  38.441251754282462  0
1.7316736487598652  42.190555017712754  65.000604287755976  0
4.8378415168529108  38.763047686278348  92.663810834854516  0
-41.94490352208166  -2.2897232757229125  54.852930079639037  0
-38.57830989742515  -4.8823403983251223  67.069488266715283  0
-34.353896992379418  -3.8861337940738445  42.722219300991547  0
-36.608211783848454  -4.9198286329440206  86.992964513438636  0
-33.123045102681665  -2.4170779521650392  52.229516876492767  0
-40.668067707193231  -3.8682485704309988  39.903456440126938  0
-33.007299158232932  -2.194456458074896  64.150279543129599  0
-40.439108222969949  -4.0449527628481059  61.192855416718743  0
-40.480696209046307  -4.0144053245006406  50.319044919001854  0
-38.24940336666139  -4.9435204656235783  54.353654057529084  0
-32.980520875862254  -2.1387632983769462  41.365597432423925  0
-38.663028424414328  -4.862855630594729  42.610751496926284  0
-41.989498172006563  -2.2010011730007961  42.97025406249972  0
-40.67514404467488  -3.8624422708394848  86.043345419562854  0
-38.836031640794083  -4.8181967015471248  90.000222191142456  0
-34.536892616905071  -4.0274054472141767  90.247716129232501  0
-41.944982016874008  -2.2895708920380438  78.018061574430803  0
-33.0386167087253  -2.2574452658561057  87.459706309814564  0
-34.458972706344554  -3.9688982097358836  69.340016054729674  0
-33.040197977012696  -2.2605676091989739  75.735147894692005  0
-36.389244816995387  -4.8750613250943768  62.697692597074706  0
-41.936272136528544  -2.3064018580164318  66.439141262112912  0
-38.735347401502892  -4.8449888335890501  79.097567891843127  0
-36.488634542145121  -4.8966457816203688  41.02847312519782  0
-40.571083233999225  -3.9456872366991949  73.194876213767742  0
-34.324494306878435  -3.8621449471704885  58.161004375381651  0
-36.534994103836276  -4.905992623350734  74.678934418304266  0
-35.815217687915933  -4.707601147175823  51.205135456146415  0
-34.525037338247458  -4.0186561387086055  80.213473489513731  0
-41.982660677941361  -2.214893506794283  89.158551825046686  0
-33.095560918005958  2.3666255244550669  76.918481965967146  0
-37.362407315261301  4.9981064667635655  70.063052671879973  0
-39.579296862624339  4.5471446597923633  77.314424581056059  0
-40.050615718746457  4.300506883529108  66.442569964459253  0
-41.999233982304823  2.1810303923770413  41.540725578374492  0
-33.016805808145293  2.2138134153805873  88.48046490304958  0
-34.756485129818408  4.1800868599934953  73.979152308162639  0
-34.996446281437024  4.3280733332820533  62.982979862974091  0
-36.306012061221566  4.855346826133955  41.200800685064522  0
-40.645952777116406  3.8862554115950152  43.328284343204892  0
-41.697884253455527  2.7162046672864584  76.067000987337423  0
-41.852478772135129  2.460879626904128  53.052438437168107  0
-38.761833587253086  4.8381583270990083  40.69711682477287  0
-42.012977307100087  2.1524487974394479  87.7002477119606  0
-35.271377167706717  4.4758507874345757  52.353589553845424  0
-32.953595789425236  2.0809153644651146  42.589068293519134  0
-36.824606482250005  4.9541743606961077  80.050080133508843  0
-34.250711222373411  3.8002792581056331  42.243737691367016  0
-34.39319545838147  3.9176224346121504  85.935366715915947  0
-37.635709332875379  4.9981579583850593  60.111574128861449  0
-33.255458600325291  2.6427009491136295  54.13594311299051  0
-41.845201140944845  2.4737071461129561  64.443417684027509  0
-37.845191045236263  4.9880700819341017  50.115103491688707  0
-40.106871437391888  4.2666405178908748  54.943825151755988  0
-33.159165830927812  2.4813622703293614  65.535117541855996  0
-38.603764821646159  4.8766487692362945  88.423954525238884  0
-40.667683285340551  3.8685633772464003  87.553582395487112  0
-36.209194124187206  4.830509309686156  90.080947964109512  0
38.749682767202977  4.8413110808288193  93.348613828396324  0
37.511070857824869  4.9999877435956801  82.411705198831726  0
40.529767094353851  3.9775006416053045  37.509598546177187  0
38.278424538539362  4.9390338364704265  38.053048925109877  0
40.706388015720698  3.8365447856948958  65.783302706029815  0
34.662721629909349  4.1170197291992334  61.601931719702456  0
34.021895494264157  3.5920452457033516  35.98315180476952  0
35.954315493689677  4.7550877391434341  36.473703923529456  0
36.663727834941554  4.929568831647293  50.443171053980983  0
40.799946275324281  3.7563751915874195  91.926492757128017  0
41.85045875022211  2.4644489571942598  77.886958767321147  0
41.800126696917147  2.5512566296749526  52.570618781439997  0
32.948364913393412  2.069448728133128  43.838588209213292  0
32.984018194550551  2.1461380041482743  95.538520186527705  0
39.453892643156003  4.6024236592279113  51.940401781524173  0
32.930077349218209  2.0287451702645023  70.119706632556188  0
34.973410410371024  4.3146662727931222  78.980258530084939  0
36.454253977349715  4.8894187032929697  92.676923593200641  0
34.330395297257184  3.8669892718173711  47.304548438314775  0
39.723696093580742  4.4783005351800291  79.772791245248058  0
33.033408194879613  2.2471220808917733  84.772793625515732  0
42.126782947671629  1.8954892653705626  92.476685847597579  0
37.686283406250844  4.9965286442244663  67.277249614710016  0
42.10518745353864  1.9473696407642451  37.510132388170646  0
32.996554511267703  2.1723210467186336  55.478442020322206  0
42.133935482062462  1.8779355548267671  65.248393324439206  0
32.944427274483537  2.0607661542568301  34.260558609548667  0
34.36801559105421  3.8975214768004127  93.99625676108441  0
42.161102274792569  -1.8094544989923089  65.346611930703048  0
33.995633342181748  -3.5664287918829589  36.962320037497918  0
36.266011238078342  -4.8453350488331601  93.157925267867725  0
37.219595391244184  -4.9921311336330598  46.580002084597268  0
35.177874191837525  -4.4280618481527299  79.669573341305323  0
41.840323888221199  -2.4822547301468512  52.851586202919066  0
38.628517707323979  -4.8709801666868069  36.712879270655321  0
35.123496673281409  -4.3991171771271862  49.12090303653796  0
36.444490699333279  -4.887320341066876  70.236574647692592  0
41.8884797775425  -2.3960895730545015  77.890937590208992  0
38.5649064874234  -4.8852813811533471  67.881998161119071  0
32.776995340374398  -1.6411054156131686  38.421056229765213  0
40.745730594560243  -3.8033186702583333  38.523410435489836  0
36.173813463334753  -4.8209158123709059  36.171895229821516  0
42.132493437383324  -1.8814899820622006  92.469596114487388  0
40.832563279740654  -3.7274685761954074  91.867255600979803  0
32.865762851756536  -1.8771910008947668  64.832741033533026  0
39.906070156246983  -4.3830156745347857  79.564163737351151  0
40.866319791343955  -3.6970110984964597  65.993131706514916  0
37.521456952377441  -4.9999539597074962  80.60878543876899  0
34.190761616536733  -3.7481917402146596  91.839468595446519  0
39.411377366959336  -4.620242045723967  52.429318165281856  0
36.81877477985487  -4.9533758387021489  58.467401957416421  0
34.42372526462448  -3.9416409974134208  64.560942385414904  0
33.152746291505402  -2.4700982154521647  77.618890458574427  0
38.757382308553765  -4.8393170727010641  93.149251959206126  0
42.122360448239398  -1.9062486423738367  37.671773425966443  0
32.872974229586575  -1.8948964404236126  92.432184495533434  0
33.111064595992289  -2.3952548965501892  51.985229473813504  0
-28.229823925205483  -95.932669311094926  58.811361956850916  0
-48.701717002504523  -87.339239526160071  58.588938425135687  0
-25.066353768412164  -96.807426929739265  70.28828352239843  0
-59.659882761555103  -80.253961826675564  60.034793599310824  0
-86.576581638364956  -50.04493492667892  72.34764234639124  0
-19.560417112729407  -98.06829295126964  60.781827693164487  0
97.623495902896494  -21.671480053220918  59.247560047224425  0
19.985003928391809  -97.982649576249798  62.574287853228917  0
-13.753714013852591  -99.049661033368281  70.256104743400826  0
82.628355169702829  -56.325437609924023  67.017106937306153  0
-10.790917829547125  -99.416075623593002  58.734723736433445  0
-61.165601478319608  -79.112383327740716  72.535416295170691  0
-81.52501663542786  -57.910894161575598  64.856339317894083  0
-98.697219684931724  -16.089090293249232  59.807070635920169  0
98.858186659103893  -15.068474722870107  61.364178415949524  0
-48.938194223014605  -87.206955836048422  73.361963452891374  0
25.943518680872995  -96.57605209603048  72.296171199582005  0
13.17052083450567  -99.128892765670756  72.208857577473353  0
-54.059731835006488  -84.128148641980616  65.89562795081234  0
60.854289001964446  -79.35209833435654  72.521236383116189  0
-99.35371038522598  -11.350781148830258  70.599223086373996  0
99.116517763603767  -13.263329386591405  70.815964934103235  0
11.530575032526881  -99.333004784005539  59.423393679684921  0
-78.739655863231491  -61.644680180368162  73.494418749987034  0
-97.944270852632926  -20.172253397825454  69.340926374239885  0
50.584982169093827  -86.262156122789207  71.955606891692057  0
87.033704711623315  -49.245652033148637  72.759473602015049  0
78.516842682225203  -61.928227935366444  73.18278194902615  0
97.009148151872083  -24.27396083971739  70.001855868629917  0
-95.884153265177233  -28.394174624736007  71.287700058913487  0
78.953352296077142  -61.370743528260519  59.216277334267893  0
-99.666900525539489  -8.1553013207493592  57.738335054081958  0
-93.735038499467166  -34.838808210147008  56.627039241918752  0
-77.356190571370135  -63.372074135898906  57.90991400195459  0
-38.738196838931991  -92.191930805619648  56.636521246117155  0
-67.412469337459839  -73.861755853933204  56.904389184920092  0
0.25634459997019365  -99.999671436690562  56.627437571493594  0
93.524526670271271  -35.400041117232021  56.37262432630024  0
85.679559379647529  -51.565619403915377  59.937609894894322  0
99.672690449457832  -8.0842302395810446  57.32111254317541  0
39.956289438904449  -91.670578345914748  56.692086460268754  0
58.300060122468558  -81.247172195200434  61.701956371634012  0
28.269134080958146  -95.921092874887592  59.005458708488398  0
65.923726881150486  -75.193498615900808  57.187128183873327  0
-89.667924470532441  -44.268084678997468  56.980310573347865  0
-96.698207250857678  -25.48444063483003  59.628190687082963  0
95.985394546037668  -28.050027341189558  59.947426364561586  0
89.812321192153505  -43.974389843151378  56.793067567879362  0
50.239910364433172  -86.463584280168021  60.235506285212672  0
-85.544526146397516  -51.789323671856465  60.354672017313  0
-99.397859190626633  10.957444424698679  70.709815789473339  0
-56.671680809890226  82.391265278437871  62.462038463403339  0
98.133922630226564  19.228448434668497  70.817584363585311  0
99.448609768828248  10.486849624521019  71.295363053941955  0
-13.937185417938517  99.024011545816521  70.243186698034094  0
-49.263862663843497  87.023398206677541  59.67641711264389  0
-95.886997527942839  28.384568079790867  71.29829457751103  0
-25.219968038699115  96.767521473514009  70.242811093596785  0
78.278073944687364  62.229760882636029  73.387949039130305  0
-28.59305412625665  95.82503459813077  58.626305796543889  0
-61.004430293524983  79.236730652914062  72.385234083903796  0
87.278171335002142  48.81107260056892  72.864589531453532  0
-11.078121654318364  99.384481789724717  58.868895321655152  0
-97.99899804854077  19.904682400935322  70.084277655022802  0
50.137080732929562  86.523251993783163  72.903617015329971  0
25.02953163119912  96.816953816585254  69.748950702639391  0
16.427252925266686  98.641499184315506  65.484711239170167  0
61.017304383226481  79.226817213647365  72.802716861461477  0
-50.268447802037464  86.446996220654398  72.107940264021224  0
11.771527399659352  99.30473877252318  71.764998004409946  0
20.738101519584355  97.8260248878764  58.417512374115546  0
58.18797539176569  81.32748317639782  62.417501150677928  0
95.978756697893019  28.07273165772537  70.956638515116452  0
-79.696679269661203  60.402312152671399  72.016964916331602  0
-19.889858719083588  98.002007735223955  60.723717068002074  0
-86.65889116670445  49.902270306643118  72.625734277227565  0
-98.614960898843023  16.585821864461938  60.246421817722151  0
10.279357938265726  99.470270937486717  57.851871044148176  0
82.758733321751492  56.133698069690894  68.779100929935339  0
98.964666474530745  14.352518579848303  60.545412687796045  0
46.822979873530159  88.360673128734078  57.123003310464874  0
-72.562122889216056  68.809434831353656  56.681317043983242  0
85.299986231592072  52.191113696588253  60.349386172950162  0
79.385644422838283  60.810520961184707  59.920753640519656  0
-39.352618117111092  91.931340941644152  56.636259088443097  0
99.733339907257701  7.2980073268939929  56.899799933211419  0
93.332611550633857  35.902975101493844  56.488698165112048  0
64.34989018680524  76.544703493750021  57.691261048175292  0
-99.608314333572707  8.842155598278941  58.19807877016963  0
-89.175050328667268  45.252739131235572  57.490750002461951  0
-0.35645683038307474  99.999364690622272  56.597008795232213  0
28.877028737634792  95.739841295491061  58.591614787040776  0
38.324259264931079  92.364772244586547  56.569383010127005  0
-63.560738342615274  77.201247019342873  58.548744348643716  0
-79.506040683181809  60.653025438837247  60.156329674937581  0
89.426792427781805  44.753198724542862  57.149022236372574  0
72.458211350873242  68.918847986832915  56.645617083766155  0
96.031273892297108  27.892551597561223  58.627669522656205  0
-84.744032542121843  53.089066185984038  62.090325946464134  0
-93.721988607704475  34.873899286103807  56.670394957010096  0
51.814116907598738  85.529511217390279  62.708834858633537  0
97.601690579804426  21.769473947803977  61.385448755723274  0
-96.701682216711006  25.471251568351285  59.991640342411692  0
-6.7813293763029447  -31.877092759746297  100  0
-3.3591522965659912  -45.294602208113204  100  0
-40.512719661026019  -5.2490908632210047  100  0
-30.040739768805189  -30.825041135372565  100  0
18.774267463899228  20.605492613452473  100  0
21.750259414884344  -33.438704508068945  100  0
18.796430588909615  30.022026997996306  100  0
-38.479929163112452  -26.339386550949303  100  0
-7.2064487900630336  45.004351160221788  100  0
31.898975900384094  5.6062703544170169  100  0
20.965608351808779  24.337705810020019  100  0
-12.733871556236522  -26.721437310424196  100  0
33.865217757001744  -4.9971182398084038  100  0
-0.43459980896448547  -46.181318940322917  100  0
24.661862216480156  14.724352324256548  100  0
-29.184648890199227  17.83513295883284  100  0
-0.043034893078990243  43.0249114796367  100  0
24.450962325186016  33.145549939530888  100  0
-3.7056264269777492  45.067742723138672  100  0
-21.309358153290354  22.349836666649733  100  0
32.711200959905497  -28.644335085847711  100  0
-4.4962103807481402  -33.045371545011349  100  0
-30.469513416613882  -2.073533257749161  100  0
-4.5077543571020104  -41.917530556024531  100  0
10.167344418895565  -41.328167278142708  100  0
26.497592748739578  -34.506602136270637  100  0
33.166800111762839  24.544013673038535  100  0
-32.035593528796767  3.3181615238205362  100  0
6.0405372028825397  -41.913518777334005  100  0
19.883911110832965  27.622301037815372  100  0
0.92472232209949667  -31.204507871243191  100  0
-20.918172840438196  -27.926114415552853  100  0
-23.380644454664232  -20.942875769009191  100  0
-16.729546764693676  -33.693604391230821  100  0
4.5160013122551268  -41.027108647077966  100  0
-20.134450629568196  19.743578290072595  100  0
30.558302331759467  -18.858402591386898  100  0
-38.888364295608959  -17.129404363393778  100  0
31.316582193908971  0.32050829839743517  100  0
-28.188559892784081  -15.488940248701526  100  0
4.804929963547381  -32.104391922108412  100  0
21.298536579904162  -29.813626287140242  100  0
31.71670390544978  -2.2848960236993681  100  0
-42.798170402682551  3.2037430932471231  100  0
31.683698545965747  -23.281530419431519  100  0
21.408608091665382  22.194750329963842  100  0
31.332908159028992  -29.860311544521629  100  0
19.865297940048684  39.754030297767592  100  0
31.380705571543128  30.161476618074236  100  0
2.1116310780904346  -32.285745072196214  100  0
5.8482667304166984  -29.358451993359537  100  0
-33.574908501926288  -5.063847063887482  100  0
9.0324893400388397  37.99217080954115  100  0
7.7762041741431531  42.531578948717495  100  0
-28.434620179543138  4.0427860166947545  100  0
35.35446641212387  -13.085256579560559  100  0
5.5413593751366426  -35.496152263152268  100  0
-40.675512990227276  4.5368501737209153  100  0
29.353799539729081  0.13675437493764117  100  0
-43.381904983991099  -2.717694562951142  100  0
-20.735697987264473  37.260828509162877  100  0
-4.3343736059202094  42.442668924774111  100  0
41.339738287873708  9.2841171923251178  100  0
42.272865791672224  4.1741411661401973  100  0
-45.61889641446038  2.1661098374619341  100  0
32.475875300753827  -26.737124776076783  100  0
-32.210759575460443  -22.685097398332303  100  0
-28.402580511832042  -19.799501725022878  100  0
41.534670133497372  -12.192230481875246  100  0
2.0754607076637677  31.760690934310553  100  0
-35.856321889113403  9.8609123180808087  100  0
-31.896091387039661  21.350556211803223  100  0
-6.7714939209999416  42.013514144232261  100  0
44.146635352757023  -6.9311841860693209  100  0
29.575273617698095  15.260398053462858  100  0
42.912025150889114  6.5039412821527227  100  0
37.255225537407938  9.2911832609813469  100  0
18.834233731063222  -24.452732905907215  100  0
-34.907836453140369  26.921409427521915  100  0
43.835645799120179  -0.47004281782031831  100  0
-30.480288276983721  33.958748377827554  100  0
-26.490881933118082  34.909291047961993  100  0
21.297042002029809  30.191335074256983  100  0
-40.380706212126924  5.5151228412922588  100  0
-5.3138725859690759  34.427574682026638  100  0
44.89520667190574  4.9282931230788938  100  0
34.276470386789654  5.5747657391001759  100  0
-28.914497703914829  32.161877552775827  100  0
45.275591545009817  8.5520442538264465  100  0
-32.984023836780437  28.723746807611388  100  0
31.195010560725876  1.6132064841030924  100  0
7.152866349115321  33.112557074135069  100  0
-15.992720785001598  -30.035365381412678  100  0
-20.964165486333872  -29.421602479022727  100  0
-4.2689007267175043  -29.744573949598195  100  0
-33.390825554461678  15.401145399673801  100  0
27.400912695506566  20.301569376215319  100  0
-38.263179743530493  5.8351225599891237  100  0
39.783889736263127  15.756355884500154  100  0
35.833674955126732  6.4601276533578842  100  0
-1.5412301166571734  -28.00517868911944  100  0
-6.7519712170482542  -37.157379408741541  100  0
-4.1931450871789107  32.321274354835431  100  0
-1.8503178223328081  28.615141251403692  100  0
-1.134856278169396  46.416095360924473  100  0
-17.618553231192024  31.444831370691052  100  0
18.01118505502409  35.846640988386362  100  0
39.061363208111388  6.6635571357082357  100  0
33.618273108533387  -24.010664439734327  100  0
5.4102254756422363  39.468085852693726  100  0
-5.1167864901526743  40.660566312989445  100  0
22.023955387470426  -19.247255969352814  100  0
-35.286560673321553  -26.216452235261766  100  0
-0.97670100637243595  -31.621447945175785  100  0
-20.741535891763316  27.343056620392151  100  0
22.559528452497705  31.82085847209429  100  0
-6.2263698128775919  -34.683968350270028  100  0
-43.701648537229744  -0.17465668844638974  100  0
-2.743623354030595  -32.051724261586131  100  0
-35.52147804385293  -5.8436883716517833  100  0
-37.340285589530602  -10.856078506433599  100  0
-1.9891113363183905  -30.272302979939528  100  0
-25.298522244899178  38.228661518064527  100  0
-36.286056026535832  5.6075422740664349  100  0
1.7603492793587139  -28.459752494485098  100  0
-9.0390029939998175  37.663573613109563  100  0
28.678438753267354  32.530348918239817  100  0
40.406182835177312  -5.2643099607557957  100  0
30.861747446921694  21.29421668452051  100  0
11.628174765600997  -32.520151561594595  100  0
42.033216612537608  -4.6331087900754717  100  0
32.172621313714259  3.1962502300419318  100  0
38.724606416154948  -18.729477578130215  100  0
3.1603150516504961  -31.064841377450865  100  0
-32.968399750344403  22.362790803703131  100  0
-6.7805427602906247  -45.115656607807487  100  0
33.691101836240634  30.476096154533909  100  0
-32.502372953364876  -18.974461827386992  100  0
-24.169775630605887  35.199389934919722  100  0
14.882674092318636  23.857602414519878  100  0
-23.602083397613843  -31.910527204147879  100  0
28.842194084289702  -35.583458700009309  100  0
5.3540911734295156  43.684806495135412  100  0
-1.8767409547542941  -43.34589526068315  100  0
26.199344504226854  -37.436678776641671  100  0
34.89561457758235  -6.4543536869718734  100  0
27.381664654591983  -18.177376616406367  100  0
-31.098867756391179  -6.2512110502364902  100  0
33.638653932556466  -21.231307820016749  100  0
32.414557292370048  28.316901937967447  100  0
24.716384089464199  37.567346263897271  100  0
28.643312198606111  -3.5039107919820642  100  0
37.439199727376938  6.2061325562861107  100  0
19.409843894371722  -28.295187754613984  100  0
-25.227123319481411  32.776621358921346  100  0
-42.171229674447986  -2.9212460153333262  100  0
5.8071711188805137  -45.01019133591857  100  0
-34.656412358359127  25.174179575944866  100  0
-9.7718435471515122  34.373764232817777  100  0
-31.17257657134315  19.501657086103005  100  0
9.8871129888854306  40.67223599153494  100  0
-28.562620451254787  20.528060662144117  100  0
30.669890723943514  -21.593727828740573  100  0
5.9896536082209551  -39.46667039918627  100  0
-20.855297163220943  -18.735777833068052  100  0
0.27704296977491022  -43.562147652497636  100  0
-26.548933590291291  -20.637604527987527  100  0
-38.888930825335507  19.596480787253345  100  0
-36.399138723754838  -29.17823405268437  100  0
-31.932228898357735  -24.450024251154691  100  0
43.408780087365017  2.6759923836746591  100  0
5.6676401140107311  -37.335367281228208  100  0
24.837400648195718  -19.248028364735219  100  0
-22.840183845775275  17.172361206758634  100  0
-19.782595339729269  25.700610111645862  100  0
9.2955942561544376  29.042255188902363  100  0
-37.889688696623473  25.035556193105897  100  0
23.57661514237784  21.413342706791624  100  0
21.129666915133246  -31.496854205640741  100  0
-10.46869313967432  42.371835199425256  100  0
43.478180165638712  -3.9093780245325354  100  0
-24.427819572453675  -38.245501324596937  100  0
29.997517018248146  31.235143749256324  100  0
-3.4861398240048254  30.306972144877175  100  0
-30.140729077428279  21.684913936414162  100  0
-36.783945262073111  7.1871448760719217  100  0
-32.67191288424025  -26.270827745303929  100  0
-17.120146274340506  -26.559169207893291  100  0
37.035060482703656  -8.3905602802026511  100  0
-28.350492006303924  34.052394147514072  100  0
18.427438867237154  -21.5952071280187  100  0
30.649521359576354  -31.252189196451589  100  0
-20.180660119867955  -26.215455487479087  100  0
-31.325026881079431  22.99101474528214  100  0
43.37741375929923  1.07973930973981  100  0
-34.826747933474486  4.9552494699750946  100  0
-35.145537708597949  22.807145055694434  100  0
-31.730893974475929  5.5621860127596694  100  0
37.190732133532187  22.865613328980924  100  0
-2.3780998999342939  42.981273315865572  100  0
-18.153577593460824  22.724287912334923  100  0
36.740019173470472  -24.910527113409469  100  0
-18.643339996841604  -24.43428373322589  100  0
-33.903732505869748  20.177294928373563  100  0
-32.005234130862512  -28.583448867240051  100  0
21.533311289494343  35.118942913277365  100  0
3.1392845016441449  46.021732235181517  100  0
33.414106087028962  18.400858279150036  100  0
45.844962765092035  1.6701838527450972  100  0
-13.83455774568464  37.039060001037591  100  0
-27.127728699741535  32.603948856499265  100  0
33.220273183210971  22.043161368182592  100  0
-5.6943076133203894  -39.46739534635384  100  0
40.783647255471408  5.6302560333119995  100  0
45.721526156550887  -2.5744629604718039  100  0
6.7021014750347012  -33.306653836187564  100  0
-23.320097966150936  20.978165215331703  100  0
-43.60404153596582  6.7600715605913573  100  0
20.10169748563607  -26.120450961196056  100  0
-34.009387615589503  -28.192884643117576  100  0
31.181175093474089  -33.77974642954716  100  0
-44.857676653682546  -6.635230934052009  100  0
41.790143928991178  -6.0641459679855751  100  0
33.537244193210334  -17.207345174393033  100  0
-25.09785744760504  -20.866353961516761  100  0
-22.010376215808545  -30.943250199549286  100  0
43.122357029359591  -2.1803708127749863  100  0
-20.845557599399317  29.467096388397991  100  0
28.73393957836192  -20.765663380483549  100  0
-32.046096771018298  -1.854936636133292  100  0
24.000071581743832  -15.42382424792083  100  0
13.929087172968504  39.019674620142602  100  0
7.6105884065258431  -36.567912740574144  100  0
-28.476498485062166  -9.8506905845339396  100  0
-20.918269930608595  32.351731339278821  100  0
20.788743544911362  -23.928980758838701  100  0
22.003736587567168  -22.118086764945325  100  0
20.999251092822448  -27.927635569229906  100  0
-43.353598647375591  1.5615420150735018  100  0
-42.435949611661705  -11.367775056055461  100  0
15.138478743499103  32.751310449767807  100  0
29.002035239745805  3.4271285071552207  100  0
5.0431625587262232  41.31726788220805  100  0
2.4028418358417598  -45.062663156963026  100  0
4.788394022663792  -33.85447357845652  100  0
-32.590006267878337  24.463440796783004  100  0
18.96033847380107  23.300116343676578  100  0
-5.6680410443424956  35.883736871320224  100  0
-30.565840679232409  31.47376290151696  100  0
-19.039288632574323  -21.972997589711952  100  0
-40.906597124528872  12.747545744732673  100  0
-31.119521818103436  -30.706357586235097  100  0
-31.472677777123632  -0.36925644611461467  100  0
-1.1911733536520455  43.954448061677581  100  0
-16.433617802705836  26.499367935565747  100  0
16.12835872940969  28.133041960196852  100  0
31.860110545963195  -7.8889170886450399  100  0
-19.089565776985374  -28.543762843043311  100  0
-11.484265049861817  29.451566291176739  100  0
44.334502229463254  12.648127506727851  100  0
-31.40062273962975  30.048848897746915  100  0
29.452655297443425  -14.164377753975588  100  0
1.9108755941050546  -42.972144994004431  100  0
0.9328809989077248  43.842652301523117  100  0
31.48765092330817  23.142416748529719  100  0
-6.2139345066572966  37.281298540080442  100  0
-36.616541085073706  -7.6368142567503847  100  0
-46.196239767671564  -2.2651752415759558  100  0
32.211046761846994  -25.047461511714499  100  0
26.621987579350158  33.685643425276382  100  0
-24.881931888599929  -18.421735834989637  100  0
31.883495874554907  32.987145753393754  100  0
35.589592095984884  -29.234512949075025  100  0
-36.251639137169875  29.043245738202607  100  0
32.546855054464821  26.467286815565711  100  0
-21.087579646069699  -34.130758848125161  100  0
-41.589261470962406  4.5049747646090035  100  0
-30.204629891483485  -21.466105619431477  100  0
23.723404037038133  -35.296298055663364  100  0
33.544925008513111  4.2904715129144906  100  0
-31.853548198539261  -33.45313686704214  100  0
26.716366769846783  -20.571948962640253  100  0
32.975647022270344  -31.171203272162746  100  0
18.672346994466626  -31.461612544507592  100  0
28.820103730498808  9.0731352288884839  100  0
38.515179866520327  -5.9260341333231761  100  0
-7.3035499836086011  32.43150413991367  100  0
16.009829489199731  -26.189473034518603  100  0
-8.9104826476468553  -40.163052950394999  100  0
-23.062455136878906  32.856965231984738  100  0
6.1862336673569036  37.953379782293979  100  0
-11.366202850358547  -44.308551339667773  100  0
7.2305987220425809  39.984494217637078  100  0
2.6530692868868173  28.882958140320579  100  0
40.572244991126013  -7.4495529995615026  100  0
-10.9354006340168  -33.583505594286983  100  0
28.901013775815567  35.891227530010021  100  0
3.4919189158585251  -32.9229135763361  100  0
-33.45184839207775  4.5925297072648039  100  0
3.1360143056081773  42.88431370828534  100  0
-37.310699617852904  -5.9110721192973346  100  0
-20.823385230020225  -23.998867547701579  100  0
-28.707432415931606  36.620484996783432  100  0
-39.300873924233045  7.978349654264715  100  0
32.150488461956144  -4.0583876898413003  100  0
28.93755131352097  21.109697731498812  100  0
22.132774188564326  19.087597894245221  100  0
-34.211041919488473  6.7033324040113227  100  0
11.482738297229918  43.860037053975859  100  0
-16.028535577650352  -23.415646972168229  100  0
-27.530807992325375  -32.187231417300673  100  0
-29.075281461626819  -0.18736150036944785  100  0
31.005695861101326  -1.0337189481860054  100  0
-20.883358267742647  24.003913876536057  100  0
-19.32012473255287  -31.123601810293199  100  0
34.266794286131265  -27.022159704430397  100  0
4.9375274492255974  34.216966682774128  100  0
-5.5264658855060933  -36.351428320289934  100  0
27.275798706213141  17.754319917410193  100  0
-42.114188551971047  -4.4992588284805919  100  0
-26.739470953592686  14.297290325925012  100  0
-31.059466475616023  1.5676036862822564  100  0
-2.05898031150815  31.568106968198709  100  0
42.360246247370121  -3.2769938263726246  100  0
-7.2137511301823762  35.332572443011166  100  0
35.209745915976924  -5.2434690505913686  100  0
18.732542653862524  25.547203241507216  100  0
27.074052606228136  -32.449699249229411  100  0
36.511447753437061  -5.7939168387912758  100  0
-33.690495294597376  -8.4151974211739162  100  0
-6.7465151159428478  39.64630892091116  100  0
0.12484997924141661  31.20636465717692  100  0
-30.546286369522093  9.1937074955516067  100  0
-22.315581441637139  30.779431959923876  100  0
22.837053855612684  -31.293510184973908  100  0
-19.081199049929022  28.080543884174553  100  0
33.853818864186472  -25.553017443792566  100  0
-16.282992171968051  -39.610338084162841  100  0
-36.419471886503999  -22.840257518092091  100  0
24.687559476582642  -32.608049518631248  100  0
-28.003185721420184  -4.3508896515955939  100  0
25.196727649417095  19.503832281046115  100  0
3.7629921221503824  -42.736404196149522  100  0
-32.77887977982239  26.59580267254071  100  0
28.512903032313787  -33.668834552903832  100  0
23.687189202001935  -21.008880076206015  100  0
-41.82706389660013  -6.9784406663687912  100  0
33.630547989893834  8.0983906999119899  100  0
-33.17742864505145  31.981236749462308  100  0
-22.953085862479519  -22.098587561677178  100  0
-33.185596955600758  -13.443212255312208  100  0
-39.20463760686939  -7.1960779255258673  100  0
29.57282440487878  19.014116146296328  100  0
-5.8807317905502448  28.741971249606674  100  0
4.5514046042939285  31.97365324337493  100  0
20.737912195613703  28.847050315040264  100  0
-28.418317321865267  -34.620039790802466  100  0
19.510093642095139  -38.496111137838696  100  0
6.7420486493798313  35.747237428186239  100  0
-29.57913348546186  -31.920557469212259  100  0
-31.725604593726526  -3.610592056935269  100  0
-33.650349867469373  -30.722784885244455  100  0
25.166892888137546  -21.012616849306617  100  0
19.561405836955604  32.619604462297332  100  0
-7.9460941375023211  -28.336894024355903  100  0
-25.199563747979223  -33.416426221623084  100  0
-26.102047606414075  19.445414980106499  100  0
10.221792320995897  34.603036509522362  100  0
-0.37340504877387076  -29.917106049757166  100  0
-21.783436137238798  -22.061575387526243  100  0
7.6298756969152919  45.707960370000222  100  0
33.740169895310785  12.637782930160899  100  0
-33.711448615187479  -24.488701326434192  100  0
35.365304003720382  27.737390668697003  100  0
29.022571620672483  -32.023537668717175  100  0
-36.179340577849558  -87.34418228608061  65  0
36.179340577849544  87.34418228608061  65  0
87.34418228608051  -36.179340577849842  65  0
-36.179006530226054  87.344320653136762  65  0
14.085112591994859  60.697812790350881  65  0
-8.7340001910960048  61.739656040750241  65  0
63.00889514817414  4.6649608639206948  65  0
36.179006530226047  -87.344320653136762  65  0
-54.361386440657597  28.709993863006289  65  0
-61.701039798087756  -9.0638175987116405  65  0
55.696710315865211  -26.359000185699941  65  0
57.918071825837124  20.753606554789208  65  0
-15.405381905810033  -60.915466406458336  65  0
-87.344320653136649  -36.179006530226339  65  0
-94.540736531081791  0.00018078527118478959  65  0
-87.34418228608051  36.179340577849842  65  0
66.850268065007441  -66.850523733989959  65  0
-28.398989113565129  54.535196782273545  65  0
-45.385009977862659  45.427732702671676  65  0
32.699997407442638  51.745836250490946  65  0
-0.00018078527146117042  -94.540736531081791  65  0
-54.496949513208747  -28.266881937308046  65  0
-66.850523733989789  -66.850268065007668  65  0
60.561526224337314  -11.381981332257167  65  0
-60.226018916413437  11.13032997749646  65  0
-44.974293718503695  -43.969573505072937  65  0
94.540736531081791  -0.0001807852711829549  65  0
36.651308257085887  -49.531252435991021  65  0
4.49826811469962  -61.193192044384155  65  0
0.00018078527145768924  94.540736531081791  65  0
66.850523733989789  66.850268065007668  65  0
87.344320653136649  36.179006530226339  65  0
-66.850268065007455  66.850523733989959  65  0
48.878387458809954  38.73177938115068  65  0
-40.659517886299092  -29.099890124427002  85.662075071153723  0
-16.22491223293612  -47.294314912402733  83.05087907147356  0
-47.382538242854103  -15.965433588364217  84.794542880182902  0
6.2599516378349589e-08  -50  84.565380672459682  0
40.659517945910117  -29.099890041136124  85.662075070681524  0
16.22491235574293  -47.294314870272309  83.050879070637791  0
47.382538258825669  -15.965433540963492  84.794542880207587  0
-30.425988577268097  -39.676935606167355  84.855112554802886  0
30.425988667135524  -39.676935537253129  84.855112553832456  0
43.707204848401595  24.283332644838097  83.401887410201724  0
-43.707204903508575  24.283332545651877  83.40188740965776  0
24.283330881100913  43.707205828318187  83.41381733861023  0
35.355338251209957  35.355339867444776  87.100077569146478  0
-35.355338362030366  35.355339756624367  87.100077568981604  0
48.43547722961393  12.409856789647115  85.127806192222295  0
-24.283331052714679  43.707205732971119  83.413817338903868  0
-1.1580510688429308e-07  50  83.179649174057687  0
-12.409855737792617  48.435477499113972  85.225681633841319  0
-48.435477245971136  12.409856725805184  85.127806191746558  0
12.409855506540882  48.435477558363942  85.225681633460852  0
Triangles
10074
622 1 621  1
624 625 623  1
3 4 624  1
625 624 4  1
1 622 625  1
2 622 621  1
625 622 623  1
628 647 648  2
5 650 8  2
629 646 647  2
649 626 627  2
626 649 650  2
627 648 649  2
648 627 628  2
647 628 629  2
645 630 631  2
646 629 630  2
630 645 646  2
645 631 644  2
633 642 643  2
633 643 632  2
635 641 634  2
642 634 641  2
638 6 7  2
641 635 640  2
639 637 638  2
644 632 643  2
642 633 634  2
636 640 635  2
636 639 640  2
6 638 637  2
650 5 626  2
632 644 631  2
637 639 636  2
654 10 652  3
653 652 11  3
653 11 12  3
651 654 9  3
652 653 654  3
10 654 651  3
657 660 656  4
657 659 660  4
661 655 656  4
659 657 658  4
656 660 661  4
658 15 659  4
15 658 14  4
13 662 16  4
662 13 655  4
655 661 662  4
665 684 685  5
16 687 13  5
666 683 684  5
686 663 664  5
663 686 687  5
664 685 686  5
685 664 665  5
684 665 666  5
682 667 668  5
683 666 667  5
667 682 683  5
682 668 681  5
670 679 680  5
670 680 669  5
672 678 671  5
679 671 678  5
675 17 18  5
678 672 677  5
676 674 675  5
681 669 680  5
679 670 671  5
673 677 672  5
673 676 677  5
17 675 674  5
687 16 663  5
669 681 668  5
674 676 673  5
690 692 693  6
690 693 689  6
21 691 20  6
694 688 689  6
692 690 691  6
691 21 692  6
689 693 694  6
19 695 22  6
695 19 688  6
688 694 695  6
3239 661 660  7
3234 663 16  7
3231 3236 699  7
3233 3237 3235  7
663 3233 664  7
15 3239 659  7
661 3239 3234  7
700 3238 3231  7
696 3238 700  7
24 701 698  7
700 3231 699  7
696 700 23  7
663 3234 3233  7
3234 16 662  7
3231 3242 3232  7
666 3235 667  7
698 3238 697  7
667 3235 668  7
3236 3243 3239  7
668 3235 669  7
670 3241 671  7
3232 3237 3243  7
3241 3235 3237  7
3242 3241 3237  7
672 3241 3240  7
3240 3242 17  7
3238 696 697  7
701 702 3231  7
3242 3237 3232  7
3243 3233 3234  7
3233 666 665  7
665 664 3233  7
3233 3243 3237  7
3234 662 661  7
669 3241 670  7
3235 666 3233  7
15 699 3236  7
3236 3231 3232  7
672 3240 673  7
3241 669 3235  7
3238 698 701  7
701 3231 3238  7
3239 660 659  7
3239 15 3236  7
3240 17 674  7
674 673 3240  7
3241 3242 3240  7
3241 672 671  7
3242 3231 702  7
702 17 3242  7
3243 3234 3239  7
3243 3236 3232  7
704 23 25  8
3244 9 699  8
23 704 700  8
703 700 704  8
15 705 14  8
705 699 9  8
9 3244 651  8
699 705 15  8
10 3244 703  8
3244 10 651  8
700 3244 699  8
3244 700 703  8
25 704 706  9
707 3245 708  9
3245 707 706  9
706 707 26  9
708 652 11  9
3245 704 703  9
10 652 703  9
704 3245 706  9
3245 703 652  9
652 708 3245  9
710 707 708  10
709 710 27  10
710 709 707  10
711 708 12  10
712 12 713  10
12 712 711  10
707 709 26  10
11 12 708  10
6 713 7  10
713 6 712  10
708 711 710  10
720 714 716  11
28 716 714  11
720 715 719  11
714 720 29  11
719 3 718  11
715 720 716  11
718 717 21  11
21 717 20  11
4 3 715  11
717 718 3  11
3 719 715  11
3246 721 723  12
721 3246 722  12
3246 716 715  12
723 721 30  12
716 3246 723  12
716 723 28  12
1 722 625  12
625 715 4  12
3246 715 625  12
625 722 3246  12
24 721 701  13
721 24 30  13
724 17 702  13
722 701 721  13
2 3247 621  13
3247 2 702  13
702 2 724  13
17 724 18  13
1 3247 722  13
3247 1 621  13
701 3247 702  13
3247 701 722  13
3249 733 3258  14
732 3249 731  14
3258 726 3257  14
710 3258 3257  14
734 3261 3258  14
734 3258 733  14
728 3257 727  14
729 3257 728  14
3249 3258 711  14
3261 726 3258  14
725 3261 31  14
735 32 730  14
727 3257 726  14
710 729 27  14
730 3261 735  14
731 3252 33  14
739 3255 5  14
33 3252 736  14
3248 3256 3250  14
739 3259 3255  14
3255 626 5  14
3255 627 626  14
627 3255 3248  14
633 3253 634  14
631 3250 632  14
629 3250 630  14
628 3248 629  14
3250 3256 3253  14
630 3250 631  14
635 3253 3251  14
635 3251 636  14
3251 3260 6  14
3256 3249 3260  14
636 3251 637  14
3248 628 627  14
3259 3252 3254  14
3249 711 712  14
712 3260 3249  14
632 3253 633  14
3250 629 3248  14
3256 3248 3254  14
3251 6 637  14
736 3259 737  14
3252 731 3249  14
3253 635 634  14
3253 632 3250  14
3259 736 3252  14
3252 3249 3254  14
3255 3259 3254  14
3254 3248 3255  14
3254 3249 3256  14
3253 3260 3251  14
726 3261 725  14
3257 729 710  14
3258 710 711  14
733 3249 732  14
3259 739 738  14
738 737 3259  14
3260 712 6  14
3260 3253 3256  14
3261 734 735  14
3261 730 31  14
742 736 737  15
742 737 741  15
33 743 34  15
738 740 741  15
736 742 743  15
743 33 736  15
741 737 738  15
8 739 5  15
739 8 740  15
740 738 739  15
717 624 3  16
772 3270 771  16
622 3286 3269  16
766 683 682  16
774 648 647  16
3271 748 747  16
3288 3284 3285  16
655 3267 656  16
656 3290 657  16
767 685 684  16
3274 3294 3293  16
3295 41 3262  16
39 3262 789  16
786 3295 3262  16
3270 3284 3282  16
789 40 788  16
39 789 788  16
783 3295 784  16
41 789 3262  16
3264 3280 3275  16
624 3291 3286  16
791 3296 792  16
3296 791 3278  16
675 3281 676  16
624 3286 623  16
3269 724 622  16
724 3269 18  16
724 2 622  16
3282 3288 3272  16
3284 3288 3282  16
654 9 705  16
786 3262 787  16
790 3295 3278  16
36 3271 746  16
35 744 745  16
748 3271 3265  16
744 36 745  16
12 3292 713  16
3265 750 749  16
3285 638 7  16
741 3287 742  16
748 3265 749  16
3271 36 744  16
705 3268 654  16
3290 3267 3272  16
658 3268 14  16
3290 656 3267  16
750 3287 751  16
3263 756 755  16
743 3287 3265  16
641 3277 642  16
3287 750 3265  16
639 3284 3270  16
770 3282 3272  16
753 3287 3263  16
3287 741 3263  16
3287 753 752  16
3270 772 3277  16
3277 773 643  16
643 773 644  16
648 774 37  16
3273 3263 8  16
756 3273 757  16
753 3263 754  16
3273 756 3263  16
8 3263 740  16
37 649 648  16
37 650 649  16
3273 37 758  16
37 3273 650  16
773 3277 772  16
774 645 773  16
774 647 646  16
644 773 645  16
645 774 646  16
655 3283 3267  16
768 3267 3283  16
686 768 687  16
687 3283 13  16
658 3290 3268  16
767 686 685  16
686 767 768  16
683 766 767  16
767 684 683  16
765 680 3274  16
759 799 798  16
690 3279 691  16
681 766 682  16
3276 3293 3281  16
765 681 680  16
681 765 766  16
3274 680 679  16
763 3293 3276  16
3294 676 3281  16
678 3294 3274  16
761 3264 3275  16
690 3280 3279  16
691 3291 20  16
3269 3286 3276  16
784 3295 785  16
781 3278 782  16
3296 778 3266  16
793 3296 3266  16
3296 781 780  16
781 3296 3278  16
3266 778 777  16
799 759 760  16
795 775 38  16
795 38 796  16
760 802 801  16
802 3275 19  16
19 3275 688  16
3280 3264 3279  16
760 801 800  16
38 797 796  16
760 3275 802  16
799 760 800  16
795 3266 775  16
778 3296 779  16
775 3266 776  16
797 38 759  16
759 798 797  16
776 3266 777  16
3262 39 787  16
3295 790 41  16
755 754 3263  16
3263 741 740  16
3264 761 762  16
762 3289 3264  16
3271 744 34  16
34 743 3265  16
3266 795 794  16
794 793 3266  16
3267 768 769  16
769 3272 3267  16
654 3288 653  16
3268 705 14  16
3286 622 623  16
3269 675 18  16
3270 641 640  16
640 639 3270  16
34 3265 3271  16
3271 747 746  16
3272 769 770  16
3282 770 771  16
8 650 3273  16
3273 758 757  16
765 3293 764  16
3274 679 678  16
688 3280 689  16
3275 760 761  16
3289 762 763  16
3269 3281 675  16
3277 643 642  16
3277 641 3270  16
791 790 3278  16
3278 783 782  16
3289 3291 3279  16
3291 624 717  16
3280 690 689  16
3280 688 3275  16
676 3294 677  16
3281 3269 3276  16
771 3270 3282  16
3272 3288 3268  16
3283 655 13  16
3283 687 768  16
3284 639 638  16
638 3285 3284  16
7 3292 3285  16
3292 3288 3285  16
3291 3289 3286  16
3286 3289 3276  16
752 751 3287  16
3287 743 742  16
3288 3292 653  16
3288 654 3268  16
3279 3264 3289  16
3289 763 3276  16
3272 3268 3290  16
3290 658 657  16
3291 717 20  16
3291 691 3279  16
3292 7 713  16
3292 12 653  16
3293 763 764  16
3293 765 3274  16
3281 3293 3294  16
3294 678 677  16
3295 786 785  16
3295 783 3278  16
3296 780 779  16
3296 793 792  16
793 812 792  17
811 793 794  17
813 792 812  17
799 805 806  17
804 800 801  17
803 801 802  17
800 804 805  17
805 799 800  17
798 806 807  17
810 794 795  17
806 798 799  17
19 22 802  17
807 797 798  17
801 803 804  17
797 807 808  17
797 808 796  17
802 22 803  17
796 809 795  17
790 42 41  17
791 814 790  17
794 810 811  17
810 795 809  17
812 793 811  17
813 791 792  17
42 790 814  17
809 796 808  17
814 791 813  17
818 3298 817  18
29 3298 720  18
719 3297 718  18
3298 29 43  18
3298 819 3297  18
816 43 815  18
816 3298 43  18
816 815 44  18
3299 718 3297  18
3298 3297 719  18
3304 3301 3305  18
3308 806 3305  18
804 3305 805  18
803 3306 3305  18
693 3300 694  18
3304 3297 3301  18
803 3305 804  18
810 3303 811  18
806 3308 807  18
694 3300 695  18
819 3298 818  18
3297 3304 3299  18
809 3303 810  18
820 3302 3297  18
3303 3302 3307  18
42 3307 3302  18
3307 42 814  18
3301 3297 3302  18
812 3307 813  18
718 3299 21  18
3297 819 820  18
719 720 3298  18
3298 816 817  18
692 3300 693  18
692 21 3299  18
695 3306 22  18
3300 692 3299  18
809 3308 3303  18
3308 809 808  18
3302 820 42  18
3302 3303 3301  18
812 811 3303  18
3303 3308 3301  18
3306 3304 3305  18
3300 3299 3304  18
3305 806 805  18
3304 3306 3300  18
3306 803 22  18
3306 695 3300  18
3307 814 813  18
3307 812 3303  18
808 807 3308  18
3308 3305 3301  18
3327 874 3321  19
872 3339 871  19
3335 3315 3313  19
3326 3324 3338  19
3320 3336 3314  19
3324 3311 844  19
836 3338 837  19
835 3319 836  19
834 3319 835  19
832 3310 833  19
838 3327 3321  19
833 3310 46  19
831 3310 832  19
831 3332 3310  19
48 3333 845  19
839 3339 3327  19
3312 867 868  19
3311 3324 3316  19
843 3325 842  19
850 3337 851  19
3334 3315 3331  19
3328 49 3322  19
3321 3335 3323  19
49 3328 848  19
846 3333 3322  19
3337 853 852  19
853 3315 854  19
3328 3322 3313  19
3337 850 3328  19
854 3315 855  19
853 3337 3315  19
855 3315 856  19
3339 841 3312  19
859 3317 860  19
50 3329 876  19
859 3334 3317  19
860 3317 50  19
869 3339 3312  19
3321 874 875  19
874 3327 873  19
3312 3325 867  19
865 3340 864  19
3339 872 3327  19
870 871 3339  19
863 3340 3311  19
3340 863 864  19
842 3312 841  19
3318 3336 3330  19
3340 865 3325  19
3325 865 866  19
3320 825 824  19
828 3332 829  19
827 3309 828  19
3309 827 826  19
825 3320 3309  19
863 3311 862  19
3318 3311 3316  19
825 3309 826  19
3309 3320 3314  19
3320 824 823  19
47 3338 3324  19
829 3332 830  19
46 3319 834  19
3332 3326 3310  19
861 862 3311  19
844 3340 843  19
868 869 3312  19
841 3339 840  19
3313 3333 3323  19
3333 3313 3322  19
3332 828 3309  19
822 3330 3320  19
856 3334 857  19
3337 3328 3313  19
3310 3326 3319  19
3311 3318 861  19
3317 3334 3331  19
3329 3317 3331  19
45 3330 821  19
45 861 3318  19
3319 46 3310  19
3338 836 3319  19
823 822 3320  19
3336 3318 3316  19
875 876 3321  19
838 3323 48  19
3322 49 847  19
847 846 3322  19
3323 838 3321  19
3315 3335 3331  19
844 47 3324  19
3324 3326 3316  19
866 867 3325  19
3325 3312 842  19
3326 3332 3314  19
3314 3316 3326  19
872 873 3327  19
3327 838 839  19
3328 850 849  19
849 848 3328  19
3321 876 3329  19
3329 50 3317  19
3330 822 821  19
3330 45 3318  19
3334 856 3315  19
3335 3313 3323  19
3332 831 830  19
3332 3309 3314  19
3333 846 845  19
3333 48 3323  19
3334 859 858  19
858 857 3334  19
3335 3321 3329  19
3329 3331 3335  19
3316 3314 3336  19
3336 3320 3330  19
3313 3315 3337  19
3337 852 851  19
3338 47 837  19
3338 3319 3326  19
3339 839 840  19
3339 869 870  19
3340 3325 843  19
3340 844 3311  19
881 3342 882  20
53 3342 881  20
885 3341 886  20
883 3343 884  20
885 3343 3341  20
3343 883 3342  20
3342 883 882  20
879 53 880  20
888 3341 877  20
3341 888 887  20
889 877 890  20
877 889 888  20
880 52 879  20
3341 887 886  20
890 877 51  20
3341 3343 878  20
878 877 3341  20
3342 53 879  20
879 878 3342  20
3342 878 3343  20
3343 885 884  20
895 3345 896  21
893 895 56  21
898 3344 899  21
3345 898 897  21
3344 901 900  21
898 3345 3344  21
3345 895 893  21
893 56 894  21
901 891 902  21
901 3344 891  21
903 891 904  21
891 903 902  21
894 55 893  21
891 3344 892  21
904 891 54  21
900 899 3344  21
3344 3345 892  21
897 896 3345  21
3345 893 892  21
906 57 908  22
906 908 907  22
907 60 59  22
905 906 58  22
57 906 905  22
60 907 908  22
917 3347 919  23
915 3347 916  23
61 917 919  23
3348 920 918  23
3347 3349 919  23
918 920 62  23
920 3348 921  23
3349 3347 3346  23
912 3346 913  23
3350 3348 3346  23
922 3348 907  23
922 907 59  23
910 3350 911  23
3348 3350 906  23
906 909 58  23
914 3347 915  23
912 3350 3346  23
918 3349 3348  23
3346 914 913  23
3347 917 916  23
3347 914 3346  23
3348 906 907  23
3348 922 921  23
3346 3348 3349  23
3349 918 919  23
3350 912 911  23
909 906 3350  23
909 3350 910  23
919 63 924  24
918 924 64  24
918 64 62  24
923 919 61  24
924 918 919  24
63 919 923  24
3351 931 930  25
3351 930 929  25
929 930 66  25
931 3351 924  25
928 3351 929  25
3351 928 927  25
928 929 65  25
931 924 64  25
925 3351 926  25
925 63 924  25
3351 927 926  25
3351 925 924  25
933 3352 934  26
3352 935 934  26
937 932 67  26
936 937 70  26
933 934 68  26
936 3352 937  26
935 3352 936  26
934 935 69  26
3352 933 932  26
932 937 3352  26
939 68 938  27
941 934 940  27
72 69 941  27
934 941 69  27
68 939 934  27
71 939 938  27
934 939 940  27
956 3360 955  28
951 3356 952  28
959 941 72  28
3356 73 953  28
944 3353 945  28
948 3355 949  28
945 3353 946  28
944 3358 3353  28
3353 3358 3357  28
942 3358 943  28
71 3358 942  28
3359 947 3353  28
941 3354 940  28
947 3359 948  28
3354 3360 3359  28
3359 3353 3357  28
3360 3354 955  28
73 3356 956  28
957 3354 958  28
948 3359 3355  28
954 3354 957  28
3354 941 959  28
957 74 954  28
947 946 3353  28
3358 944 943  28
3354 959 958  28
3354 954 955  28
3355 951 950  28
950 949 3355  28
3356 953 952  28
3356 951 3355  28
3357 939 940  28
940 3354 3357  28
3358 71 939  28
939 3357 3358  28
3357 3354 3359  28
3355 3360 3356  28
3360 956 3356  28
3360 3355 3359  28
956 75 960  29
954 961 955  29
956 960 73  29
75 956 961  29
76 954 74  29
961 954 76  29
961 956 955  29
929 871 82  30
875 965 876  30
861 79 78  30
78 864 863  30
937 962 70  30
79 861 45  30
937 866 865  30
81 3361 968  30
864 937 865  30
862 78 863  30
864 78 962  30
870 82 871  30
971 867 77  30
77 937 67  30
866 937 77  30
867 971 868  30
867 866 77  30
970 868 971  30
870 969 82  30
970 869 868  30
869 970 969  30
81 873 3361  30
872 3361 873  30
969 870 869  30
874 81 967  30
871 929 872  30
874 967 875  30
963 876 964  30
964 876 965  30
66 3361 929  30
876 963 50  30
80 50 963  30
875 967 966  30
965 875 966  30
929 82 65  30
3361 872 929  30
3361 66 968  30
873 81 874  30
864 962 937  30
861 78 862  30
972 985 85  31
972 3362 973  31
981 3362 982  31
985 972 83  31
984 3362 972  31
981 3363 3362  31
984 972 85  31
3362 3363 973  31
974 977 976  31
3363 981 980  31
974 976 975  31
974 978 977  31
975 84 974  31
3363 978 974  31
978 3363 979  31
3362 984 983  31
983 982 3362  31
980 979 3363  31
3363 974 973  31
986 999 88  32
986 3365 987  32
995 3365 996  32
999 986 86  32
998 3365 986  32
3366 987 3365  32
998 986 88  32
987 3366 3364  32
988 991 990  32
994 3366 995  32
988 990 989  32
991 3364 992  32
989 87 988  32
3364 991 988  32
992 3364 993  32
988 987 3364  32
3364 994 993  32
3365 998 997  32
997 996 3365  32
3365 995 3366  32
3366 994 3364  32
723 1005 1004  33
723 714 28  33
1009 23 1010  33
1005 24 1006  33
1000 43 29  33
29 1003 1002  33
43 1000 89  33
1003 723 1004  33
27 3367 709  33
1001 29 1002  33
1005 723 24  33
1003 29 714  33
1011 3367 1012  33
1006 698 1007  33
698 1006 24  33
1009 696 23  33
697 1007 698  33
697 1008 1007  33
729 1014 1013  33
706 1010 23  33
1008 697 696  33
696 1009 1008  33
1013 27 729  33
1010 706 1011  33
1014 729 728  33
727 1014 728  33
26 3367 706  33
27 1012 3367  33
90 725 31  33
1015 725 90  33
1014 727 1015  33
30 24 723  33
725 1015 726  33
1015 727 726  33
706 23 25  33
3367 1011 706  33
3367 26 709  33
1012 27 1013  33
1003 714 723  33
1000 29 1001  33
3373 1021 3370  34
3372 1040 1041  34
1019 3373 3371  34
3370 1023 3368  34
1039 3372 1038  34
1038 3372 3371  34
3372 1039 1040  34
1033 3368 1032  34
3373 1019 1020  34
1030 1029 92  34
1024 3369 3368  34
1039 93 1040  34
1016 3372 1041  34
1033 3370 3368  34
3371 1036 1037  34
1036 3373 1035  34
1038 3371 1037  34
1016 1041 91  34
1031 3369 1030  34
1034 3373 3370  34
3369 1026 32  34
1030 3369 1029  34
1026 3369 1025  34
730 1027 1028  34
3369 1024 1025  34
32 1026 1027  34
1022 3370 1021  34
1023 3370 1022  34
1027 730 32  34
1028 31 730  34
31 1028 90  34
1023 1024 3368  34
3368 1031 1032  34
3369 32 1029  34
3369 1031 3368  34
3370 1033 1034  34
1021 3373 1020  34
1018 3372 1017  34
1018 1019 3371  34
3372 1016 1017  34
3372 1018 3371  34
3373 1034 1035  34
3373 1036 3371  34
3374 35 732  35
744 33 731  35
1046 735 1029  35
1044 3374 733  35
735 1045 734  35
1029 92 1046  35
1044 734 1045  35
1029 735 32  35
1044 733 734  35
3374 1047 35  35
1045 735 1046  35
33 744 34  35
1047 3374 1042  35
35 731 732  35
731 35 744  35
94 1047 1042  35
3374 1044 1043  35
732 733 3374  35
3374 1043 1042  35
745 1047 35  36
1048 1049 95  36
1049 1048 1047  36
1047 1048 94  36
745 1049 1047  36
1049 745 36  36
3380 3376 1059  37
1061 3380 1060  37
3375 3376 752  37
1059 3376 1058  37
1049 1063 95  37
3377 3380 1061  37
3377 1061 1062  37
36 746 1049  37
1063 3377 1062  37
1049 3377 1063  37
3380 1059 1060  37
3376 1057 1058  37
3376 3375 1057  37
748 3377 747  37
752 3376 751  37
750 3380 749  37
1057 3375 1056  37
3378 3379 1053  37
1051 1050 96  37
1053 3379 1052  37
1050 3379 758  37
3375 3378 1055  37
3379 1050 1051  37
1055 3378 1054  37
758 3379 757  37
1050 758 37  37
754 3375 753  37
3378 3375 754  37
756 3378 755  37
3379 3378 756  37
752 753 3375  37
3375 1055 1056  37
3376 3380 750  37
750 751 3376  37
3377 1049 746  37
746 747 3377  37
754 755 3378  37
3378 1053 1054  37
756 757 3379  37
3379 1051 1052  37
3380 3377 748  37
748 749 3380  37
762 1066 763  38
762 1065 1066  38
1067 765 764  38
1074 1064 759  38
1069 767 1068  38
1074 759 38  38
1064 1074 97  38
1065 762 761  38
765 1067 1068  38
759 1064 760  38
1065 760 1064  38
1067 763 1066  38
760 1065 761  38
1068 767 766  38
767 1069 768  38
763 1067 764  38
768 1070 769  38
1068 766 765  38
770 1070 1071  38
1071 771 770  38
771 1071 1072  38
1073 773 1072  38
37 774 1050  38
773 1073 774  38
1072 773 772  38
1072 772 771  38
1073 1050 774  38
1070 770 769  38
1070 768 1069  38
1050 1073 96  38
3385 779 780  39
3386 3384 1085  39
781 3385 780  39
775 1074 38  39
3386 1085 1086  39
777 3386 776  39
1074 3386 1087  39
3382 3381 1079  39
3386 1074 775  39
1074 1087 97  39
3385 3384 779  39
3385 3382 1081  39
783 3382 782  39
3384 3386 777  39
3384 3385 1083  39
3381 783 784  39
3384 1083 1084  39
785 3381 784  39
3382 1079 1080  39
3383 785 786  39
3381 3383 1077  39
3381 3382 783  39
1075 1088 98  39
1088 3383 787  39
3383 1088 1075  39
39 1088 787  39
3383 3381 785  39
779 3384 778  39
3382 3385 781  39
787 3383 786  39
3381 1077 1078  39
1078 1079 3381  39
1080 1081 3382  39
3382 781 782  39
3383 1075 1076  39
1076 1077 3383  39
1084 1085 3384  39
3384 777 778  39
3385 1081 1082  39
1082 1083 3385  39
1086 1087 3386  39
3386 775 776  39
1089 1090 1088  40
788 1089 1088  40
98 1088 1090  40
788 1088 39  40
1090 1089 99  40
1089 788 40  40
816 1091 1092  41
1089 3387 1096  41
100 1092 1091  41
1094 817 1093  41
816 1093 817  41
1094 818 817  41
1091 816 44  41
3387 1094 1095  41
3387 40 819  41
1093 816 1092  41
1094 3387 818  41
99 1089 1096  41
3387 1089 40  41
789 42 820  41
42 789 41  41
820 40 789  41
40 820 819  41
819 818 3387  41
3387 1095 1096  41
1108 815 1107  42
1109 3388 44  42
815 1108 44  42
1107 815 43  42
1112 3388 1111  42
1107 43 89  42
3388 1109 1110  42
100 1091 1106  42
44 1108 1109  42
44 3388 1091  42
3388 3391 3389  42
1104 3391 1103  42
3392 1117 1118  42
1113 3391 1112  42
3393 1101 1102  42
1106 3389 1105  42
1115 3393 1114  42
3391 1102 1103  42
3392 1097 1098  42
1101 3393 3390  42
1097 3392 1120  42
1097 1120 101  42
3392 1099 3390  42
3390 1115 1116  42
1101 3390 1100  42
1119 3392 1118  42
1113 3393 3391  42
1117 3390 1116  42
1117 3392 3390  42
1121 1119 102  42
3393 1102 3391  42
3389 1104 1105  42
3388 1110 1111  42
3389 1106 1091  42
1091 3388 3389  42
1099 3392 1098  42
1099 1100 3390  42
3391 1104 3389  42
3391 3388 1112  42
3392 1119 1121  42
1121 1120 3392  42
3393 1113 1114  42
3393 1115 3390  42
3397 1129 3395  43
989 1132 87  43
1129 3397 1128  43
1127 3396 1126  43
1132 3395 1131  43
991 3395 990  43
3395 1132 989  43
991 3397 3395  43
1133 3394 998  43
104 1132 1131  43
3394 1133 1122  43
3397 3396 1127  43
1131 3395 1130  43
993 3397 992  43
1122 1133 103  43
3396 996 3394  43
3396 1124 1125  43
1124 3394 1123  43
3396 993 994  43
998 3394 997  43
3396 3397 993  43
1124 3396 3394  43
996 3396 995  43
1133 998 88  43
996 997 3394  43
3394 1122 1123  43
1129 1130 3395  43
3395 989 990  43
994 995 3396  43
3396 1125 1126  43
1127 1128 3397  43
3397 991 992  43
999 1133 88  44
1134 1135 1133  44
1135 1134 105  44
1133 1135 103  44
999 1134 1133  44
1134 999 86  44
1143 3400 1142  45
975 1146 84  45
3401 3400 1143  45
1141 3398 1140  45
1146 3401 1145  45
977 3401 976  45
3401 1146 975  45
3400 3401 977  45
1147 3399 984  45
107 1146 1145  45
3399 1147 1136  45
3400 3398 1141  45
1145 3401 1144  45
979 3400 978  45
1136 1147 106  45
982 3398 981  45
3398 1138 1139  45
1138 3399 1137  45
3398 979 980  45
984 3399 983  45
3398 3400 979  45
3398 3399 1138  45
3399 3398 982  45
1147 984 85  45
980 981 3398  45
3398 1139 1140  45
982 983 3399  45
3399 1136 1137  45
1141 1142 3400  45
3400 977 978  45
1143 1144 3401  45
3401 975 976  45
1149 1148 108  46
985 1148 1147  46
1148 1149 1147  46
1147 1149 106  46
1148 985 83  46
1147 85 985  46
825 3404 824  47
1153 3407 1152  47
3402 1157 1158  47
821 79 45  47
79 821 1161  47
1161 822 111  47
823 3404 111  47
1154 3408 3406  47
3407 1153 3406  47
3403 1157 3402  47
3404 3403 3402  47
827 3403 826  47
1157 3403 1156  47
3408 1154 1155  47
830 3406 829  47
1159 3402 1158  47
111 3404 1160  47
1160 1159 110  47
828 3408 827  47
3407 830 831  47
832 3407 831  47
1150 1162 109  47
1150 3405 1162  47
1151 3407 3405  47
46 1162 833  47
830 3407 3406  47
822 1161 821  47
822 823 111  47
827 3408 3403  47
833 3405 832  47
3402 1159 1160  47
3404 825 3403  47
3403 825 826  47
1156 3408 1155  47
3402 1160 3404  47
3404 823 824  47
3405 833 1162  47
3405 1150 1151  47
1153 1154 3406  47
3406 828 829  47
3407 832 3405  47
3407 1151 1152  47
3408 1156 3403  47
3408 828 3406  47
1163 3409 3410  48
837 1163 3410  48
3410 834 835  48
837 3410 836  48
834 1162 46  48
1167 3409 1166  48
1162 1167 109  48
1162 3410 3409  48
1163 837 47  48
1162 834 3410  48
3409 1165 1166  48
1167 1162 3409  48
3409 1163 1164  48
3410 835 836  48
1164 1163 112  48
3409 1164 1165  48
842 1172 841  49
841 1171 840  49
843 1173 842  49
1173 843 1174  49
1175 1168 113  49
1174 1163 112  49
1163 844 47  49
844 1163 1174  49
1172 842 1173  49
1174 843 844  49
840 1169 839  49
838 1176 48  49
1169 838 839  49
1171 841 1172  49
1169 840 1170  49
840 1171 1170  49
838 1169 1168  49
1175 838 1168  49
1176 838 1175  49
3411 114 1177  50
1179 3412 3411  50
3411 3413 1181  50
114 3411 1181  50
845 1176 48  50
845 3413 1176  50
3413 3411 3412  50
113 1175 1180  50
847 3413 846  50
1180 3412 1179  50
1181 847 49  50
1176 3413 3412  50
3411 1177 1178  50
1178 1179 3411  50
3412 1180 1175  50
1175 1176 3412  50
3413 845 846  50
3413 847 1181  50
3416 854 3415  51
852 3414 851  51
80 860 50  51
1188 3415 1187  51
1191 3417 3414  51
1186 3419 1185  51
848 3417 1181  51
3417 850 3414  51
114 1181 1193  51
848 1181 49  51
850 3417 849  51
858 3418 857  51
1188 3416 3415  51
3417 848 849  51
3414 1189 1190  51
1193 3417 1192  51
859 1182 115  51
855 3418 3415  51
1183 116 1184  51
3419 1183 1184  51
3418 856 857  51
1183 3419 3418  51
3416 852 853  51
3418 855 856  51
852 3416 3414  51
854 3416 853  51
3418 858 115  51
860 80 1182  51
115 858 859  51
1182 859 860  51
1190 1191 3414  51
3414 850 851  51
854 855 3415  51
3415 1186 1187  51
3416 1188 1189  51
1189 3414 3416  51
3417 1191 1192  51
3417 1193 1181  51
3418 115 1183  51
3415 3418 3419  51
3419 1184 1185  51
3419 1186 3415  51
1196 1194 1195  52
118 1195 1194  52
1194 1196 117  52
1195 894 1196  52
56 1196 894  52
894 1195 55  52
1204 3423 1203  53
3422 1196 895  53
1196 3422 1207  53
1202 3423 3420  53
895 1196 56  53
1205 3423 1204  53
897 3422 896  53
897 3423 3422  53
3421 1197 1198  53
3420 1200 1201  53
3423 897 898  53
1207 3422 1206  53
3423 1205 3422  53
1196 1207 117  53
1200 3421 1199  53
3421 3420 902  53
1197 3421 904  53
1198 1197 119  53
902 3420 901  53
904 3421 903  53
900 3423 899  53
1197 904 54  53
3423 900 3420  53
3420 3421 1200  53
1201 1202 3420  53
3420 900 901  53
902 903 3421  53
3421 1198 1199  53
1205 1206 3422  53
3422 895 896  53
898 899 3423  53
3423 1202 1203  53
1210 1208 1209  54
121 1209 1208  54
1208 1210 120  54
1209 880 1210  54
53 1210 880  54
880 1209 52  54
1218 3425 1217  55
3427 1210 881  55
1210 3427 1221  55
3425 3426 1216  55
881 1210 53  55
3427 3425 1219  55
883 3427 882  55
3425 3427 883  55
3424 1211 1212  55
3426 886 887  55
3425 1216 1217  55
1221 3427 1220  55
1219 3425 1218  55
1210 1221 120  55
1214 3424 1213  55
888 3426 887  55
1211 3424 890  55
1212 1211 122  55
3426 888 3424  55
890 3424 889  55
3426 3425 886  55
1211 890 51  55
886 3425 885  55
1214 3426 3424  55
888 889 3424  55
3424 1212 1213  55
3425 883 884  55
884 885 3425  55
3426 1214 1215  55
1215 1216 3426  55
1219 1220 3427  55
3427 881 882  55
3428 1232 1236  56
1232 3428 1231  56
1238 1234 126  56
1224 3429 1240  56
1236 1232 1237  56
1238 1233 1234  56
1237 1233 1238  56
1233 1237 1232  56
1230 3428 52  56
3428 1236 1235  56
1234 1233 125  56
52 1229 1230  56
1226 3429 1225  56
1229 52 879  56
3429 1211 1241  56
1240 3429 1241  56
51 1227 877  56
1228 878 877  56
1228 879 878  56
879 1228 1229  56
1239 1223 1224  56
1228 877 1227  56
1227 51 1226  56
1223 1239 1222  56
1224 1240 1239  56
1222 123 1223  56
1209 3428 1235  56
1235 121 1209  56
1211 3429 51  56
1222 1239 124  56
1211 122 1241  56
3428 1209 52  56
3428 1230 1231  56
3429 1224 1225  56
3429 1226 51  56
1195 1254 118  57
1255 3430 1251  57
1256 1252 1257  57
1253 1258 1257  57
1258 1253 1183  57
1255 1252 1256  57
3430 1195 55  57
893 1248 1249  57
1250 3430 55  57
1252 1255 1251  57
1258 1183 116  57
115 1183 1253  57
1253 1257 1252  57
1249 55 893  57
3431 1197 1262  57
55 1249 1250  57
1195 3430 1254  57
1246 3431 1245  57
54 1247 891  57
1248 892 891  57
1248 893 892  57
1261 3431 1262  57
1248 891 1247  57
1247 54 1246  57
1243 1242 127  57
1244 3431 1261  57
1244 1260 1243  57
1197 3431 54  57
1197 119 1262  57
1260 1244 1261  57
1259 1243 1260  57
1242 1243 1259  57
1259 128 1242  57
3430 1250 1251  57
3430 1255 1254  57
3431 1244 1245  57
3431 1246 54  57
3432 1266 1265  58
1264 3432 1265  58
1266 3432 1267  58
961 1263 75  58
1267 3432 961  58
1267 961 76  58
129 1264 1265  58
1265 1266 130  58
3432 1264 1263  58
1263 961 3432  58
72 1274 1275  59
959 1273 1274  59
1274 72 959  59
962 936 1277  59
69 72 935  59
1273 959 958  59
74 1272 957  59
1275 935 72  59
936 1276 1277  59
936 962 70  59
1276 936 935  59
1277 78 962  59
935 1275 1276  59
1272 74 1271  59
957 1273 958  59
1267 1271 74  59
1266 1268 1269  59
1271 1267 1270  59
1273 957 1272  59
131 1269 1268  59
1270 1266 1269  59
1267 74 76  59
1268 1266 130  59
1266 1270 1267  59
1285 3436 1284  60
967 3438 966  60
3437 1252 1253  60
967 1283 3438  60
1251 3439 1250  60
3440 963 964  60
3433 1248 1249  60
1283 967 81  60
3435 1245 1246  60
3436 1251 1252  60
3438 3440 965  60
3437 1182 80  60
1285 3439 3436  60
1247 3433 3435  60
1252 3437 3436  60
1182 3437 1253  60
115 1182 1253  60
3433 1247 1248  60
3439 1251 3436  60
1249 3439 3433  60
3435 1290 3434  60
1245 3434 1244  60
1290 3435 1289  60
1292 3441 133  60
3441 1292 1243  60
1243 1292 127  60
1282 3441 3434  60
3435 3434 1245  60
1282 3434 1281  60
1247 3435 1246  60
1288 3433 1287  60
1290 3442 3434  60
132 1278 1291  60
1280 3442 1279  60
3442 1281 3434  60
1278 3442 1291  60
1286 3439 1285  60
1286 1287 3433  60
1281 3442 1280  60
1244 3441 1243  60
3435 3433 1288  60
1288 1289 3435  60
963 3440 3437  60
1284 3438 1283  60
3437 80 963  60
3437 3440 3436  60
3438 1284 3436  60
3438 965 966  60
3439 1286 3433  60
3439 1249 1250  60
964 965 3440  60
3440 3438 3436  60
3441 1244 3434  60
3441 1282 133  60
3442 1290 1291  60
3442 1278 1279  60
62 1286 1285  61
1295 1291 1290  61
922 1288 1287  61
931 62 1285  61
930 1284 1283  61
1284 930 931  61
930 968 66  61
920 1287 1286  61
1286 62 920  61
931 1285 1284  61
968 930 1283  61
1283 81 968  61
1288 922 59  61
62 931 64  61
1287 920 921  61
1287 921 922  61
132 1291 1293  61
1288 59 1289  61
1295 1293 1291  61
1294 1289 59  61
1289 1294 1290  61
1293 1295 134  61
1295 1290 1294  61
1294 59 60  61
3443 1295 1294  62
3443 1294 908  62
908 1294 60  62
1295 3443 1300  62
1299 3443 908  62
3443 1299 1298  62
1299 908 57  62
1295 1300 134  62
1296 3443 1297  62
1296 135 1300  62
3443 1298 1297  62
3443 1296 1300  62
1316 3446 1315  63
1305 1298 1304  63
61 1314 1315  63
3446 1316 3445  63
1318 927 926  63
916 1314 917  63
1317 3445 1316  63
63 923 925  63
1320 928 927  63
927 1318 1319  63
926 3445 1317  63
927 1319 1320  63
928 1320 1321  63
1314 61 917  63
926 1317 1318  63
65 1321 82  63
1321 65 928  63
1314 916 1313  63
1315 3446 61  63
1309 911 910  63
1313 915 1312  63
915 1313 916  63
911 1309 1310  63
1311 914 913  63
914 1312 915  63
914 1311 1312  63
912 1311 913  63
1310 912 911  63
58 1308 909  63
1309 910 1308  63
1311 912 1310  63
1308 58 1307  63
1306 3447 3444  63
3444 1298 1305  63
1308 910 909  63
1297 1302 1303  63
1296 1301 1302  63
1302 1297 1296  63
3447 1306 1307  63
1301 135 136  63
1301 1296 135  63
1299 905 57  63
3447 1307 58  63
1304 1297 1303  63
1298 3444 1299  63
1297 1304 1298  63
905 1299 3444  63
3444 1305 1306  63
3445 926 925  63
925 923 3445  63
3445 923 3446  63
923 61 3446  63
58 905 3447  63
905 3444 3447  63
1330 3462 1329  64
3452 1325 1326  64
3452 1326 1327  64
1332 3458 1331  64
1325 3452 971  64
3462 1327 1328  64
971 3452 970  64
971 77 1325  64
1316 3464 1315  64
3464 1317 3461  64
1317 3464 1316  64
3457 1319 1320  64
3470 3458 1332  64
3452 3462 3460  64
1319 3461 1318  64
1321 3457 1320  64
969 1321 82  64
3464 3468 3467  64
3458 3470 3468  64
3461 1317 1318  64
1313 3450 1312  64
3450 1310 1311  64
1313 3467 3450  64
3467 3469 3459  64
3456 1310 3450  64
3450 3467 3459  64
3456 1308 1309  64
1338 3451 3448  64
3451 1338 1339  64
1310 3456 1309  64
1308 3449 1307  64
1341 3451 1340  64
1343 3465 1342  64
3465 3454 3451  64
1324 3453 1323  64
1301 1324 136  64
1301 3453 1324  64
3453 1301 1302  64
3455 3465 3463  64
1343 3466 3465  64
1336 3469 1335  64
1334 3470 1333  64
3456 3449 1308  64
1307 3449 1306  64
1338 3448 1337  64
3465 3455 3454  64
1345 3466 1344  64
1345 137 1322  64
1341 3465 3451  64
3466 1343 1344  64
3449 3456 3454  64
3448 1336 1337  64
1305 3455 1304  64
1305 1306 3449  64
1311 1312 3450  64
3470 1334 3469  64
3451 1339 1340  64
3453 3463 1323  64
970 3457 969  64
1327 3462 3452  64
3453 1302 1303  64
1303 3455 3453  64
3449 3455 1305  64
3454 3448 3451  64
3455 1303 1304  64
3455 3449 3454  64
3456 3459 3448  64
3448 3454 3456  64
3457 1321 969  64
3457 970 3452  64
1330 1331 3458  64
1314 3467 1313  64
3469 1336 3448  64
3459 3456 3450  64
3452 3461 3457  64
3462 1330 3458  64
3461 1319 3457  64
3461 3452 3460  64
1328 1329 3462  64
3462 3458 3460  64
1323 3466 1322  64
3463 3453 3455  64
1314 1315 3464  64
3464 3461 3460  64
3465 1341 1342  64
3465 3466 3463  64
3466 1345 1322  64
3466 1323 3463  64
3467 1314 3464  64
3467 3470 3469  64
3468 3464 3460  64
3460 3458 3468  64
1334 1335 3469  64
3469 3448 3459  64
3470 3467 3468  64
3470 1332 1333  64
947 1334 946  65
950 1337 1336  65
3471 68 938  65
932 1327 1326  65
932 1325 67  65
3471 71 1331  65
1328 933 1329  65
932 1328 1327  65
1329 3471 1330  65
1328 932 933  65
1334 947 1335  65
1332 71 942  65
1332 942 943  65
71 3471 938  65
68 3471 933  65
71 1332 1331  65
943 1333 1332  65
1333 943 944  65
1334 945 946  65
945 1333 944  65
1336 948 949  65
1333 945 1334  65
1337 950 951  65
1325 932 1326  65
948 1336 1335  65
1335 947 948  65
1336 949 950  65
951 952 1337  65
73 1338 953  65
1337 952 1338  65
1338 952 953  65
1339 3472 1340  65
1338 73 1339  65
3472 73 960  65
1341 3472 1263  65
73 3472 1339  65
1263 1342 1341  65
1342 1264 1343  65
1264 1345 1344  65
1345 1264 129  65
1343 1264 1344  65
75 3472 960  65
1264 1342 1263  65
3471 1331 1330  65
3471 1329 933  65
3472 75 1263  65
3472 1341 1340  65
67 1325 77  65
1345 129 137  65
3474 1352 1353  66
3477 1273 1274  66
1271 3476 1270  66
1347 1161 111  66
1161 3478 79  66
1273 3474 1272  66
3478 1161 1347  66
3473 1275 1276  66
1349 3473 1348  66
1349 3477 3473  66
1273 3477 3474  66
3473 3478 1348  66
1275 3477 1274  66
3473 3477 1275  66
1355 3474 1354  66
3476 1271 3474  66
3480 1359 1360  66
1362 3482 3481  66
3481 3476 3480  66
131 3482 1364  66
3482 1363 1364  66
3481 3482 3479  66
3481 1360 1361  66
1357 3475 1356  66
1359 3480 3475  66
1356 3476 1355  66
1352 3477 1351  66
3477 1352 3474  66
3476 1356 3475  66
1360 3481 3480  66
1357 138 1346  66
3475 1346 139  66
1346 3475 1357  66
1276 1277 3473  66
1348 3478 1347  66
1353 1354 3474  66
3474 1271 1272  66
3475 139 1358  66
1358 1359 3475  66
1270 3479 1269  66
3476 3474 1355  66
3477 1349 1350  66
1350 1351 3477  66
3473 79 3478  66
79 3473 78  66
3479 1270 3476  66
1362 3481 1361  66
3476 3475 3480  66
3482 1362 1363  66
78 3473 1277  66
3476 3481 3479  66
3482 131 1269  66
1269 3479 3482  66
3483 1148 83  67
1348 1374 1349  67
1374 1348 1373  67
1348 1372 1373  67
1350 3483 83  67
1374 3483 1349  67
1371 1347 1160  67
1372 1348 1347  67
1160 110 1371  67
1160 1347 111  67
1347 1371 1372  67
1354 3484 1355  67
1148 1375 108  67
972 1352 1351  67
1148 3483 1375  67
83 972 1351  67
1351 1350 83  67
1352 972 973  67
84 1353 974  67
974 1352 973  67
1369 1357 1356  67
1353 84 1354  67
1352 974 1353  67
1357 1370 1365  67
1365 138 1357  67
3484 1368 1356  67
1146 3484 84  67
3484 1146 1366  67
1366 1146 107  67
1369 1356 1368  67
1367 3484 1366  67
140 1365 1370  67
1368 3484 1367  67
1370 1357 1369  67
3483 1350 1349  67
3483 1374 1375  67
3484 1356 1355  67
3484 1354 84  67
3486 1132 1377  68
1382 1387 1386  68
1382 1386 1385  68
1387 1382 1383  68
3485 1387 1383  68
3485 1134 86  68
1382 1385 143  68
1389 3485 86  68
1385 1386 144  68
988 1392 1391  68
1387 3485 1388  68
1134 3485 1384  68
86 986 1390  68
1390 1389 86  68
1392 988 87  68
1391 1390 986  68
1378 3486 1377  68
1392 87 1393  68
1132 3486 87  68
988 1391 987  68
1391 986 987  68
3486 1379 1395  68
1393 3486 1394  68
1134 1384 105  68
1396 1376 142  68
1395 1380 1396  68
1396 1381 1376  68
1379 3486 1378  68
1377 1132 104  68
1381 1396 1380  68
1380 1395 1379  68
1376 1381 141  68
3485 1389 1388  68
3485 1383 1384  68
3486 1395 1394  68
3486 1393 87  68
1400 146 1401  69
1399 1401 142  69
1401 1399 1400  69
1397 1121 102  69
1376 1121 142  69
1121 1397 142  69
1120 1402 101  69
1121 1376 1120  69
1376 141 1402  69
1402 1120 1376  69
146 1400 145  69
142 1397 1398  69
142 1398 1399  69
1412 3503 1411  70
3515 1015 3488  70
1414 3521 1413  70
1025 3501 1026  70
1424 3510 3500  70
3506 1117 1116  70
3491 3510 3499  70
1008 3521 1007  70
1415 3521 1414  70
3522 1408 1409  70
3513 1023 1022  70
3489 3519 3501  70
3505 1011 1012  70
147 3510 1423  70
3514 1399 1398  70
1114 3506 1115  70
1422 3495 1421  70
3497 3496 145  70
145 3496 1422  70
1399 3497 1400  70
1000 3507 3502  70
1399 3514 3497  70
3509 3507 1002  70
1417 3509 3490  70
3509 1004 3490  70
3521 1008 3503  70
1111 3512 1112  70
3504 102 1119  70
1114 3512 3506  70
102 3514 1397  70
3504 1119 1118  70
1412 3521 3503  70
1006 3490 1005  70
1013 3505 1012  70
3521 1415 3490  70
3523 1406 3505  70
3503 1008 1009  70
1404 3499 1403  70
3505 1408 3522  70
1010 3522 3503  70
1408 3505 1407  70
1013 3523 3505  70
3523 3499 1404  70
1026 3501 1027  70
3511 1426 3500  70
3511 3500 3491  70
1424 3500 1425  70
1023 3513 3489  70
1017 3511 3487  70
3487 1018 1017  70
1020 3513 1021  70
1018 3487 1019  70
1023 3489 1024  70
3519 3518 3488  70
3488 3520 3519  70
3520 3488 90  70
3515 1013 1014  70
3522 1010 1011  70
1417 3490 1416  70
1010 3503 1009  70
3509 1002 1003  70
3509 3495 3507  70
1006 3521 3490  70
3495 3496 3492  70
1004 3509 1003  70
1421 3495 1420  70
1117 3506 3504  70
3496 3495 1422  70
1002 3507 1001  70
1117 3504 1118  70
3498 3517 3494  70
3517 1108 3508  70
1108 3517 1109  70
1111 3517 3512  70
3487 1020 1019  70
3487 3511 3491  70
1015 3515 1014  70
1015 90 3488  70
3489 1025 1024  70
3513 3516 3489  70
1415 1416 3490  70
3490 1004 1005  70
3487 3516 3513  70
3510 147 3499  70
3508 3502 3494  70
3502 3508 89  70
3514 102 3504  70
3492 3498 3494  70
1109 3517 1110  70
3492 3507 3495  70
3507 3492 3502  70
3495 1419 1420  70
3496 3497 3493  70
3493 3492 3496  70
145 1400 3497  70
3493 3497 3514  70
3517 3508 3494  70
3498 3492 3493  70
3491 3518 3516  70
3499 147 1403  70
1426 3511 91  70
1426 1425 3500  70
1027 3520 1028  70
3501 1025 3489  70
3492 3494 3502  70
3502 89 1000  70
1410 3522 1409  70
1410 1411 3503  70
3504 3506 3498  70
3498 3493 3504  70
1406 3523 1405  70
1406 1407 3505  70
1116 1115 3506  70
3506 3512 3498  70
3507 1000 1001  70
3495 3509 1419  70
3508 1108 1107  70
1107 89 3508  70
3509 1417 1418  70
1418 1419 3509  70
3510 3491 3500  70
3510 1424 1423  70
3511 1017 1016  70
1016 91 3511  70
3512 1114 1113  70
1113 1112 3512  70
3513 1022 1021  70
3513 1020 3487  70
3514 1398 1397  70
3514 3504 3493  70
3515 3518 3499  70
3499 3523 3515  70
3516 3487 3491  70
3518 3515 3488  70
3517 3498 3512  70
3517 1111 1110  70
3518 3519 3516  70
3518 3491 3499  70
3520 1027 3501  70
3519 3489 3516  70
90 1028 3520  70
3520 3501 3519  70
3521 1006 1007  70
3521 1412 1413  70
3522 1410 3503  70
3522 1011 3505  70
3523 1013 3515  70
3523 1404 1405  70
1427 1040 93  71
1427 124 1222  71
1425 123 1424  71
123 1041 1222  71
1426 123 1425  71
1428 1424 123  71
1040 1427 1222  71
148 1423 1428  71
1222 1041 1040  71
1041 123 1426  71
1426 91 1041  71
1423 148 147  71
1424 1428 1423  71
1444 1436 1445  72
1431 1450 1449  72
1436 1446 1445  72
1438 1444 1443  72
1442 1439 1443  72
1438 1443 1439  72
1440 151 150  72
1436 1444 1437  72
1439 1442 1440  72
151 1440 1441  72
1446 1436 1435  72
1446 1435 1447  72
1440 1442 1441  72
1447 1433 1448  72
1444 1438 1437  72
1451 1429 1452  72
1430 1451 1450  72
1452 1429 152  72
1451 1430 1429  72
1450 1431 1430  72
1449 1432 1431  72
152 1429 149  72
1432 1449 1448  72
1434 1447 1435  72
1432 1448 1433  72
1433 1447 1434  72
1448 3534 3524  73
1459 3524 3534  73
1460 3529 3524  73
1445 3528 3526  73
151 3532 1454  73
1463 3526 1462  73
3536 1442 3533  73
1444 3526 3525  73
1460 3524 1459  73
3536 1441 1442  73
1441 3536 3532  73
1464 3533 3525  73
1466 3536 1465  73
154 3532 1466  73
1447 3529 1446  73
3529 1460 1461  73
3526 1463 3525  73
1450 3530 1449  73
1457 3530 3527  73
3527 3531 1456  73
153 3535 1453  73
3535 153 1455  73
1443 3533 1442  73
1449 3534 1448  73
3531 3527 1451  73
3531 1452 3535  73
152 3535 1452  73
1446 3529 3528  73
1447 1448 3524  73
1458 3534 3530  73
1463 1464 3525  73
3525 1443 1444  73
3526 1444 1445  73
1462 3528 1461  73
1450 1451 3527  73
3527 1456 1457  73
3528 1462 3526  73
3528 1445 1446  73
1461 3528 3529  73
3529 1447 3524  73
3530 1450 3527  73
3530 1457 1458  73
1451 1452 3531  73
3531 1455 1456  73
3532 154 1454  73
3532 151 1441  73
3533 1443 3525  73
3533 1464 1465  73
3534 1449 3530  73
3534 1458 1459  73
3535 152 1453  73
3535 1455 3531  73
3533 1465 3536  73
3536 1466 3532  73
3545 1469 1470  74
156 3545 157  74
176 1477 1478  74
158 3541 1474  74
1477 176 169  74
168 167 166  74
3537 1493 1494  74
1477 169 168  74
1467 3541 158  74
3539 1467 1468  74
1469 3545 3539  74
203 205 204  74
206 205 203  74
198 197 196  74
1483 200 1482  74
193 198 195  74
190 189 188  74
193 195 194  74
182 184 183  74
201 1484 208  74
208 206 203  74
198 196 195  74
1472 3546 1471  74
208 207 206  74
3546 160 159  74
1472 3547 3546  74
3547 3538 3546  74
209 155 210  74
209 3538 155  74
3538 1486 3546  74
1484 201 1483  74
3538 1485 1486  74
201 208 203  74
3538 209 1485  74
1484 209 208  74
193 200 198  74
160 3546 1486  74
209 1484 1485  74
192 185 1480  74
200 193 1482  74
201 203 202  74
192 191 190  74
1481 1482 193  74
192 1480 1481  74
1481 193 192  74
200 1483 201  74
200 199 198  74
179 177 184  74
177 1479 184  74
1478 177 176  74
1480 184 1479  74
174 176 175  74
184 1480 185  74
185 192 190  74
163 3544 3537  74
1479 177 1478  74
161 3540 162  74
1477 168 1476  74
1476 3542 1475  74
162 3540 1490  74
1488 3544 1487  74
3544 3542 3537  74
1490 3540 1489  74
174 169 176  74
3542 3544 3540  74
168 3542 1476  74
174 173 171  74
177 179 178  74
170 169 171  74
169 174 171  74
185 190 187  74
190 188 187  74
182 181 179  74
179 184 182  74
185 187 186  74
180 179 181  74
3537 1492 1493  74
1492 3543 1491  74
172 171 173  74
3543 3542 166  74
165 3543 166  74
3543 165 164  74
1494 163 3537  74
3542 168 166  74
3539 3538 3541  74
3545 156 155  74
1468 1469 3539  74
3538 3545 155  74
1489 3544 1488  74
3540 161 1475  74
1474 3547 1473  74
3541 1467 3539  74
3542 3543 3537  74
3542 3540 1475  74
3543 164 1491  74
3543 1492 3537  74
3544 163 1487  74
3544 1489 3540  74
3545 3538 3539  74
3545 1470 157  74
3546 159 1471  74
3538 3547 3541  74
3547 1472 1473  74
3547 1474 3541  74
1480 3555 3551  75
1499 3553 3548  75
1478 3549 3548  75
1504 3560 3557  75
1508 3556 3552  75
1504 3557 1505  75
1485 3554 1484  75
1479 3551 3549  75
1486 3556 1485  75
1484 3558 1483  75
1506 3558 3554  75
3556 1507 3554  75
212 3552 1496  75
1500 3549 1501  75
1481 3560 3555  75
3558 1505 3557  75
160 3552 1486  75
3558 1506 1505  75
1476 3553 3550  75
3551 1479 1480  75
161 3559 1495  75
1499 3548 1500  75
3559 161 1475  75
3559 1475 3550  75
1498 3553 1499  75
1503 3560 1504  75
3549 1500 3548  75
211 3559 1497  75
1477 3548 3553  75
1477 1478 3548  75
3549 1478 1479  75
1501 3551 1502  75
1498 1497 3550  75
3550 1475 1476  75
1502 3555 1503  75
3551 1501 3549  75
3552 160 1496  75
3552 212 1508  75
3553 1498 3550  75
3553 1476 1477  75
3556 1508 1507  75
1507 1506 3554  75
3555 1502 3551  75
3555 1480 1481  75
3554 1485 3556  75
3556 1486 3552  75
3560 1503 3555  75
1482 1483 3557  75
3557 1483 3558  75
3558 1484 3554  75
3550 1497 3559  75
3559 211 1495  75
3560 1481 1482  75
1482 3557 3560  75
1511 1506 1505  76
1509 1507 1510  76
1511 1505 1512  76
1508 1509 212  76
1509 1508 1507  76
1511 1507 1506  76
212 1509 213  76
1503 1513 1504  76
1513 1503 1514  76
1507 1511 1510  76
1514 1503 1515  76
1505 1513 1512  76
1518 1499 1498  76
1513 1505 1504  76
1520 1497 214  76
1519 1498 1520  76
1499 1518 1517  76
1517 1500 1499  76
1516 1502 1501  76
1518 1498 1519  76
1500 1517 1516  76
1497 1520 1498  76
214 1497 211  76
1500 1516 1501  76
1502 1516 1515  76
1515 1503 1502  76
1528 3598 1529  77
1530 3582 1531  77
1585 3586 1584  77
1537 3599 3563  77
1537 3563 1538  77
1509 1523 213  77
3603 1576 1575  77
1523 3580 1522  77
3603 1573 3566  77
3569 1565 1564  77
1562 3569 1563  77
216 3604 1585  77
3604 1580 3584  77
1580 3604 1581  77
1527 3598 1528  77
3573 3581 1513  77
3589 3568 3570  77
1535 3599 1536  77
1569 3585 1570  77
3563 1539 1538  77
1533 3596 1534  77
1524 3588 1525  77
1571 3585 3566  77
3565 3569 3561  77
215 3588 1524  77
1521 3578 3588  77
3594 3564 3591  77
3578 1526 3588  77
1531 3582 1532  77
1530 3598 3582  77
1532 3596 1533  77
1526 3578 1527  77
1545 3600 3574  77
3596 3582 3591  77
3599 1537 1536  77
3600 1543 3571  77
3596 3605 3599  77
1545 3574 1546  77
3571 1543 1542  77
1547 3590 1548  77
1549 3575 1550  77
1543 3600 1544  77
3601 1541 1540  77
1541 3601 3571  77
1539 3601 1540  77
1552 3575 3572  77
1550 3575 1551  77
1549 3590 3575  77
1552 3572 1553  77
3573 3590 3574  77
1558 3602 1559  77
3590 3573 3575  77
3579 3573 3567  77
1558 3593 3602  77
3593 1558 1557  77
3602 1560 1559  77
1556 3593 1557  77
1555 3593 1556  77
1560 3577 1561  77
1568 3585 1569  77
1565 3569 3565  77
1576 3603 3592  77
3585 1571 1570  77
1518 3568 3561  77
1519 3570 3568  77
3566 3595 3589  77
1571 3566 1572  77
1572 3566 1573  77
3569 1564 1563  77
3584 3592 3586  77
1578 3592 3584  77
3600 1545 1544  77
3595 3561 3568  77
3573 3579 3575  77
1520 3586 3570  77
1515 3576 3567  77
1565 3565 1566  77
3607 3593 3576  77
1583 1520 214  77
3576 3587 3583  77
1517 1518 3561  77
1511 3597 3564  77
3597 1511 1512  77
1511 3594 1510  77
3605 3596 3564  77
1509 3594 3580  77
3563 3606 3601  77
3565 1568 1567  77
1567 1566 3565  77
3561 3595 3585  77
1573 3603 1574  77
1514 3573 1513  77
1514 1515 3567  77
3568 1518 1519  77
1576 3592 1577  77
3569 1562 3577  77
3587 3561 3583  77
3570 1519 1520  77
3586 1520 1583  77
1542 1541 3571  77
3562 3606 3597  77
3572 1555 1554  77
1554 1553 3572  77
3573 3574 3562  77
3573 1514 3567  77
1547 1546 3574  77
3562 3600 3571  77
3575 3579 3572  77
3575 1552 1551  77
3576 1515 1516  77
1560 3602 3577  77
3577 3583 3569  77
3577 1562 1561  77
3578 1521 1522  77
3591 3598 3578  77
3567 3576 3579  77
3593 1555 3572  77
3578 1522 3580  77
3580 1523 1509  77
1512 1513 3581  77
3581 3573 3562  77
3598 1527 3578  77
3596 1532 3582  77
3561 3587 1517  77
3561 3569 3583  77
3584 1580 1579  77
1579 1578 3584  77
3585 1568 3565  77
3565 3561 3585  77
3586 1583 1584  77
3586 3604 3584  77
3587 3576 1516  77
1516 1517 3587  77
3588 1526 1525  77
3588 215 1521  77
3570 3586 3589  77
3603 1575 1574  77
3590 1549 1548  77
3590 1547 3574  77
3591 3578 3580  77
3594 1511 3564  77
3589 3586 3592  77
3592 1578 1577  77
3593 3572 3579  77
3579 3576 3593  77
3591 3580 3594  77
3594 1509 1510  77
3568 3589 3595  77
3595 3566 3585  77
1535 1534 3596  77
3596 3591 3564  77
3597 1512 3581  77
3581 3562 3597  77
3598 3591 3582  77
3598 1530 1529  77
3599 1535 3596  77
3599 3605 3563  77
1581 3604 1582  77
3600 3562 3574  77
3601 1539 3563  77
3606 3562 3571  77
3593 3607 3602  77
3602 3607 3577  77
3566 3589 3603  77
3589 3592 3603  77
3604 3586 1585  77
3604 216 1582  77
3564 3597 3605  77
3605 3606 3563  77
3571 3601 3606  77
3606 3605 3597  77
3576 3583 3607  77
3583 3577 3607  77
3662 1642 1255  78
1179 3650 3647  78
1627 3620 1626  78
1157 3611 1158  78
1541 3654 1540  78
1383 1554 1384  78
3634 1151 1150  78
3618 1155 1529  78
3638 1166 3637  78
3635 1526 3634  78
1647 1190 1189  78
3674 3655 1645  78
3662 117 3623  78
3690 1261 1634  78
1256 1642 1643  78
1590 1170 1589  78
1628 1670 1669  78
117 1207 3623  78
1626 3615 1625  78
1668 1628 1669  78
119 3690 1198  78
1628 3648 1627  78
1634 1261 1633  78
1633 1260 1632  78
1638 1205 1204  78
1604 3633 1603  78
1044 3633 1604  78
1613 1240 1239  78
1073 1661 1662  78
1599 3686 1598  78
1061 3660 1062  78
1044 1605 1045  78
3673 1623 1236  78
3633 1044 1043  78
1605 3649 1045  78
1624 3615 1237  78
101 3644 3629  78
3672 1054 1053  78
107 3663 1366  78
143 3631 1382  78
1094 3614 1095  78
3644 101 1402  78
3685 1553 1383  78
1569 1103 1102  78
1567 3629 1566  78
1654 1065 1064  78
1576 3682 1575  78
1660 1072 1071  78
1079 3640 1080  78
1571 3677 1570  78
3614 1573 1574  78
1577 1077 3616  78
3632 1064 97  78
215 3683 1595  78
1594 112 1174  78
1594 1174 1593  78
1153 1527 1528  78
3634 1527 1151  78
1154 1528 1529  78
3659 1372 3643  78
1155 3618 1156  78
1157 3618 3611  78
1154 1529 1155  78
3643 1372 1371  78
1527 1152 1151  78
1528 1154 1153  78
1534 3659 1533  78
3681 1537 1137  78
1531 3643 3611  78
1372 3659 1373  78
109 3638 3634  78
1594 3608 112  78
3634 3638 3635  78
3608 1594 1595  78
3637 1164 3608  78
3608 3683 3637  78
1592 1172 1591  78
1165 3637 1166  78
1590 1171 1170  78
108 3666 1149  78
3666 1534 1535  78
1173 1593 1174  78
110 3664 1371  78
3666 1374 3659  78
1374 3666 1375  78
3664 3643 1371  78
3666 3681 106  78
1530 3611 3618  78
1532 3659 3643  78
1537 3681 1536  78
1535 3681 3666  78
3681 1137 1136  78
1534 3666 3659  78
1539 1142 1141  78
1537 1139 1138  78
1139 1537 1538  78
1537 1138 1137  78
3688 1368 1543  78
1539 3654 1142  78
1539 1140 1538  78
3663 107 1145  78
1139 1538 1140  78
1140 1539 1141  78
1142 3654 1143  78
1144 3663 1145  78
3668 1366 3663  78
1368 3688 1369  78
3663 1144 3654  78
1547 3669 1546  78
1369 3688 1370  78
3685 3639 1551  78
3692 140 1370  78
1368 3668 1543  78
3669 3692 3688  78
3668 1368 1367  78
1541 3668 3663  78
3669 3688 1545  78
1547 1678 1677  78
1550 3671 1549  78
1547 1679 1678  78
3669 1677 1676  78
3669 1547 1677  78
1681 3671 1682  78
1683 3639 1684  78
220 3692 3669  78
1680 1549 1681  78
1679 1547 1548  78
1679 1548 1680  78
1549 1680 1548  78
3671 1681 1549  78
1684 3631 1685  78
1683 3671 3639  78
1553 3685 1552  78
3675 1260 1259  78
3685 1383 1382  78
1169 1589 1170  78
1593 1173 1592  78
1591 1172 1171  78
1171 1590 1591  78
1172 1592 1173  78
1587 113 3647  78
1589 1169 1588  78
1588 1169 1168  78
1168 1587 1588  78
217 3636 1651  78
3644 141 1381  78
3650 3609 3636  78
3647 113 1180  78
1587 3647 1586  78
1650 3636 3609  78
3650 1177 3609  78
1647 1188 1646  78
114 3609 1177  78
140 3692 1675  78
1649 3665 1648  78
114 3627 3609  78
1190 1647 1648  78
3665 1649 3627  78
1192 3627 1193  78
1190 3665 1191  78
3665 1190 1648  78
1187 1646 1188  78
3655 1643 1644  78
1256 1643 1257  78
1642 1256 1255  78
3674 1185 3655  78
1646 1187 3674  78
1188 1647 1189  78
1257 3655 1258  78
1645 3655 1644  78
1185 3674 1186  78
116 3656 1184  78
1642 3662 1641  78
1643 3655 1257  78
1206 3623 1207  78
3623 1206 1639  78
1639 1205 1638  78
1639 1206 1205  78
3662 118 1194  78
1640 3662 3623  78
1202 3645 1637  78
118 3662 1254  78
3690 1634 1635  78
1261 3690 1262  78
1637 3645 1636  78
1637 1203 1202  78
1203 1637 1638  78
1638 1204 1203  78
3645 3690 1635  78
3645 1202 1201  78
3690 3645 1199  78
3645 1635 1636  78
1671 3626 1672  78
1631 3675 3619  78
1260 3675 1632  78
1260 1633 1261  78
1673 3619 219  78
128 3675 1259  78
1670 1628 1629  78
3626 1629 1630  78
3675 128 1674  78
1670 1629 1671  78
3648 3620 1627  78
3626 1671 1629  78
1673 3626 3619  78
3648 1666 3620  78
1235 3693 3673  78
1527 3634 1526  78
1527 1153 1152  78
3615 3620 3613  78
1666 3648 1667  78
120 3693 1208  78
1236 1624 1237  78
3615 1624 1625  78
1665 3613 3620  78
126 3613 1664  78
1236 1623 1624  78
1623 3673 1622  78
121 3693 1235  78
3693 120 3651  78
1619 1217 1618  78
1620 3651 3610  78
1621 3673 3651  78
3610 3651 1221  78
3610 1221 1220  78
1619 1218 1217  78
1619 3610 1219  78
1619 1219 1218  78
3657 1616 3612  78
1240 3657 1241  78
1215 1214 3670  78
3612 3670 1214  78
1618 3670 1617  78
1216 3670 1618  78
1618 1217 1216  78
3612 3678 3657  78
1617 3612 1616  78
3644 1380 1564  78
3612 1214 1213  78
3678 1213 1212  78
1562 3687 1561  78
3667 1039 3625  78
3667 93 1039  78
1240 1613 1614  78
1614 3657 1240  78
1610 1036 1609  78
93 3667 3621  78
3621 1613 1239  78
1037 3625 1038  78
1031 3694 3649  78
3625 1037 1610  78
1609 1034 1608  78
1036 1610 1037  78
1613 3621 1612  78
93 3621 1427  78
124 3621 1239  78
1380 3644 1381  78
1045 3649 1046  78
3694 1031 1030  78
1044 1604 1605  78
3694 1030 92  78
1608 3646 1607  78
1034 1609 1035  78
1609 1036 1035  78
1033 3646 1608  78
1608 1034 1033  78
1031 3649 3646  78
3646 1033 1032  78
1061 1600 1601  78
3633 3652 3622  78
94 3652 1042  78
3660 1602 3622  78
1062 3660 1063  78
1063 3622 95  78
95 3622 1048  78
3652 3633 1042  78
1059 1600 1060  78
1059 1599 1600  78
1597 3686 3661  78
1600 1061 1060  78
1057 1599 1058  78
1599 1059 1058  78
3686 1057 1056  78
1071 1659 1660  78
218 3624 1663  78
3672 1052 3617  78
3686 1599 1057  78
1596 3661 3624  78
1055 3686 1056  78
1070 1658 1659  78
1663 3689 1662  78
1054 3672 3661  78
96 3617 1051  78
1073 3689 96  78
3689 1073 1662  78
1575 3614 1574  78
1065 1654 1655  78
1659 1071 1070  78
1064 1653 1654  78
1072 1660 1661  78
1661 1073 1072  78
1068 1658 1069  78
1658 1070 1069  78
1655 1066 1065  78
1068 1657 1658  78
1066 1656 1067  78
1657 1068 1067  78
1064 3632 1653  78
1657 1067 1656  78
1656 1066 1655  78
3614 3642 1573  78
3630 105 1384  78
103 3676 1122  78
3630 103 1135  78
1554 1383 1553  78
1556 3630 1555  78
1557 1124 1123  78
3676 103 3630  78
1557 3676 1556  78
1559 1128 1127  78
1557 1123 3676  78
1125 1558 1126  78
1557 1125 1124  78
1125 1557 1558  78
3679 1559 1560  78
3687 104 1131  78
1126 1559 1127  78
3687 1562 3628  78
1559 3679 1128  78
1128 3679 1129  78
1559 1126 1558  78
104 3687 1377  78
1561 3679 1560  78
3628 1564 1380  78
3687 1378 1377  78
1564 3628 1563  78
1378 3687 3628  78
3628 1562 1563  78
141 3644 1402  78
1093 3658 3642  78
3644 1564 1565  78
3629 1565 1566  78
3629 1567 1098  78
1567 1100 1099  78
1100 1567 1568  78
1101 1569 1102  78
1100 1568 1101  78
1567 1099 1098  78
3677 1105 1104  78
1569 1101 1568  78
1569 3677 1103  78
1103 3677 1104  78
1105 3677 3658  78
3642 1094 1093  78
3682 3614 1575  78
3658 1572 3642  78
3642 3614 1094  78
99 3680 1090  78
1105 3658 1106  78
100 3658 1092  78
1087 3691 3632  78
3691 1084 3641  78
1087 3632 97  78
216 3684 1582  78
3691 1087 1086  78
1084 3691 1085  78
3682 1075 98  78
3653 1579 1580  78
3640 1578 1579  78
1078 1577 1578  78
3614 3682 3680  78
1075 3682 3616  78
1577 3616 1576  78
1577 1078 1077  78
3640 1079 1578  78
3653 1081 3640  78
3641 1580 1581  78
1579 3653 3640  78
1083 3653 3641  78
1083 3641 1084  78
1164 3637 1165  78
1164 112 3608  78
1177 3650 1178  78
3609 1649 1650  78
1220 1219 3610  78
3610 1619 1620  78
1158 3664 1159  78
3611 1530 1531  78
1213 3678 3612  78
1616 3657 1615  78
3613 1665 1664  78
3613 126 1238  78
1096 3614 3680  78
1096 1095 3614  78
3615 3613 1238  78
1238 1237 3615  78
3616 1077 1076  78
1076 1075 3616  78
1052 3672 1053  78
1052 1051 3617  78
3618 1157 1156  78
3618 1529 1530  78
1674 219 3619  78
3619 1630 1631  78
3620 3615 1626  78
3620 1666 1665  78
3621 124 1427  78
1612 3667 1611  78
1602 3660 1601  78
1602 1603 3622  78
3623 1639 1640  78
117 3662 1194  78
3624 3689 1663  78
3624 218 1596  78
1610 1611 3625  78
3625 1039 1038  78
1630 3619 3626  78
3626 1673 1672  78
1649 3609 3627  78
3627 114 1193  78
3628 1380 1379  78
1379 1378 3628  78
3629 1098 1097  78
1097 101 3629  78
105 3630 1135  78
3630 1554 1555  78
3631 143 1685  78
1551 3639 1550  78
3632 3684 1652  78
1652 1653 3632  78
1043 1042 3633  78
3633 3622 1603  78
1526 3635 1525  78
3634 1150 109  78
3683 215 1524  78
1524 1525 3635  78
3636 1650 1651  78
3636 217 1586  78
3683 3638 3637  78
1166 3638 1167  78
3638 3683 3635  78
3638 109 1167  78
3639 3685 3631  78
3631 1684 3639  78
1081 3653 1082  78
1081 1080 3640  78
1581 3684 3641  78
1085 3691 1086  78
1572 3658 1571  78
1572 1573 3642  78
3643 3664 3611  78
3643 1531 1532  78
113 1587 1168  78
1565 3629 3644  78
3645 1201 1200  78
1200 1199 3645  78
1032 1031 3646  78
1607 3649 1606  78
1180 1179 3647  78
3647 3636 1586  78
3648 1628 1668  78
1668 1667 3648  78
3649 1605 1606  78
3649 1607 3646  78
3636 3647 3650  78
3650 1179 1178  78
120 1221 3651  78
3651 1620 1621  78
3652 94 1048  78
1048 3622 3652  78
1580 3641 3653  78
3653 1083 1082  78
1144 1143 3654  78
3654 1539 1540  78
1185 3656 3655  78
1258 3655 3656  78
3656 1185 1184  78
3656 116 1258  78
1241 3678 122  78
3657 1614 1615  78
3658 1093 1092  78
3658 100 1106  78
1374 1373 3659  78
3659 1532 1533  78
3622 1063 3660  78
3660 1061 1601  78
3661 1596 1597  78
3661 1055 1054  78
3662 1640 1641  78
3662 1255 1254  78
3654 1541 3663  78
1366 3668 1367  78
3664 110 1159  78
3664 1158 3611  78
3665 3627 1192  78
1192 1191 3665  78
3666 106 1149  78
3666 108 1375  78
3625 1611 3667  78
3667 1612 3621  78
3668 1541 1542  78
1542 1543 3668  78
1545 1546 3669  78
3669 1676 220  78
3670 3612 1617  78
3670 1216 1215  78
3671 1550 3639  78
3671 1683 1682  78
3672 3617 3624  78
3624 3661 3672  78
3673 1621 1622  78
3673 1236 1235  78
1645 1646 3674  78
3674 1187 1186  78
3675 1674 3619  78
3675 1631 1632  78
3630 1556 3676  78
3676 1123 1122  78
3677 1569 1570  78
3677 1571 3658  78
1212 122 3678  78
3678 1241 3657  78
1130 3687 1131  78
1130 1129 3679  78
1090 3682 98  78
3680 99 1096  78
1136 106 3681  78
3681 1535 1536  78
3682 1576 3616  78
3682 1090 3680  78
3683 3608 1595  78
3683 1524 3635  78
3684 1581 1582  78
3684 216 1652  78
1382 3631 3685  78
3685 1551 1552  78
3686 1055 3661  78
3686 1597 1598  78
3687 1130 3679  78
3679 1561 3687  78
3688 1543 1544  78
1544 1545 3688  78
3689 3624 3617  78
3617 96 3689  78
3690 1199 1198  78
3690 119 1262  78
3691 3641 3684  78
3684 3632 3691  78
3692 220 1675  78
1370 3688 3692  78
3651 3673 3693  78
3693 121 1208  78
92 1046 3694  78
1046 3649 3694  78
1078 1578 1079  78
3630 1384 1554  78
3705 1642 1643  79
1642 3709 1641  79
1646 3699 1645  79
3700 3707 3704  79
1686 3697 1687  79
3703 3728 3707  79
3726 3734 3703  79
1616 3695 1615  79
3736 1612 3729  79
1602 3710 1601  79
1631 3725 1630  79
3710 1599 1600  79
1613 3729 1612  79
1437 3731 3728  79
1691 3701 1429  79
1440 1686 150  79
1440 3727 3697  79
3725 1628 1629  79
1635 3704 1634  79
3699 3726 3705  79
1632 3721 1631  79
3711 3733 3708  79
3724 1646 1647  79
1649 3738 1648  79
1647 3738 3724  79
3737 3738 1649  79
3737 1649 1650  79
3709 1642 3705  79
1645 3699 1644  79
217 3737 1651  79
1646 3724 3699  79
3700 3730 3707  79
1637 3730 3700  79
1639 3730 1638  79
3730 1639 3709  79
1628 3718 1627  79
1630 3725 1629  79
1634 3704 1633  79
3704 1635 3700  79
3719 1625 3718  79
1623 3719 3708  79
1625 3719 1624  79
3718 3722 3719  79
1628 3725 3718  79
3718 1625 1626  79
1623 3708 1622  79
3716 3722 3718  79
1435 3717 3716  79
1616 3715 3695  79
1618 3733 3715  79
3715 1616 1617  79
3739 1607 1608  79
1614 3729 1613  79
3695 1614 1615  79
3729 3741 3736  79
1611 3736 1610  79
3740 1605 1606  79
3706 3735 3723  79
3740 1604 1605  79
3698 3712 3710  79
1607 3740 1606  79
1599 3710 3696  79
3732 3702 3713  79
218 1596 1689  79
3696 1596 1597  79
3701 1691 1690  79
1596 3696 1689  79
3696 1597 1598  79
3696 3710 3701  79
1620 3733 1619  79
1602 3698 3710  79
3711 3722 3717  79
3702 3740 3720  79
1432 3723 1433  79
149 1691 1429  79
1429 3732 1430  79
3695 3735 3729  79
3711 1433 3723  79
1689 3701 1690  79
3696 1598 1599  79
1687 3714 1688  79
3697 1686 1440  79
3698 1603 1604  79
1604 3740 3698  79
1644 3705 1643  79
3724 3726 3699  79
3700 1635 1636  79
1636 1637 3700  79
3701 1689 3696  79
3732 3713 1430  79
3702 3732 3712  79
1430 3713 1431  79
3709 1639 1640  79
3734 3726 3727  79
3731 3721 3704  79
1633 3721 1632  79
3705 1644 3699  79
3703 3734 3728  79
1432 1431 3706  79
3739 1608 1609  79
3730 1637 1638  79
1438 3734 1439  79
1621 3733 1620  79
1621 1622 3708  79
1640 1641 3709  79
3709 3705 3703  79
3710 1600 1601  79
3698 1602 1603  79
3733 1618 1619  79
3711 1434 1433  79
3701 3710 3712  79
3712 3698 3702  79
3713 3741 3706  79
3706 1431 3713  79
3737 1650 1651  79
3714 1687 3697  79
3735 3711 3723  79
3715 1617 1618  79
1436 3731 1437  79
1436 1435 3716  79
3717 1435 1434  79
1434 3711 3717  79
1626 1627 3718  79
3725 3731 3716  79
3722 3716 3717  79
3719 1623 1624  79
3720 3713 3702  79
1607 3739 3720  79
3721 1633 3704  79
3731 3725 3721  79
3722 3711 3708  79
3708 3719 3722  79
3723 1432 3706  79
3711 3735 3715  79
3738 3737 3714  79
3714 3697 3724  79
3716 3718 3725  79
3725 1631 3721  79
3703 3705 3726  79
3726 3724 3697  79
3726 3697 3727  79
3727 1440 1439  79
1438 1437 3728  79
3707 3731 3704  79
1612 3736 1611  79
3729 1614 3695  79
3730 3709 3703  79
3703 3707 3730  79
3731 3707 3728  79
3731 1436 3716  79
3732 1429 3701  79
3701 3712 3732  79
3733 1621 3708  79
3733 3711 3715  79
3727 1439 3734  79
3734 1438 3728  79
3735 3706 3729  79
3735 3695 3715  79
3736 3741 3739  79
3736 1609 1610  79
3737 217 1688  79
1688 3714 3737  79
3714 3724 3738  79
3738 1647 1648  79
1609 3736 3739  79
3741 3713 3720  79
3740 1607 3720  79
3740 3702 3698  79
3720 3739 3741  79
3741 3729 3706  79
1464 232 225  80
224 223 222  80
3742 3749 3747  80
266 265 267  80
272 3745 1703  80
3743 3748 1455  80
262 261 260  80
260 259 262  80
246 245 244  80
241 248 246  80
1465 3749 1466  80
233 1463 1462  80
1702 3742 1701  80
154 3745 272  80
1464 224 1465  80
226 225 227  80
224 1464 225  80
1461 240 1462  80
1459 256 249  80
1463 233 232  80
240 1461 241  80
1462 240 233  80
232 1464 1463  80
273 3747 1707  80
1702 3745 3742  80
228 230 229  80
3747 1705 1706  80
224 3749 1465  80
1701 3742 1700  80
3749 224 222  80
3746 221 274  80
1705 3747 3746  80
3746 3749 222  80
221 3746 222  80
236 235 237  80
225 230 227  80
230 225 232  80
233 240 235  80
233 235 234  80
230 228 227  80
230 232 231  80
264 259 257  80
235 240 238  80
242 241 243  80
237 235 238  80
238 240 239  80
264 263 262  80
256 1459 1458  80
258 257 259  80
250 249 251  80
254 256 255  80
244 243 246  80
254 253 252  80
254 252 251  80
243 241 246  80
265 1457 1456  80
3744 1698 1699  80
3744 3751 3748  80
268 3750 269  80
3751 1694 3750  80
3751 3750 3748  80
269 3750 1695  80
1694 3751 1693  80
3748 1456 1455  80
3744 1697 1698  80
3743 271 1696  80
262 259 264  80
256 254 249  80
265 3748 267  80
3748 265 1456  80
254 251 249  80
248 247 246  80
1458 257 256  80
257 1457 264  80
1457 265 264  80
248 241 1461  80
248 1460 249  80
1460 248 1461  80
1457 257 1458  80
249 1460 1459  80
3743 153 271  80
153 3743 1455  80
273 1700 3742  80
3745 3749 3742  80
3743 1696 1697  80
1697 3744 3743  80
3744 1699 270  80
270 3751 3744  80
3745 1702 1703  80
3745 154 1466  80
3746 274 1704  80
1704 1705 3746  80
3747 1706 1707  80
3747 273 3742  80
3748 3743 3744  80
3750 268 267  80
3749 3746 3747  80
3749 3745 1466  80
267 3748 3750  80
3750 1694 1695  80
3751 270 1692  80
1692 1693 3751  80
1711 3752 1712  81
1710 1711 277  81
1709 3752 1710  81
3752 1711 1710  81
1709 1710 276  81
1712 1713 278  81
3752 1709 1708  81
1713 1708 275  81
3752 1708 1713  81
1713 1712 3752  81
1715 279 1714  82
1714 1710 1715  82
1715 277 280  82
277 1715 1710  82
1710 1714 276  82
1232 3757 3753  83
3757 1232 1233  83
1731 3757 1730  83
1231 3755 1230  83
1722 3755 3753  83
3755 1229 1230  83
3759 282 1721  83
3758 1731 1732  83
3753 1231 1232  83
282 3759 1735  83
3753 3755 1231  83
3757 1736 283  83
1233 125 1736  83
1736 3757 1233  83
1735 3759 1734  83
3758 1732 1733  83
3756 1229 3755  83
1229 3756 1228  83
3763 1716 1717  83
1228 3756 1227  83
1726 3762 3756  83
3760 1718 1719  83
3760 1719 1720  83
3763 1718 3760  83
1720 3761 3760  83
1428 3761 148  83
1223 1428 123  83
1728 3762 1727  83
1225 3754 1224  83
1225 3762 3754  83
1724 3756 3755  83
3762 1225 1226  83
3756 1724 1725  83
1716 1729 281  83
3762 1726 1727  83
1729 1716 3763  83
1728 3763 3754  83
1731 3753 3757  83
1722 3759 1721  83
1718 3763 1717  83
1224 3761 1223  83
3755 1722 1723  83
1723 1724 3755  83
1725 1726 3756  83
1227 3762 1226  83
3757 283 1730  83
3753 1731 3758  83
1733 1734 3758  83
3759 1722 3753  83
3759 3753 3758  83
3758 1734 3759  83
3761 1428 1223  83
3754 3761 1224  83
3761 3754 3760  83
3761 1720 148  83
3762 1227 3756  83
3762 1728 3754  83
3763 3760 3754  83
3763 1728 1729  83
284 1724 1723  84
1712 1729 1728  84
1740 1726 1725  84
1742 284 1723  84
1741 1722 1721  84
1722 1741 1742  84
1741 1743 286  84
1724 284 1738  84
1742 1723 1722  84
1743 1741 1721  84
1721 282 1743  84
1726 1740 280  84
284 1742 285  84
1725 1738 1739  84
1738 1725 1724  84
1725 1739 1740  84
281 1729 1737  84
1726 280 1727  84
1712 1737 1729  84
1711 1727 280  84
1727 1711 1728  84
1737 1712 278  84
1712 1728 1711  84
1711 280 277  84
1748 3765 1747  85
3769 1746 3765  85
3767 1668 1669  85
3769 1671 1672  85
1744 3769 1758  85
3767 1748 1749  85
1746 3769 1745  85
1758 287 1744  85
1664 1234 126  85
1748 3767 3765  85
1668 3764 1667  85
3769 1744 1745  85
3765 1669 1670  85
1673 3769 1672  85
1757 1673 219  85
1671 3769 3765  85
3766 1666 3764  85
1668 3767 3764  85
1666 3766 1665  85
1664 3766 1234  85
3764 3768 3766  85
3768 1751 1752  85
1750 3767 1749  85
3768 1754 125  85
1751 3768 3764  85
1754 3768 1753  85
125 1755 1736  85
1755 125 1754  85
283 1756 288  85
1756 283 1736  85
1736 1755 1756  85
1750 1751 3764  85
3764 1666 1667  85
1670 1671 3765  85
3765 1746 1747  85
3768 1752 1753  85
3766 1664 1665  85
1669 3765 3767  85
3767 1750 3764  85
3768 125 1234  85
1234 3766 3768  85
3769 1673 1757  85
1757 1758 3769  85
1760 1292 1759  86
133 1759 1292  86
1759 133 289  86
1674 1757 219  86
1757 1674 1242  86
128 1242 1674  86
1242 1758 1757  86
127 1292 1760  86
127 1760 1761  86
1762 127 1761  86
127 1758 1242  86
1758 127 1762  86
1762 287 1758  86
1300 1769 136  87
1358 290 139  87
1782 1360 1361  87
1282 1763 1281  87
1358 1783 290  87
1783 1360 1782  87
1783 1358 1359  87
1780 1364 131  87
1781 1363 1364  87
1779 1268 1265  87
1362 1781 1782  87
1362 1782 1361  87
1360 1783 1359  87
1265 137 1777  87
1777 137 1776  87
1779 131 1268  87
1781 1362 1363  87
1364 1780 1781  87
131 1779 1780  87
1322 1775 137  87
1265 1777 1778  87
1775 1322 1774  87
1768 3770 1767  87
1775 1776 137  87
137 1265 129  87
1323 1772 1773  87
1774 1323 1773  87
3770 1766 1767  87
1324 1771 1772  87
1772 1323 1324  87
1323 1774 1322  87
136 135 1300  87
1770 136 1769  87
1769 1300 1768  87
1771 1324 136  87
136 1770 1771  87
1766 132 1278  87
1268 130 1265  87
1279 1764 1765  87
1278 1765 1766  87
134 3770 1300  87
132 3770 1293  87
289 1282 133  87
1281 1764 1280  87
1764 1279 1280  87
1765 1278 1279  87
1763 1282 289  87
1764 1281 1763  87
1766 3770 132  87
3770 1768 1300  87
3770 134 1293  87
1779 1265 1778  87
1787 139 1346  88
1786 1346 138  88
1346 1786 1787  88
1784 1789 291  88
1365 1789 138  88
1789 1784 138  88
1788 1675 220  88
1789 1365 1788  88
1365 140 1675  88
1675 1788 1365  88
139 1787 290  88
138 1784 1785  88
138 1785 1786  88
143 1385 1685  89
144 3776 1385  89
3771 1682 1683  89
1797 3771 1796  89
292 1791 1790  89
1792 1790 1791  89
1677 3777 3773  89
1791 292 293  89
1793 3776 144  89
1792 144 1790  89
3776 3771 3775  89
1683 3775 3771  89
3775 1683 1684  89
1680 3774 1679  89
3772 1682 3771  89
1679 3777 1678  89
1685 3775 1684  89
3774 1798 1799  89
1682 3772 1681  89
3777 1679 3774  89
1798 3774 3772  89
1676 3773 1788  89
1676 1788 220  89
1788 3773 1789  89
1797 3772 3771  89
1802 3777 1801  89
3777 1800 1801  89
1803 3773 1802  89
144 1792 1793  89
1800 3777 3774  89
1789 1803 291  89
1795 3776 1794  89
1795 1796 3771  89
3772 1797 1798  89
3772 1680 1681  89
3773 1803 1789  89
3773 1676 1677  89
3774 1680 3772  89
3774 1799 1800  89
3775 1685 1385  89
3776 1795 3771  89
3775 1385 3776  89
3776 1793 1794  89
3777 1802 3773  89
3777 1677 1678  89
1808 3778 1807  90
3778 1806 1807  90
1808 3779 3778  90
3779 1808 1809  90
3786 1816 1817  90
1810 3782 3779  90
1386 1790 144  90
1790 3783 292  90
3782 3783 1387  90
3779 1391 3778  90
3783 1790 1386  90
1391 3779 1390  90
1388 3782 1387  90
3779 3782 1388  90
1810 3779 1809  90
3782 1810 1811  90
3781 1806 3778  90
1806 3781 1805  90
1818 3784 3786  90
1820 3784 1819  90
1816 3786 3785  90
3787 1396 3780  90
3781 3786 3784  90
3785 1814 1815  90
1814 3785 3780  90
3784 295 1804  90
1816 3785 1815  90
1394 3778 1393  90
3787 3778 1394  90
3787 3785 3781  90
1396 3787 1395  90
142 1401 1396  90
3780 1401 146  90
1401 3780 1396  90
3778 1391 1392  90
1392 1393 3778  90
3779 1388 1389  90
1389 1390 3779  90
3780 146 1813  90
1813 1814 3780  90
3781 1804 1805  90
3778 3787 3781  90
1811 1812 3782  90
1387 3783 1386  90
3782 292 3783  90
292 3782 294  90
1804 3781 3784  90
1818 3786 1817  90
3785 3787 3780  90
3784 1818 1819  90
294 3782 1812  90
3786 3781 3785  90
295 3784 1820  90
3787 1394 1395  90
1829 300 301  91
1811 1824 1823  91
1824 1811 1812  91
298 299 1823  91
299 1809 1810  91
1810 1823 299  91
1823 1810 1811  91
1827 1808 1809  91
1809 299 1827  91
1812 1822 1824  91
1822 1812 294  91
1829 1806 300  91
1824 1822 297  91
300 1806 1807  91
1807 1825 300  91
1825 1808 1826  91
1808 1827 1826  91
1806 1829 1805  91
1808 1825 1807  91
1828 1805 1829  91
1805 1828 1804  91
1828 1821 1804  91
295 1804 1821  91
1821 1828 296  91
302 1832 1830  92
1832 1831 1830  92
301 1832 300  92
1831 1832 301  92
1830 1831 303  92
3788 1833 1831  93
1833 3788 1834  93
1834 1835 304  93
1831 1833 303  93
1829 3788 1831  93
1829 1831 301  93
3788 1829 1828  93
1828 296 1835  93
3788 1828 1835  93
1835 1834 3788  93
1818 1421 1817  94
1422 1816 1421  94
296 3790 1821  94
1422 1814 1815  94
1422 1813 1814  94
1813 1422 145  94
145 146 1813  94
3790 295 1821  94
1417 3790 1835  94
1818 1420 1421  94
1420 1818 1819  94
1817 1421 1816  94
1816 1422 1815  94
1835 1416 1417  94
1420 295 1419  94
295 1420 1820  94
1820 1420 1819  94
1419 3790 1418  94
1835 305 1416  94
295 3790 1419  94
1713 1409 306  94
3789 1406 1407  94
1414 1836 1413  94
1836 1414 305  94
1416 305 1415  94
1414 1415 305  94
305 1835 304  94
1837 1412 1413  94
1408 3789 1407  94
306 1411 1838  94
1412 1837 1838  94
1413 1836 1837  94
306 275 1713  94
3789 281 1406  94
1410 306 1409  94
1409 1713 1408  94
1412 1838 1411  94
1411 306 1410  94
1405 281 1716  94
281 3789 1737  94
1719 1404 1718  94
278 3789 1713  94
281 1405 1406  94
147 1720 148  94
1720 1403 1719  94
1405 1716 1717  94
1404 1717 1718  94
1717 1404 1405  94
1403 1720 147  94
1404 1719 1403  94
3789 1408 1713  94
3789 278 1737  94
3790 296 1835  94
3790 1417 1418  94
1842 1840 1839  95
1840 1842 222  95
308 1839 307  95
1839 308 1841  95
1839 1841 1842  95
1840 222 223  95
1844 1839 1843  96
1839 1844 1840  96
309 1839 307  96
1839 309 1843  96
223 1844 224  96
1844 223 1840  96
1844 1846 1845  97
1846 1844 224  97
309 1845 310  97
1845 309 1843  97
1845 1843 1844  97
1846 224 225  97
1846 1847 1848  98
1847 1846 225  98
310 1848 311  98
1848 310 1845  98
1848 1845 1846  98
1847 225 226  98
1847 1850 1849  99
1850 1847 226  99
311 1849 312  99
1849 311 1848  99
1849 1848 1847  99
1850 226 227  99
1850 1851 1852  100
1851 1850 227  100
312 1852 313  100
1852 312 1849  100
1852 1849 1850  100
1851 227 228  100
1852 1853 314  101
1853 1852 1851  101
1852 314 313  101
1853 1851 1854  101
229 1851 228  101
1851 229 1854  101
1856 1853 1855  102
1853 1856 1854  102
315 1853 314  102
1853 315 1855  102
229 1856 230  102
1856 229 1854  102
1856 1858 1857  103
1858 1856 230  103
315 1857 316  103
1857 315 1855  103
1857 1855 1856  103
1858 230 231  103
1860 1857 1859  104
1857 1860 1858  104
317 1857 316  104
1857 317 1859  104
231 1860 232  104
1860 231 1858  104
1860 1862 1861  105
1862 1860 232  105
317 1861 318  105
1861 317 1859  105
1861 1859 1860  105
1862 232 233  105
1862 1863 1864  106
1863 1862 233  106
318 1864 319  106
1864 318 1861  106
1864 1861 1862  106
1863 233 234  106
1863 1866 1865  107
1866 1863 234  107
319 1865 320  107
1865 319 1864  107
1865 1864 1863  107
1866 234 235  107
1866 1867 1868  108
1867 1866 235  108
320 1868 321  108
1868 320 1865  108
1868 1865 1866  108
1867 235 236  108
1868 1869 322  109
1869 1868 1867  109
1868 322 321  109
1869 1867 1870  109
237 1867 236  109
1867 237 1870  109
1872 1869 1871  110
1869 1872 1870  110
323 1869 322  110
1869 323 1871  110
237 1872 238  110
1872 237 1870  110
1872 1874 1873  111
1874 1872 238  111
323 1873 324  111
1873 323 1871  111
1873 1871 1872  111
1874 238 239  111
1876 1873 1875  112
1873 1876 1874  112
325 1873 324  112
1873 325 1875  112
239 1876 240  112
1876 239 1874  112
1876 1878 1877  113
1878 1876 240  113
325 1877 326  113
1877 325 1875  113
1877 1875 1876  113
1878 240 241  113
1878 1879 1880  114
1879 1878 241  114
326 1880 327  114
1880 326 1877  114
1880 1877 1878  114
1879 241 242  114
1879 1882 1881  115
1882 1879 242  115
327 1881 328  115
1881 327 1880  115
1881 1880 1879  115
1882 242 243  115
1882 1883 1884  116
1883 1882 243  116
328 1884 329  116
1884 328 1881  116
1884 1881 1882  116
1883 243 244  116
1884 1885 330  117
1885 1884 1883  117
1884 330 329  117
1885 1883 1886  117
245 1883 244  117
1883 245 1886  117
1888 1885 1887  118
1885 1888 1886  118
331 1885 330  118
1885 331 1887  118
245 1888 246  118
1888 245 1886  118
1888 1890 1889  119
1890 1888 246  119
331 1889 332  119
1889 331 1887  119
1889 1887 1888  119
1890 246 247  119
1892 1889 1891  120
1889 1892 1890  120
333 1889 332  120
1889 333 1891  120
247 1892 248  120
1892 247 1890  120
1891 1893 333  121
1892 1894 1893  121
333 1893 334  121
1893 1891 1892  121
1894 1892 248  121
1894 248 249  121
1894 1895 1896  122
1895 1894 249  122
334 1896 335  122
1896 334 1893  122
1896 1893 1894  122
1895 249 250  122
1895 1898 1897  123
1898 1895 250  123
335 1897 336  123
1897 335 1896  123
1897 1896 1895  123
1898 250 251  123
1898 1899 1900  124
1899 1898 251  124
336 1900 337  124
1900 336 1897  124
1900 1897 1898  124
1899 251 252  124
1900 1901 338  125
1901 1900 1899  125
1900 338 337  125
1901 1899 1902  125
253 1899 252  125
1899 253 1902  125
1904 1901 1903  126
1901 1904 1902  126
339 1901 338  126
1901 339 1903  126
253 1904 254  126
1904 253 1902  126
1903 340 339  127
254 1906 1904  127
340 1903 1905  127
1906 1903 1904  127
1905 1903 1906  127
1906 254 255  127
1908 1905 1907  128
1905 1908 1906  128
341 1905 340  128
1905 341 1907  128
255 1908 256  128
1908 255 1906  128
1908 1910 1909  129
1910 1908 256  129
341 1909 342  129
1909 341 1907  129
1909 1907 1908  129
1910 256 257  129
1910 1911 1912  130
1911 1910 257  130
342 1912 343  130
1912 342 1909  130
1912 1909 1910  130
1911 257 258  130
1911 1914 1913  131
1914 1911 258  131
343 1913 344  131
1913 343 1912  131
1913 1912 1911  131
1914 258 259  131
1914 1915 1916  132
1915 1914 259  132
344 1916 345  132
1916 344 1913  132
1916 1913 1914  132
1915 259 260  132
1916 1917 346  133
1917 1916 1915  133
1916 346 345  133
1917 1915 1918  133
261 1915 260  133
1915 261 1918  133
1920 1917 1919  134
1917 1920 1918  134
347 1917 346  134
1917 347 1919  134
261 1920 262  134
1920 261 1918  134
1920 1922 1921  135
1922 1920 262  135
347 1921 348  135
1921 347 1919  135
1921 1919 1920  135
1922 262 263  135
1924 1921 1923  136
1921 1924 1922  136
349 1921 348  136
1921 349 1923  136
263 1924 264  136
1924 263 1922  136
1924 1926 1925  137
1926 1924 264  137
349 1925 350  137
1925 349 1923  137
1925 1923 1924  137
1926 264 265  137
1926 1927 1928  138
1927 1926 265  138
350 1928 351  138
1928 350 1925  138
1928 1925 1926  138
1927 265 266  138
1927 1930 1929  139
1930 1927 266  139
351 1929 352  139
1929 351 1928  139
1929 1928 1927  139
1930 266 267  139
1930 1931 1932  140
1931 1930 267  140
352 1932 353  140
1932 352 1929  140
1932 1929 1930  140
1931 267 268  140
354 353 1932  141
1932 1934 354  141
1934 1932 1931  141
1934 1931 1933  141
269 1931 268  141
1931 269 1933  141
3795 270 1692  142
3795 3791 1936  142
3791 3795 3793  142
3794 354 1937  142
3794 1939 3792  142
354 3794 1934  142
1695 3793 1694  142
269 3793 1695  142
3793 1693 1694  142
270 3795 1936  142
3791 3794 3792  142
3794 3791 1934  142
1940 3792 1939  142
355 3792 1940  142
1933 1934 3791  142
3791 1935 1936  142
3792 355 1935  142
1935 3791 3792  142
3793 269 1933  142
1933 3791 3793  142
3794 1937 1938  142
1939 3794 1938  142
3795 1692 1693  142
1693 3793 3795  142
1698 3796 1697  143
1696 1946 271  143
1699 3796 1698  143
3797 1946 3796  143
1699 270 1936  143
3798 355 1941  143
355 3798 1935  143
1696 3796 1946  143
1946 3797 1945  143
1936 3797 3796  143
1943 3798 1942  143
1944 3799 1943  143
3797 3799 1945  143
356 3799 1944  143
3796 1696 1697  143
3796 1699 1936  143
3797 1936 1935  143
3799 3797 3798  143
3797 1935 3798  143
3798 1941 1942  143
3798 1943 3799  143
3799 356 1945  143
153 1690 1453  144
3804 3801 216  144
3804 1949 1948  144
161 1956 162  144
211 1583 1495  144
1584 161 1495  144
3804 1947 3801  144
161 3801 1956  144
1947 3804 1948  144
1956 3801 1957  144
3804 3805 1949  144
1957 1947 357  144
1653 3805 3804  144
218 3806 1663  144
3805 3802 1950  144
3802 1656 1657  144
3805 1656 3802  144
3805 1653 1654  144
1656 3805 1655  144
1661 3807 1660  144
1658 3802 1657  144
3806 1661 1662  144
3806 3807 1661  144
3807 1953 1952  144
3807 1951 3802  144
3800 3803 1946  144
1658 3807 3802  144
3807 3806 1953  144
3806 218 3800  144
1954 3800 1955  144
1689 3803 218  144
1955 1945 356  144
1663 3806 1662  144
153 271 1946  144
3803 1689 153  144
152 1691 149  144
1691 1453 1690  144
1690 153 1689  144
216 161 1585  144
161 1584 1585  144
1584 1495 1583  144
1583 211 214  144
152 1453 1691  144
3800 1946 1945  144
1945 1955 3800  144
1947 1957 3801  144
3801 161 216  144
1951 3807 1952  144
1951 1950 3802  144
153 1946 3803  144
3803 3800 218  144
3804 216 1652  144
1652 1653 3804  144
1654 1655 3805  144
3805 1950 1949  144
3806 3800 1954  144
1954 1953 3806  144
3807 1658 1659  144
1659 1660 3807  144
3808 163 1487  145
3812 1488 1489  145
1959 3810 1958  145
3809 357 1960  145
3810 3811 1958  145
357 3809 1957  145
1490 3812 1489  145
162 3812 1490  145
3810 1957 3809  145
163 3808 1959  145
3809 1960 1961  145
1957 3810 1956  145
1963 3811 1962  145
358 3811 1963  145
3808 1487 1488  145
3812 3810 3808  145
3809 1961 1962  145
3811 3810 3809  145
3810 1959 3808  145
3810 3812 1956  145
3809 1962 3811  145
3811 358 1958  145
1488 3812 3808  145
3812 162 1956  145
1493 3813 1492  146
1491 1969 164  146
1494 3813 1493  146
3816 1968 1969  146
1494 163 1959  146
3814 358 1964  146
358 3814 1958  146
1491 3813 1969  146
1968 3816 3815  146
1959 3816 3813  146
1958 3816 1959  146
1967 3815 1966  146
3814 1964 1965  146
359 3815 1967  146
3813 1491 1492  146
3813 1494 1959  146
3814 1965 1966  146
3816 1958 3814  146
3814 1966 3815  146
3815 359 1968  146
3814 3815 3816  146
3816 1969 3813  146
1970 1968 359  147
1968 1970 1971  147
1970 359 360  147
1968 1971 1969  147
164 1971 165  147
1971 164 1969  147
1970 1972 361  148
1972 1970 1971  148
361 360 1970  148
1971 1973 1972  148
1973 1971 165  148
1973 165 166  148
1974 1972 1975  149
1974 1973 1972  149
1975 1972 362  149
362 1972 361  149
1973 1974 167  149
1973 167 166  149
1975 1976 363  150
1976 1975 1974  150
363 362 1975  150
1974 1977 1976  150
1977 1974 167  150
1977 167 168  150
1979 1976 1978  151
1979 1977 1976  151
1978 1976 364  151
364 1976 363  151
1977 1979 169  151
1977 169 168  151
1981 1978 1980  152
1981 1979 1978  152
1980 1978 365  152
365 1978 364  152
1979 1981 170  152
1979 170 169  152
1983 1980 1982  153
1983 1981 1980  153
1982 1980 366  153
366 1980 365  153
1981 1983 171  153
1981 171 170  153
1984 1982 1985  154
1984 1983 1982  154
1985 1982 367  154
367 1982 366  154
1983 1984 172  154
1983 172 171  154
1986 1985 367  155
1985 1986 1987  155
1986 367 368  155
1985 1987 1984  155
172 1987 173  155
1987 172 1984  155
1986 1988 369  156
1988 1986 1987  156
369 368 1986  156
1987 1989 1988  156
1989 1987 173  156
1989 173 174  156
1990 1988 1991  157
1990 1989 1988  157
1991 1988 370  157
370 1988 369  157
1989 1990 175  157
1989 175 174  157
1991 1992 371  158
1992 1991 1990  158
371 370 1991  158
1990 1993 1992  158
1993 1990 175  158
1993 175 176  158
1995 1992 1994  159
1995 1993 1992  159
1994 1992 372  159
372 1992 371  159
1993 1995 177  159
1993 177 176  159
1997 1994 1996  160
1997 1995 1994  160
1996 1994 373  160
373 1994 372  160
1995 1997 178  160
1995 178 177  160
1999 1996 1998  161
1999 1997 1996  161
1998 1996 374  161
374 1996 373  161
1997 1999 179  161
1997 179 178  161
1998 2001 2000  162
2001 1998 374  162
2000 1999 1998  162
2001 374 375  162
1999 2000 180  162
1999 180 179  162
2003 2000 2002  163
2001 2002 2000  163
2002 2001 376  163
2000 2003 180  163
376 2001 375  163
180 2003 181  163
2002 2004 376  164
2004 2002 2005  164
2005 2002 2003  164
2005 2003 181  164
376 2004 377  164
2005 181 182  164
2006 2004 2007  165
2006 2005 2004  165
2007 2004 378  165
378 2004 377  165
2005 2006 183  165
2005 183 182  165
2007 2008 379  166
2008 2007 2006  166
379 378 2007  166
2006 2009 2008  166
2009 2006 183  166
2009 183 184  166
2011 2008 2010  167
2011 2009 2008  167
2010 2008 380  167
380 2008 379  167
2009 2011 185  167
2009 185 184  167
2013 2010 2012  168
2013 2011 2010  168
2012 2010 381  168
381 2010 380  168
2011 2013 186  168
2011 186 185  168
2015 2012 2014  169
2015 2013 2012  169
2014 2012 382  169
382 2012 381  169
2013 2015 187  169
2013 187 186  169
2016 2014 2017  170
2016 2015 2014  170
2017 2014 383  170
383 2014 382  170
2015 2016 188  170
2015 188 187  170
2018 2017 383  171
2017 2018 2019  171
2018 383 384  171
2017 2019 2016  171
188 2019 189  171
2019 188 2016  171
2018 2020 385  172
2020 2018 2019  172
385 384 2018  172
2019 2021 2020  172
2021 2019 189  172
2021 189 190  172
2022 2020 2023  173
2022 2021 2020  173
2023 2020 386  173
386 2020 385  173
2021 2022 191  173
2021 191 190  173
2023 2024 387  174
2024 2023 2022  174
387 386 2023  174
2022 2025 2024  174
2025 2022 191  174
2025 191 192  174
2027 2024 2026  175
2027 2025 2024  175
2026 2024 388  175
388 2024 387  175
2025 2027 193  175
2025 193 192  175
2029 2026 2028  176
2029 2027 2026  176
2028 2026 389  176
389 2026 388  176
2027 2029 194  176
2027 194 193  176
2031 2028 2030  177
2031 2029 2028  177
2030 2028 390  177
390 2028 389  177
2029 2031 195  177
2029 195 194  177
2032 2030 2033  178
2032 2031 2030  178
2033 2030 391  178
391 2030 390  178
2031 2032 196  178
2031 196 195  178
2034 2033 391  179
2033 2034 2035  179
2034 391 392  179
2033 2035 2032  179
196 2035 197  179
2035 196 2032  179
2034 2036 393  180
2036 2034 2035  180
393 392 2034  180
2035 2037 2036  180
2037 2035 197  180
2037 197 198  180
2038 2036 2039  181
2038 2037 2036  181
2039 2036 394  181
394 2036 393  181
2037 2038 199  181
2037 199 198  181
2039 2040 395  182
2040 2039 2038  182
395 394 2039  182
2038 2041 2040  182
2041 2038 199  182
2041 199 200  182
2043 2040 2042  183
2043 2041 2040  183
2042 2040 396  183
396 2040 395  183
2041 2043 201  183
2041 201 200  183
2045 2042 2044  184
2045 2043 2042  184
2044 2042 397  184
397 2042 396  184
2043 2045 202  184
2043 202 201  184
2047 2044 2046  185
2047 2045 2044  185
2046 2044 398  185
398 2044 397  185
2045 2047 203  185
2045 203 202  185
2048 2046 2049  186
2048 2047 2046  186
2049 2046 399  186
399 2046 398  186
2047 2048 204  186
2047 204 203  186
2050 2049 399  187
2049 2050 2051  187
2050 399 400  187
2049 2051 2048  187
204 2051 205  187
2051 204 2048  187
2050 2052 401  188
2052 2050 2051  188
401 400 2050  188
2051 2053 2052  188
2053 2051 205  188
2053 205 206  188
2054 2052 2055  189
2054 2053 2052  189
2055 2052 402  189
402 2052 401  189
2053 2054 207  189
2053 207 206  189
2055 2056 403  190
2056 2055 2054  190
403 402 2055  190
2054 2057 2056  190
2057 2054 207  190
2057 207 208  190
2059 2056 2058  191
2059 2057 2056  191
2058 2056 404  191
404 2056 403  191
2057 2059 209  191
2057 209 208  191
2061 2058 2060  192
2061 2059 2058  192
2060 2058 405  192
405 2058 404  192
2059 2061 210  192
2059 210 209  192
2063 2060 2062  193
2063 2061 2060  193
2062 2060 406  193
406 2060 405  193
2061 2063 155  193
2061 155 210  193
2064 2062 2065  194
2064 2063 2062  194
2065 2062 407  194
407 2062 406  194
2063 2064 156  194
2063 156 155  194
2065 2066 2064  195
156 2066 157  195
2067 2065 408  195
2065 2067 2066  195
408 2065 407  195
2066 156 2064  195
3820 408 2070  196
3821 2067 3820  196
408 3820 2067  196
3821 2066 2067  196
2066 3821 3817  196
2068 3821 3818  196
1469 3817 1468  196
1470 3817 1469  196
157 3817 1470  196
3821 2069 3819  196
158 3819 2069  196
3819 158 1467  196
2073 3818 2072  196
409 3818 2073  196
3821 2068 2069  196
3817 157 2066  196
3820 2072 3818  196
3818 409 2068  196
3819 1467 1468  196
1468 3817 3819  196
3820 2070 2071  196
2072 3820 2071  196
3820 3818 3821  196
3821 3819 3817  196
3824 1471 1472  197
1471 2079 159  197
1474 3824 1473  197
2078 3823 3822  197
1474 158 2069  197
3825 409 2074  197
409 3825 2068  197
1471 3824 2079  197
2079 3824 3823  197
3823 2078 2079  197
3822 410 2078  197
2077 3822 2076  197
3825 3823 2068  197
410 3822 2077  197
2068 3823 2069  197
3825 2076 3822  197
3824 1474 2069  197
3823 3825 3822  197
1472 1473 3824  197
3824 2069 3823  197
3825 2074 2075  197
2076 3825 2075  197
3831 2088 3830  198
3831 3830 215  198
1521 3834 160  198
1522 160 1496  198
160 1522 1521  198
159 160 2079  198
212 1523 1496  198
2079 3834 3830  198
2088 410 2078  198
2079 3830 2078  198
2088 3831 2087  198
2086 3831 3827  198
3828 1592 1591  198
3831 215 1595  198
3827 3828 2085  198
1594 3831 1595  198
1592 3828 3827  198
1592 3827 1593  198
1522 1496 1523  198
1523 212 213  198
1590 3828 1591  198
3826 1588 1587  198
2083 3826 2082  198
3829 1588 3826  198
3829 3828 1590  198
1588 3829 1589  198
3829 2084 3828  198
3826 3833 2081  198
3833 2090 2080  198
2090 3833 3832  198
2080 2090 411  198
3833 3826 1586  198
3832 1688 154  198
2090 3832 2089  198
1454 1687 1686  198
154 1688 1687  198
1686 151 1454  198
1688 3832 217  198
2089 154 272  198
1454 154 1687  198
151 1686 150  198
1587 1586 3826  198
3826 2081 2082  198
2085 2086 3827  198
3827 1594 1593  198
2084 3829 2083  198
2084 2085 3828  198
1590 1589 3829  198
3829 3826 2083  198
2088 2078 3830  198
3834 1521 215  198
3831 1594 3827  198
3831 2086 2087  198
154 2089 3832  198
3832 3833 217  198
2080 2081 3833  198
3833 1586 217  198
215 3830 3834  198
3834 2079 160  198
3839 273 1700  199
1702 3836 1701  199
2092 3837 2091  199
3835 411 2093  199
3837 3839 3836  199
411 3835 2090  199
1703 3836 1702  199
272 3836 1703  199
3837 2089 2090  199
273 3839 2092  199
3835 2093 2094  199
2089 3837 3836  199
2096 3838 2095  199
412 3838 2096  199
3835 2094 2095  199
3838 3837 3835  199
3839 3837 2092  199
3836 272 2089  199
3837 2090 3835  199
3837 3838 2091  199
3835 2095 3838  199
3838 412 2091  199
3839 1700 1701  199
1701 3836 3839  199
1706 3840 1705  200
1704 2102 274  200
1707 3840 1706  200
3841 2102 3840  200
1707 273 2092  200
3842 412 2097  200
412 3842 2091  200
1704 3840 2102  200
2102 3841 2101  200
2092 3841 3840  200
2099 3842 2098  200
2100 3843 2099  200
3841 3843 2101  200
413 3843 2100  200
3840 1704 1705  200
3840 1707 2092  200
3841 2092 2091  200
3843 3841 3842  200
3841 2091 3842  200
3842 2097 2098  200
3842 2099 3843  200
3843 413 2101  200
2101 2103 414  201
2103 2101 2102  201
414 413 2101  201
2102 2104 2103  201
2104 2102 274  201
2104 274 221  201
1842 2103 1841  202
2103 1842 2104  202
308 2103 414  202
2103 308 1841  202
221 1842 222  202
1842 221 2104  202
279 3844 2110  203
276 3844 1714  203
2105 279 2111  203
2106 416 415  203
416 2106 2112  203
2112 2105 2111  203
1709 2109 3844  203
2105 2112 2106  203
2110 3844 2109  203
2110 2111 279  203
1708 2108 1709  203
2109 1709 2108  203
2107 275 306  203
2108 1708 2107  203
275 2107 1708  203
3844 279 1714  203
3844 276 1709  203
1738 3845 1739  204
2119 3845 1738  204
2117 2118 3849  204
3845 3848 3847  204
3846 3849 3848  204
3846 2114 2115  204
1739 3847 1740  204
3850 417 2113  204
417 3850 2120  204
2119 1738 284  204
2114 3850 2113  204
3848 1715 3847  204
280 3847 1715  204
3848 2105 1715  204
2105 3848 2106  204
1715 2105 279  204
415 3849 2118  204
3845 2119 2120  204
3850 2114 3846  204
3846 2115 2116  204
2116 3849 3846  204
3847 280 1740  204
3847 1739 3845  204
3848 3845 3846  204
3849 415 2106  204
3849 2106 3848  204
3849 2116 2117  204
3850 3846 3845  204
3845 2120 3850  204
2120 2121 2119  205
2121 2120 418  205
2119 285 284  205
418 2120 417  205
285 2119 2121  205
2124 3852 2123  206
3852 1742 1741  206
285 3851 2121  206
1742 3852 3851  206
286 3852 1741  206
3851 2126 2121  206
2122 3852 2127  206
2127 419 2122  206
3851 3852 2124  206
2126 3851 2125  206
418 2121 2126  206
3851 285 1742  206
3851 2124 2125  206
3852 286 2127  206
3852 2122 2123  206
1732 2134 1733  207
1731 2136 2135  207
1732 2135 2134  207
2127 1743 3853  207
282 3853 1743  207
2129 3853 2130  207
2128 2127 2129  207
2131 282 2132  207
286 1743 2127  207
2131 3853 282  207
282 1735 2132  207
1733 2133 1734  207
2133 2132 1735  207
2133 1733 2134  207
2133 1735 1734  207
1731 2135 1732  207
1730 283 288  207
2136 1731 1730  207
1730 288 2136  207
2129 2127 3853  207
3853 2131 2130  207
2128 419 2127  207
419 2128 420  207
1770 3863 1769  208
3894 1765 1766  208
1792 3879 1793  208
1768 3878 1767  208
3893 2134 2135  208
288 3882 2136  208
3882 2135 2136  208
1754 3874 3860  208
3878 1769 3863  208
1786 3887 3873  208
3866 3876 3872  208
3876 3890 3872  208
2144 3876 2143  208
3891 2129 2130  208
1780 3889 1779  208
3889 3858 1778  208
3857 3868 3867  208
3892 3876 2144  208
3855 3863 2153  208
3889 1778 1779  208
290 3880 1783  208
3871 3877 3889  208
3887 291 3857  208
1786 3873 1787  208
3887 1786 1785  208
3890 1780 1781  208
1780 3890 3889  208
3876 3892 3890  208
291 3887 1784  208
1801 3857 1802  208
1801 3868 3857  208
3857 1803 1802  208
3875 1773 1774  208
1773 3875 422  208
1776 3875 1775  208
3875 3858 2140  208
1778 3858 1777  208
1772 3870 1771  208
3863 3870 2151  208
3864 3894 3885  208
3878 3863 3855  208
1770 3870 3863  208
1764 3864 1763  208
3854 1763 3864  208
2134 3895 2133  208
3885 3886 3864  208
1754 3860 1755  208
1747 3861 1748  208
1761 3862 1762  208
1760 3862 1761  208
3854 1760 1759  208
287 3862 3856  208
1744 3856 1745  208
1745 3856 1746  208
1748 3861 1749  208
1749 3883 1750  208
1752 3883 3874  208
3870 422 2150  208
1769 3878 1768  208
3894 1764 1765  208
3870 1773 422  208
3874 1753 1752  208
3874 1754 1753  208
3883 3888 3874  208
3895 2134 3893  208
1755 3860 1756  208
1803 3857 291  208
3891 2130 2131  208
2131 3895 3891  208
3855 420 2128  208
420 3855 2154  208
3855 3891 3878  208
3858 3889 3877  208
2148 3871 2147  208
421 3877 2149  208
3877 2148 2149  208
3875 1776 3858  208
2138 3877 2137  208
1773 3870 1772  208
422 3875 2141  208
2140 3858 2139  208
3868 1801 1800  208
3873 290 1787  208
1798 3869 3868  208
3859 3876 3866  208
3890 1782 3880  208
1795 3879 3869  208
1793 3879 1794  208
3869 1798 1797  208
287 3856 1744  208
3854 1759 289  208
3855 2153 2154  208
3855 2128 2129  208
1746 3861 1747  208
3856 3884 3861  208
1795 3869 1796  208
3859 1792 1791  208
2138 2139 3858  208
3858 1776 1777  208
3859 1791 293  208
293 2142 3859  208
288 1756 3860  208
3861 3888 3883  208
3883 1752 1751  208
3861 1746 3856  208
3862 287 1762  208
3862 1760 3854  208
3863 2151 2152  208
2152 2153 3863  208
3854 3865 3862  208
1763 3854 289  208
3862 3884 3856  208
3865 3854 3864  208
3872 3881 3867  208
3879 1792 3859  208
1798 3868 1799  208
3879 3859 3866  208
1800 1799 3868  208
3868 3869 3867  208
1797 1796 3869  208
3867 3879 3866  208
2150 2151 3870  208
3870 1770 1771  208
2146 3892 2145  208
2146 2147 3871  208
1782 3890 1781  208
3872 3867 3866  208
3887 1785 1784  208
3881 3872 3880  208
3882 3888 3886  208
3860 3888 3882  208
2140 2141 3875  208
3875 1774 1775  208
3876 3859 2142  208
2142 2143 3876  208
3877 421 2137  208
3877 2138 3858  208
3891 3855 2129  208
1767 3894 1766  208
3879 3867 3869  208
3879 1795 1794  208
3880 1782 1783  208
3880 290 3873  208
3880 3873 3881  208
3881 3857 3867  208
3882 288 3860  208
3886 3893 3882  208
3883 1751 1750  208
3883 1749 3861  208
3884 3862 3865  208
3888 3860 3874  208
3894 3864 1764  208
2133 3895 2132  208
3886 3884 3865  208
3865 3864 3886  208
3887 3857 3881  208
3881 3873 3887  208
3888 3861 3884  208
3884 3886 3888  208
3889 3890 3871  208
3877 3871 2148  208
3890 3880 3872  208
3892 2146 3871  208
3895 3893 3885  208
3891 3894 3878  208
2144 2145 3892  208
3892 3871 3890  208
2135 3882 3893  208
3893 3886 3885  208
3894 1767 3878  208
3894 3895 3885  208
3895 3894 3891  208
3895 2131 2132  208
293 292 2142  209
1822 297 2156  209
2147 3896 2148  209
292 294 2144  209
2144 294 2145  209
294 2147 2146  209
3896 294 1822  209
2149 2155 421  209
292 2143 2142  209
294 3896 2147  209
2145 294 2146  209
2149 3896 2155  209
292 2144 2143  209
2155 3896 2156  209
2155 2156 423  209
1822 2156 3896  209
3896 2149 2148  209
297 3897 2156  210
2157 2162 424  210
3897 2159 2160  210
2161 3897 2160  210
3897 3898 2159  210
3898 1824 1823  210
423 2156 2161  210
2159 3898 2158  210
2157 3898 2162  210
1824 3898 3897  210
298 3898 1823  210
3897 2161 2156  210
3897 297 1824  210
3898 298 2162  210
3898 2157 2158  210
299 298 2163  211
2163 2162 425  211
2162 2163 298  211
425 2162 424  211
3900 3904 3902  212
2169 2170 3902  212
2166 3903 426  212
3903 3904 3899  212
3904 2167 2168  212
1826 3900 1827  212
2165 3899 1832  212
425 3902 2170  212
3901 1826 1825  212
3899 2165 2164  212
302 2165 1832  212
1826 3901 3900  212
300 3901 1825  212
2163 299 1827  212
3900 3901 3899  212
2167 3903 2166  212
3904 3903 2167  212
2163 3902 425  212
2163 1827 3900  212
3901 300 1832  212
1832 3899 3901  212
3902 2163 3900  212
2169 3904 2168  212
3899 2164 3903  212
2164 426 3903  212
3904 2169 3902  212
3904 3900 3899  212
1833 2174 3905  213
302 3905 2173  213
2165 302 2172  213
2171 2165 2172  213
2164 427 426  213
427 2164 2171  213
2173 3905 2174  213
2172 302 2173  213
2165 2171 2164  213
2174 1833 2175  213
2175 1834 2176  213
304 2176 1834  213
304 305 2176  213
303 3905 1830  213
1834 2175 1833  213
3905 302 1830  213
3905 303 1833  213
3907 2111 3906  214
2111 3907 2110  214
2180 3909 2179  214
3909 3906 428  214
3909 2180 2171  214
2107 3908 1838  214
427 2171 2180  214
3909 428 2179  214
2109 3908 2108  214
2112 3906 2111  214
2177 3906 2112  214
3908 2109 3907  214
2112 416 2177  214
3906 3909 3907  214
1838 306 2107  214
1838 3908 1837  214
2174 3907 2173  214
3908 2174 2175  214
2176 3908 2175  214
3908 2176 1836  214
2176 305 1836  214
2174 3908 3907  214
3906 2177 2178  214
2178 428 3906  214
2173 3909 2172  214
3907 2109 2110  214
3908 1836 1837  214
3908 2107 2108  214
3909 2171 2172  214
3909 2173 3907  214
431 2195 2196  215
2192 431 2191  215
431 2193 2194  215
431 2197 430  215
431 2192 2193  215
431 2189 2190  215
2183 431 2182  215
431 2190 2191  215
2195 431 2194  215
2188 431 2187  215
2189 431 2188  215
2185 431 2184  215
2187 431 2186  215
2186 431 2185  215
2182 431 2181  215
2197 431 2196  215
2184 431 2183  215
2181 431 429  215
431 2211 2212  216
2211 431 2210  216
429 431 2214  216
431 2213 2214  216
2210 431 2209  216
431 2208 2209  216
2204 431 2203  216
431 2206 2207  216
2208 431 2207  216
2213 431 2212  216
2203 431 2202  216
2206 431 2205  216
2205 431 2204  216
2199 431 2198  216
2198 431 430  216
2200 431 2199  216
2202 431 2201  216
2201 431 2200  216
2223 434 2222  217
2227 434 2226  217
434 2231 433  217
2221 434 2220  217
2220 434 2219  217
2222 434 2221  217
2224 434 2223  217
2231 434 2230  217
2218 434 2217  217
434 2224 2225  217
2217 434 2216  217
434 2227 2228  217
434 2225 2226  217
434 2228 2229  217
2219 434 2218  217
434 2229 2230  217
2216 434 2215  217
2215 434 432  217
2234 434 2233  218
2238 434 2237  218
2233 434 2232  218
2237 434 2236  218
434 2240 2241  218
434 2238 2239  218
2248 434 2247  218
434 2239 2240  218
2246 434 2245  218
434 2248 432  218
2236 434 2235  218
2244 434 2243  218
434 2246 2247  218
434 2241 2242  218
434 2244 2245  218
434 2234 2235  218
434 2242 2243  218
2232 434 433  218
437 2263 2264  219
2260 437 2259  219
437 2261 2262  219
437 2265 436  219
437 2260 2261  219
437 2257 2258  219
2251 437 2250  219
437 2258 2259  219
2263 437 2262  219
2256 437 2255  219
2257 437 2256  219
2253 437 2252  219
2255 437 2254  219
2254 437 2253  219
2250 437 2249  219
2265 437 2264  219
2252 437 2251  219
2249 437 435  219
2279 437 2278  220
437 2279 2280  220
2276 437 2275  220
435 437 2282  220
2278 437 2277  220
437 2281 2282  220
437 2276 2277  220
437 2274 2275  220
2274 437 2273  220
2281 437 2280  220
2272 437 2271  220
2271 437 2270  220
2273 437 2272  220
2267 437 2266  220
2266 437 436  220
2268 437 2267  220
2270 437 2269  220
2269 437 2268  220
2295 440 2294  221
2297 440 2296  221
440 2299 439  221
2292 440 2291  221
440 2295 2296  221
2299 440 2298  221
2298 440 2297  221
2290 440 2289  221
2294 440 2293  221
2289 440 2288  221
2291 440 2290  221
2293 440 2292  221
2288 440 2287  221
2284 440 2283  221
2286 440 2285  221
2283 440 438  221
2285 440 2284  221
2287 440 2286  221
440 2310 2311  222
440 2312 2313  222
2308 440 2307  222
440 2309 2310  222
440 2311 2312  222
440 2315 2316  222
440 2313 2314  222
2315 440 2314  222
440 2316 438  222
440 2308 2309  222
2305 440 2304  222
440 2305 2306  222
440 2306 2307  222
2304 440 2303  222
2301 440 2300  222
440 2301 2302  222
2300 440 439  222
440 2302 2303  222
2330 443 2329  223
2317 443 441  223
2323 443 2322  223
443 2330 2331  223
442 443 2333  223
2333 443 2332  223
2320 443 2319  223
2329 443 2328  223
2318 443 2317  223
2322 443 2321  223
2326 443 2325  223
2321 443 2320  223
2325 443 2324  223
2328 443 2327  223
2324 443 2323  223
443 2326 2327  223
2319 443 2318  223
443 2331 2332  223
2336 443 2335  224
2340 443 2339  224
2335 443 2334  224
2339 443 2338  224
443 2342 2343  224
443 2340 2341  224
2350 443 2349  224
443 2341 2342  224
2348 443 2347  224
443 2350 441  224
2338 443 2337  224
2346 443 2345  224
443 2348 2349  224
443 2343 2344  224
443 2346 2347  224
443 2336 2337  224
443 2344 2345  224
2334 443 442  224
2352 446 2351  225
2357 446 2356  225
446 444 2351  225
2356 446 2355  225
2362 446 2361  225
445 446 2367  225
2355 446 2354  225
2358 446 2357  225
2364 446 2363  225
2359 446 2358  225
2361 446 2360  225
446 2362 2363  225
446 2364 2365  225
2367 446 2366  225
2354 446 2353  225
446 2365 2366  225
446 2359 2360  225
446 2352 2353  225
2370 446 2369  226
2374 446 2373  226
2369 446 2368  226
2373 446 2372  226
446 2376 2377  226
446 2374 2375  226
2384 446 2383  226
446 2375 2376  226
2382 446 2381  226
446 2384 444  226
2372 446 2371  226
2380 446 2379  226
446 2382 2383  226
446 2377 2378  226
446 2380 2381  226
446 2370 2371  226
446 2378 2379  226
2368 446 445  226
2395 449 2394  227
2388 449 2387  227
448 449 2401  227
449 2395 2396  227
2386 449 2385  227
2394 449 2393  227
2385 449 447  227
2387 449 2386  227
449 2396 2397  227
2401 449 2400  227
2391 449 2390  227
2390 449 2389  227
2393 449 2392  227
2389 449 2388  227
2392 449 2391  227
2400 449 2399  227
449 2397 2398  227
449 2398 2399  227
2404 449 2403  228
2408 449 2407  228
2403 449 2402  228
2407 449 2406  228
449 2410 2411  228
449 2408 2409  228
2418 449 2417  228
449 2409 2410  228
2416 449 2415  228
449 2418 447  228
2406 449 2405  228
2414 449 2413  228
449 2416 2417  228
449 2411 2412  228
449 2414 2415  228
449 2404 2405  228
449 2412 2413  228
2402 449 448  228
2420 452 2419  229
2425 452 2424  229
452 450 2419  229
2424 452 2423  229
2430 452 2429  229
451 452 2435  229
2423 452 2422  229
2426 452 2425  229
2432 452 2431  229
2427 452 2426  229
2429 452 2428  229
452 2430 2431  229
452 2432 2433  229
2435 452 2434  229
2422 452 2421  229
452 2433 2434  229
452 2427 2428  229
452 2420 2421  229
2438 452 2437  230
2442 452 2441  230
2437 452 2436  230
2441 452 2440  230
452 2444 2445  230
452 2442 2443  230
2452 452 2451  230
452 2443 2444  230
2450 452 2449  230
452 2452 450  230
2440 452 2439  230
2448 452 2447  230
452 2450 2451  230
452 2445 2446  230
452 2448 2449  230
452 2438 2439  230
452 2446 2447  230
2436 452 451  230
2455 2454 455  231
2455 2456 2457  231
2455 2453 2454  231
2456 2455 456  231
2454 2453 454  231
2453 2455 2457  231
2453 2457 453  231
2460 2458 2459  232
2458 2460 2461  232
2459 2458 458  232
2461 2460 460  232
2460 2459 459  232
2461 457 2458  232
2464 2462 2463  233
2463 2462 462  233
2465 2464 464  233
463 2464 2463  233
2465 461 2462  233
2462 2464 2465  233
2468 2466 2467  234
468 2469 2468  234
2467 2466 466  234
467 2468 2467  234
2466 2468 2470  234
2470 2468 2469  234
2470 465 2466  234
2472 2471 470  235
2473 2474 2471  235
2473 2471 2472  235
2472 471 2473  235
2474 2473 472  235
2471 2474 469  235
2477 2478 2475  236
2478 2477 476  236
2476 2475 474  236
2477 2475 2476  236
2476 475 2477  236
2475 2478 473  236
2480 2479 478  237
2479 2482 477  237
2480 2481 2479  237
2481 2480 479  237
2482 2479 2481  237
2482 2481 480  237
2484 2483 482  238
2487 2485 2486  238
2483 2488 481  238
2485 2483 2484  238
2488 2483 2487  238
2483 2485 2487  238
2485 2484 483  238
484 2486 2485  238
2491 2490 487  239
2491 2489 2490  239
2492 2491 488  239
2489 2491 2492  239
486 2490 2489  239
2489 2492 485  239
2495 2493 2494  240
2493 2495 2496  240
2494 491 2495  240
2496 2495 492  240
2494 2493 490  240
2493 2496 489  240
2501 2499 2500  241
2501 2500 495  241
2501 2502 2497  241
2499 2501 2497  241
493 2497 2502  241
2499 2497 2498  241
2498 2497 494  241
2502 2501 496  241
2506 2504 2505  242
2506 2505 499  242
2506 2507 2503  242
2504 2506 2503  242
2504 2503 498  242
497 2503 2507  242
2507 2506 500  242
2510 2508 2509  243
2510 2509 503  243
2508 2510 2511  243
2509 2508 502  243
2508 2511 501  243
2511 2510 504  243
2514 2513 507  244
2513 2514 2512  244
2512 2514 2515  244
2513 2512 506  244
2515 2514 508  244
2512 2515 505  244
2516 2519 2520  245
2518 2516 2517  245
2519 2516 2518  245
510 2517 2516  245
2516 2520 509  245
2519 2518 511  245
2520 2519 512  245
3958 3990 395  246
3923 2577 2578  246
3952 2100 2099  246
3980 3914 3921  246
385 387 386  246
409 3913 2074  246
308 3928 309  246
1949 3970 1948  246
2555 3953 3937  246
398 396 403  246
3954 3979 3941  246
2085 3987 3930  246
2095 3941 2096  246
3956 2552 3911  246
3952 2099 2098  246
3991 3992 3973  246
3992 3991 3955  246
308 3954 3928  246
2560 3943 3940  246
3957 3986 3977  246
1966 3969 1967  246
354 3968 1937  246
309 3961 310  246
3920 1966 1965  246
1948 3970 3960  246
371 370 369  246
363 3965 3919  246
1951 3951 3912  246
2073 3971 3913  246
3969 3988 361  246
3988 363 361  246
3970 3984 3960  246
2088 3957 3927  246
2075 3989 2076  246
2073 3913 409  246
401 403 402  246
410 3989 3957  246
3957 2088 410  246
3957 3989 3986  246
408 3950 2070  246
2071 3971 2072  246
407 3950 408  246
2544 3980 3945  246
405 404 406  246
3989 2075 3913  246
399 401 400  246
398 403 401  246
401 399 398  246
3916 2541 2542  246
396 398 397  246
393 391 390  246
396 3990 3916  246
393 395 394  246
387 380 2535  246
391 393 392  246
383 385 384  246
393 3958 395  246
2538 3958 388  246
2537 388 387  246
389 388 390  246
390 3958 393  246
388 2537 2538  246
3990 396 395  246
2539 3990 3958  246
2541 3990 2540  246
3980 2546 3914  246
2542 3945 3916  246
514 3930 2550  246
2548 3987 3914  246
3916 3945 3924  246
2546 3980 2545  246
3967 3914 3987  246
2548 3914 2547  246
3930 2549 2550  246
2549 3987 2548  246
3978 3937 3953  246
3931 3978 3936  246
2552 3956 2551  246
3956 514 2551  246
514 3956 3930  246
2082 3963 3947  246
3947 3911 3937  246
3937 3978 3910  246
2554 3937 3911  246
3931 411 2080  246
2081 3947 3910  246
3921 3967 3927  246
3945 2542 2543  246
2096 3941 412  246
3917 2095 2094  246
2098 3979 3952  246
311 310 312  246
3940 3975 2559  246
312 3940 315  246
414 3925 308  246
3925 414 413  246
323 321 320  246
308 309 307  246
2560 3940 2559  246
315 3940 317  246
317 3943 318  246
317 316 315  246
314 312 315  246
313 312 314  246
323 3942 325  246
321 323 322  246
319 318 320  246
3943 3942 318  246
320 3942 323  246
2563 3942 2562  246
325 2564 326  246
323 325 324  246
333 332 331  246
327 326 328  246
333 326 2566  246
2564 325 2563  246
3942 320 318  246
3943 2562 3942  246
326 333 328  246
326 2564 2565  246
3975 3940 3961  246
2557 3975 3953  246
2572 3955 3939  246
3933 339 336  246
334 2567 2568  246
342 3976 3939  246
2568 3933 334  246
2567 333 2566  246
2566 326 2565  246
333 2567 334  246
329 328 331  246
328 333 331  246
331 330 329  246
343 342 344  246
335 334 336  246
3933 3976 341  246
336 338 337  246
344 346 345  246
338 336 339  246
339 3933 341  246
341 340 339  246
351 350 352  246
2569 3976 3933  246
3976 2569 2570  246
2571 3976 2570  246
1938 3981 1939  246
353 3968 354  246
349 344 342  246
349 3974 350  246
346 344 347  246
344 349 347  246
347 349 348  246
355 3922 1941  246
3968 3944 3981  246
3944 355 1940  246
1942 3993 1943  246
3993 356 1944  246
355 3944 3922  246
356 3993 3948  246
3993 3985 3948  246
352 3985 3968  246
1954 3959 3949  246
2574 3992 3955  246
3955 2573 2574  246
1953 3949 3926  246
2576 3992 2575  246
2580 3923 2579  246
2577 3934 2576  246
2522 3912 2521  246
3951 1951 1952  246
3949 3973 3934  246
3955 2572 2573  246
2523 3982 3966  246
2522 3966 3912  246
1947 3960 3932  246
3982 2523 2524  246
1950 3966 1949  246
513 3951 2580  246
2580 3951 3923  246
3962 2529 3918  246
2529 3962 2528  246
2530 3983 3918  246
2527 3962 3915  246
377 379 378  246
2532 3983 2531  246
3983 2530 2531  246
2534 380 379  246
385 383 382  246
377 3938 379  246
375 374 376  246
2533 3938 2532  246
382 387 385  246
381 380 382  246
2533 2534 379  246
380 2534 2535  246
380 387 382  246
377 376 374  246
373 372 374  246
3983 2532 3938  246
2530 3918 2529  246
3938 377 374  246
3962 2527 2528  246
363 3988 3965  246
2527 3915 2526  246
364 3919 3918  246
369 367 366  246
371 369 364  246
361 363 362  246
360 3969 361  246
367 369 368  246
365 364 366  246
364 369 366  246
1961 3972 3964  246
3929 1964 358  246
3929 3964 3946  246
3969 360 359  246
3946 3969 3920  246
3972 3988 3946  246
2537 387 2536  246
387 2535 2536  246
411 3931 3917  246
2080 2081 3910  246
3911 2552 2553  246
2553 2554 3911  246
1950 1951 3912  246
3912 513 2521  246
2075 2074 3913  246
3950 3986 3971  246
2546 2547 3914  246
3987 2085 2086  246
3988 3984 3965  246
3915 2525 2526  246
403 3924 404  246
403 396 3916  246
3917 2094 2093  246
2093 411 3917  246
371 3983 372  246
371 364 3918  246
3919 364 363  246
3966 3982 3970  246
3920 1965 1964  246
1964 3929 3920  246
2087 3967 2086  246
3986 3950 406  246
1942 1941 3922  246
3968 3985 3944  246
2578 2579 3923  246
3951 513 3912  246
3977 3921 3957  246
3924 403 3916  246
3925 413 2100  246
2100 3952 3925  246
1952 1953 3926  246
3923 3934 2577  246
2087 2088 3927  246
3927 3957 3921  246
412 3979 2097  246
3928 3936 309  246
3929 358 1963  246
1963 3964 3929  246
2084 3956 2083  246
2084 2085 3930  246
3928 3917 3931  246
3931 2080 3910  246
357 3972 1960  246
357 1947 3932  246
3933 336 334  246
3933 2568 2569  246
3934 3923 3926  246
3973 3949 3959  246
3959 3991 3973  246
3935 352 350  246
3936 3928 3931  246
3953 2555 2556  246
3911 3963 3956  246
3937 2554 2555  246
3938 2533 379  246
3938 374 372  246
349 342 3939  246
3939 2571 2572  246
3940 312 310  246
2559 3975 2558  246
3941 2095 3917  246
3917 3928 3941  246
2562 3943 2561  246
3942 2563 325  246
3943 317 3940  246
3943 2560 2561  246
3993 3944 3985  246
1940 3981 3944  246
3945 3977 3924  246
3945 2543 2544  246
3946 3920 3929  246
3972 3946 3964  246
3937 3910 3947  246
3947 2081 2082  246
1955 356 3948  246
3935 3948 3985  246
3934 3926 3949  246
3949 1953 1954  246
2071 2070 3950  246
3950 407 406  246
3951 1952 3926  246
3926 3923 3951  246
3979 3954 3952  246
3954 308 3925  246
3953 2556 2557  246
3936 3975 3961  246
3925 3952 3954  246
3954 3941 3928  246
3948 3991 3959  246
3974 349 3939  246
3963 3911 3947  246
3956 2084 3930  246
3989 410 2077  246
3977 3945 3921  246
3958 390 388  246
3958 2538 2539  246
3959 1954 1955  246
1955 3948 3959  246
3984 3988 3932  246
3960 1947 1948  246
3940 310 3961  246
3961 309 3936  246
3962 3918 3919  246
3984 3962 3965  246
3963 2082 2083  246
2083 3956 3963  246
3964 1963 1962  246
1962 1961 3964  246
3962 3984 3915  246
3962 3919 3965  246
3966 1950 3912  246
3966 2522 2523  246
3967 2087 3927  246
3967 3921 3914  246
3968 1938 1937  246
3968 353 352  246
3969 359 1967  246
3969 1966 3920  246
3970 1949 3966  246
3915 3982 2525  246
3971 2073 2072  246
3971 2071 3950  246
3972 1961 1960  246
3972 357 3932  246
3955 3991 3974  246
3992 2576 3934  246
3935 350 3974  246
3974 3939 3955  246
3975 3978 3953  246
3975 2557 2558  246
3976 2571 3939  246
3976 342 341  246
3977 406 404  246
404 3924 3977  246
3978 3975 3936  246
3978 3931 3910  246
3979 2098 2097  246
3979 412 3941  246
3921 3945 3980  246
3980 2544 2545  246
3981 1940 1939  246
3981 1938 3968  246
2524 2525 3982  246
3982 3984 3970  246
3983 3938 372  246
3983 371 3918  246
3984 3932 3960  246
3984 3982 3915  246
3944 3993 3922  246
3985 352 3935  246
3913 3971 3986  246
3986 406 3977  246
3987 2549 3930  246
3987 2086 3967  246
3988 3969 3946  246
3988 3972 3932  246
2077 2076 3989  246
3989 3913 3986  246
3990 2539 2540  246
3990 2541 3916  246
3991 3948 3935  246
3935 3974 3991  246
3992 2574 2575  246
3992 3934 3973  246
3993 1944 1943  246
3993 1942 3922  246
2584 2581 2582  247
2584 2582 2583  247
2584 518 2585  247
2581 2584 2585  247
2584 2583 517  247
2582 2581 516  247
2581 2585 515  247
2123 3999 2124  248
4005 4018 4010  248
2124 3999 2125  248
4023 2114 4020  248
4019 3997 3998  248
2601 4016 2600  248
3997 4019 2177  248
3998 3997 3995  248
4019 428 2178  248
428 4019 2607  248
2126 4024 417  248
2116 4023 2117  248
419 420 2122  248
2115 4023 2116  248
417 418 2126  248
4007 4023 4020  248
3994 4009 4001  248
3996 2602 2603  248
4016 3996 4011  248
2599 4016 4000  248
3996 2601 2602  248
2604 3996 2603  248
520 2605 2604  248
4013 4006 4009  248
2599 4000 2598  248
2154 4021 420  248
2597 4004 2596  248
4017 2154 2153  248
4005 3994 4001  248
4021 2154 4017  248
519 4002 2587  248
2587 4008 2586  248
4002 519 2588  248
4002 2588 2589  248
2593 3994 4005  248
2113 4020 2114  248
2593 4005 2592  248
2150 4012 2151  248
4022 4014 4003  248
4004 4009 3994  248
417 4020 2113  248
3999 2123 4006  248
2122 4006 2123  248
422 2586 2150  248
2152 4017 2153  248
4012 4018 4017  248
3997 2177 416  248
3997 2118 4023  248
3994 2594 2595  248
2595 4004 3994  248
2605 4015 3996  248
4020 4014 4007  248
3996 2604 2605  248
3995 4015 3998  248
2118 416 415  248
3995 4023 4007  248
4015 4011 3996  248
2606 2607 3998  248
2125 4024 2126  248
4009 4021 4001  248
4000 2597 2598  248
4022 4016 4011  248
4010 2589 2590  248
3994 2593 2594  248
2589 4010 4002  248
4018 4012 4008  248
4000 4004 2597  248
4003 4014 4013  248
4004 2595 2596  248
4004 4000 4003  248
4010 2590 2591  248
2591 2592 4005  248
4006 2122 420  248
4021 4009 4006  248
4011 4015 3995  248
4020 417 4024  248
4012 2150 2586  248
4008 2587 4002  248
4009 4004 4003  248
4006 4013 3999  248
4008 4002 4010  248
4010 2591 4005  248
3996 4016 2601  248
4011 3995 4007  248
2152 2151 4012  248
4012 2586 4008  248
4009 4003 4013  248
4024 4013 4014  248
4014 4022 4007  248
4024 2125 3999  248
4015 2605 2606  248
2606 3998 4015  248
4016 4022 4000  248
4016 2599 2600  248
4017 2152 4012  248
4018 4005 4001  248
4008 4010 4018  248
4018 4001 4017  248
3998 2607 4019  248
4019 2178 2177  248
2114 4023 2115  248
4014 4020 4024  248
4006 420 4021  248
4021 4017 4001  248
4003 4000 4022  248
4022 4011 4007  248
4023 3995 3997  248
4023 2118 2117  248
2118 3997 416  248
4013 4024 3999  248
2169 4029 2170  249
2141 4041 2586  249
2617 4026 2616  249
2141 2586 422  249
2161 421 2155  249
2161 2155 423  249
421 2161 4052  249
4031 2139 2138  249
2587 4051 4037  249
4050 4038 4049  249
2621 4033 2620  249
2621 4047 4033  249
2619 4033 4032  249
2624 4037 2623  249
2622 4047 2621  249
519 4037 2624  249
2619 4032 2618  249
4028 4039 4033  249
2159 4045 2160  249
4026 4049 4034  249
2617 4032 4026  249
4029 2168 4053  249
4027 4048 4029  249
4053 2168 2167  249
4025 4043 4027  249
4035 2157 425  249
2170 4029 425  249
2606 4042 2607  249
4036 4044 4043  249
2608 2605 520  249
2608 4044 2605  249
4040 4046 4030  249
4031 4050 4039  249
424 425 2157  249
4042 4036 4025  249
2615 4046 2614  249
4034 4049 4038  249
2157 4035 2158  249
2166 4053 2167  249
2612 4040 2611  249
2613 4040 2612  249
4053 4042 4025  249
426 427 2166  249
2139 4041 2140  249
4041 4031 4028  249
428 2607 2179  249
2179 4042 2180  249
4042 4053 427  249
4042 2606 4036  249
2605 4036 2606  249
2615 2616 4026  249
4045 4035 4038  249
2168 4029 2169  249
2611 4040 2610  249
4028 4051 4041  249
4031 4041 2139  249
4027 4053 4025  249
4048 4027 4030  249
4040 2613 4046  249
4046 4034 4030  249
4031 2138 2137  249
2137 421 4031  249
4032 2617 2618  249
4033 4039 4032  249
4033 2619 2620  249
2623 4047 2622  249
2158 4045 2159  249
4034 4046 4026  249
4035 425 4029  249
4048 4038 4035  249
4036 2605 4044  249
4030 4043 4040  249
4047 2623 4037  249
4037 519 2587  249
4045 2158 4035  249
4038 4048 4034  249
4049 4026 4032  249
4039 4028 4031  249
4043 4025 4036  249
2610 4044 2609  249
4051 4047 4037  249
4041 2141 2140  249
4042 427 2180  249
4042 2179 2607  249
4044 2610 4040  249
4043 4030 4027  249
4044 2608 2609  249
4044 4040 4043  249
4050 4049 4039  249
2160 4052 2161  249
4046 2613 2614  249
4046 2615 4026  249
4047 4051 4028  249
4028 4033 4047  249
4035 4029 4048  249
4048 4030 4034  249
4032 4039 4049  249
4038 4052 4045  249
4050 4031 421  249
4052 4038 4050  249
4051 2587 2586  249
2586 4041 4051  249
4052 2160 4045  249
4052 4050 421  249
427 4053 2166  249
4053 4027 4029  249
4078 2645 4071  250
4074 4057 4067  250
2647 4071 2646  250
4055 2634 2635  250
4066 2196 2195  250
2651 4075 4054  250
4070 2637 2638  250
4066 2197 2196  250
2650 4061 2649  250
2653 4075 2652  250
4075 4076 4072  250
2194 4076 4066  250
4072 4073 4054  250
2628 4067 4058  250
4055 2635 2636  250
4055 4074 4067  250
2197 4066 2653  250
2641 4079 2640  250
2646 4071 2645  250
2647 522 2648  250
2644 4078 2643  250
2653 430 2197  250
2634 4060 2633  250
4079 2642 4078  250
4060 2634 4055  250
4055 2636 2637  250
2631 4060 2630  250
2645 4078 2644  250
4068 4057 4064  250
2642 4079 2641  250
4060 2632 2633  250
2627 4080 2626  250
2630 521 2631  250
4060 2631 2632  250
4061 4073 4063  250
4080 4081 4056  250
4069 4065 4059  250
4062 2184 2183  250
2189 4069 2190  250
4076 2194 2193  250
2186 4065 2187  250
4069 2189 4065  250
2185 4056 2186  250
2184 4056 2185  250
2182 4062 2183  250
2184 4062 4056  250
429 2625 2181  250
2181 4062 2182  250
4054 2650 2651  250
4064 4073 4068  250
4057 4080 4058  250
2637 4070 4055  250
2187 4065 2188  250
2626 4080 4062  250
4081 4080 4057  250
4067 4057 4058  250
2627 2628 4058  250
4057 4074 4064  250
2190 4069 2191  250
4065 4081 4059  250
4067 2628 2629  250
2629 2630 4060  250
2649 4071 2648  250
4061 2650 4054  250
4062 2181 2625  250
2625 2626 4062  250
2639 4079 4070  250
4061 4071 2649  250
4077 4079 4078  250
4068 4081 4057  250
4065 2189 2188  250
4065 2186 4056  250
4075 4072 4054  250
4066 2195 2194  250
4067 2629 4060  250
4060 4055 4067  250
4073 4072 4068  250
4068 4072 4059  250
2192 4076 2193  250
2192 2191 4069  250
4070 2638 2639  250
4077 4073 4064  250
4071 2647 2648  250
4071 4061 4063  250
4076 4075 4066  250
4069 4059 4072  250
4073 4077 4063  250
4073 4061 4054  250
4074 4055 4070  250
4070 4064 4074  250
4075 2651 2652  250
4075 2653 4066  250
4076 2192 4069  250
4069 4072 4076  250
4064 4070 4077  250
4077 4078 4063  250
2642 2643 4078  250
4078 4071 4063  250
4079 4077 4070  250
4079 2639 2640  250
4056 4062 4080  250
4080 2627 4058  250
4081 4068 4059  250
4081 4065 4056  250
4095 2667 2668  251
2650 4086 2651  251
4112 2214 2213  251
4102 2625 4112  251
4105 4097 4110  251
429 2214 2625  251
2214 4112 2625  251
4093 4111 4102  251
2625 4102 2626  251
4099 4089 4103  251
4112 2213 2212  251
2210 4098 2211  251
2665 4099 2664  251
4104 4083 4099  251
4082 2657 2658  251
4084 4104 4095  251
2669 4095 2668  251
2670 4095 2669  251
2670 521 2630  251
4082 2656 2657  251
2665 4104 4099  251
4108 2659 2660  251
2662 4103 2661  251
2667 4104 2666  251
2650 4106 4086  251
4107 4091 4092  251
4094 4096 4088  251
4082 2658 2659  251
2663 4103 2662  251
2649 4109 4106  251
2654 2648 522  251
2656 4109 2655  251
2654 4109 2648  251
4109 2654 2655  251
2203 4090 2204  251
4085 2198 2653  251
4090 2206 2205  251
2651 4105 2652  251
2206 4094 2207  251
2203 4101 4090  251
4098 2209 4094  251
4111 4093 4087  251
4094 2209 2208  251
2201 4101 2202  251
2199 4085 2200  251
2198 4085 2199  251
2200 4085 2201  251
2653 2198 430  251
2659 4108 4082  251
4108 4089 4100  251
2629 4087 4084  251
4089 4092 4091  251
2630 4084 4095  251
4084 4087 4083  251
4085 2653 2652  251
2652 4105 4085  251
4106 4097 4086  251
4097 4105 4086  251
4087 2629 2628  251
2628 4111 4087  251
4083 4093 4092  251
2209 4098 2210  251
4097 4106 4100  251
4083 4104 4084  251
4090 2205 2204  251
4101 2203 2202  251
4100 4091 4097  251
4107 4110 4091  251
4092 4089 4083  251
4093 4107 4092  251
4093 4083 4087  251
4102 4098 4088  251
4094 2208 2207  251
4094 2206 4090  251
4095 2670 2630  251
4084 2630 2629  251
4096 4094 4090  251
4091 4110 4097  251
4101 4110 4096  251
4091 4100 4089  251
2211 4112 2212  251
4098 4094 4088  251
4083 4089 4099  251
2664 4103 2663  251
4082 4106 4109  251
4089 4108 4103  251
4096 4090 4101  251
4101 2201 4085  251
4088 4093 4102  251
2626 4111 2627  251
2661 4108 2660  251
4103 2664 4099  251
4104 2665 2666  251
4104 2667 4095  251
4101 4085 4105  251
4105 2651 4086  251
4106 2650 2649  251
4106 4082 4100  251
4107 4093 4088  251
4088 4096 4107  251
4100 4082 4108  251
4108 2661 4103  251
4109 2649 2648  251
4109 2656 4082  251
4110 4107 4096  251
4110 4101 4105  251
4111 2628 2627  251
4111 2626 4102  251
4112 2211 4098  251
4098 4102 4112  251
4115 4132 4121  252
4135 2225 2224  252
2701 2230 4126  252
4128 4134 4137  252
433 2231 2701  252
4118 4126 4123  252
2230 2701 2231  252
4126 4118 2700  252
2699 4118 4117  252
4118 2699 2700  252
4123 2228 2227  252
4126 2230 2229  252
4122 4124 4115  252
4128 2689 2690  252
2672 4141 2671  252
4132 4135 4121  252
4125 2684 2685  252
4131 4140 4119  252
4136 2692 2693  252
2691 4128 2690  252
4136 2691 2692  252
4129 2686 2687  252
2691 4136 4128  252
2693 2695 4136  252
2695 2694 524  252
4131 4121 4130  252
4129 2689 4128  252
2689 4129 2688  252
4138 4127 4139  252
2683 4127 2682  252
2676 4138 2675  252
2675 4138 4120  252
4116 2680 2681  252
4116 2679 2680  252
2677 2679 4116  252
2679 2677 2678  252
2677 523 2678  252
2677 4116 2676  252
2684 4127 2683  252
2673 4119 2672  252
4123 2227 2226  252
4130 2222 2221  252
4123 4132 4118  252
2223 4135 2224  252
4140 2221 2220  252
4141 2218 2217  252
2215 2671 4141  252
2671 2215 432  252
2218 4140 2219  252
2215 4141 2216  252
4113 2674 4120  252
4135 2226 2225  252
2686 4129 4125  252
4134 4136 2696  252
2675 4120 2674  252
4129 4137 4133  252
2681 4127 4116  252
4127 4138 4116  252
4117 2697 2698  252
2698 2699 4117  252
4114 4117 4118  252
2228 4126 2229  252
2218 4141 4140  252
4119 2673 4113  252
2674 4113 2673  252
4114 4137 4134  252
2223 4130 4135  252
4121 4131 4122  252
4115 4121 4122  252
4122 4113 4120  252
2226 4135 4123  252
4135 4132 4123  252
4124 4122 4120  252
4139 4120 4138  252
4124 4133 4115  252
4125 2685 2686  252
2700 2701 4126  252
4126 2228 4123  252
4127 2681 2682  252
4127 2684 4125  252
4136 4134 4128  252
4114 4134 4117  252
4115 4137 4114  252
4129 2687 2688  252
2221 4140 4130  252
4140 4141 4119  252
4131 4119 4113  252
4113 4122 4131  252
4132 4115 4114  252
4114 4118 4132  252
4133 4139 4125  252
4125 4129 4133  252
4134 2696 2697  252
2697 4117 4134  252
4130 2223 2222  252
4130 4121 4135  252
2695 2693 2694  252
2695 2696 4136  252
4137 4115 4133  252
4137 4129 4128  252
4120 4139 4124  252
4138 2676 4116  252
4127 4125 4139  252
4139 4133 4124  252
4140 4131 4130  252
4140 2220 2219  252
4141 2672 4119  252
4141 2217 2216  252
4152 4169 4167  253
4152 2242 2241  253
2671 4142 2672  253
4156 4148 4159  253
4152 2243 2242  253
2248 4142 2671  253
4142 2248 2247  253
4165 2676 2675  253
4142 2246 2245  253
4149 2244 2243  253
4142 2247 2246  253
2245 4149 4142  253
4154 4147 4151  253
2699 4164 4158  253
2711 4143 2710  253
4143 4151 4147  253
2713 4151 4143  253
4151 2713 2714  253
2718 4154 2717  253
4151 2714 2715  253
2716 4154 4151  253
2718 523 2677  253
4154 2716 2717  253
2713 4143 2712  253
2709 4146 2708  253
2705 4161 4160  253
2712 4143 2711  253
4144 4153 4145  253
2707 4161 2706  253
4153 4161 4145  253
2705 4160 2704  253
2697 4164 2698  253
4164 2699 2698  253
2702 4160 2695  253
2702 2695 524  253
2696 4160 4153  253
4160 2702 2703  253
2248 2671 432  253
2237 4170 4169  253
4169 2240 2239  253
4152 2241 2240  253
4163 4148 4162  253
4143 4168 4146  253
2232 4155 2233  253
2234 4155 2235  253
2232 433 2701  253
4167 4170 4157  253
2233 4155 2234  253
2235 4170 2236  253
4155 2232 2701  253
2672 4156 2673  253
4149 2245 2244  253
2710 4146 2709  253
2676 4165 4154  253
2700 4158 4155  253
4145 4166 4144  253
4161 2705 2706  253
4168 4166 4145  253
4146 2707 2708  253
4146 2710 4143  253
4148 4165 4159  253
4157 4166 4163  253
4148 4163 4150  253
4149 4162 4156  253
4149 4156 4142  253
2243 4152 4149  253
4147 4168 4143  253
4147 4148 4150  253
2715 2716 4151  253
4154 4165 4147  253
2240 4169 4152  253
4162 4167 4163  253
2697 2696 4153  253
4161 4153 4160  253
4154 2718 2677  253
2677 2676 4154  253
4155 2701 2700  253
4158 4170 4155  253
2673 4159 2674  253
4156 2672 4142  253
4170 2237 2236  253
4158 4164 4144  253
4158 2700 2699  253
4158 4144 4157  253
2674 4165 2675  253
4159 2673 4156  253
4160 2696 2695  253
4160 2703 2704  253
4161 2707 4146  253
4146 4145 4161  253
4148 4156 4162  253
4162 4149 4152  253
4157 4163 4167  253
4150 4163 4166  253
4164 2697 4153  253
4153 4144 4164  253
4165 2674 4159  253
4165 4148 4147  253
4166 4157 4144  253
4166 4168 4150  253
4167 4162 4152  253
4170 4167 4169  253
4145 4146 4168  253
4168 4147 4150  253
4169 2239 2238  253
2238 2237 4169  253
4170 2235 4155  253
4170 4158 4157  253
4183 2745 2746  254
4181 4184 4182  254
2749 2264 4193  254
2723 4184 2722  254
436 2265 2749  254
2748 4194 2747  254
2264 2749 2265  254
4193 2264 2263  254
4194 2748 4193  254
2747 4194 4183  254
4178 2262 2261  254
2262 4193 2263  254
4175 2256 2255  254
2734 4176 4173  254
2252 4198 2253  254
4191 2259 2258  254
4197 2739 2740  254
4197 2740 2741  254
2734 4173 2733  254
4196 2737 2738  254
4177 4174 4196  254
4176 2734 2735  254
2739 4197 4196  254
2741 2743 4197  254
2743 2742 526  254
2732 4186 2731  254
4176 4179 4173  254
2737 4196 4176  254
2731 4186 2730  254
4184 4185 4182  254
2729 4186 4171  254
4181 2722 4184  254
4171 2728 2729  254
4171 2727 2728  254
2725 2727 4171  254
2727 2725 2726  254
2725 525 2726  254
2725 4171 2724  254
4197 4177 4196  254
4192 4182 4185  254
2260 4191 4178  254
4198 2255 2254  254
2257 4191 2258  254
2257 4175 4191  254
4198 4199 4189  254
4199 2252 2251  254
2249 2719 4199  254
2719 2249 435  254
4188 4198 4189  254
2249 4199 2250  254
2724 4190 2723  254
4186 4190 4171  254
2745 4183 4177  254
4191 2260 2259  254
4173 2732 2733  254
4179 4176 4174  254
2737 4176 2736  254
4177 2744 2745  254
2255 4198 4175  254
2720 4199 2719  254
4176 2735 2736  254
4176 4196 4174  254
4177 4183 4172  254
4172 4174 4177  254
2261 2260 4178  254
4192 4195 4187  254
4180 4186 4173  254
4174 4192 4179  254
2723 4190 4184  254
4180 4173 4179  254
4180 4184 4190  254
2721 4189 2720  254
4178 4195 4194  254
4188 4187 4175  254
2746 2747 4183  254
4195 4191 4187  254
2722 4181 2721  254
4184 4180 4185  254
4180 4179 4185  254
4182 4192 4187  254
4186 2729 2730  254
4186 2732 4173  254
4191 4195 4178  254
4187 4188 4182  254
2252 4199 4198  254
4181 4182 4188  254
4189 2721 4181  254
4181 4188 4189  254
4190 2724 4171  254
4190 4186 4180  254
4175 2257 2256  254
4175 4187 4191  254
4192 4185 4179  254
4192 4174 4172  254
2748 2749 4193  254
4193 2262 4178  254
4193 4178 4194  254
4194 4172 4183  254
4195 4192 4172  254
4172 4194 4195  254
4196 2738 2739  254
4177 4197 2744  254
2743 2741 2742  254
2743 2744 4197  254
4198 4188 4175  254
4198 2254 2253  254
4199 2720 4189  254
4199 2251 2250  254
2274 4222 2275  255
2277 4222 4211  255
4200 4225 4211  255
4201 4219 4213  255
4220 4227 4224  255
2282 4225 2719  255
4225 2282 2281  255
2720 4200 2721  255
4225 2281 2280  255
4208 4222 4203  255
4225 4200 2720  255
2279 4225 2280  255
2724 4227 4206  255
2758 4202 2757  255
4227 4220 4214  255
4212 4226 4214  255
2761 4216 2760  255
2763 4228 2762  255
2766 4206 2765  255
2764 4206 2763  255
2765 4206 2764  255
2766 525 2725  255
4206 2766 2725  255
4216 4226 4202  255
2758 4216 4202  255
2754 4207 2753  255
4216 2758 2759  255
2746 2745 4205  255
2755 4207 2754  255
4215 4204 4205  255
2745 4215 4205  255
4217 4207 4215  255
4204 4213 4205  255
2750 4217 2743  255
2750 2743 526  255
4215 2743 4217  255
4217 2750 2751  255
2282 2719 435  255
4222 2276 2275  255
2272 4218 2273  255
4218 4219 4203  255
4227 2724 2723  255
2721 4224 2722  255
2266 4221 2267  255
2269 4221 4209  255
2266 436 2749  255
4209 2272 2271  255
2267 4221 2268  255
2269 4209 2270  255
4221 2269 2268  255
4203 4212 4208  255
2748 4221 2749  255
4219 4218 4209  255
4212 4203 4201  255
2755 4202 4207  255
2756 2757 4202  255
4222 2277 2276  255
4219 4209 4210  255
4202 2755 2756  255
4226 4212 4201  255
4204 4215 4207  255
2746 4223 2747  255
2761 4228 4216  255
4206 2725 2724  255
4202 4204 4207  255
2753 4217 2752  255
2277 4211 2278  255
4222 2274 4218  255
4209 2271 2270  255
4221 2266 2749  255
4210 2748 2747  255
4223 4213 4210  255
4208 4200 4211  255
4211 2279 2278  255
4226 4201 4204  255
4208 4220 4200  255
4213 4223 4205  255
4213 4204 4201  255
4228 4214 4216  255
4220 4208 4212  255
4215 2745 2744  255
4217 2753 4207  255
4216 2759 2760  255
4228 4227 4214  255
2743 4215 2744  255
4217 2751 2752  255
4218 2274 2273  255
4218 2272 4209  255
4210 4213 4219  255
4219 4201 4203  255
4212 4214 4220  255
4200 4220 4224  255
4221 2748 4210  255
4210 4209 4221  255
4218 4203 4222  255
4222 4208 4211  255
4210 2747 4223  255
4223 2746 4205  255
4224 2723 2722  255
4224 2721 4200  255
2720 2719 4225  255
4225 2279 4211  255
4204 4202 4226  255
4226 4216 4214  255
4227 4228 4206  255
4227 2723 4224  255
4228 2761 2762  255
4228 2763 4206  255
2786 4232 2785  256
2290 4230 2291  256
2784 4252 2783  256
2788 4238 2787  256
4230 4241 4236  256
2796 4229 2795  256
4229 2299 2298  256
4229 2297 2296  256
2299 4229 2796  256
4229 2298 2297  256
4250 4243 4234  256
2296 4248 4229  256
4248 4249 4243  256
2772 4239 2771  256
4247 2779 2780  256
2286 4245 2287  256
2796 439 2299  256
528 2790 2789  256
2783 4252 2782  256
2786 4238 4232  256
2789 4238 2788  256
2781 4252 4247  256
4233 4252 4232  256
4235 4249 4241  256
4238 2786 2787  256
2779 4251 2778  256
4235 4233 4234  256
4251 2776 2777  256
2776 4251 4239  256
4251 4231 4240  256
4231 4251 4247  256
2791 4253 4238  256
4239 2774 2775  256
2773 4239 2772  256
4233 4235 4231  256
2772 527 2773  256
4239 2773 2774  256
2292 4236 2293  256
2288 4230 2289  256
4233 4253 4234  256
4245 2286 4244  256
2293 4236 2294  256
2289 4230 2290  256
2288 4245 4230  256
2284 4244 2285  256
4245 2288 2287  256
438 2767 2283  256
2283 4244 2284  256
2285 4244 2286  256
2795 4243 2794  256
4248 2296 2295  256
2291 4236 2292  256
2768 4244 2767  256
4242 4254 4240  256
2778 4251 2777  256
4232 2784 2785  256
4253 4233 4232  256
4252 2781 2782  256
4238 4253 4232  256
4250 2794 4243  256
4249 4236 4241  256
4237 4235 4241  256
4242 4235 4237  256
2294 4248 2295  256
4236 2291 4230  256
4246 4244 2768  256
4235 4242 4231  256
4238 2789 2790  256
2790 2791 4238  256
2771 4240 2770  256
4239 2775 2776  256
2769 4254 4246  256
4240 2771 4239  256
4236 4249 4248  256
4241 4230 4237  256
4254 4242 4246  256
4240 4231 4242  256
2794 4250 2793  256
4243 2795 4229  256
4244 2283 2767  256
4246 4245 4244  256
4245 4246 4237  256
4237 4230 4245  256
2768 2769 4246  256
4246 4242 4237  256
2780 2781 4247  256
4247 4233 4231  256
4243 4229 4248  256
4248 2294 4236  256
4249 4235 4234  256
4234 4243 4249  256
4253 2791 2792  256
2792 2793 4250  256
4240 4239 4251  256
4251 2779 4247  256
4252 2784 4232  256
4252 4233 4247  256
4253 2792 4250  256
4250 4234 4253  256
4254 2769 2770  256
2770 4240 4254  256
4266 2810 2811  257
4255 2315 2314  257
2805 4272 2804  257
4260 2808 2809  257
2316 4255 2767  257
4255 2314 2313  257
2308 4271 4265  257
4255 2316 2315  257
2771 4275 4266  257
2767 4255 2768  257
2313 4279 4255  257
4274 4277 4275  257
4259 4279 4265  257
4265 2310 2309  257
4257 4271 4264  257
2316 2767 438  257
2810 4266 4260  257
2812 4266 2811  257
2813 4266 2812  257
2791 4273 2792  257
2772 2813 527  257
4268 4276 4256  257
4258 4277 4263  257
4258 2805 2806  257
2808 4260 4258  257
4282 2800 4269  257
4263 4262 4256  257
2792 4261 2793  257
4273 4268 4261  257
4263 4277 4262  257
4274 4278 4262  257
4282 2798 2799  257
4282 4273 2791  257
2797 4282 2790  257
2790 528 2797  257
4282 2797 2798  257
4280 2795 2794  257
2802 4272 4269  257
2305 4271 2306  257
4267 2303 2302  257
2310 4279 2311  257
4271 4257 4265  257
2311 4279 2312  257
4264 2305 2304  257
2306 4271 2307  257
2301 4267 2302  257
2303 4267 4264  257
2300 4267 2301  257
2796 2300 439  257
2769 4281 2770  257
4279 4259 4255  257
2795 4280 4267  257
4272 2802 2803  257
4280 4264 4267  257
4276 4268 4273  257
4258 2806 2807  257
2807 2808 4258  257
4255 4270 2768  257
4278 4256 4262  257
4260 2809 2810  257
4277 4258 4260  257
4268 4280 4261  257
4261 2794 2793  257
4259 4274 4270  257
4256 4278 4257  257
2802 4269 2801  257
4272 4276 4269  257
4264 2304 2303  257
4264 4280 4257  257
4265 4278 4259  257
4265 2309 2308  257
4266 2813 2772  257
2772 2771 4266  257
4267 2300 2796  257
2796 2795 4267  257
4256 4276 4263  257
4256 4257 4268  257
4269 2800 2801  257
4263 4272 4258  257
2769 2768 4270  257
4270 4255 4259  257
4271 2308 2307  257
4271 2305 4264  257
4272 2803 2804  257
4272 2805 4258  257
4261 2792 4273  257
4273 4282 4269  257
4275 4260 4266  257
4281 4275 2770  257
4275 2771 2770  257
4275 4281 4274  257
4273 4269 4276  257
4276 4272 4263  257
4260 4275 4277  257
4277 4274 4262  257
4278 4274 4259  257
4278 4265 4257  257
4279 2313 2312  257
4279 2310 4265  257
4280 2794 4261  257
4280 4268 4257  257
4281 2769 4270  257
4270 4274 4281  257
2791 2790 4282  257
2800 4282 2799  257
2833 4286 2832  258
2324 4284 2325  258
2831 4306 2830  258
2835 4292 2834  258
4284 4295 4290  258
2843 4283 2842  258
4283 2333 2332  258
4283 2331 2330  258
2333 4283 2843  258
4283 2332 2331  258
4304 4297 4288  258
2330 4302 4283  258
4302 4303 4297  258
2819 4293 2818  258
4301 2826 2827  258
2320 4299 2321  258
2843 442 2333  258
530 2837 2836  258
2830 4306 2829  258
2833 4292 4286  258
2836 4292 2835  258
2828 4306 4301  258
4287 4306 4286  258
4289 4303 4295  258
4292 2833 2834  258
2826 4305 2825  258
4289 4287 4288  258
4305 2823 2824  258
2823 4305 4293  258
4305 4285 4294  258
4285 4305 4301  258
2838 4307 4292  258
4293 2821 2822  258
2820 4293 2819  258
4287 4289 4285  258
2819 529 2820  258
4293 2820 2821  258
2326 4290 2327  258
2322 4284 2323  258
4287 4307 4288  258
4299 2320 4298  258
2327 4290 2328  258
2323 4284 2324  258
2322 4299 4284  258
2318 4298 2319  258
4299 2322 2321  258
441 2814 2317  258
2317 4298 2318  258
2319 4298 2320  258
2842 4297 2841  258
4302 2330 2329  258
2325 4290 2326  258
2815 4298 2814  258
4296 4308 4294  258
2825 4305 2824  258
4286 2831 2832  258
4307 4287 4286  258
4306 2828 2829  258
4292 4307 4286  258
4304 2841 4297  258
4303 4290 4295  258
4291 4289 4295  258
4296 4289 4291  258
2328 4302 2329  258
4290 2325 4284  258
4300 4298 2815  258
4289 4296 4285  258
4292 2836 2837  258
2837 2838 4292  258
2818 4294 2817  258
4293 2822 2823  258
2816 4308 4300  258
4294 2818 4293  258
4290 4303 4302  258
4295 4284 4291  258
4308 4296 4300  258
4294 4285 4296  258
2841 4304 2840  258
4297 2842 4283  258
4298 2317 2814  258
4300 4299 4298  258
4299 4300 4291  258
4291 4284 4299  258
2815 2816 4300  258
4300 4296 4291  258
2827 2828 4301  258
4301 4287 4285  258
4297 4283 4302  258
4302 2328 4290  258
4303 4289 4288  258
4288 4297 4303  258
4307 2838 2839  258
2839 2840 4304  258
4294 4293 4305  258
4305 2826 4301  258
4306 2831 4286  258
4306 4287 4301  258
4307 2839 4304  258
4304 4288 4307  258
4308 2816 2817  258
2817 4294 4308  258
2857 4330 4323  259
4325 2349 2348  259
4310 4321 4312  259
2857 4323 2856  259
2814 2349 4325  259
4335 4317 4334  259
2342 4318 4317  259
2349 2814 2350  259
4312 4329 4319  259
2815 4332 2816  259
2346 4324 2347  259
4329 4312 4316  259
4329 4333 4332  259
4330 2818 4322  259
2344 4317 2345  259
2350 2814 441  259
4322 4323 4330  259
2859 4330 2858  259
2860 4330 2859  259
4328 2847 2848  259
2819 2860 529  259
4327 4310 4328  259
4336 4327 2852  259
2852 4327 2851  259
4323 2855 2856  259
4309 2846 2847  259
2849 4328 2848  259
4315 4331 4314  259
2847 4328 4309  259
4336 2852 2853  259
2851 4327 2850  259
4309 2845 2846  259
2837 4309 2838  259
2837 2845 4309  259
2837 530 2844  259
2845 2837 2844  259
2339 4318 2340  259
4321 4310 4327  259
4311 4331 4315  259
2843 2335 2334  259
2342 4317 2343  259
4318 2342 2341  259
2345 4324 2346  259
2339 4326 4318  259
4326 2339 2338  259
2335 4313 2336  259
2336 4313 2337  259
2335 2843 4313  259
2843 2334 442  259
2841 4331 4320  259
2838 4314 2839  259
2343 4317 2344  259
2839 4331 2840  259
2842 4320 4313  259
4331 4311 4320  259
4312 4315 4310  259
4333 4316 4322  259
2337 4326 2338  259
4313 2843 2842  259
4314 2838 4309  259
4314 4328 4310  259
4314 4310 4315  259
4315 4319 4311  259
2855 4336 2854  259
4330 2857 2858  259
4318 2341 2340  259
4334 4326 4311  259
4326 4334 4318  259
4317 4335 4324  259
4319 4315 4312  259
4324 4335 4332  259
4320 4326 4313  259
4320 2842 2841  259
4323 4322 4316  259
4316 4312 4321  259
2818 2817 4322  259
4316 4333 4329  259
4316 4321 4323  259
2855 4323 4336  259
2347 4325 2348  259
4324 2345 4317  259
2815 2814 4325  259
4325 2347 4324  259
4326 2337 4313  259
4326 4320 4311  259
4327 2849 2850  259
4327 4336 4321  259
4328 4314 4309  259
4328 2849 4327  259
4324 4332 4325  259
4319 4335 4334  259
4330 2860 2819  259
2818 4330 2819  259
4331 2841 2840  259
4331 2839 4314  259
2816 4333 2817  259
4332 2815 4325  259
4322 2817 4333  259
4333 2816 4332  259
4317 4318 4334  259
4334 4311 4319  259
4335 4319 4329  259
4329 4332 4335  259
4323 4321 4336  259
4336 2853 2854  259
2864 4351 4344  260
2883 4348 2882  260
4339 4338 4343  260
4361 4358 4343  260
4339 4362 4341  260
4354 2366 2365  260
4354 2367 2366  260
2889 445 2367  260
2887 4361 2886  260
4351 4352 4344  260
2888 4359 2887  260
2364 4354 2365  260
2367 4354 2889  260
2883 532 2884  260
2875 4341 2874  260
4351 2864 2865  260
2880 4338 2879  260
2880 4348 4338  260
2882 4348 2881  260
2866 4347 2865  260
2879 4338 2878  260
2877 4346 2876  260
2878 4346 2877  260
2873 4357 2872  260
2872 4357 2871  260
4348 2880 2881  260
4349 4359 4354  260
4348 2883 2884  260
4358 4361 4359  260
2867 4347 2866  260
4347 2868 2869  260
4347 2867 2868  260
2359 4360 2360  260
2867 2866 531  260
4350 4337 4345  260
4340 2351 2861  260
2358 4337 2359  260
2357 4337 2358  260
2362 4349 2363  260
2356 4337 2357  260
2362 4360 4349  260
4360 2362 2361  260
2352 4340 2353  260
2356 4345 4337  260
444 2861 2351  260
2353 4340 2354  260
2351 4340 2352  260
4345 2356 2355  260
2862 4356 4340  260
2874 4341 2873  260
2875 4346 4341  260
2885 4348 2884  260
4351 4362 4352  260
4346 4339 4341  260
2354 4345 2355  260
4340 2861 2862  260
2870 4357 4347  260
4339 4346 4338  260
4360 2361 2360  260
4350 4353 4337  260
4343 2885 2886  260
4342 4358 4355  260
2863 4356 2862  260
2863 2864 4344  260
4345 2354 4340  260
4345 4356 4350  260
4346 2875 2876  260
4346 2878 4338  260
4347 2869 2870  260
4357 4351 4347  260
4348 2885 4343  260
4343 4338 4348  260
4349 2364 2363  260
4353 4350 4342  260
4356 4345 4340  260
4362 4339 4342  260
4351 2865 4347  260
4357 4362 4351  260
4342 4350 4352  260
4352 4356 4344  260
4355 4360 4353  260
4353 4360 4337  260
2888 2889 4354  260
4354 2364 4349  260
4355 4353 4342  260
4358 4342 4339  260
4356 2863 4344  260
4356 4352 4350  260
4357 2870 2871  260
4357 2873 4341  260
4339 4343 4358  260
4358 4359 4355  260
4359 2888 4354  260
4359 4349 4355  260
4360 2359 4337  260
4360 4355 4349  260
4343 2886 4361  260
4361 2887 4359  260
4342 4352 4362  260
4362 4357 4341  260
4375 4381 4371  261
4367 2384 2383  261
4387 4385 4364  261
2384 4367 2861  261
4367 2383 2382  261
2895 4390 4366  261
2384 2861 444  261
4379 2863 2862  261
2861 4367 2862  261
4390 2895 2896  261
4371 4380 4369  261
2381 4368 4367  261
2893 4382 2892  261
4372 4389 2886  261
2899 4364 2898  261
2903 4387 2902  261
2900 4364 2899  261
2906 4377 2905  261
2901 4364 2900  261
4387 4374 4385  261
2905 4377 2904  261
2906 531 2866  261
2901 4387 4364  261
4377 2903 2904  261
4389 4380 2887  261
4371 4369 4370  261
4380 4388 4363  261
2895 4366 2894  261
2376 4378 2377  261
2885 4382 4372  261
2890 2884 532  261
4382 2891 2892  261
2890 4382 2884  261
4382 2890 2891  261
2373 4381 2374  261
4363 2368 2889  261
2376 4381 4378  261
4374 2864 4373  261
4368 4379 4367  261
2373 4388 4381  261
4370 4386 4384  261
4368 2381 2380  261
4378 2379 2378  261
2371 4388 2372  261
2369 4363 2370  261
2368 4363 2369  261
2370 4363 2371  261
2889 2368 445  261
4363 2889 2888  261
2888 4380 4363  261
2898 4390 2897  261
4365 4374 4373  261
2864 4374 2865  261
4368 2380 2379  261
4366 2893 2894  261
4390 4386 4366  261
2863 4379 4373  261
4367 2382 2381  261
4379 4365 4373  261
2379 4378 4368  261
4386 4370 4369  261
4386 4369 4372  261
4383 4370 4384  261
4375 4370 4383  261
4381 2376 2375  261
4388 4371 4381  261
4372 2886 2885  261
4382 2885 2884  261
2864 2863 4373  261
4365 4379 4376  261
4364 4385 4384  261
2865 4377 2866  261
4388 4380 4371  261
4371 4370 4375  261
4376 4378 4375  261
4376 4383 4365  261
4377 2906 2866  261
4377 2865 4374  261
4378 4376 4368  261
4378 2378 2377  261
4379 2862 4367  261
4379 4368 4376  261
4380 2888 2887  261
4380 4389 4369  261
4381 4375 4378  261
4381 2375 2374  261
4382 2893 4366  261
4366 4372 4382  261
4385 4383 4384  261
4383 4376 4375  261
4384 4390 4364  261
4383 4385 4365  261
4374 4387 4377  261
4374 4365 4385  261
4372 4366 4386  261
4386 4390 4384  261
4387 2901 2902  261
4387 2903 4377  261
4388 2373 2372  261
4388 2371 4363  261
2887 2886 4389  261
4389 4372 4369  261
4390 2896 2897  261
4390 2898 4364  261
2926 4404 2925  262
4411 4418 4416  262
2924 4405 2923  262
4420 2926 2927  262
2908 4401 2907  262
2936 4403 2935  262
2400 2936 2401  262
2399 4403 2400  262
2936 2400 4403  262
4403 4399 4391  262
2935 4391 2934  262
4396 2399 2398  262
4396 2398 2397  262
4410 2910 2911  262
2921 4394 2920  262
4401 2388 2387  262
2936 448 2401  262
2930 2928 2929  262
4417 4411 4409  262
2926 4420 4404  262
2928 2930 4420  262
4405 2921 2922  262
2921 4405 4394  262
2918 4406 2917  262
2930 2929 534  262
2931 4420 2930  262
4398 4415 4412  262
2910 4410 4397  262
2917 4406 2916  262
4409 4410 4419  262
4393 4418 4414  262
4404 4415 4413  262
4408 2914 2915  262
2912 2914 4408  262
4399 4402 4400  262
2912 533 2913  262
2914 2912 2913  262
4398 4400 4392  262
2391 4414 2392  262
2934 4391 2933  262
2390 4414 2391  262
4400 4398 4399  262
2393 4414 4402  262
2389 4393 2390  262
2386 4401 2387  262
2388 4393 2389  262
447 2907 2385  262
2385 4401 2386  262
2388 4401 4393  262
2933 4412 2932  262
4396 2395 4402  262
2909 4397 4395  262
2919 4406 2918  262
4395 4393 4401  262
4419 4394 4417  262
2919 2920 4394  262
4392 4415 4398  262
4418 4411 4400  262
4395 2908 2909  262
4396 2397 2396  262
2395 4396 2396  262
4397 2909 2910  262
4408 4419 4410  262
4391 4412 2933  262
4391 4399 4398  262
4399 4403 4396  262
2393 4402 2394  262
4414 4400 4402  262
4411 4417 4392  262
4401 2385 2907  262
4401 2908 4395  262
4402 4399 4396  262
4402 2395 2394  262
4391 2935 4403  262
4403 2399 4396  262
2924 4404 4405  262
4420 2931 4407  262
4405 2922 2923  262
4404 2924 2925  262
2916 4408 2915  262
4406 2919 4394  262
4407 2931 2932  262
4415 4392 4413  262
2911 2912 4408  262
4408 2916 4406  262
4392 4417 4413  262
4397 4416 4395  262
4409 4397 4410  262
4410 2911 4408  262
4392 4400 4411  262
4409 4411 4416  262
4407 2932 4412  262
4412 4391 4398  262
4413 4394 4405  262
4405 4404 4413  262
4414 2393 2392  262
4414 2390 4393  262
4415 4404 4407  262
4407 4412 4415  262
4393 4416 4418  262
4416 4397 4409  262
4394 4419 4406  262
4394 4413 4417  262
4400 4414 4418  262
4416 4393 4395  262
4419 4408 4406  262
4419 4417 4409  262
4420 4407 4404  262
4420 2927 2928  262
4426 2950 2951  263
4436 2417 2416  263
2945 4446 2944  263
2948 4448 2947  263
2907 2417 4436  263
4436 2908 2907  263
2410 4433 4429  263
2417 2907 2418  263
4445 4427 4421  263
4436 4441 2908  263
4428 4440 4422  263
4428 4445 4441  263
4427 4445 4428  263
4429 2412 2411  263
2413 4438 2414  263
2418 2907 447  263
2950 4439 2949  263
2952 4426 2951  263
2953 4426 2952  263
4447 2940 2941  263
2912 2953 533  263
4442 4444 4432  263
4448 2945 2946  263
4427 4422 4437  263
4439 2948 2949  263
2940 4434 2939  263
2942 4447 2941  263
4439 4427 4437  263
4423 4437 4422  263
4426 2911 4421  263
2944 4446 2943  263
4434 2931 2930  263
2931 4434 4431  263
2930 2938 4434  263
2930 534 2937  263
2938 2930 2937  263
4424 4423 4422  263
4446 4448 4437  263
4424 4442 4431  263
2936 2403 2402  263
4430 2405 4425  263
4435 4443 4440  263
4428 4441 4435  263
2405 4430 2406  263
2408 4433 2409  263
2403 4425 2404  263
2404 4425 2405  263
2403 2936 4425  263
2936 2402 448  263
4421 2911 2910  263
4429 2413 2412  263
4424 4431 4423  263
2934 4442 4432  263
2932 4442 2933  263
2940 4447 4434  263
2407 4433 2408  263
2935 4432 4425  263
2406 4430 2407  263
4425 2936 2935  263
4426 2953 2912  263
2911 4426 2912  263
4421 4439 4426  263
4427 4428 4422  263
2415 4438 4436  263
4440 4428 4435  263
2411 2410 4429  263
4440 4444 4424  263
4430 4443 4433  263
4443 4430 4444  263
2932 2931 4431  263
4446 4423 4447  263
4432 4430 4425  263
4432 2935 2934  263
4433 2410 2409  263
4433 2407 4430  263
4434 2938 2939  263
4431 4447 4423  263
2909 4445 2910  263
4438 2415 2414  263
4436 2416 2415  263
4438 4441 4436  263
4448 4446 2945  263
4439 4421 4427  263
4438 2413 4429  263
4429 4435 4438  263
2948 4439 4448  263
4439 2950 4426  263
4444 4440 4443  263
4424 4422 4440  263
2909 2908 4441  263
4441 4438 4435  263
4442 2934 2933  263
4442 2932 4431  263
4443 4435 4429  263
4429 4433 4443  263
4444 4430 4432  263
4444 4442 4424  263
4421 2910 4445  263
4445 2909 4441  263
4437 4423 4446  263
4446 2942 2943  263
4447 4431 4434  263
4447 2942 4446  263
4439 4437 4448  263
4448 2946 2947  263
2958 4464 2957  264
2976 4470 2975  264
2429 4452 4451  264
4454 4471 4457  264
4473 2955 2956  264
4472 2434 2433  264
4472 2435 2434  264
2982 451 2435  264
4451 2432 2431  264
4465 4471 4454  264
2981 4472 4460  264
2432 4472 2433  264
2435 4472 2982  264
2976 536 2977  264
2969 4449 2968  264
4462 2962 2963  264
4458 2971 2972  264
2973 4470 4458  264
2975 4470 2974  264
2959 4469 2958  264
2971 4458 4449  264
2970 4449 2969  264
2971 4449 2970  264
2967 4466 2966  264
4476 4469 4462  264
4470 2973 2974  264
2965 4476 2964  264
4449 4468 4450  264
4468 4471 4450  264
2960 4462 2959  264
4462 2961 2962  264
4462 2960 2961  264
4452 2428 2427  264
2960 2959 535  264
2424 4456 2425  264
4455 4475 4461  264
4452 2429 2428  264
2427 4456 4452  264
4454 4473 4464  264
2425 4456 2426  264
2979 4459 2978  264
2429 4451 2430  264
2420 4475 2421  264
4456 2424 4455  264
450 2954 2419  264
2422 4475 4455  264
2419 4475 2420  264
2422 4455 2423  264
2968 4466 2967  264
4468 4449 4458  264
4455 2424 2423  264
4466 4450 4465  264
4460 4474 2980  264
4451 2431 2430  264
4463 4451 4452  264
4456 2427 2426  264
2979 4474 4459  264
4463 4471 4453  264
2955 4473 4461  264
4465 4454 4464  264
4475 2422 2421  264
4467 4456 4455  264
4456 4467 4457  264
4456 4457 4452  264
4471 4468 4453  264
4451 4463 4460  264
4458 2972 2973  264
4459 4458 4470  264
2978 4470 2977  264
4453 4459 4474  264
4460 2980 2981  264
4451 4460 4472  264
2954 4461 4475  264
4473 4454 4467  264
2963 4476 4462  264
4476 4465 4469  264
4453 4460 4463  264
4463 4452 4457  264
4464 2956 2957  264
2958 4469 4464  264
4465 4464 4469  264
4450 4466 4449  264
4476 2966 4466  264
4466 2968 4449  264
4454 4457 4467  264
4467 4455 4461  264
4468 4458 4459  264
4459 4453 4468  264
4469 2959 4462  264
4465 4476 4466  264
4470 2976 2977  264
4470 2978 4459  264
4471 4463 4457  264
4471 4465 4450  264
4472 2981 2982  264
4472 2432 4451  264
4467 4461 4473  264
4473 2956 4464  264
4474 2979 2980  264
4474 4460 4453  264
4475 2419 2954  264
4461 2954 2955  264
4476 2963 2964  264
2966 4476 2965  264
4497 2994 2995  265
4492 4486 4491  265
4488 2452 2451  265
2450 4488 2451  265
4490 2444 4483  265
450 2452 2954  265
2452 4488 2954  265
4505 4493 2956  265
4488 4505 2955  265
2991 4502 2990  265
4478 2450 2449  265
4478 2449 2448  265
2994 4479 2993  265
2996 4504 4497  265
2999 4504 2998  265
4495 4486 4494  265
4479 4497 4481  265
2998 4504 2997  265
2999 535 2959  265
2986 4491 2985  265
2994 4497 4479  265
2988 4502 4492  265
2993 4479 2992  265
4504 2996 2997  265
2979 4486 4477  265
2979 4477 2980  265
2445 4490 2446  265
4492 2986 2987  265
4500 4499 4485  265
2978 4491 4486  265
2983 2977 536  265
4487 4496 4485  265
2983 4491 2977  265
4491 2983 2984  265
2441 4489 4483  265
4503 2439 2438  265
4483 2443 2442  265
4501 4497 4504  265
4483 2444 2443  265
4489 2441 2440  265
4481 4500 4485  265
4478 2448 2447  265
2956 4493 2957  265
2439 4489 2440  265
2437 4503 2438  265
2436 4503 2437  265
2439 4503 4489  265
2982 2436 451  265
2980 4482 2981  265
4502 2988 2989  265
2447 4490 4478  265
4490 4483 4480  265
4499 4500 4484  265
4479 2991 2992  265
2444 4490 2445  265
2981 4503 2982  265
4494 4502 4496  265
4501 4500 4481  265
4482 2980 4477  265
4499 4498 4487  265
4498 4483 4489  265
4483 2442 2441  265
4478 4505 4488  265
4484 4490 4480  265
4496 4487 4494  265
4481 4496 4479  265
4486 2979 2978  265
2986 4492 4491  265
4487 4498 4495  265
4495 4494 4487  265
2955 2954 4488  265
4488 2450 4478  265
4482 4489 4503  265
4483 4498 4480  265
4490 4484 4478  265
4490 2447 2446  265
4491 2978 2977  265
4491 2984 2985  265
4492 2987 2988  265
4502 4494 4492  265
2957 4501 2958  265
4505 4500 4493  265
4486 4495 4477  265
4486 4492 4494  265
4498 4499 4480  265
4482 4477 4495  265
4496 4502 4479  265
4496 4481 4485  265
2995 2996 4497  265
4497 4501 4481  265
4498 4489 4482  265
4482 4495 4498  265
4487 4485 4499  265
4499 4484 4480  265
4500 4501 4493  265
4500 4505 4484  265
2958 4504 2959  265
4501 2957 4493  265
4502 2989 2990  265
4502 2991 4479  265
4503 2436 2982  265
4503 2981 4482  265
4504 2999 2959  265
4504 2958 4501  265
2956 2955 4505  265
4505 4478 4484  265
3002 516 2581  266
3000 515 538  266
515 3000 2581  266
516 3002 537  266
3002 2581 3001  266
2581 3000 3001  266
3003 2483 3004  267
3005 482 540  267
2483 3003 481  267
482 3005 2483  267
481 3003 539  267
2483 3005 3004  267
2484 541 3006  268
541 2484 483  268
482 3006 540  268
3006 482 2484  268
3007 2485 483  269
2485 3009 484  269
3007 483 541  269
3008 2485 3007  269
3009 2485 3008  269
484 3009 542  269
3012 2479 3011  270
3010 477 543  270
2479 3010 3011  270
3012 478 2479  270
478 3012 544  270
477 3010 2479  270
545 3013 2480  271
478 3013 544  271
545 2480 479  271
3013 478 2480  271
2481 3015 3016  272
3016 480 2481  272
479 3014 2481  272
3014 479 545  272
3015 2481 3014  272
480 3016 546  272
2475 3019 474  273
474 3019 548  273
3019 2475 3018  273
3018 2475 3017  273
3017 2475 473  273
3017 473 547  273
475 549 2476  274
3020 2476 549  274
2476 548 474  274
548 2476 3020  274
3023 476 2477  275
475 3021 2477  275
3021 475 549  275
476 3023 550  275
3023 2477 3022  275
2477 3021 3022  275
3026 470 2471  276
470 3026 552  276
3026 2471 3025  276
2471 3024 3025  276
3024 2471 469  276
469 551 3024  276
471 553 2472  277
3027 2472 553  277
2472 552 470  277
552 2472 3027  277
3028 471 2473  278
3028 2473 3029  278
471 3028 553  278
3030 2473 472  278
3030 472 554  278
2473 3030 3029  278
3031 2466 465  279
556 466 3033  279
2466 3031 3032  279
2466 3033 466  279
3031 465 555  279
3033 2466 3032  279
467 557 2467  280
3034 2467 557  280
2467 556 466  280
556 2467 3034  280
2468 3036 3037  281
3035 467 557  281
2468 3035 3036  281
3035 2468 467  281
3037 468 2468  281
468 3037 558  281
2462 3039 3040  282
3038 2462 461  282
3039 2462 3038  282
2462 3040 462  282
462 3040 560  282
3038 461 559  282
463 3041 2463  283
3041 463 561  283
462 3041 560  283
3041 462 2463  283
3042 3043 2464  284
3044 2464 3043  284
3044 464 2464  284
3042 2464 463  284
464 3044 562  284
3042 463 561  284
3045 2458 457  285
3045 457 563  285
2458 3045 3046  285
458 3047 564  285
3047 2458 3046  285
3047 458 2458  285
2459 3048 564  286
2459 564 458  286
3048 2459 459  286
3048 459 565  286
3050 2460 3049  287
566 460 3051  287
3049 459 565  287
3051 2460 3050  287
2460 3051 460  287
459 3049 2460  287
2453 3052 3053  288
2453 3054 454  288
453 3052 2453  288
3052 453 567  288
3054 2453 3053  288
568 454 3054  288
569 3055 2454  289
2454 568 454  289
569 2454 455  289
568 2454 3055  289
3056 2455 3057  290
3058 456 570  290
2455 3056 455  290
456 3058 2455  290
455 3056 569  290
2455 3058 3057  290
4551 4519 2549  291
4507 4509 2541  291
4535 453 2457  291
4536 4533 546  291
546 2527 4536  291
4529 457 2461  291
4514 465 2470  291
570 3076 4537  291
3073 4550 566  291
4550 2547 2546  291
4547 2530 2529  291
4511 2538 2537  291
4553 2525 2524  291
4550 2546 4555  291
2530 4554 2531  291
4514 4508 4511  291
2536 4516 2537  291
563 4539 3072  291
4518 4539 563  291
468 4508 2469  291
3076 570 3075  291
4534 4527 2487  291
3070 4540 576  291
2538 4511 4506  291
461 4521 559  291
3069 4540 558  291
464 4517 2465  291
4539 2545 2544  291
2545 4539 4518  291
4542 554 3067  291
3076 3075 579  291
514 4537 3076  291
4538 3073 578  291
456 4526 2456  291
4551 2549 2548  291
3074 4538 578  291
453 4535 567  291
4519 4537 2550  291
4538 567 4551  291
457 4529 563  291
4524 2465 4517  291
2457 4530 4535  291
2465 4524 4521  291
4506 4511 4508  291
576 4540 3069  291
562 4541 4509  291
4541 3071 577  291
4541 562 3071  291
559 4540 3070  291
4521 461 2465  291
4509 4524 4517  291
4540 559 4507  291
4542 575 3068  291
465 4514 555  291
4540 2540 2539  291
4523 4513 4522  291
4518 2461 4510  291
4552 4534 542  291
4534 4552 4512  291
4532 4544 543  291
481 4527 539  291
484 4534 2486  291
539 3059 3060  291
4536 4544 4515  291
3062 4543 572  291
4520 4534 4512  291
2522 4520 4512  291
3060 3059 571  291
3059 539 4545  291
4534 4520 4527  291
4521 4507 559  291
2541 4509 2542  291
542 4543 4552  291
2456 4530 2457  291
4513 2534 2533  291
4546 3065 574  291
4546 550 3065  291
3064 4549 573  291
573 2528 3063  291
4525 473 2478  291
4528 4513 4523  291
551 4546 3066  291
4542 3067 575  291
554 4542 4528  291
4527 481 2488  291
4548 4522 4513  291
4546 551 4548  291
4528 4523 554  291
2533 4548 4513  291
2482 4515 4532  291
2531 4554 4546  291
4548 2533 2532  291
4547 4554 2530  291
4515 2482 4533  291
4512 2523 2522  291
2523 4552 4543  291
513 4545 2521  291
4553 543 4544  291
2527 546 3063  291
4544 2526 2525  291
4508 468 558  291
2539 4506 4540  291
4507 2541 2540  291
2540 4540 4507  291
558 4506 4508  291
2470 4508 4514  291
2544 4541 4539  291
2542 4541 2543  291
2461 4518 4529  291
2545 4555 2546  291
4542 3068 555  291
4508 2470 2469  291
2487 4527 2488  291
4534 484 542  291
4522 469 2474  291
4513 4528 2534  291
4514 4516 555  291
472 4523 2474  291
4544 4536 2526  291
543 4553 3062  291
4516 4514 4511  291
4511 2537 4516  291
2526 4536 2527  291
4517 562 4509  291
4510 460 566  291
4518 4555 2545  291
4526 456 570  291
4519 2550 2549  291
4520 2522 2521  291
4520 4545 539  291
2487 2486 4534  291
4507 4521 4524  291
4520 539 4527  291
2474 4523 4522  291
4523 472 554  291
2534 4528 2535  291
4509 4507 4524  291
477 4532 543  291
4525 4547 547  291
2478 4531 4525  291
4526 4537 4519  291
476 4531 2478  291
4522 4548 551  291
469 4522 551  291
2536 4542 4516  291
2535 4542 2536  291
473 4525 547  291
4518 563 4529  291
4530 4526 4519  291
4519 4551 4530  291
4547 4531 4554  291
4531 476 550  291
4532 477 2482  291
4533 2482 480  291
4533 480 546  291
4536 4515 4533  291
460 4510 2461  291
4517 464 562  291
4530 2456 4526  291
4535 4551 567  291
4549 2529 2528  291
3063 2528 2527  291
4537 514 2550  291
4537 4526 570  291
3073 4538 4550  291
4538 2548 2547  291
4541 2544 2543  291
3072 4541 577  291
4506 2539 2538  291
4506 558 4540  291
4541 3072 4539  291
4541 2542 4509  291
555 4516 4542  291
4542 2535 4528  291
2524 2523 4543  291
4552 2523 4512  291
4544 4532 4515  291
2525 4553 4544  291
4545 4520 2521  291
4545 513 3059  291
2532 2531 4546  291
550 4546 4554  291
547 4549 3064  291
2529 4549 4547  291
4548 2532 4546  291
3066 4546 574  291
4549 547 4547  291
2528 573 4549  291
566 4555 4510  291
4555 566 4550  291
567 4538 3074  291
2548 4538 4551  291
3061 4543 542  291
4553 2524 4543  291
4543 3062 4553  291
572 4543 3061  291
4531 4547 4525  291
4531 550 4554  291
4555 4518 4510  291
2547 4550 4538  291
4551 4535 4530  291
3079 512 2519  292
3077 511 581  292
511 3077 2519  292
512 3079 580  292
3079 2519 3078  292
2519 3077 3078  292
509 582 2520  293
3080 2520 582  293
2520 580 512  293
580 2520 3080  293
3083 510 2516  294
2516 3081 3082  294
3083 2516 3082  294
510 3083 583  294
509 3081 2516  294
3081 509 582  294
3084 2514 507  295
2514 3084 3085  295
3084 507 584  295
508 3086 585  295
3086 508 2514  295
2514 3085 3086  295
586 3087 505  296
505 3087 2515  296
2515 585 508  296
585 2515 3087  296
3090 2512 3089  297
506 3090 587  297
3089 2512 3088  297
2512 3090 506  297
3088 2512 505  297
3088 505 586  297
3091 503 588  298
2510 3091 3092  298
503 3091 2510  298
2510 3092 3093  298
504 3093 589  298
3093 504 2510  298
501 3094 2511  299
3094 501 590  299
504 3094 589  299
3094 504 2511  299
3097 2508 3096  300
2508 3097 502  300
2508 3095 3096  300
502 3097 591  300
3095 2508 501  300
3095 501 590  300
2506 3098 3099  301
3100 500 2506  301
2506 3099 3100  301
3098 2506 499  301
499 592 3098  301
500 3100 593  301
497 3101 2507  302
3101 497 594  302
500 3101 593  302
3101 500 2507  302
3104 498 2503  303
3102 497 594  303
497 3102 2503  303
498 3104 595  303
3104 2503 3103  303
2503 3102 3103  303
3105 2501 3106  304
3107 496 597  304
2501 3105 495  304
496 3107 2501  304
495 3105 596  304
2501 3107 3106  304
493 598 2502  305
3108 2502 598  305
2502 3108 496  305
496 3108 597  305
2497 3109 3110  306
493 3109 2497  306
3109 493 598  306
2497 3111 494  306
494 3111 599  306
3111 2497 3110  306
2495 3113 3114  307
3114 492 2495  307
3112 2495 491  307
3112 491 600  307
2495 3112 3113  307
492 3114 601  307
489 602 2496  308
3115 2496 602  308
2496 601 492  308
601 2496 3115  308
2493 3116 3117  309
490 3118 603  309
2493 3118 490  309
489 3116 2493  309
3116 489 602  309
3118 2493 3117  309
3121 2491 3120  310
488 3121 605  310
2491 3119 3120  310
3119 2491 487  310
3119 487 604  310
2491 3121 488  310
485 3122 2492  311
3122 485 606  311
488 3122 605  311
3122 488 2492  311
2489 3124 3125  312
3123 485 606  312
2489 3125 486  312
485 3123 2489  312
607 486 3125  312
3124 2489 3123  312
581 3076 3126  313
4581 2513 4579  313
2566 4596 4583  313
4575 495 2500  313
2567 4576 2568  313
4566 503 2509  313
4598 599 3135  313
4565 4563 4580  313
499 4563 592  313
4590 610 3132  313
609 4587 3129  313
4564 487 2490  313
3076 581 4594  313
2564 4580 4568  313
4563 499 2505  313
4574 502 591  313
4608 583 4605  313
607 4601 4588  313
4589 4588 2575  313
2577 4601 4592  313
494 4571 2498  313
3059 3141 571  313
615 4592 3140  313
4607 4585 2579  313
537 4585 4559  313
513 4591 3059  313
604 4602 3138  313
4583 4576 2567  313
4606 4577 2571  313
4569 4582 4556  313
4589 2575 2574  313
4602 2573 4593  313
4590 3131 610  313
4603 4578 4607  313
2490 4584 4564  313
537 3059 4591  313
4585 4607 4558  313
4592 3139 614  313
3139 4592 4601  313
4601 607 3139  313
487 4564 604  313
3059 537 3141  313
3137 4602 4593  313
517 4578 615  313
516 4559 2582  313
2583 4558 4578  313
498 4560 2504  313
4571 494 599  313
495 4575 596  313
603 4577 4573  313
491 4570 600  313
4569 2518 2517  313
612 3136 4598  313
4593 603 3137  313
4577 603 4593  313
4598 600 4586  313
600 4598 3136  313
599 4598 4597  313
4598 2569 4597  313
4597 2568 4576  313
2498 4571 2499  313
4576 4583 4572  313
596 4596 3134  313
2563 4580 2564  313
4562 510 583  313
3126 3076 579  313
510 4562 2517  313
2509 4574 4566  313
4605 3128 4595  313
2518 4569 4556  313
514 4594 2551  313
4595 2555 2554  313
2554 4605 4595  313
511 4556 581  313
2552 4608 2553  313
4587 587 3129  313
3128 4605 608  313
4587 3130 4599  313
584 4595 3128  313
4595 584 4604  313
3134 4596 611  313
4590 591 3131  313
4596 595 3133  313
595 4596 4568  313
3130 4587 609  313
2562 4565 2563  313
4561 4574 591  313
4566 4599 588  313
4594 4556 4582  313
4557 2560 2559  313
4560 498 595  313
4561 4557 4574  313
4596 596 4583  313
4565 2562 4590  313
2559 4599 4557  313
611 4596 3133  313
4556 511 2518  313
2560 4561 2561  313
4582 4608 2552  313
4599 2559 2558  313
2556 4600 2557  313
4579 4604 4581  313
588 4599 3130  313
503 4566 588  313
4574 4557 4566  313
4557 4561 2560  313
4578 517 2583  313
4585 4558 4559  313
2582 4558 2583  313
4559 516 537  313
4568 2565 2564  313
2505 4560 4563  313
2561 4590 2562  313
591 4590 4561  313
490 4573 2494  313
2494 4570 491  313
506 4579 2513  313
4560 2505 2504  313
4588 4584 4567  313
4589 4564 4584  313
4590 3132 592  313
592 4563 4565  313
486 4567 2490  313
4584 2490 4567  313
4567 486 607  313
2575 4588 2576  313
4560 4580 4563  313
4560 595 4568  313
4569 2517 4562  313
4562 4608 4569  313
4570 2494 4573  313
2571 4577 2572  313
4576 4572 4571  313
2499 4575 2500  313
4572 4583 596  313
2499 4572 4575  313
4573 490 603  313
4577 4606 4570  313
4604 4579 4600  313
507 4581 584  313
4572 2499 4571  313
4572 596 4575  313
4571 4597 4576  313
2568 4597 2569  313
2572 4593 2573  313
4577 4570 4573  313
4558 2582 4559  313
4578 4603 615  313
4581 507 2513  313
4579 506 587  313
4580 4560 4568  313
4580 2563 4565  313
4604 4600 2556  313
4581 4604 584  313
2552 2551 4582  313
4556 4594 581  313
502 4574 2509  313
4583 2567 2566  313
4564 4589 604  313
4588 4589 4584  313
4585 4591 2580  313
2580 2579 4585  313
2571 4586 4606  313
2570 4598 4586  313
2558 2557 4587  313
587 4587 4600  313
2576 4601 2577  313
4588 4567 607  313
2574 4602 4589  313
3138 4602 613  313
592 4565 4590  313
4590 2561 4561  313
4591 513 2580  313
4591 4585 537  313
2579 4603 4607  313
2578 2577 4592  313
4602 604 4589  313
4593 2572 4577  313
4594 4582 2551  313
4594 514 3076  313
608 4605 3127  313
3127 4605 583  313
4596 2566 2565  313
2565 4568 4596  313
4598 2570 2569  313
4597 4571 599  313
4586 600 4606  313
4598 3135 612  313
4599 4566 4557  313
4599 2558 4587  313
4587 2557 4600  313
4600 4579 587  313
4592 615 4603  313
4601 2576 4588  313
4602 2574 2573  313
4602 3137 613  313
4607 4578 4558  313
3140 4592 614  313
4604 2556 2555  313
2555 4595 4604  313
4605 2553 4608  313
4608 4562 583  313
600 4570 4606  313
4586 2571 2570  313
4603 2579 2578  313
4603 2578 4592  313
4605 2554 2553  313
4608 4582 4569  313
616 518 3144  314
3144 2584 3143  314
3142 517 615  314
3143 2584 3142  314
2584 3144 518  314
517 3142 2584  314
515 3145 2585  315
3145 515 538  315
2585 616 518  315
616 2585 3145  315
2827 4665 2826  316
4926 2854 4725  316
4821 2849 2850  316
4960 4848 4729  316
4912 4679 4859  316
2688 4802 2687  316
3169 4859 3168  316
2680 4975 4825  316
4696 4819 4798  316
4704 4768 4812  316
4854 4802 2688  316
2704 4819 4696  316
4712 4931 4792  316
4939 2876 2877  316
3158 4815 3157  316
4893 2604 4850  316
2859 4727 2858  316
2895 4851 2894  316
4829 4983 4953  316
4870 4839 4755  316
4771 2638 2639  316
3193 4682 4677  316
2735 4834 2734  316
4943 4948 2660  316
4653 2640 2641  316
4966 4753 4887  316
4646 4959 4729  316
4616 4777 4721  316
4813 2753 4795  316
4828 4795 4721  316
4970 4813 4828  316
2740 4919 2739  316
4860 4968 4612  316
2741 4919 2740  316
4946 4904 4642  316
2737 4749 2736  316
4919 2738 2739  316
4968 2742 4612  316
4974 2737 2738  316
2737 4974 4749  316
526 4860 4612  316
4777 4616 3175  316
4749 2735 2736  316
4821 2851 4710  316
2849 4821 4632  316
3182 4622 4610  316
4897 4821 4710  316
4904 4946 4897  316
4632 2847 2848  316
4632 2846 2847  316
2846 4752 2845  316
4752 4632 4610  316
4774 2844 4752  316
4630 4725 2855  316
2825 4853 2824  316
2855 4725 2854  316
4801 2730 4640  316
4630 4727 4703  316
4630 2855 2856  316
2733 4834 4702  316
4620 2618 2619  316
4918 4858 4811  316
2852 4926 4710  316
4725 4609 4904  316
2732 4702 4640  316
4973 2617 2618  316
525 4978 4958  316
4834 2733 2734  316
4866 4801 4640  316
2765 4833 2764  316
2622 4773 2621  316
2918 4728 4660  316
4978 525 2726  316
4641 4978 4773  316
2766 4958 4641  316
4620 4918 4796  316
4918 2620 4858  316
4773 4978 4858  316
4703 4609 4630  316
2857 4727 4630  316
4709 4733 2616  316
4660 2916 2917  316
2952 4636 2951  316
2950 4907 2949  316
4838 4969 4631  316
2623 4949 4842  316
2913 4861 533  316
533 4861 2953  316
4728 2918 2919  316
4728 4909 4875  316
2761 4775 4676  316
2918 4660 2917  316
4949 2623 2624  316
2916 4969 2915  316
4969 4660 4756  316
4675 4981 4778  316
2622 4842 4648  316
4795 2755 4778  316
4775 2761 2762  316
2763 4833 4775  316
4833 2763 2764  316
4675 4886 4746  316
4676 4746 4886  316
2622 4879 4773  316
2758 4886 4675  316
3174 4947 4646  316
4668 4928 4764  316
2925 4928 4611  316
4955 4928 4830  316
4909 2920 2921  316
2925 4611 2924  316
2923 4960 2922  316
4673 4876 4726  316
2929 4726 4668  316
2929 4668 2928  316
4876 4830 4668  316
4928 4668 4830  316
2941 4885 2940  316
4673 4826 3170  316
4726 2929 534  316
4847 4652 4673  316
2937 4726 534  316
2940 4885 4652  316
4679 4912 4794  316
4692 2942 2943  316
2942 4692 4666  316
4975 4929 4782  316
2684 4793 4770  316
2945 4732 4706  316
4663 4930 4920  316
2952 4930 4636  316
4941 4663 2589  316
4975 2682 4770  316
4770 2682 2683  316
2718 4922 2717  316
2947 4804 4732  316
4782 2591 4644  316
2943 4706 4692  316
2682 4975 2681  316
4743 4680 4802  316
4941 4704 4679  316
4770 4793 4768  316
2686 4793 2685  316
3168 4776 3167  316
4698 2692 2693  316
4704 4929 4624  316
4843 4836 4714  316
4690 4911 4798  316
4898 4942 4843  316
4819 2704 2705  316
4869 524 4857  316
4952 2692 4698  316
2690 4854 2689  316
3164 4957 4689  316
2693 4869 4698  316
2692 4952 2691  316
4911 4731 3163  316
2702 4857 524  316
4857 4696 4689  316
4711 2869 2870  316
4836 2713 4723  316
2593 4867 4863  316
2708 4898 4763  316
4617 4788 4681  316
3174 4646 3173  316
2706 4819 2705  316
3162 4731 4669  316
4862 4627 4808  316
2881 4670 2880  316
2879 4719 2878  316
2876 4939 4874  316
2876 4874 2875  316
4670 2879 2880  316
4856 2873 2874  316
4719 2879 4670  316
4867 4818 4714  316
4931 4711 4792  316
2715 4783 4723  316
4867 2593 2594  316
2906 4940 4678  316
4712 4962 2595  316
2713 4836 2712  316
2869 4931 2868  316
2709 4942 4898  316
2871 4711 2870  316
4942 2711 4836  316
4693 4895 4711  316
4693 2871 2872  316
2874 4874 4856  316
2873 4856 4693  316
4940 2906 531  316
2593 4809 2592  316
4782 4644 4825  316
2716 4922 4783  316
4783 2715 2716  316
4809 4922 4628  316
4628 4825 4644  316
4825 523 2678  316
523 4825 4628  316
4907 4636 4806  316
2949 4804 2948  316
4861 4838 4631  316
4907 2950 4636  316
4654 4915 4786  316
527 4786 2813  316
4619 4654 2773  316
2600 4748 2599  316
4901 4899 4661  316
4786 527 4654  316
4619 2774 2775  316
2598 4748 4784  316
2906 4678 2905  316
4784 4963 4902  316
2903 4963 4925  316
2903 4925 2902  316
4840 4976 4849  316
2901 2902 4925  316
2900 4967 2899  316
4840 4849 4715  316
4784 4976 4700  316
3154 4759 3153  316
4902 4940 4712  316
2904 4963 2903  316
3156 4979 4917  316
2891 4872 2890  316
4851 4662 4751  316
3155 4917 4840  316
4713 4872 4815  316
2890 4625 532  316
4908 4851 4751  316
4872 4908 4815  316
2893 4908 2892  316
4851 4901 4662  316
2897 4718 2896  316
4691 2780 2781  316
2777 4638 2776  316
4615 4964 4691  316
4748 2598 2599  316
4619 2773 2774  316
4691 4972 4615  316
4691 2779 2780  316
2778 4964 4638  316
2778 4638 2777  316
3150 4807 3149  316
2781 4724 4691  316
2798 4657 2797  316
4758 2798 2799  316
528 4791 2789  316
4791 2788 2789  316
2788 4791 4735  316
2785 4878 4626  316
4671 4707 4685  316
2801 4883 2800  316
4883 2802 4635  316
4982 4635 4807  316
4657 4758 4745  316
4816 4683 4980  316
3151 4880 4745  316
4735 2786 2787  316
2783 4724 2782  316
2788 4735 2787  316
4878 2785 2786  316
2785 4626 2784  316
4878 2786 4735  316
4672 2972 2973  316
2974 4672 2973  316
4623 2601 2602  316
4807 4820 4816  316
3148 4868 3147  316
4635 4873 4820  316
2966 4708 4695  316
4873 4737 4820  316
4927 4683 4961  316
4915 4654 4613  316
2810 4705 2809  316
2808 4914 2807  316
4705 4950 4927  316
2810 4950 4705  316
2969 4761 2968  316
2963 4740 2962  316
2961 4740 4699  316
4695 2965 2966  316
4699 2960 2961  316
2960 4699 4647  316
2806 4737 2805  316
4623 4893 4683  316
4888 4740 2963  316
2970 4716 2969  316
4672 4779 4694  316
4761 2967 2968  316
2967 4761 4708  316
4822 2970 2971  316
2970 4822 4716  316
2974 4779 4672  316
2972 4822 2971  316
4779 2974 2975  316
4739 4932 2986  316
4677 3192 3193  316
2987 4739 2986  316
4739 2987 4736  316
3192 4741 3191  316
4682 4823 4789  316
2985 4835 2984  316
4835 4932 4789  316
536 4803 2976  316
2975 4803 4779  316
2983 4835 4688  316
2644 4674 2643  316
2645 4674 2644  316
4837 2638 4771  316
4865 4913 4760  316
2638 4837 2637  316
2636 4890 2635  316
4653 2639 2640  316
2609 4760 2608  316
4971 2632 2633  316
2609 4870 4865  316
2634 4971 2633  316
2999 4921 4651  316
4650 2663 2664  316
520 4850 2604  316
2995 4621 2994  316
4890 2636 4837  316
4741 4677 4664  316
2989 4894 4736  316
4850 4667 4699  316
2999 4651 2998  316
2997 4913 2996  316
2996 4621 2995  316
4760 520 2608  316
4827 4844 4686  316
4740 2961 2962  316
2996 4913 4621  316
4844 2668 2669  316
4659 4742 4649  316
4841 4665 4780  316
2611 4799 4720  316
4839 2611 4720  316
4870 2609 4839  316
4799 4686 4844  316
4954 4845 2631  316
4844 4827 2668  316
2631 4845 521  316
2670 4845 4844  316
4948 4614 4887  316
3188 4753 3187  316
4650 2662 2663  316
4738 2614 4659  316
4799 4896 4686  316
2662 4943 2661  316
4846 4650 2664  316
4827 4846 2666  316
4846 4827 4762  316
529 4722 2860  316
4892 4650 4762  316
4742 4659 4733  316
4906 4658 2822  316
4639 4742 4733  316
4730 4727 4722  316
4658 2820 2821  316
2615 2616 4733  316
4633 3184 3185  316
4659 4824 4738  316
4665 4841 4824  316
4852 4951 4871  316
2829 4780 2828  316
4637 4951 4765  316
2836 530 4774  316
2834 4951 2833  316
4871 2836 4774  316
2830 4772 2829  316
2831 4772 2830  316
4772 2831 4643  316
4951 4643 2833  316
2833 4643 2832  316
3187 4966 3186  316
4948 4936 2658  316
4634 4948 4887  316
4753 3188 4750  316
4983 2654 2655  316
4829 3188 3189  316
4655 2646 2647  316
2646 4655 4629  316
522 4800 4655  316
2646 4629 2645  316
4757 4771 4653  316
2641 4877 4653  316
2643 4877 2642  316
4653 4877 4717  316
4860 526 2750  316
4860 2750 4813  316
2617 4973 4703  316
4904 4973 4620  316
3182 4744 3181  316
4632 4752 2846  316
2923 2924 4611  316
4848 4960 4955  316
2742 4968 2741  316
2742 526 4612  316
2600 2601 4613  316
2813 4786 2812  316
3185 4966 4633  316
4943 4650 4787  316
4964 4615 4638  316
2899 4967 4899  316
3174 3175 4616  316
2755 4795 2754  316
3159 4713 3158  316
3159 3160 4617  316
4888 2965 4695  316
2965 4888 2964  316
2775 2776 4619  316
4748 2600 4613  316
2730 4801 2729  316
4904 4620 4701  316
4937 2993 4934  316
4934 4621 4754  316
4622 4752 4610  316
4622 3182 3183  316
2602 2603 4623  316
2806 4914 4737  316
4732 4916 4794  316
4663 4941 4806  316
2883 4808 2882  316
2883 532 4625  316
2783 2784 4626  316
4905 4880 3152  316
3159 4617 4627  316
4627 4862 4713  316
2718 523 4628  316
4644 4809 4628  316
4655 2647 522  316
4629 4924 4674  316
2856 2857 4630  316
4703 4973 4609  316
4949 519 4920  316
4838 4861 2913  316
4744 3182 4610  316
4632 2848 2849  316
4966 4738 4633  316
2827 4780 4665  316
2656 2657 4936  316
2658 4936 2657  316
2802 4883 2801  316
2802 2803 4635  316
2950 2951 4636  316
4631 4920 4861  316
3183 4852 4622  316
4633 4765 3184  316
4748 4613 4855  316
2776 4935 4619  316
4639 529 2820  316
2820 4658 4639  316
4640 2730 2731  316
2731 2732 4640  316
2765 2766 4641  316
2620 4773 4858  316
3179 4790 3178  316
4725 4630 4609  316
2831 2832 4643  316
4643 4951 4637  316
2591 4782 2590  316
2591 2592 4644  316
2991 4894 2990  316
4865 4760 2609  316
3173 4848 3172  316
2758 4675 2757  316
535 4921 2999  316
535 2960 4647  316
4938 4728 4875  316
2760 4886 2759  316
4906 2824 4853  316
4853 4665 4824  316
4650 4846 4762  316
4896 4827 4686  316
2997 2998 4651  316
520 4760 4667  316
4652 2938 2939  316
2939 2940 4652  316
4810 4945 4924  316
4741 4832 4757  316
527 2773 4654  316
4654 4855 4613  316
3188 4829 4750  316
4629 4891 4881  316
3154 3155 4656  316
4784 4864 4849  316
528 2797 4657  316
4657 4880 4791  316
4658 2821 2822  316
4658 4906 4742  316
2614 4896 2613  316
2614 2615 4659  316
4746 4648 4959  316
4842 4949 4756  316
4967 4925 4700  316
2899 4899 2898  316
4851 4908 2893  316
4718 2895 2896  316
4663 519 2588  316
2588 2589 4663  316
4741 3192 4677  316
4894 2989 2990  316
4665 2825 2826  316
4772 4841 4780  316
4826 4673 4652  316
4666 2941 2942  316
4760 4921 4667  316
4647 4667 4921  316
4928 2925 2926  316
2928 4764 2927  316
4788 4939 4681  316
3161 3162 4669  316
4670 4808 4627  316
4627 4617 4670  316
3146 4697 4694  316
4868 4697 3147  316
4688 4817 4803  316
4697 4868 4671  316
3170 618 4673  316
4652 4847 2938  316
4674 2645 4629  316
4674 4945 4877  316
2756 4778 2755  316
2757 4778 2756  316
2760 2761 4676  316
4879 2622 4648  316
4736 2987 2988  316
4797 4865 4664  316
2904 2905 4678  316
4678 4902 4963  316
4704 4859 4679  316
2945 4706 2944  316
4802 4793 2686  316
4687 4785 4766  316
4681 4670 4617  316
4788 4617 3160  316
4736 2988 2989  316
4682 3193 3194  316
4950 4786 4915  316
4893 4850 4618  316
4822 2972 4672  316
4697 4671 4684  316
4873 2805 4737  316
4956 4708 4685  316
2668 4827 2667  316
2613 4799 2612  316
4952 4854 2690  316
4882 4785 4687  316
536 2983 4688  316
4823 4835 4789  316
4696 4857 2702  316
4690 4819 4763  316
4669 4843 4714  316
4731 4747 4669  316
4724 2781 2782  316
4972 4849 4615  316
4826 4912 4859  316
4885 2941 4666  316
4693 2872 2873  316
3161 4818 4788  316
4684 4672 4694  316
3146 4817 617  316
4695 4956 4618  316
4956 4695 4708  316
4696 2702 2703  316
2703 2704 4696  316
4684 4694 4697  316
4697 3146 3147  316
4689 4957 4857  316
4698 4882 4687  316
4850 520 4667  316
4667 4647 4699  316
4925 4967 2900  316
4784 4902 2597  316
4701 4796 4866  316
4834 2735 4749  316
4702 2732 2733  316
4923 4701 4866  316
4727 2859 4722  316
2617 4709 2616  316
4793 4802 4680  316
4859 4704 4776  316
4623 4950 4915  316
4705 2808 2809  316
4706 2943 2944  316
4794 4916 4679  316
4707 3148 3149  316
4807 4816 4707  316
4708 2966 2967  316
4685 4761 4716  316
4709 2617 4703  316
4722 2859 2860  316
2851 4821 2850  316
2851 2852 4710  316
4711 2871 4693  316
4962 4712 4792  316
4712 2595 2596  316
4940 2867 4931  316
4713 3159 4627  316
2883 4862 4808  316
4714 4944 4863  316
4962 4711 4895  316
4656 4814 4759  316
4661 4840 4769  316
4671 4822 4684  316
4671 4685 4716  316
4877 2641 2642  316
4810 4757 4717  316
4899 4901 4718  316
4901 4661 4769  316
4670 4681 4719  316
4719 2877 2878  316
4954 2631 2632  316
2611 4839 2610  316
4947 3174 4616  316
4795 4981 4721  316
4722 529 4639  316
4722 4977 4730  316
4723 2713 2714  316
2714 2715 4723  316
4724 2783 4626  316
4972 4691 4724  316
4904 4897 4710  316
2854 4926 2853  316
4726 4847 4673  316
4726 4876 4668  316
4727 4730 4703  316
4727 2857 2858  316
4728 2919 2920  316
4660 4938 4756  316
2922 4960 4909  316
4848 3173 4646  316
4977 4733 4709  316
4709 4703 4730  316
4731 3162 3163  316
4731 4911 4690  316
4732 2945 2946  316
2946 2947 4732  316
4733 4977 4639  316
4733 4659 2615  316
4939 4788 4734  316
4818 4867 4767  316
4880 4735 4791  316
4735 4905 4878  316
4903 4736 4894  316
4903 4894 4797  316
2805 4873 2804  316
4914 4961 4737  316
4824 4841 4738  316
4738 4966 4892  316
4739 4831 4682  316
4932 4835 2985  316
4740 4888 4618  316
4740 4850 4699  316
4757 4653 4717  316
4741 4810 3191  316
4742 4639 4658  316
4742 4906 4649  316
4854 2688 2689  316
4743 4812 4680  316
3181 4900 3180  316
4744 4610 4632  316
4758 4657 2798  316
3151 4982 3150  316
4746 4947 4675  316
4746 4676 4648  316
4747 4731 4690  316
2708 4763 2707  316
4619 4935 4855  316
4935 2776 4638  316
4974 4884 4749  316
4884 4834 4749  316
2654 4983 4800  316
4634 4953 4936  316
4979 4815 4751  316
2891 4908 4872  316
2844 4774 530  316
2844 2845 4752  316
4753 4750 4634  316
4634 4887 4753  316
4937 4894 2991  316
4621 4934 2994  316
4839 4720 4781  316
4755 4837 4645  316
4969 2916 4660  316
4842 4959 4648  316
4757 4810 4741  316
4832 4741 4664  316
4982 4807 3150  316
4758 2799 2800  316
4759 3154 4656  316
4814 4724 4626  316
4621 4865 4754  316
4913 4865 4621  316
4761 2969 4716  316
4761 4685 4708  316
4896 4799 2613  316
4650 4943 2662  316
4747 4690 4763  316
4763 2706 2707  316
2926 2927 4764  316
4764 2928 4668  316
3183 3184 4765  316
4765 4633 4637  316
4766 4952 4687  316
4805 4854 4766  316
4933 4693 4856  316
4714 4818 4669  316
4776 4812 4805  316
4704 4624 4768  316
3155 4840 4656  316
4979 4751 4662  316
2683 2684 4770  316
4770 4768 4624  316
2639 4653 4771  316
4771 4757 4645  316
4772 4643 4637  316
4637 4633 4772  316
2620 2621 4773  316
4641 4879 4833  316
4774 4752 4622  316
2836 4871 2835  316
4676 4879 4648  316
4775 2762 2763  316
4680 4812 4768  316
3167 4785 3166  316
3175 3176 4777  316
4795 4828 4813  316
4778 2757 4675  316
4981 4675 4947  316
4803 2975 2976  316
4817 3146 4694  316
4780 2827 2828  316
4780 2829 4772  316
2632 4971 4954  316
4890 2634 2635  316
2680 4825 2679  316
4782 4929 2590  316
4944 4783 4863  316
4922 2716 2717  316
4976 4967 4700  316
4784 2597 2598  316
4785 4882 3166  316
4785 3167 4776  316
4786 4950 2811  316
4786 2811 2812  316
4650 4892 4787  316
4892 4966 4614  316
3160 3161 4788  316
4788 4818 4734  316
4739 4682 4789  316
4823 4817 4688  316
4790 3177 3178  316
4790 4946 4884  316
4791 528 4657  316
4880 4905 4735  316
4711 4931 2869  316
2594 4962 4867  316
4680 4768 4793  316
4793 2684 2685  316
4706 4912 4692  316
4706 4732 4794  316
2753 4813 2752  316
2753 2754 4795  316
4796 4701 4620  316
2728 4910 2727  316
4664 4677 4797  316
4754 4797 4937  316
4689 4911 3164  316
4689 4696 4798  316
4845 4799 4844  316
4799 2611 2612  316
4891 4629 4655  316
4800 522 2654  316
2728 2729 4801  316
4801 4866 4796  316
4802 2686 2687  316
4802 4854 4743  316
4803 536 4688  316
4817 4694 4779  316
4704 4941 4929  316
4804 2947 2948  316
4805 4766 4785  316
4785 4776 4805  316
4916 4907 4806  316
4806 4636 4663  316
4707 3149 4807  316
4635 4982 4883  316
4808 4670 2881  316
2881 2882 4808  316
4809 4644 2592  316
4809 4863 4783  316
4810 4881 3190  316
3190 3191 4810  316
4801 4910 2728  316
4801 4796 4811  316
4812 4743 4805  316
4812 4776 4704  316
4813 2750 2751  316
2751 2752 4813  316
4626 4759 4814  316
4814 4656 4715  316
4815 4979 3157  316
4815 3158 4713  316
4816 4961 4683  316
4707 4980 4685  316
4779 4803 4817  316
4817 4823 617  316
4767 4734 4818  316
4818 3161 4669  316
4819 2706 4763  316
4819 4690 4798  316
4737 4816 4820  316
4820 4807 4635  316
4897 4632 4821  316
4632 4897 4744  316
4822 4672 4684  316
4822 4671 4716  316
4823 4682 3194  316
3194 617 4823  316
4824 4659 4649  316
4665 4853 2825  316
4825 2678 2679  316
4825 4975 4782  316
3169 3170 4826  316
4692 4885 4666  316
4827 4896 4762  316
4827 2666 2667  316
4721 4777 4828  316
4813 4970 4860  316
4800 4891 4655  316
4953 4634 4750  316
4830 4876 3171  316
3171 3172 4830  316
4682 4903 4677  316
4831 4739 4736  316
4645 4870 4755  316
4645 4757 4832  316
4833 2765 4641  316
4879 4676 4775  316
4884 4923 4834  316
4923 4866 4702  316
4835 4823 4688  316
4835 2983 2984  316
2711 4942 2710  316
2711 2712 4836  316
2636 2637 4837  316
4837 4771 4645  316
4838 2913 2914  316
2914 2915 4838  316
4781 4755 4839  316
4839 2609 2610  316
4715 4656 4840  316
4917 4662 4769  316
4841 4772 4633  316
4633 4738 4841  316
4959 4842 4938  316
4842 2622 2623  316
4669 4898 4843  316
2709 4898 2708  316
4844 2669 2670  316
4799 4845 4720  316
4845 2670 521  316
4845 4954 4720  316
4846 2664 2665  316
2665 2666 4846  316
4847 4726 2937  316
2937 2938 4847  316
4830 3172 4848  316
4848 4646 4729  316
4864 4784 4748  316
4849 4972 4715  316
4850 4740 4618  316
2604 4893 2603  316
4851 2893 2894  316
4851 2895 4718  316
4774 4622 4852  316
4852 3183 4765  316
4824 4649 4853  316
2824 4906 2823  316
4854 4952 4766  316
4854 4805 4743  316
4855 4654 4619  316
4748 4935 4864  316
4874 4933 4856  316
4693 4933 4895  316
4957 4698 4869  316
524 4869 2694  316
4910 2726 2727  316
2620 4918 2619  316
4859 4776 3168  316
4859 3169 4826  316
4970 4828 4777  316
4968 4919 2741  316
519 4949 2624  316
4930 4663 4636  316
4862 2883 4625  316
4862 4872 4713  316
4783 4944 4723  316
4863 4809 2593  316
4864 4638 4615  316
4615 4849 4864  316
4664 4870 4832  316
4865 4797 4754  316
4866 4640 4702  316
4701 4923 4642  316
4711 4962 4792  316
4867 4714 4863  316
4868 3148 4707  316
4707 4671 4868  316
4957 4882 4698  316
4869 2693 2694  316
4870 4645 4832  316
4870 4664 4865  316
2834 2835 4871  316
4871 4774 4852  316
4872 4862 4625  316
4625 2890 4872  316
4873 4635 2803  316
2803 2804 4873  316
4874 2874 2875  316
4874 4939 4734  316
4938 4660 4728  316
4909 4728 2920  316
4876 4673 618  316
618 3171 4876  316
4877 2643 4674  316
4717 4877 4945  316
4759 4905 3153  316
4759 4626 4878  316
4879 4775 4833  316
4879 4641 4773  316
4880 4657 4745  316
4880 3151 3152  316
3189 4891 4829  316
3189 3190 4881  316
4882 4957 3165  316
3165 3166 4882  316
4758 4982 4745  316
4758 2800 4883  316
4884 4974 4790  316
4884 4946 4642  316
4885 4692 4826  316
4826 4652 4885  316
4886 2758 2759  316
4886 2760 4676  316
4966 3187 4753  316
4614 4948 4943  316
2963 2964 4888  316
4888 4695 4618  316
3176 4970 4777  316
3176 3177 4889  316
4890 4837 4755  316
4755 4781 4890  316
4891 4800 4829  316
4891 3189 4881  316
4892 4896 4738  316
4892 4614 4787  316
4980 4893 4956  316
4893 4623 2603  316
4894 4937 4797  316
4736 4903 4831  316
4895 4933 4767  316
4767 4867 4895  316
4896 2614 4738  316
4896 4892 4762  316
4897 4946 4900  316
4744 4897 4900  316
4898 4669 4747  316
4747 4763 4898  316
4899 4718 2897  316
2897 2898 4899  316
3180 4946 3179  316
4900 3181 4744  316
4769 4662 4901  316
4901 4851 4718  316
4902 4712 2596  316
2596 2597 4902  316
4797 4677 4903  316
4903 4682 4831  316
4904 4701 4642  316
4904 4710 4725  316
3152 3153 4905  316
4905 4759 4878  316
2822 2823 4906  316
4906 4853 4649  316
4907 4916 4804  316
4804 2949 4907  316
4751 4815 4908  316
4908 2891 2892  316
2921 2922 4909  316
4960 4729 4875  316
4910 4801 4811  316
4811 4858 4910  316
3163 3164 4911  316
4911 4689 4798  316
4912 4826 4692  316
4912 4706 4794  316
4913 2997 4651  316
4651 4760 4913  316
4914 2806 2807  316
4914 2808 4705  316
4915 4613 2601  316
2601 4623 4915  316
4916 4941 4679  316
4916 4732 4804  316
4769 4840 4917  316
4917 3155 3156  316
4811 4796 4918  316
4918 4620 2619  316
4919 4968 4965  316
4919 4974 2738  316
519 4663 4920  316
4861 4930 2953  316
4921 4760 4651  316
4921 535 4647  316
4922 2718 4628  316
4922 4809 4783  316
4702 4834 4923  316
4923 4884 4642  316
4924 4629 4881  316
4881 4810 4924  316
4925 4963 4700  316
4925 2900 2901  316
4725 4710 4926  316
4926 2852 2853  316
4623 4683 4927  316
4705 4961 4914  316
4928 4955 4611  316
4928 2926 4764  316
2589 2590 4929  316
4929 4975 4624  316
4930 2952 2953  316
4930 4861 4920  316
2867 4940 531  316
2867 2868 4931  316
2985 2986 4932  316
4932 4739 4789  316
4933 4874 4734  316
4734 4767 4933  316
2993 4937 2992  316
2993 2994 4934  316
4638 4864 4935  316
4935 4748 4855  316
4936 4948 4634  316
2656 4983 2655  316
4937 2991 2992  316
4937 4934 4754  316
4842 4756 4938  316
4938 4875 4729  316
4939 2877 4719  316
4719 4681 4939  316
4940 4931 4712  316
4940 4902 4678  316
4941 4916 4806  316
4941 2589 4929  316
4836 4843 4942  316
4942 2709 2710  316
4787 4614 4943  316
4943 2660 2661  316
4944 4714 4836  316
4836 4723 4944  316
4945 4674 4924  316
4945 4810 4717  316
4946 4790 3179  316
4946 3180 4900  316
4947 4746 4646  316
4947 4616 4721  316
4948 2658 2659  316
2659 2660 4948  316
4949 4920 4631  316
4949 4969 4756  316
4950 4623 4927  316
4950 2810 2811  316
4951 2834 4871  316
4951 4852 4765  316
2690 2691 4952  316
4952 4698 4687  316
4750 4829 4953  316
4936 4983 2656  316
4954 4971 4781  316
4781 4720 4954  316
4830 4848 4955  316
4960 2923 4611  316
4893 4980 4683  316
4893 4618 4956  316
4869 4857 4957  316
4957 3164 3165  316
4958 2766 525  316
4910 4858 4978  316
4959 4938 4729  316
4959 4646 4746  316
4875 4909 4960  316
4960 4611 4955  316
4961 4816 4737  316
4961 4705 4927  316
4962 4895 4867  316
4962 2594 2595  316
4963 4784 4700  316
4963 2904 4678  316
4964 2778 2779  316
2779 4691 4964  316
4965 4889 3177  316
3177 4790 4965  316
4966 3185 3186  316
4966 4887 4614  316
4967 4976 4661  316
4661 4899 4967  316
4968 4860 4889  316
4889 4965 4968  316
4969 4949 4631  316
4969 4838 2915  316
4970 3176 4889  316
4889 4860 4970  316
4971 2634 4890  316
4890 4781 4971  316
4972 4724 4814  316
4814 4715 4972  316
2618 4620 4973  316
4973 4904 4609  316
4974 4919 4965  316
4965 4790 4974  316
4975 2680 2681  316
4975 4770 4624  316
4976 4784 4849  316
4976 4840 4661  316
4709 4730 4977  316
4977 4722 4639  316
4978 4641 4958  316
4978 2726 4910  316
4662 4917 4979  316
4979 3156 3157  316
4980 4956 4685  316
4980 4707 4816  316
4947 4721 4981  316
4981 4795 4778  316
4982 3151 4745  316
4982 4758 4883  316
4983 4936 4953  316
4983 4829 4800  316
561 564 3047  317
3046 5006 3043  317
3056 3078 3057  317
4999 3085 3084  317
5006 3072 577  317
562 3044 3071  317
3085 3081 3086  317
3128 4999 3084  317
3074 4997 3052  317
3130 5016 3091  317
3128 3084 584  317
3096 4987 3097  317
5016 3130 609  317
5001 5002 3199  317
5016 3092 3091  317
3125 3139 607  317
3114 3110 3109  317
4985 3136 612  317
5017 602 5003  317
3111 3135 599  317
5003 3205 3206  317
4985 3110 3113  317
602 605 3121  317
3112 600 3136  317
3124 5015 3125  317
5014 3138 613  317
3007 3012 3011  317
541 5007 4994  317
3140 5015 3142  317
5004 3068 575  317
3030 3067 554  317
3000 3004 3001  317
3145 4995 4990  317
3036 3040 3039  317
3036 4984 3037  317
541 3012 3007  317
549 3026 3021  317
3072 3045 563  317
3072 5006 3045  317
3071 5006 577  317
3042 3046 3043  317
4984 3036 3039  317
3070 4984 3038  317
3050 4997 3051  317
4993 5005 3227  317
3047 3046 3042  317
5006 3046 3045  317
3038 559 3070  317
4984 3070 576  317
3054 3050 3049  317
3068 5004 3031  317
3222 4996 3221  317
3028 556 3033  317
555 3068 3031  317
3069 4984 576  317
3028 3032 3029  317
3037 3069 558  317
5004 3029 3032  317
3032 3028 3033  317
4996 3223 560  317
3040 3036 3035  317
3027 5012 553  317
556 4996 3034  317
3223 3041 560  317
560 3035 557  317
3223 5009 3041  317
3040 3035 560  317
3041 5009 561  317
561 3047 3042  317
4996 560 557  317
5012 3221 4996  317
3223 4996 3222  317
3048 5009 5005  317
3048 5005 565  317
561 5009 564  317
3054 565 568  317
4993 580 569  317
568 4993 3055  317
5002 3094 589  317
619 4993 3228  317
5009 3048 564  317
3050 3054 3053  317
5005 3225 3226  317
5005 4993 568  317
565 3054 3049  317
4997 3074 578  317
3051 3073 566  317
4997 3050 3053  317
3073 4997 578  317
3052 567 3074  317
3078 4998 3057  317
3058 3057 4998  317
3058 3075 570  317
3075 4998 579  317
4998 3126 579  317
3126 4998 3077  317
3126 3077 581  317
3079 3056 569  317
3081 3085 3082  317
3078 3056 3079  317
3087 5002 586  317
3086 3081 582  317
4993 5008 580  317
3196 5008 3195  317
3079 569 580  317
5008 619 3195  317
3093 3089 3088  317
3089 3093 3092  317
3085 4999 3082  317
3086 582 585  317
5002 3087 4992  317
4999 3128 608  317
3127 4999 608  317
5005 5009 3225  317
3083 3127 583  317
3093 3088 586  317
3092 5016 3089  317
3129 5016 609  317
3091 588 3130  317
587 3090 3129  317
3132 4987 3098  317
3094 5001 590  317
5001 4989 593  317
3095 3100 3099  317
3093 586 589  317
3095 3099 3096  317
4987 3132 610  317
3097 3131 591  317
3131 4987 610  317
3104 3133 595  317
3099 3098 4987  317
592 3132 3098  317
3100 3095 590  317
5013 3134 611  317
3203 4989 3202  317
4988 4989 3203  317
3133 5013 611  317
3102 3106 3103  317
3103 5013 3104  317
3134 5013 3105  317
593 4989 3101  317
5001 3199 3200  317
3106 3102 3107  317
3100 590 593  317
4989 597 594  317
597 4988 3108  317
4989 5001 3201  317
3198 4992 3197  317
3094 5002 5001  317
5002 4992 3198  317
4992 3087 585  317
582 4992 585  317
5008 4992 582  317
5008 4993 619  317
4989 4988 597  317
3205 5003 4988  317
3205 4988 3204  317
4988 3203 3204  317
602 5017 605  317
4995 5017 3209  317
4988 5003 601  317
3110 4985 3111  317
601 5003 3115  317
3110 3114 3113  317
3102 597 3107  317
597 3102 594  317
596 3134 3105  317
5013 3103 3106  317
3137 5014 613  317
3136 4985 3112  317
3135 4985 612  317
603 3118 3137  317
3121 3116 602  317
601 3109 598  317
3207 5017 5003  317
3118 3117 5014  317
3114 3109 601  317
3144 3123 606  317
3120 3116 3121  317
3138 5014 3119  317
604 3138 3119  317
3120 5014 3117  317
3116 3120 3117  317
3060 5010 3003  317
3004 3000 3005  317
5015 3140 614  317
5015 3124 3143  317
3139 5015 614  317
3143 3124 3144  317
615 3140 3142  317
605 5017 3122  317
606 616 3144  317
3123 3144 3124  317
3208 3209 5017  317
606 5017 4995  317
4990 5007 540  317
538 3005 3000  317
4995 3145 616  317
4995 3211 4990  317
3145 4990 538  317
4986 3011 3010  317
5010 3060 571  317
537 3002 3141  317
3141 5010 571  317
5007 541 3006  317
5010 3004 3003  317
4986 3062 572  317
3060 3003 539  317
3004 5010 3001  317
3009 3061 542  317
3061 4986 572  317
3062 4986 3010  317
3062 3010 543  317
3011 4986 3008  317
5000 3064 573  317
545 5011 548  317
3215 545 3013  317
5000 3018 3017  317
3011 3008 3007  317
3015 3019 3018  317
5011 3218 549  317
3012 541 544  317
5007 3213 4994  317
3005 538 540  317
3215 4994 3214  317
541 4994 544  317
3215 5011 545  317
620 5007 4990  317
3211 620 4990  317
3218 5011 3217  317
3217 5011 3216  317
4994 3215 3013  317
3213 5007 3212  317
5012 3218 3219  317
3218 552 549  317
5011 3215 3216  317
3018 5000 3015  317
3019 3015 3014  317
3029 5004 3030  317
3218 5012 552  317
3066 3024 551  317
552 5012 3027  317
5012 4996 556  317
556 3028 553  317
4991 3066 574  317
4991 3022 3025  317
3067 5004 575  317
3066 4991 3024  317
3026 549 552  317
3025 3022 3021  317
3021 3026 3025  317
3022 4991 3023  317
3023 3065 550  317
3065 4991 574  317
3017 547 3064  317
545 3019 3014  317
3019 545 548  317
3063 5000 573  317
3016 3063 546  317
3064 5000 3017  317
3039 3038 4984  317
4984 3069 3037  317
3113 3112 4985  317
4985 3135 3111  317
4986 3061 3009  317
3009 3008 4986  317
4987 3131 3097  317
4987 3096 3099  317
4988 601 598  317
598 3108 4988  317
594 3101 4989  317
4989 3201 3202  317
4990 540 538  317
3211 4995 3210  317
3025 3024 4991  317
4991 3065 3023  317
4992 5008 3196  317
3196 3197 4992  317
569 3055 4993  317
4993 3227 3228  317
3213 3214 4994  317
4994 3013 544  317
616 606 4995  317
4995 3209 3210  317
557 3034 4996  317
3221 5012 3220  317
3053 3052 4997  317
4997 3073 3051  317
4998 3078 3077  317
4998 3075 3058  317
4999 3127 3083  317
3083 3082 4999  317
5000 3063 3016  317
3016 3015 5000  317
3200 3201 5001  317
5001 593 590  317
589 586 5002  317
5002 3198 3199  317
3206 3207 5003  317
5003 602 3115  317
3032 3031 5004  317
5004 3067 3030  317
3226 3227 5005  317
5005 568 565  317
5006 3071 3044  317
3044 3043 5006  317
3006 540 5007  317
5007 620 3212  317
5008 582 3080  317
3080 580 5008  317
5009 3223 3224  317
3224 3225 5009  317
5010 3141 3002  317
3002 3001 5010  317
5011 549 3020  317
3020 548 5011  317
3219 3220 5012  317
5012 556 553  317
3106 3105 5013  317
5013 3133 3104  317
5014 3120 3119  317
5014 3137 3118  317
3143 3142 5015  317
5015 3139 3125  317
5016 3129 3090  317
3090 3089 5016  317
5017 606 3122  317
5017 3207 3208  317
3181 5021 3182  318
5021 3181 5019  318
5019 3223 3222  318
3194 5024 3229  318
5020 3174 3173  318
5019 5025 3223  318
5020 3230 3228  318
3223 5025 3224  318
3179 5019 3180  318
3225 5025 5018  318
3174 5018 3175  318
5023 3186 3185  318
5020 3226 5018  318
5020 3171 3230  318
5025 3176 5018  318
3171 5020 3172  318
3179 5025 5019  318
5018 3176 3175  318
3176 5025 3177  318
3174 5020 5018  318
3230 3171 618  318
5025 3179 3178  318
5021 3221 3220  318
5023 3184 5021  318
3217 5023 3218  318
5026 5023 3217  318
3228 3230 619  318
5026 3217 3216  318
3186 5026 3187  318
3189 5026 5022  318
5026 3186 5023  318
3191 5024 3192  318
5024 3214 3213  318
3215 5026 3216  318
3229 5024 3212  318
3194 3229 617  318
5024 3191 5022  318
3189 5022 3190  318
3184 5023 3185  318
3221 5021 5019  318
3219 5021 3220  318
5026 3215 5022  318
3214 5024 5022  318
3212 5024 3213  318
3229 3212 620  318
3226 5020 3227  318
3226 3225 5018  318
3222 3221 5019  318
5019 3181 3180  318
3173 3172 5020  318
5020 3228 3227  318
5021 3184 3183  318
3183 3182 5021  318
3215 3214 5022  318
5022 3191 3190  318
5023 5021 3219  318
3219 3218 5023  318
5024 3194 3193  318
3193 3192 5024  318
3178 3177 5025  318
5025 3225 3224  318
5026 3189 3188  318
3188 3187 5026  318
5037 3155 5029  319
3164 5031 3165  319
3153 5030 5029  319
5030 3152 3151  319
3146 5032 3147  319
5032 3148 3147  319
3229 620 3211  319
5030 3150 5027  319
3208 5027 3209  319
5030 3153 3152  319
3150 5030 3151  319
3229 3146 617  319
3205 5029 3206  319
3148 5032 5027  319
5037 3157 3156  319
5032 3146 3229  319
3157 5037 5034  319
3148 5027 3149  319
5034 5037 3204  319
5029 5030 3207  319
3157 5034 3158  319
5033 5035 3201  319
3155 5037 3156  319
5029 3155 3154  319
3163 5033 5031  319
3161 5033 3162  319
3163 5031 3164  319
5035 5034 3202  319
3159 5035 3160  319
5028 5031 3198  319
5036 3168 5028  319
5027 5032 3210  319
3230 5036 3195  319
3168 5036 3169  319
5028 3198 3197  319
3170 3230 618  319
3170 5036 3230  319
3161 5035 5033  319
5035 3159 5034  319
5033 3201 3200  319
3202 5034 3203  319
619 3230 3195  319
3166 5031 5028  319
3199 5033 3200  319
5036 5028 3196  319
3196 5028 3197  319
3150 3149 5027  319
5027 3210 3209  319
5028 3168 3167  319
3167 3166 5028  319
3154 3153 5029  319
5029 3207 3206  319
5030 5027 3208  319
3208 3207 5030  319
3199 3198 5031  319
5031 3166 3165  319
5032 3229 3211  319
3211 3210 5032  319
5033 3199 5031  319
5033 3163 3162  319
3159 3158 5034  319
5034 3204 3203  319
3202 3201 5035  319
5035 3161 3160  319
3196 3195 5036  319
5036 3170 3169  319
5037 5029 3205  319
3205 3204 5037  319
Edges
3537
1 621  1
621 2  1
2 622  2
622 623  2
623 624  2
624 3  2
3 4  3
1 625  4
625 4  4
5 626  5
626 627  5
627 628  5
628 629  5
629 630  5
630 631  5
631 632  5
632 633  5
633 634  5
634 635  5
635 636  5
636 637  5
637 6  5
6 7  6
7 638  7
638 639  7
639 640  7
640 641  7
641 642  7
642 643  7
643 644  7
644 645  7
645 646  7
646 647  7
647 648  7
648 649  7
649 650  7
650 8  7
8 5  8
9 651  9
651 10  9
11 652  10
652 10  10
11 12  11
12 653  12
653 654  12
654 9  12
13 655  13
655 656  13
656 657  13
657 658  13
658 14  13
14 15  14
15 659  15
659 660  15
660 661  15
661 662  15
662 16  15
13 16  16
16 663  17
663 664  17
664 665  17
665 666  17
666 667  17
667 668  17
668 669  17
669 670  17
670 671  17
671 672  17
672 673  17
673 674  17
674 17  17
17 18  18
18 675  19
675 676  19
676 677  19
677 678  19
678 679  19
679 680  19
680 681  19
681 682  19
682 683  19
683 684  19
684 685  19
685 686  19
686 687  19
687 13  19
19 688  20
688 689  20
689 690  20
690 691  20
691 20  20
20 21  21
21 692  22
692 693  22
693 694  22
694 695  22
695 22  22
19 22  23
23 696  24
696 697  24
697 698  24
698 24  24
15 699  25
699 700  25
700 23  25
24 701  26
701 702  26
702 17  26
25 23  27
10 703  28
703 704  28
704 25  28
14 705  29
705 9  29
25 706  30
706 26  30
26 707  31
707 708  31
708 11  31
27 709  32
709 26  32
27 710  33
710 711  33
711 712  33
712 6  33
12 713  34
713 7  34
28 714  35
714 29  35
4 715  36
715 716  36
716 28  36
20 717  37
717 3  37
21 718  38
718 719  38
719 720  38
720 29  38
30 721  39
721 722  39
722 1  39
28 723  40
723 30  40
24 30  41
2 724  42
724 18  42
31 725  43
725 726  43
726 727  43
727 728  43
728 729  43
729 27  43
32 730  44
730 31  44
33 731  45
731 732  45
732 733  45
733 734  45
734 735  45
735 32  45
33 736  46
736 737  46
737 738  46
738 739  46
739 5  46
8 740  47
740 741  47
741 742  47
742 743  47
743 34  47
34 33  48
34 744  49
744 35  49
35 745  50
745 36  50
36 746  51
746 747  51
747 748  51
748 749  51
749 750  51
750 751  51
751 752  51
752 753  51
753 754  51
754 755  51
755 756  51
756 757  51
757 758  51
758 37  51
38 759  52
759 760  52
760 761  52
761 762  52
762 763  52
763 764  52
764 765  52
765 766  52
766 767  52
767 768  52
768 769  52
769 770  52
770 771  52
771 772  52
772 773  52
773 774  52
774 37  52
38 775  53
775 776  53
776 777  53
777 778  53
778 779  53
779 780  53
780 781  53
781 782  53
782 783  53
783 784  53
784 785  53
785 786  53
786 787  53
787 39  53
39 788  54
788 40  54
40 789  55
789 41  55
41 790  56
790 791  56
791 792  56
792 793  56
793 794  56
794 795  56
795 796  56
796 797  56
797 798  56
798 799  56
799 800  56
800 801  56
801 802  56
802 19  56
22 803  57
803 804  57
804 805  57
805 806  57
806 807  57
807 808  57
808 809  57
809 810  57
810 811  57
811 812  57
812 813  57
813 814  57
814 42  57
42 41  58
43 815  59
815 44  59
29 43  60
44 816  61
816 817  61
817 818  61
818 819  61
819 820  61
820 42  61
45 821  62
821 822  62
822 823  62
823 824  62
824 825  62
825 826  62
826 827  62
827 828  62
828 829  62
829 830  62
830 831  62
831 832  62
832 833  62
833 46  62
46 834  63
834 835  63
835 836  63
836 837  63
837 47  63
48 838  64
838 839  64
839 840  64
840 841  64
841 842  64
842 843  64
843 844  64
844 47  64
48 845  65
845 846  65
846 847  65
847 49  65
49 848  66
848 849  66
849 850  66
850 851  66
851 852  66
852 853  66
853 854  66
854 855  66
855 856  66
856 857  66
857 858  66
858 859  66
859 860  66
860 50  66
45 861  67
861 862  67
862 863  67
863 864  67
864 865  67
865 866  67
866 867  67
867 868  67
868 869  67
869 870  67
870 871  67
871 872  67
872 873  67
873 874  67
874 875  67
875 876  67
876 50  67
51 877  68
877 878  68
878 879  68
879 52  68
52 880  69
880 53  69
53 881  70
881 882  70
882 883  70
883 884  70
884 885  70
885 886  70
886 887  70
887 888  70
888 889  70
889 890  70
890 51  70
54 891  71
891 892  71
892 893  71
893 55  71
55 894  72
894 56  72
56 895  73
895 896  73
896 897  73
897 898  73
898 899  73
899 900  73
900 901  73
901 902  73
902 903  73
903 904  73
904 54  73
57 905  74
905 58  74
58 906  75
906 907  75
907 59  75
59 60  76
57 908  77
908 60  77
58 909  78
909 910  78
910 911  78
911 912  78
912 913  78
913 914  78
914 915  78
915 916  78
916 917  78
917 61  78
62 918  79
918 919  79
919 61  79
62 920  80
920 921  80
921 922  80
922 59  80
61 923  81
923 63  81
64 924  82
924 63  82
64 62  83
63 925  84
925 926  84
926 927  84
927 928  84
928 65  84
65 929  85
929 66  85
66 930  86
930 931  86
931 64  86
67 932  87
932 933  87
933 68  87
68 934  88
934 69  88
69 935  89
935 936  89
936 70  89
70 937  90
937 67  90
68 938  91
938 71  91
71 939  92
939 940  92
940 941  92
941 72  92
72 69  93
71 942  94
942 943  94
943 944  94
944 945  94
945 946  94
946 947  94
947 948  94
948 949  94
949 950  94
950 951  94
951 952  94
952 953  94
953 73  94
74 954  95
954 955  95
955 956  95
956 73  95
74 957  96
957 958  96
958 959  96
959 72  96
73 960  97
960 75  97
76 961  98
961 75  98
76 74  99
77 67  100
70 962  101
962 78  101
78 79  102
79 45  103
50 80  104
80 963  105
963 964  105
964 965  105
965 966  105
966 967  105
967 81  105
81 968  106
968 66  106
65 82  107
82 969  108
969 970  108
970 971  108
971 77  108
83 972  109
972 973  109
973 974  109
974 84  109
84 975  110
975 976  110
976 977  110
977 978  110
978 979  110
979 980  110
980 981  110
981 982  110
982 983  110
983 984  110
984 85  110
85 985  111
985 83  111
86 986  112
986 987  112
987 988  112
988 87  112
87 989  113
989 990  113
990 991  113
991 992  113
992 993  113
993 994  113
994 995  113
995 996  113
996 997  113
997 998  113
998 88  113
88 999  114
999 86  114
43 89  115
89 1000  116
1000 1001  116
1001 1002  116
1002 1003  116
1003 1004  116
1004 1005  116
1005 1006  116
1006 1007  116
1007 1008  116
1008 1009  116
1009 1010  116
1010 1011  116
1011 1012  116
1012 1013  116
1013 1014  116
1014 1015  116
1015 90  116
90 31  117
91 1016  118
1016 1017  118
1017 1018  118
1018 1019  118
1019 1020  118
1020 1021  118
1021 1022  118
1022 1023  118
1023 1024  118
1024 1025  118
1025 1026  118
1026 1027  118
1027 1028  118
1028 90  118
92 1029  119
1029 32  119
92 1030  120
1030 1031  120
1031 1032  120
1032 1033  120
1033 1034  120
1034 1035  120
1035 1036  120
1036 1037  120
1037 1038  120
1038 1039  120
1039 93  120
93 1040  121
1040 1041  121
1041 91  121
94 1042  122
1042 1043  122
1043 1044  122
1044 1045  122
1045 1046  122
1046 92  122
35 1047  123
1047 94  123
95 1048  124
1048 94  124
95 1049  125
1049 36  125
37 1050  126
1050 96  126
96 1051  127
1051 1052  127
1052 1053  127
1053 1054  127
1054 1055  127
1055 1056  127
1056 1057  127
1057 1058  127
1058 1059  127
1059 1060  127
1060 1061  127
1061 1062  127
1062 1063  127
1063 95  127
97 1064  128
1064 1065  128
1065 1066  128
1066 1067  128
1067 1068  128
1068 1069  128
1069 1070  128
1070 1071  128
1071 1072  128
1072 1073  128
1073 96  128
97 1074  129
1074 38  129
98 1075  130
1075 1076  130
1076 1077  130
1077 1078  130
1078 1079  130
1079 1080  130
1080 1081  130
1081 1082  130
1082 1083  130
1083 1084  130
1084 1085  130
1085 1086  130
1086 1087  130
1087 97  130
98 1088  131
1088 39  131
99 1089  132
1089 40  132
99 1090  133
1090 98  133
44 1091  134
1091 100  134
100 1092  135
1092 1093  135
1093 1094  135
1094 1095  135
1095 1096  135
1096 99  135
101 1097  136
1097 1098  136
1098 1099  136
1099 1100  136
1100 1101  136
1101 1102  136
1102 1103  136
1103 1104  136
1104 1105  136
1105 1106  136
1106 100  136
89 1107  137
1107 1108  137
1108 1109  137
1109 1110  137
1110 1111  137
1111 1112  137
1112 1113  137
1113 1114  137
1114 1115  137
1115 1116  137
1116 1117  137
1117 1118  137
1118 1119  137
1119 102  137
101 1120  138
1120 1121  138
1121 102  138
103 1122  139
1122 1123  139
1123 1124  139
1124 1125  139
1125 1126  139
1126 1127  139
1127 1128  139
1128 1129  139
1129 1130  139
1130 1131  139
1131 104  139
87 1132  140
1132 104  140
103 1133  141
1133 88  141
105 1134  142
1134 86  142
105 1135  143
1135 103  143
106 1136  144
1136 1137  144
1137 1138  144
1138 1139  144
1139 1140  144
1140 1141  144
1141 1142  144
1142 1143  144
1143 1144  144
1144 1145  144
1145 107  144
84 1146  145
1146 107  145
106 1147  146
1147 85  146
108 1148  147
1148 83  147
108 1149  148
1149 106  148
109 1150  149
1150 1151  149
1151 1152  149
1152 1153  149
1153 1154  149
1154 1155  149
1155 1156  149
1156 1157  149
1157 1158  149
1158 1159  149
1159 110  149
111 1160  150
1160 110  150
79 1161  151
1161 111  151
109 1162  152
1162 46  152
47 1163  153
1163 112  153
112 1164  154
1164 1165  154
1165 1166  154
1166 1167  154
1167 109  154
113 1168  155
1168 1169  155
1169 1170  155
1170 1171  155
1171 1172  155
1172 1173  155
1173 1174  155
1174 112  155
113 1175  156
1175 1176  156
1176 48  156
114 1177  157
1177 1178  157
1178 1179  157
1179 1180  157
1180 113  157
114 1181  158
1181 49  158
115 1182  159
1182 80  159
116 1183  160
1183 115  160
116 1184  161
1184 1185  161
1185 1186  161
1186 1187  161
1187 1188  161
1188 1189  161
1189 1190  161
1190 1191  161
1191 1192  161
1192 1193  161
1193 114  161
117 1194  162
1194 118  162
55 1195  163
1195 118  163
117 1196  164
1196 56  164
119 1197  165
1197 54  165
119 1198  166
1198 1199  166
1199 1200  166
1200 1201  166
1201 1202  166
1202 1203  166
1203 1204  166
1204 1205  166
1205 1206  166
1206 1207  166
1207 117  166
120 1208  167
1208 121  167
52 1209  168
1209 121  168
120 1210  169
1210 53  169
122 1211  170
1211 51  170
122 1212  171
1212 1213  171
1213 1214  171
1214 1215  171
1215 1216  171
1216 1217  171
1217 1218  171
1218 1219  171
1219 1220  171
1220 1221  171
1221 120  171
123 1222  172
1222 124  172
123 1223  173
1223 1224  173
1224 1225  173
1225 1226  173
1226 1227  173
1227 1228  173
1228 1229  173
1229 1230  173
1230 1231  173
1231 1232  173
1232 1233  173
1233 125  173
126 1234  174
1234 125  174
121 1235  175
1235 1236  175
1236 1237  175
1237 1238  175
1238 126  175
124 1239  176
1239 1240  176
1240 1241  176
1241 122  176
127 1242  177
1242 128  177
127 1243  178
1243 1244  178
1244 1245  178
1245 1246  178
1246 1247  178
1247 1248  178
1248 1249  178
1249 1250  178
1250 1251  178
1251 1252  178
1252 1253  178
1253 115  178
118 1254  179
1254 1255  179
1255 1256  179
1256 1257  179
1257 1258  179
1258 116  179
128 1259  180
1259 1260  180
1260 1261  180
1261 1262  180
1262 119  180
75 1263  181
1263 1264  181
1264 129  181
129 1265  182
1265 130  182
130 1266  183
1266 1267  183
1267 76  183
131 1268  184
1268 130  184
131 1269  185
1269 1270  185
1270 1271  185
1271 1272  185
1272 1273  185
1273 1274  185
1274 1275  185
1275 1276  185
1276 1277  185
1277 78  185
132 1278  186
1278 1279  186
1279 1280  186
1280 1281  186
1281 1282  186
1282 133  186
81 1283  187
1283 1284  187
1284 1285  187
1285 1286  187
1286 1287  187
1287 1288  187
1288 1289  187
1289 1290  187
1290 1291  187
1291 132  187
133 1292  188
1292 127  188
134 1293  189
1293 132  189
60 1294  190
1294 1295  190
1295 134  190
135 1296  191
1296 1297  191
1297 1298  191
1298 1299  191
1299 57  191
134 1300  192
1300 135  192
136 135  193
136 1301  194
1301 1302  194
1302 1303  194
1303 1304  194
1304 1305  194
1305 1306  194
1306 1307  194
1307 1308  194
1308 1309  194
1309 1310  194
1310 1311  194
1311 1312  194
1312 1313  194
1313 1314  194
1314 1315  194
1315 1316  194
1316 1317  194
1317 1318  194
1318 1319  194
1319 1320  194
1320 1321  194
1321 82  194
137 1322  195
1322 1323  195
1323 1324  195
1324 136  195
77 1325  196
1325 1326  196
1326 1327  196
1327 1328  196
1328 1329  196
1329 1330  196
1330 1331  196
1331 1332  196
1332 1333  196
1333 1334  196
1334 1335  196
1335 1336  196
1336 1337  196
1337 1338  196
1338 1339  196
1339 1340  196
1340 1341  196
1341 1342  196
1342 1343  196
1343 1344  196
1344 1345  196
1345 137  196
129 137  197
138 1346  198
1346 139  198
111 1347  199
1347 1348  199
1348 1349  199
1349 1350  199
1350 1351  199
1351 1352  199
1352 1353  199
1353 1354  199
1354 1355  199
1355 1356  199
1356 1357  199
1357 138  199
139 1358  200
1358 1359  200
1359 1360  200
1360 1361  200
1361 1362  200
1362 1363  200
1363 1364  200
1364 131  200
140 1365  201
1365 138  201
107 1366  202
1366 1367  202
1367 1368  202
1368 1369  202
1369 1370  202
1370 140  202
110 1371  203
1371 1372  203
1372 1373  203
1373 1374  203
1374 1375  203
1375 108  203
141 1376  204
1376 142  204
104 1377  205
1377 1378  205
1378 1379  205
1379 1380  205
1380 1381  205
1381 141  205
143 1382  206
1382 1383  206
1383 1384  206
1384 105  206
144 1385  207
1385 143  207
144 1386  208
1386 1387  208
1387 1388  208
1388 1389  208
1389 1390  208
1390 1391  208
1391 1392  208
1392 1393  208
1393 1394  208
1394 1395  208
1395 1396  208
1396 142  208
102 1397  209
1397 1398  209
1398 1399  209
1399 1400  209
1400 145  209
145 146  210
142 1401  211
1401 146  211
141 1402  212
1402 101  212
147 1403  213
1403 1404  213
1404 1405  213
1405 1406  213
1406 1407  213
1407 1408  213
1408 1409  213
1409 1410  213
1410 1411  213
1411 1412  213
1412 1413  213
1413 1414  213
1414 1415  213
1415 1416  213
1416 1417  213
1417 1418  213
1418 1419  213
1419 1420  213
1420 1421  213
1421 1422  213
1422 145  213
147 1423  214
1423 1424  214
1424 1425  214
1425 1426  214
1426 91  214
93 1427  215
1427 124  215
148 1428  216
1428 123  216
148 147  217
149 1429  218
1429 1430  218
1430 1431  218
1431 1432  218
1432 1433  218
1433 1434  218
1434 1435  218
1435 1436  218
1436 1437  218
1437 1438  218
1438 1439  218
1439 1440  218
1440 150  218
150 151  219
151 1441  220
1441 1442  220
1442 1443  220
1443 1444  220
1444 1445  220
1445 1446  220
1446 1447  220
1447 1448  220
1448 1449  220
1449 1450  220
1450 1451  220
1451 1452  220
1452 152  220
152 149  221
152 1453  222
1453 153  222
154 1454  223
1454 151  223
153 1455  224
1455 1456  224
1456 1457  224
1457 1458  224
1458 1459  224
1459 1460  224
1460 1461  224
1461 1462  224
1462 1463  224
1463 1464  224
1464 1465  224
1465 1466  224
1466 154  224
155 156  225
157 156  226
158 1467  227
1467 1468  227
1468 1469  227
1469 1470  227
1470 157  227
159 1471  228
1471 1472  228
1472 1473  228
1473 1474  228
1474 158  228
160 159  229
161 1475  230
1475 1476  230
1476 1477  230
1477 1478  230
1478 1479  230
1479 1480  230
1480 1481  230
1481 1482  230
1482 1483  230
1483 1484  230
1484 1485  230
1485 1486  230
1486 160  230
162 161  231
163 1487  232
1487 1488  232
1488 1489  232
1489 1490  232
1490 162  232
164 1491  233
1491 1492  233
1492 1493  233
1493 1494  233
1494 163  233
165 164  234
165 166  235
166 167  236
167 168  237
168 169  238
169 170  239
170 171  240
171 172  241
173 172  242
173 174  243
174 175  244
175 176  245
176 177  246
177 178  247
178 179  248
179 180  249
181 180  250
181 182  251
182 183  252
183 184  253
184 185  254
185 186  255
186 187  256
187 188  257
189 188  258
189 190  259
190 191  260
191 192  261
192 193  262
193 194  263
194 195  264
195 196  265
197 196  266
197 198  267
198 199  268
199 200  269
200 201  270
201 202  271
202 203  272
203 204  273
205 204  274
205 206  275
206 207  276
207 208  277
208 209  278
209 210  279
210 155  280
161 1495  281
1495 211  281
212 1496  282
1496 160  282
211 1497  283
1497 1498  283
1498 1499  283
1499 1500  283
1500 1501  283
1501 1502  283
1502 1503  283
1503 1504  283
1504 1505  283
1505 1506  283
1506 1507  283
1507 1508  283
1508 212  283
213 1509  284
1509 1510  284
1510 1511  284
1511 1512  284
1512 1513  284
1513 1514  284
1514 1515  284
1515 1516  284
1516 1517  284
1517 1518  284
1518 1519  284
1519 1520  284
1520 214  284
214 211  285
212 213  286
215 1521  287
1521 1522  287
1522 1523  287
1523 213  287
215 1524  288
1524 1525  288
1525 1526  288
1526 1527  288
1527 1528  288
1528 1529  288
1529 1530  288
1530 1531  288
1531 1532  288
1532 1533  288
1533 1534  288
1534 1535  288
1535 1536  288
1536 1537  288
1537 1538  288
1538 1539  288
1539 1540  288
1540 1541  288
1541 1542  288
1542 1543  288
1543 1544  288
1544 1545  288
1545 1546  288
1546 1547  288
1547 1548  288
1548 1549  288
1549 1550  288
1550 1551  288
1551 1552  288
1552 1553  288
1553 1554  288
1554 1555  288
1555 1556  288
1556 1557  288
1557 1558  288
1558 1559  288
1559 1560  288
1560 1561  288
1561 1562  288
1562 1563  288
1563 1564  288
1564 1565  288
1565 1566  288
1566 1567  288
1567 1568  288
1568 1569  288
1569 1570  288
1570 1571  288
1571 1572  288
1572 1573  288
1573 1574  288
1574 1575  288
1575 1576  288
1576 1577  288
1577 1578  288
1578 1579  288
1579 1580  288
1580 1581  288
1581 1582  288
1582 216  288
214 1583  289
1583 1584  289
1584 1585  289
1585 216  289
217 1586  290
1586 1587  290
1587 1588  290
1588 1589  290
1589 1590  290
1590 1591  290
1591 1592  290
1592 1593  290
1593 1594  290
1594 1595  290
1595 215  290
218 1596  291
1596 1597  291
1597 1598  291
1598 1599  291
1599 1600  291
1600 1601  291
1601 1602  291
1602 1603  291
1603 1604  291
1604 1605  291
1605 1606  291
1606 1607  291
1607 1608  291
1608 1609  291
1609 1610  291
1610 1611  291
1611 1612  291
1612 1613  291
1613 1614  291
1614 1615  291
1615 1616  291
1616 1617  291
1617 1618  291
1618 1619  291
1619 1620  291
1620 1621  291
1621 1622  291
1622 1623  291
1623 1624  291
1624 1625  291
1625 1626  291
1626 1627  291
1627 1628  291
1628 1629  291
1629 1630  291
1630 1631  291
1631 1632  291
1632 1633  291
1633 1634  291
1634 1635  291
1635 1636  291
1636 1637  291
1637 1638  291
1638 1639  291
1639 1640  291
1640 1641  291
1641 1642  291
1642 1643  291
1643 1644  291
1644 1645  291
1645 1646  291
1646 1647  291
1647 1648  291
1648 1649  291
1649 1650  291
1650 1651  291
1651 217  291
216 1652  292
1652 1653  292
1653 1654  292
1654 1655  292
1655 1656  292
1656 1657  292
1657 1658  292
1658 1659  292
1659 1660  292
1660 1661  292
1661 1662  292
1662 1663  292
1663 218  292
126 1664  293
1664 1665  293
1665 1666  293
1666 1667  293
1667 1668  293
1668 1669  293
1669 1670  293
1670 1671  293
1671 1672  293
1672 1673  293
1673 219  293
219 1674  294
1674 128  294
140 1675  295
1675 220  295
220 1676  296
1676 1677  296
1677 1678  296
1678 1679  296
1679 1680  296
1680 1681  296
1681 1682  296
1682 1683  296
1683 1684  296
1684 1685  296
1685 143  296
150 1686  297
1686 1687  297
1687 1688  297
1688 217  297
218 1689  298
1689 1690  298
1690 1691  298
1691 149  298
221 222  299
222 223  300
223 224  301
224 225  302
225 226  303
226 227  304
227 228  305
229 228  306
229 230  307
230 231  308
231 232  309
232 233  310
233 234  311
234 235  312
235 236  313
237 236  314
237 238  315
238 239  316
239 240  317
240 241  318
241 242  319
242 243  320
243 244  321
245 244  322
245 246  323
246 247  324
247 248  325
248 249  326
249 250  327
250 251  328
251 252  329
253 252  330
253 254  331
254 255  332
255 256  333
256 257  334
257 258  335
258 259  336
259 260  337
261 260  338
261 262  339
262 263  340
263 264  341
264 265  342
265 266  343
266 267  344
267 268  345
269 268  346
270 1692  347
1692 1693  347
1693 1694  347
1694 1695  347
1695 269  347
271 1696  348
1696 1697  348
1697 1698  348
1698 1699  348
1699 270  348
153 271  349
272 154  350
273 1700  351
1700 1701  351
1701 1702  351
1702 1703  351
1703 272  351
274 1704  352
1704 1705  352
1705 1706  352
1706 1707  352
1707 273  352
221 274  353
275 1708  354
1708 1709  354
1709 276  354
276 1710  355
1710 277  355
277 1711  356
1711 1712  356
1712 278  356
278 1713  357
1713 275  357
276 1714  358
1714 279  358
279 1715  359
1715 280  359
280 277  360
281 1716  361
1716 1717  361
1717 1718  361
1718 1719  361
1719 1720  361
1720 148  361
282 1721  362
1721 1722  362
1722 1723  362
1723 1724  362
1724 1725  362
1725 1726  362
1726 1727  362
1727 1728  362
1728 1729  362
1729 281  362
283 1730  363
1730 1731  363
1731 1732  363
1732 1733  363
1733 1734  363
1734 1735  363
1735 282  363
125 1736  364
1736 283  364
278 1737  365
1737 281  365
284 1738  366
1738 1739  366
1739 1740  366
1740 280  366
285 284  367
286 1741  368
1741 1742  368
1742 285  368
282 1743  369
1743 286  369
287 1744  370
1744 1745  370
1745 1746  370
1746 1747  370
1747 1748  370
1748 1749  370
1749 1750  370
1750 1751  370
1751 1752  370
1752 1753  370
1753 1754  370
1754 1755  370
1755 1756  370
1756 288  370
288 283  371
219 1757  372
1757 1758  372
1758 287  372
133 289  373
289 1759  374
1759 1760  374
1760 1761  374
1761 1762  374
1762 287  374
289 1763  375
1763 1764  375
1764 1765  375
1765 1766  375
1766 1767  375
1767 1768  375
1768 1769  375
1769 1770  375
1770 1771  375
1771 1772  375
1772 1773  375
1773 1774  375
1774 1775  375
1775 1776  375
1776 1777  375
1777 1778  375
1778 1779  375
1779 1780  375
1780 1781  375
1781 1782  375
1782 1783  375
1783 290  375
290 139  376
291 1784  377
1784 1785  377
1785 1786  377
1786 1787  377
1787 290  377
220 1788  378
1788 1789  378
1789 291  378
292 1790  379
1790 144  379
292 293  380
293 1791  381
1791 1792  381
1792 1793  381
1793 1794  381
1794 1795  381
1795 1796  381
1796 1797  381
1797 1798  381
1798 1799  381
1799 1800  381
1800 1801  381
1801 1802  381
1802 1803  381
1803 291  381
294 292  382
295 1804  383
1804 1805  383
1805 1806  383
1806 1807  383
1807 1808  383
1808 1809  383
1809 1810  383
1810 1811  383
1811 1812  383
1812 294  383
146 1813  384
1813 1814  384
1814 1815  384
1815 1816  384
1816 1817  384
1817 1818  384
1818 1819  384
1819 1820  384
1820 295  384
295 1821  385
1821 296  385
297 1822  386
1822 294  386
298 1823  387
1823 1824  387
1824 297  387
299 298  388
300 1825  389
1825 1826  389
1826 1827  389
1827 299  389
301 300  390
296 1828  391
1828 1829  391
1829 301  391
302 1830  392
1830 303  392
301 1831  393
1831 303  393
300 1832  394
1832 302  394
303 1833  395
1833 1834  395
1834 304  395
304 1835  396
1835 296  396
304 305  397
305 1836  398
1836 1837  398
1837 1838  398
1838 306  398
306 275  399
307 308  400
307 1839  401
1839 1840  401
1840 223  401
308 1841  402
1841 1842  402
1842 222  402
309 307  403
309 1843  404
1843 1844  404
1844 224  404
310 309  405
310 1845  406
1845 1846  406
1846 225  406
311 310  407
226 1847  408
1847 1848  408
1848 311  408
312 311  409
312 1849  410
1849 1850  410
1850 227  410
313 312  411
228 1851  412
1851 1852  412
1852 313  412
314 313  413
314 1853  414
1853 1854  414
1854 229  414
315 314  415
315 1855  416
1855 1856  416
1856 230  416
316 315  417
316 1857  418
1857 1858  418
1858 231  418
317 316  419
317 1859  420
1859 1860  420
1860 232  420
318 317  421
318 1861  422
1861 1862  422
1862 233  422
319 318  423
234 1863  424
1863 1864  424
1864 319  424
320 319  425
320 1865  426
1865 1866  426
1866 235  426
321 320  427
236 1867  428
1867 1868  428
1868 321  428
322 321  429
322 1869  430
1869 1870  430
1870 237  430
323 322  431
323 1871  432
1871 1872  432
1872 238  432
324 323  433
324 1873  434
1873 1874  434
1874 239  434
325 324  435
325 1875  436
1875 1876  436
1876 240  436
326 325  437
326 1877  438
1877 1878  438
1878 241  438
327 326  439
242 1879  440
1879 1880  440
1880 327  440
328 327  441
328 1881  442
1881 1882  442
1882 243  442
329 328  443
244 1883  444
1883 1884  444
1884 329  444
330 329  445
330 1885  446
1885 1886  446
1886 245  446
331 330  447
331 1887  448
1887 1888  448
1888 246  448
332 331  449
332 1889  450
1889 1890  450
1890 247  450
333 332  451
333 1891  452
1891 1892  452
1892 248  452
334 333  453
334 1893  454
1893 1894  454
1894 249  454
335 334  455
250 1895  456
1895 1896  456
1896 335  456
336 335  457
336 1897  458
1897 1898  458
1898 251  458
337 336  459
252 1899  460
1899 1900  460
1900 337  460
338 337  461
338 1901  462
1901 1902  462
1902 253  462
339 338  463
339 1903  464
1903 1904  464
1904 254  464
340 339  465
340 1905  466
1905 1906  466
1906 255  466
341 340  467
341 1907  468
1907 1908  468
1908 256  468
342 341  469
342 1909  470
1909 1910  470
1910 257  470
343 342  471
258 1911  472
1911 1912  472
1912 343  472
344 343  473
344 1913  474
1913 1914  474
1914 259  474
345 344  475
260 1915  476
1915 1916  476
1916 345  476
346 345  477
346 1917  478
1917 1918  478
1918 261  478
347 346  479
347 1919  480
1919 1920  480
1920 262  480
348 347  481
348 1921  482
1921 1922  482
1922 263  482
349 348  483
349 1923  484
1923 1924  484
1924 264  484
350 349  485
350 1925  486
1925 1926  486
1926 265  486
351 350  487
266 1927  488
1927 1928  488
1928 351  488
352 351  489
352 1929  490
1929 1930  490
1930 267  490
353 352  491
268 1931  492
1931 1932  492
1932 353  492
354 353  493
269 1933  494
1933 1934  494
1934 354  494
355 1935  495
1935 1936  495
1936 270  495
354 1937  496
1937 1938  496
1938 1939  496
1939 1940  496
1940 355  496
355 1941  497
1941 1942  497
1942 1943  497
1943 1944  497
1944 356  497
356 1945  498
1945 1946  498
1946 271  498
357 1947  499
1947 1948  499
1948 1949  499
1949 1950  499
1950 1951  499
1951 1952  499
1952 1953  499
1953 1954  499
1954 1955  499
1955 356  499
162 1956  500
1956 1957  500
1957 357  500
358 1958  501
1958 1959  501
1959 163  501
357 1960  502
1960 1961  502
1961 1962  502
1962 1963  502
1963 358  502
358 1964  503
1964 1965  503
1965 1966  503
1966 1967  503
1967 359  503
359 1968  504
1968 1969  504
1969 164  504
360 1970  505
1970 1971  505
1971 165  505
360 359  506
361 360  507
361 1972  508
1972 1973  508
1973 166  508
362 361  509
167 1974  510
1974 1975  510
1975 362  510
363 362  511
363 1976  512
1976 1977  512
1977 168  512
364 363  513
364 1978  514
1978 1979  514
1979 169  514
365 364  515
365 1980  516
1980 1981  516
1981 170  516
366 365  517
366 1982  518
1982 1983  518
1983 171  518
367 366  519
172 1984  520
1984 1985  520
1985 367  520
368 1986  521
1986 1987  521
1987 173  521
368 367  522
369 368  523
369 1988  524
1988 1989  524
1989 174  524
370 369  525
175 1990  526
1990 1991  526
1991 370  526
371 370  527
371 1992  528
1992 1993  528
1993 176  528
372 371  529
372 1994  530
1994 1995  530
1995 177  530
373 372  531
373 1996  532
1996 1997  532
1997 178  532
374 373  533
374 1998  534
1998 1999  534
1999 179  534
375 374  535
180 2000  536
2000 2001  536
2001 375  536
376 2002  537
2002 2003  537
2003 181  537
376 375  538
377 376  539
377 2004  540
2004 2005  540
2005 182  540
378 377  541
183 2006  542
2006 2007  542
2007 378  542
379 378  543
379 2008  544
2008 2009  544
2009 184  544
380 379  545
380 2010  546
2010 2011  546
2011 185  546
381 380  547
381 2012  548
2012 2013  548
2013 186  548
382 381  549
382 2014  550
2014 2015  550
2015 187  550
383 382  551
188 2016  552
2016 2017  552
2017 383  552
384 2018  553
2018 2019  553
2019 189  553
384 383  554
385 384  555
385 2020  556
2020 2021  556
2021 190  556
386 385  557
191 2022  558
2022 2023  558
2023 386  558
387 386  559
387 2024  560
2024 2025  560
2025 192  560
388 387  561
388 2026  562
2026 2027  562
2027 193  562
389 388  563
389 2028  564
2028 2029  564
2029 194  564
390 389  565
390 2030  566
2030 2031  566
2031 195  566
391 390  567
196 2032  568
2032 2033  568
2033 391  568
392 2034  569
2034 2035  569
2035 197  569
392 391  570
393 392  571
393 2036  572
2036 2037  572
2037 198  572
394 393  573
199 2038  574
2038 2039  574
2039 394  574
395 394  575
395 2040  576
2040 2041  576
2041 200  576
396 395  577
396 2042  578
2042 2043  578
2043 201  578
397 396  579
397 2044  580
2044 2045  580
2045 202  580
398 397  581
398 2046  582
2046 2047  582
2047 203  582
399 398  583
204 2048  584
2048 2049  584
2049 399  584
400 2050  585
2050 2051  585
2051 205  585
400 399  586
401 400  587
401 2052  588
2052 2053  588
2053 206  588
402 401  589
207 2054  590
2054 2055  590
2055 402  590
403 402  591
403 2056  592
2056 2057  592
2057 208  592
404 403  593
404 2058  594
2058 2059  594
2059 209  594
405 404  595
405 2060  596
2060 2061  596
2061 210  596
406 405  597
406 2062  598
2062 2063  598
2063 155  598
407 406  599
156 2064  600
2064 2065  600
2065 407  600
408 407  601
157 2066  602
2066 2067  602
2067 408  602
409 2068  603
2068 2069  603
2069 158  603
408 2070  604
2070 2071  604
2071 2072  604
2072 2073  604
2073 409  604
409 2074  605
2074 2075  605
2075 2076  605
2076 2077  605
2077 410  605
410 2078  606
2078 2079  606
2079 159  606
411 2080  607
2080 2081  607
2081 2082  607
2082 2083  607
2083 2084  607
2084 2085  607
2085 2086  607
2086 2087  607
2087 2088  607
2088 410  607
272 2089  608
2089 2090  608
2090 411  608
412 2091  609
2091 2092  609
2092 273  609
411 2093  610
2093 2094  610
2094 2095  610
2095 2096  610
2096 412  610
412 2097  611
2097 2098  611
2098 2099  611
2099 2100  611
2100 413  611
413 2101  612
2101 2102  612
2102 274  612
414 2103  613
2103 2104  613
2104 221  613
414 413  614
308 414  615
415 416  616
279 2105  617
2105 2106  617
2106 415  617
306 2107  618
2107 2108  618
2108 2109  618
2109 2110  618
2110 2111  618
2111 2112  618
2112 416  618
417 2113  619
2113 2114  619
2114 2115  619
2115 2116  619
2116 2117  619
2117 2118  619
2118 415  619
284 2119  620
2119 2120  620
2120 417  620
418 417  621
285 2121  622
2121 418  622
419 2122  623
2122 2123  623
2123 2124  623
2124 2125  623
2125 2126  623
2126 418  623
419 2127  624
2127 286  624
420 419  625
420 2128  626
2128 2129  626
2129 2130  626
2130 2131  626
2131 2132  626
2132 2133  626
2133 2134  626
2134 2135  626
2135 2136  626
2136 288  626
421 2137  627
2137 2138  627
2138 2139  627
2139 2140  627
2140 2141  627
2141 422  627
293 2142  628
2142 2143  628
2143 2144  628
2144 2145  628
2145 2146  628
2146 2147  628
2147 2148  628
2148 2149  628
2149 421  628
422 2150  629
2150 2151  629
2151 2152  629
2152 2153  629
2153 2154  629
2154 420  629
423 2155  630
2155 421  630
297 2156  631
2156 423  631
424 2157  632
2157 2158  632
2158 2159  632
2159 2160  632
2160 2161  632
2161 423  632
424 2162  633
2162 298  633
425 424  634
425 2163  635
2163 299  635
426 2164  636
2164 2165  636
2165 302  636
426 2166  637
2166 2167  637
2167 2168  637
2168 2169  637
2169 2170  637
2170 425  637
427 426  638
427 2171  639
2171 2172  639
2172 2173  639
2173 2174  639
2174 2175  639
2175 2176  639
2176 305  639
416 2177  640
2177 2178  640
2178 428  640
428 2179  641
2179 2180  641
2180 427  641
429 2181  642
2181 2182  642
2182 2183  642
2183 2184  642
2184 2185  642
2185 2186  642
2186 2187  642
2187 2188  642
2188 2189  642
2189 2190  642
2190 2191  642
2191 2192  642
2192 2193  642
2193 2194  642
2194 2195  642
2195 2196  642
2196 2197  642
2197 430  642
431 430  643
429 431  645
430 2198  647
2198 2199  647
2199 2200  647
2200 2201  647
2201 2202  647
2202 2203  647
2203 2204  647
2204 2205  647
2205 2206  647
2206 2207  647
2207 2208  647
2208 2209  647
2209 2210  647
2210 2211  647
2211 2212  647
2212 2213  647
2213 2214  647
2214 429  647
432 2215  648
2215 2216  648
2216 2217  648
2217 2218  648
2218 2219  648
2219 2220  648
2220 2221  648
2221 2222  648
2222 2223  648
2223 2224  648
2224 2225  648
2225 2226  648
2226 2227  648
2227 2228  648
2228 2229  648
2229 2230  648
2230 2231  648
2231 433  648
434 433  649
432 434  651
433 2232  653
2232 2233  653
2233 2234  653
2234 2235  653
2235 2236  653
2236 2237  653
2237 2238  653
2238 2239  653
2239 2240  653
2240 2241  653
2241 2242  653
2242 2243  653
2243 2244  653
2244 2245  653
2245 2246  653
2246 2247  653
2247 2248  653
2248 432  653
435 2249  654
2249 2250  654
2250 2251  654
2251 2252  654
2252 2253  654
2253 2254  654
2254 2255  654
2255 2256  654
2256 2257  654
2257 2258  654
2258 2259  654
2259 2260  654
2260 2261  654
2261 2262  654
2262 2263  654
2263 2264  654
2264 2265  654
2265 436  654
437 436  655
435 437  657
436 2266  659
2266 2267  659
2267 2268  659
2268 2269  659
2269 2270  659
2270 2271  659
2271 2272  659
2272 2273  659
2273 2274  659
2274 2275  659
2275 2276  659
2276 2277  659
2277 2278  659
2278 2279  659
2279 2280  659
2280 2281  659
2281 2282  659
2282 435  659
438 2283  660
2283 2284  660
2284 2285  660
2285 2286  660
2286 2287  660
2287 2288  660
2288 2289  660
2289 2290  660
2290 2291  660
2291 2292  660
2292 2293  660
2293 2294  660
2294 2295  660
2295 2296  660
2296 2297  660
2297 2298  660
2298 2299  660
2299 439  660
440 439  661
438 440  663
439 2300  665
2300 2301  665
2301 2302  665
2302 2303  665
2303 2304  665
2304 2305  665
2305 2306  665
2306 2307  665
2307 2308  665
2308 2309  665
2309 2310  665
2310 2311  665
2311 2312  665
2312 2313  665
2313 2314  665
2314 2315  665
2315 2316  665
2316 438  665
441 2317  666
2317 2318  666
2318 2319  666
2319 2320  666
2320 2321  666
2321 2322  666
2322 2323  666
2323 2324  666
2324 2325  666
2325 2326  666
2326 2327  666
2327 2328  666
2328 2329  666
2329 2330  666
2330 2331  666
2331 2332  666
2332 2333  666
2333 442  666
443 442  667
441 443  669
442 2334  671
2334 2335  671
2335 2336  671
2336 2337  671
2337 2338  671
2338 2339  671
2339 2340  671
2340 2341  671
2341 2342  671
2342 2343  671
2343 2344  671
2344 2345  671
2345 2346  671
2346 2347  671
2347 2348  671
2348 2349  671
2349 2350  671
2350 441  671
444 2351  672
2351 2352  672
2352 2353  672
2353 2354  672
2354 2355  672
2355 2356  672
2356 2357  672
2357 2358  672
2358 2359  672
2359 2360  672
2360 2361  672
2361 2362  672
2362 2363  672
2363 2364  672
2364 2365  672
2365 2366  672
2366 2367  672
2367 445  672
446 445  673
444 446  675
445 2368  677
2368 2369  677
2369 2370  677
2370 2371  677
2371 2372  677
2372 2373  677
2373 2374  677
2374 2375  677
2375 2376  677
2376 2377  677
2377 2378  677
2378 2379  677
2379 2380  677
2380 2381  677
2381 2382  677
2382 2383  677
2383 2384  677
2384 444  677
447 2385  678
2385 2386  678
2386 2387  678
2387 2388  678
2388 2389  678
2389 2390  678
2390 2391  678
2391 2392  678
2392 2393  678
2393 2394  678
2394 2395  678
2395 2396  678
2396 2397  678
2397 2398  678
2398 2399  678
2399 2400  678
2400 2401  678
2401 448  678
449 448  679
447 449  681
448 2402  683
2402 2403  683
2403 2404  683
2404 2405  683
2405 2406  683
2406 2407  683
2407 2408  683
2408 2409  683
2409 2410  683
2410 2411  683
2411 2412  683
2412 2413  683
2413 2414  683
2414 2415  683
2415 2416  683
2416 2417  683
2417 2418  683
2418 447  683
450 2419  684
2419 2420  684
2420 2421  684
2421 2422  684
2422 2423  684
2423 2424  684
2424 2425  684
2425 2426  684
2426 2427  684
2427 2428  684
2428 2429  684
2429 2430  684
2430 2431  684
2431 2432  684
2432 2433  684
2433 2434  684
2434 2435  684
2435 451  684
452 451  685
450 452  687
451 2436  689
2436 2437  689
2437 2438  689
2438 2439  689
2439 2440  689
2440 2441  689
2441 2442  689
2442 2443  689
2443 2444  689
2444 2445  689
2445 2446  689
2446 2447  689
2447 2448  689
2448 2449  689
2449 2450  689
2450 2451  689
2451 2452  689
2452 450  689
453 2453  690
2453 454  690
454 2454  691
2454 455  691
455 2455  692
2455 456  692
456 2456  693
2456 2457  693
2457 453  693
457 2458  694
2458 458  694
458 2459  695
2459 459  695
459 2460  696
2460 460  696
460 2461  697
2461 457  697
461 2462  698
2462 462  698
462 2463  699
2463 463  699
463 2464  700
2464 464  700
464 2465  701
2465 461  701
465 2466  702
2466 466  702
466 2467  703
2467 467  703
467 2468  704
2468 468  704
468 2469  705
2469 2470  705
2470 465  705
469 2471  706
2471 470  706
470 2472  707
2472 471  707
471 2473  708
2473 472  708
472 2474  709
2474 469  709
473 2475  710
2475 474  710
474 2476  711
2476 475  711
475 2477  712
2477 476  712
476 2478  713
2478 473  713
477 2479  714
2479 478  714
478 2480  715
2480 479  715
479 2481  716
2481 480  716
480 2482  717
2482 477  717
481 2483  718
2483 482  718
482 2484  719
2484 483  719
483 2485  720
2485 484  720
484 2486  721
2486 2487  721
2487 2488  721
2488 481  721
485 2489  722
2489 486  722
486 2490  723
2490 487  723
487 2491  724
2491 488  724
488 2492  725
2492 485  725
489 2493  726
2493 490  726
490 2494  727
2494 491  727
491 2495  728
2495 492  728
492 2496  729
2496 489  729
493 2497  730
2497 494  730
494 2498  731
2498 2499  731
2499 2500  731
2500 495  731
495 2501  732
2501 496  732
496 2502  733
2502 493  733
497 2503  734
2503 498  734
498 2504  735
2504 2505  735
2505 499  735
499 2506  736
2506 500  736
500 2507  737
2507 497  737
501 2508  738
2508 502  738
502 2509  739
2509 503  739
503 2510  740
2510 504  740
504 2511  741
2511 501  741
505 2512  742
2512 506  742
506 2513  743
2513 507  743
507 2514  744
2514 508  744
508 2515  745
2515 505  745
509 2516  746
2516 510  746
510 2517  747
2517 2518  747
2518 511  747
511 2519  748
2519 512  748
512 2520  749
2520 509  749
513 2521  750
2521 2522  750
2522 2523  750
2523 2524  750
2524 2525  750
2525 2526  750
2526 2527  750
2527 2528  750
2528 2529  750
2529 2530  750
2530 2531  750
2531 2532  750
2532 2533  750
2533 2534  750
2534 2535  750
2535 2536  750
2536 2537  750
2537 2538  750
2538 2539  750
2539 2540  750
2540 2541  750
2541 2542  750
2542 2543  750
2543 2544  750
2544 2545  750
2545 2546  750
2546 2547  750
2547 2548  750
2548 2549  750
2549 2550  750
2550 514  750
514 2551  751
2551 2552  751
2552 2553  751
2553 2554  751
2554 2555  751
2555 2556  751
2556 2557  751
2557 2558  751
2558 2559  751
2559 2560  751
2560 2561  751
2561 2562  751
2562 2563  751
2563 2564  751
2564 2565  751
2565 2566  751
2566 2567  751
2567 2568  751
2568 2569  751
2569 2570  751
2570 2571  751
2571 2572  751
2572 2573  751
2573 2574  751
2574 2575  751
2575 2576  751
2576 2577  751
2577 2578  751
2578 2579  751
2579 2580  751
2580 513  751
515 2581  752
2581 516  752
516 2582  753
2582 2583  753
2583 517  753
517 2584  754
2584 518  754
518 2585  755
2585 515  755
422 2586  756
2586 2587  756
2587 519  756
519 2588  757
2588 2589  757
2589 2590  757
2590 2591  757
2591 2592  757
2592 2593  757
2593 2594  757
2594 2595  757
2595 2596  757
2596 2597  757
2597 2598  757
2598 2599  757
2599 2600  757
2600 2601  757
2601 2602  757
2602 2603  757
2603 2604  757
2604 520  757
520 2605  758
2605 2606  758
2606 2607  758
2607 428  758
520 2608  759
2608 2609  759
2609 2610  759
2610 2611  759
2611 2612  759
2612 2613  759
2613 2614  759
2614 2615  759
2615 2616  759
2616 2617  759
2617 2618  759
2618 2619  759
2619 2620  759
2620 2621  759
2621 2622  759
2622 2623  759
2623 2624  759
2624 519  759
429 2625  760
2625 2626  760
2626 2627  760
2627 2628  760
2628 2629  760
2629 2630  760
2630 521  760
521 2631  761
2631 2632  761
2632 2633  761
2633 2634  761
2634 2635  761
2635 2636  761
2636 2637  761
2637 2638  761
2638 2639  761
2639 2640  761
2640 2641  761
2641 2642  761
2642 2643  761
2643 2644  761
2644 2645  761
2645 2646  761
2646 2647  761
2647 522  761
522 2648  762
2648 2649  762
2649 2650  762
2650 2651  762
2651 2652  762
2652 2653  762
2653 430  762
522 2654  763
2654 2655  763
2655 2656  763
2656 2657  763
2657 2658  763
2658 2659  763
2659 2660  763
2660 2661  763
2661 2662  763
2662 2663  763
2663 2664  763
2664 2665  763
2665 2666  763
2666 2667  763
2667 2668  763
2668 2669  763
2669 2670  763
2670 521  763
432 2671  764
2671 2672  764
2672 2673  764
2673 2674  764
2674 2675  764
2675 2676  764
2676 2677  764
2677 523  764
523 2678  765
2678 2679  765
2679 2680  765
2680 2681  765
2681 2682  765
2682 2683  765
2683 2684  765
2684 2685  765
2685 2686  765
2686 2687  765
2687 2688  765
2688 2689  765
2689 2690  765
2690 2691  765
2691 2692  765
2692 2693  765
2693 2694  765
2694 524  765
524 2695  766
2695 2696  766
2696 2697  766
2697 2698  766
2698 2699  766
2699 2700  766
2700 2701  766
2701 433  766
524 2702  767
2702 2703  767
2703 2704  767
2704 2705  767
2705 2706  767
2706 2707  767
2707 2708  767
2708 2709  767
2709 2710  767
2710 2711  767
2711 2712  767
2712 2713  767
2713 2714  767
2714 2715  767
2715 2716  767
2716 2717  767
2717 2718  767
2718 523  767
435 2719  768
2719 2720  768
2720 2721  768
2721 2722  768
2722 2723  768
2723 2724  768
2724 2725  768
2725 525  768
525 2726  769
2726 2727  769
2727 2728  769
2728 2729  769
2729 2730  769
2730 2731  769
2731 2732  769
2732 2733  769
2733 2734  769
2734 2735  769
2735 2736  769
2736 2737  769
2737 2738  769
2738 2739  769
2739 2740  769
2740 2741  769
2741 2742  769
2742 526  769
526 2743  770
2743 2744  770
2744 2745  770
2745 2746  770
2746 2747  770
2747 2748  770
2748 2749  770
2749 436  770
526 2750  771
2750 2751  771
2751 2752  771
2752 2753  771
2753 2754  771
2754 2755  771
2755 2756  771
2756 2757  771
2757 2758  771
2758 2759  771
2759 2760  771
2760 2761  771
2761 2762  771
2762 2763  771
2763 2764  771
2764 2765  771
2765 2766  771
2766 525  771
438 2767  772
2767 2768  772
2768 2769  772
2769 2770  772
2770 2771  772
2771 2772  772
2772 527  772
527 2773  773
2773 2774  773
2774 2775  773
2775 2776  773
2776 2777  773
2777 2778  773
2778 2779  773
2779 2780  773
2780 2781  773
2781 2782  773
2782 2783  773
2783 2784  773
2784 2785  773
2785 2786  773
2786 2787  773
2787 2788  773
2788 2789  773
2789 528  773
528 2790  774
2790 2791  774
2791 2792  774
2792 2793  774
2793 2794  774
2794 2795  774
2795 2796  774
2796 439  774
528 2797  775
2797 2798  775
2798 2799  775
2799 2800  775
2800 2801  775
2801 2802  775
2802 2803  775
2803 2804  775
2804 2805  775
2805 2806  775
2806 2807  775
2807 2808  775
2808 2809  775
2809 2810  775
2810 2811  775
2811 2812  775
2812 2813  775
2813 527  775
441 2814  776
2814 2815  776
2815 2816  776
2816 2817  776
2817 2818  776
2818 2819  776
2819 529  776
529 2820  777
2820 2821  777
2821 2822  777
2822 2823  777
2823 2824  777
2824 2825  777
2825 2826  777
2826 2827  777
2827 2828  777
2828 2829  777
2829 2830  777
2830 2831  777
2831 2832  777
2832 2833  777
2833 2834  777
2834 2835  777
2835 2836  777
2836 530  777
530 2837  778
2837 2838  778
2838 2839  778
2839 2840  778
2840 2841  778
2841 2842  778
2842 2843  778
2843 442  778
530 2844  779
2844 2845  779
2845 2846  779
2846 2847  779
2847 2848  779
2848 2849  779
2849 2850  779
2850 2851  779
2851 2852  779
2852 2853  779
2853 2854  779
2854 2855  779
2855 2856  779
2856 2857  779
2857 2858  779
2858 2859  779
2859 2860  779
2860 529  779
444 2861  780
2861 2862  780
2862 2863  780
2863 2864  780
2864 2865  780
2865 2866  780
2866 531  780
531 2867  781
2867 2868  781
2868 2869  781
2869 2870  781
2870 2871  781
2871 2872  781
2872 2873  781
2873 2874  781
2874 2875  781
2875 2876  781
2876 2877  781
2877 2878  781
2878 2879  781
2879 2880  781
2880 2881  781
2881 2882  781
2882 2883  781
2883 532  781
532 2884  782
2884 2885  782
2885 2886  782
2886 2887  782
2887 2888  782
2888 2889  782
2889 445  782
532 2890  783
2890 2891  783
2891 2892  783
2892 2893  783
2893 2894  783
2894 2895  783
2895 2896  783
2896 2897  783
2897 2898  783
2898 2899  783
2899 2900  783
2900 2901  783
2901 2902  783
2902 2903  783
2903 2904  783
2904 2905  783
2905 2906  783
2906 531  783
447 2907  784
2907 2908  784
2908 2909  784
2909 2910  784
2910 2911  784
2911 2912  784
2912 533  784
533 2913  785
2913 2914  785
2914 2915  785
2915 2916  785
2916 2917  785
2917 2918  785
2918 2919  785
2919 2920  785
2920 2921  785
2921 2922  785
2922 2923  785
2923 2924  785
2924 2925  785
2925 2926  785
2926 2927  785
2927 2928  785
2928 2929  785
2929 534  785
534 2930  786
2930 2931  786
2931 2932  786
2932 2933  786
2933 2934  786
2934 2935  786
2935 2936  786
2936 448  786
534 2937  787
2937 2938  787
2938 2939  787
2939 2940  787
2940 2941  787
2941 2942  787
2942 2943  787
2943 2944  787
2944 2945  787
2945 2946  787
2946 2947  787
2947 2948  787
2948 2949  787
2949 2950  787
2950 2951  787
2951 2952  787
2952 2953  787
2953 533  787
450 2954  788
2954 2955  788
2955 2956  788
2956 2957  788
2957 2958  788
2958 2959  788
2959 535  788
535 2960  789
2960 2961  789
2961 2962  789
2962 2963  789
2963 2964  789
2964 2965  789
2965 2966  789
2966 2967  789
2967 2968  789
2968 2969  789
2969 2970  789
2970 2971  789
2971 2972  789
2972 2973  789
2973 2974  789
2974 2975  789
2975 2976  789
2976 536  789
536 2977  790
2977 2978  790
2978 2979  790
2979 2980  790
2980 2981  790
2981 2982  790
2982 451  790
536 2983  791
2983 2984  791
2984 2985  791
2985 2986  791
2986 2987  791
2987 2988  791
2988 2989  791
2989 2990  791
2990 2991  791
2991 2992  791
2992 2993  791
2993 2994  791
2994 2995  791
2995 2996  791
2996 2997  791
2997 2998  791
2998 2999  791
2999 535  791
516 537  792
538 515  793
538 3000  794
3000 3001  794
3001 3002  794
3002 537  794
539 481  795
539 3003  796
3003 3004  796
3004 3005  796
3005 540  796
482 540  797
541 483  798
540 3006  799
3006 541  799
484 542  800
541 3007  801
3007 3008  801
3008 3009  801
3009 542  801
543 477  802
543 3010  803
3010 3011  803
3011 3012  803
3012 544  803
478 544  804
545 479  805
544 3013  806
3013 545  806
480 546  807
545 3014  808
3014 3015  808
3015 3016  808
3016 546  808
547 473  809
547 3017  810
3017 3018  810
3018 3019  810
3019 548  810
474 548  811
549 475  812
548 3020  813
3020 549  813
476 550  814
549 3021  815
3021 3022  815
3022 3023  815
3023 550  815
551 469  816
551 3024  817
3024 3025  817
3025 3026  817
3026 552  817
470 552  818
553 471  819
552 3027  820
3027 553  820
472 554  821
553 3028  822
3028 3029  822
3029 3030  822
3030 554  822
555 465  823
555 3031  824
3031 3032  824
3032 3033  824
3033 556  824
466 556  825
557 467  826
556 3034  827
3034 557  827
468 558  828
557 3035  829
3035 3036  829
3036 3037  829
3037 558  829
559 461  830
559 3038  831
3038 3039  831
3039 3040  831
3040 560  831
462 560  832
561 463  833
560 3041  834
3041 561  834
464 562  835
561 3042  836
3042 3043  836
3043 3044  836
3044 562  836
563 457  837
563 3045  838
3045 3046  838
3046 3047  838
3047 564  838
458 564  839
565 459  840
564 3048  841
3048 565  841
460 566  842
565 3049  843
3049 3050  843
3050 3051  843
3051 566  843
567 453  844
567 3052  845
3052 3053  845
3053 3054  845
3054 568  845
454 568  846
569 455  847
568 3055  848
3055 569  848
569 3056  849
3056 3057  849
3057 3058  849
3058 570  849
456 570  850
513 3059  851
3059 571  851
571 3060  852
3060 539  852
542 3061  853
3061 572  853
572 3062  854
3062 543  854
546 3063  855
3063 573  855
573 3064  856
3064 547  856
550 3065  857
3065 574  857
574 3066  858
3066 551  858
554 3067  859
3067 575  859
575 3068  860
3068 555  860
558 3069  861
3069 576  861
576 3070  862
3070 559  862
562 3071  863
3071 577  863
577 3072  864
3072 563  864
566 3073  865
3073 578  865
578 3074  866
3074 567  866
570 3075  867
3075 579  867
579 3076  868
3076 514  868
512 580  869
581 511  870
581 3077  871
3077 3078  871
3078 3079  871
3079 580  871
580 3080  872
3080 582  872
582 509  873
510 583  874
582 3081  875
3081 3082  875
3082 3083  875
3083 583  875
584 507  876
584 3084  877
3084 3085  877
3085 3086  877
3086 585  877
508 585  878
585 3087  879
3087 586  879
586 505  880
506 587  881
586 3088  882
3088 3089  882
3089 3090  882
3090 587  882
588 503  883
588 3091  884
3091 3092  884
3092 3093  884
3093 589  884
504 589  885
589 3094  886
3094 590  886
590 501  887
502 591  888
590 3095  889
3095 3096  889
3096 3097  889
3097 591  889
592 499  890
592 3098  891
3098 3099  891
3099 3100  891
3100 593  891
500 593  892
593 3101  893
3101 594  893
594 497  894
498 595  895
594 3102  896
3102 3103  896
3103 3104  896
3104 595  896
596 495  897
596 3105  898
3105 3106  898
3106 3107  898
3107 597  898
496 597  899
597 3108  900
3108 598  900
598 493  901
494 599  902
598 3109  903
3109 3110  903
3110 3111  903
3111 599  903
600 491  904
600 3112  905
3112 3113  905
3113 3114  905
3114 601  905
492 601  906
601 3115  907
3115 602  907
602 489  908
490 603  909
602 3116  910
3116 3117  910
3117 3118  910
3118 603  910
604 487  911
604 3119  912
3119 3120  912
3120 3121  912
3121 605  912
488 605  913
605 3122  914
3122 606  914
606 485  915
486 607  916
606 3123  917
3123 3124  917
3124 3125  917
3125 607  917
579 3126  918
3126 581  918
583 3127  919
3127 608  919
608 3128  920
3128 584  920
587 3129  921
3129 609  921
609 3130  922
3130 588  922
591 3131  923
3131 610  923
610 3132  924
3132 592  924
595 3133  925
3133 611  925
611 3134  926
3134 596  926
599 3135  927
3135 612  927
612 3136  928
3136 600  928
603 3137  929
3137 613  929
613 3138  930
3138 604  930
607 3139  931
3139 614  931
614 3140  932
3140 615  932
615 517  933
537 3141  934
3141 571  934
615 3142  935
3142 3143  935
3143 3144  935
3144 616  935
518 616  936
616 3145  937
3145 538  937
617 3146  938
3146 3147  938
3147 3148  938
3148 3149  938
3149 3150  938
3150 3151  938
3151 3152  938
3152 3153  938
3153 3154  938
3154 3155  938
3155 3156  938
3156 3157  938
3157 3158  938
3158 3159  938
3159 3160  938
3160 3161  938
3161 3162  938
3162 3163  938
3163 3164  938
3164 3165  938
3165 3166  938
3166 3167  938
3167 3168  938
3168 3169  938
3169 3170  938
3170 618  938
618 3171  939
3171 3172  939
3172 3173  939
3173 3174  939
3174 3175  939
3175 3176  939
3176 3177  939
3177 3178  939
3178 3179  939
3179 3180  939
3180 3181  939
3181 3182  939
3182 3183  939
3183 3184  939
3184 3185  939
3185 3186  939
3186 3187  939
3187 3188  939
3188 3189  939
3189 3190  939
3190 3191  939
3191 3192  939
3192 3193  939
3193 3194  939
3194 617  939
619 3195  940
3195 3196  940
3196 3197  940
3197 3198  940
3198 3199  940
3199 3200  940
3200 3201  940
3201 3202  940
3202 3203  940
3203 3204  940
3204 3205  940
3205 3206  940
3206 3207  940
3207 3208  940
3208 3209  940
3209 3210  940
3210 3211  940
3211 620  940
620 3212  941
3212 3213  941
3213 3214  941
3214 3215  941
3215 3216  941
3216 3217  941
3217 3218  941
3218 3219  941
3219 3220  941
3220 3221  941
3221 3222  941
3222 3223  941
3223 3224  941
3224 3225  941
3225 3226  941
3226 3227  941
3227 3228  941
3228 619  941
620 3229  942
3229 617  942
618 3230  943
3230 619  943
End
