MeshVersionFormatted 1

Dimension
3

Vertices
1327
0.31041669750801998  0.30299999999999999  4  0
0.31041669750801998  0.30299999999999999  4.0350000000000001  0
0.335820109352366  0.34699999999999998  4  0
0.335820109352366  0.34699999999999998  4.0350000000000001  0
0.29299999999999998  0.23799999999999999  4.0350000000000001  0
0.29299999999999998  0.23799999999999999  4  0
0.42299999999999999  0.108  4  0
0.42299999999999999  0.108  4.0350000000000001  0
0.57499999999999996  0.108  4  0
0.57499999999999996  0.108  4.0350000000000001  0
0.70499999999999996  0.23799999999999999  4.0350000000000001  0
0.70499999999999996  0.23799999999999999  4  0
0.68758330249197197  0.30299999999999999  4  0
0.68758330249197197  0.30299999999999999  4.0350000000000001  0
0.66217989064763005  0.34699999999999998  4  0
0.66217989064763005  0.34699999999999998  4.0350000000000001  0
0.54959658815565304  0.41199999999999998  4.0350000000000001  0
0.54959658815565304  0.41199999999999998  4  0
0.44840341184434301  0.41199999999999998  4  0
0.44840341184434301  0.41199999999999998  4.0350000000000001  0
0.26424999999999998  0.26000000000000001  4  0
0.13375000000000001  0.26000000000000001  4  0
0.13375000000000001  0.26000000000000001  4.0350000000000001  0
0.26424999999999998  0.26000000000000001  4.0350000000000001  0
0.86424999999999996  0.26000000000000001  4  0
0.73375000000000001  0.26000000000000001  4  0
0.73375000000000001  0.26000000000000001  4.0350000000000001  0
0.86424999999999996  0.26000000000000001  4.0350000000000001  0
0.91474108630456297  0.45068977007663402  4  0
1.1017637454181901  0.277347550816398  4  0
1.153  0.16  4  0
0.99299999999999999  0  4  0
0.26000000000000001  0  4  0
0  0.26000000000000001  4  0
0  0.51300000000000001  4  0
0.30102030114490202  0.58858620690244201  4  0
0.41559929580522398  0.52000000000000002  4  0
0.73799999999999999  0.52000000000000002  4  0
0.73799999999999999  0.072999999999998996  4.0350000000000001  0
0.92500000000000004  0.26000000000000001  4.0350000000000001  0
0.73799999999999999  0.44700000000000001  4.0350000000000001  0
0.26000000000000001  0.44700000000000001  4.0350000000000001  0
0.072999999999999995  0.26000000000000001  4.0350000000000001  0
0.26000000000000001  0.072999999999998996  4.0350000000000001  0
0.20449999999999999  0.51300000000000001  4.1040000000000001  0
0.11550000000000001  0.51300000000000001  4.1040000000000001  0
1.0375000000000001  0.16  4.1040000000000001  0
0.94850000000000001  0.16  4.1040000000000001  0
1.153  0.16  4.3609999999999998  0
1.1017637454181901  0.277347550816398  4.3609999999999998  0
0.99299999999999999  0  4.3609999999999998  0
0.26000000000000001  0  4.3609999999999998  0
0  0.26000000000000001  4.3609999999999998  0
0  0.51300000000000001  4.3609999999999998  0
0.30102030114490202  0.58858620690244201  4.3609999999999998  0
0.41559929580522398  0.52000000000000002  4.3609999999999998  0
0.73799999999999999  0.52000000000000002  4.3609999999999998  0
0.91474108630456297  0.45068977007663402  4.3609999999999998  0
0.73799999999999999  0.44700000000000001  4.2699999999999996  0
0.92500000000000004  0.26000000000000001  4.2699999999999996  0
0.26000000000000001  0.44700000000000001  4.2699999999999996  0
0.072999999999999995  0.26000000000000001  4.2699999999999996  0
0.26000000000000001  0.072999999999998996  4.2699999999999996  0
0.73799999999999999  0.072999999999998996  4.2699999999999996  0
0.73799999999999999  0.48999999999999999  4.3609999999999998  0
0.89434788403865195  0.42868710429856099  4.3609999999999998  0
0.89434788403865195  0.42868710429856099  4.2699999999999996  0
0.73799999999999999  0.48999999999999999  4.2699999999999996  0
0.029999999999999999  0.26000000000000001  4.3609999999999998  0
0.26000000000000001  0.029999999999999399  4.3609999999999998  0
0.029999999999999999  0.26000000000000001  4.2699999999999996  0
0.26000000000000001  0.029999999999999399  4.2699999999999996  0
0.029999999999999999  0.51300000000000001  4.2699999999999996  0
0.029999999999999999  0.51300000000000001  4.3609999999999998  0
0.27457899466303098  0.57441379310497998  4.3609999999999998  0
0.27457899466303098  0.57441379310497998  4.2699999999999996  0
0.41559929578036597  0.48999999999999999  4.2699999999999996  0
0.41559929578036597  0.48999999999999999  4.3609999999999998  0
0.11550000000000001  0.51300000000000001  4.2699999999999996  0
0.20449999999999999  0.51300000000000001  4.2699999999999996  0
0.94850000000000001  0.16  4.2699999999999996  0
1.0375000000000001  0.16  4.2699999999999996  0
1.08137054315228  0.25534488503832597  4.2699999999999996  0
1.08137054315228  0.25534488503832597  4.3609999999999998  0
1.123  0.16  4.3609999999999998  0
0.99299999999999999  0.029999999999999399  4.3609999999999998  0
0.99299999999999999  0.029999999999999399  4.2699999999999996  0
1.123  0.16  4.2699999999999996  0
0.30083995929783158  0.28246261863233602  4.0350000000000001  0
0.29497499210841283  0.26057426309670045  4.0350000000000001  0
0.30083995929783158  0.28246261863233602  4  0
0.29497499210841283  0.26057426309670045  4  0
0.29497499210841294  0.21542573690329908  4  0
0.30083995929783192  0.19353738136766307  4  0
0.31041669750802292  0.17300000000000001  4  0
0.32341422239453282  0.15443761074074988  4  0
0.33943761074074985  0.13841422239453285  4  0
0.35799999999999993  0.12541669750802298  4  0
0.37853738136766307  0.11583995929783189  4  0
0.40042573690329902  0.10997499210841294  4  0
0.29497499210841294  0.21542573690329908  4.0350000000000001  0
0.30083995929783192  0.19353738136766307  4.0350000000000001  0
0.31041669750802292  0.17300000000000001  4.0350000000000001  0
0.32341422239453282  0.15443761074074988  4.0350000000000001  0
0.33943761074074985  0.13841422239453285  4.0350000000000001  0
0.35799999999999993  0.12541669750802298  4.0350000000000001  0
0.37853738136766307  0.11583995929783189  4.0350000000000001  0
0.40042573690329902  0.10997499210841294  4.0350000000000001  0
0.499  0.108  4  0
0.499  0.108  4.0350000000000001  0
0.59757426309670081  0.10997499210841294  4.0350000000000001  0
0.61946261863233687  0.11583995929783188  4.0350000000000001  0
0.64000000000000001  0.12541669750802298  4.0350000000000001  0
0.65856238925925004  0.13841422239453283  4.0350000000000001  0
0.67458577760546712  0.15443761074074985  4.0350000000000001  0
0.68758330249197697  0.17299999999999993  4.0350000000000001  0
0.69716004070216808  0.19353738136766307  4.0350000000000001  0
0.70302500789158695  0.21542573690329903  4.0350000000000001  0
0.59757426309670081  0.10997499210841294  4  0
0.61946261863233687  0.11583995929783188  4  0
0.64000000000000001  0.12541669750802298  4  0
0.65856238925925004  0.13841422239453283  4  0
0.67458577760546712  0.15443761074074985  4  0
0.68758330249197697  0.17299999999999993  4  0
0.69716004070216808  0.19353738136766307  4  0
0.70302500789158695  0.21542573690329903  4  0
0.70302500789158684  0.26057426309670173  4  0
0.69716004070216742  0.28246261863233851  4  0
0.70302500789158684  0.26057426309670173  4.0350000000000001  0
0.69716004070216742  0.28246261863233851  4.0350000000000001  0
0.64918236576112021  0.36556238925925011  4.0350000000000001  0
0.63315897741490312  0.38158577760546714  4.0350000000000001  0
0.61459658815565299  0.39458330249197704  4.0350000000000001  0
0.59405920678798996  0.40416004070216804  4.0350000000000001  0
0.57217085125235401  0.41002500789158702  4.0350000000000001  0
0.64918236576112021  0.36556238925925011  4  0
0.63315897741490312  0.38158577760546714  4  0
0.61459658815565299  0.39458330249197704  4  0
0.59405920678798996  0.40416004070216804  4  0
0.57217085125235401  0.41002500789158702  4  0
0.498999999999998  0.41199999999999998  4  0
0.498999999999998  0.41199999999999998  4.0350000000000001  0
0.42582914874764205  0.41002500789158702  4.0350000000000001  0
0.4039407932120061  0.40416004070216804  4.0350000000000001  0
0.38340341184434301  0.39458330249197698  4.0350000000000001  0
0.36484102258509288  0.38158577760546714  4.0350000000000001  0
0.34881763423887591  0.36556238925925011  4.0350000000000001  0
0.42582914874764205  0.41002500789158702  4  0
0.4039407932120061  0.40416004070216804  4  0
0.38340341184434301  0.39458330249197698  4  0
0.36484102258509288  0.38158577760546714  4  0
0.34881763423887591  0.36556238925925011  4  0
0.2632587058840466  0.2713305435927672  4  0
0.26031494350628054  0.2823168143519999  4  0
0.25550815759693463  0.29262500000000002  4  0
0.24898439991351334  0.3019418915320467  4  0
0.2409418915320467  0.30998439991351334  4  0
0.231625  0.31650815759693463  4  0
0.2213168143519999  0.32131494350628054  4  0
0.21033054359276721  0.32425870588404659  4  0
0.19900000000000001  0.32525000000000004  4  0
0.18766945640723279  0.32425870588404659  4  0
0.17668318564800012  0.32131494350628054  4  0
0.166375  0.31650815759693463  4  0
0.15705810846795332  0.30998439991351334  4  0
0.14901560008648668  0.3019418915320467  4  0
0.14249184240306537  0.29262499999999997  4  0
0.13768505649371948  0.2823168143519999  4  0
0.13474129411595342  0.2713305435927672  4  0
0.2632587058840466  0.2713305435927672  4.0350000000000001  0
0.26031494350628054  0.2823168143519999  4.0350000000000001  0
0.25550815759693463  0.29262500000000002  4.0350000000000001  0
0.24898439991351334  0.3019418915320467  4.0350000000000001  0
0.2409418915320467  0.30998439991351334  4.0350000000000001  0
0.231625  0.31650815759693463  4.0350000000000001  0
0.2213168143519999  0.32131494350628054  4.0350000000000001  0
0.21033054359276721  0.32425870588404659  4.0350000000000001  0
0.19900000000000001  0.32525000000000004  4.0350000000000001  0
0.18766945640723279  0.32425870588404659  4.0350000000000001  0
0.17668318564800012  0.32131494350628054  4.0350000000000001  0
0.166375  0.31650815759693463  4.0350000000000001  0
0.15705810846795332  0.30998439991351334  4.0350000000000001  0
0.14901560008648668  0.3019418915320467  4.0350000000000001  0
0.14249184240306537  0.29262499999999997  4.0350000000000001  0
0.13768505649371948  0.2823168143519999  4.0350000000000001  0
0.13474129411595342  0.2713305435927672  4.0350000000000001  0
0.13474129411595342  0.24866945640723281  4.0350000000000001  0
0.13768505649371948  0.23768318564800012  4.0350000000000001  0
0.14249184240306539  0.22737499999999999  4.0350000000000001  0
0.14901560008648668  0.21805810846795332  4.0350000000000001  0
0.15705810846795332  0.2100156000864867  4.0350000000000001  0
0.16637500000000005  0.20349184240306536  4.0350000000000001  0
0.17668318564800015  0.19868505649371948  4.0350000000000001  0
0.18766945640723282  0.19574129411595342  4.0350000000000001  0
0.19900000000000001  0.19475000000000001  4.0350000000000001  0
0.21033054359276721  0.19574129411595342  4.0350000000000001  0
0.2213168143519999  0.19868505649371948  4.0350000000000001  0
0.23162500000000003  0.20349184240306539  4.0350000000000001  0
0.2409418915320467  0.21001560008648668  4.0350000000000001  0
0.24898439991351334  0.21805810846795334  4.0350000000000001  0
0.25550815759693463  0.22737500000000002  4.0350000000000001  0
0.26031494350628054  0.23768318564800012  4.0350000000000001  0
0.2632587058840466  0.24866945640723281  4.0350000000000001  0
0.13474129411595342  0.24866945640723281  4  0
0.13768505649371948  0.23768318564800012  4  0
0.14249184240306539  0.22737499999999999  4  0
0.14901560008648668  0.21805810846795332  4  0
0.15705810846795332  0.2100156000864867  4  0
0.16637500000000005  0.20349184240306536  4  0
0.17668318564800015  0.19868505649371948  4  0
0.18766945640723282  0.19574129411595342  4  0
0.19900000000000001  0.19475000000000001  4  0
0.21033054359276721  0.19574129411595342  4  0
0.2213168143519999  0.19868505649371948  4  0
0.23162500000000003  0.20349184240306539  4  0
0.2409418915320467  0.21001560008648668  4  0
0.24898439991351334  0.21805810846795334  4  0
0.25550815759693463  0.22737500000000002  4  0
0.26031494350628054  0.23768318564800012  4  0
0.2632587058840466  0.24866945640723281  4  0
0.86325870588404663  0.2713305435927672  4  0
0.86031494350628057  0.2823168143519999  4  0
0.85550815759693466  0.29262500000000002  4  0
0.84898439991351338  0.3019418915320467  4  0
0.84094189153204668  0.30998439991351334  4  0
0.83162500000000006  0.31650815759693463  4  0
0.82131681435199988  0.32131494350628054  4  0
0.81033054359276724  0.32425870588404659  4  0
0.79900000000000004  0.32525000000000004  4  0
0.78766945640723285  0.32425870588404659  4  0
0.7766831856480001  0.32131494350628054  4  0
0.76637500000000003  0.31650815759693463  4  0
0.75705810846795329  0.30998439991351334  4  0
0.74901560008648671  0.3019418915320467  4  0
0.74249184240306543  0.29262499999999997  4  0
0.73768505649371952  0.2823168143519999  4  0
0.73474129411595346  0.2713305435927672  4  0
0.86325870588404663  0.2713305435927672  4.0350000000000001  0
0.86031494350628057  0.2823168143519999  4.0350000000000001  0
0.85550815759693466  0.29262500000000002  4.0350000000000001  0
0.84898439991351338  0.3019418915320467  4.0350000000000001  0
0.84094189153204668  0.30998439991351334  4.0350000000000001  0
0.83162500000000006  0.31650815759693463  4.0350000000000001  0
0.82131681435199988  0.32131494350628054  4.0350000000000001  0
0.81033054359276724  0.32425870588404659  4.0350000000000001  0
0.79900000000000004  0.32525000000000004  4.0350000000000001  0
0.78766945640723285  0.32425870588404659  4.0350000000000001  0
0.7766831856480001  0.32131494350628054  4.0350000000000001  0
0.76637500000000003  0.31650815759693463  4.0350000000000001  0
0.75705810846795329  0.30998439991351334  4.0350000000000001  0
0.74901560008648671  0.3019418915320467  4.0350000000000001  0
0.74249184240306543  0.29262499999999997  4.0350000000000001  0
0.73768505649371952  0.2823168143519999  4.0350000000000001  0
0.73474129411595346  0.2713305435927672  4.0350000000000001  0
0.73474129411595346  0.24866945640723281  4.0350000000000001  0
0.73768505649371952  0.23768318564800012  4.0350000000000001  0
0.74249184240306543  0.22737499999999999  4.0350000000000001  0
0.74901560008648671  0.21805810846795332  4.0350000000000001  0
0.75705810846795329  0.2100156000864867  4.0350000000000001  0
0.76637500000000003  0.20349184240306536  4.0350000000000001  0
0.77668318564800021  0.19868505649371948  4.0350000000000001  0
0.78766945640723285  0.19574129411595342  4.0350000000000001  0
0.79900000000000004  0.19475000000000001  4.0350000000000001  0
0.81033054359276724  0.19574129411595342  4.0350000000000001  0
0.82131681435199999  0.19868505649371948  4.0350000000000001  0
0.83162500000000006  0.20349184240306539  4.0350000000000001  0
0.84094189153204668  0.21001560008648668  4.0350000000000001  0
0.84898439991351338  0.21805810846795334  4.0350000000000001  0
0.85550815759693466  0.22737500000000002  4.0350000000000001  0
0.86031494350628057  0.23768318564800012  4.0350000000000001  0
0.86325870588404663  0.24866945640723281  4.0350000000000001  0
0.73474129411595346  0.24866945640723281  4  0
0.73768505649371952  0.23768318564800012  4  0
0.74249184240306543  0.22737499999999999  4  0
0.74901560008648671  0.21805810846795332  4  0
0.75705810846795329  0.2100156000864867  4  0
0.76637500000000003  0.20349184240306536  4  0
0.77668318564800021  0.19868505649371948  4  0
0.78766945640723285  0.19574129411595342  4  0
0.79900000000000004  0.19475000000000001  4  0
0.81033054359276724  0.19574129411595342  4  0
0.82131681435199999  0.19868505649371948  4  0
0.83162500000000006  0.20349184240306539  4  0
0.84094189153204668  0.21001560008648668  4  0
0.84898439991351338  0.21805810846795334  4  0
0.85550815759693466  0.22737500000000002  4  0
0.86031494350628057  0.23768318564800012  4  0
0.86325870588404663  0.24866945640723281  4  0
1.0082524158613766  0.36401866044651615  4  0
1.1508356391466983  0.18622805778461718  4  0
1.1444011123105848  0.21174652830014484  4  0
1.1338705024665794  0.23586502181383379  4  0
1.1195287101110289  0.25793102428566356  4  0
1.0207837084267088  0.0024307595180466934  4  0
1.047723222932107  0.0096491806742546316  4  0
1.073  0.021435935394489819  4  0
1.0958460175498463  0.037432889100963498  4  0
1.1155671108990364  0.05715398245015367  4  0
1.1315640646055101  0.079999999999999932  4  0
1.1433508193257453  0.10527677706789303  4  0
1.1505692404819532  0.13221629157329115  4  0
0.33330000000000004  0  4  0
0.40660000000000002  0  4  0
0.47989999999999999  0  4  0
0.55320000000000003  0  4  0
0.62650000000000006  0  4  0
0.69979999999999998  0  4  0
0.77310000000000001  0  4  0
0.84640000000000004  0  4  0
0.91970000000000007  0  4  0
0.0039499842168259081  0.21485147380659819  4  0
0.015679918595663811  0.17107476273532615  4  0
0.034833395016045904  0.13000000000000006  4  0
0.060828444789065711  0.092875221481499792  4  0
0.092875221481499737  0.060828444789065739  4  0
0.12999999999999989  0.034833395016046015  4  0
0.17107476273532618  0.015679918595663811  4  0
0.21485147380659814  0.0039499842168259081  4  0
0  0.38650000000000001  4  0
0.28554398573407958  0.61219025983432662  4  0
0.26616076282787182  0.63270752873484759  4  0
0.24347383500752962  0.64949951966631869  4  0
0.21818921561480159  0.66204366872206999  4  0
0.19109375771210593  0.66994960411336135  4  0
0.1630306673488284  0.67297129447316717  4  0
0.1348732631322333  0.67101470531054386  4  0
0.10749779870068656  0.66414072534802249  4  0
0.081756193859209347  0.65256327167490158  4  0
0.058449522979793347  0.63664263268374899  4  0
0.038303085702959053  0.61687425595679934  4  0
0.021943835736091682  0.59387333002131637  4  0
0.0098808701605179183  0.56835563978707793  4  0
0.0024895864167751025  0.54111529144151693  4  0
0.31384975535007931  0.56908627423504177  4  0
0.32995953207095502  0.55219493434622835  4  0
0.34883026519477783  0.53845675031028861  4  0
0.3698535776175636  0.52831463001866186  4  0
0.39235169482763876  0.5220955471893689  4  0
0.52306619720348269  0.52000000000000002  4  0
0.63053309860174134  0.52000000000000002  4  0
0.87623840698387645  0.48020477477693385  4  0
0.83292275749280009  0.50205303160663584  4  0
0.78630223484619877  0.5154738618897492  4  0
0.77047220922371584  0.075840950186717077  4.0350000000000001  0
0.8019577668018999  0.084277479913035108  4.0350000000000001  0
0.83150000000000002  0.09805324949230998  4.0350000000000001  0
0.85820128301138288  0.1167496891367511  4.0350000000000001  0
0.88125031086324879  0.13979871698861712  4.0350000000000001  0
0.89994675050768991  0.16649999999999993  4.0350000000000001  0
0.91372252008696475  0.19604223319809982  4.0350000000000001  0
0.92215904981328289  0.22752779077628402  4.0350000000000001  0
0.92215904981328289  0.29247220922371597  4.0350000000000001  0
0.91372252008696486  0.32395776680190003  4.0350000000000001  0
0.89994675050769002  0.35349999999999998  4.0350000000000001  0
0.8812503108632489  0.38020128301138284  4.0350000000000001  0
0.85820128301138288  0.40325031086324892  4.0350000000000001  0
0.83150000000000002  0.42194675050769004  4.0350000000000001  0
0.80195776680190012  0.43572252008696488  4.0350000000000001  0
0.77047220922371606  0.44415904981328291  4.0350000000000001  0
0.32828571428571429  0.44700000000000001  4.0350000000000001  0
0.39657142857142857  0.44700000000000001  4.0350000000000001  0
0.46485714285714286  0.44700000000000001  4.0350000000000001  0
0.53314285714285714  0.44700000000000001  4.0350000000000001  0
0.60142857142857142  0.44700000000000001  4.0350000000000001  0
0.66971428571428571  0.44700000000000001  4.0350000000000001  0
0.22752779077628404  0.44415904981328291  4.0350000000000001  0
0.19604223319809996  0.43572252008696488  4.0350000000000001  0
0.16650000000000004  0.42194675050769004  4.0350000000000001  0
0.13979871698861715  0.40325031086324892  4.0350000000000001  0
0.11674968913675113  0.3802012830113829  4.0350000000000001  0
0.098053249492310007  0.35350000000000004  4.0350000000000001  0
0.084277479913035164  0.32395776680190008  4.0350000000000001  0
0.075840950186717104  0.29247220922371608  4.0350000000000001  0
0.075840950186717077  0.2275277907762841  4.0350000000000001  0
0.084277479913035136  0.19604223319809996  4.0350000000000001  0
0.098053249492309952  0.16650000000000004  4.0350000000000001  0
0.11674968913675113  0.13979871698861718  4.0350000000000001  0
0.13979871698861712  0.11674968913675113  4.0350000000000001  0
0.16649999999999993  0.098053249492310035  4.0350000000000001  0
0.19604223319809982  0.084277479913035164  4.0350000000000001  0
0.22752779077628404  0.075840950186717104  4.0350000000000001  0
0.31974999999999998  0.072999999999998996  4.0350000000000001  0
0.3795  0.072999999999998996  4.0350000000000001  0
0.43925000000000003  0.072999999999998996  4.0350000000000001  0
0.499  0.072999999999998996  4.0350000000000001  0
0.55874999999999997  0.072999999999998996  4.0350000000000001  0
0.61850000000000005  0.072999999999998996  4.0350000000000001  0
0.67825000000000002  0.072999999999998996  4.0350000000000001  0
0.20382394500904327  0.52072734390617836  4.1040000000000001  0
0.20181632162497293  0.52821989637799227  4.1040000000000001  0
0.19853813046840751  0.53525  4.1040000000000001  0
0.19408897771879452  0.54160404863105105  4.1040000000000001  0
0.18860404863105101  0.5470889777187945  4.1040000000000001  0
0.18225  0.55153813046840749  4.1040000000000001  0
0.17521989637799226  0.55481632162497296  4.1040000000000001  0
0.16772734390617841  0.55682394500904331  4.1040000000000001  0
0.16  0.5575  4.1040000000000001  0
0.1522726560938216  0.55682394500904331  4.1040000000000001  0
0.14478010362200774  0.55481632162497296  4.1040000000000001  0
0.13775000000000001  0.55153813046840749  4.1040000000000001  0
0.13139595136894899  0.5470889777187945  4.1040000000000001  0
0.12591102228120549  0.54160404863105105  4.1040000000000001  0
0.12146186953159249  0.53525  4.1040000000000001  0
0.11818367837502708  0.52821989637799227  4.1040000000000001  0
0.11617605499095675  0.52072734390617847  4.1040000000000001  0
0.11617605499095673  0.50527265609382166  4.1040000000000001  0
0.11818367837502708  0.49778010362200775  4.1040000000000001  0
0.12146186953159248  0.49075000000000002  4.1040000000000001  0
0.12591102228120549  0.48439595136894903  4.1040000000000001  0
0.13139595136894899  0.47891102228120552  4.1040000000000001  0
0.13774999999999998  0.47446186953159253  4.1040000000000001  0
0.14478010362200774  0.47118367837502706  4.1040000000000001  0
0.1522726560938216  0.46917605499095677  4.1040000000000001  0
0.16  0.46850000000000003  4.1040000000000001  0
0.16772734390617838  0.46917605499095677  4.1040000000000001  0
0.17521989637799223  0.47118367837502706  4.1040000000000001  0
0.18225  0.47446186953159247  4.1040000000000001  0
0.18860404863105101  0.47891102228120547  4.1040000000000001  0
0.19408897771879452  0.48439595136894897  4.1040000000000001  0
0.19853813046840751  0.49075000000000002  4.1040000000000001  0
0.20181632162497293  0.49778010362200775  4.1040000000000001  0
0.20382394500904327  0.50527265609382166  4.1040000000000001  0
1.0368239450090433  0.16772734390617841  4.1040000000000001  0
1.0348163216249728  0.17521989637799226  4.1040000000000001  0
1.0315381304684075  0.18225  4.1040000000000001  0
1.0270889777187946  0.18860404863105101  4.1040000000000001  0
1.0216040486310509  0.19408897771879452  4.1040000000000001  0
1.01525  0.19853813046840751  4.1040000000000001  0
1.0082198963779923  0.20181632162497293  4.1040000000000001  0
1.0007273439061783  0.20382394500904327  4.1040000000000001  0
0.99299999999999999  0.20450000000000002  4.1040000000000001  0
0.98527265609382164  0.20382394500904327  4.1040000000000001  0
0.97778010362200773  0.20181632162497293  4.1040000000000001  0
0.97075  0.19853813046840751  4.1040000000000001  0
0.96439595136894896  0.19408897771879452  4.1040000000000001  0
0.95891102228120551  0.18860404863105101  4.1040000000000001  0
0.95446186953159251  0.18225  4.1040000000000001  0
0.95118367837502704  0.17521989637799226  4.1040000000000001  0
0.9491760549909567  0.16772734390617841  4.1040000000000001  0
0.9491760549909567  0.15227265609382162  4.1040000000000001  0
0.95118367837502704  0.14478010362200774  4.1040000000000001  0
0.95446186953159251  0.13775000000000001  4.1040000000000001  0
0.95891102228120551  0.13139595136894899  4.1040000000000001  0
0.96439595136894896  0.12591102228120549  4.1040000000000001  0
0.97075  0.12146186953159249  4.1040000000000001  0
0.97778010362200773  0.11818367837502708  4.1040000000000001  0
0.98527265609382164  0.11617605499095675  4.1040000000000001  0
0.99299999999999999  0.11550000000000001  4.1040000000000001  0
1.0007273439061783  0.11617605499095673  4.1040000000000001  0
1.0082198963779923  0.11818367837502708  4.1040000000000001  0
1.01525  0.12146186953159249  4.1040000000000001  0
1.0216040486310509  0.12591102228120549  4.1040000000000001  0
1.0270889777187946  0.13139595136894899  4.1040000000000001  0
1.0315381304684075  0.13774999999999998  4.1040000000000001  0
1.0348163216249728  0.14478010362200774  4.1040000000000001  0
1.0368239450090433  0.1522726560938216  4.1040000000000001  0
1.153  0.16  4.2707499999999996  0
1.153  0.16  4.1805000000000003  0
1.153  0.16  4.0902500000000002  0
1.1017637454181901  0.277347550816398  4.2707499999999996  0
1.1017637454181901  0.277347550816398  4.1805000000000003  0
1.1017637454181901  0.277347550816398  4.0902500000000002  0
1.1508356391466983  0.18622805778461718  4.3609999999999998  0
1.1444011123105848  0.21174652830014484  4.3609999999999998  0
1.1338705024665794  0.23586502181383379  4.3609999999999998  0
1.1195287101110289  0.25793102428566356  4.3609999999999998  0
1.0207837084267088  0.0024307595180466934  4.3609999999999998  0
1.047723222932107  0.0096491806742546316  4.3609999999999998  0
1.073  0.021435935394489819  4.3609999999999998  0
1.0958460175498463  0.037432889100963498  4.3609999999999998  0
1.1155671108990364  0.05715398245015367  4.3609999999999998  0
1.1315640646055101  0.079999999999999932  4.3609999999999998  0
1.1433508193257453  0.10527677706789303  4.3609999999999998  0
1.1505692404819532  0.13221629157329115  4.3609999999999998  0
0.99299999999999999  0  4.2707499999999996  0
0.99299999999999999  0  4.1805000000000003  0
0.99299999999999999  0  4.0902500000000002  0
0.32108333333333333  0  4.3609999999999998  0
0.38216666666666665  0  4.3609999999999998  0
0.44325000000000003  0  4.3609999999999998  0
0.5043333333333333  0  4.3609999999999998  0
0.56541666666666668  0  4.3609999999999998  0
0.62650000000000006  0  4.3609999999999998  0
0.68758333333333332  0  4.3609999999999998  0
0.74866666666666659  0  4.3609999999999998  0
0.80974999999999997  0  4.3609999999999998  0
0.87083333333333335  0  4.3609999999999998  0
0.93191666666666662  0  4.3609999999999998  0
0.26000000000000001  0  4.2707499999999996  0
0.26000000000000001  0  4.1805000000000003  0
0.26000000000000001  0  4.0902500000000002  0
0.0039499842168259081  0.21485147380659819  4.3609999999999998  0
0.015679918595663811  0.17107476273532615  4.3609999999999998  0
0.034833395016045904  0.13000000000000006  4.3609999999999998  0
0.060828444789065711  0.092875221481499792  4.3609999999999998  0
0.092875221481499737  0.060828444789065739  4.3609999999999998  0
0.12999999999999989  0.034833395016046015  4.3609999999999998  0
0.17107476273532618  0.015679918595663811  4.3609999999999998  0
0.21485147380659814  0.0039499842168259081  4.3609999999999998  0
0  0.26000000000000001  4.2707499999999996  0
0  0.26000000000000001  4.1805000000000003  0
0  0.26000000000000001  4.0902500000000002  0
0  0.31059999999999999  4.3609999999999998  0
0  0.36120000000000002  4.3609999999999998  0
0  0.4118  4.3609999999999998  0
0  0.46240000000000003  4.3609999999999998  0
0  0.51300000000000001  4.2707499999999996  0
0  0.51300000000000001  4.1805000000000003  0
0  0.51300000000000001  4.0902500000000002  0
0.28554398573407958  0.61219025983432662  4.3609999999999998  0
0.26616076282787182  0.63270752873484759  4.3609999999999998  0
0.24347383500752962  0.64949951966631869  4.3609999999999998  0
0.21818921561480159  0.66204366872206999  4.3609999999999998  0
0.19109375771210593  0.66994960411336135  4.3609999999999998  0
0.1630306673488284  0.67297129447316717  4.3609999999999998  0
0.1348732631322333  0.67101470531054386  4.3609999999999998  0
0.10749779870068656  0.66414072534802249  4.3609999999999998  0
0.081756193859209347  0.65256327167490158  4.3609999999999998  0
0.058449522979793347  0.63664263268374899  4.3609999999999998  0
0.038303085702959053  0.61687425595679934  4.3609999999999998  0
0.021943835736091682  0.59387333002131637  4.3609999999999998  0
0.0098808701605179183  0.56835563978707793  4.3609999999999998  0
0.0024895864167751025  0.54111529144151693  4.3609999999999998  0
0.30102030114490202  0.58858620690244201  4.2707499999999996  0
0.30102030114490202  0.58858620690244201  4.1805000000000003  0
0.30102030114490202  0.58858620690244201  4.0902500000000002  0
0.41559929580522398  0.52000000000000002  4.2707499999999996  0
0.41559929580522398  0.52000000000000002  4.1805000000000003  0
0.41559929580522398  0.52000000000000002  4.0902500000000002  0
0.31384975535007931  0.56908627423504177  4.3609999999999998  0
0.32995953207095502  0.55219493434622835  4.3609999999999998  0
0.34883026519477783  0.53845675031028861  4.3609999999999998  0
0.3698535776175636  0.52831463001866186  4.3609999999999998  0
0.39235169482763876  0.5220955471893689  4.3609999999999998  0
0.49619947185391799  0.52000000000000002  4.3609999999999998  0
0.57679964790261196  0.52000000000000002  4.3609999999999998  0
0.65739982395130592  0.52000000000000002  4.3609999999999998  0
0.73799999999999999  0.52000000000000002  4.2707499999999996  0
0.73799999999999999  0.52000000000000002  4.1805000000000003  0
0.73799999999999999  0.52000000000000002  4.0902500000000002  0
0.87623840698387645  0.48020477477693385  4.3609999999999998  0
0.83292275749280009  0.50205303160663584  4.3609999999999998  0
0.78630223484619877  0.5154738618897492  4.3609999999999998  0
0.91474108630456297  0.45068977007663402  4.2707499999999996  0
0.91474108630456297  0.45068977007663402  4.1805000000000003  0
0.91474108630456297  0.45068977007663402  4.0902500000000002  0
0.96149675108296984  0.40735421526157511  4.3609999999999998  0
1.0082524158613766  0.36401866044651615  4.3609999999999998  0
1.0550080806397835  0.32068310563145724  4.3609999999999998  0
0.73799999999999999  0.44700000000000001  4.1524999999999999  0
0.92215904981328289  0.29247220922371597  4.2699999999999996  0
0.91372252008696486  0.32395776680190003  4.2699999999999996  0
0.89994675050769002  0.35349999999999998  4.2699999999999996  0
0.8812503108632489  0.38020128301138284  4.2699999999999996  0
0.85820128301138288  0.40325031086324892  4.2699999999999996  0
0.83150000000000002  0.42194675050769004  4.2699999999999996  0
0.80195776680190012  0.43572252008696488  4.2699999999999996  0
0.77047220922371606  0.44415904981328291  4.2699999999999996  0
0.92500000000000004  0.26000000000000001  4.1524999999999999  0
0.26000000000000001  0.44700000000000001  4.1524999999999999  0
0.33966666666666667  0.44700000000000001  4.2699999999999996  0
0.41933333333333334  0.44700000000000001  4.2699999999999996  0
0.499  0.44700000000000001  4.2699999999999996  0
0.57866666666666666  0.44700000000000001  4.2699999999999996  0
0.65833333333333333  0.44700000000000001  4.2699999999999996  0
0.22752779077628404  0.44415904981328291  4.2699999999999996  0
0.19604223319809996  0.43572252008696488  4.2699999999999996  0
0.16650000000000004  0.42194675050769004  4.2699999999999996  0
0.13979871698861715  0.40325031086324892  4.2699999999999996  0
0.11674968913675113  0.3802012830113829  4.2699999999999996  0
0.098053249492310007  0.35350000000000004  4.2699999999999996  0
0.084277479913035164  0.32395776680190008  4.2699999999999996  0
0.075840950186717104  0.29247220922371608  4.2699999999999996  0
0.072999999999999995  0.26000000000000001  4.1524999999999999  0
0.26000000000000001  0.072999999999998996  4.1524999999999999  0
0.075840950186717077  0.2275277907762841  4.2699999999999996  0
0.084277479913035136  0.19604223319809996  4.2699999999999996  0
0.098053249492309952  0.16650000000000004  4.2699999999999996  0
0.11674968913675113  0.13979871698861718  4.2699999999999996  0
0.13979871698861712  0.11674968913675113  4.2699999999999996  0
0.16649999999999993  0.098053249492310035  4.2699999999999996  0
0.19604223319809982  0.084277479913035164  4.2699999999999996  0
0.22752779077628404  0.075840950186717104  4.2699999999999996  0
0.73799999999999999  0.072999999999998996  4.1524999999999999  0
0.65833333333333333  0.072999999999998996  4.2699999999999996  0
0.57866666666666666  0.072999999999998996  4.2699999999999996  0
0.499  0.072999999999998996  4.2699999999999996  0
0.41933333333333334  0.072999999999998996  4.2699999999999996  0
0.33966666666666667  0.072999999999998996  4.2699999999999996  0
0.77047220922371584  0.075840950186717077  4.2699999999999996  0
0.8019577668018999  0.084277479913035108  4.2699999999999996  0
0.83150000000000002  0.09805324949230998  4.2699999999999996  0
0.85820128301138288  0.1167496891367511  4.2699999999999996  0
0.88125031086324879  0.13979871698861712  4.2699999999999996  0
0.89994675050768991  0.16649999999999993  4.2699999999999996  0
0.91372252008696475  0.19604223319809982  4.2699999999999996  0
0.92215904981328289  0.22752779077628402  4.2699999999999996  0
0.78072890005625273  0.48599610859477815  4.3609999999999998  0
0.82197013162824628  0.47412383565202404  4.3609999999999998  0
0.86028782156265982  0.45479653153344157  4.3609999999999998  0
0.86028782156265993  0.45479653153344146  4.2699999999999996  0
0.82197013162824628  0.47412383565202404  4.2699999999999996  0
0.78072890005625273  0.48599610859477815  4.2699999999999996  0
0.03349421680719214  0.22006091913660611  4.3609999999999998  0
0.043870697219241056  0.18133536703509623  4.3609999999999998  0
0.060814157129579077  0.14500000000000007  4.3609999999999998  0
0.083809778082635067  0.11215884977209598  4.3609999999999998  0
0.11215884977209592  0.083809778082635095  4.3609999999999998  0
0.14499999999999991  0.060814157129579161  4.3609999999999998  0
0.18133536703509623  0.043870697219241056  4.3609999999999998  0
0.22006091913660603  0.033494216807192168  4.3609999999999998  0
0.03349421680719214  0.22006091913660611  4.2699999999999996  0
0.043870697219241056  0.18133536703509623  4.2699999999999996  0
0.060814157129579077  0.14500000000000007  4.2699999999999996  0
0.083809778082635067  0.11215884977209598  4.2699999999999996  0
0.11215884977209592  0.083809778082635095  4.2699999999999996  0
0.14499999999999991  0.060814157129579161  4.2699999999999996  0
0.18133536703509623  0.043870697219241056  4.2699999999999996  0
0.22006091913660603  0.033494216807192168  4.2699999999999996  0
0.029999999999999999  0.32325000000000004  4.2699999999999996  0
0.029999999999999999  0.38650000000000001  4.2699999999999996  0
0.029999999999999999  0.44974999999999998  4.2699999999999996  0
0.029999999999999999  0.51300000000000001  4.3155000000000001  0
0.029999999999999999  0.34433333333333332  4.3609999999999998  0
0.029999999999999999  0.42866666666666664  4.3609999999999998  0
0.26200448840589718  0.59359208611924119  4.3609999999999998  0
0.24625561979423627  0.61026236710008741  4.3609999999999998  0
0.22782249094002902  0.62390585973107859  4.3609999999999998  0
0.20727873768343424  0.63409798083808422  4.3609999999999998  0
0.18526367813764738  0.64052155334278738  4.3609999999999998  0
0.16246241721776863  0.64297667675950809  4.3609999999999998  0
0.13958452629216989  0.64138694806437646  4.3609999999999998  0
0.1173419614419898  0.6358018393444631  4.3609999999999998  0
0.096426907508772919  0.62639515823482894  4.3609999999999998  0
0.077490237419727589  0.61345963905443357  4.3609999999999998  0
0.06112125713274387  0.59739783296383298  4.3609999999999998  0
0.047829366535042869  0.57870958064141209  4.3609999999999998  0
0.038028207005178241  0.55797645732634293  4.3609999999999998  0
0.032022788963568138  0.53584367429588742  4.3609999999999998  0
0.27457899466303098  0.57441379310497998  4.3155000000000001  0
0.26200448840589718  0.59359208611924119  4.2699999999999996  0
0.24625561979423627  0.61026236710008741  4.2699999999999996  0
0.22782249094002902  0.62390585973107859  4.2699999999999996  0
0.20727873768343424  0.63409798083808422  4.2699999999999996  0
0.18526367813764738  0.64052155334278738  4.2699999999999996  0
0.16246241721776863  0.64297667675950809  4.2699999999999996  0
0.13958452629216989  0.64138694806437646  4.2699999999999996  0
0.1173419614419898  0.6358018393444631  4.2699999999999996  0
0.096426907508772919  0.62639515823482894  4.2699999999999996  0
0.077490237419727589  0.61345963905443357  4.2699999999999996  0
0.06112125713274387  0.59739783296383298  4.2699999999999996  0
0.047829366535042869  0.57870958064141209  4.2699999999999996  0
0.038028207005178241  0.55797645732634293  4.2699999999999996  0
0.032022788963568138  0.53584367429588742  4.2699999999999996  0
0.29036909214662887  0.55041387597735958  4.2699999999999996  0
0.31019650964913414  0.52962453457712488  4.2699999999999996  0
0.33342202733952231  0.51271600038022813  4.2699999999999996  0
0.35929687339757682  0.50023339079143847  4.2699999999999996  0
0.38698686380901698  0.49257913500210682  4.2699999999999996  0
0.41559929578036597  0.48999999999999999  4.3155000000000001  0
0.29036909214662887  0.55041387597735958  4.3609999999999998  0
0.31019650964913414  0.52962453457712488  4.3609999999999998  0
0.33342202733952231  0.51271600038022813  4.3609999999999998  0
0.35929687339757682  0.50023339079143847  4.3609999999999998  0
0.38698686380901698  0.49257913500210682  4.3609999999999998  0
0.49619947183527446  0.48999999999999999  4.3609999999999998  0
0.57679964789018301  0.48999999999999999  4.3609999999999998  0
0.65739982394509155  0.48999999999999999  4.3609999999999998  0
0.49619947183527446  0.48999999999999999  4.2699999999999996  0
0.57679964789018301  0.48999999999999999  4.2699999999999996  0
0.65739982394509155  0.48999999999999999  4.2699999999999996  0
0.11617605499095673  0.50527265609382166  4.2699999999999996  0
0.11818367837502708  0.49778010362200775  4.2699999999999996  0
0.12146186953159248  0.49075000000000002  4.2699999999999996  0
0.12591102228120549  0.48439595136894903  4.2699999999999996  0
0.13139595136894899  0.47891102228120552  4.2699999999999996  0
0.13774999999999998  0.47446186953159253  4.2699999999999996  0
0.14478010362200774  0.47118367837502706  4.2699999999999996  0
0.1522726560938216  0.46917605499095677  4.2699999999999996  0
0.16  0.46850000000000003  4.2699999999999996  0
0.16772734390617838  0.46917605499095677  4.2699999999999996  0
0.17521989637799223  0.47118367837502706  4.2699999999999996  0
0.18225  0.47446186953159247  4.2699999999999996  0
0.18860404863105101  0.47891102228120547  4.2699999999999996  0
0.19408897771879452  0.48439595136894897  4.2699999999999996  0
0.19853813046840751  0.49075000000000002  4.2699999999999996  0
0.20181632162497293  0.49778010362200775  4.2699999999999996  0
0.20382394500904327  0.50527265609382166  4.2699999999999996  0
0.11550000000000001  0.51300000000000001  4.2284999999999995  0
0.11550000000000001  0.51300000000000001  4.1869999999999994  0
0.11550000000000001  0.51300000000000001  4.1455000000000002  0
0.20449999999999999  0.51300000000000001  4.1455000000000002  0
0.20449999999999999  0.51300000000000001  4.1869999999999994  0
0.20449999999999999  0.51300000000000001  4.2284999999999995  0
0.20382394500904327  0.52072734390617836  4.2699999999999996  0
0.20181632162497293  0.52821989637799227  4.2699999999999996  0
0.19853813046840751  0.53525  4.2699999999999996  0
0.19408897771879452  0.54160404863105105  4.2699999999999996  0
0.18860404863105101  0.5470889777187945  4.2699999999999996  0
0.18225  0.55153813046840749  4.2699999999999996  0
0.17521989637799226  0.55481632162497296  4.2699999999999996  0
0.16772734390617841  0.55682394500904331  4.2699999999999996  0
0.16  0.5575  4.2699999999999996  0
0.1522726560938216  0.55682394500904331  4.2699999999999996  0
0.14478010362200774  0.55481632162497296  4.2699999999999996  0
0.13775000000000001  0.55153813046840749  4.2699999999999996  0
0.13139595136894899  0.5470889777187945  4.2699999999999996  0
0.12591102228120549  0.54160404863105105  4.2699999999999996  0
0.12146186953159249  0.53525  4.2699999999999996  0
0.11818367837502708  0.52821989637799227  4.2699999999999996  0
0.11617605499095675  0.52072734390617847  4.2699999999999996  0
0.9491760549909567  0.15227265609382162  4.2699999999999996  0
0.95118367837502704  0.14478010362200774  4.2699999999999996  0
0.95446186953159251  0.13775000000000001  4.2699999999999996  0
0.95891102228120551  0.13139595136894899  4.2699999999999996  0
0.96439595136894896  0.12591102228120549  4.2699999999999996  0
0.97075  0.12146186953159249  4.2699999999999996  0
0.97778010362200773  0.11818367837502708  4.2699999999999996  0
0.98527265609382164  0.11617605499095675  4.2699999999999996  0
0.99299999999999999  0.11550000000000001  4.2699999999999996  0
1.0007273439061783  0.11617605499095673  4.2699999999999996  0
1.0082198963779923  0.11818367837502708  4.2699999999999996  0
1.01525  0.12146186953159249  4.2699999999999996  0
1.0216040486310509  0.12591102228120549  4.2699999999999996  0
1.0270889777187946  0.13139595136894899  4.2699999999999996  0
1.0315381304684075  0.13774999999999998  4.2699999999999996  0
1.0348163216249728  0.14478010362200774  4.2699999999999996  0
1.0368239450090433  0.1522726560938216  4.2699999999999996  0
0.94850000000000001  0.16  4.2284999999999995  0
0.94850000000000001  0.16  4.1869999999999994  0
0.94850000000000001  0.16  4.1455000000000002  0
1.0375000000000001  0.16  4.1455000000000002  0
1.0375000000000001  0.16  4.1869999999999994  0
1.0375000000000001  0.16  4.2284999999999995  0
1.0368239450090433  0.16772734390617841  4.2699999999999996  0
1.0348163216249728  0.17521989637799226  4.2699999999999996  0
1.0315381304684075  0.18225  4.2699999999999996  0
1.0270889777187946  0.18860404863105101  4.2699999999999996  0
1.0216040486310509  0.19408897771879452  4.2699999999999996  0
1.01525  0.19853813046840751  4.2699999999999996  0
1.0082198963779923  0.20181632162497293  4.2699999999999996  0
1.0007273439061783  0.20382394500904327  4.2699999999999996  0
0.99299999999999999  0.20450000000000002  4.2699999999999996  0
0.98527265609382164  0.20382394500904327  4.2699999999999996  0
0.97778010362200773  0.20181632162497293  4.2699999999999996  0
0.97075  0.19853813046840751  4.2699999999999996  0
0.96439595136894896  0.19408897771879452  4.2699999999999996  0
0.95891102228120551  0.18860404863105101  4.2699999999999996  0
0.95446186953159251  0.18225  4.2699999999999996  0
0.95118367837502704  0.17521989637799226  4.2699999999999996  0
0.9491760549909567  0.16772734390617841  4.2699999999999996  0
0.95668877040986156  0.37090636454514958  4.2699999999999996  0
1.0190296567810713  0.31312562479173817  4.2699999999999996  0
1.08137054315228  0.25534488503832597  4.3155000000000001  0
0.93175241586137769  0.39401866044651412  4.3609999999999998  0
0.96915694768410343  0.35935021659446731  4.3609999999999998  0
1.0065614795068292  0.32468177274242044  4.3609999999999998  0
1.043966011329555  0.29001332889037357  4.3609999999999998  0
1.1212414568066924  0.18131029695000173  4.3609999999999998  0
1.1160134037523499  0.2020440542438682  4.3609999999999998  0
1.1074572832540952  0.22164033022374069  4.3609999999999998  0
1.0958045769652103  0.2395689572321025  4.3609999999999998  0
1.0155742630967008  0.031974992108412953  4.3609999999999998  0
1.0374626186323368  0.03783995929783189  4.3609999999999998  0
1.0580000000000001  0.047416697508022979  4.3609999999999998  0
1.0765623892592502  0.06041422239453284  4.3609999999999998  0
1.092585777605467  0.076437610740749853  4.3609999999999998  0
1.105583302491977  0.094999999999999946  4.3609999999999998  0
1.115160040702168  0.11553738136766309  4.3609999999999998  0
1.1210250078915871  0.13742573690329907  4.3609999999999998  0
0.32108333333333333  0.029999999999999399  4.3609999999999998  0
0.38216666666666665  0.029999999999999399  4.3609999999999998  0
0.44325000000000003  0.029999999999999399  4.3609999999999998  0
0.5043333333333333  0.029999999999999399  4.3609999999999998  0
0.56541666666666668  0.029999999999999399  4.3609999999999998  0
0.62650000000000006  0.029999999999999399  4.3609999999999998  0
0.68758333333333332  0.029999999999999399  4.3609999999999998  0
0.74866666666666659  0.029999999999999399  4.3609999999999998  0
0.80974999999999997  0.029999999999999399  4.3609999999999998  0
0.87083333333333335  0.029999999999999399  4.3609999999999998  0
0.93191666666666662  0.029999999999999399  4.3609999999999998  0
0.99299999999999999  0.029999999999999399  4.3155000000000001  0
0.32663636363636361  0.029999999999999399  4.2699999999999996  0
0.39327272727272727  0.029999999999999399  4.2699999999999996  0
0.45990909090909093  0.029999999999999399  4.2699999999999996  0
0.52654545454545454  0.029999999999999399  4.2699999999999996  0
0.59318181818181814  0.029999999999999399  4.2699999999999996  0
0.65981818181818186  0.029999999999999399  4.2699999999999996  0
0.72645454545454546  0.029999999999999399  4.2699999999999996  0
0.79309090909090907  0.029999999999999399  4.2699999999999996  0
0.85972727272727267  0.029999999999999399  4.2699999999999996  0
0.92636363636363628  0.029999999999999399  4.2699999999999996  0
1.0155742630967008  0.031974992108412953  4.2699999999999996  0
1.0374626186323368  0.03783995929783189  4.2699999999999996  0
1.0580000000000001  0.047416697508022979  4.2699999999999996  0
1.0765623892592502  0.06041422239453284  4.2699999999999996  0
1.092585777605467  0.076437610740749853  4.2699999999999996  0
1.105583302491977  0.094999999999999946  4.2699999999999996  0
1.115160040702168  0.11553738136766309  4.2699999999999996  0
1.1210250078915871  0.13742573690329907  4.2699999999999996  0
1.1212414568066924  0.18131029695000173  4.2699999999999996  0
1.1160134037523499  0.2020440542438682  4.2699999999999996  0
1.1074572832540952  0.22164033022374069  4.2699999999999996  0
1.0958045769652103  0.2395689572321025  4.2699999999999996  0
1.123  0.16  4.3155000000000001  0
0.29740594470220189  0.4428258125044755  4  0
0.14743158920823426  0.16756432317741538  4  0
0.43186369197097346  0.45645517782352846  4  0
0.77527061135997022  0.34738169237305261  4  0
0.87689974822886396  0.25018285227240661  4  0
0.29240399798243122  0.56736884018923572  4  0
0.69102503913544422  0.46186671076740965  4  0
0.36472052953115275  0.45670314485709862  4  0
0.27348235472998667  0.2328205043322718  4  0
0.12672421358968308  0.19471970102939187  4  0
0.75252164126978605  0.33426794128599935  4  0
0.38390831493172756  0.49959139187862373  4  0
1.122510651069504  0.13179173446158329  4  0
0.90572136465201303  0.1347774183458669  4  0
0.15026172933613977  0.51239293580813527  4  0
1.1160469757449645  0.17847989482297594  4  0
0.10917725071117343  0.34645922107576055  4  0
0.71460455328201755  0.34774671431591947  4  0
0.055033283500755148  0.51364878965854399  4  0
0.73387015392442001  0.31468307424603326  4  0
0.15526923507478094  0.33668731380844541  4  0
0.12696534362301617  0.31011754481178838  4  0
0.90304577810282216  0.36867670273187847  4  0
0.22748147946065808  0.16412988878996304  4  0
1.0603623700800404  0.058758990573623347  4  0
0.63360755983416395  0.42939176557014852  4  0
0.98650486773091217  0.25066294259260374  4  0
0.09539395190040989  0.17174961747383319  4  0
0.87029807290192829  0.17873017431421034  4  0
0.72054013495625613  0.2672891635863493  4  0
0.26615731231775669  0.18009347250617197  4  0
0.7245424010189726  0.085592638550108083  4  0
0.22188497905923224  0.057988901058715236  4  0
0.72558843387613792  0.22867298268939035  4  0
0.15259371276775674  0.068580117287776729  4  0
0.9159959860200495  0.20131235469558004  4  0
0.65388461297740019  0.074848831270783053  4  0
0.10732001023999992  0.57178516701830384  4  0
0.74806794840908963  0.37487125511610403  4  0
0.11042487191653351  0.11667718564197332  4  0
0.58393643781469506  0.44925443418109506  4  0
1.0161020366226565  0.038292422186219005  4  0
0.88177534003895819  0.27339243646884392  4  0
0.86235397409950021  0.063537332971981386  4  0
0.91994019958294371  0.30338540827036681  4  0
0.77176277745159594  0.32873837393780919  4  0
0.067162842174385368  0.30774937741762332  4  0
0.32541252378453306  0.11415505959032952  4  0
0.84100981203752911  0.14212235358736103  4  0
0.31469938886851112  0.38276283452701265  4  0
0.87785159677388114  0.29447484686440517  4  0
0.29603451557211896  0.062701313977679432  4  0
0.10541196287927811  0.21883721691225336  4  0
0.15973347254896697  0.32118238599867555  4  0
0.24885931471255002  0.20176404389077557  4  0
0.68720595463860545  0.39421680158603195  4  0
0.24053325785378149  0.36162480506802119  4  0
0.24936258345833842  0.32401560759332076  4  0
0.16226581521919273  0.37079942385362769  4  0
0.84243870028438417  0.32557011623958482  4  0
0.35250643528019487  0.40644124744265725  4  0
0.39377904616192067  0.42135602705582531  4  0
0.91041185073998254  0.25147956217834416  4  0
0.87038456700688482  0.20934294704876832  4  0
0.71342505604570172  0.15802573930673616  4  0
0.85013102003841812  0.20063428612640763  4  0
0.11357341765582275  0.28571169442084032  4  0
0.28470680599619425  0.34419607505450456  4  0
0.11941036255528964  0.25390523115789204  4  0
0.79293276518617906  0.37993765900009724  4  0
0.26939313998541131  0.39088130436740259  4  0
0.11440470618679723  0.42555985516934386  4  0
0.79861801537267052  0.15631103651565503  4  0
0.67751290616711801  0.12284775750885271  4  0
0.87211181622377731  0.32049141245941393  4  0
1.1051682604830022  0.085645503892629732  4  0
0.14290920695761306  0.32110365655731971  4  0
0.21002098800493949  0.42304796353122048  4  0
0.15021043836651962  0.19991343974760656  4  0
0.2775812972839401  0.2522365146322828  4  0
0.84596339854039204  0.41704702375420577  4  0
0.75488895796960886  0.18553428691922541  4  0
0.16983094706431354  0.18996617641635324  4  0
0.04732432517006125  0.20306179667308599  4  0
0.95739270076922334  0.068678817811995446  4  0
0.21402130762389501  0.18613089527947005  4  0
0.85757737729727446  0.35680650819691861  4  0
0.73035162942991172  0.20464242028366386  4  0
0.22614907504674572  0.33362545606892557  4  0
0.58927593156871982  0.073871301199963851  4  0
0.17276193132202439  0.61385902204214016  4  0
0.24575627061618321  0.60917362395999797  4  0
0.056196658430919755  0.59003906504311665  4  0
0.98746006343947734  0.15389458798042185  4  0
1.0672806965489903  0.12877457731713932  4  0
0.83872023694518238  0.18379915988960119  4  0
0.32864956663974476  0.5139991800605358  4  0
1.0176936630225928  0.089719473898541818  4  0
0.10426618287434468  0.31255367371764059  4  0
0.26993403448752323  0.20988247684188893  4  0
0.27644121516785808  0.27275649986047856  4  0
0.70324402326096469  0.32144332249705543  4  0
0.42903748850931805  0.066751475261624282  4  0
0.20407430951460359  0.35396666676586241  4  0
0.18868832417003503  0.1255999352045595  4  0
1.0619476737393496  0.20282129859782438  4  0
0.24237824942917569  0.52613314877944772  4  0
0.13520056507394088  0.2160250460199028  4  0
0.79831159352488479  0.34224237753064241  4  0
0.19063141104670478  0.1747604211697435  4  0
0.23496318328840424  0.18902723215002568  4  0
0.18079371052426069  0.33880671191585476  4  0
0.3658793241061371  0.074406645397064361  4  0
0.26992413511483015  0.12908481285693338  4  0
0.76537575977937  0.44568494708746198  4  0
0.81813598104343654  0.17865706263267611  4  0
0.82417885733900953  0.35243748354399784  4  0
0.8815395384185174  0.22964410358260273  4  0
0.7175972444599833  0.29481615882959095  4  0
1.1128596295037514  0.22743236008177981  4  0
0.27327468826776768  0.30035568425966674  4  0
0.10264700320894388  0.62859581090345917  4  0
0.075544193989632344  0.25490794933646721  4  0
0.77958593869440118  0.1792609674031522  4  0
0.76072360153602436  0.14399488505406255  4  0
0.79336405833173318  0.098686502240474039  4  0
0.7857058152364782  0.33264861289128272  4.0350000000000001  0
0.14278761976602106  0.35910589937329812  4.0350000000000001  0
0.83584228049047848  0.19225154770379085  4.0350000000000001  0
0.75277679682534604  0.16517348339600724  4.0350000000000001  0
0.78470599720481093  0.16054441814538167  4.0350000000000001  0
0.81304169831794204  0.17773007165928301  4.0350000000000001  0
0.17491680675098875  0.34341699990164037  4.0350000000000001  0
0.88810399924524897  0.2494320392527298  4.0350000000000001  0
0.74193110944391349  0.31744623693648716  4.0350000000000001  0
0.7247893781921122  0.29907912378218238  4.0350000000000001  0
0.85874425570048196  0.20069148851633106  4.0350000000000001  0
0.78856602072299931  0.18540974782107575  4.0350000000000001  0
0.87948670700232101  0.33607215648634081  4.0350000000000001  0
0.27393019861316015  0.29916558005106253  4.0350000000000001  0
0.13422668153184841  0.21149165442721266  4.0350000000000001  0
0.19928809111753226  0.17049926882183716  4.0350000000000001  0
0.17387976124348523  0.18263391131096735  4.0350000000000001  0
0.1051363336928596  0.21717551460252943  4.0350000000000001  0
0.80008203710636583  0.34720656336524602  4.0350000000000001  0
0.18432720256905222  0.38431958394836158  4.0350000000000001  0
0.21991200451507295  0.3650211267269135  4.0350000000000001  0
0.27717820101991958  0.19616203934480206  4.0350000000000001  0
0.35365648381390052  0.40399578920373841  4.0350000000000001  0
0.85036954085816963  0.34329815017875809  4.0350000000000001  0
0.10545407337477042  0.29964676721222039  4.0350000000000001  0
0.67493125978149804  0.11115360204728025  4.0350000000000001  0
0.77300541158581126  0.33069984342630915  4.0350000000000001  0
0.69365756367509668  0.39142206898687615  4.0350000000000001  0
0.21673662393533052  0.18641294176952311  4.0350000000000001  0
0.90023927407708693  0.28353788842252653  4.0350000000000001  0
0.27604522890293132  0.27209267040474167  4.0350000000000001  0
0.15767224717868011  0.32848889401096187  4.0350000000000001  0
0.12438778298234654  0.23936622580090525  4.0350000000000001  0
0.29800943262030577  0.12569354127153437  4.0350000000000001  0
0.88841396314107213  0.21360092531716698  4.0350000000000001  0
0.77796189110624936  0.34701444902826789  4.0350000000000001  0
0.12802255351008626  0.32094984668782289  4.0350000000000001  0
0.72324952161024558  0.24886779757724464  4.0350000000000001  0
0.7703225734281135  0.18476287376062916  4.0350000000000001  0
0.72623946127645667  0.22512190033041421  4.0350000000000001  0
0.71703675092680774  0.14089349847836893  4.0350000000000001  0
0.77237128457596838  0.38852622797970188  4.0350000000000001  0
0.097567804019406693  0.24276227470394512  4.0350000000000001  0
0.27311681714259156  0.22501487705648179  4.0350000000000001  0
0.64364993905811096  0.40452572648043583  4.0350000000000001  0
0.25349195977707628  0.35860912150256663  4.0350000000000001  0
0.16653256149559795  0.14468670300780584  4.0350000000000001  0
0.22283434605413885  0.1223973759130538  4.0350000000000001  0
0.7584534015618003  0.33580759128488408  4.0350000000000001  0
0.72319501664904207  0.19079372003457742  4.0350000000000001  0
0.30023706628659408  0.38857411915870094  4.0350000000000001  0
0.34548995184826159  0.1085634346995612  4.0350000000000001  0
0.8818763723146763  0.17993083463731635  4.0350000000000001  0
0.1295661973405709  0.29120795896395774  4.0350000000000001  0
0.82410898976429359  0.33787743906990536  4.0350000000000001  0
0.83113115828347328  0.3746314972312253  4.0350000000000001  0
0.25624838403892342  0.21143616050162287  4.0350000000000001  0
0.22696858275999979  0.33588432463491169  4.0350000000000001  0
0.86616261255809324  0.22793725833353889  4.0350000000000001  0
0.28760337639986439  0.33645686885293019  4.0350000000000001  0
0.14700886298821109  0.18260019948067777  4.0350000000000001  0
0.72203552815134753  0.27214646665261766  4.0350000000000001  0
0.84919203389212283  0.16267175868466771  4.0350000000000001  0
0.76855497837060593  0.11874275385782893  4.0350000000000001  0
0.11426326359431277  0.18562391216155458  4.0350000000000001  0
0.72017741495904752  0.3403317844982307  4.0350000000000001  0
0.23448031909921133  0.40330903866348072  4.0350000000000001  0
0.2287561371116309  0.16679676195087015  4.0350000000000001  0
0.20042491868855844  0.34316808335579446  4.0350000000000001  0
0.81529702470892862  0.13129457388038074  4.0350000000000001  0
0.27496028815724366  0.24888028533857848  4.0350000000000001  0
0.854820580135499  0.31448891668466461  4.0350000000000001  0
0.26313119538297441  0.16267946298703567  4.0350000000000001  0
0.87551672262123481  0.27456886582320644  4.0350000000000001  0
0.1093321994140834  0.26962288095776848  4.0350000000000001  0
0.25190896854423489  0.32261816216497297  4.0350000000000001  0
0.24193397367007763  0.1919695002801311  4.0350000000000001  0
0.87705202363816948  0.30105822496532619  4.0350000000000001  0
0.75306811106335736  0.19534808721541555  4.0350000000000001  0
0.15907045819018398  0.49390438899522648  4.1040000000000001  0
0.13102426958735866  0.53506280756019653  4.1040000000000001  0
0.14166086764326513  0.54434348664550203  4.1040000000000001  0
0.12518744301158363  0.50430621150751453  4.1040000000000001  0
0.18874363092552088  0.53456237842050691  4.1040000000000001  0
0.17850335255870428  0.48545530199115006  4.1040000000000001  0
0.13099544632400228  0.51815541058006143  4.1040000000000001  0
0.19192675901005893  0.49800080318618439  4.1040000000000001  0
0.15746664798533452  0.54677804380358608  4.1040000000000001  0
0.14057330116859434  0.50039778998587836  4.1040000000000001  0
0.17572424493635627  0.54559374827038232  4.1040000000000001  0
0.17427169353160235  0.50571452799096761  4.1040000000000001  0
0.14748724054275991  0.53077275702463433  4.1040000000000001  0
0.16251948044637998  0.47706354193612704  4.1040000000000001  0
0.19236643838067594  0.51663058625726554  4.1040000000000001  0
0.15373504352698503  0.51274852315061781  4.1040000000000001  0
0.14476066569040777  0.48204154315731418  4.1040000000000001  0
0.1296498529739267  0.49122711476202974  4.1040000000000001  0
0.16998016239419927  0.52754366550611209  4.1040000000000001  0
0.96520436347756355  0.14075803148034169  4.1040000000000001  0
0.97955580384827756  0.17663919967707314  4.1040000000000001  0
1.0235165148595793  0.14619557941123271  4.1040000000000001  0
1.0117184578971907  0.16374998627091486  4.1040000000000001  0
0.99224135536213065  0.16240664661161264  4.1040000000000001  0
1.0035978526790972  0.14554901808716733  4.1040000000000001  0
0.95690880925017596  0.15658226845130957  4.1040000000000001  0
0.99584803197463767  0.12667360339059938  4.1040000000000001  0
1.0135899472529482  0.13075904661664062  4.1040000000000001  0
1.0156934759516731  0.19133195636841763  4.1040000000000001  0
1.0214760126219657  0.1786866266175087  4.1040000000000001  0
0.96740765744846136  0.18657539342827431  4.1040000000000001  0
0.97338578237986328  0.15863855752846631  4.1040000000000001  0
0.96172760161329818  0.17193718675785974  4.1040000000000001  0
0.98204232033286465  0.19402105688829477  4.1040000000000001  0
1.0005205993208  0.18631925000607766  4.1040000000000001  0
0.98466517907109841  0.14358009593760124  4.1040000000000001  0
1.0289537168559937  0.16339598935550012  4.1040000000000001  0
0.97770374234337998  0.12752664597832855  4.1040000000000001  0
1.1396904576180071  0.22388982425879439  4.0490755575723467  0
1.1484229926856957  0.19799596484657497  4.2695239544581289  0
1.1400419014472687  0.22307677241878898  4.1630022844184555  0
1.1303046672734176  0.24214273154050883  4.2809575719238779  0
1.0497434279970259  0.01039992186116237  4.2633515160571038  0
1.1442890433888711  0.10792673094110275  4.0739772515374977  0
1.1089129245441358  0.049708595422737187  4.0665799705115075  0
1.1089129188171594  0.049708589403858791  4.2944199973634918  0
1.0936908072875549  0.03565627748945073  4.1804999645873284  0
1.0497434314000731  0.010399923151940826  4.0976484417553154  0
1.1442890410597122  0.10792672417417253  4.287022741231687  0
1.1324466967625884  0.081548621669197463  4.1804999837057091  0
0.52188455209757179  0  4.070161953717621  0
0.38076835029908612  0  4.1227199860920969  0
0.68906008930502949  0  4.1219500999967922  0
0.8650265561009024  0  4.0943759775295652  0
0.51735855098043204  0  4.2459011761547485  0
0.66791418857115514  0  4.2971566468403646  0
0.36635098700662372  0  4.2719051488195268  0
0.84100381286733106  0  4.2676829266264402  0
0.0083443942222218292  0.19465892501175458  4.0990541769862094  0
0.19723375380440189  0.0076898766626404824  4.1009752549528606  0
0.16392236503533641  0.01840304625348263  4.2467027469797092  0
0.12174047254800635  0.039808485475140487  4.0883571976635356  0
0.078541491435780153  0.073793636871214985  4.1925576566714184  0
0.019412466422786573  0.1614219157863514  4.2453579917844646  0
0.047163327078648093  0.11066631103542154  4.0781771334846901  0
0.076760085624677565  0.075546391253181244  4.3040978968653532  0
0  0.33370979423872993  4.2681122561977887  0
0  0.38458212136217368  4.1556278949691015  0
0  0.42569490520214631  4.2797224837475616  0
0.031987254269687293  0.60898300334218713  4.0895068071139686  0
0.2185421103983253  0.66190541061395414  4.2545673978210008  0
0.26145958725617702  0.63671722658468466  4.1765464753787294  0
0.2723985069726273  0.62687087261597785  4.0767730389136494  0
0.037080357503258762  0.61542441841901441  4.2528978311089363  0
0.27147106003604693  0.62777893001086926  4.2807686815062507  0
0.14854592078194684  0.67258948608622871  4.2833131622018001  0
0.07375474467467949  0.64776555915318379  4.1209969446474357  0
0.011932896980116597  0.57363112239847813  4.1759999122428084  0
0.17001908469954144  0.67268599795155315  4.1227677746390716  0
0.0074415600152738515  0.56122781758929907  4.2804527319482322  0
0.11883467578217016  0.66761376420629881  4.1719416997177152  0
0.12039873606132692  0.66802174007041581  4.0593937217754696  0
0.087131847611514074  0.65544378669316683  4.2731724652158753  0
0.0070920046575374263  0.56010780148074679  4.0766110466330359  0
0.22689969210379102  0.65834246178050637  4.0900984819703297  0
0.34882978256037306  0.53845703921337895  4.180499600480382  0
0.32778302356602185  0.5541443672494395  4.2857810756578623  0
0.37259936211385575  0.52731745966708254  4.2857810423805853  0
0.3725993637452687  0.52731745909527616  4.075218492413434  0
0.32778302468427334  0.55414436622497509  4.07521845888221  0
0.57679964790261196  0.52000000000000002  4.1970108205049286  0
0.83292266740532173  0.50205306693503937  4.1002908654053067  0
0.83292266740532173  0.50205306693503937  4.260709134594693  0
1.0082112452776428  0.36405681946096713  4.1344267575602185  0
1.0082145855452549  0.36405372352915044  4.2650001036193324  0
0.80873047512930629  0.43310748073951799  4.1095329209912626  0
0.79159530524972388  0.43915508157791372  4.2195356676843563  0
0.91667358279036626  0.31517926071318964  4.2211713511103959  0
0.91033473188061131  0.33259297615911487  4.1111686046527689  0
0.84353370957006535  0.41437498548787333  4.1947601940130719  0
0.8692007060291953  0.3932492954481962  4.094993988063969  0
0.88675832681617706  0.3733135481875467  4.2045736227443111  0
0.6111746362063426  0.44700000000000001  4.1374479457856328  0
0.4989686805660084  0.44700000000000001  4.1649582614604412  0
0.38678263498560739  0.44700000000000001  4.1374649301152822  0
0.11623066633936682  0.37958000961188088  4.2049765295421286  0
0.14045260501555301  0.40379645458923047  4.0999892670289499  0
0.20233960334480616  0.43788838820329368  4.0850377031569991  0
0.091926024567992759  0.34197645260976489  4.1021682075766686  0
0.17805170834017825  0.42808770774222837  4.2028065241278121  0
0.082119061661172443  0.3176833752106985  4.2199426200111709  0
0.18740836194242999  0.087664704473753408  4.1111685788042305  0
0.08084524587031941  0.20640360018869094  4.2195356332526117  0
0.20482171353325238  0.081326116338751031  4.2211713354182105  0
0.12675203079665398  0.12879794703136635  4.0949939441111196  0
0.10562630011864613  0.15446440986595245  4.1947601347663754  0
0.086893114907764774  0.18926806708661445  4.1095328766321471  0
0.14668802143060206  0.11124047757306996  4.2045735825773161  0
0.49900000000000005  0.072999999999998996  4.1481733125695097  0
0.61849999999999994  0.072999999999998996  4.1351340724454078  0
0.37950000000000006  0.072999999999998996  4.1351340724454078  0
0.86920205296863362  0.12675203079665395  4.2100060558888801  0
0.91667388366124891  0.20482171353325238  4.0838286645817892  0
0.80873193291338552  0.086893114907764774  4.1954671233678527  0
0.88675952242693001  0.14668802143060211  4.1004264174226837  0
0.79159639981130903  0.080845245870319382  4.085464366747388  0
0.91033529552624659  0.18740836194242999  4.1938314211957692  0
0.84353559013404755  0.1056263001186461  4.1102398652336243  0
0.20709185435819868  0.63417077722415671  4.3155000000000001  0
0.16098960663752115  0.64299623332505829  4.3154999999999992  0
0.10667158393389874  0.63155834023754209  4.3154999999999992  0
0.062075643109061482  0.59850333518346588  4.3154999999999992  0
0.24623148455476213  0.61028376571392484  4.3155000000000001  0
0.038092807091402225  0.55815126041591678  4.3155000000000001  0
0.31020674586211328  0.52961557234538759  4.3154999999999992  0
0.35930959470130752  0.5002286090321979  4.3154999999999992  0
0.15317733317543547  0.46902613028853402  4.2365070378832304  0
0.17999533049170752  0.47324529262430182  4.1882707781770367  0
0.14605523527644482  0.47074134956243052  4.1857479418697325  0
0.20018339731965326  0.49388077983151818  4.1335427985338526  0
0.19520530859855437  0.48578169280648492  4.1926116989389639  0
0.13131566069064235  0.47897855560994451  4.186487952020876  0
0.15557951751055371  0.46872010236506301  4.1326042063336725  0
0.18463656336426904  0.47594207580559383  4.2394516316427939  0
0.16941435321894194  0.4695072425170696  4.2371955585772625  0
0.20253447762165025  0.49992069522285937  4.2246956679580592  0
0.18872512328617191  0.47901298347612398  4.1375799621280809  0
0.12564670926785018  0.4847139360130755  4.1371362656306099  0
0.11770905136149104  0.49915349635268902  4.2355438576755668  0
0.13826804752146854  0.47416738173299605  4.1362816439669281  0
0.163105991471138  0.4686085276547261  4.1861598797681117  0
0.17366697494117803  0.47065069308764063  4.1366564718517296  0
0.20276538145428538  0.50069666106012423  4.1766672228702122  0
0.1256139792006766  0.48475373345752581  4.2364745380211417  0
0.1379603911582695  0.47434116346676336  4.2364588305603608  0
0.19605401687304788  0.48691632948916164  4.2481061614121103  0
0.11771134209933178  0.49914650177896391  4.1383527067006769  0
0.12052822788889123  0.4924517833764413  4.1868324828484429  0
0.16035379434055172  0.55749859356838816  4.1365775681102495  0
0.20286097618395604  0.52496606537498247  4.1994018471032586  0
0.11957308855927759  0.53159878574971997  4.1316624244898348  0
0.13008744805635708  0.54594676366836148  4.1354872575142636  0
0.17820413832719931  0.55360614913734363  4.1332289754958644  0
0.2020728212846592  0.52749578246074114  4.1468838511824586  0
0.1899125519436429  0.54594676366836148  4.2385127424857352  0
0.19677454636537983  0.53805758846378737  4.1922970692376609  0
0.13531980252952436  0.55002887863301198  4.186218307608617  0
0.19296121915697523  0.54289662241267145  4.1388826540631678  0
0.11792717871534081  0.52749578246074103  4.2271161488175411  0
0.16868520764916009  0.55664421116357787  4.1865986712480332  0
0.11713902381604396  0.52496606537498247  4.1745981528967411  0
0.14408253628590514  0.55455579801797183  4.1368134251247071  0
0.18468019747047562  0.55002887863301198  4.1877816923913826  0
0.12703878084302478  0.54289662241267145  4.2351173459368319  0
0.15131479235083989  0.55664421116357787  4.1874013287519665  0
0.17591746371409486  0.55455579801797183  4.2371865748752926  0
0.1417958616728007  0.55360614913734363  4.2407710245041352  0
0.15964620565944826  0.55749859356838816  4.2374224318897502  0
0.12322545363462019  0.53805758846378737  4.1817029307623388  0
0.20042691144072242  0.53159878574971997  4.2423375755101649  0
0.97351530172837342  0.1199925440290979  4.2413114705072426  0
0.96502121622043968  0.1253959878306487  4.1881786869567641  0
0.95367789415790483  0.13916680552236246  4.1874452966991251  0
0.95900349701448051  0.13128610467464294  4.237532070217692  0
1.0331212808261896  0.14075077079813239  4.240352801228676  0
1.0076252986036471  0.11797202549784065  4.2356060509127298  0
0.95073460083132144  0.14607570349668358  4.138515010697577  0
0.95075061191076105  0.14602719762950628  4.2357828186813071  0
1.0354333049596072  0.14659609645644311  4.1811276736590024  0
0.98668071421955239  0.11595097473013696  4.1366839183038495  0
1.0279236283157063  0.13242120043826419  4.1958412368627336  0
1.0156440651762342  0.12169208551363749  4.1278079197700519  0
0.95877386446230728  0.13156021015978697  4.1376573207235881  0
0.9803761347129466  0.11732813543780482  4.1876581858986048  0
0.99750933759585425  0.11572906286911677  4.1851889181282731  0
1.0220658119543651  0.12630387892600267  4.2373425553797937  0
0.99106576252200296  0.11554205666724211  4.2371114845601481  0
0.97134143637585768  0.12112640199648381  4.1374556625696375  0
1.0153847278305865  0.12153996931942768  4.1795811815517592  0
1.0274291939775275  0.13180637302407194  4.1407848751744671  0
1.0349543483927626  0.14516481712486506  4.1299030544662507  0
1.002733983938767  0.11657766062635705  4.1344685647615353  0
1.0089174637140947  0.20155579801797185  4.2371865748752926  0
1.0176801974704757  0.19702887863301194  4.1877816923913826  0
0.99335379434055171  0.20449859356838812  4.1365775681102495  0
0.95257308855927758  0.17859878574971999  4.1316624244898348  0
1.0112041383271992  0.20060614913734365  4.1332289754958644  0
0.96308744805635704  0.19294676366836147  4.1354872575142636  0
0.99264620565944828  0.20449859356838812  4.2374224318897502  0
1.0334269114407224  0.17859878574971999  4.2423375755101649  0
1.00168520764916  0.20364421116357784  4.1865986712480332  0
1.0358609761839561  0.17196606537498244  4.1994018471032586  0
1.0350728212846592  0.17449578246074102  4.1468838511824586  0
1.0229125519436428  0.1929467636683615  4.2385127424857352  0
0.97479586167280063  0.20060614913734365  4.2407710245041352  0
1.0259612191569751  0.18989662241267147  4.1388826540631678  0
0.98431479235083985  0.20364421116357784  4.1874013287519665  0
0.96003878084302474  0.18989662241267147  4.2351173459368319  0
0.95092717871534083  0.17449578246074104  4.2271161488175411  0
0.95013902381604398  0.17196606537498241  4.1745981528967411  0
1.0297745463653798  0.18505758846378736  4.1922970692376609  0
0.96831980252952432  0.19702887863301194  4.186218307608617  0
0.97708253628590513  0.20155579801797185  4.1368134251247071  0
0.95622545363462019  0.18505758846378739  4.1817029307623388  0
1.0513051997712666  0.13698502405464394  4.2699999999999996  0
0.18259216923905505  0.46501445346870751  4.2699999999999996  0
1.037859440998872  0.068057437052977898  4.2699999999999996  0
0.078888996510784209  0.4443287942981311  4.2699999999999996  0
0.23790089436746611  0.47876629118697484  4.2699999999999996  0
1.0245128786691946  0.20135977859742943  4.2699999999999996  0
0.99154517696049538  0.21415331398469287  4.2699999999999996  0
0.095817925790250863  0.50407634310707938  4.2699999999999996  0
1.0430806851211574  0.17726772360379814  4.2699999999999996  0
1.0379844860152494  0.096532885490127854  4.2699999999999996  0
0.21466293223206562  0.51215185263788487  4.2699999999999996  0
0.2416422297827738  0.57672523114004337  4.2699999999999996  0
1.089548175089494  0.12866690196698105  4.2699999999999996  0
0.13914133427865702  0.5620608544210669  4.2699999999999996  0
0.99628720289449524  0.071020575753443838  4.2699999999999996  0
0.12178762200243677  0.43890154221616307  4.2699999999999996  0
0.9152780552421339  0.14756336996779237  4.2699999999999996  0
0.10214644652060918  0.52608890993100332  4.2699999999999996  0
0.19085809148612767  0.56811232208777573  4.2699999999999996  0
0.11242357304002244  0.54204658772249514  4.2699999999999996  0
0.1243886349909341  0.57723629263305087  4.2699999999999996  0
0.97526159150498204  0.11129335381926757  4.2699999999999996  0
0.22395155071479375  0.52835524743366757  4.2699999999999996  0
0.065652634587989755  0.48651431919409655  4.2699999999999996  0
0.9371253549258507  0.13572549892658667  4.2699999999999996  0
0.96853739300688246  0.09440383636368592  4.2699999999999996  0
0.93545686194321154  0.20684467507508311  4.2699999999999996  0
0.19846546108414789  0.45290369559214799  4.2699999999999996  0
0.95202323277073364  0.12730883940467361  4.2699999999999996  0
0.21508140783219803  0.5685280185466548  4.2699999999999996  0
1.0655849951387424  0.097635842810790116  4.2699999999999996  0
0.94173022108425031  0.18604644505824389  4.2699999999999996  0
0.13216497476593819  0.46463099766930721  4.2699999999999996  0
0.22446946707355062  0.55009046520084881  4.2699999999999996  0
1.0150498562113071  0.10172308989225708  4.2699999999999996  0
0.093256938323406036  0.47863557305090026  4.2699999999999996  0
0.90929573941287167  0.11970158586461155  4.2699999999999996  0
0.92531552410315721  0.16980200416317168  4.2699999999999996  0
0.97317248093364861  0.21910377702514724  4.2699999999999996  0
0.17690876217021209  0.60541070865361213  4.2699999999999996  0
0.11210071672727492  0.48988791390405995  4.2699999999999996  0
0.11370759512327873  0.46851934855368821  4.2699999999999996  0
1.0618404755312472  0.21984423685444979  4.2699999999999996  0
0.99064878370063625  0.10372293439923723  4.2699999999999996  0
0.25366229791523059  0.54176439118409137  4.2699999999999996  0
1.0951605026607103  0.20136528505546178  4.2699999999999996  0
0.14340594967779249  0.45542975917880041  4.2699999999999996  0
0.95308487617190463  0.06740367547923802  4.2699999999999996  0
1.0655146236947501  0.18187319849148378  4.2699999999999996  0
0.95910435271861738  0.24555664660846829  4.2699999999999996  0
0.94243342846735423  0.16879299716452675  4.2699999999999996  0
0.09109500309925983  0.54539149276352017  4.2699999999999996  0
0.15083712982214617  0.57732095284506046  4.2699999999999996  0
0.10331310608477232  0.56326034458322782  4.2699999999999996  0
0.12489770355102427  0.55494762475324311  4.2699999999999996  0
0.95205945714476548  0.20093820817174993  4.2699999999999996  0
0.065823615974045929  0.52937245893414697  4.2699999999999996  0
0.20929065977932212  0.53540519890935778  4.2699999999999996  0
0.097561277992488482  0.40117415116112848  4.2699999999999996  0
0.93845969764730663  0.15410813393968875  4.2699999999999996  0
0.14682371956931281  0.43471274503418689  4.2699999999999996  0
1.0979731225232443  0.16355950578458475  4.2699999999999996  0
0.21518770403877049  0.59814739818531926  4.2699999999999996  0
0.17027927969779305  0.56995395820181549  4.2699999999999996  0
1.0332009247756617  0.11869823863225655  4.2699999999999996  0
0.20520637251686616  0.47380066601672211  4.2699999999999996  0
0.23784849714148096  0.50981964859471129  4.2699999999999996  0
1.0319164348263108  0.21623419226344009  4.2699999999999996  0
0.095332604568596449  0.5937493771840614  4.2699999999999996  0
0.1625649594328884  0.4537630597717518  4.2699999999999996  0
0.28284559811678628  0.50217916394858075  4.2699999999999996  0
1.0101669817861791  0.21542283660996672  4.2699999999999996  0
0.20305374953741825  0.54946866829008167  4.2699999999999996  0
0.071786570907106564  0.56649578287518609  4.2699999999999996  0
0.93887333254697669  0.11914018919636896  4.2699999999999996  0
0.18121136190749662  0.44589035803714733  4.2699999999999996  0
0.13289521970121587  0.61246607663138208  4.2699999999999996  0
1.0705926041156264  0.15449054958989131  4.2699999999999996  0
0.98658520901002766  0.2383443252959504  4.2699999999999996  0
0.96309301519454249  0.28667619614066819  4.2699999999999996  0
0.9473797522603955  0.22374391782060324  4.2699999999999996  0
0.96431653626230918  0.20635341781912286  4.2699999999999996  0
1.0408314080159957  0.19533285674036435  4.2699999999999996  0
0.89656795089601471  0.080103665434418353  4.2699999999999996  0
0.93747356378664926  0.099100075968574036  4.2699999999999996  0
1.0487643330282135  0.16148659168962928  4.2699999999999996  0
0.95824092749949619  0.11404533969730901  4.2699999999999996  0
0.21420310318148408  0.49551243035721093  4.2699999999999996  0
1.0220395689630259  0.24927013281425128  4.2699999999999996  0
1.1121389327839482  0.21201840727186769  4.3154999999999992  0
1.0388034692886308  0.038336356288637088  4.3154999999999992  0
1.0849261421657752  0.068078379112867668  4.3155000000000001  0
1.1146654018150923  0.1142012008763095  4.3155000000000001  0
Triangles
2662
4 2 3  1
3 2 1  1
89 92 90  2
5 92 6  2
2 91 89  2
91 2 1  2
92 5 90  2
92 89 91  2
94 95 102  3
102 95 103  3
94 102 93  3
104 95 96  3
5 93 101  3
93 102 101  3
93 5 6  3
104 96 105  3
95 104 103  3
100 8 108  3
105 98 106  3
99 108 107  3
99 107 106  3
8 100 7  3
99 106 98  3
98 105 97  3
108 99 100  3
105 96 97  3
8 7 110  4
9 110 109  4
110 9 10  4
110 7 109  4
121 113 112  5
112 120 121  5
121 114 113  5
120 112 119  5
10 119 111  5
119 112 111  5
119 10 9  5
114 121 122  5
114 122 115  5
118 126 11  5
115 124 116  5
126 117 125  5
117 126 118  5
124 117 116  5
124 115 123  5
11 126 12  5
115 122 123  5
117 124 125  5
11 127 129  6
128 129 127  6
129 128 130  6
127 11 12  6
130 128 14  6
14 128 13  6
16 14 15  7
15 14 13  7
133 139 134  8
16 136 131  8
136 132 131  8
139 135 134  8
132 138 133  8
132 136 137  8
18 135 140  8
18 17 135  8
136 16 15  8
138 132 137  8
139 133 138  8
135 139 140  8
20 19 142  9
18 142 141  9
142 18 17  9
142 19 141  9
148 20 19  10
148 144 143  10
144 150 145  10
4 152 3  10
144 148 149  10
20 148 143  10
145 150 146  10
146 151 147  10
150 144 149  10
151 146 150  10
152 4 147  10
147 151 152  10
163 181 180  11
168 184 167  11
181 163 164  11
186 22 23  11
186 168 169  11
166 182 165  11
182 166 183  11
159 175 158  11
184 168 185  11
164 182 181  11
166 184 183  11
180 162 163  11
184 166 167  11
168 186 185  11
22 186 169  11
162 180 179  11
182 164 165  11
162 178 161  11
161 177 160  11
160 176 159  11
156 174 173  11
158 175 157  11
153 24 21  11
156 173 155  11
178 162 179  11
154 171 153  11
155 171 154  11
175 159 176  11
177 161 178  11
174 157 175  11
176 160 177  11
171 155 172  11
174 156 157  11
24 153 170  11
153 171 170  11
155 173 172  11
198 215 216  12
219 201 218  12
213 197 196  12
219 203 202  12
203 21 24  12
201 219 202  12
216 199 198  12
199 216 217  12
208 192 191  12
217 200 199  12
217 201 200  12
213 195 212  12
201 217 218  12
203 219 220  12
21 203 220  12
211 193 210  12
198 214 215  12
214 198 197  12
197 213 214  12
192 208 209  12
211 194 193  12
207 191 190  12
204 187 23  12
207 190 206  12
193 209 210  12
204 23 22  12
206 188 205  12
194 212 195  12
187 204 205  12
212 194 211  12
209 193 192  12
195 213 196  12
191 207 208  12
187 205 188  12
188 206 189  12
206 190 189  12
231 249 248  13
236 252 235  13
249 231 232  13
254 26 27  13
254 236 237  13
234 250 233  13
250 234 251  13
227 243 226  13
252 236 253  13
232 250 249  13
234 252 251  13
248 230 231  13
252 234 235  13
236 254 253  13
26 254 237  13
230 248 247  13
250 232 233  13
230 246 229  13
229 245 228  13
228 244 227  13
224 242 241  13
226 243 225  13
221 28 25  13
224 241 223  13
246 230 247  13
222 239 221  13
223 239 222  13
243 227 244  13
245 229 246  13
242 225 243  13
244 228 245  13
239 223 240  13
242 224 225  13
28 221 238  13
221 239 238  13
223 241 240  13
266 283 284  14
287 269 286  14
281 265 264  14
287 271 270  14
271 25 28  14
269 287 270  14
284 267 266  14
267 284 285  14
276 260 259  14
285 268 267  14
285 269 268  14
281 263 280  14
269 285 286  14
271 287 288  14
25 271 288  14
279 261 278  14
266 282 283  14
282 266 265  14
265 281 282  14
260 276 277  14
279 262 261  14
275 259 258  14
272 255 27  14
275 258 274  14
261 277 278  14
272 27 26  14
274 256 273  14
262 280 263  14
255 272 273  14
280 262 279  14
277 261 260  14
263 281 264  14
259 275 276  14
255 273 256  14
256 274 257  14
274 258 257  14
883 862 876  15
152 866 855  15
902 337 336  15
326 927 896  15
326 896 325  15
927 326 327  15
816 844 823  15
137 831 138  15
310 849 309  15
886 922 892  15
137 861 831  15
13 924 907  15
31 821 818  15
931 930 837  15
921 280 878  15
120 842 121  15
838 910 840  15
919 95 836  15
100 908 7  15
305 109 304  15
895 109 305  15
109 895 9  15
918 303 908  15
919 910 838  15
857 853 919  15
98 918 99  15
918 853 857  15
100 918 908  15
908 109 7  15
109 908 304  15
96 919 853  15
891 916 214  15
94 905 836  15
337 902 817  15
873 876 862  15
855 806 876  15
885 21 220  15
873 862 863  15
332 898 331  15
898 332 824  15
882 166 165  15
859 826 882  15
822 882 826  15
218 814 219  15
158 894 159  15
906 21 885  15
154 926 155  15
926 154 906  15
95 919 96  15
21 906 153  15
845 807 833  15
218 905 814  15
905 217 860  15
814 885 220  15
215 860 216  15
836 905 860  15
209 888 210  15
836 916 829  15
807 915 888  15
889 833 858  15
214 916 215  15
891 214 213  15
888 915 211  15
915 212 211  15
884 913 815  15
884 888 209  15
211 210 888  15
913 884 207  15
166 827 167  15
815 858 833  15
207 884 208  15
205 913 206  15
913 207 206  15
169 874 22  15
928 872 852  15
874 205 204  15
872 928 874  15
319 824 35  15
874 204 22  15
319 852 822  15
324 896 323  15
898 329 330  15
329 927 328  15
325 896 324  15
322 897 321  15
896 912 897  15
323 897 322  15
320 897 811  15
150 866 151  15
897 323 896  15
230 914 809  15
864 917 909  15
37 817 808  15
337 817 338  15
867 866 150  15
808 141 339  15
163 859 164  15
811 902 335  15
811 334 36  15
811 335 334  15
806 866 813  15
867 150 149  15
866 867 813  15
156 926 863  15
906 154 153  15
148 867 149  15
846 18 140  15
18 846 339  15
18 339 141  15
141 808 19  15
846 139 831  15
25 848 221  15
232 851 816  15
138 831 139  15
831 861 812  15
232 816 233  15
861 137 136  15
291 925 821  15
922 227 865  15
224 880 865  15
821 290 291  15
821 31 290  15
308 931 837  15
29 886 828  15
809 914 875  15
922 865 892  15
225 865 226  15
228 922 914  15
832 868 841  15
289 832 30  15
221 848 222  15
224 865 225  15
850 880 856  15
924 835 236  15
236 835 237  15
835 272 26  15
233 825 234  15
875 920 844  15
230 851 231  15
15 907 823  15
235 924 236  15
907 924 825  15
835 924 128  15
893 839 126  15
837 307 308  15
835 12 272  15
276 887 277  15
839 272 12  15
125 893 126  15
929 280 279  15
887 930 929  15
839 12 126  15
12 835 127  15
272 839 273  15
893 274 839  15
276 893 887  15
923 286 869  15
287 810 288  15
31 818 301  15
810 868 848  15
282 901 283  15
901 834 871  15
283 871 284  15
879 123 122  15
863 158 157  15
926 906 91  15
124 870 125  15
121 879 122  15
870 123 879  15
837 842 307  15
819 854 849  15
895 120 119  15
120 895 842  15
930 887 870  15
881 297 298  15
297 881 830  15
903 890 847  15
841 923 869  15
297 830 296  15
296 830 295  15
899 819 890  15
294 847 32  15
890 903 899  15
917 163 162  15
152 855 3  15
313 845 833  15
845 313 314  15
148 19 808  15
808 339 37  15
342 886 341  15
342 920 886  15
25 288 810  15
900 830 881  15
36 320 811  15
806 912 883  15
38 920 343  15
38 340 812  15
817 37 338  15
813 902 806  15
93 6 814  15
814 220 219  15
205 874 858  15
807 815 833  15
851 232 231  15
15 861 136  15
817 902 813  15
813 808 817  15
300 881 299  15
300 301 818  15
287 923 810  15
890 849 310  15
877 883 820  15
806 883 876  15
821 925 911  15
925 30 911  15
319 877 824  15
166 882 827  15
825 233 816  15
844 861 823  15
824 332 333  15
333 35 824  15
235 234 825  15
825 816 823  15
877 820 824  15
163 917 826  15
168 872 169  15
167 872 168  15
289 850 832  15
289 29 828  15
317 840 316  15
96 853 97  15
295 847 294  15
830 903 847  15
812 340 831  15
139 846 140  15
286 923 287  15
30 925 293  15
313 889 312  15
845 910 807  15
285 869 286  15
285 871 869  15
128 127 835  15
835 26 237  15
916 891 829  15
836 95 94  15
280 921 281  15
123 870 124  15
838 317 318  15
318 33 838  15
274 893 275  15
274 273 839  15
840 315 316  15
840 317 838  15
834 819 841  15
841 899 832  15
842 895 306  15
306 307 842  15
927 329 898  15
843 824 820  15
844 816 809  15
920 861 844  15
845 314 315  15
315 840 845  15
846 831 340  15
340 339 846  15
32 890 310  15
847 295 830  15
222 856 223  15
848 25 810  15
849 308 309  15
849 890 819  15
850 289 828  15
856 222 848  15
851 230 809  15
809 816 851  15
904 872 827  15
852 319 34  15
918 98 853  15
853 98 97  15
854 819 834  15
282 921 901  15
894 158 863  15
1 873 926  15
848 850 856  15
223 880 224  15
857 838 33  15
33 302 857  15
34 928 852  15
889 313 833  15
165 164 859  15
859 163 826  15
905 218 217  15
217 216 860  15
861 15 823  15
861 920 812  15
909 160 894  15
894 863 862  15
863 157 156  15
863 926 873  15
864 822 826  15
161 917 162  15
227 226 865  15
880 223 856  15
866 806 855  15
866 152 151  15
867 148 808  15
808 813 867  15
868 832 850  15
850 848 868  15
834 901 854  15
834 841 869  15
870 879 837  15
278 277 887  15
834 869 871  15
871 285 284  15
872 167 827  15
872 904 852  15
873 1 3  15
3 855 873  15
874 169 872  15
874 928 858  15
844 809 875  15
886 920 875  15
883 909 862  15
876 873 855  15
877 319 822  15
822 864 877  15
854 931 849  15
280 929 878  15
879 121 842  15
842 837 879  15
880 850 828  15
880 892 865  15
881 298 299  15
881 300 818  15
882 822 827  15
882 165 859  15
912 896 820  15
883 877 864  15
815 807 884  15
884 209 208  15
885 814 6  15
6 92 885  15
922 228 227  15
886 29 341  15
887 893 870  15
929 279 278  15
888 884 807  15
212 915 891  15
889 34 311  15
311 312 889  15
890 32 847  15
819 899 841  15
213 212 891  15
829 915 910  15
892 880 828  15
828 886 892  15
893 125 870  15
893 276 275  15
160 909 161  15
160 159 894  15
305 306 895  15
895 119 9  15
896 927 843  15
843 820 896  15
897 912 811  15
897 320 321  15
330 331 898  15
898 824 843  15
821 900 818  15
832 899 911  15
881 818 900  15
900 911 899  15
871 283 901  15
901 921 854  15
336 335 902  15
902 912 806  15
903 830 900  15
900 899 903  15
827 822 904  15
822 852 904  15
905 94 93  15
93 814 905  15
906 885 92  15
92 91 906  15
825 823 907  15
907 15 13  15
303 918 302  15
303 304 908  15
909 894 862  15
909 883 864  15
910 845 840  15
910 919 829  15
911 900 821  15
911 30 832  15
820 883 912  15
912 902 811  15
913 205 858  15
858 815 913  15
914 230 229  15
229 228 914  15
915 807 910  15
915 829 891  15
916 836 860  15
860 215 916  15
917 161 909  15
917 864 826  15
857 302 918  15
918 100 99  15
919 836 829  15
919 838 857  15
920 342 343  15
920 38 812  15
878 854 921  15
921 282 281  15
922 886 875  15
875 914 922  15
923 841 868  15
868 810 923  15
924 235 825  15
924 13 128  15
925 291 292  15
292 293 925  15
926 156 155  15
926 91 1  15
327 328 927  15
927 898 843  15
928 34 889  15
889 858 928  15
278 887 929  15
929 930 878  15
870 837 930  15
930 931 878  15
931 308 849  15
931 854 878  15
1008 197 960  16
180 963 181  16
938 180 179  16
955 987 986  16
355 987 955  16
369 951 368  16
355 944 354  16
936 970 935  16
981 972 935  16
270 269 990  16
387 957 113  16
932 967 958  16
386 110 385  16
268 990 269  16
101 953 102  16
192 948 193  16
979 380 381  16
946 964 949  16
8 383 384  16
384 110 8  16
383 983 382  16
965 983 105  16
983 107 106  16
382 965 44  16
107 983 383  16
107 383 108  16
383 8 108  16
44 979 381  16
978 992 377  16
199 1008 988  16
5 975 101  16
1002 202 975  16
975 988 953  16
975 953 101  16
201 988 975  16
979 379 380  16
988 201 200  16
379 978 378  16
1008 999 1004  16
960 195 947  16
992 192 191  16
992 946 996  16
964 189 188  16
949 996 946  16
947 948 978  16
194 948 947  16
1006 964 23  16
192 992 948  16
964 1006 974  16
194 947 195  16
379 979 978  16
189 964 946  16
189 946 190  16
985 183 968  16
985 1006 186  16
373 1006 956  16
985 186 185  16
1006 23 186  16
23 964 187  16
1002 962 24  16
962 1002 90  16
945 1007 173  16
171 945 172  16
945 89 2  16
951 1000 952  16
175 989 176  16
989 1007 977  16
367 998 366  16
177 1000 178  16
933 968 963  16
968 933 371  16
963 938 933  16
183 985 184  16
991 982 977  16
371 933 370  16
982 991 4  16
368 951 367  16
361 144 143  16
951 998 367  16
998 982 42  16
954 147 146  16
982 4 147  16
954 360 982  16
143 362 361  16
361 145 144  16
361 954 145  16
135 363 17  16
142 362 20  16
362 143 20  16
171 962 945  16
24 962 170  16
1002 24 203  16
175 1007 989  16
945 962 89  16
993 941 130  16
967 932 950  16
993 253 941  16
130 941 14  16
958 248 932  16
364 135 134  16
363 142 17  16
980 997 940  16
363 135 364  16
142 363 362  16
364 976 365  16
365 959 41  16
133 364 134  16
976 131 959  16
976 959 365  16
243 986 244  16
955 1003 944  16
239 1009 240  16
240 1003 241  16
40 961 939  16
14 997 16  16
973 987 357  16
980 250 249  16
940 251 250  16
245 986 950  16
246 950 932  16
246 932 247  16
950 973 967  16
993 969 27  16
27 969 255  16
251 941 252  16
941 251 940  16
253 993 254  16
240 1009 1003  16
353 961 352  16
939 28 271  16
1009 239 1005  16
353 1009 961  16
944 353 354  16
28 1005 238  16
984 350 966  16
939 990 966  16
990 268 942  16
271 990 939  16
347 1001 346  16
942 994 984  16
937 1001 994  16
267 942 268  16
937 265 264  16
937 943 936  16
265 937 934  16
345 995 344  16
260 1010 970  16
260 970 261  16
118 981 971  16
971 258 257  16
969 256 255  16
969 971 256  16
258 1010 259  16
971 981 258  16
971 969 11  16
261 943 262  16
113 957 114  16
957 387 388  16
116 981 117  16
10 387 111  16
387 112 111  16
110 384 385  16
110 386 10  16
387 10 386  16
39 957 388  16
387 113 112  16
39 995 972  16
935 1010 981  16
995 1001 936  16
248 958 249  16
248 247 932  16
369 370 933  16
963 180 938  16
934 267 266  16
266 265 934  16
981 116 972  16
39 972 957  16
345 1001 995  16
263 937 264  16
1001 345 346  16
934 937 994  16
951 369 933  16
179 1000 938  16
351 966 350  16
351 40 939  16
250 980 940  16
997 941 940  16
941 997 14  16
941 253 252  16
942 267 934  16
984 966 942  16
943 937 263  16
263 262 943  16
243 1003 955  16
1003 243 242  16
173 1007 174  16
173 172 945  16
375 996 949  16
946 191 190  16
196 960 197  16
195 960 196  16
948 194 193  16
992 191 946  16
1006 373 43  16
374 375 949  16
950 246 245  16
357 987 356  16
951 933 938  16
1000 989 952  16
989 1000 177  16
42 982 360  16
103 1004 965  16
103 102 953  16
146 145 954  16
954 361 360  16
944 355 955  16
986 245 244  16
372 968 371  16
372 373 956  16
972 116 115  16
115 114 957  16
959 973 41  16
973 997 980  16
131 976 132  16
131 16 959  16
979 1004 999  16
197 1008 198  16
1005 239 238  16
961 40 352  16
90 89 962  16
962 171 170  16
182 968 183  16
182 181 963  16
949 974 374  16
964 188 187  16
965 105 104  16
104 103 965  16
350 984 349  16
966 351 939  16
973 357 358  16
980 249 958  16
968 372 956  16
968 182 963  16
969 993 129  16
129 11 969  16
970 936 943  16
943 261 970  16
257 256 971  16
971 11 118  16
115 957 972  16
972 995 935  16
973 358 359  16
359 41 973  16
43 374 974  16
974 949 964  16
202 1002 203  16
202 201 975  16
976 364 133  16
133 132 976  16
998 42 366  16
1007 175 174  16
978 377 378  16
978 979 947  16
979 44 965  16
947 999 960  16
980 958 967  16
967 973 980  16
1010 258 981  16
981 118 117  16
982 998 977  16
982 147 954  16
106 105 983  16
983 965 382  16
984 994 348  16
348 349 984  16
185 184 985  16
985 968 956  16
986 243 955  16
950 986 987  16
987 355 356  16
987 973 950  16
200 199 988  16
953 1008 1004  16
977 952 989  16
989 177 176  16
990 942 966  16
990 271 270  16
991 945 2  16
2 4 991  16
377 996 376  16
992 978 948  16
130 129 993  16
993 27 254  16
994 347 348  16
994 942 934  16
936 935 995  16
995 39 344  16
996 375 376  16
996 377 992  16
997 973 959  16
959 16 997  16
998 951 952  16
952 977 998  16
999 947 979  16
1008 960 999  16
1000 951 938  16
1000 179 178  16
1001 347 994  16
1001 937 936  16
1002 975 5  16
5 90 1002  16
242 241 1003  16
1009 1005 961  16
1004 979 965  16
1004 103 953  16
1005 28 939  16
939 961 1005  16
1006 985 956  16
1006 43 974  16
1007 945 991  16
991 977 1007  16
1008 953 988  16
1008 199 198  16
1009 353 944  16
944 1003 1009  16
1010 935 970  16
1010 260 259  16
1024 413 414  17
1026 1022 1029  17
1018 419 420  17
413 1027 412  17
46 1017 405  17
407 1014 406  17
1014 1028 1020  17
1028 410 1027  17
403 1012 402  17
407 1028 1014  17
1013 401 1012  17
404 1012 403  17
404 1017 1012  17
400 1013 399  17
401 1013 400  17
395 1021 394  17
1029 1025 1015  17
1013 1023 1019  17
399 1019 398  17
1015 390 391  17
412 1027 411  17
1018 1025 1022  17
393 1021 1015  17
1017 1026 1023  17
422 1025 1018  17
390 1025 389  17
1016 1022 1011  17
1018 420 421  17
410 1028 409  17
419 1018 1016  17
1024 416 1016  17
1016 416 417  17
1026 1017 1020  17
416 1024 415  17
1017 404 405  17
1027 413 1024  17
401 402 1012  17
1012 1023 1013  17
397 1019 396  17
398 1019 397  17
46 406 1014  17
1028 1027 1020  17
1015 391 392  17
392 393 1015  17
1016 417 418  17
418 419 1016  17
1017 46 1014  17
1029 1019 1023  17
1018 421 422  17
1025 422 45  17
396 1021 395  17
1019 399 1013  17
1017 1014 1020  17
1027 410 411  17
1021 393 394  17
1021 396 1019  17
1022 1016 1018  17
1025 45 389  17
1019 1029 1021  17
1023 1012 1017  17
414 415 1024  17
1024 1016 1011  17
1025 390 1015  17
1025 1029 1022  17
1026 1020 1011  17
1011 1022 1026  17
1027 1024 1011  17
1011 1020 1027  17
1028 407 408  17
408 409 1028  17
1029 1015 1021  17
1029 1023 1026  17
1044 1041 1031  18
1041 434 435  18
434 1044 433  18
444 1048 1030  18
1048 447 1037  18
1046 1034 1042  18
1048 1037 1046  18
1047 424 1040  18
1030 1048 1046  18
440 1036 48  18
441 1036 440  18
439 1043 438  18
1030 442 443  18
437 1043 1041  18
1043 1036 1042  18
442 1030 441  18
429 1045 1039  18
1045 429 430  18
1033 1045 1034  18
1044 434 1041  18
456 1032 455  18
429 1039 428  18
1047 456 47  18
1032 1047 1033  18
1040 1045 1033  18
426 1040 425  18
456 1047 1032  18
447 1048 446  18
453 1038 452  18
1034 1045 1031  18
1044 1031 1045  18
1038 450 451  18
449 1037 448  18
450 1038 1037  18
437 1041 436  18
1030 443 444  18
431 1045 430  18
1031 1042 1034  18
1032 453 454  18
454 455 1032  18
450 1037 449  18
424 1047 423  18
1043 439 1036  18
1033 1035 1032  18
1038 453 1032  18
1035 1033 1034  18
1036 439 48  18
1036 441 1030  18
447 448 1037  18
1037 1038 1035  18
451 452 1038  18
1038 1032 1035  18
1039 426 427  18
427 428 1039  18
1040 424 425  18
1040 426 1039  18
435 436 1041  18
1041 1043 1031  18
1036 1030 1042  18
1034 1046 1035  18
1042 1031 1043  18
1043 437 438  18
1044 431 432  18
432 433 1044  18
1045 1040 1039  18
1045 431 1044  18
1042 1030 1046  18
1046 1037 1035  18
47 423 1047  18
1047 1040 1033  18
1048 444 445  18
445 446 1048  18
462 1051 1049  19
290 459 31  19
292 1049 291  19
458 1050 457  19
1051 1050 458  19
466 460 50  19
293 1049 292  19
1049 293 462  19
462 293 30  19
290 1049 459  19
466 1052 460  19
1052 461 460  19
1051 1052 1050  19
464 1052 465  19
49 457 463  19
463 1050 464  19
459 1051 458  19
1049 290 291  19
461 1052 1051  19
1050 463 457  19
1051 459 1049  19
1051 462 461  19
1052 466 465  19
1052 464 1050  19
1058 476 477  20
474 1059 457  20
1059 458 457  20
1055 299 1054  20
298 1055 297  20
458 1060 1054  20
49 474 457  20
1054 301 459  20
1058 1053 476  20
300 1054 299  20
301 1054 300  20
1053 467 475  20
301 31 459  20
1053 1058 1057  20
294 1058 477  20
294 477 32  20
470 1056 471  20
1055 1060 1057  20
1060 458 1059  20
472 1059 473  20
469 1056 470  20
468 1053 469  20
51 475 467  20
467 1053 468  20
1053 475 476  20
296 1058 295  20
299 1055 298  20
1054 459 458  20
1056 472 471  20
1055 296 297  20
1056 469 1053  20
1056 1053 1057  20
1058 296 1055  20
1056 1060 1059  20
1058 294 295  20
1058 1055 1057  20
1059 474 473  20
1059 472 1056  20
1060 1056 1057  20
1060 1055 1054  20
1066 485 484  21
476 1068 1064  21
482 1066 483  21
1067 478 489  21
491 1062 490  21
302 1062 491  21
33 302 491  21
480 1065 481  21
1062 302 303  21
1063 1065 1061  21
478 1067 479  21
306 1061 305  21
478 52 489  21
308 1063 307  21
1066 482 1065  21
480 1067 1065  21
1065 482 481  21
487 486 1068  21
1068 476 475  21
488 475 51  21
1063 1068 1066  21
488 1068 475  21
310 1064 309  21
485 1068 486  21
310 32 477  21
306 1063 1061  21
308 1064 1063  21
1064 310 477  21
1061 303 304  21
304 305 1061  21
490 1067 489  21
1062 303 1061  21
1063 306 307  21
1066 1068 485  21
1064 308 309  21
1064 477 476  21
1065 1067 1062  21
1062 1061 1065  21
484 483 1066  21
1066 1065 1063  21
1067 490 1062  21
1067 480 479  21
1068 1063 1064  21
1068 488 487  21
497 1076 1071  22
1070 318 491  22
490 1071 1070  22
1071 1076 1073  22
499 1071 489  22
316 1072 315  22
52 499 489  22
502 1069 501  22
314 1075 313  22
317 1072 316  22
318 1070 317  22
1071 490 489  22
318 33 491  22
1069 311 312  22
311 1069 502  22
311 502 34  22
501 1074 500  22
1075 1074 1069  22
1071 1073 1072  22
1076 1074 1073  22
1074 492 500  22
494 1076 495  22
53 500 492  22
492 1074 493  22
312 1075 1069  22
1076 494 1074  22
1070 491 490  22
1072 317 1070  22
1071 499 498  22
498 497 1071  22
1070 1071 1072  22
315 1075 314  22
1074 494 493  22
1075 315 1072  22
1074 501 1069  22
1074 1075 1073  22
1075 312 313  22
1075 1072 1073  22
1076 497 496  22
496 495 1076  22
319 1078 502  23
319 35 509  23
1078 319 509  23
504 1079 505  23
501 1077 500  23
53 500 503  23
1078 1077 501  23
1078 1079 1077  23
503 1077 504  23
1079 508 507  23
507 54 506  23
506 1079 507  23
319 502 34  23
508 1079 1078  23
1077 503 500  23
501 502 1078  23
1078 509 508  23
1079 506 505  23
1079 504 1077  23
508 1094 509  24
508 1090 1088  24
1080 1094 1088  24
1089 1092 1091  24
523 1090 507  24
1087 329 1080  24
1090 1084 1088  24
519 1093 1084  24
1094 331 332  24
525 1085 524  24
1080 329 330  24
331 1094 1080  24
333 1094 332  24
507 54 523  24
509 333 35  24
328 1092 327  24
1087 1093 1091  24
329 1087 328  24
517 1093 518  24
1086 514 1081  24
1085 512 511  24
1083 525 526  24
1095 1081 1082  24
320 1083 526  24
320 526 36  24
525 1083 1082  24
515 1086 516  24
324 1095 323  24
1086 1093 517  24
1081 1085 1082  24
1092 1087 1091  24
1081 514 513  24
514 1086 515  24
510 1085 511  24
512 1085 1081  24
510 55 524  24
330 331 1080  24
521 1090 522  24
513 512 1081  24
322 1095 1083  24
322 1083 321  24
1081 1095 1089  24
1083 320 321  24
1083 1095 1082  24
1084 521 520  24
520 519 1084  24
1085 510 524  24
1085 525 1082  24
325 1092 1089  24
1086 517 516  24
1087 1080 1084  24
1093 1087 1084  24
1090 521 1084  24
1084 1080 1088  24
1086 1081 1089  24
1089 324 325  24
1090 508 507  24
1090 523 522  24
1086 1089 1091  24
1092 328 1087  24
1092 325 326  24
326 327 1092  24
1093 519 518  24
1093 1086 1091  24
1094 333 509  24
1094 508 1088  24
1095 322 323  24
1095 324 1089  24
1096 1100 1099  25
1098 528 527  25
530 1097 531  25
37 529 338  25
527 56 534  25
534 1098 527  25
1100 525 526  25
1099 528 1096  25
338 1099 337  25
337 1099 336  25
525 1097 524  25
334 1100 526  25
1096 1098 1097  25
334 526 36  25
528 1098 1096  25
531 1097 532  25
524 530 55  25
1097 525 1096  25
525 1100 1096  25
528 1099 529  25
532 1098 533  25
1097 530 524  25
1098 534 533  25
1098 532 1097  25
336 1100 335  25
1099 338 529  25
1100 334 335  25
1100 336 1099  25
340 1101 339  26
1101 535 527  26
535 1101 536  26
37 339 529  26
538 1101 539  26
527 535 56  26
38 540 340  26
529 1101 528  26
1101 540 539  26
537 1101 538  26
540 1101 340  26
538 57 537  26
1101 529 339  26
1101 537 536  26
1101 527 528  26
341 546 29  27
343 1102 342  27
38 540 343  27
1102 1103 545  27
1102 341 342  27
543 538 57  27
1102 545 546  27
341 1102 546  27
545 1103 544  27
1103 1102 539  27
543 1103 538  27
541 1103 542  27
1103 543 542  27
541 58 544  27
1102 343 540  27
540 539 1102  27
539 538 1103  27
1103 541 544  27
1105 549 460  28
549 1105 548  28
461 1105 460  28
545 1104 546  28
547 544 58  28
547 1105 544  28
546 289 29  28
289 1104 462  28
1105 461 1104  28
545 1105 1104  28
289 462 30  28
549 50 460  28
461 462 1104  28
1104 289 546  28
1105 545 544  28
1105 547 548  28
556 1110 1107  29
359 1106 358  29
356 1111 355  29
359 41 550  29
59 1107 550  29
1107 59 558  29
1107 1110 1106  29
352 1109 559  29
1112 555 554  29
357 1111 356  29
1111 1112 1109  29
358 1106 357  29
40 352 559  29
551 1108 552  29
553 1112 554  29
559 1109 1108  29
60 1108 551  29
354 1111 1109  29
1112 1111 1110  29
555 1112 1110  29
1106 359 550  29
556 1107 557  29
1106 550 1107  29
1107 558 557  29
553 552 1108  29
1108 60 559  29
1109 352 353  29
353 354 1109  29
1111 357 1106  29
1110 556 555  29
1111 354 355  29
1111 1106 1110  29
1112 553 1108  29
1108 1109 1112  29
1114 363 1113  30
562 1115 1114  30
41 550 365  30
562 1114 563  30
560 42 360  30
1113 365 550  30
561 1115 562  30
560 561 61  30
550 59 565  30
564 1114 1113  30
565 1113 550  30
1115 362 1114  30
360 1115 560  30
363 1114 362  30
365 1113 364  30
1113 565 564  30
1113 363 364  30
1114 564 563  30
362 1115 361  30
1115 561 560  30
1115 360 361  30
1116 571 570  31
1121 1116 1119  31
569 1120 1116  31
368 1118 367  31
62 1121 574  31
1118 42 366  31
1120 569 568  31
1119 373 574  31
571 1121 572  31
370 1119 1117  31
570 569 1116  31
373 1119 372  31
1121 62 573  31
42 1118 560  31
1118 368 1117  31
1119 370 371  31
1116 1120 1117  31
61 560 566  31
567 1120 568  31
566 1120 567  31
370 1117 369  31
574 373 43  31
368 369 1117  31
1117 1119 1116  31
1120 566 560  31
1118 366 367  31
371 372 1119  31
1121 571 1116  31
1120 560 1118  31
1118 1117 1120  31
1119 574 1121  31
1121 573 572  31
1128 581 580  32
1122 381 575  32
1125 1128 1126  32
43 374 574  32
376 1127 375  32
63 1124 575  32
576 1123 577  32
1127 1123 574  32
581 1128 1124  32
378 1125 377  32
380 1122 379  32
381 1122 380  32
381 44 575  32
1128 1125 1122  32
374 1127 574  32
1123 1127 1126  32
1124 63 583  32
578 1126 579  32
62 1123 576  32
579 1128 580  32
581 1124 582  32
379 1125 378  32
578 577 1123  32
1123 62 574  32
1122 575 1124  32
1124 583 582  32
1125 376 377  32
1125 379 1122  32
1126 578 1123  32
1125 1127 376  32
1127 374 375  32
1127 1125 1126  32
1122 1124 1128  32
1128 579 1126  32
589 1131 588  33
382 575 44  33
588 1131 1129  33
1131 589 575  33
382 1131 575  33
1129 586 587  33
588 1129 587  33
575 589 63  33
1130 585 586  33
388 1130 387  33
585 1130 584  33
585 584 64  33
1130 586 1129  33
388 39 584  33
384 1131 383  33
386 1130 1129  33
1129 384 385  33
385 386 1129  33
1130 386 387  33
1130 388 584  33
1131 382 383  33
1131 384 1129  33
346 1138 1136  34
1137 1132 1135  34
346 1136 345  34
347 1138 346  34
559 60 597  34
1136 39 344  34
592 1134 1132  34
595 1137 596  34
1135 347 348  34
349 1135 348  34
351 1133 350  34
40 1133 351  34
597 1137 559  34
39 1136 584  34
1138 1132 1134  34
559 1137 1133  34
1132 1138 1135  34
64 584 590  34
592 1132 593  34
590 1134 591  34
1132 595 594  34
594 593 1132  34
349 350 1133  34
1133 40 559  34
1134 592 591  34
1134 590 584  34
1135 349 1133  34
1132 1137 595  34
1134 584 1136  34
1136 344 345  34
1135 1133 1137  34
1137 597 596  34
1134 1136 1138  34
1138 347 1135  34
599 602 603  35
68 598 603  35
599 601 602  35
599 603 598  35
67 600 66  35
601 599 600  35
600 67 601  35
598 68 65  35
70 619 72  36
619 70 611  36
611 618 619  36
617 608 616  36
617 610 609  36
608 617 609  36
618 611 610  36
610 617 618  36
616 608 615  36
71 604 69  36
613 606 605  36
613 605 612  36
615 606 614  36
606 613 614  36
607 615 608  36
604 71 612  36
606 615 607  36
612 605 604  36
624 621 625  37
625 623 74  37
69 620 624  37
620 69 71  37
625 622 623  37
622 625 621  37
621 624 620  37
623 622 73  37
1140 645 646  38
1144 654 623  38
641 1143 640  38
639 623 74  38
639 1144 623  38
1144 652 653  38
652 1142 651  38
1144 1142 652  38
1141 1142 635  38
1140 630 1139  38
1142 1144 637  38
650 1141 649  38
654 1144 653  38
647 1141 1140  38
623 654 73  38
1139 630 629  38
1142 1141 650  38
633 1141 634  38
1141 647 648  38
1139 1143 643  38
1143 626 640  38
630 1140 631  38
1142 650 651  38
626 1143 627  38
641 640 76  38
1143 628 627  38
640 626 75  38
632 1141 633  38
628 1139 629  38
1141 632 1140  38
645 1140 1139  38
1143 1139 628  38
1139 643 644  38
644 645 1139  38
646 647 1140  38
1140 632 631  38
648 649 1141  38
1141 635 634  38
1142 637 636  38
636 635 1142  38
1143 641 642  38
642 643 1143  38
1144 639 638  38
638 637 1144  38
1146 1145 657  39
1145 655 656  39
1146 660 665  39
660 1146 659  39
1146 657 658  39
660 78 665  39
655 640 76  39
659 77 660  39
640 1145 661  39
1145 640 655  39
1145 1146 663  39
663 1146 664  39
661 1145 662  39
640 661 75  39
656 657 1145  39
1145 663 662  39
658 659 1146  39
1146 665 664  39
668 68 65  40
666 669 670  40
68 668 671  40
666 670 667  40
666 660 669  40
670 668 667  40
660 666 78  40
669 660 77  40
668 670 671  40
1162 417 1157  41
1166 684 1154  41
415 1162 1153  41
1166 687 686  41
688 1156 694  41
1150 419 420  41
1153 412 413  41
694 80 688  41
1156 1163 693  41
1151 1166 1154  41
1151 1150 1163  41
1167 690 691  41
417 1162 416  41
419 1157 418  41
1151 1148 1157  41
422 1150 421  41
421 1150 420  41
692 422 45  41
1150 422 692  41
1165 676 1164  41
1160 412 1153  41
415 1153 414  41
1167 1168 690  41
1147 1161 1155  41
1158 1168 1167  41
676 1165 677  41
1152 1160 1149  41
406 691 46  41
406 1167 691  41
1153 413 414  41
412 1160 411  41
678 1165 1147  41
682 1155 1154  41
672 1159 673  41
682 1154 683  41
1168 1158 1152  41
678 1147 679  41
1149 1165 1152  41
672 79 689  41
673 1159 674  41
1165 678 677  41
1164 676 675  41
680 1155 681  41
680 679 1147  41
684 1166 685  41
1155 682 681  41
410 1158 409  41
410 1160 1158  41
692 1163 1150  41
1157 419 1150  41
687 1166 1156  41
1151 1154 1148  41
690 1159 689  41
1160 1152 1158  41
1153 1162 1161  41
1161 1147 1149  41
684 683 1154  41
1155 680 1147  41
1155 1161 1148  41
1148 1154 1155  41
1156 693 694  41
1156 688 687  41
1157 417 418  41
1157 1150 1151  41
408 1167 407  41
408 409 1158  41
674 1164 675  41
1159 672 689  41
1160 410 411  41
1160 1153 1149  41
1149 1153 1161  41
1162 415 416  41
1162 1157 1148  41
1148 1161 1162  41
1163 692 693  41
1163 1156 1151  41
1164 674 1159  41
1164 1168 1152  41
1164 1152 1165  41
1165 1149 1147  41
1166 1151 1156  41
1166 686 685  41
1167 406 407  41
1167 408 1158  41
1168 1164 1159  41
1159 690 1168  41
1171 405 691  42
1172 1189 1177  42
402 1172 401  42
1184 1187 1177  42
711 1179 689  42
1171 1189 1172  42
1172 402 1171  42
689 79 711  42
709 1184 1179  42
1179 711 710  42
1184 1177 1189  42
704 1188 1187  42
401 1172 400  42
1182 398 399  42
405 1171 404  42
404 1171 403  42
691 405 46  42
398 1169 397  42
1174 1178 1176  42
400 1182 399  42
1176 1190 1170  42
398 1182 1169  42
389 692 45  42
395 1173 394  42
700 1186 701  42
702 1188 703  42
698 1175 699  42
389 1174 692  42
693 1174 1170  42
1174 389 390  42
396 1173 395  42
1188 704 703  42
1187 1188 1185  42
393 1178 392  42
707 1187 1184  42
1190 695 694  42
1173 1183 1178  42
696 1190 697  42
698 1190 1175  42
695 1190 696  42
694 695 80  42
1173 396 1169  42
396 397 1169  42
704 1187 705  42
1170 694 693  42
391 1178 1174  42
402 403 1171  42
691 1181 1171  42
707 1184 708  42
1185 1169 1182  42
1183 1173 1180  42
1173 393 394  42
1174 693 692  42
1174 390 391  42
1175 700 699  42
1190 698 697  42
1183 1186 1175  42
1176 1170 1174  42
1172 1177 1182  42
1187 707 706  42
1178 391 392  42
1178 393 1173  42
1179 690 689  42
1179 710 709  42
1186 702 701  42
1180 1173 1169  42
1181 691 690  42
690 1179 1181  42
1169 1185 1180  42
1182 400 1172  42
1183 1175 1176  42
1176 1178 1183  42
1179 1189 1181  42
1184 709 708  42
1180 1188 1186  42
1185 1182 1177  42
1186 700 1175  42
1186 1183 1180  42
1185 1177 1187  42
1187 706 705  42
1188 702 1186  42
1188 1180 1185  42
1189 1171 1181  42
1189 1179 1184  42
1190 694 1170  42
1190 1176 1175  42
723 1206 724  43
721 1207 1196  43
728 1195 734  43
454 1210 453  43
734 82 728  43
1195 728 727  43
452 1202 451  43
452 1210 1202  43
1210 1209 1202  43
1195 1206 1201  43
734 1199 733  43
1196 1207 1205  43
456 1211 455  43
456 47 732  43
725 1206 1195  43
1195 1201 1199  43
454 1211 1210  43
1205 1204 1200  43
1211 454 455  43
1209 1212 1202  43
444 1203 443  43
448 1212 1200  43
446 1208 445  43
1208 444 445  43
442 1197 441  43
1198 730 1193  43
1198 1193 1194  43
1193 1203 1192  43
730 1198 729  43
440 731 48  43
440 1197 731  43
1200 446 447  43
719 1207 720  43
1191 719 718  43
712 1198 713  43
1196 723 722  43
714 1194 715  43
716 1191 717  43
712 81 729  43
714 1198 1194  43
716 1194 1191  43
1191 1194 1192  43
718 717 1191  43
444 1208 1203  43
442 1203 1197  43
1204 1208 1200  43
730 1197 1193  43
1208 1204 1192  43
1193 1192 1194  43
1194 716 715  43
1195 727 726  43
726 725 1195  43
722 721 1196  43
1212 448 449  43
1197 730 731  43
1197 440 441  43
1198 714 713  43
1198 712 729  43
1199 732 733  43
1199 734 1195  43
1192 1204 1191  43
1200 447 448  43
1210 452 453  43
1206 1209 1201  43
450 1212 449  43
450 451 1202  43
1203 1193 1197  43
1203 442 443  43
1204 1207 1191  43
1207 721 720  43
1212 1209 1205  43
1209 1206 1196  43
1206 725 724  43
1206 723 1196  43
1207 719 1191  43
1207 1204 1205  43
1192 1203 1208  43
1208 446 1200  43
1209 1210 1201  43
1209 1196 1205  43
1199 1211 732  43
1199 1201 1210  43
1211 456 732  43
1211 1199 1210  43
1205 1200 1212  43
1212 450 1202  43
1218 436 1216  44
1225 744 1219  44
751 1229 729  44
435 1218 434  44
81 751 729  44
1229 1234 1230  44
749 1229 750  44
1232 1233 1218  44
1230 731 730  44
1218 1234 1232  44
439 1216 438  44
439 48 731  44
1233 432 433  44
436 1218 435  44
438 1216 437  44
1216 439 731  44
1229 751 750  44
1215 430 431  44
434 1233 433  44
744 1225 745  44
432 1233 1215  44
1231 1220 1222  44
1217 427 428  44
1213 1224 1214  44
740 1224 1213  44
1224 1231 1214  44
742 1219 743  44
423 732 47  44
423 1223 732  44
733 1223 1222  44
1223 423 424  44
745 1225 746  44
1217 430 1215  44
430 1217 429  44
427 1226 426  44
1220 738 737  44
743 1219 744  44
736 1220 737  44
738 1224 739  44
735 1220 736  44
734 735 82  44
1226 427 1217  44
1213 742 741  44
741 740 1213  44
734 1222 1220  44
425 1226 1223  44
1213 1221 1219  44
1215 431 432  44
436 437 1216  44
731 1230 1216  44
1217 1221 1214  44
1217 428 429  44
747 1228 748  44
1221 1215 1227  44
1219 742 1213  44
1221 1213 1214  44
1220 735 734  44
1220 1231 1224  44
1221 1217 1215  44
1219 1227 1225  44
1222 734 733  44
1223 1231 1222  44
1223 733 732  44
1223 424 425  44
1224 740 739  44
1224 738 1220  44
1233 1232 1227  44
1225 747 746  44
1226 425 426  44
1226 1217 1214  44
1225 1232 1228  44
1227 1219 1221  44
1228 749 748  44
1228 747 1225  44
730 729 1229  44
1229 749 1228  44
730 1229 1230  44
1216 1234 1218  44
1231 1223 1226  44
1226 1214 1231  44
1234 1216 1230  44
1232 1225 1227  44
1227 1215 1233  44
1233 434 1218  44
1234 1229 1228  44
1228 1232 1234  44
753 758 754  45
758 753 757  45
67 755 752  45
757 752 756  45
752 757 753  45
753 754 83  45
756 752 755  45
755 67 66  45
84 754 758  45
496 609 608  46
503 69 624  46
631 515 516  46
517 632 516  46
632 517 633  46
776 483 777  46
549 757 758  46
493 606 605  46
495 608 607  46
534 78 56  46
779 487 780  46
611 499 70  46
779 486 487  46
463 760 759  46
760 465 761  46
609 496 497  46
488 780 487  46
608 495 496  46
497 610 609  46
606 493 494  46
494 607 606  46
493 604 492  46
495 607 494  46
70 478 771  46
779 485 486  46
499 610 498  46
52 70 499  46
610 497 498  46
610 499 611  46
479 772 478  46
56 666 535  46
478 772 771  46
478 70 52  46
773 481 774  46
664 532 663  46
772 479 773  46
773 479 480  46
533 665 534  46
481 775 774  46
481 773 480  46
503 624 504  46
492 69 53  46
625 506 505  46
604 493 605  46
69 503 53  46
69 492 604  46
506 625 74  46
505 624 625  46
624 505 504  46
638 522 523  46
637 521 522  46
523 639 638  46
639 54 74  46
74 54 506  46
636 521 637  46
54 639 523  46
522 638 637  46
634 518 519  46
521 636 520  46
520 635 519  46
518 633 517  46
628 513 629  46
633 518 634  46
631 516 632  46
634 519 635  46
635 520 636  46
514 630 629  46
629 513 514  46
630 515 631  46
515 630 514  46
512 627 511  46
57 598 543  46
513 628 512  46
542 598 599  46
543 598 542  46
626 510 511  46
626 511 627  46
536 668 537  46
627 512 628  46
663 531 662  46
75 510 626  46
55 661 530  46
661 55 75  46
666 56 78  46
532 664 533  46
534 665 78  46
510 75 55  46
530 661 662  46
530 662 531  46
531 663 532  46
535 666 667  46
665 533 664  46
65 537 668  46
777 485 778  46
757 549 548  46
598 57 65  46
600 541 542  46
542 599 600  46
536 667 668  46
667 536 535  46
537 65 57  46
758 50 549  46
756 547 755  46
58 600 66  46
547 756 548  46
541 600 58  46
755 547 58  46
755 58 66  46
760 463 464  46
50 758 84  46
50 762 466  46
761 465 466  46
85 463 759  46
465 760 464  46
769 473 474  46
761 466 762  46
762 50 84  46
757 548 756  46
485 779 778  46
484 777 483  46
485 777 484  46
483 776 482  46
51 781 488  46
780 488 781  46
767 472 768  46
781 51 86  46
775 481 482  46
482 776 775  46
769 472 473  46
474 770 769  46
463 85 49  46
472 769 768  46
474 85 770  46
85 474 49  46
469 766 765  46
764 469 765  46
472 767 471  46
767 470 471  46
470 767 766  46
86 467 763  46
469 764 468  46
467 764 763  46
470 766 469  46
467 86 51  46
764 467 468  46
775 787 776  47
784 773 772  47
787 775 786  47
778 790 779  47
783 772 771  47
785 774 773  47
780 792 781  47
773 784 785  47
771 72 783  47
774 785 786  47
70 72 771  47
786 775 774  47
772 783 784  47
792 782 781  47
86 781 782  47
779 791 780  47
777 789 778  47
776 788 777  47
788 776 787  47
782 792 87  47
789 777 788  47
790 778 789  47
791 779 790  47
792 780 791  47
593 1318 1271  48
601 555 67  48
613 576 612  48
1305 1301 1239  48
704 1287 1248  48
1293 1250 1238  48
571 1293 621  48
1253 701 700  48
644 1297 643  48
1274 644 645  48
1307 699 698  48
562 669 77  48
796 1237 795  48
591 791 592  48
1265 1237 796  48
619 63 583  48
1299 723 1269  48
1273 744 1241  48
747 1316 1290  48
578 615 579  48
790 591 590  48
614 577 613  48
577 614 578  48
615 578 614  48
615 580 579  48
580 615 616  48
580 617 581  48
63 619 72  48
582 617 618  48
582 618 619  48
63 783 589  48
619 583 582  48
617 582 581  48
617 580 616  48
783 63 72  48
786 587 785  48
588 785 587  48
784 589 783  48
784 588 589  48
785 588 784  48
787 585 586  48
71 576 62  48
71 573 620  48
573 71 62  48
576 71 612  48
576 613 577  48
1236 1300 684  48
571 620 572  48
572 620 573  48
1300 566 1239  48
621 1238 622  48
1291 653 654  48
620 571 621  48
566 1300 1262  48
684 1300 685  48
1236 684 683  48
1310 568 567  48
681 1236 682  48
677 676 1267  48
1281 678 1267  48
569 1295 1250  48
679 1304 680  48
676 1276 1267  48
678 1281 679  48
680 1304 681  48
1304 1281 1295  48
79 1242 672  48
79 1252 1242  48
1275 675 674  48
1275 672 1242  48
1276 675 1275  48
1274 1298 1253  48
710 1254 1252  48
1254 1289 1288  48
1254 710 709  48
1289 1248 1255  48
1291 1308 653  48
1289 706 1248  48
1254 1288 1286  48
1252 711 710  48
1252 79 711  48
708 1289 1254  48
704 1248 705  48
703 1298 1287  48
1254 709 708  48
1246 76 641  48
706 1289 707  48
646 1311 1274  48
1274 1311 1287  48
76 1279 655  48
602 556 601  48
671 564 565  48
68 565 59  48
68 558 603  48
1301 1322 1239  48
642 1246 641  48
642 1297 1246  48
701 1298 702  48
1287 704 703  48
699 1253 700  48
1253 1297 1274  48
696 1292 697  48
686 1322 687  48
1322 686 1300  48
1239 566 61  48
695 1292 696  48
688 1322 1245  48
80 1245 695  48
1305 561 657  48
669 562 563  48
561 1305 61  48
657 561 658  48
658 561 659  48
659 562 77  48
562 659 561  48
67 554 752  48
603 557 602  48
670 563 564  48
563 670 669  48
556 602 557  48
557 603 558  48
558 68 59  48
565 68 671  48
564 671 670  48
752 1314 753  48
752 554 553  48
554 67 555  48
555 601 556  48
1280 804 1277  48
728 1320 82  48
735 1320 1243  48
744 1273 745  48
803 1280 802  48
1317 737 1243  48
738 1240 739  48
83 1277 804  48
1323 1277 83  48
742 1241 743  48
742 1306 1241  48
1306 742 741  48
1290 1315 1261  48
713 1294 1259  48
1290 1266 748  48
748 1266 749  48
1277 1323 1302  48
745 1316 746  48
1314 1323 753  48
552 1314 752  48
752 553 552  48
586 786 787  48
587 786 586  48
585 787 788  48
789 585 788  48
791 591 790  48
789 590 64  48
585 789 64  48
590 789 790  48
1251 1271 1259  48
1263 714 1259  48
592 1318 593  48
1271 1251 594  48
596 1272 1266  48
1285 1294 81  48
81 1294 712  48
1272 1251 1294  48
749 1266 750  48
750 1285 751  48
1278 721 720  48
723 1299 724  48
714 1263 715  48
1259 1294 1251  48
1285 750 1266  48
1256 719 718  48
719 1278 720  48
1256 1321 1260  48
717 1321 1256  48
726 1299 1235  48
721 1269 722  48
1237 1265 1244  48
798 1265 797  48
1237 1269 1249  48
1299 1269 1244  48
793 1249 87  48
1269 723 722  48
1296 1280 1283  48
1243 737 736  48
800 1296 1247  48
737 1317 738  48
738 1317 1240  48
1283 1320 1312  48
1265 1299 1244  48
1235 1320 728  48
1247 798 799  48
87 1282 792  48
1235 728 727  48
727 726 1235  48
683 682 1236  48
568 1310 1304  48
1237 793 794  48
794 795 1237  48
622 1258 73  48
1293 569 1250  48
1305 1279 1301  48
688 1245 80  48
740 1306 741  48
740 739 1240  48
1273 1313 1284  48
1241 744 743  48
1258 1270 1242  48
672 1275 673  48
736 735 1243  48
801 1296 88  48
1235 1265 1247  48
724 1299 725  48
1322 1301 1245  48
1245 1301 1257  48
699 1307 1253  48
1307 697 1292  48
799 800 1247  48
1320 1283 1243  48
706 705 1248  48
648 1311 647  48
1249 793 1237  48
721 1278 1269  48
1276 1275 1270  48
569 1293 570  48
595 594 1251  48
713 1259 714  48
653 1308 652  48
1242 1291 1258  48
1246 1297 1264  48
1297 642 643  48
1288 1255 1303  48
1252 1254 1286  48
1311 649 1303  48
649 1311 648  48
1319 1271 1318  48
1256 718 717  48
1279 1246 1268  48
1257 695 1245  48
73 1291 654  48
1258 622 1238  48
1271 594 593  48
715 1263 716  48
1282 1318 792  48
1278 719 1256  48
1315 60 597  48
597 596 1261  48
1262 1310 567  48
567 566 1262  48
1309 1259 1271  48
1321 717 716  48
1253 1307 1264  48
697 1307 698  48
1265 796 797  48
1265 798 1247  48
1266 1290 1261  48
1261 596 1266  48
1238 1276 1270  48
1267 678 677  48
1246 1279 76  48
1246 1264 1268  48
1269 1278 1249  48
1269 1237 1244  48
1270 1258 1238  48
1276 676 675  48
1271 1319 1309  48
1259 1309 1263  48
1272 596 595  48
595 1251 1272  48
1323 1314 1313  48
60 1315 1284  48
645 646 1274  48
1298 1274 1287  48
674 673 1275  48
1275 1242 1270  48
1276 1238 1250  48
1250 1267 1276  48
1240 1317 1302  48
804 1280 803  48
1278 1256 1260  48
1260 1249 1278  48
1268 1257 1279  48
655 1305 656  48
1277 1283 1280  48
1280 801 802  48
1281 1267 1250  48
1295 569 568  48
1282 87 1249  48
1249 1260 1282  48
1280 1296 801  48
1283 1317 1243  48
60 1314 551  48
1315 597 1261  48
1266 1272 1285  48
1285 81 751  48
651 1308 1303  48
1252 1291 1242  48
1255 1287 1311  48
1255 1248 1287  48
651 1303 650  48
1286 1288 1308  48
1255 1288 1289  48
1289 708 707  48
1290 748 747  48
1316 1315 1290  48
1291 73 1258  48
1291 1252 1286  48
1292 695 1257  48
1257 1268 1292  48
1238 621 1293  48
1293 571 570  48
1294 713 712  48
1294 1285 1272  48
1304 679 1281  48
1281 1250 1295  48
1247 1312 1235  48
1296 800 88  48
1297 644 1274  48
1297 1253 1264  48
1298 703 702  48
1298 701 1253  48
1299 1265 1235  48
1299 726 725  48
1300 686 685  48
1300 1236 1262  48
1305 655 1279  48
1279 1257 1301  48
1306 1240 1302  48
1306 740 1240  48
1303 649 650  48
1303 1308 1288  48
1295 568 1304  48
1304 1236 681  48
1239 61 1305  48
1305 657 656  48
1306 1323 1313  48
1313 1273 1241  48
1307 1292 1268  48
1268 1264 1307  48
1308 651 652  48
1308 1291 1286  48
1260 1319 1282  48
1321 716 1263  48
1310 1262 1236  48
1236 1304 1310  48
1311 646 647  48
1311 1303 1255  48
1312 1247 1296  48
1296 1283 1312  48
1313 1314 1284  48
1313 1241 1306  48
1314 552 551  48
1314 60 1284  48
1315 1316 1273  48
1273 1284 1315  48
1316 747 746  48
1316 745 1273  48
1317 1283 1277  48
1277 1302 1317  48
1318 592 791  48
791 792 1318  48
1318 1282 1319  48
1319 1321 1309  48
1320 735 82  48
1320 1235 1312  48
1263 1309 1321  48
1321 1319 1260  48
1322 688 687  48
1322 1300 1239  48
1323 1306 1302  48
1323 83 753  48
1324 804 754  49
760 1324 761  49
762 1324 754  49
88 801 805  49
801 1324 805  49
83 754 804  49
762 754 84  49
1324 759 805  49
804 1324 803  49
759 1324 760  49
805 759 85  49
802 803 1324  49
1324 762 761  49
1324 801 802  49
793 1325 782  50
87 793 782  50
1325 763 782  50
1326 1327 768  50
1326 795 796  50
1327 800 805  50
805 85 770  50
795 1326 1325  50
1327 798 799  50
798 1326 797  50
1327 1326 798  50
800 1327 799  50
800 88 805  50
770 1327 805  50
1325 765 764  50
765 1326 766  50
86 782 763  50
1326 796 797  50
763 1325 764  50
1326 765 1325  50
1325 793 794  50
794 795 1325  50
1326 768 767  50
767 766 1326  50
1327 770 769  50
769 768 1327  50
Edges
849
1 2  1
1 3  2
3 4  3
2 4  4
2 89  5
89 90  5
90 5  5
1 91  6
91 92  6
92 6  6
6 5  7
6 93  8
93 94  8
94 95  8
95 96  8
96 97  8
97 98  8
98 99  8
99 100  8
100 7  8
7 8  9
5 101  10
101 102  10
102 103  10
103 104  10
104 105  10
105 106  10
106 107  10
107 108  10
108 8  10
9 10  11
7 109  12
109 9  12
8 110  13
110 10  13
10 111  14
111 112  14
112 113  14
113 114  14
114 115  14
115 116  14
116 117  14
117 118  14
118 11  14
9 119  15
119 120  15
120 121  15
121 122  15
122 123  15
123 124  15
124 125  15
125 126  15
126 12  15
11 12  16
12 127  17
127 128  17
128 13  17
13 14  18
11 129  19
129 130  19
130 14  19
15 16  20
13 15  21
14 16  22
16 131  23
131 132  23
132 133  23
133 134  23
134 135  23
135 17  23
15 136  24
136 137  24
137 138  24
138 139  24
139 140  24
140 18  24
18 17  25
19 20  26
19 141  27
141 18  27
20 142  28
142 17  28
20 143  29
143 144  29
144 145  29
145 146  29
146 147  29
147 4  29
19 148  30
148 149  30
149 150  30
150 151  30
151 152  30
152 3  30
21 153  31
153 154  31
154 155  31
155 156  31
156 157  31
157 158  31
158 159  31
159 160  31
160 161  31
161 162  31
162 163  31
163 164  31
164 165  31
165 166  31
166 167  31
167 168  31
168 169  31
169 22  31
23 22  32
24 170  33
170 171  33
171 172  33
172 173  33
173 174  33
174 175  33
175 176  33
176 177  33
177 178  33
178 179  33
179 180  33
180 181  33
181 182  33
182 183  33
183 184  33
184 185  33
185 186  33
186 23  33
21 24  34
23 187  35
187 188  35
188 189  35
189 190  35
190 191  35
191 192  35
192 193  35
193 194  35
194 195  35
195 196  35
196 197  35
197 198  35
198 199  35
199 200  35
200 201  35
201 202  35
202 203  35
203 24  35
22 204  36
204 205  36
205 206  36
206 207  36
207 208  36
208 209  36
209 210  36
210 211  36
211 212  36
212 213  36
213 214  36
214 215  36
215 216  36
216 217  36
217 218  36
218 219  36
219 220  36
220 21  36
25 221  37
221 222  37
222 223  37
223 224  37
224 225  37
225 226  37
226 227  37
227 228  37
228 229  37
229 230  37
230 231  37
231 232  37
232 233  37
233 234  37
234 235  37
235 236  37
236 237  37
237 26  37
27 26  38
28 238  39
238 239  39
239 240  39
240 241  39
241 242  39
242 243  39
243 244  39
244 245  39
245 246  39
246 247  39
247 248  39
248 249  39
249 250  39
250 251  39
251 252  39
252 253  39
253 254  39
254 27  39
25 28  40
27 255  41
255 256  41
256 257  41
257 258  41
258 259  41
259 260  41
260 261  41
261 262  41
262 263  41
263 264  41
264 265  41
265 266  41
266 267  41
267 268  41
268 269  41
269 270  41
270 271  41
271 28  41
26 272  42
272 273  42
273 274  42
274 275  42
275 276  42
276 277  42
277 278  42
278 279  42
279 280  42
280 281  42
281 282  42
282 283  42
283 284  42
284 285  42
285 286  42
286 287  42
287 288  42
288 25  42
29 289  43
289 30  43
31 290  44
290 291  44
291 292  44
292 293  44
293 30  44
32 294  45
294 295  45
295 296  45
296 297  45
297 298  45
298 299  45
299 300  45
300 301  45
301 31  45
33 302  46
302 303  46
303 304  46
304 305  46
305 306  46
306 307  46
307 308  46
308 309  46
309 310  46
310 32  46
34 311  47
311 312  47
312 313  47
313 314  47
314 315  47
315 316  47
316 317  47
317 318  47
318 33  47
34 319  48
319 35  48
36 320  49
320 321  49
321 322  49
322 323  49
323 324  49
324 325  49
325 326  49
326 327  49
327 328  49
328 329  49
329 330  49
330 331  49
331 332  49
332 333  49
333 35  49
36 334  50
334 335  50
335 336  50
336 337  50
337 338  50
338 37  50
37 339  51
339 340  51
340 38  51
29 341  52
341 342  52
342 343  52
343 38  52
39 344  53
344 345  53
345 346  53
346 347  53
347 348  53
348 349  53
349 350  53
350 351  53
351 40  53
40 352  54
352 353  54
353 354  54
354 355  54
355 356  54
356 357  54
357 358  54
358 359  54
359 41  54
42 360  55
360 361  55
361 362  55
362 363  55
363 364  55
364 365  55
365 41  55
42 366  56
366 367  56
367 368  56
368 369  56
369 370  56
370 371  56
371 372  56
372 373  56
373 43  56
43 374  57
374 375  57
375 376  57
376 377  57
377 378  57
378 379  57
379 380  57
380 381  57
381 44  57
44 382  58
382 383  58
383 384  58
384 385  58
385 386  58
386 387  58
387 388  58
388 39  58
45 389  59
389 390  59
390 391  59
391 392  59
392 393  59
393 394  59
394 395  59
395 396  59
396 397  59
397 398  59
398 399  59
399 400  59
400 401  59
401 402  59
402 403  59
403 404  59
404 405  59
405 46  59
46 406  60
406 407  60
407 408  60
408 409  60
409 410  60
410 411  60
411 412  60
412 413  60
413 414  60
414 415  60
415 416  60
416 417  60
417 418  60
418 419  60
419 420  60
420 421  60
421 422  60
422 45  60
47 423  61
423 424  61
424 425  61
425 426  61
426 427  61
427 428  61
428 429  61
429 430  61
430 431  61
431 432  61
432 433  61
433 434  61
434 435  61
435 436  61
436 437  61
437 438  61
438 439  61
439 48  61
48 440  62
440 441  62
441 442  62
442 443  62
443 444  62
444 445  62
445 446  62
446 447  62
447 448  62
448 449  62
449 450  62
450 451  62
451 452  62
452 453  62
453 454  62
454 455  62
455 456  62
456 47  62
49 457  63
457 458  63
458 459  63
459 31  63
50 460  64
460 461  64
461 462  64
462 30  64
49 463  65
463 464  65
464 465  65
465 466  65
466 50  65
51 467  66
467 468  66
468 469  66
469 470  66
470 471  66
471 472  66
472 473  66
473 474  66
474 49  66
51 475  67
475 476  67
476 477  67
477 32  67
52 478  68
478 479  68
479 480  68
480 481  68
481 482  68
482 483  68
483 484  68
484 485  68
485 486  68
486 487  68
487 488  68
488 51  68
52 489  69
489 490  69
490 491  69
491 33  69
53 492  70
492 493  70
493 494  70
494 495  70
495 496  70
496 497  70
497 498  70
498 499  70
499 52  70
53 500  71
500 501  71
501 502  71
502 34  71
53 503  72
503 504  72
504 505  72
505 506  72
506 54  72
54 507  73
507 508  73
508 509  73
509 35  73
55 510  74
510 511  74
511 512  74
512 513  74
513 514  74
514 515  74
515 516  74
516 517  74
517 518  74
518 519  74
519 520  74
520 521  74
521 522  74
522 523  74
523 54  74
55 524  75
524 525  75
525 526  75
526 36  75
56 527  76
527 528  76
528 529  76
529 37  76
55 530  77
530 531  77
531 532  77
532 533  77
533 534  77
534 56  77
56 535  78
535 536  78
536 537  78
537 57  78
57 538  79
538 539  79
539 540  79
540 38  79
58 541  80
541 542  80
542 543  80
543 57  80
58 544  81
544 545  81
545 546  81
546 29  81
58 547  82
547 548  82
548 549  82
549 50  82
59 550  83
550 41  83
60 551  84
551 552  84
552 553  84
553 554  84
554 555  84
555 556  84
556 557  84
557 558  84
558 59  84
40 559  85
559 60  85
61 560  86
560 42  86
61 561  87
561 562  87
562 563  87
563 564  87
564 565  87
565 59  87
61 566  88
566 567  88
567 568  88
568 569  88
569 570  88
570 571  88
571 572  88
572 573  88
573 62  88
62 574  89
574 43  89
63 575  90
575 44  90
62 576  91
576 577  91
577 578  91
578 579  91
579 580  91
580 581  91
581 582  91
582 583  91
583 63  91
64 584  92
584 39  92
64 585  93
585 586  93
586 587  93
587 588  93
588 589  93
589 63  93
64 590  94
590 591  94
591 592  94
592 593  94
593 594  94
594 595  94
595 596  94
596 597  94
597 60  94
65 598  95
598 599  95
599 600  95
600 66  95
66 67  96
67 601  97
601 602  97
602 603  97
603 68  97
65 68  98
69 604  99
604 605  99
605 606  99
606 607  99
607 608  99
608 609  99
609 610  99
610 611  99
611 70  99
69 71  100
71 612  101
612 613  101
613 614  101
614 615  101
615 616  101
616 617  101
617 618  101
618 619  101
619 72  101
70 72  102
71 620  103
620 621  103
621 622  103
622 73  103
74 623  104
623 73  104
69 624  105
624 625  105
625 74  105
75 626  106
626 627  106
627 628  106
628 629  106
629 630  106
630 631  106
631 632  106
632 633  106
633 634  106
634 635  106
635 636  106
636 637  106
637 638  106
638 639  106
639 74  106
75 640  107
640 76  107
76 641  108
641 642  108
642 643  108
643 644  108
644 645  108
645 646  108
646 647  108
647 648  108
648 649  108
649 650  108
650 651  108
651 652  108
652 653  108
653 654  108
654 73  108
76 655  109
655 656  109
656 657  109
657 658  109
658 659  109
659 77  109
78 660  110
660 77  110
75 661  111
661 662  111
662 663  111
663 664  111
664 665  111
665 78  111
78 666  112
666 667  112
667 668  112
668 65  112
77 669  113
669 670  113
670 671  113
671 68  113
79 672  114
672 673  114
673 674  114
674 675  114
675 676  114
676 677  114
677 678  114
678 679  114
679 680  114
680 681  114
681 682  114
682 683  114
683 684  114
684 685  114
685 686  114
686 687  114
687 688  114
688 80  114
79 689  115
689 690  115
690 691  115
691 46  115
45 692  116
692 693  116
693 694  116
694 80  116
80 695  117
695 696  117
696 697  117
697 698  117
698 699  117
699 700  117
700 701  117
701 702  117
702 703  117
703 704  117
704 705  117
705 706  117
706 707  117
707 708  117
708 709  117
709 710  117
710 711  117
711 79  117
81 712  118
712 713  118
713 714  118
714 715  118
715 716  118
716 717  118
717 718  118
718 719  118
719 720  118
720 721  118
721 722  118
722 723  118
723 724  118
724 725  118
725 726  118
726 727  118
727 728  118
728 82  118
81 729  119
729 730  119
730 731  119
731 48  119
47 732  120
732 733  120
733 734  120
734 82  120
82 735  121
735 736  121
736 737  121
737 738  121
738 739  121
739 740  121
740 741  121
741 742  121
742 743  121
743 744  121
744 745  121
745 746  121
746 747  121
747 748  121
748 749  121
749 750  121
750 751  121
751 81  121
67 752  122
752 753  122
753 83  122
84 754  123
754 83  123
66 755  124
755 756  124
756 757  124
757 758  124
758 84  124
85 759  125
759 760  125
760 761  125
761 762  125
762 84  125
86 763  126
763 764  126
764 765  126
765 766  126
766 767  126
767 768  126
768 769  126
769 770  126
770 85  126
70 771  127
771 772  127
772 773  127
773 774  127
774 775  127
775 776  127
776 777  127
777 778  127
778 779  127
779 780  127
780 781  127
781 86  127
86 782  128
782 87  128
72 783  129
783 784  129
784 785  129
785 786  129
786 787  129
787 788  129
788 789  129
789 790  129
790 791  129
791 792  129
792 87  129
87 793  130
793 794  130
794 795  130
795 796  130
796 797  130
797 798  130
798 799  130
799 800  130
800 88  130
88 801  131
801 802  131
802 803  131
803 804  131
804 83  131
88 805  132
805 85  132
End
