MeshVersionFormatted 1

Dimension
3

Vertices
4862
-0.71850000000000003  -2.468  9.5630000000000006  0
-0.71850000000000003  -2.468  9.75  0
-0.71850000000000003  -2.1560000000000001  9.5630000000000006  0
-0.71850000000000003  -2.1560000000000001  9.75  0
-0.71850000000000003  2.1579999999999999  9.5630000000000006  0
-0.71850000000000003  2.1579999999999999  9.75  0
-0.71850000000000003  2.4700000000000002  9.5630000000000006  0
-0.71850000000000003  2.4700000000000002  9.75  0
-0.71850000000000003  2.7829999999999999  9.5630000000000006  0
-0.71850000000000003  2.7829999999999999  9.75  0
-0.5625  2.9390000000000001  9.5630000000000006  0
-0.5625  2.9390000000000001  9.75  0
0.5635  2.9390000000000001  9.5630000000000006  0
0.5635  2.9390000000000001  9.75  0
0.71950000000000003  2.7829999999999999  9.5630000000000006  0
0.71950000000000003  2.7829999999999999  9.75  0
0.71950000000000003  2.4700000000000002  9.5630000000000006  0
0.71950000000000003  2.4700000000000002  9.75  0
0.71950000000000003  2.1579999999999999  9.5630000000000006  0
0.71950000000000003  2.1579999999999999  9.75  0
0.71950000000000003  -2.1560000000000001  9.5630000000000006  0
0.71950000000000003  -2.1560000000000001  9.75  0
0.71950000000000003  -2.468  9.5630000000000006  0
0.71950000000000003  -2.468  9.75  0
0.71950000000000003  -2.7810000000000001  9.5630000000000006  0
0.71950000000000003  -2.7810000000000001  9.75  0
0.5635  -2.9369999999999998  9.5630000000000006  0
0.5635  -2.9369999999999998  9.75  0
-0.71750000000000003  -1.806  9.5  0
-0.71750000000000003  -1.6619999999999999  9.5  0
-0.71750000000000003  -1.806  9.75  0
-0.71750000000000003  -1.6619999999999999  9.75  0
-0.71750000000000003  1.8080000000000001  9.75  0
-0.71750000000000003  1.6639999999999999  9.75  0
-0.71750000000000003  1.8080000000000001  9.5  0
-0.71750000000000003  1.6639999999999999  9.5  0
-0.71750000000000003  -1.859  9.5  0
-0.71750000000000003  -1.609  9.5  0
-0.71750000000000003  1.861  9.5  0
-0.71750000000000003  1.611  9.5  0
0.87549999999999994  -2.468  9.75  0
0.87549999999999994  -2.468  9.5630000000000006  0
0.87549999999999994  -2.1560000000000001  9.5630000000000006  0
0.71950000000000003  -2.2235  9.5630000000000006  0
0.71950000000000003  -2.4005000000000001  9.5630000000000006  0
0.87549999999999994  -2.1560000000000001  9.75  0
0.87549999999999994  2.1579999999999999  9.75  0
0.87549999999999994  2.1579999999999999  9.5630000000000006  0
0.87549999999999994  2.4700000000000002  9.5630000000000006  0
0.71950000000000003  2.2254999999999998  9.5630000000000006  0
0.71950000000000003  2.4024999999999999  9.5630000000000006  0
0.87549999999999994  2.4700000000000002  9.75  0
0.87549999999999994  2.7829999999999999  9.75  0
0.87549999999999994  2.7829999999999999  9.5630000000000006  0
0.87549999999999994  -2.7810000000000001  9.75  0
0.87549999999999994  -2.7810000000000001  9.5630000000000006  0
0.5635  3.1259999999999999  9.5630000000000006  0
0.87549999999999994  3.1259999999999999  9.5630000000000006  0
0.71950000000000003  2.8504999999999998  9.5630000000000006  0
0.71950000000000003  3.0274999999999999  9.5630000000000006  0
0.5635  3.1259999999999999  9.75  0
-0.5625  3.1259999999999999  9.75  0
-0.5625  3.1259999999999999  9.5630000000000006  0
-0.87450000000000006  2.7829999999999999  9.5630000000000006  0
-0.87450000000000006  3.1259999999999999  9.5630000000000006  0
-0.71850000000000003  2.8504999999999998  9.5630000000000006  0
-0.71850000000000003  3.0274999999999999  9.5630000000000006  0
-0.87450000000000006  2.7829999999999999  9.75  0
-0.87450000000000006  2.4700000000000002  9.75  0
-0.87450000000000006  2.4700000000000002  9.5630000000000006  0
-0.87450000000000006  2.1579999999999999  9.5630000000000006  0
-0.71850000000000003  2.2254999999999998  9.5630000000000006  0
-0.71850000000000003  2.4024999999999999  9.5630000000000006  0
-0.87450000000000006  2.1579999999999999  9.75  0
-0.87450000000000006  -2.1560000000000001  9.75  0
-0.87450000000000006  -2.1560000000000001  9.5630000000000006  0
-0.87450000000000006  -2.468  9.5630000000000006  0
-0.71850000000000003  -2.2235  9.5630000000000006  0
-0.71850000000000003  -2.4005000000000001  9.5630000000000006  0
-0.87450000000000006  -2.468  9.75  0
0.5635  -3.1240000000000001  9.75  0
0.5635  -3.1240000000000001  9.5630000000000006  0
0.87549999999999994  -3.1240000000000001  9.5630000000000006  0
0.71950000000000003  -2.8485  9.5630000000000006  0
0.71950000000000003  -3.0255000000000001  9.5630000000000006  0
0.00050000000000000001  2.9384999999999999  9.75  0
0.00049999999999996195  2.3134999999999999  9.75  0
0.00050000000000000001  -2.3115000000000001  9.75  0
0.00049999999999996195  -2.9365000000000001  9.75  0
-0.71750000000000003  -2.5615000000000001  9.75  0
-0.71750000000000003  -2.6865000000000001  9.75  0
0.71950000000000003  -2.5615000000000001  9.75  0
0.71950000000000003  -2.6865000000000001  9.75  0
0.71950000000000003  2.6884999999999999  9.75  0
0.71950000000000003  2.5634999999999999  9.75  0
-0.71750000000000003  2.6884999999999999  9.75  0
-0.71750000000000003  2.5634999999999999  9.75  0
0.71950000000000003  1.8035000000000001  9.75  0
0.71950000000000003  1.6685000000000001  9.75  0
0.71950000000000003  -1.6655  9.75  0
0.71950000000000003  -1.8005  9.75  0
-0.5625  -2.9369999999999998  9.75  0
-0.5625  -3.1240000000000001  9.75  0
-0.87450000000000006  -2.7810000000000001  9.75  0
-0.71850000000000003  -2.7810000000000001  9.75  0
-0.87450000000000006  -2.7810000000000001  9.5630000000000006  0
-0.71850000000000003  -2.7810000000000001  9.5630000000000006  0
-0.5625  -2.9369999999999998  9.5630000000000006  0
-0.5625  -3.1240000000000001  9.5630000000000006  0
-0.71850000000000003  -2.4005000000000001  9.375  0
-0.71850000000000003  -2.2235  9.375  0
0.71950000000000003  -2.4005000000000001  9.375  0
0.71950000000000003  -2.2235  9.375  0
0.71950000000000003  -3.0255000000000001  9.375  0
0.71950000000000003  -2.8485  9.375  0
-0.71850000000000003  3.0274999999999999  9.375  0
-0.71850000000000003  2.8504999999999998  9.375  0
-0.71850000000000003  2.4024999999999999  9.375  0
-0.71850000000000003  2.2254999999999998  9.375  0
0.71950000000000003  2.4024999999999999  9.375  0
0.71950000000000003  2.2254999999999998  9.375  0
0.71950000000000003  3.0274999999999999  9.375  0
0.71950000000000003  2.8504999999999998  9.375  0
-0.71750000000000003  -1.609  9.375  0
-0.71750000000000003  -1.859  9.375  0
-0.71750000000000003  1.611  9.375  0
-0.71750000000000003  1.861  9.375  0
0.87549999999999994  -3.1240000000000001  9.375  0
0.87549999999999994  3.1259999999999999  9.375  0
-0.87450000000000006  3.1259999999999999  9.375  0
-0.87450000000000006  -3.1240000000000001  9.375  0
-0.87450000000000006  -3.1240000000000001  9.5630000000000006  0
0.71950000000000003  -1.8005  9.375  0
0.71950000000000003  -1.6655  9.375  0
0.71950000000000003  1.6685000000000001  9.375  0
0.71950000000000003  1.8035000000000001  9.375  0
-0.71750000000000003  2.5634999999999999  9.375  0
-0.71750000000000003  2.6884999999999999  9.375  0
0.71950000000000003  2.5634999999999999  9.375  0
0.71950000000000003  2.6884999999999999  9.375  0
0.71950000000000003  -2.6865000000000001  9.375  0
0.71950000000000003  -2.5615000000000001  9.375  0
-0.71750000000000003  -2.6865000000000001  9.375  0
-0.71750000000000003  -2.5615000000000001  9.375  0
0.00049999999999996195  -2.9365000000000001  9.375  0
0.00050000000000000001  -2.3115000000000001  9.375  0
0.00049999999999996195  2.3134999999999999  9.375  0
0.00050000000000000001  2.9384999999999999  9.375  0
-0.71850000000000003  -2.8485  9.5630000000000006  0
-0.71850000000000003  -3.0255000000000001  9.5630000000000006  0
-0.71850000000000003  -2.8485  9.375  0
-0.71850000000000003  -3.0255000000000001  9.375  0
-0.71850000000000003  -2.468  9.6565000000000012  0
-0.69141088428395892  -2.1583699905300953  9.5630000000000006  0
-0.66514485764119569  -2.1654079511573983  9.5630000000000006  0
-0.64050000000000007  -2.1769000370096272  9.5630000000000006  0
-0.61822513288889991  -2.1924970668734391  9.5630000000000006  0
-0.59899706687343945  -2.2117251328888998  9.5630000000000006  0
-0.58340003700962761  -2.234  9.5630000000000006  0
-0.57190795115739834  -2.2586448576411957  9.5630000000000006  0
-0.56486999053009557  -2.2849108842839585  9.5630000000000006  0
-0.5625  -2.3119999999999998  9.5630000000000006  0
-0.56486999053009557  -2.3390891157160407  9.5630000000000006  0
-0.57190795115739834  -2.365355142358804  9.5630000000000006  0
-0.58340003700962761  -2.3899999999999997  9.5630000000000006  0
-0.59899706687343945  -2.4122748671110998  9.5630000000000006  0
-0.61822513288889991  -2.4315029331265605  9.5630000000000006  0
-0.64049999999999996  -2.447099962990372  9.5630000000000006  0
-0.66514485764119569  -2.4585920488426014  9.5630000000000006  0
-0.69141088428395892  -2.4656300094699044  9.5630000000000006  0
-0.71850000000000003  -2.1560000000000001  9.6565000000000012  0
-0.69141088428395892  -2.1583699905300953  9.75  0
-0.66514485764119569  -2.1654079511573983  9.75  0
-0.64050000000000007  -2.1769000370096272  9.75  0
-0.61822513288889991  -2.1924970668734391  9.75  0
-0.59899706687343945  -2.2117251328888998  9.75  0
-0.58340003700962761  -2.234  9.75  0
-0.57190795115739834  -2.2586448576411957  9.75  0
-0.56486999053009557  -2.2849108842839585  9.75  0
-0.5625  -2.3119999999999998  9.75  0
-0.56486999053009557  -2.3390891157160407  9.75  0
-0.57190795115739834  -2.365355142358804  9.75  0
-0.58340003700962761  -2.3899999999999997  9.75  0
-0.59899706687343945  -2.4122748671110998  9.75  0
-0.61822513288889991  -2.4315029331265605  9.75  0
-0.64049999999999996  -2.447099962990372  9.75  0
-0.66514485764119569  -2.4585920488426014  9.75  0
-0.69141088428395892  -2.4656300094699044  9.75  0
-0.71850000000000003  2.1579999999999999  9.6565000000000012  0
-0.69141088428395892  2.1603699905300955  9.5630000000000006  0
-0.66514485764119569  2.1674079511573985  9.5630000000000006  0
-0.64050000000000007  2.1789000370096274  9.5630000000000006  0
-0.61822513288889991  2.1944970668734394  9.5630000000000006  0
-0.59899706687343945  2.2137251328889  9.5630000000000006  0
-0.58340003700962761  2.2359999999999998  9.5630000000000006  0
-0.57190795115739834  2.2606448576411959  9.5630000000000006  0
-0.56486999053009557  2.2869108842839587  9.5630000000000006  0
-0.5625  2.3140000000000001  9.5630000000000006  0
-0.56486999053009557  2.3410891157160409  9.5630000000000006  0
-0.57190795115739834  2.3673551423588042  9.5630000000000006  0
-0.58340003700962761  2.3919999999999999  9.5630000000000006  0
-0.59899706687343945  2.4142748671111001  9.5630000000000006  0
-0.61822513288889991  2.4335029331265607  9.5630000000000006  0
-0.64049999999999996  2.4490999629903722  9.5630000000000006  0
-0.66514485764119569  2.4605920488426016  9.5630000000000006  0
-0.69141088428395892  2.4676300094699046  9.5630000000000006  0
-0.71850000000000003  2.4700000000000002  9.6565000000000012  0
-0.69141088428395892  2.1603699905300955  9.75  0
-0.66514485764119569  2.1674079511573985  9.75  0
-0.64050000000000007  2.1789000370096274  9.75  0
-0.61822513288889991  2.1944970668734394  9.75  0
-0.59899706687343945  2.2137251328889  9.75  0
-0.58340003700962761  2.2359999999999998  9.75  0
-0.57190795115739834  2.2606448576411959  9.75  0
-0.56486999053009557  2.2869108842839587  9.75  0
-0.5625  2.3140000000000001  9.75  0
-0.56486999053009557  2.3410891157160409  9.75  0
-0.57190795115739834  2.3673551423588042  9.75  0
-0.58340003700962761  2.3919999999999999  9.75  0
-0.59899706687343945  2.4142748671111001  9.75  0
-0.61822513288889991  2.4335029331265607  9.75  0
-0.64049999999999996  2.4490999629903722  9.75  0
-0.66514485764119569  2.4605920488426016  9.75  0
-0.69141088428395892  2.4676300094699046  9.75  0
-0.71850000000000003  2.7829999999999999  9.6565000000000012  0
-0.69141088428395892  2.7853699905300955  9.5630000000000006  0
-0.6651448576411958  2.7924079511573985  9.5630000000000006  0
-0.64050000000000007  2.8039000370096279  9.5630000000000006  0
-0.61822513288889991  2.8194970668734394  9.5630000000000006  0
-0.59899706687343945  2.8387251328889  9.5630000000000006  0
-0.58340003700962761  2.8609999999999998  9.5630000000000006  0
-0.57190795115739834  2.8856448576411959  9.5630000000000006  0
-0.56486999053009557  2.9119108842839587  9.5630000000000006  0
-0.5625  2.9390000000000001  9.6565000000000012  0
-0.69141088428395892  2.7853699905300955  9.75  0
-0.6651448576411958  2.7924079511573985  9.75  0
-0.64050000000000007  2.8039000370096279  9.75  0
-0.61822513288889991  2.8194970668734394  9.75  0
-0.59899706687343945  2.8387251328889  9.75  0
-0.58340003700962761  2.8609999999999998  9.75  0
-0.57190795115739834  2.8856448576411959  9.75  0
-0.56486999053009557  2.9119108842839587  9.75  0
0.5635  2.9390000000000001  9.6565000000000012  0
0.69241088428395892  2.7853699905300955  9.5630000000000006  0
0.6661448576411958  2.7924079511573985  9.5630000000000006  0
0.64149999999999996  2.8039000370096279  9.5630000000000006  0
0.61922513288889991  2.8194970668734394  9.5630000000000006  0
0.59999706687343946  2.8387251328889  9.5630000000000006  0
0.58440003700962762  2.8609999999999998  9.5630000000000006  0
0.57290795115739834  2.8856448576411959  9.5630000000000006  0
0.56586999053009557  2.9119108842839587  9.5630000000000006  0
0.71950000000000003  2.7829999999999999  9.6565000000000012  0
0.69241088428395892  2.7853699905300955  9.75  0
0.6661448576411958  2.7924079511573985  9.75  0
0.64149999999999996  2.8039000370096279  9.75  0
0.61922513288889991  2.8194970668734394  9.75  0
0.59999706687343946  2.8387251328889  9.75  0
0.58440003700962762  2.8609999999999998  9.75  0
0.57290795115739834  2.8856448576411959  9.75  0
0.56586999053009557  2.9119108842839587  9.75  0
0.71950000000000003  2.4700000000000002  9.6565000000000012  0
0.69241088428395892  2.1603699905300955  9.5630000000000006  0
0.66614485764119569  2.1674079511573985  9.5630000000000006  0
0.64150000000000007  2.1789000370096274  9.5630000000000006  0
0.61922513288889991  2.1944970668734394  9.5630000000000006  0
0.59999706687343946  2.2137251328889  9.5630000000000006  0
0.58440003700962762  2.2359999999999998  9.5630000000000006  0
0.57290795115739834  2.2606448576411959  9.5630000000000006  0
0.56586999053009557  2.2869108842839587  9.5630000000000006  0
0.5635  2.3140000000000001  9.5630000000000006  0
0.56586999053009557  2.3410891157160409  9.5630000000000006  0
0.57290795115739823  2.3673551423588042  9.5630000000000006  0
0.58440003700962762  2.3919999999999999  9.5630000000000006  0
0.59999706687343946  2.4142748671111001  9.5630000000000006  0
0.6192251328888998  2.4335029331265607  9.5630000000000006  0
0.64149999999999996  2.4490999629903722  9.5630000000000006  0
0.66614485764119569  2.4605920488426016  9.5630000000000006  0
0.69241088428395892  2.4676300094699046  9.5630000000000006  0
0.71950000000000003  2.1579999999999999  9.6565000000000012  0
0.69241088428395892  2.1603699905300955  9.75  0
0.66614485764119569  2.1674079511573985  9.75  0
0.64150000000000007  2.1789000370096274  9.75  0
0.61922513288889991  2.1944970668734394  9.75  0
0.59999706687343946  2.2137251328889  9.75  0
0.58440003700962762  2.2359999999999998  9.75  0
0.57290795115739834  2.2606448576411959  9.75  0
0.56586999053009557  2.2869108842839587  9.75  0
0.5635  2.3140000000000001  9.75  0
0.56586999053009557  2.3410891157160409  9.75  0
0.57290795115739823  2.3673551423588042  9.75  0
0.58440003700962762  2.3919999999999999  9.75  0
0.59999706687343946  2.4142748671111001  9.75  0
0.6192251328888998  2.4335029331265607  9.75  0
0.64149999999999996  2.4490999629903722  9.75  0
0.66614485764119569  2.4605920488426016  9.75  0
0.69241088428395892  2.4676300094699046  9.75  0
0.71950000000000003  -2.1560000000000001  9.6565000000000012  0
0.69241088428395892  -2.1583699905300953  9.5630000000000006  0
0.66614485764119569  -2.1654079511573983  9.5630000000000006  0
0.64150000000000007  -2.1769000370096272  9.5630000000000006  0
0.61922513288889991  -2.1924970668734391  9.5630000000000006  0
0.59999706687343946  -2.2117251328888998  9.5630000000000006  0
0.58440003700962762  -2.234  9.5630000000000006  0
0.57290795115739834  -2.2586448576411957  9.5630000000000006  0
0.56586999053009557  -2.2849108842839585  9.5630000000000006  0
0.5635  -2.3119999999999998  9.5630000000000006  0
0.56586999053009557  -2.3390891157160407  9.5630000000000006  0
0.57290795115739823  -2.365355142358804  9.5630000000000006  0
0.58440003700962762  -2.3899999999999997  9.5630000000000006  0
0.59999706687343946  -2.4122748671110998  9.5630000000000006  0
0.6192251328888998  -2.4315029331265605  9.5630000000000006  0
0.64149999999999996  -2.447099962990372  9.5630000000000006  0
0.66614485764119569  -2.4585920488426014  9.5630000000000006  0
0.69241088428395892  -2.4656300094699044  9.5630000000000006  0
0.71950000000000003  -2.468  9.6565000000000012  0
0.69241088428395892  -2.1583699905300953  9.75  0
0.66614485764119569  -2.1654079511573983  9.75  0
0.64150000000000007  -2.1769000370096272  9.75  0
0.61922513288889991  -2.1924970668734391  9.75  0
0.59999706687343946  -2.2117251328888998  9.75  0
0.58440003700962762  -2.234  9.75  0
0.57290795115739834  -2.2586448576411957  9.75  0
0.56586999053009557  -2.2849108842839585  9.75  0
0.5635  -2.3119999999999998  9.75  0
0.56586999053009557  -2.3390891157160407  9.75  0
0.57290795115739823  -2.365355142358804  9.75  0
0.58440003700962762  -2.3899999999999997  9.75  0
0.59999706687343946  -2.4122748671110998  9.75  0
0.6192251328888998  -2.4315029331265605  9.75  0
0.64149999999999996  -2.447099962990372  9.75  0
0.66614485764119569  -2.4585920488426014  9.75  0
0.69241088428395892  -2.4656300094699044  9.75  0
0.71950000000000003  -2.7810000000000001  9.6565000000000012  0
0.69241088428395892  -2.7833699905300953  9.5630000000000006  0
0.6661448576411958  -2.7904079511573983  9.5630000000000006  0
0.64149999999999996  -2.8019000370096272  9.5630000000000006  0
0.61922513288889991  -2.8174970668734391  9.5630000000000006  0
0.59999706687343946  -2.8367251328888998  9.5630000000000006  0
0.58440003700962762  -2.859  9.5630000000000006  0
0.57290795115739834  -2.8836448576411957  9.5630000000000006  0
0.56586999053009557  -2.9099108842839585  9.5630000000000006  0
0.5635  -2.9369999999999998  9.6565000000000012  0
0.69241088428395892  -2.7833699905300953  9.75  0
0.6661448576411958  -2.7904079511573983  9.75  0
0.64149999999999996  -2.8019000370096272  9.75  0
0.61922513288889991  -2.8174970668734391  9.75  0
0.59999706687343946  -2.8367251328888998  9.75  0
0.58440003700962762  -2.859  9.75  0
0.57290795115739834  -2.8836448576411957  9.75  0
0.56586999053009557  -2.9099108842839585  9.75  0
-0.73000266879201903  -1.8049061582168791  9.5  0
-0.74212545031944821  -1.8016578686965854  9.5  0
-0.75350000000000006  -1.7963538290724796  9.5  0
-0.7637807078974308  -1.7891551999045663  9.5  0
-0.77265519990456644  -1.7802807078974308  9.5  0
-0.77985382907247958  -1.77  9.5  0
-0.78515786869658544  -1.7586254503194481  9.5  0
-0.78840615821687898  -1.7465026687920189  9.5  0
-0.78949999999999998  -1.734  9.5  0
-0.78840615821687898  -1.7214973312079811  9.5  0
-0.78515786869658544  -1.7093745496805519  9.5  0
-0.77985382907247958  -1.698  9.5  0
-0.77265519990456644  -1.6877192921025692  9.5  0
-0.76378070789743091  -1.6788448000954337  9.5  0
-0.75350000000000006  -1.6716461709275203  9.5  0
-0.74212545031944821  -1.6663421313034146  9.5  0
-0.73000266879201903  -1.6630938417831209  9.5  0
-0.71750000000000003  -1.806  9.5625  0
-0.71750000000000003  -1.806  9.625  0
-0.71750000000000003  -1.806  9.6875  0
-0.73000266879201903  -1.8049061582168791  9.75  0
-0.74212545031944821  -1.8016578686965854  9.75  0
-0.75350000000000006  -1.7963538290724796  9.75  0
-0.7637807078974308  -1.7891551999045663  9.75  0
-0.77265519990456644  -1.7802807078974308  9.75  0
-0.77985382907247958  -1.77  9.75  0
-0.78515786869658544  -1.7586254503194481  9.75  0
-0.78840615821687898  -1.7465026687920189  9.75  0
-0.78949999999999998  -1.734  9.75  0
-0.78840615821687898  -1.7214973312079811  9.75  0
-0.78515786869658544  -1.7093745496805519  9.75  0
-0.77985382907247958  -1.698  9.75  0
-0.77265519990456644  -1.6877192921025692  9.75  0
-0.76378070789743091  -1.6788448000954337  9.75  0
-0.75350000000000006  -1.6716461709275203  9.75  0
-0.74212545031944821  -1.6663421313034146  9.75  0
-0.73000266879201903  -1.6630938417831209  9.75  0
-0.71750000000000003  -1.6619999999999999  9.6875  0
-0.71750000000000003  -1.6619999999999999  9.625  0
-0.71750000000000003  -1.6619999999999999  9.5625  0
-0.70499733120798103  -1.6630938417831209  9.75  0
-0.69287454968055184  -1.6663421313034146  9.75  0
-0.68149999999999999  -1.6716461709275203  9.75  0
-0.67121929210256925  -1.6788448000954337  9.75  0
-0.66234480009543362  -1.6877192921025692  9.75  0
-0.65514617092752048  -1.698  9.75  0
-0.64984213130341462  -1.7093745496805519  9.75  0
-0.64659384178312107  -1.7214973312079811  9.75  0
-0.64550000000000007  -1.734  9.75  0
-0.64659384178312107  -1.7465026687920189  9.75  0
-0.64984213130341462  -1.7586254503194481  9.75  0
-0.65514617092752048  -1.77  9.75  0
-0.66234480009543362  -1.7802807078974308  9.75  0
-0.67121929210256914  -1.7891551999045663  9.75  0
-0.68149999999999999  -1.7963538290724796  9.75  0
-0.69287454968055184  -1.8016578686965854  9.75  0
-0.70499733120798103  -1.8049061582168791  9.75  0
-0.70499733120798103  -1.6630938417831209  9.5  0
-0.69287454968055184  -1.6663421313034146  9.5  0
-0.68149999999999999  -1.6716461709275203  9.5  0
-0.67121929210256925  -1.6788448000954337  9.5  0
-0.66234480009543362  -1.6877192921025692  9.5  0
-0.65514617092752048  -1.698  9.5  0
-0.64984213130341462  -1.7093745496805519  9.5  0
-0.64659384178312107  -1.7214973312079811  9.5  0
-0.64550000000000007  -1.734  9.5  0
-0.64659384178312107  -1.7465026687920189  9.5  0
-0.64984213130341462  -1.7586254503194481  9.5  0
-0.65514617092752048  -1.77  9.5  0
-0.66234480009543362  -1.7802807078974308  9.5  0
-0.67121929210256914  -1.7891551999045663  9.5  0
-0.68149999999999999  -1.7963538290724796  9.5  0
-0.69287454968055184  -1.8016578686965854  9.5  0
-0.70499733120798103  -1.8049061582168791  9.5  0
-0.73000266879201903  1.8069061582168791  9.75  0
-0.74212545031944821  1.8036578686965854  9.75  0
-0.75350000000000006  1.7983538290724796  9.75  0
-0.7637807078974308  1.7911551999045665  9.75  0
-0.77265519990456644  1.7822807078974308  9.75  0
-0.77985382907247958  1.772  9.75  0
-0.78515786869658544  1.7606254503194481  9.75  0
-0.78840615821687898  1.7485026687920189  9.75  0
-0.78949999999999998  1.736  9.75  0
-0.78840615821687898  1.7234973312079811  9.75  0
-0.78515786869658544  1.7113745496805519  9.75  0
-0.77985382907247958  1.7  9.75  0
-0.77265519990456644  1.6897192921025692  9.75  0
-0.76378070789743091  1.6808448000954337  9.75  0
-0.75350000000000006  1.6736461709275203  9.75  0
-0.74212545031944821  1.6683421313034146  9.75  0
-0.73000266879201903  1.6650938417831209  9.75  0
-0.71750000000000003  1.8080000000000001  9.6875  0
-0.71750000000000003  1.8080000000000001  9.625  0
-0.71750000000000003  1.8080000000000001  9.5625  0
-0.73000266879201903  1.8069061582168791  9.5  0
-0.74212545031944821  1.8036578686965854  9.5  0
-0.75350000000000006  1.7983538290724796  9.5  0
-0.7637807078974308  1.7911551999045665  9.5  0
-0.77265519990456644  1.7822807078974308  9.5  0
-0.77985382907247958  1.772  9.5  0
-0.78515786869658544  1.7606254503194481  9.5  0
-0.78840615821687898  1.7485026687920189  9.5  0
-0.78949999999999998  1.736  9.5  0
-0.78840615821687898  1.7234973312079811  9.5  0
-0.78515786869658544  1.7113745496805519  9.5  0
-0.77985382907247958  1.7  9.5  0
-0.77265519990456644  1.6897192921025692  9.5  0
-0.76378070789743091  1.6808448000954337  9.5  0
-0.75350000000000006  1.6736461709275203  9.5  0
-0.74212545031944821  1.6683421313034146  9.5  0
-0.73000266879201903  1.6650938417831209  9.5  0
-0.71750000000000003  1.6639999999999999  9.5625  0
-0.71750000000000003  1.6639999999999999  9.625  0
-0.71750000000000003  1.6639999999999999  9.6875  0
-0.70499733120798103  1.6650938417831209  9.5  0
-0.69287454968055184  1.6683421313034146  9.5  0
-0.68149999999999999  1.6736461709275203  9.5  0
-0.67121929210256925  1.6808448000954335  9.5  0
-0.66234480009543362  1.6897192921025692  9.5  0
-0.65514617092752048  1.7  9.5  0
-0.64984213130341462  1.7113745496805519  9.5  0
-0.64659384178312107  1.7234973312079811  9.5  0
-0.64550000000000007  1.736  9.5  0
-0.64659384178312107  1.7485026687920189  9.5  0
-0.64984213130341462  1.7606254503194481  9.5  0
-0.65514617092752048  1.772  9.5  0
-0.66234480009543362  1.7822807078974308  9.5  0
-0.67121929210256914  1.7911551999045663  9.5  0
-0.68149999999999999  1.7983538290724796  9.5  0
-0.69287454968055184  1.8036578686965854  9.5  0
-0.70499733120798103  1.8069061582168791  9.5  0
-0.70499733120798103  1.6650938417831209  9.75  0
-0.69287454968055184  1.6683421313034146  9.75  0
-0.68149999999999999  1.6736461709275203  9.75  0
-0.67121929210256925  1.6808448000954335  9.75  0
-0.66234480009543362  1.6897192921025692  9.75  0
-0.65514617092752048  1.7  9.75  0
-0.64984213130341462  1.7113745496805519  9.75  0
-0.64659384178312107  1.7234973312079811  9.75  0
-0.64550000000000007  1.736  9.75  0
-0.64659384178312107  1.7485026687920189  9.75  0
-0.64984213130341462  1.7606254503194481  9.75  0
-0.65514617092752048  1.772  9.75  0
-0.66234480009543362  1.7822807078974308  9.75  0
-0.67121929210256914  1.7911551999045663  9.75  0
-0.68149999999999999  1.7983538290724796  9.75  0
-0.69287454968055184  1.8036578686965854  9.75  0
-0.70499733120798103  1.8069061582168791  9.75  0
-0.69579397779163377  -1.8571009691265259  9.5  0
-0.67474748208429147  -1.8514615775982386  9.5  0
-0.65500000000000003  -1.8422531754730549  9.5  0
-0.63715154878918256  -1.8297555553898723  9.5  0
-0.62174444461012779  -1.8143484512108174  9.5  0
-0.60924682452694523  -1.7965  9.5  0
-0.60003842240176153  -1.7767525179157087  9.5  0
-0.59439903087347401  -1.7557060222083662  9.5  0
-0.59250000000000003  -1.734  9.5  0
-0.59439903087347401  -1.7122939777916337  9.5  0
-0.60003842240176142  -1.6912474820842913  9.5  0
-0.60924682452694523  -1.6715  9.5  0
-0.62174444461012779  -1.6536515487891825  9.5  0
-0.63715154878918256  -1.6382444446101276  9.5  0
-0.65500000000000003  -1.6257468245269451  9.5  0
-0.67474748208429136  -1.6165384224017614  9.5  0
-0.69579397779163366  -1.6108990308734741  9.5  0
-0.73920602220836629  -1.6108990308734739  9.5  0
-0.76025251791570858  -1.6165384224017614  9.5  0
-0.78000000000000003  -1.6257468245269451  9.5  0
-0.79784845121081749  -1.6382444446101276  9.5  0
-0.81325555538987226  -1.6536515487891825  9.5  0
-0.82575317547305482  -1.6715  9.5  0
-0.83496157759823864  -1.6912474820842913  9.5  0
-0.84060096912652604  -1.7122939777916337  9.5  0
-0.84250000000000003  -1.734  9.5  0
-0.84060096912652604  -1.7557060222083662  9.5  0
-0.83496157759823864  -1.7767525179157084  9.5  0
-0.82575317547305482  -1.7965  9.5  0
-0.81325555538987226  -1.8143484512108174  9.5  0
-0.79784845121081749  -1.8297555553898721  9.5  0
-0.78000000000000003  -1.8422531754730547  9.5  0
-0.76025251791570858  -1.8514615775982386  9.5  0
-0.73920602220836629  -1.8571009691265259  9.5  0
-0.69579397779163377  1.8591009691265259  9.5  0
-0.67474748208429147  1.8534615775982386  9.5  0
-0.65500000000000003  1.8442531754730549  9.5  0
-0.63715154878918256  1.8317555553898723  9.5  0
-0.62174444461012779  1.8163484512108174  9.5  0
-0.60924682452694523  1.7985  9.5  0
-0.60003842240176142  1.7787525179157087  9.5  0
-0.59439903087347401  1.7577060222083662  9.5  0
-0.59250000000000003  1.736  9.5  0
-0.59439903087347401  1.7142939777916337  9.5  0
-0.60003842240176142  1.6932474820842915  9.5  0
-0.60924682452694523  1.6735  9.5  0
-0.62174444461012779  1.6556515487891825  9.5  0
-0.63715154878918256  1.6402444446101279  9.5  0
-0.65500000000000003  1.6277468245269451  9.5  0
-0.67474748208429147  1.6185384224017614  9.5  0
-0.69579397779163377  1.6128990308734741  9.5  0
-0.73920602220836629  1.6128990308734741  9.5  0
-0.76025251791570858  1.6185384224017614  9.5  0
-0.78000000000000003  1.6277468245269451  9.5  0
-0.79784845121081749  1.6402444446101276  9.5  0
-0.81325555538987226  1.6556515487891825  9.5  0
-0.82575317547305482  1.6735  9.5  0
-0.83496157759823852  1.6932474820842913  9.5  0
-0.84060096912652604  1.7142939777916337  9.5  0
-0.84250000000000003  1.736  9.5  0
-0.84060096912652604  1.7577060222083662  9.5  0
-0.83496157759823864  1.7787525179157087  9.5  0
-0.82575317547305482  1.7985  9.5  0
-0.81325555538987226  1.8163484512108174  9.5  0
-0.79784845121081749  1.8317555553898721  9.5  0
-0.78000000000000003  1.8442531754730549  9.5  0
-0.76025251791570869  1.8534615775982386  9.5  0
-0.7392060222083664  1.8591009691265259  9.5  0
0.79749999999999999  -2.4680000000000004  9.75  0
0.87549999999999994  -2.468  9.6565000000000012  0
0.77149999999999996  -2.468  9.5630000000000006  0
0.82350000000000001  -2.468  9.5630000000000006  0
0.87549999999999994  -2.2080000000000002  9.5630000000000006  0
0.87549999999999994  -2.2600000000000002  9.5630000000000006  0
0.87549999999999994  -2.3120000000000003  9.5630000000000006  0
0.87549999999999994  -2.3639999999999999  9.5630000000000006  0
0.87549999999999994  -2.4159999999999999  9.5630000000000006  0
0.82350000000000001  -2.1560000000000001  9.5630000000000006  0
0.77149999999999996  -2.1560000000000001  9.5630000000000006  0
0.73486786372352331  -2.2248445138584194  9.5630000000000006  0
0.74976878268432168  -2.2288372030604471  9.5630000000000006  0
0.76375000000000004  -2.2353567517650772  9.5630000000000006  0
0.7763867034572588  -2.2442050667839704  9.5630000000000006  0
0.78729493321602961  -2.2551132965427412  9.5630000000000006  0
0.79614324823492277  -2.2677499999999999  9.5630000000000006  0
0.80266279693955289  -2.2817312173156781  9.5630000000000006  0
0.80665548614158045  -2.2966321362764766  9.5630000000000006  0
0.80800000000000005  -2.3119999999999998  9.5630000000000006  0
0.80665548614158045  -2.3273678637235231  9.5630000000000006  0
0.80266279693955289  -2.3422687826843216  9.5630000000000006  0
0.79614324823492288  -2.3562499999999997  9.5630000000000006  0
0.78729493321602961  -2.3688867034572585  9.5630000000000006  0
0.7763867034572588  -2.3797949332160293  9.5630000000000006  0
0.76375000000000004  -2.3886432482349225  9.5630000000000006  0
0.74976878268432168  -2.3951627969395526  9.5630000000000006  0
0.73486786372352342  -2.3991554861415803  9.5630000000000006  0
0.70413213627647675  -2.3991554861415803  9.5630000000000006  0
0.68923121731567838  -2.3951627969395526  9.5630000000000006  0
0.67525000000000002  -2.3886432482349225  9.5630000000000006  0
0.66261329654274126  -2.3797949332160293  9.5630000000000006  0
0.65170506678397044  -2.3688867034572585  9.5630000000000006  0
0.64285675176507717  -2.3562499999999997  9.5630000000000006  0
0.63633720306044717  -2.3422687826843216  9.5630000000000006  0
0.63234451385841961  -2.3273678637235231  9.5630000000000006  0
0.63100000000000001  -2.3119999999999998  9.5630000000000006  0
0.63234451385841961  -2.2966321362764766  9.5630000000000006  0
0.63633720306044717  -2.2817312173156781  9.5630000000000006  0
0.64285675176507717  -2.2677499999999999  9.5630000000000006  0
0.65170506678397044  -2.2551132965427412  9.5630000000000006  0
0.66261329654274126  -2.2442050667839704  9.5630000000000006  0
0.67525000000000002  -2.2353567517650772  9.5630000000000006  0
0.68923121731567838  -2.2288372030604471  9.5630000000000006  0
0.70413213627647664  -2.2248445138584194  9.5630000000000006  0
0.79749999999999999  -2.1560000000000001  9.75  0
0.87549999999999994  -2.1560000000000001  9.6565000000000012  0
0.79749999999999999  2.1579999999999999  9.75  0
0.87549999999999994  2.1579999999999999  9.6565000000000012  0
0.82350000000000001  2.1579999999999999  9.5630000000000006  0
0.77149999999999996  2.1579999999999999  9.5630000000000006  0
0.87549999999999994  2.4180000000000001  9.5630000000000006  0
0.87549999999999994  2.3660000000000001  9.5630000000000006  0
0.87549999999999994  2.3140000000000001  9.5630000000000006  0
0.87549999999999994  2.262  9.5630000000000006  0
0.87549999999999994  2.21  9.5630000000000006  0
0.77149999999999996  2.4700000000000011  9.5630000000000006  0
0.82350000000000001  2.4700000000000006  9.5630000000000006  0
0.73486786372352331  2.2268445138584196  9.5630000000000006  0
0.74976878268432168  2.2308372030604473  9.5630000000000006  0
0.76375000000000004  2.2373567517650774  9.5630000000000006  0
0.7763867034572588  2.2462050667839706  9.5630000000000006  0
0.78729493321602961  2.2571132965427414  9.5630000000000006  0
0.79614324823492277  2.2697500000000002  9.5630000000000006  0
0.80266279693955289  2.2837312173156783  9.5630000000000006  0
0.80665548614158045  2.2986321362764768  9.5630000000000006  0
0.80800000000000005  2.3140000000000001  9.5630000000000006  0
0.80665548614158045  2.3293678637235233  9.5630000000000006  0
0.80266279693955289  2.3442687826843218  9.5630000000000006  0
0.79614324823492288  2.35825  9.5630000000000006  0
0.78729493321602961  2.3708867034572587  9.5630000000000006  0
0.7763867034572588  2.3817949332160295  9.5630000000000006  0
0.76375000000000004  2.3906432482349227  9.5630000000000006  0
0.74976878268432168  2.3971627969395528  9.5630000000000006  0
0.73486786372352342  2.4011554861415805  9.5630000000000006  0
0.70413213627647675  2.4011554861415805  9.5630000000000006  0
0.68923121731567838  2.3971627969395528  9.5630000000000006  0
0.67525000000000002  2.3906432482349227  9.5630000000000006  0
0.66261329654274126  2.3817949332160295  9.5630000000000006  0
0.65170506678397044  2.3708867034572587  9.5630000000000006  0
0.64285675176507717  2.35825  9.5630000000000006  0
0.63633720306044717  2.3442687826843218  9.5630000000000006  0
0.63234451385841961  2.3293678637235233  9.5630000000000006  0
0.63100000000000001  2.3140000000000001  9.5630000000000006  0
0.63234451385841961  2.2986321362764768  9.5630000000000006  0
0.63633720306044717  2.2837312173156783  9.5630000000000006  0
0.64285675176507717  2.2697500000000002  9.5630000000000006  0
0.65170506678397044  2.2571132965427414  9.5630000000000006  0
0.66261329654274126  2.2462050667839706  9.5630000000000006  0
0.67525000000000002  2.2373567517650774  9.5630000000000006  0
0.68923121731567838  2.2308372030604473  9.5630000000000006  0
0.70413213627647664  2.2268445138584196  9.5630000000000006  0
0.79749999999999999  2.4700000000000002  9.75  0
0.87549999999999994  2.4700000000000006  9.6565000000000012  0
0.79749999999999999  2.7829999999999999  9.75  0
0.87549999999999994  2.7829999999999999  9.6565000000000012  0
0.82350000000000001  2.7829999999999999  9.5630000000000006  0
0.77149999999999996  2.7829999999999999  9.5630000000000006  0
0.79749999999999999  -2.7810000000000001  9.75  0
0.79749999999999999  -2.7810000000000001  9.5630000000000006  0
0.64149999999999996  3.1259999999999999  9.5630000000000006  0
0.71950000000000003  3.1259999999999999  9.5630000000000006  0
0.79749999999999999  3.1259999999999999  9.5630000000000006  0
0.5635  3.0013333333333332  9.5630000000000006  0
0.5635  3.0636666666666668  9.5630000000000006  0
0.87549999999999994  3.0573999999999999  9.5630000000000006  0
0.87549999999999994  2.9887999999999999  9.5630000000000006  0
0.87549999999999994  2.9201999999999999  9.5630000000000006  0
0.87549999999999994  2.8515999999999999  9.5630000000000006  0
0.73486786372352331  2.8518445138584196  9.5630000000000006  0
0.74976878268432168  2.8558372030604473  9.5630000000000006  0
0.76375000000000004  2.8623567517650774  9.5630000000000006  0
0.7763867034572588  2.8712050667839706  9.5630000000000006  0
0.78729493321602961  2.8821132965427414  9.5630000000000006  0
0.79614324823492277  2.8947500000000002  9.5630000000000006  0
0.80266279693955289  2.9087312173156783  9.5630000000000006  0
0.80665548614158045  2.9236321362764768  9.5630000000000006  0
0.80800000000000005  2.9390000000000001  9.5630000000000006  0
0.80665548614158045  2.9543678637235233  9.5630000000000006  0
0.80266279693955289  2.9692687826843218  9.5630000000000006  0
0.79614324823492288  2.98325  9.5630000000000006  0
0.78729493321602961  2.9958867034572587  9.5630000000000006  0
0.7763867034572588  3.0067949332160295  9.5630000000000006  0
0.76375000000000004  3.0156432482349227  9.5630000000000006  0
0.74976878268432168  3.0221627969395528  9.5630000000000006  0
0.73486786372352342  3.0261554861415805  9.5630000000000006  0
0.70413213627647675  3.0261554861415805  9.5630000000000006  0
0.68923121731567838  3.0221627969395528  9.5630000000000006  0
0.67525000000000002  3.0156432482349227  9.5630000000000006  0
0.66261329654274126  3.0067949332160295  9.5630000000000006  0
0.65170506678397044  2.9958867034572587  9.5630000000000006  0
0.64285675176507717  2.98325  9.5630000000000006  0
0.63633720306044717  2.9692687826843218  9.5630000000000006  0
0.63234451385841961  2.9543678637235233  9.5630000000000006  0
0.63100000000000001  2.9390000000000001  9.5630000000000006  0
0.63234451385841961  2.9236321362764768  9.5630000000000006  0
0.63633720306044717  2.9087312173156783  9.5630000000000006  0
0.64285675176507717  2.8947500000000002  9.5630000000000006  0
0.65170506678397044  2.8821132965427414  9.5630000000000006  0
0.66261329654274126  2.8712050667839706  9.5630000000000006  0
0.67525000000000002  2.8623567517650774  9.5630000000000006  0
0.68923121731567838  2.8558372030604473  9.5630000000000006  0
0.70413213627647664  2.8518445138584196  9.5630000000000006  0
0.5635  3.0324999999999998  9.75  0
-0.5625  3.0324999999999998  9.75  0
-0.5625  3.0013333333333332  9.5630000000000006  0
-0.5625  3.0636666666666668  9.5630000000000006  0
-0.87450000000000006  2.8515999999999999  9.5630000000000006  0
-0.87450000000000006  2.9201999999999999  9.5630000000000006  0
-0.87450000000000006  2.9887999999999999  9.5630000000000006  0
-0.87450000000000006  3.0573999999999999  9.5630000000000006  0
-0.79649999999999999  2.7829999999999999  9.5630000000000006  0
-0.77049999999999996  3.1259999999999999  9.5630000000000006  0
-0.66649999999999998  3.1259999999999999  9.5630000000000006  0
-0.73386786372352331  2.8518445138584196  9.5630000000000006  0
-0.74876878268432168  2.8558372030604473  9.5630000000000006  0
-0.76275000000000004  2.8623567517650774  9.5630000000000006  0
-0.7753867034572588  2.8712050667839706  9.5630000000000006  0
-0.78629493321602961  2.8821132965427414  9.5630000000000006  0
-0.79514324823492277  2.8947500000000002  9.5630000000000006  0
-0.80166279693955289  2.9087312173156783  9.5630000000000006  0
-0.80565548614158045  2.9236321362764768  9.5630000000000006  0
-0.80700000000000005  2.9390000000000001  9.5630000000000006  0
-0.80565548614158045  2.9543678637235233  9.5630000000000006  0
-0.80166279693955289  2.9692687826843218  9.5630000000000006  0
-0.79514324823492288  2.98325  9.5630000000000006  0
-0.78629493321602961  2.9958867034572587  9.5630000000000006  0
-0.7753867034572588  3.0067949332160295  9.5630000000000006  0
-0.76275000000000004  3.0156432482349227  9.5630000000000006  0
-0.74876878268432168  3.0221627969395528  9.5630000000000006  0
-0.73386786372352342  3.0261554861415805  9.5630000000000006  0
-0.70313213627647664  3.0261554861415805  9.5630000000000006  0
-0.68823121731567838  3.0221627969395528  9.5630000000000006  0
-0.67425000000000002  3.0156432482349227  9.5630000000000006  0
-0.66161329654274126  3.0067949332160295  9.5630000000000006  0
-0.65070506678397044  2.9958867034572587  9.5630000000000006  0
-0.64185675176507717  2.98325  9.5630000000000006  0
-0.63533720306044716  2.9692687826843218  9.5630000000000006  0
-0.63134451385841961  2.9543678637235233  9.5630000000000006  0
-0.63  2.9390000000000001  9.5630000000000006  0
-0.63134451385841961  2.9236321362764768  9.5630000000000006  0
-0.63533720306044716  2.9087312173156783  9.5630000000000006  0
-0.64185675176507717  2.8947500000000002  9.5630000000000006  0
-0.65070506678397044  2.8821132965427414  9.5630000000000006  0
-0.66161329654274126  2.8712050667839706  9.5630000000000006  0
-0.67425000000000002  2.8623567517650774  9.5630000000000006  0
-0.68823121731567838  2.8558372030604473  9.5630000000000006  0
-0.70313213627647664  2.8518445138584196  9.5630000000000006  0
-0.77050000000000007  2.7829999999999999  9.75  0
-0.82250000000000001  2.7829999999999999  9.75  0
-0.87450000000000006  2.7829999999999999  9.6565000000000012  0
-0.77050000000000007  2.4700000000000006  9.75  0
-0.82250000000000001  2.4700000000000002  9.75  0
-0.87450000000000006  2.4700000000000002  9.6565000000000012  0
-0.77050000000000007  2.4700000000000002  9.5630000000000006  0
-0.82250000000000001  2.4700000000000002  9.5630000000000006  0
-0.87450000000000006  2.2204000000000002  9.5630000000000006  0
-0.87450000000000006  2.2827999999999999  9.5630000000000006  0
-0.87450000000000006  2.3452000000000002  9.5630000000000006  0
-0.87450000000000006  2.4076  9.5630000000000006  0
-0.82250000000000001  2.1579999999999999  9.5630000000000006  0
-0.77050000000000007  2.1579999999999999  9.5630000000000006  0
-0.73386786372352331  2.2268445138584196  9.5630000000000006  0
-0.74876878268432168  2.2308372030604473  9.5630000000000006  0
-0.76275000000000004  2.2373567517650774  9.5630000000000006  0
-0.7753867034572588  2.2462050667839706  9.5630000000000006  0
-0.78629493321602961  2.2571132965427414  9.5630000000000006  0
-0.79514324823492277  2.2697500000000002  9.5630000000000006  0
-0.80166279693955289  2.2837312173156783  9.5630000000000006  0
-0.80565548614158045  2.2986321362764768  9.5630000000000006  0
-0.80700000000000005  2.3140000000000001  9.5630000000000006  0
-0.80565548614158045  2.3293678637235233  9.5630000000000006  0
-0.80166279693955289  2.3442687826843218  9.5630000000000006  0
-0.79514324823492288  2.35825  9.5630000000000006  0
-0.78629493321602961  2.3708867034572587  9.5630000000000006  0
-0.7753867034572588  2.3817949332160295  9.5630000000000006  0
-0.76275000000000004  2.3906432482349227  9.5630000000000006  0
-0.74876878268432168  2.3971627969395528  9.5630000000000006  0
-0.73386786372352342  2.4011554861415805  9.5630000000000006  0
-0.70313213627647664  2.4011554861415805  9.5630000000000006  0
-0.68823121731567838  2.3971627969395528  9.5630000000000006  0
-0.67425000000000002  2.3906432482349227  9.5630000000000006  0
-0.66161329654274126  2.3817949332160295  9.5630000000000006  0
-0.65070506678397044  2.3708867034572587  9.5630000000000006  0
-0.64185675176507717  2.35825  9.5630000000000006  0
-0.63533720306044716  2.3442687826843218  9.5630000000000006  0
-0.63134451385841961  2.3293678637235233  9.5630000000000006  0
-0.63  2.3140000000000001  9.5630000000000006  0
-0.63134451385841961  2.2986321362764768  9.5630000000000006  0
-0.63533720306044716  2.2837312173156783  9.5630000000000006  0
-0.64185675176507717  2.2697500000000002  9.5630000000000006  0
-0.65070506678397044  2.2571132965427414  9.5630000000000006  0
-0.66161329654274126  2.2462050667839706  9.5630000000000006  0
-0.67425000000000002  2.2373567517650774  9.5630000000000006  0
-0.68823121731567838  2.2308372030604473  9.5630000000000006  0
-0.70313213627647664  2.2268445138584196  9.5630000000000006  0
-0.79649999999999999  2.1579999999999999  9.75  0
-0.87450000000000006  2.1579999999999999  9.6565000000000012  0
-0.79649999999999999  -2.1560000000000001  9.75  0
-0.87450000000000006  -2.1560000000000001  9.6565000000000012  0
-0.82250000000000001  -2.1560000000000001  9.5630000000000006  0
-0.77050000000000007  -2.1560000000000001  9.5630000000000006  0
-0.87450000000000006  -2.4056000000000002  9.5630000000000006  0
-0.87450000000000006  -2.3431999999999999  9.5630000000000006  0
-0.87450000000000006  -2.2808000000000002  9.5630000000000006  0
-0.87450000000000006  -2.2183999999999999  9.5630000000000006  0
-0.77050000000000007  -2.4680000000000009  9.5630000000000006  0
-0.82250000000000001  -2.4680000000000004  9.5630000000000006  0
-0.73386786372352342  -2.2248445138584194  9.5630000000000006  0
-0.74876878268432168  -2.2288372030604471  9.5630000000000006  0
-0.76275000000000004  -2.2353567517650772  9.5630000000000006  0
-0.7753867034572588  -2.2442050667839704  9.5630000000000006  0
-0.78629493321602961  -2.2551132965427412  9.5630000000000006  0
-0.79514324823492288  -2.2677499999999999  9.5630000000000006  0
-0.80166279693955289  -2.2817312173156781  9.5630000000000006  0
-0.80565548614158045  -2.2966321362764766  9.5630000000000006  0
-0.80700000000000005  -2.3119999999999998  9.5630000000000006  0
-0.80565548614158045  -2.3273678637235231  9.5630000000000006  0
-0.80166279693955289  -2.3422687826843216  9.5630000000000006  0
-0.79514324823492288  -2.3562499999999997  9.5630000000000006  0
-0.78629493321602961  -2.3688867034572585  9.5630000000000006  0
-0.7753867034572588  -2.3797949332160293  9.5630000000000006  0
-0.76275000000000004  -2.3886432482349225  9.5630000000000006  0
-0.74876878268432168  -2.3951627969395526  9.5630000000000006  0
-0.73386786372352342  -2.3991554861415803  9.5630000000000006  0
-0.70313213627647675  -2.3991554861415803  9.5630000000000006  0
-0.68823121731567838  -2.3951627969395526  9.5630000000000006  0
-0.67425000000000002  -2.3886432482349225  9.5630000000000006  0
-0.66161329654274126  -2.3797949332160293  9.5630000000000006  0
-0.65070506678397044  -2.3688867034572585  9.5630000000000006  0
-0.64185675176507728  -2.3562499999999997  9.5630000000000006  0
-0.63533720306044716  -2.3422687826843216  9.5630000000000006  0
-0.63134451385841961  -2.3273678637235231  9.5630000000000006  0
-0.63  -2.3119999999999998  9.5630000000000006  0
-0.63134451385841961  -2.2966321362764766  9.5630000000000006  0
-0.63533720306044716  -2.2817312173156781  9.5630000000000006  0
-0.64185675176507717  -2.2677499999999999  9.5630000000000006  0
-0.65070506678397044  -2.2551132965427412  9.5630000000000006  0
-0.66161329654274126  -2.2442050667839704  9.5630000000000006  0
-0.67425000000000002  -2.2353567517650772  9.5630000000000006  0
-0.68823121731567838  -2.2288372030604471  9.5630000000000006  0
-0.70313213627647664  -2.2248445138584194  9.5630000000000006  0
-0.79649999999999999  -2.468  9.75  0
-0.87450000000000006  -2.4680000000000004  9.6565000000000012  0
0.5635  -3.0305  9.75  0
0.5635  -3.1240000000000001  9.6565000000000012  0
0.5635  -2.9993333333333334  9.5630000000000006  0
0.5635  -3.0616666666666665  9.5630000000000006  0
0.87549999999999994  -2.8496000000000001  9.5630000000000006  0
0.87549999999999994  -2.9182000000000001  9.5630000000000006  0
0.87549999999999994  -2.9868000000000001  9.5630000000000006  0
0.87549999999999994  -3.0554000000000001  9.5630000000000006  0
0.79749999999999999  -3.1240000000000001  9.5630000000000006  0
0.71950000000000003  -3.1240000000000001  9.5630000000000006  0
0.64149999999999996  -3.1240000000000001  9.5630000000000006  0
0.73486786372352331  -2.8498445138584194  9.5630000000000006  0
0.74976878268432168  -2.8538372030604471  9.5630000000000006  0
0.76375000000000004  -2.8603567517650772  9.5630000000000006  0
0.7763867034572588  -2.8692050667839704  9.5630000000000006  0
0.78729493321602961  -2.8801132965427412  9.5630000000000006  0
0.79614324823492277  -2.8927499999999999  9.5630000000000006  0
0.80266279693955289  -2.9067312173156781  9.5630000000000006  0
0.80665548614158045  -2.9216321362764766  9.5630000000000006  0
0.80800000000000005  -2.9369999999999998  9.5630000000000006  0
0.80665548614158045  -2.9523678637235231  9.5630000000000006  0
0.80266279693955289  -2.9672687826843216  9.5630000000000006  0
0.79614324823492288  -2.9812499999999997  9.5630000000000006  0
0.78729493321602961  -2.9938867034572585  9.5630000000000006  0
0.7763867034572588  -3.0047949332160293  9.5630000000000006  0
0.76375000000000004  -3.0136432482349225  9.5630000000000006  0
0.74976878268432168  -3.0201627969395526  9.5630000000000006  0
0.73486786372352342  -3.0241554861415803  9.5630000000000006  0
0.70413213627647675  -3.0241554861415803  9.5630000000000006  0
0.68923121731567838  -3.0201627969395526  9.5630000000000006  0
0.67525000000000002  -3.0136432482349225  9.5630000000000006  0
0.66261329654274126  -3.0047949332160293  9.5630000000000006  0
0.65170506678397044  -2.9938867034572585  9.5630000000000006  0
0.64285675176507717  -2.9812499999999997  9.5630000000000006  0
0.63633720306044717  -2.9672687826843216  9.5630000000000006  0
0.63234451385841961  -2.9523678637235231  9.5630000000000006  0
0.63100000000000001  -2.9369999999999998  9.5630000000000006  0
0.63234451385841961  -2.9216321362764766  9.5630000000000006  0
0.63633720306044717  -2.9067312173156781  9.5630000000000006  0
0.64285675176507717  -2.8927499999999999  9.5630000000000006  0
0.65170506678397044  -2.8801132965427412  9.5630000000000006  0
0.66261329654274126  -2.8692050667839704  9.5630000000000006  0
0.67525000000000002  -2.8603567517650772  9.5630000000000006  0
0.68923121731567838  -2.8538372030604471  9.5630000000000006  0
0.70413213627647664  -2.8498445138584194  9.5630000000000006  0
-0.053765055520915726  2.933752422816315  9.75  0
-0.10638129478927147  2.9196539439955962  9.75  0
-0.15574999999999997  2.8966329386826368  9.75  0
-0.20037112802704352  2.8653888884746803  9.75  0
-0.23888888847468062  2.8268711280270433  9.75  0
-0.27013293868263705  2.7822499999999999  9.75  0
-0.29315394399559636  2.7328812947892716  9.75  0
-0.30725242281631499  2.6802650555209158  9.75  0
-0.312  2.6259999999999999  9.75  0
-0.30725242281631499  2.571734944479084  9.75  0
-0.29315394399559641  2.5191187052107282  9.75  0
-0.2701329386826371  2.4697499999999999  9.75  0
-0.23888888847468062  2.4251288719729565  9.75  0
-0.2003711280270436  2.3866111115253195  9.75  0
-0.15574999999999997  2.355367061317363  9.75  0
-0.10638129478927152  2.3323460560044036  9.75  0
-0.053765055520915851  2.3182475771836848  9.75  0
0.054765055520915637  2.3182475771836848  9.75  0
0.10738129478927146  2.3323460560044036  9.75  0
0.15674999999999994  2.355367061317363  9.75  0
0.20137112802704352  2.3866111115253195  9.75  0
0.23988888847468059  2.4251288719729565  9.75  0
0.27113293868263699  2.4697499999999999  9.75  0
0.29415394399559641  2.5191187052107287  9.75  0
0.30825242281631499  2.571734944479084  9.75  0
0.313  2.6259999999999999  9.75  0
0.30825242281631504  2.6802650555209153  9.75  0
0.29415394399559641  2.7328812947892711  9.75  0
0.27113293868263705  2.7822499999999999  9.75  0
0.23988888847468065  2.8268711280270433  9.75  0
0.20137112802704363  2.8653888884746803  9.75  0
0.15675000000000014  2.8966329386826368  9.75  0
0.10738129478927144  2.9196539439955962  9.75  0
0.054765055520915748  2.933752422816315  9.75  0
-0.053765055520915726  -2.316247577183685  9.75  0
-0.10638129478927147  -2.3303460560044038  9.75  0
-0.15574999999999997  -2.3533670613173632  9.75  0
-0.20037112802704352  -2.3846111115253197  9.75  0
-0.23888888847468062  -2.4231288719729567  9.75  0
-0.27013293868263705  -2.4677500000000001  9.75  0
-0.29315394399559636  -2.5171187052107284  9.75  0
-0.30725242281631499  -2.5697349444790842  9.75  0
-0.312  -2.6240000000000001  9.75  0
-0.30725242281631499  -2.678265055520916  9.75  0
-0.29315394399559641  -2.7308812947892718  9.75  0
-0.2701329386826371  -2.7802500000000001  9.75  0
-0.23888888847468062  -2.8248711280270435  9.75  0
-0.2003711280270436  -2.8633888884746805  9.75  0
-0.15574999999999997  -2.894632938682637  9.75  0
-0.10638129478927152  -2.9176539439955964  9.75  0
-0.053765055520915851  -2.9317524228163152  9.75  0
0.054765055520915637  -2.9317524228163152  9.75  0
0.10738129478927146  -2.9176539439955964  9.75  0
0.15674999999999994  -2.894632938682637  9.75  0
0.20137112802704352  -2.8633888884746805  9.75  0
0.23988888847468059  -2.8248711280270435  9.75  0
0.27113293868263699  -2.7802500000000001  9.75  0
0.29415394399559641  -2.7308812947892713  9.75  0
0.30825242281631499  -2.678265055520916  9.75  0
0.313  -2.6240000000000001  9.75  0
0.30825242281631504  -2.5697349444790847  9.75  0
0.29415394399559641  -2.5171187052107289  9.75  0
0.27113293868263705  -2.4677500000000001  9.75  0
0.23988888847468065  -2.4231288719729567  9.75  0
0.20137112802704363  -2.3846111115253197  9.75  0
0.15675000000000014  -2.3533670613173632  9.75  0
0.10738129478927144  -2.3303460560044038  9.75  0
0.054765055520915748  -2.316247577183685  9.75  0
-0.72835301110418316  -2.5624495154367373  9.75  0
-0.73887625895785436  -2.565269211200881  9.75  0
-0.74875000000000003  -2.5698734122634725  9.75  0
-0.75767422560540876  -2.5761222223050639  9.75  0
-0.7653777776949362  -2.5838257743945916  9.75  0
-0.77162658773652748  -2.5927500000000001  9.75  0
-0.77623078879911933  -2.6026237410421458  9.75  0
-0.77905048456326298  -2.6131469888958168  9.75  0
-0.78000000000000003  -2.6240000000000001  9.75  0
-0.77905048456326298  -2.6348530111041835  9.75  0
-0.77623078879911933  -2.6453762589578544  9.75  0
-0.77162658773652748  -2.6552500000000001  9.75  0
-0.7653777776949362  -2.6641742256054086  9.75  0
-0.75767422560540876  -2.6718777776949363  9.75  0
-0.74875000000000003  -2.6781265877365277  9.75  0
-0.73887625895785436  -2.6827307887991192  9.75  0
-0.72835301110418316  -2.685550484563263  9.75  0
-0.7066469888958169  -2.685550484563263  9.75  0
-0.69612374104214569  -2.6827307887991192  9.75  0
-0.68625000000000003  -2.6781265877365277  9.75  0
-0.6773257743945913  -2.6718777776949363  9.75  0
-0.66962222230506385  -2.6641742256054086  9.75  0
-0.66337341226347268  -2.6552500000000001  9.75  0
-0.65876921120088072  -2.6453762589578544  9.75  0
-0.65594951543673707  -2.6348530111041835  9.75  0
-0.65500000000000003  -2.6240000000000001  9.75  0
-0.65594951543673696  -2.6131469888958172  9.75  0
-0.65876921120088072  -2.6026237410421458  9.75  0
-0.66337341226347257  -2.5927500000000001  9.75  0
-0.66962222230506385  -2.5838257743945916  9.75  0
-0.6773257743945913  -2.5761222223050639  9.75  0
-0.68625000000000003  -2.5698734122634725  9.75  0
-0.69612374104214569  -2.565269211200881  9.75  0
-0.7066469888958169  -2.5624495154367373  9.75  0
0.7086469888958169  -2.5624495154367373  9.75  0
0.6981237410421457  -2.565269211200881  9.75  0
0.68825000000000003  -2.5698734122634725  9.75  0
0.6793257743945913  -2.5761222223050639  9.75  0
0.67162222230506385  -2.5838257743945916  9.75  0
0.66537341226347257  -2.5927500000000001  9.75  0
0.66076921120088072  -2.6026237410421458  9.75  0
0.65794951543673708  -2.6131469888958168  9.75  0
0.65700000000000003  -2.6240000000000001  9.75  0
0.65794951543673708  -2.6348530111041835  9.75  0
0.66076921120088072  -2.6453762589578544  9.75  0
0.66537341226347257  -2.6552500000000001  9.75  0
0.67162222230506385  -2.6641742256054086  9.75  0
0.6793257743945913  -2.6718777776949363  9.75  0
0.68825000000000003  -2.6781265877365277  9.75  0
0.6981237410421457  -2.6827307887991192  9.75  0
0.7086469888958169  -2.685550484563263  9.75  0
0.73035301110418316  -2.685550484563263  9.75  0
0.74087625895785436  -2.6827307887991192  9.75  0
0.75075000000000003  -2.6781265877365277  9.75  0
0.75967422560540876  -2.6718777776949363  9.75  0
0.7673777776949362  -2.6641742256054086  9.75  0
0.77362658773652737  -2.6552500000000001  9.75  0
0.77823078879911933  -2.6453762589578544  9.75  0
0.78105048456326298  -2.6348530111041835  9.75  0
0.78200000000000003  -2.6240000000000001  9.75  0
0.78105048456326309  -2.6131469888958172  9.75  0
0.77823078879911933  -2.6026237410421458  9.75  0
0.77362658773652748  -2.5927500000000001  9.75  0
0.7673777776949362  -2.5838257743945916  9.75  0
0.75967422560540876  -2.5761222223050639  9.75  0
0.75075000000000003  -2.5698734122634725  9.75  0
0.74087625895785436  -2.565269211200881  9.75  0
0.73035301110418316  -2.5624495154367373  9.75  0
0.7086469888958169  2.6875504845632627  9.75  0
0.6981237410421457  2.684730788799119  9.75  0
0.68825000000000003  2.6801265877365275  9.75  0
0.6793257743945913  2.6738777776949361  9.75  0
0.67162222230506385  2.6661742256054084  9.75  0
0.66537341226347257  2.6572499999999999  9.75  0
0.66076921120088072  2.6473762589578542  9.75  0
0.65794951543673708  2.6368530111041832  9.75  0
0.65700000000000003  2.6259999999999999  9.75  0
0.65794951543673708  2.6151469888958165  9.75  0
0.66076921120088072  2.6046237410421456  9.75  0
0.66537341226347257  2.5947499999999999  9.75  0
0.67162222230506385  2.5858257743945914  9.75  0
0.6793257743945913  2.5781222223050637  9.75  0
0.68825000000000003  2.5718734122634723  9.75  0
0.6981237410421457  2.5672692112008808  9.75  0
0.7086469888958169  2.564449515436737  9.75  0
0.73035301110418316  2.564449515436737  9.75  0
0.74087625895785436  2.5672692112008808  9.75  0
0.75075000000000003  2.5718734122634723  9.75  0
0.75967422560540876  2.5781222223050637  9.75  0
0.7673777776949362  2.5858257743945914  9.75  0
0.77362658773652737  2.5947499999999999  9.75  0
0.77823078879911933  2.6046237410421456  9.75  0
0.78105048456326298  2.6151469888958165  9.75  0
0.78200000000000003  2.6259999999999999  9.75  0
0.78105048456326309  2.6368530111041828  9.75  0
0.77823078879911933  2.6473762589578542  9.75  0
0.77362658773652748  2.6572499999999999  9.75  0
0.7673777776949362  2.6661742256054084  9.75  0
0.75967422560540876  2.6738777776949361  9.75  0
0.75075000000000003  2.6801265877365275  9.75  0
0.74087625895785436  2.684730788799119  9.75  0
0.73035301110418316  2.6875504845632627  9.75  0
-0.72835301110418316  2.6875504845632627  9.75  0
-0.73887625895785436  2.684730788799119  9.75  0
-0.74875000000000003  2.6801265877365275  9.75  0
-0.75767422560540876  2.6738777776949361  9.75  0
-0.7653777776949362  2.6661742256054084  9.75  0
-0.77162658773652748  2.6572499999999999  9.75  0
-0.77623078879911933  2.6473762589578542  9.75  0
-0.77905048456326298  2.6368530111041832  9.75  0
-0.78000000000000003  2.6259999999999999  9.75  0
-0.77905048456326298  2.6151469888958165  9.75  0
-0.77623078879911933  2.6046237410421456  9.75  0
-0.77162658773652748  2.5947499999999999  9.75  0
-0.7653777776949362  2.5858257743945914  9.75  0
-0.75767422560540876  2.5781222223050637  9.75  0
-0.74875000000000003  2.5718734122634723  9.75  0
-0.73887625895785436  2.5672692112008808  9.75  0
-0.72835301110418316  2.564449515436737  9.75  0
-0.7066469888958169  2.564449515436737  9.75  0
-0.69612374104214569  2.5672692112008808  9.75  0
-0.68625000000000003  2.5718734122634723  9.75  0
-0.6773257743945913  2.5781222223050637  9.75  0
-0.66962222230506385  2.5858257743945914  9.75  0
-0.66337341226347268  2.5947499999999999  9.75  0
-0.65876921120088072  2.6046237410421456  9.75  0
-0.65594951543673707  2.6151469888958165  9.75  0
-0.65500000000000003  2.6259999999999999  9.75  0
-0.65594951543673696  2.6368530111041828  9.75  0
-0.65876921120088072  2.6473762589578542  9.75  0
-0.66337341226347257  2.6572499999999999  9.75  0
-0.66962222230506385  2.6661742256054084  9.75  0
-0.6773257743945913  2.6738777776949361  9.75  0
-0.68625000000000003  2.6801265877365275  9.75  0
-0.69612374104214569  2.684730788799119  9.75  0
-0.7066469888958169  2.6875504845632627  9.75  0
0.70777874800748219  1.8024745233283239  9.75  0
0.69641364032551734  1.7994292519030488  9.75  0
0.68575000000000008  1.7944567147554495  9.75  0
0.67611183634615868  1.787707999910531  9.75  0
0.66779200008946904  1.7793881636538413  9.75  0
0.66104328524455047  1.7697499999999999  9.75  0
0.65607074809695121  1.7590863596744826  9.75  0
0.65302547667167599  1.7477212519925178  9.75  0
0.65200000000000002  1.736  9.75  0
0.65302547667167599  1.7242787480074822  9.75  0
0.65607074809695121  1.7129136403255174  9.75  0
0.66104328524455036  1.70225  9.75  0
0.66779200008946904  1.6926118363461586  9.75  0
0.67611183634615857  1.684292000089469  9.75  0
0.68575000000000008  1.6775432852445504  9.75  0
0.69641364032551734  1.6725707480969512  9.75  0
0.70777874800748219  1.6695254766716761  9.75  0
0.73122125199251786  1.6695254766716758  9.75  0
0.74258635967448261  1.6725707480969512  9.75  0
0.75324999999999998  1.6775432852445504  9.75  0
0.76288816365384138  1.684292000089469  9.75  0
0.77120799991053102  1.6926118363461586  9.75  0
0.77795671475544959  1.70225  9.75  0
0.78292925190304885  1.7129136403255174  9.75  0
0.78597452332832407  1.7242787480074822  9.75  0
0.78700000000000003  1.736  9.75  0
0.78597452332832407  1.7477212519925178  9.75  0
0.78292925190304885  1.7590863596744826  9.75  0
0.77795671475544959  1.7697499999999999  9.75  0
0.77120799991053102  1.7793881636538413  9.75  0
0.76288816365384149  1.787707999910531  9.75  0
0.75325000000000009  1.7944567147554495  9.75  0
0.74258635967448261  1.7994292519030488  9.75  0
0.73122125199251786  1.8024745233283239  9.75  0
0.70777874800748219  -1.6665254766716759  9.75  0
0.69641364032551734  -1.6695707480969513  9.75  0
0.68575000000000008  -1.6745432852445505  9.75  0
0.67611183634615868  -1.6812920000894691  9.75  0
0.66779200008946904  -1.6896118363461587  9.75  0
0.66104328524455047  -1.6992500000000001  9.75  0
0.65607074809695121  -1.7099136403255175  9.75  0
0.65302547667167599  -1.7212787480074823  9.75  0
0.65200000000000002  -1.7330000000000001  9.75  0
0.65302547667167599  -1.7447212519925179  9.75  0
0.65607074809695121  -1.7560863596744827  9.75  0
0.66104328524455036  -1.76675  9.75  0
0.66779200008946904  -1.7763881636538414  9.75  0
0.67611183634615857  -1.7847079999105311  9.75  0
0.68575000000000008  -1.7914567147554497  9.75  0
0.69641364032551734  -1.7964292519030489  9.75  0
0.70777874800748219  -1.7994745233283242  9.75  0
0.73122125199251786  -1.7994745233283242  9.75  0
0.74258635967448261  -1.7964292519030489  9.75  0
0.75324999999999998  -1.7914567147554497  9.75  0
0.76288816365384138  -1.7847079999105311  9.75  0
0.77120799991053102  -1.7763881636538414  9.75  0
0.77795671475544959  -1.76675  9.75  0
0.78292925190304885  -1.7560863596744827  9.75  0
0.78597452332832407  -1.7447212519925179  9.75  0
0.78700000000000003  -1.7330000000000001  9.75  0
0.78597452332832407  -1.7212787480074823  9.75  0
0.78292925190304885  -1.7099136403255175  9.75  0
0.77795671475544959  -1.6992500000000001  9.75  0
0.77120799991053102  -1.6896118363461587  9.75  0
0.76288816365384149  -1.6812920000894691  9.75  0
0.75325000000000009  -1.6745432852445505  9.75  0
0.74258635967448261  -1.6695707480969513  9.75  0
0.73122125199251786  -1.6665254766716759  9.75  0
-0.5625  -3.0305  9.75  0
0.42274999999999996  -3.1240000000000001  9.75  0
0.28199999999999992  -3.1240000000000001  9.75  0
0.14124999999999988  -3.1240000000000001  9.75  0
0.00049999999999994493  -3.1240000000000001  9.75  0
-0.14025000000000004  -3.1240000000000001  9.75  0
-0.28100000000000003  -3.1240000000000001  9.75  0
-0.42175000000000001  -3.1240000000000001  9.75  0
0.87549999999999994  -2.5462500000000001  9.75  0
0.87549999999999994  -2.6245000000000003  9.75  0
0.87549999999999994  -2.70275  9.75  0
0.87549999999999994  2.0188387096774192  9.75  0
0.87549999999999994  1.8796774193548385  9.75  0
0.87549999999999994  1.7405161290322582  9.75  0
0.87549999999999994  1.6013548387096774  9.75  0
0.87549999999999994  1.4621935483870967  9.75  0
0.87549999999999994  1.323032258064516  9.75  0
0.87549999999999994  1.1838709677419352  9.75  0
0.87549999999999994  1.0447096774193549  9.75  0
0.87549999999999994  0.90554838709677421  9.75  0
0.87549999999999994  0.76638709677419348  9.75  0
0.87549999999999994  0.62722580645161274  9.75  0
0.87549999999999994  0.48806451612903201  9.75  0
0.87549999999999994  0.34890322580645128  9.75  0
0.87549999999999994  0.20974193548387099  9.75  0
0.87549999999999994  0.070580645161290256  9.75  0
0.87549999999999994  -0.068580645161290477  9.75  0
0.87549999999999994  -0.20774193548387121  9.75  0
0.87549999999999994  -0.34690322580645172  9.75  0
0.87549999999999994  -0.48606451612903245  9.75  0
0.87549999999999994  -0.62522580645161296  9.75  0
0.87549999999999994  -0.7643870967741937  9.75  0
0.87549999999999994  -0.90354838709677443  9.75  0
0.87549999999999994  -1.0427096774193549  9.75  0
0.87549999999999994  -1.1818709677419357  9.75  0
0.87549999999999994  -1.3210322580645162  9.75  0
0.87549999999999994  -1.4601935483870969  9.75  0
0.87549999999999994  -1.5993548387096777  9.75  0
0.87549999999999994  -1.7385161290322584  9.75  0
0.87549999999999994  -1.8776774193548389  9.75  0
0.87549999999999994  -2.0168387096774194  9.75  0
0.87549999999999994  2.6786666666666665  9.75  0
0.87549999999999994  2.5743333333333336  9.75  0
-0.40164285714285708  3.1259999999999999  9.75  0
-0.24078571428571427  3.1259999999999999  9.75  0
-0.079928571428571349  3.1259999999999999  9.75  0
0.080928571428571461  3.1259999999999999  9.75  0
0.24178571428571427  3.1259999999999999  9.75  0
0.40264285714285714  3.1259999999999999  9.75  0
-0.87450000000000006  2.5326  9.75  0
-0.87450000000000006  2.5952000000000002  9.75  0
-0.87450000000000006  2.6577999999999999  9.75  0
-0.87450000000000006  2.7204000000000002  9.75  0
-0.87450000000000006  -2.0327428571428574  9.75  0
-0.87450000000000006  -1.9094857142857147  9.75  0
-0.87450000000000006  -1.7862285714285715  9.75  0
-0.87450000000000006  -1.6629714285714288  9.75  0
-0.87450000000000006  -1.539714285714286  9.75  0
-0.87450000000000006  -1.4164571428571429  9.75  0
-0.87450000000000006  -1.2932000000000001  9.75  0
-0.87450000000000006  -1.1699428571428574  9.75  0
-0.87450000000000006  -1.0466857142857142  9.75  0
-0.87450000000000006  -0.92342857142857149  9.75  0
-0.87450000000000006  -0.80017142857142876  9.75  0
-0.87450000000000006  -0.67691428571428602  9.75  0
-0.87450000000000006  -0.55365714285714285  9.75  0
-0.87450000000000006  -0.43040000000000012  9.75  0
-0.87450000000000006  -0.30714285714285738  9.75  0
-0.87450000000000006  -0.18388571428571465  9.75  0
-0.87450000000000006  -0.060628571428571476  9.75  0
-0.87450000000000006  0.062628571428571256  9.75  0
-0.87450000000000006  0.18588571428571421  9.75  0
-0.87450000000000006  0.30914285714285694  9.75  0
-0.87450000000000006  0.4323999999999999  9.75  0
-0.87450000000000006  0.55565714285714263  9.75  0
-0.87450000000000006  0.67891428571428558  9.75  0
-0.87450000000000006  0.80217142857142854  9.75  0
-0.87450000000000006  0.92542857142857127  9.75  0
-0.87450000000000006  1.0486857142857142  9.75  0
-0.87450000000000006  1.171942857142857  9.75  0
-0.87450000000000006  1.2951999999999999  9.75  0
-0.87450000000000006  1.4184571428571426  9.75  0
-0.87450000000000006  1.5417142857142856  9.75  0
-0.87450000000000006  1.6649714285714285  9.75  0
-0.87450000000000006  1.7882285714285713  9.75  0
-0.87450000000000006  1.911485714285714  9.75  0
-0.87450000000000006  2.0347428571428572  9.75  0
-0.87450000000000006  -2.70275  9.75  0
-0.87450000000000006  -2.6245000000000003  9.75  0
-0.87450000000000006  -2.5462500000000001  9.75  0
-0.77050000000000007  -2.7810000000000001  9.75  0
-0.82250000000000001  -2.7810000000000001  9.75  0
-0.69141088428395892  -2.7833699905300953  9.75  0
-0.6651448576411958  -2.7904079511573983  9.75  0
-0.64050000000000007  -2.8019000370096272  9.75  0
-0.61822513288889991  -2.8174970668734391  9.75  0
-0.59899706687343945  -2.8367251328888998  9.75  0
-0.58340003700962761  -2.859  9.75  0
-0.57190795115739834  -2.8836448576411957  9.75  0
-0.56486999053009557  -2.9099108842839585  9.75  0
-0.79649999999999999  -2.7810000000000001  9.5630000000000006  0
-0.71850000000000003  -2.7810000000000001  9.6565000000000012  0
-0.5625  -2.9369999999999998  9.6565000000000012  0
-0.69141088428395892  -2.7833699905300953  9.5630000000000006  0
-0.6651448576411958  -2.7904079511573983  9.5630000000000006  0
-0.64050000000000007  -2.8019000370096272  9.5630000000000006  0
-0.61822513288889991  -2.8174970668734391  9.5630000000000006  0
-0.59899706687343945  -2.8367251328888998  9.5630000000000006  0
-0.58340003700962761  -2.859  9.5630000000000006  0
-0.57190795115739834  -2.8836448576411957  9.5630000000000006  0
-0.56486999053009557  -2.9099108842839585  9.5630000000000006  0
-0.5625  -2.9993333333333334  9.5630000000000006  0
-0.5625  -3.0616666666666665  9.5630000000000006  0
-0.5625  -3.1240000000000001  9.6565000000000012  0
-0.71850000000000003  -2.4005000000000001  9.516  0
-0.71850000000000003  -2.4005000000000001  9.4690000000000012  0
-0.71850000000000003  -2.4005000000000001  9.4220000000000006  0
-0.70313213627647664  -2.3991554861415803  9.375  0
-0.68823121731567838  -2.3951627969395526  9.375  0
-0.67425000000000002  -2.3886432482349225  9.375  0
-0.66161329654274126  -2.3797949332160293  9.375  0
-0.65070506678397044  -2.3688867034572585  9.375  0
-0.64185675176507717  -2.3562499999999997  9.375  0
-0.63533720306044716  -2.3422687826843216  9.375  0
-0.63134451385841961  -2.3273678637235231  9.375  0
-0.63  -2.3119999999999998  9.375  0
-0.63134451385841961  -2.2966321362764766  9.375  0
-0.63533720306044716  -2.2817312173156781  9.375  0
-0.64185675176507717  -2.2677499999999999  9.375  0
-0.65070506678397044  -2.2551132965427412  9.375  0
-0.66161329654274126  -2.2442050667839704  9.375  0
-0.67425000000000002  -2.2353567517650772  9.375  0
-0.68823121731567838  -2.2288372030604471  9.375  0
-0.70313213627647664  -2.2248445138584194  9.375  0
-0.71850000000000003  -2.2235  9.4220000000000006  0
-0.71850000000000003  -2.2235  9.4690000000000012  0
-0.71850000000000003  -2.2235  9.516  0
-0.73386786372352331  -2.2248445138584194  9.375  0
-0.74876878268432168  -2.2288372030604471  9.375  0
-0.76275000000000004  -2.2353567517650772  9.375  0
-0.7753867034572588  -2.2442050667839704  9.375  0
-0.78629493321602961  -2.2551132965427412  9.375  0
-0.79514324823492277  -2.2677499999999999  9.375  0
-0.80166279693955289  -2.2817312173156781  9.375  0
-0.80565548614158045  -2.2966321362764766  9.375  0
-0.80700000000000005  -2.3119999999999998  9.375  0
-0.80565548614158045  -2.3273678637235231  9.375  0
-0.80166279693955289  -2.3422687826843216  9.375  0
-0.79514324823492288  -2.3562499999999997  9.375  0
-0.78629493321602961  -2.3688867034572585  9.375  0
-0.7753867034572588  -2.3797949332160293  9.375  0
-0.76275000000000004  -2.3886432482349225  9.375  0
-0.74876878268432168  -2.3951627969395526  9.375  0
-0.73386786372352342  -2.3991554861415803  9.375  0
0.70413213627647675  -2.3991554861415803  9.375  0
0.68923121731567838  -2.3951627969395526  9.375  0
0.67525000000000002  -2.3886432482349225  9.375  0
0.66261329654274126  -2.3797949332160293  9.375  0
0.65170506678397044  -2.3688867034572585  9.375  0
0.64285675176507728  -2.3562499999999997  9.375  0
0.63633720306044717  -2.3422687826843216  9.375  0
0.63234451385841961  -2.3273678637235231  9.375  0
0.63100000000000001  -2.3119999999999998  9.375  0
0.63234451385841961  -2.2966321362764766  9.375  0
0.63633720306044717  -2.2817312173156781  9.375  0
0.64285675176507717  -2.2677499999999999  9.375  0
0.65170506678397044  -2.2551132965427412  9.375  0
0.66261329654274126  -2.2442050667839704  9.375  0
0.67525000000000002  -2.2353567517650772  9.375  0
0.68923121731567838  -2.2288372030604471  9.375  0
0.70413213627647664  -2.2248445138584194  9.375  0
0.71950000000000003  -2.4005000000000001  9.4220000000000006  0
0.71950000000000003  -2.4005000000000001  9.4690000000000012  0
0.71950000000000003  -2.4005000000000001  9.516  0
0.71950000000000003  -2.2235  9.516  0
0.71950000000000003  -2.2235  9.4690000000000012  0
0.71950000000000003  -2.2235  9.4220000000000006  0
0.73486786372352331  -2.2248445138584194  9.375  0
0.74976878268432168  -2.2288372030604471  9.375  0
0.76375000000000004  -2.2353567517650772  9.375  0
0.7763867034572588  -2.2442050667839704  9.375  0
0.78729493321602961  -2.2551132965427412  9.375  0
0.79614324823492288  -2.2677499999999999  9.375  0
0.80266279693955289  -2.2817312173156781  9.375  0
0.80665548614158045  -2.2966321362764766  9.375  0
0.80800000000000005  -2.3119999999999998  9.375  0
0.80665548614158045  -2.3273678637235231  9.375  0
0.80266279693955289  -2.3422687826843216  9.375  0
0.79614324823492288  -2.3562499999999997  9.375  0
0.78729493321602961  -2.3688867034572585  9.375  0
0.7763867034572588  -2.3797949332160293  9.375  0
0.76375000000000004  -2.3886432482349225  9.375  0
0.74976878268432168  -2.3951627969395526  9.375  0
0.73486786372352342  -2.3991554861415803  9.375  0
0.70413213627647675  -3.0241554861415803  9.375  0
0.68923121731567838  -3.0201627969395526  9.375  0
0.67525000000000002  -3.0136432482349225  9.375  0
0.66261329654274126  -3.0047949332160293  9.375  0
0.65170506678397044  -2.9938867034572585  9.375  0
0.64285675176507728  -2.9812499999999997  9.375  0
0.63633720306044717  -2.9672687826843216  9.375  0
0.63234451385841961  -2.9523678637235231  9.375  0
0.63100000000000001  -2.9369999999999998  9.375  0
0.63234451385841961  -2.9216321362764766  9.375  0
0.63633720306044717  -2.9067312173156781  9.375  0
0.64285675176507717  -2.8927499999999999  9.375  0
0.65170506678397044  -2.8801132965427412  9.375  0
0.66261329654274126  -2.8692050667839704  9.375  0
0.67525000000000002  -2.8603567517650772  9.375  0
0.68923121731567838  -2.8538372030604471  9.375  0
0.70413213627647664  -2.8498445138584194  9.375  0
0.71950000000000003  -3.0255000000000001  9.4220000000000006  0
0.71950000000000003  -3.0255000000000001  9.4690000000000012  0
0.71950000000000003  -3.0255000000000001  9.516  0
0.71950000000000003  -2.8485  9.516  0
0.71950000000000003  -2.8485  9.4690000000000012  0
0.71950000000000003  -2.8485  9.4220000000000006  0
0.73486786372352331  -2.8498445138584194  9.375  0
0.74976878268432168  -2.8538372030604471  9.375  0
0.76375000000000004  -2.8603567517650772  9.375  0
0.7763867034572588  -2.8692050667839704  9.375  0
0.78729493321602961  -2.8801132965427412  9.375  0
0.79614324823492288  -2.8927499999999999  9.375  0
0.80266279693955289  -2.9067312173156781  9.375  0
0.80665548614158045  -2.9216321362764766  9.375  0
0.80800000000000005  -2.9369999999999998  9.375  0
0.80665548614158045  -2.9523678637235231  9.375  0
0.80266279693955289  -2.9672687826843216  9.375  0
0.79614324823492288  -2.9812499999999997  9.375  0
0.78729493321602961  -2.9938867034572585  9.375  0
0.7763867034572588  -3.0047949332160293  9.375  0
0.76375000000000004  -3.0136432482349225  9.375  0
0.74976878268432168  -3.0201627969395526  9.375  0
0.73486786372352342  -3.0241554861415803  9.375  0
-0.70313213627647675  3.0261554861415805  9.375  0
-0.68823121731567838  3.0221627969395528  9.375  0
-0.67425000000000002  3.0156432482349227  9.375  0
-0.66161329654274126  3.0067949332160295  9.375  0
-0.65070506678397044  2.9958867034572587  9.375  0
-0.64185675176507728  2.98325  9.375  0
-0.63533720306044716  2.9692687826843218  9.375  0
-0.63134451385841961  2.9543678637235233  9.375  0
-0.63  2.9390000000000001  9.375  0
-0.63134451385841961  2.9236321362764768  9.375  0
-0.63533720306044716  2.9087312173156783  9.375  0
-0.64185675176507717  2.8947500000000002  9.375  0
-0.65070506678397044  2.8821132965427414  9.375  0
-0.66161329654274126  2.8712050667839706  9.375  0
-0.67425000000000002  2.8623567517650774  9.375  0
-0.68823121731567838  2.8558372030604473  9.375  0
-0.70313213627647664  2.8518445138584196  9.375  0
-0.71850000000000003  3.0274999999999999  9.4220000000000006  0
-0.71850000000000003  3.0274999999999999  9.4690000000000012  0
-0.71850000000000003  3.0274999999999999  9.516  0
-0.71850000000000003  2.8504999999999998  9.516  0
-0.71850000000000003  2.8504999999999998  9.4690000000000012  0
-0.71850000000000003  2.8504999999999998  9.4220000000000006  0
-0.73386786372352342  2.8518445138584196  9.375  0
-0.74876878268432168  2.8558372030604473  9.375  0
-0.76275000000000004  2.8623567517650774  9.375  0
-0.7753867034572588  2.8712050667839706  9.375  0
-0.78629493321602961  2.8821132965427414  9.375  0
-0.79514324823492288  2.8947500000000002  9.375  0
-0.80166279693955289  2.9087312173156783  9.375  0
-0.80565548614158045  2.9236321362764768  9.375  0
-0.80700000000000005  2.9390000000000001  9.375  0
-0.80565548614158045  2.9543678637235233  9.375  0
-0.80166279693955289  2.9692687826843218  9.375  0
-0.79514324823492288  2.98325  9.375  0
-0.78629493321602961  2.9958867034572587  9.375  0
-0.7753867034572588  3.0067949332160295  9.375  0
-0.76275000000000004  3.0156432482349227  9.375  0
-0.74876878268432168  3.0221627969395528  9.375  0
-0.73386786372352342  3.0261554861415805  9.375  0
-0.70313213627647675  2.4011554861415805  9.375  0
-0.68823121731567838  2.3971627969395528  9.375  0
-0.67425000000000002  2.3906432482349227  9.375  0
-0.66161329654274126  2.3817949332160295  9.375  0
-0.65070506678397044  2.3708867034572587  9.375  0
-0.64185675176507728  2.35825  9.375  0
-0.63533720306044716  2.3442687826843218  9.375  0
-0.63134451385841961  2.3293678637235233  9.375  0
-0.63  2.3140000000000001  9.375  0
-0.63134451385841961  2.2986321362764768  9.375  0
-0.63533720306044716  2.2837312173156783  9.375  0
-0.64185675176507717  2.2697500000000002  9.375  0
-0.65070506678397044  2.2571132965427414  9.375  0
-0.66161329654274126  2.2462050667839706  9.375  0
-0.67425000000000002  2.2373567517650774  9.375  0
-0.68823121731567838  2.2308372030604473  9.375  0
-0.70313213627647664  2.2268445138584196  9.375  0
-0.71850000000000003  2.4024999999999999  9.4220000000000006  0
-0.71850000000000003  2.4024999999999999  9.4690000000000012  0
-0.71850000000000003  2.4024999999999999  9.516  0
-0.71850000000000003  2.2254999999999998  9.516  0
-0.71850000000000003  2.2254999999999998  9.4690000000000012  0
-0.71850000000000003  2.2254999999999998  9.4220000000000006  0
-0.73386786372352342  2.2268445138584196  9.375  0
-0.74876878268432168  2.2308372030604473  9.375  0
-0.76275000000000004  2.2373567517650774  9.375  0
-0.7753867034572588  2.2462050667839706  9.375  0
-0.78629493321602961  2.2571132965427414  9.375  0
-0.79514324823492288  2.2697500000000002  9.375  0
-0.80166279693955289  2.2837312173156783  9.375  0
-0.80565548614158045  2.2986321362764768  9.375  0
-0.80700000000000005  2.3140000000000001  9.375  0
-0.80565548614158045  2.3293678637235233  9.375  0
-0.80166279693955289  2.3442687826843218  9.375  0
-0.79514324823492288  2.35825  9.375  0
-0.78629493321602961  2.3708867034572587  9.375  0
-0.7753867034572588  2.3817949332160295  9.375  0
-0.76275000000000004  2.3906432482349227  9.375  0
-0.74876878268432168  2.3971627969395528  9.375  0
-0.73386786372352342  2.4011554861415805  9.375  0
0.71950000000000003  2.4024999999999999  9.516  0
0.71950000000000003  2.4024999999999999  9.4690000000000012  0
0.71950000000000003  2.4024999999999999  9.4220000000000006  0
0.70413213627647675  2.4011554861415805  9.375  0
0.68923121731567838  2.3971627969395528  9.375  0
0.67525000000000002  2.3906432482349227  9.375  0
0.66261329654274126  2.3817949332160295  9.375  0
0.65170506678397044  2.3708867034572587  9.375  0
0.64285675176507717  2.35825  9.375  0
0.63633720306044717  2.3442687826843218  9.375  0
0.63234451385841961  2.3293678637235233  9.375  0
0.63100000000000001  2.3140000000000001  9.375  0
0.63234451385841961  2.2986321362764768  9.375  0
0.63633720306044717  2.2837312173156783  9.375  0
0.64285675176507717  2.2697500000000002  9.375  0
0.65170506678397044  2.2571132965427414  9.375  0
0.66261329654274126  2.2462050667839706  9.375  0
0.67525000000000002  2.2373567517650774  9.375  0
0.68923121731567838  2.2308372030604473  9.375  0
0.70413213627647664  2.2268445138584196  9.375  0
0.71950000000000003  2.2254999999999998  9.4220000000000006  0
0.71950000000000003  2.2254999999999998  9.4690000000000012  0
0.71950000000000003  2.2254999999999998  9.516  0
0.73486786372352331  2.2268445138584196  9.375  0
0.74976878268432168  2.2308372030604473  9.375  0
0.76375000000000004  2.2373567517650774  9.375  0
0.7763867034572588  2.2462050667839706  9.375  0
0.78729493321602961  2.2571132965427414  9.375  0
0.79614324823492277  2.2697500000000002  9.375  0
0.80266279693955289  2.2837312173156783  9.375  0
0.80665548614158045  2.2986321362764768  9.375  0
0.80800000000000005  2.3140000000000001  9.375  0
0.80665548614158045  2.3293678637235233  9.375  0
0.80266279693955289  2.3442687826843218  9.375  0
0.79614324823492288  2.35825  9.375  0
0.78729493321602961  2.3708867034572587  9.375  0
0.7763867034572588  2.3817949332160295  9.375  0
0.76375000000000004  2.3906432482349227  9.375  0
0.74976878268432168  2.3971627969395528  9.375  0
0.73486786372352342  2.4011554861415805  9.375  0
0.71950000000000003  3.0274999999999999  9.516  0
0.71950000000000003  3.0274999999999999  9.4690000000000012  0
0.71950000000000003  3.0274999999999999  9.4220000000000006  0
0.70413213627647675  3.0261554861415805  9.375  0
0.68923121731567838  3.0221627969395528  9.375  0
0.67525000000000002  3.0156432482349227  9.375  0
0.66261329654274126  3.0067949332160295  9.375  0
0.65170506678397044  2.9958867034572587  9.375  0
0.64285675176507717  2.98325  9.375  0
0.63633720306044717  2.9692687826843218  9.375  0
0.63234451385841961  2.9543678637235233  9.375  0
0.63100000000000001  2.9390000000000001  9.375  0
0.63234451385841961  2.9236321362764768  9.375  0
0.63633720306044717  2.9087312173156783  9.375  0
0.64285675176507717  2.8947500000000002  9.375  0
0.65170506678397044  2.8821132965427414  9.375  0
0.66261329654274126  2.8712050667839706  9.375  0
0.67525000000000002  2.8623567517650774  9.375  0
0.68923121731567838  2.8558372030604473  9.375  0
0.70413213627647664  2.8518445138584196  9.375  0
0.71950000000000003  2.8504999999999998  9.4220000000000006  0
0.71950000000000003  2.8504999999999998  9.4690000000000012  0
0.71950000000000003  2.8504999999999998  9.516  0
0.73486786372352331  2.8518445138584196  9.375  0
0.74976878268432168  2.8558372030604473  9.375  0
0.76375000000000004  2.8623567517650774  9.375  0
0.7763867034572588  2.8712050667839706  9.375  0
0.78729493321602961  2.8821132965427414  9.375  0
0.79614324823492277  2.8947500000000002  9.375  0
0.80266279693955289  2.9087312173156783  9.375  0
0.80665548614158045  2.9236321362764768  9.375  0
0.80800000000000005  2.9390000000000001  9.375  0
0.80665548614158045  2.9543678637235233  9.375  0
0.80266279693955289  2.9692687826843218  9.375  0
0.79614324823492288  2.98325  9.375  0
0.78729493321602961  2.9958867034572587  9.375  0
0.7763867034572588  3.0067949332160295  9.375  0
0.76375000000000004  3.0156432482349227  9.375  0
0.74976878268432168  3.0221627969395528  9.375  0
0.73486786372352342  3.0261554861415805  9.375  0
-0.71750000000000003  -1.609  9.4375  0
-0.73920602220836629  -1.6108990308734741  9.375  0
-0.76025251791570858  -1.6165384224017614  9.375  0
-0.78000000000000003  -1.6257468245269451  9.375  0
-0.79784845121081749  -1.6382444446101276  9.375  0
-0.81325555538987226  -1.6536515487891825  9.375  0
-0.82575317547305482  -1.6715  9.375  0
-0.83496157759823852  -1.6912474820842913  9.375  0
-0.84060096912652604  -1.7122939777916337  9.375  0
-0.84250000000000003  -1.734  9.375  0
-0.84060096912652604  -1.7557060222083662  9.375  0
-0.83496157759823864  -1.7767525179157087  9.375  0
-0.82575317547305482  -1.7965  9.375  0
-0.81325555538987226  -1.8143484512108174  9.375  0
-0.79784845121081749  -1.8297555553898723  9.375  0
-0.78000000000000003  -1.8422531754730549  9.375  0
-0.76025251791570869  -1.8514615775982386  9.375  0
-0.7392060222083664  -1.8571009691265259  9.375  0
-0.71750000000000003  -1.859  9.4375  0
-0.69579397779163377  -1.8571009691265261  9.375  0
-0.67474748208429147  -1.8514615775982386  9.375  0
-0.65500000000000003  -1.8422531754730549  9.375  0
-0.63715154878918256  -1.8297555553898723  9.375  0
-0.62174444461012779  -1.8143484512108174  9.375  0
-0.60924682452694523  -1.7965  9.375  0
-0.60003842240176142  -1.7767525179157087  9.375  0
-0.59439903087347401  -1.7557060222083662  9.375  0
-0.59250000000000003  -1.734  9.375  0
-0.59439903087347401  -1.7122939777916337  9.375  0
-0.60003842240176142  -1.6912474820842915  9.375  0
-0.60924682452694523  -1.6715  9.375  0
-0.62174444461012779  -1.6536515487891825  9.375  0
-0.63715154878918256  -1.6382444446101279  9.375  0
-0.65500000000000003  -1.6257468245269453  9.375  0
-0.67474748208429147  -1.6165384224017614  9.375  0
-0.69579397779163377  -1.6108990308734741  9.375  0
-0.73920602220836629  1.6128990308734741  9.375  0
-0.76025251791570858  1.6185384224017614  9.375  0
-0.78000000000000003  1.6277468245269451  9.375  0
-0.79784845121081749  1.6402444446101276  9.375  0
-0.81325555538987226  1.6556515487891825  9.375  0
-0.82575317547305482  1.6735  9.375  0
-0.83496157759823864  1.6932474820842913  9.375  0
-0.84060096912652604  1.7142939777916337  9.375  0
-0.84250000000000003  1.736  9.375  0
-0.84060096912652604  1.7577060222083662  9.375  0
-0.83496157759823864  1.7787525179157084  9.375  0
-0.82575317547305482  1.7985  9.375  0
-0.81325555538987226  1.8163484512108174  9.375  0
-0.79784845121081749  1.8317555553898721  9.375  0
-0.78000000000000003  1.8442531754730549  9.375  0
-0.76025251791570858  1.8534615775982386  9.375  0
-0.73920602220836629  1.8591009691265259  9.375  0
-0.71750000000000003  1.611  9.4375  0
-0.71750000000000003  1.861  9.4375  0
-0.69579397779163377  1.8591009691265259  9.375  0
-0.67474748208429147  1.8534615775982386  9.375  0
-0.65500000000000003  1.8442531754730549  9.375  0
-0.63715154878918256  1.8317555553898723  9.375  0
-0.62174444461012779  1.8163484512108174  9.375  0
-0.60924682452694523  1.7985  9.375  0
-0.60003842240176153  1.7787525179157087  9.375  0
-0.59439903087347401  1.7577060222083662  9.375  0
-0.59250000000000003  1.736  9.375  0
-0.59439903087347401  1.7142939777916337  9.375  0
-0.60003842240176142  1.6932474820842913  9.375  0
-0.60924682452694523  1.6735  9.375  0
-0.62174444461012779  1.6556515487891825  9.375  0
-0.63715154878918256  1.6402444446101279  9.375  0
-0.65500000000000003  1.6277468245269451  9.375  0
-0.67474748208429136  1.6185384224017614  9.375  0
-0.69579397779163366  1.6128990308734741  9.375  0
0.87549999999999994  3.0403835616438353  9.375  0
0.87549999999999994  2.9547671232876715  9.375  0
0.87549999999999994  2.8691506849315069  9.375  0
0.87549999999999994  2.7835342465753423  9.375  0
0.87549999999999994  2.6979178082191777  9.375  0
0.87549999999999994  2.612301369863014  9.375  0
0.87549999999999994  2.5266849315068494  9.375  0
0.87549999999999994  2.4410684931506847  9.375  0
0.87549999999999994  2.3554520547945201  9.375  0
0.87549999999999994  2.2698356164383564  9.375  0
0.87549999999999994  2.1842191780821918  9.375  0
0.87549999999999994  2.0986027397260272  9.375  0
0.87549999999999994  2.0129863013698626  9.375  0
0.87549999999999994  1.9273698630136988  9.375  0
0.87549999999999994  1.8417534246575342  9.375  0
0.87549999999999994  1.7561369863013696  9.375  0
0.87549999999999994  1.6705205479452059  9.375  0
0.87549999999999994  1.5849041095890413  9.375  0
0.87549999999999994  1.4992876712328767  9.375  0
0.87549999999999994  1.413671232876712  9.375  0
0.87549999999999994  1.3280547945205483  9.375  0
0.87549999999999994  1.2424383561643837  9.375  0
0.87549999999999994  1.1568219178082191  9.375  0
0.87549999999999994  1.0712054794520545  9.375  0
0.87549999999999994  0.98558904109589074  9.375  0
0.87549999999999994  0.89997260273972612  9.375  0
0.87549999999999994  0.81435616438356151  9.375  0
0.87549999999999994  0.72873972602739734  9.375  0
0.87549999999999994  0.64312328767123272  9.375  0
0.87549999999999994  0.55750684931506855  9.375  0
0.87549999999999994  0.47189041095890394  9.375  0
0.87549999999999994  0.38627397260273977  9.375  0
0.87549999999999994  0.3006575342465756  9.375  0
0.87549999999999994  0.21504109589041098  9.375  0
0.87549999999999994  0.12942465753424681  9.375  0
0.87549999999999994  0.043808219178082197  9.375  0
0.87549999999999994  -0.041808219178081973  9.375  0
0.87549999999999994  -0.12742465753424659  9.375  0
0.87549999999999994  -0.21304109589041076  9.375  0
0.87549999999999994  -0.29865753424657537  9.375  0
0.87549999999999994  -0.38427397260273954  9.375  0
0.87549999999999994  -0.46989041095890416  9.375  0
0.87549999999999994  -0.55550684931506833  9.375  0
0.87549999999999994  -0.64112328767123294  9.375  0
0.87549999999999994  -0.72673972602739711  9.375  0
0.87549999999999994  -0.81235616438356173  9.375  0
0.87549999999999994  -0.8979726027397259  9.375  0
0.87549999999999994  -0.98358904109589007  9.375  0
0.87549999999999994  -1.0692054794520547  9.375  0
0.87549999999999994  -1.1548219178082191  9.375  0
0.87549999999999994  -1.2404383561643835  9.375  0
0.87549999999999994  -1.3260547945205479  9.375  0
0.87549999999999994  -1.4116712328767123  9.375  0
0.87549999999999994  -1.4972876712328766  9.375  0
0.87549999999999994  -1.582904109589041  9.375  0
0.87549999999999994  -1.6685205479452052  9.375  0
0.87549999999999994  -1.7541369863013696  9.375  0
0.87549999999999994  -1.839753424657534  9.375  0
0.87549999999999994  -1.9253698630136984  9.375  0
0.87549999999999994  -2.0109863013698628  9.375  0
0.87549999999999994  -2.096602739726027  9.375  0
0.87549999999999994  -2.1822191780821916  9.375  0
0.87549999999999994  -2.2678356164383562  9.375  0
0.87549999999999994  -2.3534520547945204  9.375  0
0.87549999999999994  -2.4390684931506845  9.375  0
0.87549999999999994  -2.5246849315068491  9.375  0
0.87549999999999994  -2.6103013698630138  9.375  0
0.87549999999999994  -2.6959178082191779  9.375  0
0.87549999999999994  -2.7815342465753421  9.375  0
0.87549999999999994  -2.8671506849315067  9.375  0
0.87549999999999994  -2.9527671232876709  9.375  0
0.87549999999999994  -3.0383835616438355  9.375  0
-0.77727777777777773  3.1259999999999999  9.375  0
-0.68005555555555564  3.1259999999999999  9.375  0
-0.58283333333333331  3.1259999999999999  9.375  0
-0.48561111111111122  3.1259999999999999  9.375  0
-0.38838888888888889  3.1259999999999999  9.375  0
-0.2911666666666668  3.1259999999999999  9.375  0
-0.19394444444444447  3.1259999999999999  9.375  0
-0.096722222222222265  3.1259999999999999  9.375  0
0.00049999999999994493  3.1259999999999999  9.375  0
0.097722222222222155  3.1259999999999999  9.375  0
0.19494444444444436  3.1259999999999999  9.375  0
0.29216666666666669  3.1259999999999999  9.375  0
0.38938888888888884  3.1259999999999999  9.375  0
0.48661111111111111  3.1259999999999999  9.375  0
0.58383333333333332  3.1259999999999999  9.375  0
0.68105555555555553  3.1259999999999999  9.375  0
0.77827777777777774  3.1259999999999999  9.375  0
-0.87450000000000006  -3.0395405405405405  9.375  0
-0.87450000000000006  -2.9550810810810808  9.375  0
-0.87450000000000006  -2.870621621621622  9.375  0
-0.87450000000000006  -2.7861621621621624  9.375  0
-0.87450000000000006  -2.7017027027027027  9.375  0
-0.87450000000000006  -2.6172432432432431  9.375  0
-0.87450000000000006  -2.5327837837837843  9.375  0
-0.87450000000000006  -2.4483243243243247  9.375  0
-0.87450000000000006  -2.363864864864865  9.375  0
-0.87450000000000006  -2.2794054054054054  9.375  0
-0.87450000000000006  -2.1949459459459457  9.375  0
-0.87450000000000006  -2.110486486486487  9.375  0
-0.87450000000000006  -2.0260270270270273  9.375  0
-0.87450000000000006  -1.9415675675675677  9.375  0
-0.87450000000000006  -1.857108108108108  9.375  0
-0.87450000000000006  -1.7726486486486492  9.375  0
-0.87450000000000006  -1.6881891891891896  9.375  0
-0.87450000000000006  -1.6037297297297299  9.375  0
-0.87450000000000006  -1.5192702702702703  9.375  0
-0.87450000000000006  -1.4348108108108106  9.375  0
-0.87450000000000006  -1.3503513513513519  9.375  0
-0.87450000000000006  -1.2658918918918922  9.375  0
-0.87450000000000006  -1.1814324324324326  9.375  0
-0.87450000000000006  -1.0969729729729729  9.375  0
-0.87450000000000006  -1.0125135135135133  9.375  0
-0.87450000000000006  -0.9280540540540545  9.375  0
-0.87450000000000006  -0.84359459459459485  9.375  0
-0.87450000000000006  -0.7591351351351352  9.375  0
-0.87450000000000006  -0.67467567567567599  9.375  0
-0.87450000000000006  -0.59021621621621634  9.375  0
-0.87450000000000006  -0.50575675675675713  9.375  0
-0.87450000000000006  -0.42129729729729748  9.375  0
-0.87450000000000006  -0.33683783783783783  9.375  0
-0.87450000000000006  -0.25237837837837862  9.375  0
-0.87450000000000006  -0.16791891891891897  9.375  0
-0.87450000000000006  -0.083459459459459762  9.375  0
-0.87450000000000006  0.00099999999999988987  9.375  0
-0.87450000000000006  0.085459459459459097  9.375  0
-0.87450000000000006  0.16991891891891875  9.375  0
-0.87450000000000006  0.25437837837837796  9.375  0
-0.87450000000000006  0.33883783783783761  9.375  0
-0.87450000000000006  0.42329729729729726  9.375  0
-0.87450000000000006  0.50775675675675647  9.375  0
-0.87450000000000006  0.59221621621621612  9.375  0
-0.87450000000000006  0.67667567567567533  9.375  0
-0.87450000000000006  0.76113513513513498  9.375  0
-0.87450000000000006  0.84559459459459418  9.375  0
-0.87450000000000006  0.93005405405405384  9.375  0
-0.87450000000000006  1.0145135135135135  9.375  0
-0.87450000000000006  1.0989729729729727  9.375  0
-0.87450000000000006  1.1834324324324321  9.375  0
-0.87450000000000006  1.2678918918918916  9.375  0
-0.87450000000000006  1.3523513513513512  9.375  0
-0.87450000000000006  1.4368108108108106  9.375  0
-0.87450000000000006  1.5212702702702701  9.375  0
-0.87450000000000006  1.6057297297297295  9.375  0
-0.87450000000000006  1.6901891891891889  9.375  0
-0.87450000000000006  1.7746486486486484  9.375  0
-0.87450000000000006  1.8591081081081078  9.375  0
-0.87450000000000006  1.9435675675675674  9.375  0
-0.87450000000000006  2.0280270270270266  9.375  0
-0.87450000000000006  2.1124864864864863  9.375  0
-0.87450000000000006  2.1969459459459459  9.375  0
-0.87450000000000006  2.2814054054054052  9.375  0
-0.87450000000000006  2.3658648648648644  9.375  0
-0.87450000000000006  2.450324324324324  9.375  0
-0.87450000000000006  2.5347837837837837  9.375  0
-0.87450000000000006  2.6192432432432429  9.375  0
-0.87450000000000006  2.7037027027027025  9.375  0
-0.87450000000000006  2.7881621621621617  9.375  0
-0.87450000000000006  2.8726216216216214  9.375  0
-0.87450000000000006  2.957081081081081  9.375  0
-0.87450000000000006  3.0415405405405402  9.375  0
-0.87450000000000006  -3.1240000000000001  9.4690000000000012  0
-0.87450000000000006  -3.0668333333333333  9.5630000000000006  0
-0.87450000000000006  -3.0096666666666669  9.5630000000000006  0
-0.87450000000000006  -2.9525000000000001  9.5630000000000006  0
-0.87450000000000006  -2.8953333333333333  9.5630000000000006  0
-0.87450000000000006  -2.8381666666666669  9.5630000000000006  0
-0.64050000000000007  -3.1240000000000001  9.5630000000000006  0
-0.71850000000000003  -3.1240000000000001  9.5630000000000006  0
-0.79649999999999999  -3.1240000000000001  9.5630000000000006  0
0.77827777777777762  -3.1240000000000001  9.375  0
0.68105555555555553  -3.1240000000000001  9.375  0
0.5838333333333332  -3.1240000000000001  9.375  0
0.48661111111111111  -3.1240000000000001  9.375  0
0.38938888888888878  -3.1240000000000001  9.375  0
0.29216666666666669  -3.1240000000000001  9.375  0
0.19494444444444436  -3.1240000000000001  9.375  0
0.097722222222222155  -3.1240000000000001  9.375  0
0.00049999999999994493  -3.1240000000000001  9.375  0
-0.096722222222222265  -3.1240000000000001  9.375  0
-0.19394444444444447  -3.1240000000000001  9.375  0
-0.2911666666666668  -3.1240000000000001  9.375  0
-0.38838888888888895  -3.1240000000000001  9.375  0
-0.48561111111111122  -3.1240000000000001  9.375  0
-0.58283333333333343  -3.1240000000000001  9.375  0
-0.68005555555555564  -3.1240000000000001  9.375  0
-0.77727777777777785  -3.1240000000000001  9.375  0
0.71950000000000003  -1.8005  9.46875  0
0.71950000000000003  -1.8005  9.5625  0
0.71950000000000003  -1.8005  9.65625  0
0.73122125199251786  -1.7994745233283242  9.375  0
0.74258635967448272  -1.7964292519030489  9.375  0
0.75324999999999998  -1.7914567147554497  9.375  0
0.76288816365384138  -1.7847079999105311  9.375  0
0.77120799991053102  -1.7763881636538414  9.375  0
0.77795671475544959  -1.76675  9.375  0
0.78292925190304885  -1.7560863596744827  9.375  0
0.78597452332832407  -1.7447212519925179  9.375  0
0.78700000000000003  -1.7330000000000001  9.375  0
0.78597452332832407  -1.7212787480074823  9.375  0
0.78292925190304885  -1.7099136403255175  9.375  0
0.7779567147554497  -1.6992500000000001  9.375  0
0.77120799991053102  -1.6896118363461587  9.375  0
0.76288816365384149  -1.6812920000894691  9.375  0
0.75324999999999998  -1.6745432852445505  9.375  0
0.74258635967448272  -1.6695707480969513  9.375  0
0.73122125199251786  -1.6665254766716759  9.375  0
0.71950000000000003  -1.6655  9.65625  0
0.71950000000000003  -1.6655  9.5625  0
0.71950000000000003  -1.6655  9.46875  0
0.70777874800748219  -1.6665254766716759  9.375  0
0.69641364032551745  -1.6695707480969513  9.375  0
0.68575000000000008  -1.6745432852445505  9.375  0
0.67611183634615868  -1.6812920000894691  9.375  0
0.66779200008946904  -1.6896118363461587  9.375  0
0.66104328524455047  -1.6992500000000001  9.375  0
0.65607074809695121  -1.7099136403255175  9.375  0
0.65302547667167599  -1.7212787480074823  9.375  0
0.65200000000000002  -1.7330000000000001  9.375  0
0.65302547667167599  -1.7447212519925179  9.375  0
0.65607074809695121  -1.7560863596744827  9.375  0
0.66104328524455047  -1.76675  9.375  0
0.66779200008946904  -1.7763881636538414  9.375  0
0.67611183634615857  -1.7847079999105311  9.375  0
0.68574999999999997  -1.7914567147554497  9.375  0
0.69641364032551745  -1.7964292519030489  9.375  0
0.70777874800748219  -1.7994745233283242  9.375  0
0.71950000000000003  1.6685000000000001  9.46875  0
0.71950000000000003  1.6685000000000001  9.5625  0
0.71950000000000003  1.6685000000000001  9.65625  0
0.73122125199251786  1.6695254766716761  9.375  0
0.74258635967448272  1.6725707480969512  9.375  0
0.75324999999999998  1.6775432852445504  9.375  0
0.76288816365384138  1.684292000089469  9.375  0
0.77120799991053102  1.6926118363461586  9.375  0
0.77795671475544959  1.70225  9.375  0
0.78292925190304885  1.7129136403255174  9.375  0
0.78597452332832407  1.7242787480074822  9.375  0
0.78700000000000003  1.736  9.375  0
0.78597452332832407  1.7477212519925178  9.375  0
0.78292925190304885  1.7590863596744826  9.375  0
0.7779567147554497  1.7697499999999999  9.375  0
0.77120799991053102  1.7793881636538413  9.375  0
0.76288816365384149  1.787707999910531  9.375  0
0.75324999999999998  1.7944567147554495  9.375  0
0.74258635967448272  1.7994292519030488  9.375  0
0.73122125199251786  1.8024745233283239  9.375  0
0.71950000000000003  1.8035000000000001  9.65625  0
0.71950000000000003  1.8035000000000001  9.5625  0
0.71950000000000003  1.8035000000000001  9.46875  0
0.70777874800748219  1.8024745233283241  9.375  0
0.69641364032551745  1.7994292519030488  9.375  0
0.68575000000000008  1.7944567147554495  9.375  0
0.67611183634615868  1.787707999910531  9.375  0
0.66779200008946904  1.7793881636538413  9.375  0
0.66104328524455047  1.7697499999999999  9.375  0
0.65607074809695121  1.7590863596744826  9.375  0
0.65302547667167599  1.7477212519925178  9.375  0
0.65200000000000002  1.736  9.375  0
0.65302547667167599  1.7242787480074822  9.375  0
0.65607074809695121  1.7129136403255174  9.375  0
0.66104328524455047  1.70225  9.375  0
0.66779200008946904  1.6926118363461586  9.375  0
0.67611183634615857  1.684292000089469  9.375  0
0.68574999999999997  1.6775432852445504  9.375  0
0.69641364032551745  1.6725707480969512  9.375  0
0.70777874800748219  1.6695254766716761  9.375  0
-0.71750000000000003  2.5634999999999999  9.46875  0
-0.71750000000000003  2.5634999999999999  9.5625  0
-0.71750000000000003  2.5634999999999999  9.65625  0
-0.7066469888958169  2.564449515436737  9.375  0
-0.69612374104214569  2.5672692112008808  9.375  0
-0.68625000000000003  2.5718734122634723  9.375  0
-0.6773257743945913  2.5781222223050637  9.375  0
-0.66962222230506385  2.5858257743945914  9.375  0
-0.66337341226347257  2.5947499999999999  9.375  0
-0.65876921120088072  2.6046237410421456  9.375  0
-0.65594951543673707  2.6151469888958165  9.375  0
-0.65500000000000003  2.6259999999999999  9.375  0
-0.65594951543673707  2.6368530111041832  9.375  0
-0.65876921120088072  2.6473762589578542  9.375  0
-0.66337341226347257  2.6572499999999999  9.375  0
-0.66962222230506385  2.6661742256054084  9.375  0
-0.6773257743945913  2.6738777776949361  9.375  0
-0.68625000000000003  2.6801265877365275  9.375  0
-0.69612374104214569  2.684730788799119  9.375  0
-0.7066469888958169  2.6875504845632627  9.375  0
-0.71750000000000003  2.6884999999999999  9.65625  0
-0.71750000000000003  2.6884999999999999  9.5625  0
-0.71750000000000003  2.6884999999999999  9.46875  0
-0.72835301110418316  2.6875504845632627  9.375  0
-0.73887625895785436  2.684730788799119  9.375  0
-0.74875000000000003  2.6801265877365275  9.375  0
-0.75767422560540876  2.6738777776949361  9.375  0
-0.7653777776949362  2.6661742256054084  9.375  0
-0.77162658773652737  2.6572499999999999  9.375  0
-0.77623078879911933  2.6473762589578542  9.375  0
-0.77905048456326298  2.6368530111041832  9.375  0
-0.78000000000000003  2.6259999999999999  9.375  0
-0.77905048456326309  2.615146988895817  9.375  0
-0.77623078879911933  2.6046237410421456  9.375  0
-0.77162658773652748  2.5947499999999999  9.375  0
-0.7653777776949362  2.5858257743945914  9.375  0
-0.75767422560540876  2.5781222223050637  9.375  0
-0.74875000000000003  2.5718734122634723  9.375  0
-0.73887625895785436  2.5672692112008808  9.375  0
-0.72835301110418316  2.564449515436737  9.375  0
0.71950000000000003  2.5634999999999999  9.46875  0
0.71950000000000003  2.5634999999999999  9.5625  0
0.71950000000000003  2.5634999999999999  9.65625  0
0.73035301110418316  2.564449515436737  9.375  0
0.74087625895785436  2.5672692112008808  9.375  0
0.75075000000000003  2.5718734122634723  9.375  0
0.75967422560540876  2.5781222223050637  9.375  0
0.7673777776949362  2.5858257743945914  9.375  0
0.77362658773652748  2.5947499999999999  9.375  0
0.77823078879911933  2.6046237410421456  9.375  0
0.78105048456326298  2.6151469888958165  9.375  0
0.78200000000000003  2.6259999999999999  9.375  0
0.78105048456326298  2.6368530111041832  9.375  0
0.77823078879911933  2.6473762589578542  9.375  0
0.77362658773652748  2.6572499999999999  9.375  0
0.7673777776949362  2.6661742256054084  9.375  0
0.75967422560540876  2.6738777776949361  9.375  0
0.75075000000000003  2.6801265877365275  9.375  0
0.74087625895785436  2.684730788799119  9.375  0
0.73035301110418316  2.6875504845632627  9.375  0
0.71950000000000003  2.6884999999999999  9.65625  0
0.71950000000000003  2.6884999999999999  9.5625  0
0.71950000000000003  2.6884999999999999  9.46875  0
0.7086469888958169  2.6875504845632627  9.375  0
0.6981237410421457  2.684730788799119  9.375  0
0.68825000000000003  2.6801265877365275  9.375  0
0.6793257743945913  2.6738777776949361  9.375  0
0.67162222230506385  2.6661742256054084  9.375  0
0.66537341226347269  2.6572499999999999  9.375  0
0.66076921120088072  2.6473762589578542  9.375  0
0.65794951543673708  2.6368530111041832  9.375  0
0.65700000000000003  2.6259999999999999  9.375  0
0.65794951543673696  2.615146988895817  9.375  0
0.66076921120088072  2.6046237410421456  9.375  0
0.66537341226347257  2.5947499999999999  9.375  0
0.67162222230506385  2.5858257743945914  9.375  0
0.6793257743945913  2.5781222223050637  9.375  0
0.68825000000000003  2.5718734122634723  9.375  0
0.6981237410421457  2.5672692112008808  9.375  0
0.7086469888958169  2.564449515436737  9.375  0
0.71950000000000003  -2.6865000000000001  9.46875  0
0.71950000000000003  -2.6865000000000001  9.5625  0
0.71950000000000003  -2.6865000000000001  9.65625  0
0.73035301110418316  -2.685550484563263  9.375  0
0.74087625895785436  -2.6827307887991192  9.375  0
0.75075000000000003  -2.6781265877365277  9.375  0
0.75967422560540876  -2.6718777776949363  9.375  0
0.7673777776949362  -2.6641742256054086  9.375  0
0.77362658773652748  -2.6552500000000001  9.375  0
0.77823078879911933  -2.6453762589578544  9.375  0
0.78105048456326298  -2.6348530111041835  9.375  0
0.78200000000000003  -2.6240000000000001  9.375  0
0.78105048456326298  -2.6131469888958168  9.375  0
0.77823078879911933  -2.6026237410421458  9.375  0
0.77362658773652748  -2.5927500000000001  9.375  0
0.7673777776949362  -2.5838257743945916  9.375  0
0.75967422560540876  -2.5761222223050639  9.375  0
0.75075000000000003  -2.5698734122634725  9.375  0
0.74087625895785436  -2.565269211200881  9.375  0
0.73035301110418316  -2.5624495154367373  9.375  0
0.71950000000000003  -2.5615000000000001  9.65625  0
0.71950000000000003  -2.5615000000000001  9.5625  0
0.71950000000000003  -2.5615000000000001  9.46875  0
0.7086469888958169  -2.5624495154367373  9.375  0
0.6981237410421457  -2.565269211200881  9.375  0
0.68825000000000003  -2.5698734122634725  9.375  0
0.6793257743945913  -2.5761222223050639  9.375  0
0.67162222230506385  -2.5838257743945916  9.375  0
0.66537341226347269  -2.5927500000000001  9.375  0
0.66076921120088072  -2.6026237410421458  9.375  0
0.65794951543673708  -2.6131469888958168  9.375  0
0.65700000000000003  -2.6240000000000001  9.375  0
0.65794951543673696  -2.634853011104183  9.375  0
0.66076921120088072  -2.6453762589578544  9.375  0
0.66537341226347257  -2.6552500000000001  9.375  0
0.67162222230506385  -2.6641742256054086  9.375  0
0.6793257743945913  -2.6718777776949363  9.375  0
0.68825000000000003  -2.6781265877365277  9.375  0
0.6981237410421457  -2.6827307887991192  9.375  0
0.7086469888958169  -2.685550484563263  9.375  0
-0.71750000000000003  -2.6865000000000001  9.46875  0
-0.71750000000000003  -2.6865000000000001  9.5625  0
-0.71750000000000003  -2.6865000000000001  9.65625  0
-0.7066469888958169  -2.685550484563263  9.375  0
-0.69612374104214569  -2.6827307887991192  9.375  0
-0.68625000000000003  -2.6781265877365277  9.375  0
-0.6773257743945913  -2.6718777776949363  9.375  0
-0.66962222230506385  -2.6641742256054086  9.375  0
-0.66337341226347257  -2.6552500000000001  9.375  0
-0.65876921120088072  -2.6453762589578544  9.375  0
-0.65594951543673707  -2.6348530111041835  9.375  0
-0.65500000000000003  -2.6240000000000001  9.375  0
-0.65594951543673707  -2.6131469888958168  9.375  0
-0.65876921120088072  -2.6026237410421458  9.375  0
-0.66337341226347257  -2.5927500000000001  9.375  0
-0.66962222230506385  -2.5838257743945916  9.375  0
-0.6773257743945913  -2.5761222223050639  9.375  0
-0.68625000000000003  -2.5698734122634725  9.375  0
-0.69612374104214569  -2.565269211200881  9.375  0
-0.7066469888958169  -2.5624495154367373  9.375  0
-0.71750000000000003  -2.5615000000000001  9.65625  0
-0.71750000000000003  -2.5615000000000001  9.5625  0
-0.71750000000000003  -2.5615000000000001  9.46875  0
-0.72835301110418316  -2.5624495154367373  9.375  0
-0.73887625895785436  -2.565269211200881  9.375  0
-0.74875000000000003  -2.5698734122634725  9.375  0
-0.75767422560540876  -2.5761222223050639  9.375  0
-0.7653777776949362  -2.5838257743945916  9.375  0
-0.77162658773652737  -2.5927500000000001  9.375  0
-0.77623078879911933  -2.6026237410421458  9.375  0
-0.77905048456326298  -2.6131469888958168  9.375  0
-0.78000000000000003  -2.6240000000000001  9.375  0
-0.77905048456326309  -2.634853011104183  9.375  0
-0.77623078879911933  -2.6453762589578544  9.375  0
-0.77162658773652748  -2.6552500000000001  9.375  0
-0.7653777776949362  -2.6641742256054086  9.375  0
-0.75767422560540876  -2.6718777776949363  9.375  0
-0.74875000000000003  -2.6781265877365277  9.375  0
-0.73887625895785436  -2.6827307887991192  9.375  0
-0.72835301110418316  -2.685550484563263  9.375  0
0.00049999999999996195  -2.9365000000000001  9.5625  0
0.054765055520915727  -2.9317524228163152  9.375  0
0.10738129478927147  -2.9176539439955964  9.375  0
0.15674999999999997  -2.894632938682637  9.375  0
0.20137112802704352  -2.8633888884746805  9.375  0
0.23988888847468062  -2.8248711280270435  9.375  0
0.27113293868263705  -2.7802500000000001  9.375  0
0.29415394399559636  -2.7308812947892718  9.375  0
0.30825242281631499  -2.678265055520916  9.375  0
0.313  -2.6240000000000001  9.375  0
0.30825242281631499  -2.5697349444790842  9.375  0
0.29415394399559641  -2.5171187052107284  9.375  0
0.2711329386826371  -2.4677500000000001  9.375  0
0.23988888847468062  -2.4231288719729567  9.375  0
0.2013711280270436  -2.3846111115253197  9.375  0
0.15674999999999997  -2.3533670613173632  9.375  0
0.10738129478927153  -2.3303460560044038  9.375  0
0.054765055520915852  -2.316247577183685  9.375  0
0.00050000000000003796  -2.3115000000000001  9.5625  0
-0.053765055520915636  -2.316247577183685  9.375  0
-0.10638129478927145  -2.3303460560044038  9.375  0
-0.15574999999999994  -2.3533670613173632  9.375  0
-0.20037112802704352  -2.3846111115253197  9.375  0
-0.23888888847468059  -2.4231288719729567  9.375  0
-0.27013293868263699  -2.4677500000000001  9.375  0
-0.29315394399559641  -2.5171187052107289  9.375  0
-0.30725242281631499  -2.5697349444790842  9.375  0
-0.312  -2.6240000000000001  9.375  0
-0.30725242281631504  -2.6782650555209155  9.375  0
-0.29315394399559641  -2.7308812947892713  9.375  0
-0.27013293868263705  -2.7802500000000001  9.375  0
-0.23888888847468065  -2.8248711280270435  9.375  0
-0.20037112802704363  -2.8633888884746805  9.375  0
-0.15575000000000014  -2.894632938682637  9.375  0
-0.10638129478927144  -2.9176539439955964  9.375  0
-0.053765055520915747  -2.9317524228163152  9.375  0
0.00049999999999996195  2.3134999999999999  9.5625  0
0.054765055520915727  2.3182475771836848  9.375  0
0.10738129478927147  2.3323460560044036  9.375  0
0.15674999999999997  2.355367061317363  9.375  0
0.20137112802704352  2.3866111115253195  9.375  0
0.23988888847468062  2.4251288719729565  9.375  0
0.27113293868263705  2.4697499999999999  9.375  0
0.29415394399559636  2.5191187052107282  9.375  0
0.30825242281631499  2.571734944479084  9.375  0
0.313  2.6259999999999999  9.375  0
0.30825242281631499  2.6802650555209158  9.375  0
0.29415394399559641  2.7328812947892716  9.375  0
0.2711329386826371  2.7822499999999999  9.375  0
0.23988888847468062  2.8268711280270433  9.375  0
0.2013711280270436  2.8653888884746803  9.375  0
0.15674999999999997  2.8966329386826368  9.375  0
0.10738129478927153  2.9196539439955962  9.375  0
0.054765055520915852  2.933752422816315  9.375  0
0.00050000000000003796  2.9384999999999999  9.5625  0
-0.053765055520915636  2.933752422816315  9.375  0
-0.10638129478927145  2.9196539439955962  9.375  0
-0.15574999999999994  2.8966329386826368  9.375  0
-0.20037112802704352  2.8653888884746803  9.375  0
-0.23888888847468059  2.8268711280270433  9.375  0
-0.27013293868263699  2.7822499999999999  9.375  0
-0.29315394399559641  2.7328812947892711  9.375  0
-0.30725242281631499  2.6802650555209158  9.375  0
-0.312  2.6259999999999999  9.375  0
-0.30725242281631504  2.5717349444790845  9.375  0
-0.29315394399559641  2.5191187052107287  9.375  0
-0.27013293868263705  2.4697499999999999  9.375  0
-0.23888888847468065  2.4251288719729565  9.375  0
-0.20037112802704363  2.3866111115253195  9.375  0
-0.15575000000000014  2.355367061317363  9.375  0
-0.10638129478927144  2.3323460560044036  9.375  0
-0.053765055520915747  2.3182475771836848  9.375  0
-0.73386786372352342  -2.8498445138584194  9.5630000000000006  0
-0.74876878268432168  -2.8538372030604471  9.5630000000000006  0
-0.76275000000000004  -2.8603567517650772  9.5630000000000006  0
-0.7753867034572588  -2.8692050667839704  9.5630000000000006  0
-0.78629493321602961  -2.8801132965427412  9.5630000000000006  0
-0.79514324823492288  -2.8927499999999999  9.5630000000000006  0
-0.80166279693955289  -2.9067312173156781  9.5630000000000006  0
-0.80565548614158045  -2.9216321362764766  9.5630000000000006  0
-0.80700000000000005  -2.9369999999999998  9.5630000000000006  0
-0.80565548614158045  -2.9523678637235231  9.5630000000000006  0
-0.80166279693955289  -2.9672687826843216  9.5630000000000006  0
-0.79514324823492288  -2.9812499999999997  9.5630000000000006  0
-0.78629493321602961  -2.9938867034572585  9.5630000000000006  0
-0.7753867034572588  -3.0047949332160293  9.5630000000000006  0
-0.76275000000000004  -3.0136432482349225  9.5630000000000006  0
-0.74876878268432168  -3.0201627969395526  9.5630000000000006  0
-0.73386786372352342  -3.0241554861415803  9.5630000000000006  0
-0.70313213627647675  -3.0241554861415803  9.5630000000000006  0
-0.68823121731567838  -3.0201627969395526  9.5630000000000006  0
-0.67425000000000002  -3.0136432482349225  9.5630000000000006  0
-0.66161329654274126  -3.0047949332160293  9.5630000000000006  0
-0.65070506678397044  -2.9938867034572585  9.5630000000000006  0
-0.64185675176507728  -2.9812499999999997  9.5630000000000006  0
-0.63533720306044716  -2.9672687826843216  9.5630000000000006  0
-0.63134451385841961  -2.9523678637235231  9.5630000000000006  0
-0.63  -2.9369999999999998  9.5630000000000006  0
-0.63134451385841961  -2.9216321362764766  9.5630000000000006  0
-0.63533720306044716  -2.9067312173156781  9.5630000000000006  0
-0.64185675176507717  -2.8927499999999999  9.5630000000000006  0
-0.65070506678397044  -2.8801132965427412  9.5630000000000006  0
-0.66161329654274126  -2.8692050667839704  9.5630000000000006  0
-0.67425000000000002  -2.8603567517650772  9.5630000000000006  0
-0.68823121731567838  -2.8538372030604471  9.5630000000000006  0
-0.70313213627647664  -2.8498445138584194  9.5630000000000006  0
-0.73386786372352331  -2.8498445138584194  9.375  0
-0.74876878268432168  -2.8538372030604471  9.375  0
-0.76275000000000004  -2.8603567517650772  9.375  0
-0.7753867034572588  -2.8692050667839704  9.375  0
-0.78629493321602961  -2.8801132965427412  9.375  0
-0.79514324823492277  -2.8927499999999999  9.375  0
-0.80166279693955289  -2.9067312173156781  9.375  0
-0.80565548614158045  -2.9216321362764766  9.375  0
-0.80700000000000005  -2.9369999999999998  9.375  0
-0.80565548614158045  -2.9523678637235231  9.375  0
-0.80166279693955289  -2.9672687826843216  9.375  0
-0.79514324823492288  -2.9812499999999997  9.375  0
-0.78629493321602961  -2.9938867034572585  9.375  0
-0.7753867034572588  -3.0047949332160293  9.375  0
-0.76275000000000004  -3.0136432482349225  9.375  0
-0.74876878268432168  -3.0201627969395526  9.375  0
-0.73386786372352342  -3.0241554861415803  9.375  0
-0.70313213627647664  -3.0241554861415803  9.375  0
-0.68823121731567838  -3.0201627969395526  9.375  0
-0.67425000000000002  -3.0136432482349225  9.375  0
-0.66161329654274126  -3.0047949332160293  9.375  0
-0.65070506678397044  -2.9938867034572585  9.375  0
-0.64185675176507717  -2.9812499999999997  9.375  0
-0.63533720306044716  -2.9672687826843216  9.375  0
-0.63134451385841961  -2.9523678637235231  9.375  0
-0.63  -2.9369999999999998  9.375  0
-0.63134451385841961  -2.9216321362764766  9.375  0
-0.63533720306044716  -2.9067312173156781  9.375  0
-0.64185675176507717  -2.8927499999999999  9.375  0
-0.65070506678397044  -2.8801132965427412  9.375  0
-0.66161329654274126  -2.8692050667839704  9.375  0
-0.67425000000000002  -2.8603567517650772  9.375  0
-0.68823121731567838  -2.8538372030604471  9.375  0
-0.70313213627647664  -2.8498445138584194  9.375  0
-0.71850000000000003  -3.0255000000000001  9.516  0
-0.71850000000000003  -3.0255000000000001  9.4690000000000012  0
-0.71850000000000003  -3.0255000000000001  9.4220000000000006  0
-0.71850000000000003  -2.8485  9.4220000000000006  0
-0.71850000000000003  -2.8485  9.4690000000000012  0
-0.71850000000000003  -2.8485  9.516  0
-0.59900160003943115  -2.2117197307200267  9.6565000000000012  0
-0.65257776640984388  -2.1706130871739364  9.6564999999999905  0
-0.56489960254555949  -2.3392565203545481  9.6564999999999994  0
-0.59144149104826782  -2.4025104154391226  9.6564999999999994  0
-0.56781163320149708  -2.2716389282649749  9.6564999999999994  0
-0.65144934318159387  -2.4528552782831383  9.6564999999999994  0
-0.66353847776222996  2.1680026333343401  9.6565000000000012  0
-0.61689364674023506  2.432372923328149  9.656500000000003  0
-0.60817141199653535  2.2037112758748125  9.6564999999999994  0
-0.57710347350160673  2.3799016107101272  9.6564999999999905  0
-0.56250731262768117  2.3155104589905  9.6564999999999941  0
-0.66493071006272686  2.460513928264914  9.6564999999999905  0
-0.57242940029315803  2.2592334052429446  9.6564999999999976  0
-0.60904806734452266  2.827841219699113  9.7022609241936308  0
-0.5694458797705102  2.8929688231454724  9.6018555790156945  0
-0.63045964009525124  2.8102176447340619  9.6228726717069399  0
-0.57473370097251719  2.8784421659573232  9.6893898653705559  0
-0.65949367635722911  2.7945899803678271  9.6906915149647386  0
-0.67378854445018965  2.7895447031965168  9.603157228594819  0
-0.59440121590288042  2.844472269753175  9.6150635479018156  0
0.63145964009525124  2.8102176447340619  9.6228726717069399  0
0.61004806734452266  2.827841219699113  9.7022609241936308  0
0.5704458797705102  2.8929688231454724  9.6018555790156945  0
0.66049367635722911  2.7945899803678271  9.6906915149647386  0
0.57573370097251719  2.8784421659573232  9.6893898653705559  0
0.59540121590288042  2.844472269753175  9.6150635479018156  0
0.67478854445018954  2.7895447031965168  9.603157228594819  0
0.56881163320149697  2.2736389282649752  9.6564999999999994  0
0.65357776640984389  2.1726130871739366  9.6564999999999905  0
0.59244149104826782  2.4045104154391228  9.6564999999999994  0
0.65244934318159387  2.4548552782831381  9.6564999999999994  0
0.56589960254555949  2.3412565203545483  9.6564999999999994  0
0.60000160003943115  2.2137197307200269  9.6565000000000012  0
0.56849282768625631  -2.2728485771675242  9.6565000000000012  0
0.59988978647380431  -2.4121468762379425  9.6564999999999994  0
0.65354618694665512  -2.1706278155232632  9.6565000000000012  0
0.59988177218905669  -2.2118626963845678  9.6565000000000012  0
0.65355185108912706  -2.4533748268088393  9.6564999999999994  0
0.56849622015296353  -2.3511645052554955  9.6564999999999994  0
0.67478854445018976  -2.7875447031965161  9.603157228594819  0
0.59540121590288042  -2.8424722697531748  9.6150635479018156  0
0.57573370097251719  -2.8764421659573229  9.6893898653705559  0
0.61004806734452266  -2.8258412196991127  9.7022609241936308  0
0.5704458797705102  -2.8909688231454722  9.6018555790156945  0
0.63145964009525124  -2.8082176447340617  9.6228726717069399  0
0.66049367635722911  -2.7925899803678269  9.6906915149647386  0
-0.74125804805796458  -1.666032690560274  9.6982861526032149  0
-0.78763895420272156  -1.717735710794857  9.5446927030425162  0
-0.78880645042763242  -1.7439694597351914  9.5488183524486416  0
-0.76398556009458396  -1.7889826581995889  9.7010651685735301  0
-0.78662709292069311  -1.7541356654802833  9.6256271791180676  0
-0.7400385185822882  -1.8023813949851555  9.5519695436703156  0
-0.77848324306111039  -1.6957241059444781  9.6096360182935356  0
-0.74061890949991738  -1.6658126402950324  9.5506597282596282  0
-0.76461757909480432  -1.6795579781763676  9.5450828638836871  0
-0.7793986925667804  -1.6972229438573012  9.5332383674343433  0
-0.78504690248192455  -1.7090717837562055  9.6977769314292299  0
-0.76354201967298407  -1.7893546061717771  9.5506468296666363  0
-0.78227580569476451  -1.7654339783768156  9.7066936998110336  0
-0.75123629335756115  -1.7976070948125489  9.6256348007844128  0
-0.78903608633017186  -1.7258398313398433  9.6211281654955503  0
-0.74011703381603156  -1.8023554663605221  9.6984578574628024  0
-0.77355248513156039  -1.7791898098090289  9.6266573278942627  0
-0.78044520375107607  -1.7689557051814939  9.5502529999514749  0
-0.76809107443832392  -1.6827697044008532  9.7034682460118358  0
-0.75375216818958468  -1.6717924417650549  9.6220256289963704  0
-0.78944725161184892  -1.7367555372436796  9.7001789407169436  0
-0.65180036581255074  -1.7634543386894928  9.5440192446598893  0
-0.65758877487503831  -1.694066992299275  9.6238234648434595  0
-0.69404669642465933  -1.6659269322609676  9.6854162151961987  0
-0.66912854073944816  -1.7873310597026233  9.5525336415635991  0
-0.65758877487503831  -1.7739330077007249  9.6261765351565405  0
-0.66419344208324738  -1.6856015404886902  9.5474210594904054  0
-0.64688474129745765  -1.7199470558823775  9.6256047012867274  0
-0.64688474129745765  -1.7480529441176225  9.6243952987132726  0
-0.6455022753890709  -1.7334275920608491  9.7009373837099133  0
-0.69813993197403279  -1.6646516924068804  9.6063229619117152  0
-0.6981399319740329  -1.8033483075931196  9.6436770380882848  0
-0.65026386261879998  -1.7597546467662903  9.7005818400750208  0
-0.65180036581255074  -1.7045456613105072  9.7059807553401107  0
-0.67695844779660275  -1.6744988861874064  9.6170232260875501  0
-0.6874081139104008  -1.7994100786696561  9.7083393900011057  0
-0.66419344208324738  -1.7823984595113098  9.7025789405095946  0
-0.66912854073944816  -1.6806689402973767  9.6974663584364009  0
-0.6455022753890709  -1.7345724079391511  9.5490626162900867  0
-0.65026386261879987  -1.7082453532337099  9.5494181599249792  0
-0.6874081139104008  -1.6685899213303441  9.5416606099988943  0
-0.67695844779660275  -1.7935011138125936  9.6329767739124499  0
-0.69404669642465944  -1.8020730677390326  9.5645837848038013  0
-0.78592244246658294  1.7135864021873515  9.7002159651178133  0
-0.76578347709733618  1.6825892722443234  9.6222425439108576  0
-0.78789858230867771  1.7208990196037366  9.5499320589633481  0
-0.78216867919403676  1.7676537822589775  9.7071139072710864  0
-0.76347602722138308  1.7914094298918393  9.5508196856314793  0
-0.77339470709484703  1.7813848181530041  9.6271406382721398  0
-0.78871373340659179  1.7466115114048317  9.550494894999618  0
-0.76041870112207066  1.6781900951912705  9.5456527996409211  0
-0.74941055666936662  1.6714576389256548  9.702682473867517  0
-0.77805671348925831  1.6970527991842816  9.5489053032991738  0
-0.78926336969505706  1.7301674388121022  9.625616128785202  0
-0.76392057477688458  1.7910375348047463  9.701220257319827  0
-0.7400163622232302  1.8043886937456206  9.5520148266411802  0
-0.73941749397505829  1.6674170323050008  9.6117497033640102  0
-0.78940930145320443  1.7396128056288958  9.7014380411357912  0
-0.78640942332226782  1.7568684301611908  9.6271029089284337  0
-0.74009498448339739  1.8043627579621757  9.6985006114233183  0
-0.77316608908768947  1.6903350624036184  9.6999499244399665  0
-0.75116747183409593  1.7996435490863005  9.6257831395348745  0
-0.74100241693982627  1.6679438731781879  9.536651844809942  0
-0.78032362632533026  1.7711737398542617  9.550795389877047  0
-0.78231348809889745  1.704643792313896  9.6244830531833383  0
-0.65026386261879987  1.7102453532337099  9.7005818400750208  0
-0.6874081139104008  1.6705899213303441  9.7083393900011057  0
-0.67695844779660275  1.6764988861874064  9.6329767739124499  0
-0.6455022753890709  1.7365724079391511  9.7009373837099133  0
-0.67695844779660275  1.7955011138125936  9.6170232260875501  0
-0.65758877487503831  1.696066992299275  9.6261765351565405  0
-0.64688474129745765  1.7500529441176225  9.6256047012867274  0
-0.66419344208324738  1.6876015404886902  9.7025789405095946  0
-0.6981399319740329  1.6666516924068804  9.6436770380882848  0
-0.64688474129745765  1.7219470558823775  9.6243952987132726  0
-0.66912854073944816  1.7893310597026233  9.6974663584364009  0
-0.66912854073944816  1.6826689402973767  9.5525336415635991  0
-0.65758877487503831  1.7759330077007249  9.6238234648434595  0
-0.6455022753890709  1.7354275920608491  9.5490626162900867  0
-0.69404669642465944  1.8040730677390324  9.6854162151961987  0
-0.65180036581255074  1.7065456613105072  9.5440192446598893  0
-0.65180036581255074  1.7654543386894928  9.7059807553401107  0
-0.65026386261879998  1.7617546467662903  9.5494181599249792  0
-0.6981399319740329  1.8053483075931196  9.6063229619117152  0
-0.6874081139104008  1.8014100786696559  9.5416606099988943  0
-0.66419344208324738  1.7843984595113098  9.5474210594904054  0
-0.69404669642465944  1.6679269322609676  9.5645837848038013  0
-0.66165407685462851  -1.8137562266231342  9.5  0
-0.62519169360594073  -1.7214174281306314  9.5  0
-0.81371505567460001  -1.7261997487861189  9.5  0
-0.74228007896777781  -1.8264713416716631  9.5  0
-0.67620162858199151  -1.6459594087362279  9.5  0
-0.77334031182374463  -1.6542517580411435  9.5  0
-0.62863682957507572  -1.7622646770470922  9.5  0
-0.72598494963935967  -1.6370162246350961  9.5  0
-0.72132198500030698  -1.8271784793132286  9.5  0
-0.80571381123683639  -1.692874007908314  9.5  0
-0.6977846233397893  -1.8319995253119554  9.5  0
-0.78633984631439202  -1.6651601308528159  9.5  0
-0.7586438556235614  -1.645766716850279  9.5  0
-0.78368815502169964  -1.8089058313874034  9.5  0
-0.81003693049949388  -1.7465100778445644  9.5  0
-0.6772641751451981  -1.8228981465862513  9.5  0
-0.79724560469073902  -1.6781621113270664  9.5  0
-0.66067169534871162  -1.6554852934465356  9.5  0
-0.6321539281013584  -1.786042444148624  9.5  0
-0.81141388726696717  -1.7089164656321445  9.5  0
-0.62214898755776826  -1.7422946818899789  9.5  0
-0.81054085444348745  -1.7705866326894451  9.5  0
-0.7607940094549509  -1.8165926378998027  9.5  0
-0.70901370058887359  -1.6370197051673852  9.5  0
-0.64772456992991967  -1.8022140174462324  9.5  0
-0.74269723598858495  -1.6399626587005272  9.5  0
-0.62525908826121923  -1.6966070476670891  9.5  0
-0.79761433382156555  -1.7900965280798917  9.5  0
-0.6428642673236632  -1.6724972159799234  9.5  0
-0.6922871240844698  -1.6399920937056387  9.5  0
-0.79133408008624007  1.6790350315608589  9.5  0
-0.80859942238310534  1.7160557270634542  9.5  0
-0.70901481837471769  1.8329805815089393  9.5  0
-0.72598499900019875  1.832983796664247  9.5  0
-0.8120461329848333  1.7601601471411206  9.5  0
-0.62428644222465168  1.7094531823358681  9.5  0
-0.72123343290596775  1.6428160404272034  9.5  0
-0.65091341987515572  1.6620113732511075  9.5  0
-0.63419175929142368  1.686888783102686  9.5  0
-0.64844426040035452  1.7988637734650366  9.5  0
-0.69740520898838987  1.6388141671408012  9.5  0
-0.62354126979971547  1.7623480176649895  9.5  0
-0.74206396473771696  1.6426607915156228  9.5  0
-0.80581883183535064  1.7769719295825208  9.5  0
-0.77988541635706932  1.6579178028463188  9.5  0
-0.80426541675084817  1.6955406823081938  9.5  0
-0.67479273023599251  1.6528714631297294  9.5  0
-0.79726178638840295  1.7918137243776069  9.5  0
-0.6923016055371336  1.8300110011987056  9.5  0
-0.77334054620033466  1.8157478702736571  9.5  0
-0.62064557263938636  1.7273318162794431  9.5  0
-0.75961893704693384  1.648160050823656  9.5  0
-0.78634201769062129  1.8048365370062276  9.5  0
-0.75864387416184154  1.8242332527951977  9.5  0
-0.62054976539097839  1.7446519859165206  9.5  0
-0.67634857408992233  1.8240658865416635  9.5  0
-0.62972446060689102  1.7839110308624113  9.5  0
-0.6616306202166774  1.8147210365229813  9.5  0
-0.74269723797252252  1.8300373408182404  9.5  0
-0.81745300050499237  1.7383913472334267  9.5  0
0.7975000000000001  -2.468  9.6378222665240667  0
0.68812844398770567  -2.4285941158166886  9.5630000000000006  0
0.78403080383026535  -2.3971958974573191  9.5630000000000006  0
0.62793718503165685  -2.3826120639763468  9.5630000000000006  0
0.76391360514676454  -2.2097941926030638  9.5630000000000006  0
0.82955918156442288  -2.2376035765977131  9.5630000000000006  0
0.70993189815028312  -2.4320671789518316  9.5630000000000006  0
0.64061717911880289  -2.2271507539732642  9.5630000000000006  0
0.79259951553159536  -2.4298379400312924  9.5630000000000006  0
0.59630882181761302  -2.3084603487861988  9.5630000000000006  0
0.83656014081039798  -2.2970241544615804  9.5630000000000006  0
0.60875639793385872  -2.2779418168285677  9.5630000000000006  0
0.64196955496077379  -2.4089902056923007  9.5630000000000006  0
0.82171894745784679  -2.2705604856859831  9.5630000000000006  0
0.6943069064121703  -2.1991790179749326  9.5630000000000006  0
0.66089704314958708  -2.2036378623634953  9.5630000000000006  0
0.81934700170504715  -2.3604119879527437  9.5630000000000006  0
0.76177726248161304  -2.4154972625734712  9.5630000000000006  0
0.8225069376120564  -2.4005799075516396  9.5630000000000006  0
0.79068867830756318  -2.2336194068354231  9.5630000000000006  0
0.72795527300406093  -2.1896706772761827  9.5630000000000006  0
0.66706442433758839  -2.4211505115527734  9.5630000000000006  0
0.61188822053849345  -2.3621775904927858  9.5630000000000006  0
0.7361335957157602  -2.4305324049167907  9.5630000000000006  0
0.60669981762486525  -2.3366685837478722  9.5630000000000006  0
0.61448892418991108  -2.2474773789841924  9.5630000000000006  0
0.80905598034902193  -2.2001978580908048  9.5630000000000006  0
0.80506600149422203  -2.2529429817584981  9.5630000000000006  0
0.83202879691446519  -2.3306815713064895  9.5630000000000006  0
0.7975000000000001  -2.1560000000000001  9.6378222665240667  0
0.7975000000000001  2.1579999999999999  9.6378222665240667  0
0.63757505951256122  2.2218809924182019  9.5630000000000006  0
0.8320068070290233  2.2954117814904342  9.5630000000000006  0
0.792443723466837  2.4251432330700111  9.5630000000000006  0
0.76177621749225655  2.2105079576258695  9.5630000000000006  0
0.83638819354826965  2.3296852693347465  9.5630000000000006  0
0.82250640025410326  2.2254227262598585  9.5630000000000006  0
0.59669138401267263  2.3324488784015309  9.5630000000000006  0
0.79665969695599115  2.3856762051341067  9.5630000000000006  0
0.63414728969552703  2.3992219085872648  9.5630000000000006  0
0.77306820153502642  2.4002294638925727  9.5630000000000006  0
0.6879040650528303  2.1985482174928044  9.5630000000000006  0
0.59857881883228414  2.3033965441773558  9.5630000000000006  0
0.81934344272235748  2.2656038401512153  9.5630000000000006  0
0.75954275559115514  2.421131215794353  9.5630000000000006  0
0.79259916123818586  2.1961638524237221  9.5630000000000006  0
0.70989294438342787  2.1941288543370652  9.5630000000000006  0
0.68836180454385576  2.4306806924923356  9.5630000000000006  0
0.60182508834259607  2.27434350636298  9.5630000000000006  0
0.66575330806010524  2.211608925835379  9.5630000000000006  0
0.66845661805517631  2.4234999527304137  9.5630000000000006  0
0.62212102244888901  2.250958368944032  9.5630000000000006  0
0.62094669060382068  2.3820859007794155  9.5630000000000006  0
0.70991616681619674  2.4341817788560109  9.5630000000000006  0
0.73612690588801799  2.1955010884911652  9.5630000000000006  0
0.61238641891299839  2.3579605311499945  9.5630000000000006  0
0.73576111765883245  2.4331525671797731  9.5630000000000006  0
0.82066545271710378  2.3595775874767417  9.5630000000000006  0
0.78403049608110709  2.2288056507708802  9.5630000000000006  0
0.83068434092625532  2.4040102111228316  9.5630000000000006  0
0.65020872500750992  2.4129456325115735  9.5630000000000006  0
0.7975000000000001  2.4700000000000002  9.6378222665240667  0
0.7975000000000001  2.7829999999999999  9.6378222665240667  0
0.60920130958903262  3.0246515881222757  9.5630000000000006  0
0.83002495950580013  2.8329752999110096  9.5630000000000006  0
0.64683841566692191  3.0262332870638127  9.5630000000000006  0
0.60185487365203849  2.8994624225738268  9.5630000000000006  0
0.68099583008186881  3.0734893662375593  9.5630000000000006  0
0.59930226050298252  2.9284394468832105  9.5630000000000006  0
0.7820612484765237  2.8296647241956747  9.5630000000000006  0
0.75424475102878863  3.0375909974522539  9.5630000000000006  0
0.78459640820552778  3.031017115702753  9.5630000000000006  0
0.62165870873891005  2.8770986238890619  9.5630000000000006  0
0.71081954926169455  2.8196673379007264  9.5630000000000006  0
0.65024649235530163  2.8402538523356022  9.5630000000000006  0
0.82333012622731205  2.9767517774781185  9.5630000000000006  0
0.67025850346434601  3.0386466272753929  9.5630000000000006  0
0.68851306365873155  2.822462655864256  9.5630000000000006  0
0.72569987638921529  3.0559298825155827  9.5630000000000006  0
0.63850168225978265  3.0035763831750648  9.5630000000000006  0
0.66848728230374133  2.8295716102650226  9.5630000000000006  0
0.60122998162604413  2.9578118223400574  9.5630000000000006  0
0.63426848749591458  2.854833779681714  9.5630000000000006  0
0.8358687779345283  2.9500670278654622  9.5630000000000006  0
0.82870824158918954  2.8850029710149632  9.5630000000000006  0
0.61771550944784381  2.9848712076084585  9.5630000000000006  0
0.82053167346955647  3.0716657716000548  9.5630000000000006  0
0.79490641572271892  2.8654655109893445  9.5630000000000006  0
0.82623233610357161  2.9211344805073685  9.5630000000000006  0
0.76697307503125711  3.0746874353657438  9.5630000000000006  0
0.82324619595895232  3.0149517051752075  9.5630000000000006  0
0.74112672994592999  2.82479394649393  9.5630000000000006  0
0.62511377179200811  3.0683418226141113  9.5630000000000006  0
0.5635  3.0480315453498621  9.6409167232329551  0
-0.5625  3.0480578015999997  9.6409336878222227  0
-0.70335304142976129  2.826024380113032  9.5630000000000006  0
-0.7672253607300118  2.8290136996037973  9.5630000000000006  0
-0.7566948957980778  3.0617053052571985  9.5630000000000006  0
-0.74887260023660485  2.8459754454997235  9.5630000000000006  0
-0.6052608827686542  2.9606653906350364  9.5630000000000006  0
-0.79064515164549476  2.8652559222476608  9.5630000000000006  0
-0.82488216039333262  2.9211305513368542  9.5630000000000006  0
-0.69849205299461681  3.0710203144167529  9.5630000000000006  0
-0.72176516397669532  3.0399609917077481  9.5630000000000006  0
-0.62632181864927539  3.0748523299904247  9.5630000000000006  0
-0.82613102090155166  2.8848482048108437  9.5630000000000006  0
-0.83434367827655731  2.9507770316480175  9.5630000000000006  0
-0.6158854058094333  2.9916024449930916  9.5630000000000006  0
-0.64215873887043229  2.846396455710591  9.5630000000000006  0
-0.65735860754681674  3.0340232408442227  9.5630000000000006  0
-0.60198114325011509  2.9079869506805425  9.5630000000000006  0
-0.79791769685861003  3.0032413812620571  9.5630000000000006  0
-0.81952451357907619  2.9815834179135163  9.5630000000000006  0
-0.81454613431739964  3.0704920094298807  9.5630000000000006  0
-0.62104690066363444  2.8684942667561133  9.5630000000000006  0
-0.61069903035788264  3.0286248009921195  9.5630000000000006  0
-0.63968034979902699  3.0066676246918953  9.5630000000000006  0
-0.8215836466400227  2.8327316589656664  9.5630000000000006  0
-0.78371162443855658  3.0302978516340899  9.5630000000000006  0
-0.60923695035690084  2.887781536716671  9.5630000000000006  0
-0.75125488623143333  3.0326349790697078  9.5630000000000006  0
-0.59931568979170902  2.9303489563027147  9.5630000000000006  0
-0.82744983332998689  3.0218870294958089  9.5630000000000006  0
-0.67211642618588119  2.824633615809105  9.5630000000000006  0
-0.73172109631921656  2.8310357572470037  9.5630000000000006  0
-0.69052016365650937  3.0347915014836055  9.5630000000000006  0
-0.79649999999999999  2.7829999999999999  9.6751777334759357  0
-0.79649999999999999  2.4700000000000002  9.6564565498926136  0
-0.83126587379429084  2.3606557784272968  9.5630000000000006  0
-0.74001990371297499  2.1999116387927748  9.5630000000000006  0
-0.82909709609460236  2.2059511604485857  9.5630000000000006  0
-0.60280556163878696  2.3186986637509888  9.5630000000000006  0
-0.83199829330484909  2.3254259396408528  9.5630000000000006  0
-0.60914693104381279  2.364890285488165  9.5630000000000006  0
-0.6026028349472442  2.3442755426020949  9.5630000000000006  0
-0.66745272718172488  2.4235008747527016  9.5630000000000006  0
-0.68735232226407628  2.4306755962219153  9.5630000000000006  0
-0.63383476057560251  2.2273843069300647  9.5630000000000006  0
-0.79615257687198215  2.4173470433846682  9.5630000000000006  0
-0.65388453014650483  2.2079736855235166  9.5630000000000006  0
-0.61954378362392892  2.3832788564140297  9.5630000000000006  0
-0.75776766236609239  2.4181999961291227  9.5630000000000006  0
-0.61951084535901146  2.2446870325451584  9.5630000000000006  0
-0.63306615542994027  2.3994332270726457  9.5630000000000006  0
-0.82810637331927583  2.2552668703036884  9.5630000000000006  0
-0.59671873550519505  2.2895259391555451  9.5630000000000006  0
-0.60814718228835918  2.2640623806899454  9.5630000000000006  0
-0.64919922980325562  2.4129739446921752  9.5630000000000006  0
-0.70890595712413307  2.4341080175726186  9.5630000000000006  0
-0.82786564342432989  2.2843828100145132  9.5630000000000006  0
-0.73464024546214812  2.4326738164717896  9.5630000000000006  0
-0.82940385544205586  2.301124083111235  9.5630000000000006  0
-0.79397712413313648  2.2394344143690139  9.5630000000000006  0
-0.78106679885509411  2.2042463393591309  9.5630000000000006  0
-0.68356896583019711  2.2038077522053183  9.5630000000000006  0
-0.80979075101021136  2.3828126928317332  9.5630000000000006  0
-0.70914797447844491  2.1957443773837944  9.5630000000000006  0
-0.79649999999999999  2.1579999999999999  9.6378222665240667  0
-0.79649999999999999  -2.1560000000000001  9.6378222665240667  0
-0.79413484673749779  -2.3869375749886506  9.5630000000000006  0
-0.82815625370536072  -2.3708357406355045  9.5630000000000006  0
-0.79615233768794713  -2.2086680444606133  9.5630000000000006  0
-0.75776730271990622  -2.2078136414745404  9.5630000000000006  0
-0.64919912782124978  -2.4109695140513785  9.5630000000000006  0
-0.80979063313482347  -2.2432029216714207  9.5630000000000006  0
-0.70890596296881914  -2.1918923568538276  9.5630000000000006  0
-0.66745272708139614  -2.202499135606069  9.5630000000000006  0
-0.68754643683040195  -2.4286172701850766  9.5630000000000006  0
-0.63304092856104865  -2.3974071239357038  9.5630000000000006  0
-0.61954378360367679  -2.2427211435540513  9.5630000000000006  0
-0.60260282728120629  -2.281724444133526  9.5630000000000006  0
-0.59671627905119617  -2.3364701469918887  9.5630000000000006  0
-0.82787605855206081  -2.3416522641239874  9.5630000000000006  0
-0.83126593050914654  -2.2653412144675178  9.5630000000000006  0
-0.75364562566085302  -2.4070088810814747  9.5630000000000006  0
-0.82927782944642481  -2.420482957262315  9.5630000000000006  0
-0.70998606160764932  -2.4316965678524607  9.5630000000000006  0
-0.74095518885849554  -2.428290895305206  9.5630000000000006  0
-0.63306615542977929  -2.2265667729667982  9.5630000000000006  0
-0.78194465218833797  -2.4238839630641857  9.5630000000000006  0
-0.64919922979726108  -2.2130260561255262  9.5630000000000006  0
-0.68735232125198309  -2.1953244960285163  9.5630000000000006  0
-0.66747591350832081  -2.4214945963663186  9.5630000000000006  0
-0.61938011605130749  -2.3811113025916546  9.5630000000000006  0
-0.60914693084145066  -2.2611097141531986  9.5630000000000006  0
-0.60280542464720854  -2.3073011053188273  9.5630000000000006  0
-0.83199860608539911  -2.3005919493936249  9.5630000000000006  0
-0.73464031936752872  -2.193327965879567  9.5630000000000006  0
-0.82940599868493237  -2.3248877015524454  9.5630000000000006  0
-0.60812718436276647  -2.3619061671719774  9.5630000000000006  0
-0.79649999999999999  -2.468  9.6378222665240667  0
0.5635  -3.0305  9.6378221275022238  0
0.80596744100931361  -2.9979046780741521  9.5630000000000006  0
0.66845838368808119  -2.8277606653886838  9.5630000000000006  0
0.74847071426374434  -3.0434038041237135  9.5630000000000006  0
0.83125236298793681  -3.0170336244546232  9.5630000000000006  0
0.69657592599859253  -3.0390350336309839  9.5630000000000006  0
0.82196753128393629  -2.9787356060912362  9.5630000000000006  0
0.8154001771375663  -3.0648468824618691  9.5630000000000006  0
0.82714753315939671  -2.8828910683109088  9.5630000000000006  0
0.73367077751022991  -2.8280449742967613  9.5630000000000006  0
0.82262176967241307  -2.8307258025374153  9.5630000000000006  0
0.61426547026943212  -2.9910432947252157  9.5630000000000006  0
0.82592622656205128  -2.9191671840837756  9.5630000000000006  0
0.72281155854226087  -3.0578906783540631  9.5630000000000006  0
0.6779229459706555  -3.0737939634533555  9.5630000000000006  0
0.65018049659616428  -2.8393143568719523  9.5630000000000006  0
0.76840399321170583  -2.8268460883114157  9.5630000000000006  0
0.79317949927327469  -3.018746597458204  9.5630000000000006  0
0.59993802500557603  -3.0261057886674396  9.5630000000000006  0
0.62131903458972138  -3.0651062557362412  9.5630000000000006  0
0.77220673099091275  -3.0393630391989426  9.5630000000000006  0
0.70960266765348901  -2.8185367164852746  9.5630000000000006  0
0.83559153626684934  -2.9486917316477137  9.5630000000000006  0
0.60592225773429409  -2.9588536727691173  9.5630000000000006  0
0.66571437046179871  -3.0328483827596644  9.5630000000000006  0
0.6338951591493176  -2.8590369460013081  9.5630000000000006  0
0.60303565041012475  -2.9046392203733937  9.5630000000000006  0
0.61051706251104454  -2.8775161045837452  9.5630000000000006  0
0.63694651475406017  -3.0135449455955947  9.5630000000000006  0
0.79167843163514828  -2.8632505516980551  9.5630000000000006  0
0.76266191541023454  -3.0755435070920778  9.5630000000000006  0
0.75010254191045989  -2.8437438472914329  9.5630000000000006  0
0.68834927820453473  -2.8206306288466081  9.5630000000000006  0
0.60029708730110909  -2.9281675993982565  9.5630000000000006  0
-0.59747651743315011  -2.5435085842970917  9.75  0
-0.13885956559198093  -0.54306645247572227  9.75  0
-0.36949145659326343  -2.4920544233695141  9.75  0
0.09337961290320429  -2.053582409860597  9.75  0
-0.69758675585624519  -2.5417626982919588  9.75  0
-0.78888943821347712  -1.8657138416513521  9.75  0
-0.62318963996925814  1.7776322620236602  9.75  0
0.74058674384383061  -2.7040619996952535  9.75  0
0.7812960932005053  -2.5825234166115041  9.75  0
-0.5804920752590792  -2.1886909170089957  9.75  0
-0.51928940283976355  2.6915295008041165  9.75  0
-0.76592014700749655  1.3028652301580028  9.75  0
0.49968012558557096  2.8002627602567141  9.75  0
0.74674364282923023  -1.8122555171091104  9.75  0
-0.70504232565506786  -2.7083457843128325  9.75  0
0.80156508148536021  1.7662336583606251  9.75  0
-0.77779231282229955  -1.8087543068646756  9.75  0
0.62925663730454939  -2.7340939831265412  9.75  0
-0.60609953299878949  -1.8050080191552911  9.75  0
-0.69732034369367346  -1.0842448148573181  9.75  0
-0.12458281116451497  0.91031338276224993  9.75  0
0.6374272089584273  -2.6282634884152691  9.75  0
0.16305183269491877  -1.2691015668081795  9.75  0
0.70937793911705649  -1.8366052877610222  9.75  0
0.71474288456811974  1.4879936696342893  9.75  0
-0.56063139701323683  -2.7592681806883408  9.75  0
-0.78708357339905566  -2.5768682487373575  9.75  0
0.021125408187803646  2.9923175635219166  9.75  0
-0.76569745204049489  1.828910260832052  9.75  0
-0.82379599259375913  -2.6518489181183029  9.75  0
0.6347232115526884  1.6842254408720279  9.75  0
0.074417995141868809  0.79094992174674694  9.75  0
0.72016245999241346  -2.6970561650209763  9.75  0
0.72397092030068511  -1.8171763428012144  9.75  0
-0.6353963111775206  -1.6788539896390491  9.75  0
-0.77410233978793042  -1.9590162140237664  9.75  0
0.40724928187875786  -1.2202179745852264  9.75  0
0.4489829319707962  -2.4460634319941992  9.75  0
0.48409952137288376  -2.0552530636782347  9.75  0
-0.35002032712139469  -2.9458349577017953  9.75  0
0.58463095301397505  -2.6209121243384708  9.75  0
0.63891586139811229  2.6591161510004047  9.75  0
0.64578089030151975  2.6358817915933241  9.75  0
0.80854365001504214  -1.6329508828397488  9.75  0
-0.75570376560120667  -0.90491406656535922  9.75  0
0.65271039869775838  1.6971752256705475  9.75  0
0.052003290804282537  -2.274726301090467  9.75  0
0.32525279882696734  -2.4323239481581078  9.75  0
0.80187750096386989  -1.8990599428554116  9.75  0
0.60957636896177469  2.7874020494458529  9.75  0
-0.77031698601696041  2.5754857122242267  9.75  0
-0.6262450705576601  2.6700607000550725  9.75  0
-0.4019332958215186  2.9054891564645433  9.75  0
0.54870985339385503  -2.4085514406987349  9.75  0
-0.59851038971237158  -1.7589421525130602  9.75  0
0.29548652952586485  2.1121539032216061  9.75  0
0.51944688154975338  -1.8980572630093064  9.75  0
-0.80428033233122431  -1.6605512265919822  9.75  0
-0.63717086636469966  2.6095651926352179  9.75  0
-0.5715692544808868  2.7379510325282137  9.75  0
0.78394835476255464  -1.668337128533196  9.75  0
0.61842927854321261  2.1278927826510143  9.75  0
0.36596419039679889  -2.9086745376970673  9.75  0
-0.65144261149811411  1.6785090682345511  9.75  0
0.57040658220848528  2.7426744606929612  9.75  0
-0.75888332320911389  -0.17633509600501659  9.75  0
0.53162093926635801  -2.8968764316548339  9.75  0
0.50846380250040113  2.2771004875287577  9.75  0
0.65335572565368061  -2.5977037617968359  9.75  0
-0.71499097037812298  1.8223600953369781  9.75  0
-0.6266944421987598  -2.5874005496404031  9.75  0
-0.64632718824871238  -1.8022307836763818  9.75  0
-0.43068588469035896  -2.1080763043879167  9.75  0
-0.79260474556718963  1.6385215559401625  9.75  0
0.80188233814220822  -2.5541357818445833  9.75  0
-0.60313772507665853  -1.6192784652544236  9.75  0
-0.71933087473129986  -1.6488214199994686  9.75  0
-0.62423960277069979  2.7750633654767007  9.75  0
-0.66919610232921456  -1.5695223416491682  9.75  0
-0.61069978975754879  2.6318610988980393  9.75  0
0.79672796565067028  -1.7191098066552863  9.75  0
0.6985813122903346  1.5960947918956387  9.75  0
0.72192866507297049  -1.4879414062738345  9.75  0
0.40455276198520712  -2.3158057166674548  9.75  0
-0.67085255517383691  -1.6257045030907318  9.75  0
0.83208123157833791  -2.6007682336038278  9.75  0
-0.81130285760228638  1.835626824551468  9.75  0
-0.75880349054835516  -2.512804978103035  9.75  0
-0.79996173945985993  2.6620061493532257  9.75  0
0.57366383261341769  -1.6605811160273878  9.75  0
0.70045989170666823  0.55311216203103175  9.75  0
0.46768670501296966  -2.5837063622846772  9.75  0
-0.63175699743329716  1.5456285428421466  9.75  0
0.54486147406585206  -2.3450974788838721  9.75  0
-0.78975412943606838  1.7021668692756131  9.75  0
0.6339002055176215  1.1361819363772836  9.75  0
0.66379130216602578  -2.6702148307508264  9.75  0
0.70232652514068727  -1.8125376120435073  9.75  0
-0.16337938375211983  2.2582740835495603  9.75  0
-0.66228097777554051  1.11494160104489  9.75  0
0.37368042860560363  1.7607579107712923  9.75  0
-0.49121352646902011  -0.70524764962573605  9.75  0
-0.52596388832936425  -2.2091991502147286  9.75  0
0.77669232284485412  -1.6349308095914803  9.75  0
-0.66363074053317506  2.5608098331332441  9.75  0
0.48069480775630946  -1.5780865798322476  9.75  0
-0.53668901369319411  2.4192490054291329  9.75  0
0.256077741317983  -1.0808876713949898  9.75  0
0.25518776668541043  -2.3294819816105625  9.75  0
0.64136483773018615  2.7565439146428741  9.75  0
0.3104665925346759  2.2749075580333549  9.75  0
0.6410251569579305  -2.6799396583311568  9.75  0
0.5262159934006243  2.3516997183832133  9.75  0
-0.78049056881443857  2.658983472330589  9.75  0
-0.74840409026023913  -1.6490519597813997  9.75  0
0.7421094406378278  2.6943987610318469  9.75  0
-0.41930505557248615  3.030384345807672  9.75  0
0.63653436385782236  -1.7173284964031128  9.75  0
0.7937277196594843  1.621608970886103  9.75  0
-0.62249847488991494  -2.775444549194134  9.75  0
-0.79481169121394368  1.7606778619109427  9.75  0
-0.42109274646422323  1.1756439954298006  9.75  0
0.72836188983698247  -2.5494539498438726  9.75  0
0.68753229225800183  1.828082617062369  9.75  0
-0.6626879258318692  1.8138016160286492  9.75  0
-0.7019174469078151  -2.0815225448024872  9.75  0
0.5219601954034081  -2.2873128608728432  9.75  0
0.66099226255862975  2.6746046843906175  9.75  0
0.6305817376979842  -1.7718609681612079  9.75  0
0.50828270594702918  0.10760718321296017  9.75  0
-0.66927012529306695  2.7491285293517849  9.75  0
-0.55774082162595329  1.7958321421816594  9.75  0
-0.77069649647328176  -2.6742329577059873  9.75  0
-0.64629738018759031  2.6504005381792077  9.75  0
0.67592399011615645  2.6913214712276279  9.75  0
-0.51957044761886351  2.285170380750583  9.75  0
0.45198148047851294  -0.99022578371480374  9.75  0
0.66966327857669639  2.7208975250418739  9.75  0
0.37465122554968572  2.5357487811721935  9.75  0
0.65366128305562399  1.7945270788089809  9.75  0
0.47371770801835317  -2.1992409032204523  9.75  0
0.363877121644406  -2.8035854119844532  9.75  0
0.60514988787201218  -1.9903919999115196  9.75  0
0.3205425373663825  -1.9056266970607199  9.75  0
-0.52925447035152184  2.5960077447836758  9.75  0
0.5445579112685428  -2.8444870406761411  9.75  0
0.71358468976059164  0.82305994278096051  9.75  0
0.65356188651083569  -2.4826381413888137  9.75  0
0.77294707940314455  -1.7983212694824413  9.75  0
-0.78989370516661583  2.580743605087688  9.75  0
0.13821612038577721  -0.082906752558800478  9.75  0
-0.63101587869401565  1.7500738303614765  9.75  0
-0.69512705020107279  1.6459658104462638  9.75  0
0.056210098195252155  -1.7721797521867058  9.75  0
0.63009521948222924  1.6391491546430461  9.75  0
0.39485013909062266  -2.7002263680966974  9.75  0
0.35978265927984171  -2.5285953929739859  9.75  0
-0.64414145596648309  2.1445113771076394  9.75  0
-0.77369180255665815  -2.7301198746245912  9.75  0
-0.6147263045827992  -2.7062998014262565  9.75  0
0.64488301651543856  -1.7528916759259807  9.75  0
-0.80407054800181132  1.7832463609760938  9.75  0
-0.81987295247462499  -1.8205361086098908  9.75  0
-0.69740507912778826  -1.9306899318844102  9.75  0
0.70187253126731775  -0.88555950389998117  9.75  0
-0.56200211331646344  -2.4158563298928444  9.75  0
0.59476628501207296  -1.7333879971769077  9.75  0
-0.54542833503593979  2.2282887469249721  9.75  0
-0.0035080737989918306  1.2908800701667684  9.75  0
-0.7714586366048295  1.8979278419845016  9.75  0
-0.74651497972624148  -1.5073170224760855  9.75  0
-0.28979411093773882  -2.3990505455345299  9.75  0
-0.45133070858486501  -2.8636414305093805  9.75  0
-0.55549496340115811  1.7407903589370555  9.75  0
0.68028982888204081  1.6519259052098143  9.75  0
0.66941229856839124  2.5159799063217045  9.75  0
-0.67027827532319129  -2.5364321900138478  9.75  0
0.79332144987643993  -1.7448257273490824  9.75  0
0.31113992746680857  -2.1569336973529354  9.75  0
-0.64097284764236639  -2.5008967710698986  9.75  0
0.73765586283702822  2.5524894626353336  9.75  0
-0.70890802487064475  2.7069705439087555  9.75  0
-0.64964846881155824  1.7933479346511889  9.75  0
-0.3124079352105037  -0.74011390482473227  9.75  0
-0.63108402203022507  -1.8477879171069329  9.75  0
-0.47919069288131444  -2.9664012418618326  9.75  0
-0.58623248937214256  2.4381900971982686  9.75  0
-0.52910446261415645  -2.2770065439409497  9.75  0
0.33649913863673209  -1.4374407163291947  9.75  0
-0.23148937924732776  -2.9421380969062509  9.75  0
0.70368373965751396  1.8164787960864484  9.75  0
0.78318957137947687  2.5810429395527739  9.75  0
0.54744054046919344  2.0176459464718719  9.75  0
0.56567865847872578  -2.1570428729426783  9.75  0
-0.54273587138887869  -1.7135587166358459  9.75  0
-0.7187340821724334  -1.5947068991222877  9.75  0
0.64116928592160549  1.7503082281240414  9.75  0
-0.79330069764149824  2.6371163852297035  9.75  0
-0.62215118943752579  2.4769310257519335  9.75  0
-0.68833322553850484  2.5534541194372458  9.75  0
0.64854665179833959  -1.6743743403122913  9.75  0
-0.4711157371413216  2.486074776647623  9.75  0
0.55339096108883679  1.4157430815243521  9.75  0
0.81340722631650342  2.6619723015114793  9.75  0
0.14453916252725346  -2.2416239529076236  9.75  0
0.64360324546177516  2.5899575289947627  9.75  0
0.68261271339193474  -0.075015713955346647  9.75  0
-0.68873853375905836  1.9007318122149408  9.75  0
-0.72267346823235268  2.5449961287881204  9.75  0
-0.72396391306761354  -2.7412230663754396  9.75  0
0.63528652333132385  -2.1376203326834098  9.75  0
-0.77848134852640516  1.803570504922285  9.75  0
-0.39460100546563776  -2.6395716413428856  9.75  0
-0.48309060172254625  -1.8242201368263886  9.75  0
-0.48416978338296834  -0.14848054908259697  9.75  0
0.79713541208133842  -2.6448961231511907  9.75  0
0.55343771552650023  -2.2244046712980476  9.75  0
0.55224591092066133  2.2399456937636013  9.75  0
0.57871126250838256  -2.7879898866703536  9.75  0
-0.66378164943931683  -2.6895175103849223  9.75  0
-0.60579191883831995  -2.6494419115362846  9.75  0
0.63284480380749397  -2.601836297493028  9.75  0
0.59211424235961641  -2.0807018214258424  9.75  0
0.69537827865141044  0.17393924194568494  9.75  0
-0.66103357978579413  1.8547428723127706  9.75  0
0.70499059231649397  -2.5402089641314278  9.75  0
0.64233773449558274  2.5564885022135302  9.75  0
0.80071476975583966  1.6581149163129174  9.75  0
0.69981937738763644  2.7065272272646208  9.75  0
0.67020002777908405  -2.5640379269141347  9.75  0
-0.41010860007524003  0.61135838981963686  9.75  0
0.6143309128081188  -2.5723923212483815  9.75  0
-0.26327055045649117  2.9511005948300504  9.75  0
-0.791264477787886  -1.7844798263289827  9.75  0
-0.4300930355265305  2.3374736900417998  9.75  0
-0.73015057151227958  -1.8228830769286508  9.75  0
0.76231592535493065  2.5582070144765758  9.75  0
-0.77080813468607934  2.7263283476345714  9.75  0
0.64536016495254522  -1.8144672970141758  9.75  0
-0.50396525834754224  2.9463225616465132  9.75  0
-0.82596943123331512  2.5873710515585753  9.75  0
0.52025563945648468  1.619625499679588  9.75  0
0.68007681560580657  -1.8369082211918222  9.75  0
0.70601256851486527  -1.874236264364074  9.75  0
-0.6880296624697777  2.6955772470563417  9.75  0
-0.62280748817714926  1.728285655412964  9.75  0
-0.54552716237218379  -2.1411326196725078  9.75  0
-0.61734117904338315  1.6727151235075099  9.75  0
0.76058232409423498  -1.6606340998538116  9.75  0
0.014521798900894646  -0.31932648450971474  9.75  0
-0.33895034816178571  -1.9119128807935384  9.75  0
0.75999455794154536  -2.5197781380955262  9.75  0
0.740531926256636  -2.7403417963579568  9.75  0
-0.78433210721310964  -1.6119321322192948  9.75  0
-0.23503209388145627  1.6947611349247345  9.75  0
0.56389927252888139  -2.5582722331195025  9.75  0
-0.77815828032953338  2.682097781103618  9.75  0
0.76982741091976636  2.0818448095330102  9.75  0
0.58820398657883721  2.5923078868784044  9.75  0
0.80814802855683776  1.7311150187549731  9.75  0
0.50686746013010364  2.1918905764282428  9.75  0
0.80020193959946784  2.6360320345930428  9.75  0
-0.61923125951272506  -2.618245414204619  9.75  0
-0.70715771714318376  -1.6292694079571834  9.75  0
0.77497955088704162  2.6722619424576242  9.75  0
0.6626148228505474  2.5776065254938274  9.75  0
-0.0089313284660985526  0.14852380166383369  9.75  0
-0.6525480579993207  -1.6796945794382745  9.75  0
0.79767259142984148  1.7104554173986903  9.75  0
0.67800252150726548  -1.8029274416502192  9.75  0
0.1475085049111603  0.3783235687658662  9.75  0
0.6229897405225252  -2.6513420817563595  9.75  0
0.51362621834505284  -0.25313862825675543  9.75  0
-0.73266511570189841  1.6285751484694446  9.75  0
-0.44159414738842856  -2.2595174776712379  9.75  0
0.51109175354635084  2.5025960870197679  9.75  0
-0.61627416846141747  -1.7220219042924532  9.75  0
0.68044249505205345  1.8075402287308788  9.75  0
0.83069725768358038  -2.654325979849018  9.75  0
-0.74923620006590419  1.6573501913944855  9.75  0
-0.62423167236292265  1.8245574136864753  9.75  0
0.78779086216166627  2.6043957751786762  9.75  0
0.80075784585649379  1.823977689173184  9.75  0
-0.65363488781827717  -2.5805639664157569  9.75  0
0.6625775373668793  -1.6802768366505116  9.75  0
0.67466608770973746  -2.6955544364763622  9.75  0
-0.056194487602506615  -3.0051193548875856  9.75  0
-0.16716876503974196  0.7012690195485517  9.75  0
0.13518355675097765  1.4501247513949931  9.75  0
-0.75421833128266635  -1.8275939094957543  9.75  0
-0.78245599854948633  -2.6957963930159345  9.75  0
-0.42900520976655998  1.8536752144003206  9.75  0
0.65863797110779887  -1.7862452059455936  9.75  0
-0.38316413334979216  2.5607355269181666  9.75  0
-0.28298423647226695  2.3218727630369571  9.75  0
-0.56002314291002142  2.4939559658933663  9.75  0
0.5316736103536398  2.9102408857076831  9.75  0
-0.74081062724467395  -2.7058964881312706  9.75  0
-0.76971950578684156  1.6705829739550702  9.75  0
-0.67164779680916875  2.5149897441699296  9.75  0
0.10196623481422053  2.0865982944772838  9.75  0
-0.029438296378335126  -2.2545123233823738  9.75  0
-0.093078691386659085  -2.1532690471347706  9.75  0
0.21987072682455103  2.3403755068589409  9.75  0
0.78893924985450103  2.6341429319314571  9.75  0
0.64503456212248345  -1.7352381064056566  9.75  0
-0.19760752402474976  -1.750409190112207  9.75  0
0.031317397252883503  0.57960459428341005  9.75  0
0.35052829751303755  2.9664173403722915  9.75  0
-0.12521150371121362  2.9922003214856603  9.75  0
-0.72058214192758385  -2.5201484900932973  9.75  0
-0.46062740892539034  1.5558786340233244  9.75  0
-0.47248096239511517  0.35841380132460948  9.75  0
0.44819855162630723  2.6726021196999952  9.75  0
-0.52171033201210726  -0.89686894184452226  9.75  0
-0.52133771323321287  2.3527801026008732  9.75  0
0.69002021351419751  -2.5553552526140444  9.75  0
0.63207463332015212  1.774636820893527  9.75  0
-0.72297146647703947  -2.7053733223164995  9.75  0
0.716111140168459  -0.35038965378272446  9.75  0
0.45060122675190434  2.1040972512351739  9.75  0
0.59062014386297734  2.4528338983818356  9.75  0
0.65329377930322308  -1.7682737860578588  9.75  0
0.58354889216543582  2.6666232300792232  9.75  0
0.36661475914081598  0.90096285251675634  9.75  0
-0.56579914023107225  1.3619768194838762  9.75  0
-0.16871313240594527  0.41615552765144703  9.75  0
0.70778023350139563  2.5497370881051595  9.75  0
0.69619400104593943  2.7499930898304621  9.75  0
-0.66918081472591773  -2.5654210929859564  9.75  0
0.42508133633263467  2.4411214092582942  9.75  0
0.61596382807518779  2.504291090847977  9.75  0
-0.60739461275427586  2.5935248616314945  9.75  0
0.77973859881094842  2.6920944467717787  9.75  0
-0.74371608960273605  -2.5476491469921889  9.75  0
0.50644011294386282  0.65183011638686017  9.75  0
0.78796808986072164  2.6528717613680599  9.75  0
-0.23862972577920918  -0.32260434490507445  9.75  0
-0.47044486177424449  -2.7572251615080297  9.75  0
0.80257143910865636  -2.6708809488095375  9.75  0
-0.8216586701764671  -2.5928334156846113  9.75  0
0.57429543216591228  2.1894738068556707  9.75  0
0.78062208938485667  -2.6838114888459481  9.75  0
-0.68864595239322335  0.56259435075777786  9.75  0
0.71170523445874279  -0.61633561684614924  9.75  0
0.69144804238167101  -2.1285007608117605  9.75  0
-0.41064423176035197  2.8020976215050113  9.75  0
-0.51417954814334832  2.8608621562227223  9.75  0
0.48000155184063198  -2.7830142247346004  9.75  0
-0.62910810036737641  2.7138695550295107  9.75  0
-0.70378008952374871  -1.8277443221210394  9.75  0
0.76994195366307283  -1.8414619738067466  9.75  0
0.71200352503974218  1.6488884752154493  9.75  0
-0.57322251424112891  2.8083075835645626  9.75  0
-0.66370617455175096  -2.6694549979248117  9.75  0
0.27836539506372404  0.14136988998844827  9.75  0
0.61948997294961239  2.633285646897487  9.75  0
-0.41210170213359576  2.6846446918006301  9.75  0
-0.80594669113267259  -2.53309530358323  9.75  0
-0.24306992601903113  -0.99584567851629013  9.75  0
0.65007617832405784  -2.5806259696941147  9.75  0
0.75349972238471774  -2.5637736100979573  9.75  0
-0.28038226262227639  2.154882317089696  9.75  0
0.67198947651796381  2.5580393487010658  9.75  0
-0.547592840176233  -2.3797929643461835  9.75  0
0.66179507024333106  1.8335383836865378  9.75  0
-0.73883341500396438  1.8356638486643859  9.75  0
-0.67600132841716598  -1.8712569976722804  9.75  0
0.47876417854666625  -0.47062331548204922  9.75  0
-0.68389333600807956  -2.5559684662857727  9.75  0
0.81724317689425263  2.6118977714275888  9.75  0
-0.61218452457972217  -2.1452900797483938  9.75  0
0.73397216156955936  -1.8439031575804348  9.75  0
-0.73359804534124262  2.7043345666925362  9.75  0
-0.81011437740699677  2.6177358638222401  9.75  0
-0.1468135001666544  -0.097959354546625382  9.75  0
0.7212982827332548  2.6966599698406379  9.75  0
-0.71038789513638723  1.8552689858957667  9.75  0
0.53648582696656966  1.7495640022564245  9.75  0
0.63639479813557753  1.7179845620856486  9.75  0
-0.54290875112364712  0.13528942502957247  9.75  0
0.53432702915862051  -2.6980305223598839  9.75  0
-0.64969966272594837  -2.5987276078476191  9.75  0
0.76182132708296357  2.6867091069030802  9.75  0
0.62325286989739759  1.5519435013516107  9.75  0
0.45867464684103348  -0.7346232440410112  9.75  0
-0.65712944026201703  -2.0983144336019453  9.75  0
-0.69030757683693711  2.7215347090118822  9.75  0
0.72588789519468255  -2.5208627298734325  9.75  0
-0.58139069299536816  2.6737126807622618  9.75  0
0.79268563496567157  2.67862599439687  9.75  0
-0.53576462829716154  -2.8342149361279962  9.75  0
0.60656240860665622  1.8102836888793863  9.75  0
0.033681003538575643  -2.1952417726476035  9.75  0
0.57134768535243019  -1.396028448640112  9.75  0
-0.69792015853309508  -1.3187348533037384  9.75  0
-0.64309456412944965  -2.5525930493156821  9.75  0
-0.75807257716986187  2.5589182285719811  9.75  0
0.73059496981101413  1.8197333068024437  9.75  0
0.069799332002126624  1.0433259998411686  9.75  0
0.48913058440140644  2.4097064926487173  9.75  0
-0.098318233229515786  -1.581180485469694  9.75  0
-0.33270864327452998  2.7544004060752605  9.75  0
0.82090465767708276  -1.6852224219914418  9.75  0
0.33101820518302116  1.529385626311988  9.75  0
0.7639279161734861  -1.332278742225274  9.75  0
0.54066489009965835  -2.4953576854531971  9.75  0
0.65110455622220853  -1.6938452963695902  9.75  0
0.81020780757202637  -2.6248263900419255  9.75  0
0.72416964795906014  2.5405872797526405  9.75  0
0.71040511951490481  -1.5912328117766401  9.75  0
-0.67312886229190005  1.6639223265503387  9.75  0
-0.77195247577238935  2.5209034890873103  9.75  0
0.22376061863370483  -0.8717923567003627  9.75  0
0.67062327620083639  2.0305631326193354  9.75  0
-0.63568350527695983  -1.7744581588335573  9.75  0
0.63933584483783146  2.6137225306544143  9.75  0
-0.79345254501956142  2.6099370907148529  9.75  0
-0.80717769768028258  -1.68920113896461  9.75  0
0.75157264439577642  1.8483337713776495  9.75  0
0.78392878430854263  1.5660230517595304  9.75  0
0.57486212764690447  2.8152925499597594  9.75  0
-0.71884257682493091  2.7448657356885473  9.75  0
-0.061878560612560418  2.262801304978614  9.75  0
0.22146834293190759  -2.9676852082886334  9.75  0
-0.66361352104338733  2.5804688798108373  9.75  0
-0.50826283423929119  -2.5489300033359683  9.75  0
-0.74451396077330334  1.5692457377607509  9.75  0
-0.48447707159419146  1.7118110230594543  9.75  0
0.76206228843336088  1.6568187755033503  9.75  0
0.75157438369985119  2.7421429112782598  9.75  0
0.81957406309004011  -2.7127606902523898  9.75  0
-0.45219544063662209  2.045012294734978  9.75  0
-0.70490977585883507  2.542263172214053  9.75  0
0.39727179652461553  2.8234196409001724  9.75  0
-0.78568884724487287  1.6823945978602701  9.75  0
-0.69059159946402637  1.6049771553804868  9.75  0
0.46656798154599072  2.8894039092074784  9.75  0
-0.58653190739461414  -2.8139890138703723  9.75  0
-0.67182625657075401  -1.8190214103777116  9.75  0
0.78724631215880592  -1.5775887542749056  9.75  0
-0.50550609867552521  -2.3372682060112417  9.75  0
0.63562001970916659  -1.647823462605948  9.75  0
-0.69191461386340669  -1.6519347153642991  9.75  0
-0.71380302710030064  -0.39995842654479669  9.75  0
-0.71001781174148137  1.9834154913713562  9.75  0
-0.61965780480063659  -1.9327546336258981  9.75  0
-0.63200602781627624  -1.7488377228631615  9.75  0
0.72622581757585081  -1.9625546334256838  9.75  0
-0.55917498920013142  -1.7914823703596583  9.75  0
0.66792292075524884  -1.6637958588674873  9.75  0
0.63055156462474837  -1.7418531206513108  9.75  0
-0.43867251386627987  2.2183312462614739  9.75  0
-0.027430240309101277  1.9108254576519836  9.75  0
0.41657501488401238  2.2165243450063929  9.75  0
0.74542225886840374  -1.6352507039986757  9.75  0
-0.52737955316627938  -2.8995098881102099  9.75  0
0.71921801286751086  -2.7172101977137224  9.75  0
-0.1213617178135875  -1.9528886255554239  9.75  0
0.60225908434831443  -2.4564618044112705  9.75  0
-0.34672498806270813  -2.7774679782718152  9.75  0
0.64268851936954574  -2.5533006295844185  9.75  0
0.75456763051062226  1.3349826140422953  9.75  0
-0.78913797516769268  -2.5993685553163277  9.75  0
-0.68828993826989315  -2.6968097399377955  9.75  0
0.033788000837149085  -1.0549306306620898  9.75  0
0.2884687311703269  -0.29608585207778831  9.75  0
-0.78010953809631067  2.5548853911484795  9.75  0
-0.63272091087405669  1.7032239577457635  9.75  0
-0.81550385285136417  1.7374231104578208  9.75  0
-0.81235953539389039  -1.7702718639116133  9.75  0
0.28243486512731858  2.8556695582043865  9.75  0
0.48167597950520047  -1.7484434620344247  9.75  0
-0.68942301574922915  1.8219274703472645  9.75  0
-0.38957777613744288  -1.7247358577876637  9.75  0
0.68942339815747944  2.1207610063450093  9.75  0
-0.64109741823571076  -2.613381518710661  9.75  0
0.58521329493174268  -1.807952276372143  9.75  0
-0.72251403380697898  0.28938082558943429  9.75  0
0.59419392558642725  1.6931187159367032  9.75  0
0.26832657691018413  0.61217123732789691  9.75  0
0.79193396844909913  -2.6237143055514118  9.75  0
-0.82094662219716408  2.6954177287466901  9.75  0
-0.69994284130101037  -2.123736670968817  9.75  0
0.18049385790777142  2.9684794996641983  9.75  0
-0.24927613029745402  -2.0775996490826052  9.75  0
-0.81084746602217972  2.5406381236244404  9.75  0
-0.35428392120398156  2.4405763604892976  9.75  0
0.48224533961260035  0.37201395258500292  9.75  0
0.76212909648138349  2.7078832084900766  9.75  0
-0.29516781311060808  -1.5617154901896717  9.75  0
-0.74271815965660171  1.4564164250723315  9.75  0
0.33376569656064087  2.7577613329968167  9.75  0
0.53943227815085681  2.1258926814077492  9.75  0
-0.64399876945890566  2.628406437777405  9.75  0
0.64989919693386278  -2.6524321680326475  9.75  0
0.74760276216571353  -1.8839022328333925  9.75  0
-0.30356909670565663  0.13550114418834808  9.75  0
-0.80796602102299486  1.6917247378614597  9.75  0
-0.27634243921542628  1.3849725083708104  9.75  0
0.79713579389737865  -2.600364747732383  9.75  0
0.77299707054501898  -2.7182473031310992  9.75  0
0.6733348220613885  -1.6297344728321828  9.75  0
-0.49616523310538801  -2.4294954546499916  9.75  0
-0.66192283077734926  2.6797733580623655  9.75  0
-0.82826442699858449  2.6361328850831511  9.75  0
0.79295670971075105  2.6208925198987845  9.75  0
0.044822902953917297  2.2325116908147828  9.75  0
0.70744714966352129  2.5159720822715661  9.75  0
0.29823035861850866  1.2519211473682095  9.75  0
-0.79047669871261905  -2.6682255344343471  9.75  0
-0.59194988150913164  1.9140489648628907  9.75  0
0.39854537069268586  1.9630415392818938  9.75  0
-0.16227473318880642  -3.0011704766399432  9.75  0
0.6345558436351092  2.7014164102868214  9.75  0
0.66396747972968195  -1.1495334390002252  9.75  0
-0.73219299020526907  -1.8717436956351137  9.75  0
-0.79740238415387488  -2.6198340299490024  9.75  0
-0.72181203764624968  1.6544989491733972  9.75  0
-0.57888233154701996  -2.0558429490143366  9.75  0
-0.73281475835113441  0.04127849169456535  9.75  0
-0.75432244510357804  2.6918831840247357  9.75  0
-0.054948621257788155  1.4998959528634328  9.75  0
-0.63792272778038017  -1.6983296701642716  9.75  0
0.40176826488601863  -0.0760433684636726  9.75  0
0.62357278031259211  -1.6876944941588985  9.75  0
-0.53392848120404135  -2.6666913619230757  9.75  0
-0.6864090345647188  -2.4990793792361305  9.75  0
0.49407780009297197  -2.3603545041618772  9.75  0
-0.68496009612247388  -2.0200334498341621  9.75  0
-0.15609080801107331  -1.3181374001917481  9.75  0
-0.61422317483024869  2.5458569574614658  9.75  0
0.75062667717933862  0.35754370919302353  9.75  0
-0.60761702025527498  -1.5017101709183174  9.75  0
0.76511207686489935  -2.0910760106129236  9.75  0
0.8088639554686865  2.5407104355779766  9.75  0
-0.72373537494835927  2.5093925322237522  9.75  0
-0.64754087587369069  1.6356396664412776  9.75  0
-0.76777035018308271  -2.5609907861454246  9.75  0
0.55377835719575674  2.4129234217981419  9.75  0
0.72862751794371328  2.7160000184814921  9.75  0
0.32043466395991665  2.4181643500372996  9.75  0
0.8240607551951723  1.6894137177606052  9.75  0
0.18344832653304421  -0.5756806829160156  9.75  0
-0.58303068045657003  -2.4665441328283721  9.75  0
0.79008850678409481  -1.7710973097253819  9.75  0
-0.56679278463522242  -1.8577464549775773  9.75  0
0.29608598933754748  -1.6575498469204313  9.75  0
-0.57075720488768611  1.6377127966205487  9.75  0
-0.59579723121236083  1.7497651475234353  9.75  0
-0.44962749976912919  -1.4095626953889746  9.75  0
0.18318504414705897  2.2240385102303328  9.75  0
0.66941677539343769  -2.0646980264622434  9.75  0
0.62416814741777737  -1.5699562031317837  9.75  0
0.8148657242389501  -1.8102308314487763  9.75  0
-0.71899643827380633  -2.5495748005224832  9.75  0
-0.46078875688117815  -1.1702731897761187  9.75  0
0.711131450096113  -1.6451041219825704  9.75  0
-0.63997173302157617  -1.6571929764781046  9.75  0
0.46141116063708199  -2.8632985358856882  9.75  0
0.70192442976041425  -2.7032450759223647  9.75  0
-0.25263558484361276  1.9634289949576402  9.75  0
-0.7263868432161058  0.84521254428032144  9.75  0
0.60278346534190763  -2.6765945765607153  9.75  0
-0.64434057793080135  -2.6647127055451465  9.75  0
0.38962932854670046  -3.01633489526693  9.75  0
-0.46282947206394792  2.4069941829408052  9.75  0
-0.19376804097502462  1.1172784778215148  9.75  0
0.78343261812671039  -2.660556842623151  9.75  0
-0.11687976300213718  -2.2781888675171307  9.75  0
-0.43867020514152172  -0.50536992470428921  9.75  0
-0.39476175817069575  -2.3634890470832364  9.75  0
0.10446934588264235  1.6802368081146899  9.75  0
0.53868733783511302  2.8600048557734077  9.75  0
0.76753928689586814  -2.5609957784224866  9.75  0
-0.67179466525248599  -2.7362209673346238  9.75  0
-0.58203610736024014  -2.6027204502771735  9.75  0
0.75083292314808625  2.52104590546451  9.75  0
0.12754833782077224  2.3000520715683113  9.75  0
0.27773153457793776  -2.8582184310186425  9.75  0
0.74740378897085136  1.6247009256378691  9.75  0
-0.55885157935569285  2.1569477421493857  9.75  0
-0.81992558870323828  -2.7157125309766355  9.75  0
0.099796722676232671  -1.5055059794248586  9.75  0
-0.72121207199193693  2.0988953122795659  9.75  0
-0.77326794935526766  -1.6582141937215618  9.75  0
-0.66750195564376569  2.7115529478583595  9.75  0
-0.58306577980036411  1.7064542162126892  9.75  0
0.76093960250343728  1.9309781997916164  9.75  0
-0.50283052807551587  -1.9480452273373459  9.75  0
-0.50051119833411239  2.7644725411434461  9.75  0
0.61202224717590192  -2.521001880925692  9.75  0
0.63839475422744696  -1.8831487228722006  9.75  0
-0.76874155492864171  -2.5388198559154485  9.75  0
-0.7355107610599958  -1.6264304401414256  9.75  0
-0.69281692202965162  -0.67996622200292289  9.75  0
-0.6130951440103406  2.0566577319727806  9.75  0
-0.76565435294494855  -2.0851591585424392  9.75  0
-0.66771411990483964  -1.6605196878491182  9.75  0
0.76467159618283398  2.5746859268592979  9.75  0
-0.75861338463291439  -2.6911054632751803  9.75  0
-0.79093123517548236  -2.6404047928013097  9.75  0
0.6669021212687779  -2.5308818857304991  9.75  0
-0.74019308617647006  2.5443516354609992  9.75  0
0.63832281939675095  1.9065717075044866  9.75  0
0.067406322248488068  -3.0010013460692484  9.75  0
0.76019676588886231  1.8093627607143845  9.75  0
0.60773808953149766  1.7489116826398778  9.75  0
0.4280480653602719  2.3408914134413434  9.75  0
-0.042096311039291998  -0.79660402581174572  9.75  0
-0.48113003764652157  -1.588193394833421  9.75  0
0.4797027405599944  -2.9422715319573691  9.75  0
0.69310938653836396  -2.7427385958021016  9.75  0
-0.40763403610281068  0.90040476815916992  9.75  0
-0.64426486973588504  2.5839093484120284  9.75  0
-0.091393239357424133  2.1239467935040519  9.75  0
0.69013526045409979  2.5466013791766504  9.75  0
-0.7833041992204921  -1.679074211031486  9.75  0
0.51677286561722924  1.8676036633443869  9.75  0
0.69417135816159914  -2.5011995413210317  9.75  0
0.6905787997930215  -1.6584504228514101  9.75  0
0.47998620888742266  2.9771266374771712  9.75  0
-0.64005700063798299  -2.6361012828334576  9.75  0
0.20780416840946356  1.9185656900616246  9.75  0
-0.26353017991134847  -2.2639206620530561  9.75  0
-0.30232517560225219  2.8413178195345616  9.75  0
0.66081254556085989  1.6752206882598761  9.75  0
0.70494172544060141  1.8551391176358258  9.75  0
0.65174813790742792  1.7709009759468819  9.75  0
0.74634313372397942  -2.5466751440218141  9.75  0
0.75789649877865528  -2.6896564923267627  9.75  0
-0.61230942846719827  -1.6812556513103036  9.75  0
0.77919961208768784  1.7897316653371731  9.75  0
0.80621916538724692  2.7155874850909987  9.75  0
0.78807062316352838  1.6930366569563944  9.75  0
0.73550389794329651  1.657191568589544  9.75  0
0.78900420015427775  -1.6948482912830898  9.75  0
-0.55783377525058586  0.72972793850591966  9.75  0
0.81557719121171424  -1.7448422160216641  9.75  0
-0.81505877213028777  -1.7271952625531048  9.75  0
-0.67378854445018954  -2.7875447031965166  9.603157228594819  0
-0.59440121590288042  -2.8424722697531748  9.6150635479018156  0
-0.60904806734452266  -2.8258412196991127  9.7022609241936308  0
-0.63045964009525124  -2.8082176447340617  9.6228726717069399  0
-0.57473370097251719  -2.8764421659573229  9.6893898653705559  0
-0.5694458797705102  -2.8909688231454722  9.6018555790156945  0
-0.65949367635722911  -2.7925899803678269  9.6906915149647386  0
-0.5625  -3.0305  9.6378221275022238  0
-0.69022658812013116  -2.3958621737177808  9.5054826183004764  0
-0.64167276120828576  -2.2680702221762852  9.4336010346816277  0
-0.65836806039942941  -2.2470661887775454  9.5104493993888291  0
-0.64962949898015365  -2.3675797093306121  9.4312240433925165  0
-0.63050205631221945  -2.3025866102427344  9.4142024269917943  0
-0.64121726144495983  -2.3551234080452055  9.512014485042684  0
-0.67071178022931699  -2.3864884960993904  9.4366521576698066  0
-0.63980561723810381  -2.2715099503368523  9.5186332370872861  0
-0.63000881752969362  -2.310750750222355  9.4729694379062472  0
-0.63285330538555218  -2.2897088873848901  9.4727961446721523  0
-0.66106601128290832  -2.3793319162065432  9.5106232359215568  0
-0.6942517207995732  -2.3971132830750768  9.4225902926086214  0
-0.66519404914104685  -2.2413549322102182  9.4277624286676591  0
-0.6311821953159571  -2.3264170380161575  9.5189804144145196  0
-0.69313245964870429  -2.2272135748098472  9.4211322084778271  0
-0.63356389825735271  -2.3368617903772568  9.434294188984726  0
-0.6310983277625728  -2.2981004428091634  9.5246195434356569  0
-0.68886824434414973  -2.2286080995734476  9.5041670813978421  0
-0.80596717361545078  -2.3254812291622313  9.4377434975772108  0
-0.74787198015361633  -2.3954837516038632  9.4334850833627062  0
-0.76602869642118598  -2.2373456430172842  9.5016380678406342  0
-0.80545635603337096  -2.2955427175573351  9.4288390189859523  0
-0.79092199361387772  -2.3628655565288676  9.5207499153857729  0
-0.79505582021286181  -2.2675989145229982  9.4282394033416121  0
-0.80138156866045007  -2.28096944124926  9.5081000903614505  0
-0.74322978897267378  -2.3969746287862854  9.5160090141811882  0
-0.78657977898573872  -2.2554544989123539  9.5078390880113552  0
-0.74269303013571863  -2.2268709961713857  9.5154656410077791  0
-0.79822452543591149  -2.3504219994797082  9.4620603044524714  0
-0.77559331363617856  -2.2443789711846902  9.4279049849738232  0
-0.74667803442196545  -2.2281057309697823  9.432625466975928  0
-0.80445420399592837  -2.333074269036584  9.5160511027159416  0
-0.7982509306735649  -2.350367161175936  9.4044450011476748  0
-0.76823884520520269  -2.3852003912397528  9.5045881340710245  0
-0.80686872644167074  -2.3071814745951507  9.5027896771102842  0
-0.78068056306017797  -2.3749748170106053  9.4312921416507702  0
0.68988112399888402  -2.3953964758513839  9.431053224807604  0
0.66007701701106281  -2.3775832226464702  9.4186276750020657  0
0.64577137588256361  -2.2630475742608214  9.4607790266955174  0
0.63917143352299022  -2.2748574178637426  9.5204650143601359  0
0.69403242777539409  -2.3967564319977219  9.5148562518564486  0
0.66560543961314711  -2.3821970537893709  9.4989388191218005  0
0.63264899711787126  -2.3290045081777881  9.4318231063647087  0
0.63390665227017462  -2.3344950844497454  9.5182149952231185  0
0.63365483973107661  -2.2904858544579887  9.431312707208054  0
0.69356245432080854  -2.2273862084282952  9.4214808104051073  0
0.65915979943234848  -2.2472596710275918  9.5149477239070386  0
0.63119951624056969  -2.3060607603306003  9.5046399376944493  0
0.64293595618984567  -2.3563869034224818  9.4072648790743649  0
0.66335833298119384  -2.2435868198053219  9.429372568439522  0
0.64422111051777808  -2.3585332010324178  9.4681300247103746  0
0.64394499751693113  -2.2659164714916114  9.4077499256710766  0
0.64624449503685111  -2.3616576378072303  9.5338985480322975  0
0.6893402872395622  -2.2287975858150264  9.5049780568958155  0
0.74566730700079842  -2.2274569811023643  9.4199041011990712  0
0.76740231867665853  -2.3864151722795817  9.5020686388711884  0
0.79850034386758351  -2.3518897940431329  9.4309069887283918  0
0.75371757539712703  -2.2303825537403799  9.5026061463066522  0
0.80683213768791329  -2.3263299590669111  9.4076924796457764  0
0.79470699247824095  -2.2653506882968482  9.4216926825631031  0
0.79877254143831422  -2.2726539179344276  9.5008398301665036  0
0.7815608253358387  -2.2489071798170777  9.5330353434041637  0
0.77736813102100655  -2.3789591622717579  9.4286054440814411  0
0.80336195499258511  -2.3402740606355299  9.515714132051091  0
0.74786142325003158  -2.3958324499894434  9.4327782915268514  0
0.80684646840805596  -2.2977576526990635  9.429482027143619  0
0.80705511544510788  -2.3248977424146178  9.4607370683070204  0
0.80782724205634238  -2.3064729473749281  9.5198511999180475  0
0.77354639513000312  -2.2419197804409006  9.4207150310964352  0
0.78844156266866328  -2.3674915393263043  9.5094731195333306  0
0.7437799198783146  -2.3971042624708221  9.5155496717743748  0
0.78245111973928949  -2.2497954461187151  9.4757829313385962  0
0.66007701701106281  -3.0025832226464702  9.4186276750020657  0
0.64577137588256361  -2.8880475742608214  9.4607790266955174  0
0.6893402872395622  -2.8537975858150264  9.5049780568958155  0
0.63390665227017462  -2.9594950844497454  9.5182149952231185  0
0.68988112399888402  -3.0203964758513839  9.431053224807604  0
0.66560543961314711  -3.0071970537893709  9.4989388191218005  0
0.64394499751693113  -2.8909164714916114  9.4077499256710766  0
0.64422111051777808  -2.9835332010324178  9.4681300247103763  0
0.64293595618984567  -2.9813869034224818  9.4072648790743649  0
0.69403242777539398  -3.0217564319977219  9.5148562518564486  0
0.63917143352299022  -2.8998574178637426  9.5204650143601359  0
0.63264899711787126  -2.9540045081777881  9.4318231063647087  0
0.65915979943234848  -2.8722596710275918  9.5149477239070386  0
0.63119951624056969  -2.9310607603306003  9.5046399376944493  0
0.64624449503685111  -2.9866576378072303  9.5338985480322975  0
0.63365483973107661  -2.9154858544579887  9.431312707208054  0
0.66335833298119384  -2.8685868198053219  9.429372568439522  0
0.69356245432080854  -2.8523862084282952  9.4214808104051073  0
0.7670286964211861  -2.8623456430172842  9.4363619321593664  0
0.78757977898573872  -2.8804544989123539  9.4301609119886454  0
0.74887198015361633  -3.0204837516038632  9.5045149166372944  0
0.80238156866045007  -2.90596944124926  9.4298999096385501  0
0.74767803442196556  -2.8531057309697823  9.5053745330240726  0
0.80645635603337096  -2.9205427175573351  9.5091609810140483  0
0.78168056306017797  -2.9999748170106053  9.5067078583492304  0
0.79922452543591138  -2.9754219994797082  9.4759396955475292  0
0.79192199361387772  -2.9878655565288676  9.4172500846142277  0
0.74369303013571864  -2.8518709961713857  9.4225343589922215  0
0.79605582021286181  -2.8925989145229982  9.5097605966583885  0
0.74422978897267389  -3.0219746287862854  9.4219909858188124  0
0.77659331363617867  -2.8693789711846902  9.5100950150261774  0
0.80696717361545078  -2.9504812291622313  9.5002565024227899  0
0.80545420399592849  -2.958074269036584  9.421948897284059  0
0.80786872644167063  -2.9321814745951507  9.4352103228897164  0
0.7992509306735649  -2.975367161175936  9.5335549988523258  0
0.76923884520520269  -3.0102003912397528  9.4334118659289761  0
-0.69256245432080854  2.8543862084282954  9.4214808104051073  0
-0.65815979943234848  2.8742596710275921  9.5149477239070386  0
-0.6590770170110628  3.0045832226464704  9.4186276750020657  0
-0.64193595618984567  2.983386903422482  9.4072648790743649  0
-0.6883402872395622  2.8557975858150266  9.5049780568958155  0
-0.64322111051777808  2.985533201032418  9.4681300247103746  0
-0.6447713758825635  2.8900475742608216  9.4607790266955174  0
-0.64524449503685111  2.9886576378072305  9.5338985480322975  0
-0.63290665227017462  2.9614950844497456  9.5182149952231185  0
-0.64294499751693113  2.8929164714916116  9.4077499256710766  0
-0.68888112399888402  3.0223964758513842  9.431053224807604  0
-0.66460543961314711  3.0091970537893711  9.4989388191218005  0
-0.63164899711787137  2.9560045081777884  9.4318231063647087  0
-0.63019951624056958  2.9330607603306005  9.5046399376944493  0
-0.66235833298119384  2.8705868198053222  9.429372568439522  0
-0.6326548397310765  2.9174858544579889  9.431312707208054  0
-0.69303242777539398  3.0237564319977221  9.5148562518564486  0
-0.63817143352299022  2.9018574178637428  9.5204650143601359  0
-0.76602869642118598  2.8643456430172844  9.4363619321593664  0
-0.74667803442196545  2.8551057309697825  9.5053745330240726  0
-0.80596717361545078  2.9524812291622315  9.5002565024227899  0
-0.74322978897267389  3.0239746287862856  9.4219909858188124  0
-0.80545635603337096  2.9225427175573353  9.5091609810140483  0
-0.77559331363617856  2.8713789711846904  9.5100950150261774  0
-0.76823884520520269  3.012200391239753  9.4334118659289761  0
-0.74787198015361633  3.0224837516038634  9.5045149166372944  0
-0.80686872644167074  2.9341814745951509  9.4352103228897164  0
-0.78068056306017797  3.0019748170106055  9.5067078583492304  0
-0.79822452543591149  2.9774219994797084  9.4759396955475292  0
-0.74269303013571863  2.853870996171386  9.4225343589922215  0
-0.79092199361387772  2.9898655565288679  9.4172500846142277  0
-0.7982509306735649  2.9773671611759362  9.5335549988523258  0
-0.80138156866045007  2.9079694412492603  9.4298999096385501  0
-0.78657977898573872  2.8824544989123542  9.4301609119886454  0
-0.80445420399592837  2.9600742690365842  9.421948897284059  0
-0.79505582021286181  2.8945989145229984  9.5097605966583885  0
-0.64524449503685111  2.3636576378072305  9.5338985480322975  0
-0.63164899711787137  2.3310045081777884  9.4318231063647087  0
-0.64193595618984567  2.358386903422482  9.4072648790743649  0
-0.6326548397310765  2.2924858544579889  9.431312707208054  0
-0.63019951624056958  2.3080607603306005  9.5046399376944493  0
-0.66460543961314711  2.3841970537893711  9.4989388191218005  0
-0.66235833298119384  2.2455868198053222  9.429372568439522  0
-0.63290665227017462  2.3364950844497456  9.5182149952231185  0
-0.65815979943234848  2.2492596710275921  9.5149477239070386  0
-0.6883402872395622  2.2307975858150266  9.5049780568958155  0
-0.64294499751693113  2.2679164714916116  9.4077499256710766  0
-0.64322111051777808  2.360533201032418  9.4681300247103746  0
-0.63817143352299022  2.2768574178637428  9.5204650143601359  0
-0.68888112399888402  2.3973964758513842  9.431053224807604  0
-0.6590770170110628  2.3795832226464704  9.4186276750020657  0
-0.69256245432080854  2.2293862084282954  9.4214808104051073  0
-0.6447713758825635  2.2650475742608216  9.4607790266955174  0
-0.69303242777539398  2.3987564319977221  9.5148562518564486  0
-0.74667803442196545  2.2301057309697825  9.5053745330240726  0
-0.76823884520520269  2.387200391239753  9.4334118659289761  0
-0.77559331363617856  2.2463789711846904  9.5100950150261774  0
-0.76602869642118598  2.2393456430172844  9.4363619321593664  0
-0.74787198015361633  2.3974837516038634  9.5045149166372944  0
-0.80596717361545078  2.3274812291622315  9.5002565024227899  0
-0.7982509306735649  2.3523671611759362  9.5335549988523258  0
-0.79822452543591149  2.3524219994797084  9.4759396955475292  0
-0.74322978897267389  2.3989746287862856  9.4219909858188124  0
-0.78068056306017797  2.3769748170106055  9.5067078583492304  0
-0.80445420399592837  2.3350742690365842  9.421948897284059  0
-0.80138156866045007  2.2829694412492603  9.4298999096385501  0
-0.78657977898573872  2.2574544989123542  9.4301609119886454  0
-0.74269303013571863  2.228870996171386  9.4225343589922215  0
-0.80545635603337096  2.2975427175573353  9.5091609810140483  0
-0.79505582021286181  2.2695989145229984  9.5097605966583885  0
-0.80686872644167074  2.3091814745951509  9.4352103228897164  0
-0.79092199361387772  2.3648655565288679  9.4172500846142277  0
0.64751400621989219  2.3654807410542067  9.41027384855024  0
0.64883788413700405  2.3672833499487838  9.4847890453636321  0
0.66510930174327454  2.3838133364275467  9.5206319564161603  0
0.66775500144183597  2.3857962751416508  9.4424258191092711  0
0.66668708962847856  2.2429855895040336  9.499680878989345  0
0.69424944439121361  2.2291786616384321  9.5150114161240538  0
0.63546757501221907  2.2862366869651161  9.4980051707545421  0
0.63109513062197786  2.3181023249816226  9.5124689469601673  0
0.63976922160785976  2.2755909779220636  9.4149264837930478  0
0.63773097833989278  2.3478537604521108  9.5277084982612799  0
0.64803615199101716  2.261796854235123  9.4729926708626788  0
0.69456679706293545  2.3989151658498007  9.4237159653914286  0
0.66025296040541592  2.2482577890600126  9.4205693548153135  0
0.63115298877272663  2.3087984995234034  9.4278712580909314  0
0.63522012286738871  2.3410028204177258  9.444725420959001  0
0.6900959248566797  2.2305275472687787  9.4314062929690969  0
0.69103922567532217  2.3977987728122541  9.5075950146388379  0
0.64735997919828048  2.2627353201636109  9.5318082803706421  0
0.74767803442196556  2.2301057309697825  9.432625466975928  0
0.77659331363617867  2.2463789711846904  9.4279049849738232  0
0.76923884520520269  2.387200391239753  9.5045881340710245  0
0.78757977898573872  2.2574544989123542  9.5078390880113552  0
0.74369303013571864  2.228870996171386  9.5154656410077791  0
0.78168056306017797  2.3769748170106055  9.4312921416507702  0
0.79922452543591138  2.3524219994797084  9.4620603044524714  0
0.7670286964211861  2.2393456430172844  9.5016380678406342  0
0.74887198015361633  2.3974837516038634  9.4334850833627062  0
0.74422978897267378  2.3989746287862856  9.5160090141811882  0
0.79192199361387772  2.3648655565288679  9.5207499153857729  0
0.7992509306735649  2.3523671611759362  9.4044450011476748  0
0.80545420399592849  2.3350742690365842  9.5160511027159416  0
0.80786872644167063  2.3091814745951509  9.5027896771102842  0
0.80696717361545078  2.3274812291622315  9.4377434975772108  0
0.80238156866045007  2.2829694412492603  9.5081000903614505  0
0.79605582021286181  2.2695989145229984  9.4282394033416121  0
0.80645635603337096  2.2975427175573353  9.4288390189859523  0
0.69424944439121361  2.8541786616384321  9.5150114161240538  0
0.63109513062197786  2.9431023249816226  9.5124689469601673  0
0.66510930174327454  3.0088133364275467  9.5206319564161603  0
0.66668708962847856  2.8679855895040336  9.499680878989345  0
0.64803615199101716  2.886796854235123  9.4729926708626788  0
0.63546757501221907  2.9112366869651161  9.4980051707545421  0
0.64735997919828048  2.8877353201636109  9.5318082803706421  0
0.63976922160785976  2.9005909779220636  9.4149264837930478  0
0.63522012286738871  2.9660028204177258  9.444725420959001  0
0.64883788413700405  2.9922833499487838  9.4847890453636321  0
0.64751400621989219  2.9904807410542067  9.41027384855024  0
0.6900959248566797  2.8555275472687787  9.4314062929690969  0
0.66775500144183597  3.0107962751416508  9.4424258191092711  0
0.69456679706293545  3.0239151658498007  9.4237159653914286  0
0.63773097833989278  2.9728537604521108  9.5277084982612799  0
0.69103922567532217  3.0227987728122541  9.5075950146388379  0
0.63115298877272663  2.9337984995234034  9.4278712580909314  0
0.66025296040541592  2.8732577890600126  9.4205693548153135  0
0.80696717361545078  2.9524812291622315  9.4377434975772108  0
0.76923884520520269  3.012200391239753  9.5045881340710245  0
0.79192199361387772  2.9898655565288679  9.5207499153857729  0
0.78757977898573872  2.8824544989123542  9.5078390880113552  0
0.77659331363617856  2.8713789711846904  9.4279049849738232  0
0.80238156866045007  2.9079694412492603  9.5081000903614505  0
0.7992509306735649  2.9773671611759362  9.4044450011476748  0
0.74887198015361633  3.0224837516038634  9.4334850833627062  0
0.79922452543591138  2.9774219994797084  9.4620603044524714  0
0.74369303013571864  2.853870996171386  9.5154656410077791  0
0.80545420399592849  2.9600742690365842  9.5160511027159416  0
0.7670286964211861  2.8643456430172844  9.5016380678406342  0
0.79605582021286181  2.8945989145229984  9.4282394033416121  0
0.78168056306017797  3.0019748170106055  9.4312921416507702  0
0.80786872644167063  2.9341814745951509  9.5027896771102842  0
0.74767803442196556  2.8551057309697825  9.432625466975928  0
0.74422978897267378  3.0239746287862856  9.5160090141811882  0
0.80645635603337096  2.9225427175573353  9.4288390189859523  0
-0.79784434284347217  -1.6382409974307865  9.4375000000000018  0
-0.76025524893635399  -1.8514605835520597  9.4375  0
-0.79785263348430924  -1.8297520458900816  9.4375  0
-0.8405995279079479  -1.7122858058210682  9.4375  0
-0.82575684839240626  -1.7964936378853367  9.4375  0
-0.82574954480164053  -1.6714937119144193  9.4375  0
-0.8406024156556462  -1.7556978169349942  9.4375  0
-0.76024984603123158  -1.6165374499497562  9.4374999999999982  0
-0.59250000018118254  -1.7339932697968823  9.4375  0
-0.62910878836420792  -1.822385483568042  9.4375  0
-0.60051186337286777  -1.7780315328885044  9.4375  0
-0.67346519195484689  -1.6170130961157339  9.4375  0
-0.60051617246734501  -1.689957019903167  9.4375  0
-0.62911461675753466  -1.6456086880452467  9.4375  0
-0.67346050278709346  -1.8509851387366549  9.4375  0
-0.8405995279079479  1.7142858058210682  9.4375  0
-0.76024984603123158  1.6185374499497562  9.4374999999999982  0
-0.76025524893635399  1.8534605835520597  9.4375  0
-0.79785263348430924  1.8317520458900816  9.4375  0
-0.82574954480164064  1.6734937119144193  9.4375  0
-0.82575684839240626  1.7984936378853367  9.4375  0
-0.8406024156556462  1.7576978169349942  9.4375  0
-0.79784434284347217  1.6402409974307866  9.4375000000000018  0
-0.60051186337286777  1.7800315328885044  9.4375  0
-0.67346519195484689  1.6190130961157339  9.4375  0
-0.60051617246734501  1.691957019903167  9.4375  0
-0.62911461675753466  1.6476086880452467  9.4375  0
-0.62910878836420792  1.824385483568042  9.4375  0
-0.59250000018118254  1.7359932697968823  9.4375  0
-0.67346050278709346  1.8529851387366549  9.4375  0
0.87549999999999994  2.6219216780971095  9.5626690218541324  0
0.87549999999999994  2.9544649817109829  9.4824280708187079  0
0.87549999999999994  -1.3201928835517855  9.5527016192925203  0
0.87549999999999994  -2.1986748034472021  9.4559269404882915  0
0.87549999999999994  1.8237910447959755  9.5295958384310655  0
0.87549999999999994  2.3136043449333918  9.4829989532907444  0
0.87549999999999994  -0.60704543525731125  9.5326550694794516  0
0.87549999999999994  0.84942104169471955  9.5083354397519262  0
0.87549999999999994  -1.7717038190394128  9.5343893650540021  0
0.87549999999999994  -1.5391777320715085  9.510914740007042  0
0.87549999999999994  -2.0014017160484756  9.547532903718901  0
0.87549999999999994  -0.34923934569361204  9.5345592964727999  0
0.87549999999999994  -2.9524649817109827  9.4824280708187079  0
0.87549999999999994  2.4131470781621114  9.4709998206730965  0
0.87549999999999994  -0.84720807723856573  9.5085085355540855  0
0.87549999999999994  1.0876176624162865  9.5327606679911749  0
0.87549999999999994  -2.282330213299729  9.4845681887759969  0
0.87549999999999994  0.34601933163695975  9.5353984417064872  0
0.87549999999999994  -1.0824926129607815  9.5347647850665798  0
0.87549999999999994  1.3501539863902972  9.5353098319789655  0
0.87549999999999994  -2.3765919858142777  9.4980751252745073  0
0.87549999999999994  2.2136065610800406  9.4709989615896291  0
0.87549999999999994  1.6101089616597595  9.5350076793960454  0
0.87549999999999994  0.60849058335760264  9.5327309862160465  0
0.87549999999999994  -2.6025242748066924  9.5731467119005895  0
0.87549999999999994  -0.13158006481295459  9.5277920751155225  0
0.87549999999999994  0.086068241674819815  9.5348460627846272  0
0.87549999999999994  2.0097915200131444  9.546823740457139  0
0.00049999999999998711  3.1259999999999999  9.528924120150446  0
-0.25069514854826941  3.1259999999999999  9.5379948942556876  0
0.25169514854826941  3.1259999999999999  9.5379948942556876  0
-0.87450000000000006  -2.3522958257202937  9.4809625280521104  0
-0.87450000000000006  -3.0045055048224971  9.4843872499700446  0
-0.87450000000000006  1.7799108432896424  9.5551932670338342  0
-0.87450000000000006  -0.62522721487038724  9.5135669816338471  0
-0.87450000000000006  2.6744188760927785  9.6611150864014466  0
-0.87450000000000006  1.5521818080985863  9.537715848868471  0
-0.87450000000000006  2.3190494638448587  9.4692114100553972  0
-0.87450000000000006  2.4133317968994246  9.4692079555204103  0
-0.87450000000000006  -1.3037337098060806  9.5372486266697916  0
-0.87450000000000006  0.63059129687205018  9.5110118471343004  0
-0.87450000000000006  -1.855678776344007  9.5285420299809243  0
-0.87450000000000006  -2.8852460778270625  9.4826379989753544  0
-0.87450000000000006  -2.6012506115574041  9.6449158650258049  0
-0.87450000000000006  2.2246380146308611  9.4691070136632938  0
-0.87450000000000006  1.3089363295693173  9.5353145999924767  0
-0.87450000000000006  -0.8713298830384032  9.5543006695137009  0
-0.87450000000000006  -1.5225569653354389  9.5551696557214711  0
-0.87450000000000006  0.15187530543429073  9.5356201272197954  0
-0.87450000000000006  1.1001927767173756  9.5305902611468287  0
-0.87450000000000006  0.87357745485445215  9.5541329633402938  0
-0.87450000000000006  -0.10037117217817906  9.5377633672267006  0
-0.87450000000000006  -2.2276712980361126  9.4707078673874339  0
-0.87450000000000006  -1.0976032676636582  9.5308903203034472  0
-0.87450000000000006  1.9982525330796248  9.5304302429299828  0
-0.87450000000000006  2.6208323001400369  9.5088049406065878  0
-0.87450000000000006  -0.37165925168119834  9.5549790832320305  0
-0.87450000000000006  0.40026535775193212  9.5330853245444498  0
-0.87450000000000006  -2.023431990876861  9.5465047480345664  0
-0.87450000000000006  -1.6989526903752459  9.5297224003983647  0
-0.87450000000000006  -2.6171822583264985  9.4825420767509563  0
-0.87450000000000006  2.5605332090621076  9.6484098959793254  0
-0.2654880038152832  -3.1240000000000001  9.5305022139310722  0
0.00049999999999993995  -3.1240000000000001  9.5508743151921269  0
0.26648800381528315  -3.1240000000000001  9.5305022139310722  0
-0.42393645543952735  -3.1240000000000001  9.57151602125432  0
0.14024278606585805  -3.1240000000000001  9.5163292091719711  0
-0.13924278606585816  -3.1240000000000001  9.5163292091719711  0
0.42493645543952735  -3.1240000000000001  9.5715160212543218  0
0.78699837170854736  -1.7325311538687564  9.6058130345800237  0
0.78682506988197209  -1.7378564354610742  9.4149556534339105  0
0.74622031896568952  -1.7949860835540674  9.6073460498278536  0
0.78104490203182342  -1.7607213822507692  9.4608213428816068  0
0.76094989527941614  -1.6797256517512844  9.5383554592709086  0
0.76434859748156059  -1.7834465390679775  9.4287318663722957  0
0.78493822047121053  -1.7164443574101986  9.6904289747892847  0
0.74872462803796114  -1.6721545308503352  9.4338334560987516  0
0.74362427632950256  -1.6699581940964745  9.6088070234294243  0
0.77155478120269039  -1.6900285006784725  9.4410990314553622  0
0.77011164256075537  -1.7776621947210651  9.6724276126844622  0
0.78412275624825778  -1.7135025803020434  9.4350456942196175  0
0.78697929525832278  -1.7346717390466517  9.5088007707622335  0
0.78257753762091498  -1.7570306938660136  9.5806866040475587  0
0.74755176974164617  -1.7943950178301276  9.7051474658282118  0
0.74452215664622901  -1.7956908420486724  9.5051940488845936  0
0.74692791430842409  -1.6713237524107558  9.7047920164544532  0
0.78514560539866363  -1.7487131948324632  9.6936731903879743  0
0.76877316123818185  -1.6868653537826925  9.6684804654320473  0
0.76725503138775075  -1.7807043706294816  9.5425399296521629  0
0.74321183513634237  -1.7961980923324981  9.4212804659909608  0
0.78138606250004483  -1.7060488354937946  9.5554380256263567  0
0.73911836956924937  -1.6684138592618794  9.5224512195567055  0
0.67679075548242495  -1.6807298322870687  9.4268769350884103  0
0.6944956447477183  -1.7956979442918004  9.4208665110760457  0
0.65206408896770784  -1.7359407317532853  9.7134271577390496  0
0.6718783144796342  -1.6851625139853759  9.7031819621808495  0
0.69607612779260475  -1.669694611518358  9.4201908580469667  0
0.65200241252521562  -1.7324293117454932  9.43524409057712  0
0.65884809644785691  -1.7033757431232186  9.4256321978283744  0
0.69305276801464732  -1.795103091068907  9.6200086277856816  0
0.65427123345867699  -1.7503625463425609  9.5388789432751384  0
0.66188816649055615  -1.6978271889141612  9.6136068345737939  0
0.68892784638455695  -1.7931796761649128  9.5112848724434347  0
0.65721687036798027  -1.7590204105125384  9.4310454638418584  0
0.69358163544486284  -1.6706743361143501  9.5005139764443456  0
0.65598684600595225  -1.7101454759461421  9.7009728110079916  0
0.65681262720968214  -1.7580308468224255  9.6664242964473086  0
0.67301693397416495  -1.7819446071885134  9.4201541998912859  0
0.66618119063380477  -1.7743926873707341  9.4980137324819793  0
0.6953837818397216  -1.7960448889414984  9.7039416795980049  0
0.69405321808238307  -1.6704803127803951  9.702900186858793  0
0.67387132020699947  -1.7827420705273498  9.6973834091378048  0
0.6877955512336319  -1.673409078473137  9.6079653565209799  0
0.65427996209044159  -1.7156046944529346  9.5261273397211621  0
0.66940731410909915  -1.6877565162676929  9.5167907181560931  0
0.66933266763599608  -1.7781606993245185  9.5886719724562717  0
0.65220756254038559  -1.7277105897546245  9.6265782035990064  0
0.78172101079937217  1.7621686036139572  9.4477542418198208  0
0.74568164343349053  1.7982155249686247  9.4477592036553091  0
0.74506787697521737  1.6735297377388236  9.602166824509494  0
0.78699992989241796  1.7360972857577752  9.5625999081024684  0
0.78184725123565235  1.7618663925462839  9.6773647952280033  0
0.76739548938240643  1.6884366517492744  9.4717491722066089  0
0.78699997316501014  1.7359398109401691  9.6539508840328985  0
0.78192974876405019  1.7103333588239993  9.5229705516916159  0
0.74501223044996412  1.7984930083886823  9.6024674467707278  0
0.76725729786606445  1.688297898363573  9.6529037069443415  0
0.74501241076333002  1.798492934777006  9.5228932263189723  0
0.76714931908370698  1.6881900387904458  9.5622693356333546  0
0.74578721534053727  1.6738290074903077  9.4477706879379824  0
0.74509511071595946  1.6735408909170346  9.5226450789829382  0
0.78181487687040141  1.7619442887862957  9.5232299506977238  0
0.76727809177756134  1.7836812745854693  9.653427043479466  0
0.78188072419562171  1.7102144372016088  9.6019445572925708  0
0.74570979626453637  1.6737963298528817  9.6772305713708118  0
0.78699952695924358  1.7362527059127655  9.4711885419217907  0
0.78185913314749989  1.7618377342871312  9.6022290739518894  0
0.7671812722472191  1.7837780941110732  9.4722879739424979  0
0.78192079557591532  1.7103115925042094  9.4477389062693415  0
0.76705206986336927  1.7839066869206091  9.5629774965208494  0
0.78178595834645237  1.7099863614066775  9.67728688325783  0
0.74568215354410394  1.7982153103005438  9.6773405933187764  0
0.68970878480032094  1.6754299290331733  9.6933211396364083  0
0.65435690086654041  1.7183187490462848  9.7031876063355522  0
0.65585294812899397  1.7584789409921702  9.6034331879377479  0
0.65241420208262735  1.728533694502002  9.4241105594663193  0
0.69290520775264131  1.6739599562756453  9.4235555667705579  0
0.65542006073451764  1.7572134717510381  9.4334038554528998  0
0.65897714054376544  1.7061129880509798  9.624654683099779  0
0.69188577207961988  1.797593054936099  9.4187274151585338  0
0.67450202688137506  1.6856866576819278  9.4751931332200172  0
0.66403714172906569  1.7744723452939672  9.6965167366624936  0
0.6522731432721327  1.729933721528746  9.6113607049206031  0
0.66168835546085136  1.7011565823191939  9.417500485708981  0
0.65736568783611993  1.7096262014127372  9.5232167055860533  0
0.69573238690890093  1.6728228635663833  9.520954957365376  0
0.66716688234068866  1.6933679135385487  9.6945852192823789  0
0.65908320309069746  1.7661008413706343  9.517227415144065  0
0.69802337674182424  1.7999922233824266  9.6012315666539578  0
0.68869258478270401  1.796059580148625  9.6919757538757185  0
0.67308925707026146  1.7850131914968788  9.5818155163986791  0
0.69910965448894735  1.671653408715458  9.6047935596472716  0
0.65225248353896403  1.7418327977697408  9.5187859873435734  0
0.67512117443678654  1.6851397026981765  9.5909548122102048  0
0.65285373298979399  1.7467016397624067  9.6949252027306922  0
0.67023865937998661  1.7821472677448948  9.4487227225755248  0
0.69403049779146031  1.7985104347869154  9.5136231476406223  0
-0.67470654299955946  2.6715518390183255  9.6070914328834665  0
-0.65850406824092589  2.646633226501899  9.6066077001981469  0
-0.6909608277694278  2.5694144688341973  9.4191173623953546  0
-0.68881455511345524  2.6815283283708502  9.6965130045693311  0
-0.66440669615629855  2.6589750070047056  9.515618027299011  0
-0.65736721962453604  2.6430381549563386  9.422837799436568  0
-0.66586979628654586  2.66122175555686  9.7012649404804705  0
-0.68843550214501259  2.6813308680976307  9.5150267194777189  0
-0.67114333808196258  2.6679202802449695  9.4277778725363781  0
-0.69648326513797421  2.6848604014235318  9.6074798747174288  0
-0.65894388412827665  2.6041497987648325  9.689744874001935  0
-0.66936464718989397  2.5861347543611402  9.4480122356768561  0
-0.69129916459353591  2.5692570160812513  9.6204528680400436  0
-0.65818769490062079  2.6062946590032512  9.5144488715909894  0
-0.69057016522700831  2.5695993439834308  9.5170571429163378  0
-0.65640638164171028  2.6128159264302857  9.4249554479005653  0
-0.69100285552472607  2.6826052235633466  9.4159380291770649  0
-0.65521706032138971  2.6312043659547144  9.5143222506144465  0
-0.65530626990613461  2.6321798007258668  9.6998829203487169  0
-0.6676744267507182  2.5882685509106733  9.5835064096836167  0
-0.69169216793521926  2.5690771943407911  9.7100130195973762  0
-0.6725879045544314  2.5825356044251371  9.693388616368658  0
-0.65556509440592436  2.6176144487925392  9.6014241730615399  0
-0.74443884985905473  2.6823963506644826  9.7083381313304393  0
-0.77804311669384429  2.6104828797454047  9.7015715321236957  0
-0.74854847818189907  2.5717575627152676  9.6060009934385899  0
-0.74209285937293701  2.6834581697225288  9.4992515813476519  0
-0.73934942077555355  2.6845564070941244  9.4197822816047143  0
-0.77251393701956117  2.596339980889963  9.6067544170669326  0
-0.77804249036680306  2.6415195637885076  9.7015715356731054  0
-0.75734130445995795  2.6741551706354461  9.4256789723718182  0
-0.76462864974113265  2.6670504613077326  9.6961002362980206  0
-0.75734270372253287  2.5778459870822954  9.4256789628431346  0
-0.74443965457306571  2.5696040337303816  9.7083381265669804  0
-0.77386813208470184  2.5990021540621919  9.4229215158227699  0
-0.77999999993272451  2.626002899902216  9.6080955690826197  0
-0.73935022179852306  2.5674438918014921  9.4197822758205874  0
-0.7646300171642596  2.5849511086374233  9.6961002283952702  0
-0.77251154222392981  2.6556644605908279  9.6067544301854824  0
-0.76479893988718917  2.6668541342528278  9.5127650353131443  0
-0.74854613718570384  2.6802437772085099  9.6060010060522565  0
-0.7782649348268994  2.6113756129877976  9.5159170381930238  0
-0.77826358859734812  2.6406299795205674  9.5159170459826932  0
-0.76480176658811572  2.5851491385936178  9.5127650186231527  0
-0.77386707747134953  2.6530000477284554  9.4229215226870426  0
-0.77999999998129677  2.6260015290230605  9.4289616116704043  0
-0.74209479952516044  2.5685426607271342  9.4992515693373019  0
0.74569598972013329  2.6827452211431293  9.504551568353504  0
0.74642461153044115  2.6824031496809781  9.6079477627799132  0
0.74052203194855348  2.5671414902265273  9.5175273662596691  0
0.78143276442803189  2.6344013505046457  9.5235920386788866  0
0.74603699142615043  2.6825865539333189  9.7058846580674256  0
0.778807490923623  2.6457198255657692  9.6105661310429316  0
0.7485707135435069  2.5706723973583583  9.609982112655997  0
0.74818871109251606  2.5704733590440574  9.4284916605828393  0
0.77805350547125873  2.6478571955435108  9.435262253171107  0
0.76230149930693347  2.5804557176247274  9.5179220557987918  0
0.74530606482311168  2.6829236068634565  9.4149885135383826  0
0.7693185682487087  2.6637406976306579  9.5415042059755404  0
0.76586035859905677  2.5840838080144812  9.6972288671751983  0
0.7785009487583977  2.6053811240459392  9.5184093706964319  0
0.78178428447548742  2.6208117529572537  9.6106950785374519  0
0.76763089340995849  2.6658706295355268  9.6769941502799899  0
0.77113361308887396  2.5907832426338189  9.4237421927522007  0
0.78059204938251725  2.6391913419425039  9.7000521047645183  0
0.74599924375367488  2.5693957591652063  9.7090649546424004  0
0.77260038602043957  2.5930363987938163  9.6093977288359209  0
0.78169445132000537  2.6198274620289954  9.4251248521671016  0
0.76440864807225717  2.6694679574896516  9.4316156432889233  0
0.77963467198866532  2.6089685225298673  9.7021700117817957  0
0.66294742357269754  2.6526093235433392  9.703192344700069  0
0.69452830558277046  2.5687054585677438  9.701235873399531  0
0.67705826304936489  2.5801202771955509  9.651155205079375  0
0.65774201815545574  2.616397829490738  9.4263807817543359  0
0.70030929478783821  2.6854808106321686  9.5190742353819893  0
0.67961434271589771  2.674118440779135  9.6983170068279971  0
0.67064082709565698  2.66497475109739  9.6138844181433818  0
0.65955060383253317  2.6436725747743814  9.6220599073220807  0
0.69433973281400552  2.6832119826184111  9.611667448558741  0
0.70057306596778546  2.6855652681362234  9.7094627685709938  0
0.65703730822379092  2.6281591980155379  9.4925707789280764  0
0.65700491492982049  2.6252162002353749  9.576061170679095  0
0.67078220291537627  2.6651513249740213  9.4322098209191427  0
0.70139530498290226  2.566179685571389  9.414333366931535  0
0.65996554644443617  2.6069763610252821  9.5123748259615812  0
0.67470740831721698  2.5824124590010005  9.5344472971191525  0
0.6977482138507376  2.5674072547211111  9.5018371381177289  0
0.66563032720209758  2.5943091755764081  9.4325661797944633  0
0.69201854842064692  2.6821339453369495  9.4302765219351272  0
0.68145007394415069  2.5764172093650992  9.4297421789378522  0
0.65713484446625658  2.6218966629127021  9.6912590216815371  0
0.69600807579176238  2.5680829947511579  9.60123960094319  0
0.6624310506849892  2.6005169659561362  9.6121884020203368  0
0.66577160947862768  2.5940702325097269  9.7078023723281621  0
0.6796738248172598  2.6741676838794817  9.5221682766683724  0
0.6589486465107488  2.6414849472268958  9.422132240438442  0
0.66189642831923745  2.6502503305053611  9.5258751115647833  0
0.74371172484997072  -2.5663801910816315  9.6120812263167714  0
0.76369110131317286  -2.5798027538784498  9.5625057712582198  0
0.74489082375969562  -2.5668899652529955  9.4191751003239954  0
0.74371167129293225  -2.5663801685771035  9.512927118083649  0
0.76369580340373022  -2.6681925441844982  9.452522471636879  0
0.76369229765478397  -2.5798039500861112  9.6724743097956409  0
0.74489241571553055  -2.6811093269451645  9.4191703677642327  0
0.763696702189962  -2.6681916453136996  9.5624890753572895  0
0.76369219956635737  -2.5798038520062296  9.4525330406645072  0
0.7819999997746786  -2.6239946929128855  9.5624966221077639  0
0.76369570542890586  -2.6681926421663311  9.6724637240012346  0
0.74371544963975789  -2.6816182436277294  9.5129161076828694  0
0.77661032397075902  -2.6493901732163243  9.7103272673039029  0
0.77711702845608033  -2.5997816591837668  9.508420974300245  0
0.77711707936983943  -2.5997817803113108  9.6165841318424388  0
0.74489088452137664  -2.5668899922673609  9.7058285262758446  0
0.77661038530215165  -2.6493900352626731  9.4146655907537689  0
0.77712065306770139  -2.648209715819307  9.5084099633011903  0
0.77712060218947987  -2.6482098369123324  9.6165731117744233  0
0.77660879899756696  -2.5986063969264799  9.4146703236625484  0
0.74489235509361551  -2.6811093538993371  9.7058237828220424  0
0.78199999992477787  -2.6239969336068745  9.4417112056220773  0
0.77660886035426191  -2.5986065349147185  9.7103320110449101  0
0.74371539619172455  -2.6816182660905188  9.6120702068072283  0
0.7819999999328866  -2.6239971035928762  9.6832850008854905  0
0.67470740831721698  -2.6675875409989995  9.5344472971191525  0
0.69600807579176238  -2.6819170052488421  9.60123960094319  0
0.67064082709565698  -2.58502524890261  9.6138844181433818  0
0.67078220291537627  -2.5848486750259787  9.4322098209191427  0
0.66577160947862768  -2.6559297674902731  9.7078023723281621  0
0.67961434271589771  -2.575881559220865  9.6983170068279971  0
0.65713484446625658  -2.6281033370872979  9.6912590216815371  0
0.70030929478783821  -2.5645191893678314  9.5190742353819893  0
0.70139530498290226  -2.683820314428611  9.414333366931535  0
0.6589486465107488  -2.6085150527731042  9.422132240438442  0
0.65700491492982049  -2.6247837997646251  9.576061170679095  0
0.65996554644443617  -2.6430236389747179  9.5123748259615812  0
0.6977482138507376  -2.6825927452788889  9.5018371381177289  0
0.67705826304936478  -2.6698797228044491  9.651155205079375  0
0.70057306596778546  -2.5644347318637766  9.7094627685709938  0
0.65955060383253317  -2.6063274252256186  9.6220599073220807  0
0.6796738248172598  -2.5758323161205183  9.5221682766683724  0
0.69433973281400552  -2.5667880173815889  9.611667448558741  0
0.66563032720209758  -2.6556908244235919  9.4325661797944633  0
0.6624310506849892  -2.6494830340438638  9.6121884020203368  0
0.66294742357269754  -2.5973906764566608  9.703192344700069  0
0.69452830558277046  -2.6812945414322562  9.701235873399531  0
0.69201854842064692  -2.5678660546630505  9.4302765219351272  0
0.68145007394415069  -2.6735827906349008  9.4297421789378522  0
0.65774201815545574  -2.633602170509262  9.4263807817543359  0
0.66189642831923745  -2.5997496694946389  9.5258751115647833  0
0.65703730822379092  -2.6218408019844621  9.4925707789280764  0
-0.65737683957775772  -2.6410720701978794  9.4077455698639039  0
-0.6742157671355602  -2.6690857536849166  9.6858814862812945  0
-0.65811137142855036  -2.6434741057921127  9.5013769924126645  0
-0.66017973372030025  -2.5990874113423694  9.7140013557244576  0
-0.69181514862076388  -2.5670215969895036  9.7049607484653109  0
-0.66251623015797134  -2.5942840942598275  9.4362997086510099  0
-0.69176494812961042  -2.6809557469025589  9.7068946130725848  0
-0.67044395228706599  -2.5828663352758587  9.5436756918688079  0
-0.66819812634650566  -2.6624132171817836  9.4250093854630368  0
-0.65550505641814671  -2.6319295000020695  9.6091460765007248  0
-0.68973559066514356  -2.6799945316462828  9.606124083694576  0
-0.67574991934078277  -2.67051000714845  9.5130975591368632  0
-0.65524834345307315  -2.6184339190480688  9.4278105422746279  0
-0.65622773524111211  -2.6116728117027144  9.5242250788652036  0
-0.68949365011347119  -2.6798739148980393  9.4278174247631004  0
-0.6550278068762353  -2.6221358416625611  9.6999804387822035  0
-0.65841409784483074  -2.6036258456246704  9.6270101548117601  0
-0.67822849164066157  -2.5753790309518374  9.4333663810157109  0
-0.69598106523731063  -2.5653213373816417  9.422242628174839  0
-0.66008471811848435  -2.6486928209499463  9.6996976306800775  0
-0.69717001938665657  -2.6831011157953983  9.5156613978616171  0
-0.67231073198304003  -2.5808238485261672  9.6710160592328052  0
-0.66594938814334748  -2.6593381439411403  9.6025592463099922  0
-0.69252549260292107  -2.5667066846807307  9.6074572500707642  0
-0.69417864785114003  -2.566014100559284  9.5063336936462832  0
-0.76861416676088901  -2.6599665393990031  9.7006679175544654  0
-0.77971157924185808  -2.6180025498556461  9.6074966395864489  0
-0.74588723938832902  -2.6796813670801081  9.6963950325736441  0
-0.77924550647188062  -2.6143179325280732  9.4293668901111385  0
-0.76962503616497202  -2.6584852229918901  9.5149619036636306  0
-0.74522097968160006  -2.6800160448933368  9.514858045015373  0
-0.74634681337315012  -2.5685553306600659  9.6096706828642535  0
-0.77919954839015393  -2.6339707436257811  9.695150700112011  0
-0.73832760679557563  -2.5650724105773119  9.5173771264368163  0
-0.77746077223420162  -2.606366061328274  9.7009675564533477  0
-0.74602105824592135  -2.5683870587315081  9.4284626559018783  0
-0.77727131212865153  -2.6422658218106747  9.4228267179490377  0
-0.77025386488964953  -2.5904846342820997  9.6082759772018438  0
-0.77964675001120343  -2.6306356207731452  9.5164658096984756  0
-0.73794770269237231  -2.6830604897931294  9.6073749867853895  0
-0.77604017508531742  -2.6021071267079816  9.5171964233078139  0
-0.77583388261096586  -2.6464367586680888  9.6069351009664228  0
-0.75942851883945739  -2.6703492104347992  9.6068668214528472  0
-0.7439347575960974  -2.5673656147659782  9.7089640247240752  0
-0.75988503805186891  -2.5780678919562621  9.5175070529952972  0
-0.76872971389112388  -2.5881982344760264  9.4240671974634527  0
-0.76370370032705082  -2.5819111882314543  9.6968371088208354  0
-0.74075200441000211  -2.682013742259203  9.4217361938273374  0
-0.76147183044928102  -2.6684154041627415  9.4218001514827225  0
0.20135717970808856  -2.3845994081884663  9.5625000000164651  0
0.1073727761830775  -2.3303429556252366  9.5624999999869953  0
0.20138491698004446  -2.8633773174925325  9.5624999999970619  0
0.27114630705957232  -2.7802268430040615  9.5624999999924256  0
0.10738968288418327  -2.9176508908430532  9.5624999999991314  0
0.3082581214332229  -2.6782327271294153  9.5624999999840128  0
0.27111948277470321  -2.467726696001038  9.5624999999824087  0
0.30824671011525595  -2.5697025561077078  9.5624999999742943  0
-0.15842238041583143  -2.3549276547042308  9.5624999928501513  0
-0.1584437639891923  -2.8930597143552861  9.5625000020517277  0
-0.080881649774977318  -2.3222827862386652  9.5624999984224743  0
-0.23692904748141838  -2.4208160995254144  9.5625000074987465  0
-0.080896883940763872  -2.9257131042641897  9.5625000006842509  0
-0.28273560205416076  -2.7560372815875014  9.5624999988807229  0
-0.28271359198949614  -2.4919155144901297  9.562500008403914  0
-0.23695265400958554  -2.8271563119959704  9.5624999997985149  0
-0.30776838986537269  -2.6752528029458937  9.5625000001277201  0
-0.30776071177145264  -2.5727010372604147  9.5625000042003716  0
0.20135763308963753  2.3865997885764747  9.562499999823423  0
0.1594405758657037  2.895061597675102  9.5625000106064757  0
0.30817019740425167  2.5712706693880802  9.5624999978409377  0
0.27109481967626764  2.4696839945355298  9.5624999992514539  0
0.30884236511416835  2.6768058645807833  9.5624999960728978  0
0.081893550035217144  2.927714003673453  9.5625000008037588  0
0.28376893606775699  2.7579657525990777  9.5624999953516259  0
0.10737667682266706  2.3323443752431374  9.5624999999701483  0
0.23795665440888786  2.8291516361660372  9.5624999994262811  0
-0.10637162161900229  2.919657464561221  9.5625000000162963  0
-0.27014599299688452  2.4697726129171635  9.5624999999987068  0
-0.20038575882515125  2.3866233889845474  9.5624999999994316  0
-0.10639073041746067  2.3323494904638817  9.5624999999998561  0
-0.30724718100591386  2.6802947749135519  9.5625000000092815  0
-0.27011970609759645  2.7822729172686378  9.5625000000075691  0
-0.30725763728078115  2.5717645254897574  9.5625000000003322  0
-0.20035619496141518  2.865401418010884  9.5624999999703864  0
-0.60916962268424979  -2.8861368736258219  9.5630000000000006  0
-0.67535391663089783  -3.0755951621915227  9.5630000000000006  0
-0.83201907199672154  -2.9330785271073143  9.5630000000000006  0
-0.82246797762322199  -2.8260414904960709  9.5630000000000006  0
-0.66561633945149523  -3.0394063508615812  9.5630000000000006  0
-0.62212329585691661  -3.0657638956500106  9.5630000000000006  0
-0.60426700529167365  -3.017909032199503  9.5630000000000006  0
-0.77704204384764142  -3.0252567373710955  9.5630000000000006  0
-0.68962267016480361  -3.0432817071457037  9.5630000000000006  0
-0.82319982930710744  -2.9031929423940332  9.5630000000000006  0
-0.60427583785614236  -2.9712712007997344  9.5630000000000006  0
-0.70861329246922244  -2.818501185470184  9.5630000000000006  0
-0.76252147223434619  -3.0713100139223228  9.5630000000000006  0
-0.74272461429309145  -3.0372463364411821  9.5630000000000006  0
-0.60276836075997386  -2.9069205532867342  9.5630000000000006  0
-0.76766029756722132  -2.8258030414288662  9.5630000000000006  0
-0.63009346940888111  -2.9915819288533676  9.5630000000000006  0
-0.82468146380094021  -3.0602348543085158  9.5630000000000006  0
-0.66746448296969496  -2.8275551799783618  9.5630000000000006  0
-0.64409965797886337  -3.018105331658405  9.5630000000000006  0
-0.83359982743970817  -2.9692738247962698  9.5630000000000006  0
-0.73274922628721872  -2.8278543321947858  9.5630000000000006  0
-0.64921508010637285  -2.8380518109147479  9.5630000000000006  0
-0.68735024259111066  -2.8206043688683717  9.5630000000000006  0
-0.61956879628565953  -2.8677399217740449  9.5630000000000006  0
-0.60387378377925083  -2.933705403735396  9.5630000000000006  0
-0.63308527451913399  -2.8515861524921564  9.5630000000000006  0
-0.74918997277959876  -2.843537419097049  9.5630000000000006  0
-0.79141838675998366  -2.8605470672373077  9.5630000000000006  0
-0.83020639254932604  -2.8693849656237966  9.5630000000000006  0
-0.71575313637541982  -3.0572744581717033  9.5630000000000006  0
-0.81327034744478222  -3.0009439600908534  9.5630000000000006  0
0.049771438215954783  2.2420407635189434  9.375  0
0.61488293084860834  -3.0080092966272374  9.375  0
0.79249492468597627  2.652862764860775  9.375  0
0.58137022903549984  2.9703752393646052  9.375  0
0.77311376004649801  1.6251339988775131  9.375  0
-0.68926399128805793  -2.695517692602913  9.375  0
0.63036570892374455  -2.6603875781760693  9.375  0
-0.79657140087851908  2.6329053097668074  9.375  0
0.55461670938956076  2.4545431379324034  9.375  0
-0.58760414068571543  1.7842511993868788  9.375  0
0.61810417683915941  2.9593110888148875  9.375  0
0.82697588020558843  2.92683687076812  9.375  0
-0.73941988757878541  2.2080562233392542  9.375  0
-0.4600549455809147  1.9096921757507959  9.375  0
0.77551826909363242  -0.60291389944106444  9.375  0
0.75502285246462386  0.65004708962488289  9.375  0
-0.54690037091574617  -2.5720668359404457  9.375  0
0.72786444787394133  -0.85299481536432076  9.375  0
0.62907106469402607  -1.6401076500881206  9.375  0
-0.49348640330850169  2.4586106513534869  9.375  0
0.14572101912736654  -3.0094648532510342  9.375  0
-0.7748915819568809  2.847702339817018  9.375  0
-0.70384679918755189  -2.8197010055937253  9.375  0
-0.74078090277271569  2.8345968869032689  9.375  0
0.59236540161902351  2.1928475394638962  9.375  0
0.35759755994986497  2.2896117874093851  9.375  0
0.49664657744809121  -2.7577516329338949  9.375  0
0.72303674342704305  1.653679211573865  9.375  0
0.67941850524109559  -2.209653332992338  9.375  0
-0.70891108356639387  1.0531933661612458  9.375  0
-0.83028884792118485  2.3174051624141758  9.375  0
-0.63289550451138643  2.992958140533637  9.375  0
0.70228884296948813  -2.1133211563384662  9.375  0
0.7576040243134845  0.42819067649867404  9.375  0
-0.76367461062315223  2.6769938705003216  9.375  0
0.80917606968922795  -2.6759749701952518  9.375  0
0.78513037953387099  2.6784192617694074  9.375  0
-0.81929095639203742  -2.4134302944037369  9.375  0
-0.72003814114150244  -2.1286052608547696  9.375  0
0.03913445133118116  -1.1175082338383264  9.375  0
0.67101665723836534  -2.5651910356692422  9.375  0
-0.6427740058869561  2.6175912888365911  9.375  0
0.79211367024132728  1.6996101675585531  9.375  0
-0.63997058744630619  -2.6043465402186934  9.375  0
-0.55460778538676359  2.1869032265750921  9.375  0
0.5863346527329194  2.2549145404124222  9.375  0
0.47468047732334789  -2.2635030236474392  9.375  0
0.10187354055529745  1.9246836971874632  9.375  0
-0.57956969510993361  -1.6833836369771562  9.375  0
0.75040869251776543  2.6990708404866885  9.375  0
0.66105001040952038  2.574351975600798  9.375  0
-0.76205280103489503  -2.5478075522262698  9.375  0
-0.69079737162046762  2.7496364742769073  9.375  0
-0.551331692749776  -1.7248951795271859  9.375  0
-0.75946271221511952  -3.030177347364472  9.375  0
0.7951262247591141  -1.7077877721976644  9.375  0
0.56616096376532588  -2.4895560261011256  9.375  0
0.29495045575190243  -2.4104653515443055  9.375  0
0.5755767281935501  -1.6746542834954385  9.375  0
-0.63995328100529447  1.5975054934282238  9.375  0
-0.74029867115994619  2.6971055133553441  9.375  0
-0.58187611456383659  1.9443899603422179  9.375  0
0.50962295352344444  1.7302777855218041  9.375  0
-0.29519613879253498  0.094848194289286508  9.375  0
-0.61409151622557767  2.3084833264307516  9.375  0
0.79864465232219384  -1.7526534410725891  9.375  0
0.81778071179784884  -2.569864380036242  9.375  0
0.65194687240236759  -2.6021578393260167  9.375  0
-0.1979703605096553  -1.5817068791507936  9.375  0
-0.49850411139250445  2.9060438112425033  9.375  0
0.42307219788140416  -0.88507580350804793  9.375  0
0.80339037913810207  -1.7272172442206362  9.375  0
0.31461722099599781  -1.5079833772916755  9.375  0
-0.66724446744764765  2.844036353892156  9.375  0
0.63454431845566905  1.6824442603749099  9.375  0
-0.79374509193648102  2.6094155579803475  9.375  0
0.62697686986523571  1.7665468400178437  9.375  0
-0.70379183261126355  2.8326213744709503  9.375  0
-0.63326334385559724  2.8214776448634611  9.375  0
-0.57919708106498025  2.840082431301052  9.375  0
-0.80385798608344572  1.5889428050107193  9.375  0
-0.61891375859401598  -1.9326236693656311  9.375  0
-0.7444197351965508  1.8928798867627759  9.375  0
0.70852787914612914  2.5460651916977364  9.375  0
-0.62712022122808597  -2.4270119082239328  9.375  0
0.61360763375005534  -2.2704717778777654  9.375  0
-0.68238711088119475  3.0535093824319568  9.375  0
-0.48628131817975989  2.0568818345050572  9.375  0
0.68253103106971214  -1.8067770914846755  9.375  0
0.64307394128173911  -2.249112268251372  9.375  0
-0.78761476720043488  -2.3901585122238775  9.375  0
0.62508228723996895  -2.8916486247375168  9.375  0
0.56635933332146726  1.6223531127681989  9.375  0
0.79431926386447471  -1.8887422250026151  9.375  0
0.82103715833424362  -2.2212339172384588  9.375  0
-0.36957024499033353  2.8261159617571763  9.375  0
-0.76583071624269161  -1.5943451963470785  9.375  0
0.59100956224633583  2.3998534405307788  9.375  0
-0.82333690539711757  2.9537954343461506  9.375  0
-0.81904529609966759  2.6578061457592379  9.375  0
0.62352030816411408  -2.2415112879659063  9.375  0
-0.80000797343016583  -2.8070461631067807  9.375  0
0.29700225280739279  -2.8608254870826344  9.375  0
0.36327092233541869  -2.7878012531559042  9.375  0
-0.74533469153495435  -2.7333697525033429  9.375  0
0.80854058662874062  -1.5782017087658946  9.375  0
-0.7734153188735845  2.8128211502267524  9.375  0
0.80558152713480158  -3.0135736692250248  9.375  0
-0.62466267330317982  -2.9830525060613993  9.375  0
0.62685373176215087  2.4582181364372944  9.375  0
0.53374735358853997  1.8992105248846733  9.375  0
0.64691338485664729  1.7141334687321437  9.375  0
-0.66434890037028504  -2.5171351020563462  9.375  0
-0.77544863886240978  -2.573881188481328  9.375  0
0.55613749186796446  2.6168100802871659  9.375  0
0.37947163589634153  -2.3641256490592566  9.375  0
-0.67351970624258706  2.7994152472988003  9.375  0
-0.61413261078914327  3.017132961383485  9.375  0
0.62934701256183989  1.8311445056473048  9.375  0
-0.82352475563400873  -2.9545017747468783  9.375  0
0.68218905825567633  1.8255602905189192  9.375  0
-0.75359860449451843  -0.78077654145209907  9.375  0
0.81744881011971104  -1.6460279887585316  9.375  0
0.82853576718980149  3.0242695005150884  9.375  0
0.65064912740485814  1.5719377444641038  9.375  0
-0.64034375949707933  -3.0598041295442093  9.375  0
-0.64456069885301115  -2.1580838130725635  9.375  0
0.61876779593072495  -2.8672400123405977  9.375  0
0.69222463602443562  -2.4972831187971449  9.375  0
-0.81793149537447363  -1.8785175907717921  9.375  0
0.64441900344888514  -1.7042113768694225  9.375  0
-0.60962412186911807  2.2889379501946374  9.375  0
-0.60525857887184631  1.6453002517389308  9.375  0
0.61755252473231836  -2.974850464070057  9.375  0
-0.20038281197815899  1.46231091709358  9.375  0
-0.64485777753270501  -2.2426332549861963  9.375  0
0.42351664046374365  2.6681244952674068  9.375  0
-0.30275956329939396  -1.9797519365872993  9.375  0
0.54716014942914226  0.78919923554324145  9.375  0
-0.58357733805172718  3.0492197124922145  9.375  0
0.79216380404645459  -2.624813813706504  9.375  0
-0.79002781356295992  3.0223791807069751  9.375  0
0.72467697351505955  -2.550361693961833  9.375  0
-0.79339809525462912  -2.6392745577059906  9.375  0
-0.49678498487605677  2.7842060440572824  9.375  0
0.56511178670753492  2.3010934528068834  9.375  0
0.64530313743324763  2.6837100911781779  9.375  0
-0.81692333683640261  3.0645420907472958  9.375  0
-0.38366245005859978  2.2107728310924761  9.375  0
-0.68657518670686168  -1.5467994886558492  9.375  0
0.67851222433911473  2.8304836202705679  9.375  0
-0.80266760269654513  2.7652673268008652  9.375  0
0.82481890211469  2.6673816644389698  9.375  0
0.30561118289819539  -1.7411923514951959  9.375  0
-0.68067564467771724  2.5643210006788042  9.375  0
0.4404023704372515  -0.15325152541081707  9.375  0
0.75688677874282029  2.7271063621179161  9.375  0
-0.57343429611644758  -1.7645185802102972  9.375  0
-0.69577194200890702  2.5499354295652314  9.375  0
-0.75564143844744824  0.041715767150911694  9.375  0
-0.59320338971758435  -1.8691595335791196  9.375  0
-0.7981496940371553  2.3813871613696964  9.375  0
0.12487472191768627  2.1191105740743827  9.375  0
-0.55427862192991306  1.616608033929074  9.375  0
0.63053749368641654  -2.7744954047506547  9.375  0
-0.8158031240824698  2.22562291117907  9.375  0
0.66172794026927406  -2.8334088508085569  9.375  0
0.81261367671271034  -2.1460923685077571  9.375  0
0.78030956668906892  -1.0667666873924857  9.375  0
-0.78433016201096895  2.589414468345725  9.375  0
-0.60196568048290688  2.6454515185966314  9.375  0
0.59764066989866449  -3.0443805544788298  9.375  0
-0.82848107406755001  -2.3256209553942386  9.375  0
0.81615029913059622  -1.8355990534429161  9.375  0
-0.53072426600916667  -1.8573032978334911  9.375  0
0.59911967445101577  -1.7561402539349067  9.375  0
0.81007205172092844  2.1674091564751192  9.375  0
-0.63275592502803379  -2.2163708738685877  9.375  0
-0.75435742546330342  2.5567653445878835  9.375  0
-0.77795701356399605  0.80357174890348904  9.375  0
0.81813200627436322  1.759739020162473  9.375  0
-0.51851588345919453  2.3783289484473653  9.375  0
-0.60851841991816735  -2.9564638968775534  9.375  0
-0.12860324462229797  -2.0802115720884045  9.375  0
-0.8078234680782157  -1.955961185247139  9.375  0
-0.82782357659689576  2.9899502567361078  9.375  0
0.69229277999203331  3.0504173314264236  9.375  0
0.62735037764493051  2.3700133499111389  9.375  0
-0.32339454778679128  -2.8379519778050004  9.375  0
0.70679593472225366  2.5121532663844293  9.375  0
0.77935145767967251  -1.7916128388880888  9.375  0
-0.4875959584211873  1.7021423093169961  9.375  0
0.64238964820426048  1.7502291812992319  9.375  0
0.6779354918666517  1.8937678639985467  9.375  0
-0.61096547093665343  1.4894370336999354  9.375  0
0.77786357651074767  2.0790450354384218  9.375  0
0.63339923969247836  -1.7794536074453824  9.375  0
0.77372831148608712  -1.667247158037273  9.375  0
0.78267705310080926  -2.6622525027532484  9.375  0
0.81924560516394029  -2.2702261854665338  9.375  0
-0.095746885641766852  -0.89506234441752652  9.375  0
0.77805415453840732  -2.0316700324195138  9.375  0
-0.77257636130554508  2.227158914194407  9.375  0
0.76345952604887501  2.2101745323018607  9.375  0
0.26911340689130281  2.3616725432738392  9.375  0
-0.65379417645194859  -3.0202923529099603  9.375  0
0.58285361678335634  -2.2024583056377911  9.375  0
0.63236075576857675  -2.600372696540902  9.375  0
0.44813068364220365  -2.4792596490280667  9.375  0
0.60974196509588496  2.6722448582144565  9.375  0
0.78379618716614674  -2.3948118621722445  9.375  0
-0.79492971693885273  1.9597919693137338  9.375  0
0.7934739868452203  1.7593121190279086  9.375  0
-0.6767090436090043  2.2170631756559529  9.375  0
0.69681309547639136  -2.4492236387219002  9.375  0
-0.54349487212590597  -2.3234847493821431  9.375  0
0.76962671657169535  -1.6314316515980247  9.375  0
-0.26277487699961122  2.3221031994759453  9.375  0
-0.72297394566609585  0.3057752817740062  9.375  0
0.26493158639967107  -2.9899761466960251  9.375  0
0.51537793888749217  -3.0430117236308876  9.375  0
-0.55866947313728632  -2.1222969478248777  9.375  0
-0.62294975763011562  2.2945902191761269  9.375  0
0.7065931936467742  -0.35573448647503308  9.375  0
0.19834537597539367  -2.1953403713781423  9.375  0
-0.76463727875474718  -2.702335358884584  9.375  0
-0.7851814845601931  -2.8497272316523685  9.375  0
0.74436596367996333  -2.8234661287006642  9.375  0
-0.38538860457676155  -0.62473547480455272  9.375  0
-0.83128101597153414  1.6420436493891617  9.375  0
-0.094269027513951997  -0.4066537036172102  9.375  0
0.650546882521571  2.5936362005831759  9.375  0
-0.6329639085344726  -2.5520516535256927  9.375  0
0.26110205066532072  -0.7336930912143721  9.375  0
-0.66674389173895177  -2.6873737882111914  9.375  0
0.62218807228652062  2.6290068530444706  9.375  0
-0.66386515070033969  2.6828662984151461  9.375  0
-0.57450306799078388  1.7567234244012189  9.375  0
0.73978668390360458  -1.8497966236601908  9.375  0
-0.78395948435026019  -3.0224217946906422  9.375  0
-0.66200560854850321  -2.216259902181287  9.375  0
-0.77947217703103278  2.5627697779893492  9.375  0
-0.2986867466574164  2.0150329114091843  9.375  0
0.67880058792137665  1.6237978464050036  9.375  0
0.33495577255951392  2.0728651128860935  9.375  0
0.64514889673623177  2.3996944027106197  9.375  0
-0.68870303046280335  -2.5557643597463104  9.375  0
-0.65601680908559001  2.1772779950386076  9.375  0
-0.55292218576523067  -2.954318011113207  9.375  0
0.81035461012464338  2.6296310921376258  9.375  0
0.82885002953062381  -2.9053822634565423  9.375  0
0.61660255301195177  -2.3305308418192165  9.375  0
0.78645615305889205  2.4551066629169305  9.375  0
-0.18024965528670628  -2.3061582886131911  9.375  0
0.72888401652594903  -1.6429270482605569  9.375  0
-0.7814096512334916  2.6726288545602239  9.375  0
0.49760800984054987  2.371387606005317  9.375  0
0.69794604806764515  1.0503501307875724  9.375  0
0.62701443745358254  -1.7245161577446877  9.375  0
-0.7683231577391646  -2.2103481048352571  9.375  0
-0.81687217434854531  2.274808354907361  9.375  0
-0.6354090156543678  2.2309064045663822  9.375  0
0.71939415274747998  -2.4196527357254989  9.375  0
0.8128364581701395  2.8203345843549603  9.375  0
-0.39585261831255936  -1.3636156561178756  9.375  0
-0.73629828965092481  -2.6976099602687338  9.375  0
0.44921493915481991  1.6133834622466463  9.375  0
0.6946573468384537  2.5577188544902265  9.375  0
0.81184835596343563  1.8721339156675281  9.375  0
0.69962320065621131  2.1897968313496317  9.375  0
-0.51814124436869535  -2.2306732317823705  9.375  0
-0.61725242492075649  2.6114770331796406  9.375  0
0.63101165412502902  1.6439991157343685  9.375  0
0.63187177948779816  -2.2624965640936865  9.375  0
0.57689972138383183  3.0407721432988719  9.375  0
-0.57481817679135394  1.7275697838990884  9.375  0
-0.095397355781341855  -2.2323608522525182  9.375  0
-0.56780707945272546  2.9626660038572803  9.375  0
-0.7034230255404994  2.2011169158105264  9.375  0
-0.60772510111686795  -2.3199317033602904  9.375  0
0.82679494233490802  2.9834130434585813  9.375  0
0.63840643807922304  2.1350268346410699  9.375  0
-0.79072831602563898  -2.2324017007479213  9.375  0
-0.59281170660547122  -2.2091151384883854  9.375  0
-0.66179226026812765  -2.7829793002937402  9.375  0
0.59431574763531203  -2.417365632336951  9.375  0
0.72386185499954636  -1.8169276324805272  9.375  0
-0.39984420889761779  -2.628803448857429  9.375  0
-0.66443541864144084  3.0287017613855305  9.375  0
0.79627658300487159  -2.8021330990941142  9.375  0
-0.75242805866226048  2.4153916341515385  9.375  0
0.69097143740662315  -1.6268002711929637  9.375  0
-0.36679634359958013  2.9893469290438115  9.375  0
0.58815794165464141  -1.7179314743053702  9.375  0
-0.70261726407528058  -1.2849586640098867  9.375  0
0.68590455906504966  -2.7217830524675413  9.375  0
0.81728614559815549  -1.7897600192247298  9.375  0
-0.56353218973710117  2.5190856658712049  9.375  0
0.55406301940657587  -2.9156672166787834  9.375  0
0.57848194870093606  -1.0834534470930164  9.375  0
-0.80405416556711828  3.0027940525313772  9.375  0
0.68442295226788874  2.7229286109968607  9.375  0
-0.8321021478272782  1.8262274331564159  9.375  0
0.47850345388388488  2.8359712636068135  9.375  0
0.59668574935697771  -2.3649378425978105  9.375  0
0.64945189727920005  -2.8576528056611741  9.375  0
0.70047723591485556  -1.8386719237041198  9.375  0
-0.58350290478137579  -2.2716521183292304  9.375  0
0.68198095632775513  -2.4144231688895315  9.375  0
0.8269942041985453  -2.9775890730714396  9.375  0
0.67774173206121591  -2.6899364340911003  9.375  0
-0.73705704182747844  -2.2072282678298736  9.375  0
0.76325138385468205  -2.5678150304130569  9.375  0
0.47907812894587087  -1.913535020825313  9.375  0
0.61897295869965085  -1.6902999425262777  9.375  0
-0.78985986321764967  -0.56085403182143478  9.375  0
0.81298490928938216  2.8802740308233412  9.375  0
0.61365077970807935  -2.302836570418048  9.375  0
-0.1457488300477357  3.0222204138150768  9.375  0
-0.76416424029965824  3.0481313585258105  9.375  0
-0.77024337925211872  -1.4669809833307208  9.375  0
0.29050112354237617  1.473483756955011  9.375  0
-0.71165586694081051  -3.0681616730217596  9.375  0
0.65999541437768261  1.66323719273084  9.375  0
-0.59518637930944807  -1.491265907592751  9.375  0
0.54259443732673107  0.072808581318809684  9.375  0
-0.5210158606445553  -2.6948827265505559  9.375  0
0.74638790721042525  -2.5546628232216748  9.375  0
-0.62121448061572404  -2.2544121551356398  9.375  0
0.24023357131017539  -2.3278569228661814  9.375  0
0.64506627826427265  -2.4542348502325599  9.375  0
-0.61434892157889665  2.3368092678049726  9.375  0
0.34340680112404226  -2.4674556450323117  9.375  0
0.81502645726608736  2.2503509292513977  9.375  0
0.82474606068160727  -1.7455396217485379  9.375  0
-0.15229833696257361  -0.168300275066742  9.375  0
0.76847845762407962  -3.0707883284508668  9.375  0
-0.078485445805797041  2.2569634491214061  9.375  0
-0.62151207104290529  -1.5827643321455438  9.375  0
0.025296941996037037  1.3892924214621503  9.375  0
0.69253720324303991  1.6578723320720945  9.375  0
0.34310035398612299  2.7889743599202053  9.375  0
0.56095830920973377  1.4737446857700811  9.375  0
0.74291760155789166  -2.698435593703616  9.375  0
-0.59195988339420913  1.8230975625527224  9.375  0
0.72259704382873124  1.5812179144826597  9.375  0
-0.80693946994166443  2.8723181772929043  9.375  0
-0.69105468242186174  -2.1866842463481944  9.375  0
-0.82951761387619449  -2.9193284179034702  9.375  0
-0.72703305478209856  2.15354727432985  9.375  0
-0.16871366498482887  2.3085264304445765  9.375  0
0.82202473335767212  -2.3455796356365091  9.375  0
0.75222180816704531  -2.7684513066426826  9.375  0
0.81986437041543847  -2.3845472168616335  9.375  0
0.63279327669787411  -2.6390288125249604  9.375  0
-0.80215053250273249  -2.7348868891513156  9.375  0
-0.79832063646084439  2.7042045544309201  9.375  0
0.31182005237344024  0.82228019275427855  9.375  0
0.78142679215865929  -2.5769023343128108  9.375  0
-0.65612406416820124  -2.6588359562823953  9.375  0
-0.5552083106098461  -1.5950973494775174  9.375  0
0.6577640376956041  2.2053762009513003  9.375  0
0.75536677908429162  2.4173131678170332  9.375  0
0.521695657441404  -1.5810118030394671  9.375  0
0.7670612059419547  2.5375812616837101  9.375  0
0.83041179367571749  -2.3099739827535717  9.375  0
-0.67053632562437959  2.5467714000795829  9.375  0
0.82131872842459752  2.2805909493128418  9.375  0
-0.29070092111329388  0.53929859771007083  9.375  0
0.79335088128054543  -1.6857495117407821  9.375  0
-0.75255800144486484  0.57441451952357703  9.375  0
-0.79538990120064046  -2.6117846884462077  9.375  0
0.67226713563204676  1.6781693681558749  9.375  0
-0.80193738007515303  -2.2531438100691319  9.375  0
0.80225753589302562  -2.2494182261097126  9.375  0
-0.14219627053647815  0.32047281279799711  9.375  0
0.60594999287924967  -2.9164606005338194  9.375  0
0.79121666916913302  2.2401580783988995  9.375  0
-0.62507921659753607  1.8447103214611811  9.375  0
0.65822199936986836  -1.795279003987617  9.375  0
-0.63577390276805479  -2.8640040664269661  9.375  0
-0.78438927258527424  2.414879090593641  9.375  0
0.62294750744093652  2.2743362114404699  9.375  0
0.059915818803041629  -0.30139694913536685  9.375  0
-0.71529598946845019  2.5300195341131912  9.375  0
0.74771823257147019  1.3000338448067013  9.375  0
0.77505001812123919  -2.2014519000775956  9.375  0
0.74121834589819857  -2.5214856935291614  9.375  0
0.63685332615767887  3.0154792554757734  9.375  0
-0.015302977641406918  0.96600026943383699  9.375  0
-0.69169604564229337  1.5476434775204388  9.375  0
-0.76442380346414462  -3.0572481888807603  9.375  0
0.74984703410245857  1.6072231896921092  9.375  0
0.62507653499898652  2.8766423051033314  9.375  0
-0.0025451638172245051  0.55280520935834865  9.375  0
-0.61198903003383665  2.9436847720050991  9.375  0
-0.4262450121633084  -2.1366618168280516  9.375  0
0.62192006050799709  1.7394391790545227  9.375  0
0.40037593016964229  1.0054304176101378  9.375  0
0.15841477974326371  -0.51439879168660618  9.375  0
-0.66877595277438096  -1.5994068927094007  9.375  0
-0.53364165837893984  -2.42780607082805  9.375  0
0.59391259540880625  2.3472437159280473  9.375  0
-0.81296279866678733  2.3322394074740802  9.375  0
-0.76046763798370287  2.4567673526961804  9.375  0
-0.76641428701121228  -0.15620397938646027  9.375  0
-0.82368154367140256  2.9147394878775388  9.375  0
0.68054539759234156  -3.0350756320516243  9.375  0
0.1670814987396568  -0.91296420323881211  9.375  0
-0.54717078582217205  -2.7928694895923112  9.375  0
0.7425836053820436  -0.074218226994590047  9.375  0
0.05061972339725767  -3.0077650720887283  9.375  0
-0.81748753858175893  2.8262941854325536  9.375  0
-0.80617000151283935  2.1573362760811672  9.375  0
0.57404420689608637  -2.3028572571652948  9.375  0
-0.82068928799434548  2.6196625304112997  9.375  0
-0.61133265728147235  2.7591170349249965  9.375  0
-0.68717330522516828  -2.5351114586403445  9.375  0
-0.54174946648030975  0.12795065953895954  9.375  0
0.81881634654866964  1.6303697458549038  9.375  0
-0.4643127565374795  1.3041832404164047  9.375  0
0.6667128317871216  -2.678312030681159  9.375  0
0.67022620304597158  2.6932912691180388  9.375  0
-0.59048259918767332  -2.8589657935776378  9.375  0
-0.55880458411519462  2.5981155041792845  9.375  0
-0.82004555399894841  2.3577964274450562  9.375  0
0.49398042020654631  -0.61877114827260782  9.375  0
0.67839051725829302  -1.4436298705235826  9.375  0
-0.68849088118770507  2.6925563549344029  9.375  0
0.75959384166314903  2.7835630855937956  9.375  0
-0.64321021480845875  -2.6231764922038634  9.375  0
0.80016949087802958  3.0121538864095974  9.375  0
0.66328129944854697  2.6717161694310247  9.375  0
-0.74531480124307015  -2.5109481615401794  9.375  0
0.75219275555305531  -2.1458551826923307  9.375  0
-0.79165230900509931  -2.5872845732897907  9.375  0
-0.73506031287681894  2.5200336372210099  9.375  0
0.29518511716918355  0.089578681201641835  9.375  0
-0.70984732843508624  -2.2085584121178448  9.375  0
0.74383401795759974  -2.4614914425303058  9.375  0
-0.72253517128642075  3.0617235542411647  9.375  0
-0.60020216827056572  2.9053891225042463  9.375  0
0.064899963216744849  -0.73808877381221361  9.375  0
-0.57073105870448204  1.6892151404951214  9.375  0
0.78054107093994829  1.6790407162696335  9.375  0
-0.64476288583693275  2.6610783000774632  9.375  0
0.40803115846604521  -0.3874557386616973  9.375  0
-0.81616783077710719  -3.0606581794637755  9.375  0
0.58390515645080221  -2.9519935314214698  9.375  0
-0.54645230151619362  1.8563545661017022  9.375  0
0.57410626115836905  2.9047259840394264  9.375  0
0.72724349271228228  -2.7302541319334668  9.375  0
0.65019003162760858  -2.5811293963534299  9.375  0
0.51939860733887211  -2.383420790880773  9.375  0
0.10707873671240838  0.77414156862666472  9.375  0
0.81227672112779314  1.6748271127992738  9.375  0
0.36019231845676258  2.5567435991218992  9.375  0
0.77463317015673017  -1.5153905624260851  9.375  0
0.79725174125902043  -2.4321155864466881  9.375  0
-0.13361579269912416  1.855063047778152  9.375  0
-0.20913164362927802  2.199712965223859  9.375  0
0.01178428674717967  -2.2640564537006047  9.375  0
0.33416895794125123  -2.2147256248756375  9.375  0
-0.49851751912460113  2.2935005931993571  9.375  0
0.74779198105147315  2.5571777274907208  9.375  0
0.6480780884308931  -2.69690106187719  9.375  0
0.7530412407723257  0.17980666802298778  9.375  0
-0.64408968457445404  -2.6707305966252299  9.375  0
-0.76598782149029154  -1.8897404180751796  9.375  0
-0.73517050816104423  -1.9554768012409232  9.375  0
-0.44239466877379707  -1.8489755708408746  9.375  0
-0.51596160343863562  -1.9717136958833339  9.375  0
-0.69229048942512716  2.4146925801761512  9.375  0
0.44197077490677761  -2.9214933194193633  9.375  0
0.65352955637739618  1.694409317364777  9.375  0
-0.66890068181153428  -2.7253186696046643  9.375  0
0.6391900179661647  -2.5171656481925955  9.375  0
0.64937699020853823  -2.6461706157567479  9.375  0
-0.25776394204246322  -2.1986249634872794  9.375  0
-0.55884775207648452  -3.031822774971924  9.375  0
0.69395838587192804  2.6955873237107237  9.375  0
0.65080778691113239  2.8562294792515739  9.375  0
-0.55560984769849664  1.793523070477572  9.375  0
0.6454678804822237  -3.0246919921623676  9.375  0
-0.63909979327479249  -2.6447004781927657  9.375  0
-0.52388164948343996  -1.7892190826310148  9.375  0
0.32068967376905555  1.7662643583062312  9.375  0
-0.31345064261633127  -1.7664278745430029  9.375  0
-0.64427731027257984  2.5984189671909896  9.375  0
0.081506706109215801  -1.5601965133337843  9.375  0
0.8007974394163333  1.7404127867252335  9.375  0
0.7194126772186884  2.7450735676264433  9.375  0
0.69623911411773587  -2.6928719608652982  9.375  0
0.59388563608570843  -2.887999816430086  9.375  0
0.82423156857573809  1.717039834413147  9.375  0
-0.82697758912196195  -2.5881707816747022  9.375  0
-0.61038480980974463  2.9780178276863034  9.375  0
0.79527581320702367  1.7216312067342512  9.375  0
0.8193461532919124  2.6022683548340106  9.375  0
0.73357820342481384  2.5404653773099306  9.375  0
0.65547961846270786  -2.6669590585346645  9.375  0
0.64599540000430544  -2.2209616827076291  9.375  0
-0.70586599245568815  -3.035584341389423  9.375  0
0.61967423895320217  -2.0446088916898204  9.375  0
-0.43647101009187744  -1.5989302927052438  9.375  0
0.65201561205974257  -1.6802135514997507  9.375  0
0.53421826538786055  -2.9659428088451922  9.375  0
0.64113297182633311  1.7290293350358534  9.375  0
-0.6018528197443429  -2.6623501341184768  9.375  0
0.67829069187932534  2.4268288501092923  9.375  0
0.64272641857350576  -2.3937374864037535  9.375  0
-0.75812949043056543  -2.1730209280364257  9.375  0
0.67214997256896691  -1.5668322818150682  9.375  0
0.56578824935831129  -2.8511464240605928  9.375  0
-0.66270358261011941  -2.6710718427785975  9.375  0
-0.61166326118486103  -2.3699651733241254  9.375  0
0.72440593491040728  2.6967044173468055  9.375  0
0.64900105318657753  1.7733177988105251  9.375  0
0.63105596690216748  2.2431736512398932  9.375  0
0.63329731547106716  -1.810143487678298  9.375  0
-0.67536151382951837  -2.4134600114678588  9.375  0
0.81995050072262321  -2.8542713494154972  9.375  0
0.64372901106114755  -2.6231859572352767  9.375  0
0.73941332956485994  -2.2008838268266588  9.375  0
-0.61333386225455999  2.5723498099140336  9.375  0
0.75090547044948752  1.6536757505879671  9.375  0
0.77658975922232587  1.8298822785287903  9.375  0
-0.81978707122807082  -2.9967931974314843  9.375  0
0.63658496850610613  -1.7488638099023355  9.375  0
-0.77215982569722497  2.193914702578216  9.375  0
0.47816648875621048  1.2465812661943667  9.375  0
-0.053548693728089389  -3.0085417962519356  9.375  0
-0.79774218678010267  -2.4867609902695405  9.375  0
-0.52956445594576684  2.6767781751995416  9.375  0
0.67873536439777482  2.4754103357677675  9.375  0
-0.16785679466524039  -3.0211315652080573  9.375  0
0.79605120923017902  2.4053018513835873  9.375  0
0.80363420953963438  -2.4993233199463925  9.375  0
0.8257445246034234  2.3801623826572631  9.375  0
-0.16333058991042043  1.186275976840685  9.375  0
-0.60831310754103918  -2.7386905657923779  9.375  0
0.78150389507076101  2.5753886215180621  9.375  0
0.82096316715845163  2.5671123198627739  9.375  0
-0.82676081424021031  -2.2425933839665277  9.375  0
-0.64345319678005175  3.016569176771017  9.375  0
-0.76903612207647654  -2.422631329996745  9.375  0
-0.58324051165325741  2.2637517947123125  9.375  0
0.77867854409879933  2.2303262510233739  9.375  0
0.67375748780857825  2.1647618132599891  9.375  0
-0.59836342239519058  1.8704994460616313  9.375  0
0.72855170378450507  2.4182124443020365  9.375  0
0.71257292241315207  1.8461075106909706  9.375  0
0.60625074714239846  2.3170205801386112  9.375  0
-0.82250357860434187  3.0240832779315077  9.375  0
-0.66754157601856556  -2.5665482040577658  9.375  0
-0.72382980617221249  2.43365913583188  9.375  0
-0.42524579914350213  2.5634622992102178  9.375  0
-0.27617228471855348  -2.9562330887458295  9.375  0
-0.6640216773659241  2.6684959205832217  9.375  0
0.7491397260436452  1.8705887334760343  9.375  0
-0.63679941736166823  2.5337966787488799  9.375  0
-0.75134017461297298  -2.789116195509723  9.375  0
-0.73488883368725566  -2.4182692351605883  9.375  0
-0.57288806572855988  -0.59817226374394805  9.375  0
-0.76385249463602922  2.6938674743793971  9.375  0
0.6064658683772024  -2.626555137355254  9.375  0
0.027136768916192995  1.6485765211549124  9.375  0
0.63133532794029867  -2.3597157222398657  9.375  0
-0.8132437417947973  -2.3662552694128847  9.375  0
-0.74892743285162788  -1.5508533366437995  9.375  0
-0.24630237085602291  -1.1166507920676068  9.375  0
-0.43255413488570088  -0.85123570727886355  9.375  0
0.47462763317828965  2.5186265383729021  9.375  0
0.60779320653182889  2.293395910442575  9.375  0
-0.63601584969905467  3.0593604137116319  9.375  0
-0.7289569753593349  -2.5435377518080164  9.375  0
0.65638778596191738  2.5280443845332372  9.375  0
-0.80986522835403241  -2.2666914905680189  9.375  0
-0.81966721531457276  2.5808183411845009  9.375  0
0.62533563857320562  2.5826022668725153  9.375  0
-0.733410499794513  2.7894827514660916  9.375  0
-0.80716210736753968  1.8760789863283232  9.375  0
0.67351882343975455  2.772974296194064  9.375  0
0.67514986170924141  -1.6606185773400248  9.375  0
0.35346479270374537  2.9583705480692197  9.375  0
0.76888967603761071  2.6982730848036356  9.375  0
-0.63252001593187335  -1.6233592274261552  9.375  0
0.64550385087211115  2.6564321340260806  9.375  0
-0.73987296129000135  1.5787815690148637  9.375  0
0.50812094086204529  -2.6064468984321367  9.375  0
-0.44130783676264274  -2.9601053033607077  9.375  0
-0.6796760962527677  -1.9224816428457963  9.375  0
0.79230441999877066  -2.6013666364713028  9.375  0
0.8063159752245691  -2.7341019441267256  9.375  0
0.31209029255854814  -1.1093922204744848  9.375  0
0.79368891926703067  1.7789650944711655  9.375  0
0.58702465283055971  -2.6870864142509139  9.375  0
-0.35646768788818017  1.7888853266883813  9.375  0
0.78730301676950254  2.8586285588690652  9.375  0
-0.39085506210393639  2.69830418880594  9.375  0
0.81139049349892933  -3.0672086128739129  9.375  0
-0.65734491905138537  2.5720577277444439  9.375  0
0.71235636507243527  2.7057887923284984  9.375  0
0.25518151246972914  -2.0239340386309017  9.375  0
0.7740814923075201  3.0295211204882668  9.375  0
-0.80657918531202843  -1.6121169702003766  9.375  0
0.71317730943668944  1.8147510222011085  9.375  0
0.78760181710073029  -2.2342207253433206  9.375  0
-0.71100926115706475  2.7059294080217167  9.375  0
0.67801620227033954  2.5582625796827756  9.375  0
0.71996672742366241  -3.0589092630442076  9.375  0
-0.24690464674174614  0.95019163762433134  9.375  0
-0.72216039703503121  -1.8899262919241833  9.375  0
0.79429630415125374  1.5733220169389854  9.375  0
0.64838528395050532  2.6348049468824577  9.375  0
0.63222368984460597  1.7100462074815239  9.375  0
-0.77319133200882018  2.0631861058639394  9.375  0
0.47758787238302669  -1.3299789719158286  9.375  0
0.78760097749418168  -1.7725043477204721  9.375  0
0.65265144524810637  -1.8423685603221278  9.375  0
0.62040823381435206  2.9069871730486092  9.375  0
0.77863722937975555  -1.8244320369797564  9.375  0
0.65118997924781652  -3.0685384001572085  9.375  0
-0.59242937885611946  -2.9876529080148271  9.375  0
-0.37614500599097273  2.4042015113860713  9.375  0
-0.37007297664238947  -0.41527037594083943  9.375  0
-0.68451664101600973  2.4578413235587631  9.375  0
0.37941989652799551  -2.6783628384449458  9.375  0
-0.81852724873846427  -2.8865219453083508  9.375  0
-0.61961135625704133  -3.0127430399623929  9.375  0
0.19525587929301069  0.94857654103637745  9.375  0
0.71624544536049151  -2.6999846324952319  9.375  0
-0.63339504554296133  2.4785042845498384  9.375  0
0.61560633326179803  2.9896525271812608  9.375  0
-0.61727642943945527  -2.5856492515293872  9.375  0
-0.77952351689982036  -2.0474049577485887  9.375  0
0.82573809825855549  -2.940828699521298  9.375  0
-0.74866395775766514  2.7297744354289586  9.375  0
-0.59406787648604675  -2.9139299960010163  9.375  0
0.74961700983477142  -1.659078194371711  9.375  0
-0.78722366249726761  2.6504706635924791  9.375  0
-0.41247271205954011  1.5760400263460459  9.375  0
-0.3134511858881967  -2.4073849096490205  9.375  0
0.15723243998523842  0.32816105557761083  9.375  0
-0.65043999284523135  -1.8720357385453086  9.375  0
0.37097218502675477  -2.5634534882218305  9.375  0
-0.78301894327487764  -2.6631695644346132  9.375  0
0.57049689639904611  0.55641335086938437  9.375  0
0.63134891312225516  1.7897398735814043  9.375  0
0.72493922930529686  2.4529934299658631  9.375  0
0.77539371545523073  -2.548034413092751  9.375  0
0.78038931871241035  1.7982029473432  9.375  0
-0.71729516470713861  -1.5889077824917697  9.375  0
0.52227673463836932  -1.7438137328595833  9.375  0
-0.72360485221699011  2.489182066736503  9.375  0
0.65995953842562305  1.797604425891375  9.375  0
0.66368042431899876  2.0263043745474749  9.375  0
0.82303663340531685  2.3471513274071274  9.375  0
0.60979238195727459  2.9339385190550433  9.375  0
-0.82311345134034541  -2.8469080192212526  9.375  0
0.18905321331647693  -1.3281183812835418  9.375  0
0.60748946119990388  -1.9076387720875698  9.375  0
-0.42151450097444576  0.31551391837702569  9.375  0
0.76606714614476235  -3.0339814724493608  9.375  0
0.59799257421276664  1.701114430938991  9.375  0
0.73673534741937829  2.8293345267925347  9.375  0
0.810237857571105  2.5116566866380339  9.375  0
0.63535933016788337  2.7259221410965377  9.375  0
-0.61470641305882934  -2.6156433261551375  9.375  0
-0.6380955729804848  -2.6972271328321713  9.375  0
-0.81039293917151167  2.533220651009271  9.375  0
-0.67540489885788302  -2.4648008666994583  9.375  0
0.45744134869780789  -2.1106100353814465  9.375  0
-0.70558612644622376  -2.5114454167480016  9.375  0
0.74573640543238939  -1.8146515199232807  9.375  0
0.589181216418734  -1.8221013503020622  9.375  0
-0.5067073272240552  3.0364207547401976  9.375  0
0.14745581458023735  -0.12290444316241368  9.375  0
0.67114374669808963  -1.6772060222027581  9.375  0
-0.66855777724433196  -2.5453223991396734  9.375  0
-0.61387947041445168  -2.4935757269698016  9.375  0
0.79483697356322236  2.5920752514156029  9.375  0
-0.69287340818834853  1.5944309660469405  9.375  0
-0.80684644797764771  -1.5575068430148449  9.375  0
0.71796555898572878  1.6257784492405156  9.375  0
-0.74036285878323549  1.3044116470062819  9.375  0
-0.81172836738889731  -2.1843250239566245  9.375  0
0.76072277441645497  -2.7242267035078331  9.375  0
0.78910399791016361  2.5509587691198656  9.375  0
0.17281470991763953  1.1741078172782744  9.375  0
-0.48541256800380028  0.78045255511407541  9.375  0
0.60899937258113279  2.8154705724615283  9.375  0
-0.80461468104969558  -2.5531552297170506  9.375  0
0.70705762645763748  -2.1827232195190311  9.375  0
0.81090171768151298  3.0599649438577834  9.375  0
0.61697174835565916  -2.9419147400043206  9.375  0
0.077419460946963781  3.0192260464121774  9.375  0
-0.5748049225076306  2.3193490074482246  9.375  0
-0.82757926724845454  2.4067346344146348  9.375  0
0.58257261517864278  2.5260360597791074  9.375  0
0.60751947752741109  -2.5680814803945076  9.375  0
-0.54228031500839691  1.7442033390895213  9.375  0
0.70281948687029272  -1.6554800956147631  9.375  0
-0.4912967888881471  1.798832096645109  9.375  0
0.20712798000291091  2.9720769097124022  9.375  0
-0.5305707413147781  -1.6621435286325499  9.375  0
0.78281210475469165  1.6550097303066891  9.375  0
-0.71024871077182483  -2.7124956602637931  9.375  0
0.20042118544787463  2.2696653023201989  9.375  0
0.24249473199568039  -0.295741304836388  9.375  0
-0.6196564293438549  2.6897286549745427  9.375  0
-0.7643078158250689  2.516761112594387  9.375  0
0.71327397877597953  2.798702404241594  9.375  0
-0.59294562601298006  -1.6390498496847801  9.375  0
0.83120029500106551  2.313705035886136  9.375  0
-0.70699980281860597  -2.7608783677431505  9.375  0
0.4918201202420539  2.9944982556432365  9.375  0
0.79430925475524461  -2.6454728824902034  9.375  0
-0.063208217236070174  2.0872370862734528  9.375  0
0.6557632005524251  -2.1623014492102826  9.375  0
0.81886474733783798  1.8055991683146426  9.375  0
-0.81378085682222867  2.4730013225422791  9.375  0
-0.65030420754491403  -2.3913983678751665  9.375  0
-0.62618861998148023  2.2653592269645078  9.375  0
-0.70623155996234821  -2.5450719918426139  9.375  0
-0.52376284998404032  -2.8758856031490603  9.375  0
-0.63378198305609823  2.8652965309728513  9.375  0
-0.51252989230590218  -0.1187923265105489  9.375  0
-0.046754089730409558  3.0120883018241886  9.375  0
0.70751608734797611  2.4162083622354462  9.375  0
-0.82225500122383266  -2.286626100530289  9.375  0
0.79455461841139818  2.6112187650393843  9.375  0
-0.41943982370073729  -2.775000787241015  9.375  0
-0.46659783901170043  -1.7316595803847519  9.375  0
-0.50271900622855148  -1.1296587017664468  9.375  0
-0.61817215792212588  -2.2896049139905212  9.375  0
0.74626860662169514  2.163613612270173  9.375  0
0.69745030378848938  -2.8184763689652117  9.375  0
-0.73644045125216906  2.5452880385073926  9.375  0
0.6398379454141363  3.0644083338182124  9.375  0
0.68876586593486766  2.5402515083334709  9.375  0
0.11649998705227502  -2.2747839835084682  9.375  0
0.82233196644435103  -2.631533479950416  9.375  0
-0.79374222697135821  2.2499079298508891  9.375  0
0.046209367801681604  -2.132972196845722  9.375  0
0.63875284075721317  -2.9980236101627527  9.375  0
-0.6398418908830571  2.6354132498939822  9.375  0
-0.72301855651049662  -2.1806389368781027  9.375  0
0.55240618342612036  2.7222827559587097  9.375  0
0.76209932248114864  1.6699567836002498  9.375  0
-0.62188142042344485  -2.8932822049797595  9.375  0
-0.82181995326117352  -2.6251364336655167  9.375  0
-0.58382170486884322  2.3676572759751573  9.375  0
0.76865732278601173  2.8346829648181964  9.375  0
0.80767499493356609  2.7321030960395407  9.375  0
-0.6467234777461105  1.8853798432256998  9.375  0
0.57678162952697298  -2.9979691446296304  9.375  0
-0.66456494536297184  2.7133097437921627  9.375  0
0.6456232154733248  2.6123154833501236  9.375  0
0.69846758349062799  -1.914841206264801  9.375  0
-0.088770722482073253  -1.3443982730869093  9.375  0
-0.70687315396060213  -2.4267760669414251  9.375  0
-0.73495678435206857  -3.0374918966166877  9.375  0
0.72767987176327009  2.207422387067973  9.375  0
-0.78741634857042564  -2.6896852353064018  9.375  0
-0.65642850449883827  -2.0294615274579098  9.375  0
-0.26826654056208082  2.8912700069532429  9.375  0
0.64861015425337964  -2.5542760685687371  9.375  0
-0.65008144142885171  -2.5843130356494424  9.375  0
-0.67872117787976582  -3.0365637485862549  9.375  0
-0.81949737624758034  -2.6675990372067293  9.375  0
-0.61809078821272978  -2.8128956821345708  9.375  0
-0.21488493393064209  1.6665681237255043  9.375  0
-0.73676085244944767  -2.8326896596573983  9.375  0
0.74291036104068142  3.0587851658206255  9.375  0
-0.78874758715990778  -2.1282714963963731  9.375  0
0.82662151616886548  -1.7048008189477295  9.375  0
-0.76410210556702529  -2.8324502918999768  9.375  0
-0.40565162482383266  -2.318932595905066  9.375  0
0.75503158688896765  2.5017683310795529  9.375  0
0.6254915661877134  -2.8365226276940665  9.375  0
-0.58217589151093851  2.4282176447032242  9.375  0
-0.77584844142871412  1.4777290884026741  9.375  0
0.70345005642062575  -2.5413795919883411  9.375  0
0.77583912648513387  1.9549054725198414  9.375  0
0.7656847139714329  2.561815180319635  9.375  0
0.48340861928132223  0.3213221463662374  9.375  0
0.74055322237496868  -1.5937444712843314  9.375  0
0.74633251325439054  1.4873593013380533  9.375  0
-0.41381760374044396  1.0550775253711047  9.375  0
-0.69585688700116965  1.8845518855736298  9.375  0
-0.18680786638099178  2.934948436859091  9.375  0
-0.38421709041373042  -2.4885802942328636  9.375  0
0.59250034700750343  1.7797052201773278  9.375  0
-0.69651533139867039  1.9576900008616065  9.375  0
-0.032283264002144423  -1.8582161717382923  9.375  0
-0.73334830032602261  -2.4633966232444195  9.375  0
-0.62799279863923463  2.3759326281655597  9.375  0
0.74270661974593177  1.6326636302973545  9.375  0
0.49709208075536648  2.2248617939179405  9.375  0
0.69976441601626493  2.1268703590671278  9.375  0
0.75918193279694013  1.8060958894361068  9.375  0
0.74051211130976369  1.824465347848214  9.375  0
0.65581768688345166  2.6041356700051987  9.375  0
0.75630039484612566  -2.4131112747379131  9.375  0
0.34567118505227434  2.4386537348315613  9.375  0
-0.5768778348900736  3.0083865774357474  9.375  0
0.77277604991441018  -2.688593381531807  9.375  0
-0.68043180376688994  2.5124756611760506  9.375  0
0.31039465995534504  0.59235135546479345  9.375  0
-0.15587041161127813  0.76088240777965344  9.375  0
-0.65125504564095416  2.4185165344790893  9.375  0
0.78578984719194855  0.84559719471280337  9.375  0
0.7337881359820444  2.7062651633225991  9.375  0
-0.76781113206986373  -2.6787327947373769  9.375  0
0.75158503497757845  -1.2570252866603155  9.375  0
0.54330197770175304  2.0923313704142856  9.375  0
-0.26616025071186122  -2.3395145480677351  9.375  0
-0.73609877369249854  -1.032939135758562  9.375  0
0.26973393988241279  2.86561172550687  9.375  0
-0.24262591796894248  3.0148348654030617  9.375  0
-0.57887638725879742  -1.8093870248870227  9.375  0
-0.16535619131284121  -0.63482965567279459  9.375  0
0.75993331188579927  -1.8006291778202679  9.375  0
-0.63930525969491458  2.0768051642597691  9.375  0
0.72457597099411075  -2.7948115433013072  9.375  0
-0.66364430862968815  -2.8380165088226015  9.375  0
0.77701698184941403  -2.8491714557757764  9.375  0
-0.70469595600972412  -0.35730352028877443  9.375  0
0.0015053169318117671  0.090437470471302142  9.375  0
0.70344961894546987  -2.7682579372930065  9.375  0
0.71065540239939951  2.8319101849771022  9.375  0
0.66637204554963059  3.028837245468436  9.375  0
0.68661504583167643  -2.5557191413810001  9.375  0
-0.82587173823600135  -1.8356239154490526  9.375  0
0.79876952881585472  2.2189003885397947  9.375  0
-0.53494466288403542  0.5035046066072858  9.375  0
0.67349383512845473  -2.5383555676295666  9.375  0
0.83494351986443061  2.2179260849629148  9.375  0
-0.79505582021286181  -2.8925989145229982  9.4282394033416121  0
-0.76823884520520269  -3.0102003912397528  9.5045881340710245  0
-0.80138156866045007  -2.90596944124926  9.5081000903614505  0
-0.80545635603337096  -2.9205427175573351  9.4288390189859523  0
-0.74787198015361633  -3.0204837516038632  9.4334850833627062  0
-0.77559331363617856  -2.8693789711846902  9.4279049849738232  0
-0.74667803442196545  -2.8531057309697823  9.432625466975928  0
-0.80686872644167074  -2.9321814745951507  9.5027896771102842  0
-0.78068056306017797  -2.9999748170106053  9.4312921416507702  0
-0.7982509306735649  -2.975367161175936  9.4044450011476748  0
-0.80596717361545078  -2.9504812291622313  9.4377434975772108  0
-0.76602869642118598  -2.8623456430172842  9.5016380678406342  0
-0.78657977898573872  -2.8804544989123539  9.5078390880113552  0
-0.74322978897267378  -3.0219746287862854  9.5160090141811882  0
-0.74269303013571863  -2.8518709961713857  9.5154656410077791  0
-0.79822452543591149  -2.9754219994797082  9.4620603044524714  0
-0.79092199361387772  -2.9878655565288676  9.5207499153857729  0
-0.80445420399592837  -2.958074269036584  9.5160511027159416  0
-0.6311821953159571  -2.9514170380161575  9.5189804144145196  0
-0.63980561723810381  -2.8965099503368523  9.5186332370872861  0
-0.63000881752969362  -2.935750750222355  9.4729694379062472  0
-0.64962949898015376  -2.9925797093306121  9.4312240433925165  0
-0.66519404914104685  -2.8663549322102182  9.4277624286676591  0
-0.64121726144495983  -2.9801234080452055  9.512014485042684  0
-0.64167276120828576  -2.8930702221762852  9.4336010346816277  0
-0.63356389825735271  -2.9618617903772568  9.434294188984726  0
-0.63285330538555218  -2.9147088873848901  9.4727961446721523  0
-0.68886824434414973  -2.8536080995734476  9.5041670813978421  0
-0.67071178022931699  -3.0114884960993904  9.4366521576698066  0
-0.69022658812013116  -3.0208621737177808  9.5054826183004764  0
-0.63050205631221945  -2.9275866102427344  9.4142024269917943  0
-0.69313245964870429  -2.8522135748098472  9.4211322084778271  0
-0.65836806039942941  -2.8720661887775454  9.5104493993888291  0
-0.6310983277625728  -2.9231004428091634  9.5246195434356569  0
-0.66106601128290832  -3.0043319162065432  9.5106232359215568  0
-0.6942517207995732  -3.0221132830750768  9.4225902926086214  0
Triangles
9792
2210 180 181  1
180 2212 179  1
182 2211 2210  1
2212 180 2210  1
2213 170 169  1
185 2211 184  1
2213 188 153  1
165 2211 166  1
2211 164 2210  1
2213 185 186  1
185 2213 2211  1
170 2213 153  1
2213 167 2211  1
188 2213 187  1
153 188 2  1
167 2213 168  1
2211 182 183  1
2212 162 161  1
182 2210 181  1
170 153 1  1
177 2212 2208  1
162 2212 2210  1
175 2209 174  1
2209 175 2208  1
177 2208 176  1
172 2209 171  1
2209 154 171  1
172 171 4  1
174 2209 173  1
162 2210 163  1
2212 159 2208  1
160 2212 161  1
159 2212 160  1
157 2209 2208  1
157 2208 158  1
2209 157 156  1
3 171 154  1
154 2209 155  1
175 176 2208  1
2208 159 158  1
156 155 2209  1
2209 172 173  1
164 2211 165  1
164 163 2210  1
183 184 2211  1
2211 167 166  1
2212 177 178  1
178 179 2212  1
186 187 2213  1
2213 169 168  1
2217 199 200  2
217 2217 218  2
2215 202 203  2
2217 220 219  2
204 2215 203  2
2219 222 2215  2
224 2219 207  2
2219 224 223  2
2217 202 2215  2
215 2218 216  2
220 2217 2215  2
204 2219 2215  2
224 207 8  2
202 2217 201  2
7 207 206  2
206 2219 205  2
222 2219 223  2
199 2218 198  2
2218 199 2217  2
195 2216 194  2
2216 213 212  2
2220 197 2218  2
213 2220 214  2
197 2220 196  2
192 2216 2214  2
2214 190 191  2
2214 208 189  2
190 2214 189  2
189 5 190  2
217 2218 2217  2
195 2220 2216  2
215 2220 2218  2
2216 210 2214  2
2220 215 214  2
211 2216 212  2
208 2214 209  2
210 2216 211  2
189 208 6  2
191 192 2214  2
2214 210 209  2
2215 222 221  2
221 220 2215  2
2216 192 193  2
193 194 2216  2
200 201 2217  2
2217 219 218  2
2218 217 216  2
2218 197 198  2
2219 204 205  2
2219 206 207  2
2220 213 2216  2
2220 195 196  2
2227 2221 2223  3
242 2224 234  3
234 2224 2222  3
9 2226 225  3
12 242 234  3
2222 231 232  3
229 2223 228  3
231 2227 230  3
233 2222 232  3
11 2222 233  3
2221 2225 2223  3
2225 237 236  3
10 225 235  3
2226 9 226  3
2225 2221 237  3
2221 2227 2224  3
2222 2227 231  3
235 2225 236  3
237 2221 238  3
229 2227 2223  3
2221 240 239  3
239 238 2221  3
2222 11 234  3
2221 2224 240  3
2226 2225 225  3
228 2226 227  3
2224 242 241  3
241 240 2224  3
2225 235 225  3
2225 2226 2223  3
2226 226 227  3
2226 228 2223  3
2227 229 230  3
2227 2222 2224  3
13 2230 243  4
260 2232 259  4
2230 13 251  4
2233 2229 2232  4
253 2231 252  4
2232 2229 258  4
260 14 243  4
2233 2230 249  4
2229 2233 2228  4
2229 255 256  4
2231 2229 2228  4
255 2231 254  4
249 2230 250  4
253 252 16  4
247 2233 248  4
2230 2233 2232  4
246 2234 2228  4
2234 2231 2228  4
244 2234 245  4
15 2234 244  4
247 246 2228  4
2229 2231 255  4
2229 256 257  4
257 258 2229  4
2232 260 243  4
2230 251 250  4
2231 2234 252  4
2231 253 254  4
258 259 2232  4
2232 243 2230  4
2233 249 248  4
2233 247 2228  4
2234 246 245  4
2234 15 252  4
288 2239 2235  5
272 2237 273  5
273 2237 274  5
19 279 262  5
2238 278 277  5
293 2238 2237  5
2238 293 294  5
2238 275 2237  5
293 2237 292  5
275 2238 276  5
288 2235 287  5
296 2238 295  5
2238 296 261  5
278 261 17  5
278 2238 261  5
261 296 18  5
272 2239 2237  5
2235 285 286  5
285 2240 284  5
2239 290 2237  5
290 2239 289  5
2237 290 291  5
283 2240 2236  5
270 2239 271  5
283 2236 282  5
280 2236 279  5
2240 285 2235  5
20 280 279  5
2236 262 279  5
282 2236 281  5
2239 270 2235  5
267 2235 268  5
268 2235 269  5
267 2240 2235  5
265 2240 266  5
2240 267 266  5
2236 265 264  5
262 2236 263  5
286 287 2235  5
2235 270 269  5
264 263 2236  5
2236 280 281  5
291 292 2237  5
2237 275 274  5
294 295 2238  5
2238 277 276  5
2239 272 271  5
2239 288 289  5
2240 265 2236  5
2240 283 284  5
2246 309 2242  6
2246 327 326  6
329 2245 330  6
327 2246 2242  6
311 2245 2242  6
2245 314 315  6
332 2245 315  6
2245 311 312  6
309 2246 308  6
324 2246 325  6
2242 309 310  6
313 2245 312  6
332 315 24  6
311 2242 310  6
23 315 314  6
314 2245 313  6
2245 329 2242  6
2246 326 325  6
306 2246 2241  6
2244 301 302  6
301 2244 2243  6
2241 303 304  6
321 2244 2241  6
306 2241 305  6
301 2243 300  6
2243 298 299  6
2243 316 297  6
298 2243 297  6
297 21 298  6
2246 324 2241  6
303 2244 302  6
2241 304 305  6
319 2244 320  6
321 2241 322  6
2244 319 2243  6
316 2243 317  6
2243 319 318  6
297 316 22  6
2241 324 323  6
323 322 2241  6
2242 329 328  6
328 327 2242  6
318 317 2243  6
2243 299 300  6
2244 303 2241  6
2244 321 320  6
2245 332 331  6
331 330 2245  6
2246 306 307  6
307 308 2246  6
2248 2251 2249  7
350 2249 342  7
2251 339 340  7
25 2247 333  7
2248 337 338  7
337 2252 336  7
339 2251 2248  7
341 2251 340  7
27 2251 341  7
350 342 28  7
336 2252 2247  7
348 2249 349  7
2253 343 333  7
2247 25 334  7
345 2250 346  7
26 333 343  7
2250 2253 2252  7
2253 2250 345  7
343 2253 344  7
2250 348 347  7
2247 334 335  7
335 336 2247  7
338 339 2248  7
348 2250 2249  7
2249 350 349  7
2249 2250 2248  7
347 346 2250  7
2252 337 2248  7
2251 27 342  7
342 2249 2251  7
2248 2250 2252  7
2247 2252 2253  7
2253 345 344  7
2253 333 2247  7
359 2255 360  8
382 2272 2264  8
365 2262 2261  8
2268 2256 2258  8
367 2261 390  8
2261 389 390  8
382 2264 381  8
390 30 367  8
2261 367 366  8
2273 2272 2254  8
389 2273 2254  8
2269 373 2257  8
363 2263 2262  8
2272 382 383  8
363 2262 364  8
387 2254 386  8
386 2254 385  8
388 387 32  8
2254 387 388  8
375 2266 2257  8
2265 2270 2271  8
378 2274 2266  8
373 2269 372  8
2256 358 357  8
369 2269 2267  8
353 2265 354  8
375 2257 374  8
371 370 31  8
371 2269 370  8
378 2266 377  8
361 2263 362  8
357 2271 2256  8
359 2256 2255  8
351 2259 352  8
380 2274 379  8
2256 359 358  8
2259 351 368  8
2258 2271 2270  8
351 29 368  8
352 2259 353  8
2271 357 356  8
354 2265 355  8
385 2272 384  8
2254 388 389  8
361 360 2255  8
2274 2264 2268  8
2266 2270 2257  8
2255 2268 2260  8
355 2271 356  8
2257 373 374  8
377 2266 376  8
2256 2268 2255  8
2259 368 369  8
2267 2265 2259  8
2272 383 384  8
2263 2260 2262  8
2261 366 365  8
2262 2273 2261  8
2262 365 364  8
2260 2263 2255  8
2263 363 362  8
2263 361 2255  8
380 381 2264  8
2264 2272 2260  8
2265 353 2259  8
2267 2257 2270  8
2266 375 376  8
2266 2274 2258  8
2259 369 2267  8
2267 2269 2257  8
2274 380 2264  8
2264 2260 2268  8
2269 369 370  8
2269 371 372  8
2270 2266 2258  8
2270 2265 2267  8
2271 2258 2256  8
2271 355 2265  8
2272 385 2254  8
2272 2273 2260  8
2273 389 2261  8
2273 2262 2260  8
2268 2258 2274  8
2274 378 379  8
404 2290 403  9
2290 404 2289  9
402 2290 2286  9
422 2296 423  9
424 2296 368  9
369 2296 2285  9
400 2286 2283  9
368 29 424  9
420 2278 421  9
2296 424 423  9
2278 420 2275  9
2287 2283 2281  9
2289 2295 2290  9
2282 2281 2283  9
407 2289 406  9
406 2289 405  9
370 407 31  9
2287 398 2283  9
2293 415 414  9
2278 2275 2279  9
2277 389 388  9
2276 2293 2280  9
391 388 32  9
393 2291 2277  9
2280 413 412  9
2287 395 396  9
2294 408 390  9
391 2277 388  9
2284 390 389  9
2277 391 392  9
417 2292 2275  9
415 2292 416  9
2275 2292 2282  9
415 2293 2292  9
417 2275 418  9
2292 2293 2281  9
409 2294 410  9
2294 411 410  9
411 2294 2280  9
408 2294 409  9
390 408 30  9
2291 395 2287  9
2275 420 419  9
419 418 2275  9
413 2293 414  9
395 2291 394  9
2277 392 393  9
2277 2291 2288  9
2295 2289 2285  9
2278 422 421  9
402 2286 401  9
2285 2296 2295  9
412 411 2280  9
2288 2294 2284  9
398 2287 397  9
400 2283 399  9
2286 2290 2279  9
2279 2275 2282  9
2283 398 399  9
2283 2286 2282  9
389 2277 2284  9
2280 2288 2276  9
2289 407 370  9
370 369 2285  9
2279 2282 2286  9
2286 400 401  9
2281 2276 2287  9
2287 396 397  9
2284 2277 2288  9
2291 2287 2276  9
404 405 2289  9
2289 370 2285  9
2290 2295 2279  9
2290 402 403  9
2276 2288 2291  9
2291 393 394  9
2281 2282 2292  9
2292 417 416  9
2293 413 2280  9
2293 2276 2281  9
2294 390 2284  9
2294 2288 2280  9
2296 369 368  9
2278 2279 2295  9
2296 422 2278  9
2278 2295 2296  9
438 2314 2305  10
2303 451 452  10
441 2305 464  10
2304 457 458  10
464 34 441  10
2305 2314 2298  10
457 2306 456  10
439 2305 440  10
438 2305 439  10
2306 455 456  10
2310 464 2305  10
434 2311 2297  10
461 2316 460  10
461 36 462  10
455 2306 2299  10
2299 2318 2307  10
459 2316 2304  10
436 2314 437  10
2316 459 460  10
451 2317 450  10
2317 451 2303  10
453 2303 452  10
449 2301 448  10
2311 434 433  10
447 2309 446  10
2301 2315 2309  10
443 2313 442  10
2309 443 444  10
2315 2301 2302  10
445 444 35  10
445 2309 444  10
2297 2311 2307  10
2308 2315 2302  10
2300 432 431  10
425 2313 426  10
2318 2299 2306  10
2299 2307 2303  10
429 2300 430  10
425 33 442  10
427 2313 2308  10
429 2308 2300  10
2308 429 428  10
2297 436 435  10
435 434 2297  10
2310 2316 462  10
2314 2318 2298  10
2299 453 454  10
454 455 2299  10
431 430 2300  10
449 2317 2301  10
2301 447 448  10
2317 449 450  10
2318 2306 2298  10
2300 2308 2302  10
2303 453 2299  10
2312 2311 2300  10
458 459 2304  10
2298 2304 2310  10
464 2310 463  10
2305 441 440  10
2306 457 2304  10
2304 2298 2306  10
2300 2311 432  10
2312 2317 2303  10
428 427 2308  10
2315 2308 2313  10
2309 445 446  10
2309 447 2301  10
2310 462 463  10
2310 2305 2298  10
433 432 2311  10
2311 2312 2307  10
2300 2302 2312  10
2312 2303 2307  10
2313 427 426  10
2313 425 442  10
2314 438 437  10
2314 436 2297  10
2315 2313 443  10
443 2309 2315  10
2316 461 462  10
2316 2310 2304  10
2317 2312 2302  10
2302 2301 2317  10
2318 2314 2297  10
2297 2307 2318  10
2329 2335 2331  11
2335 494 493  11
498 2333 442  11
476 2339 2336  11
33 498 442  11
478 2339 477  11
2333 498 497  11
494 2335 2329  11
2333 2337 443  11
2339 2338 2323  11
481 2338 480  11
481 35 444  11
474 2336 2332  11
2338 2339 478  11
2338 444 2337  11
480 2338 479  11
2333 443 442  11
2328 2319 2324  11
2331 2325 2336  11
487 2326 2319  11
474 2332 473  11
2340 465 466  11
2319 2326 2324  11
2321 2320 2327  11
487 2319 488  11
2320 2326 485  11
2334 2332 2328  11
465 462 36  11
465 2340 462  11
463 2340 2327  11
2330 2321 2340  11
472 2334 471  11
489 2322 490  11
2328 2322 2319  11
2319 489 488  11
490 2322 491  11
2320 482 464  11
483 2320 484  11
485 2326 486  11
482 2320 483  11
464 482 34  11
467 2340 466  11
469 2330 468  11
469 2334 2330  11
485 484 2320  11
464 2327 2320  11
2330 2334 2324  11
2322 2328 2325  11
491 2335 492  11
2322 489 2319  11
2338 481 444  11
496 2333 497  11
2326 487 486  11
2334 469 470  11
476 2336 475  11
2335 491 2322  11
2326 2320 2321  11
2321 2324 2326  11
2327 464 463  11
2327 2340 2321  11
2334 472 2332  11
2332 2336 2325  11
2329 496 495  11
495 494 2329  11
2324 2321 2330  11
2330 467 468  11
2323 2329 2331  11
2325 2331 2335  11
2325 2328 2332  11
2332 472 473  11
2333 496 2329  11
2329 2323 2333  11
2328 2324 2334  11
2334 470 471  11
2335 493 492  11
2335 2322 2325  11
2336 474 475  11
2336 2339 2331  11
444 443 2337  11
2337 2333 2323  11
2337 2323 2338  11
2338 478 479  11
2323 2331 2339  11
2339 476 477  11
2340 463 462  11
2340 467 2330  11
365 2346 364  12
360 2360 2343  12
2350 361 362  12
2369 411 412  12
365 2353 2346  12
527 2368 2362  12
531 2363 530  12
2355 357 358  12
422 2356 2341  12
351 2349 29  12
530 2354 529  12
37 2351 2349  12
530 2363 2354  12
2368 356 2362  12
352 2363 2344  12
2354 528 529  12
2363 354 2354  12
360 2343 359  12
2368 355 356  12
525 2362 2355  12
2360 361 2350  12
524 2355 2343  12
359 2355 358  12
2355 2362 357  12
410 2358 2345  12
519 2352 2346  12
362 2357 2350  12
527 2362 526  12
355 2368 2354  12
2364 30 408  12
2353 365 366  12
366 2366 2353  12
2366 367 2348  12
518 2353 517  12
2357 362 363  12
2352 364 2346  12
361 2360 360  12
411 2369 2358  12
510 2369 2367  12
2369 512 2358  12
30 2364 2348  12
513 2358 512  12
2370 409 2345  12
410 2345 409  12
2370 408 409  12
30 2348 367  12
38 2364 515  12
512 2369 511  12
506 2361 2347  12
505 2359 504  12
2342 2367 414  12
2367 413 414  12
508 2367 2342  12
413 2369 412  12
416 2361 2342  12
2342 507 508  12
419 2347 418  12
2361 506 507  12
2365 421 2341  12
506 2347 505  12
420 2365 2359  12
2359 2347 419  12
2359 505 2347  12
502 2365 2341  12
2356 422 423  12
421 2365 420  12
2349 424 29  12
2349 2351 424  12
501 2356 500  12
2351 37 499  12
532 2349 2344  12
2356 501 2341  12
501 502 2341  12
2341 421 422  12
2342 414 415  12
415 416 2342  12
522 2360 2350  12
523 524 2343  12
531 532 2344  12
2344 351 352  12
513 514 2345  12
408 2370 2364  12
518 519 2346  12
364 2352 363  12
417 2361 416  12
417 418 2347  12
38 516 2348  12
367 2366 366  12
2349 351 2344  12
2349 532 37  12
520 2357 2352  12
521 522 2350  12
499 500 2351  12
2351 423 424  12
2352 519 520  12
2357 363 2352  12
517 2366 516  12
2353 518 2346  12
354 2363 353  12
354 355 2354  12
2355 359 2343  12
2355 524 525  12
2356 423 2351  12
2351 500 2356  12
2357 520 521  12
521 2350 2357  12
2358 513 2345  12
2358 410 411  12
419 420 2359  12
2359 503 504  12
2360 522 523  12
523 2343 2360  12
507 2342 2361  12
2361 417 2347  12
356 357 2362  12
2362 525 526  12
2363 531 2344  12
2363 352 353  12
515 2370 514  12
2364 38 2348  12
2365 502 503  12
503 2359 2365  12
2348 516 2366  12
2366 517 2353  12
2367 508 509  12
509 510 2367  12
2368 527 528  12
528 2354 2368  12
2369 413 2367  12
2369 510 511  12
2345 514 2370  12
2370 515 2364  12
551 2392 552  13
2371 555 554  13
453 2372 454  13
2386 456 455  13
2400 452 2375  13
2394 447 446  13
550 2383 551  13
476 2397 2380  13
555 2371 2386  13
556 2386 2372  13
2385 554 553  13
2392 459 2385  13
554 2385 2371  13
461 2383 2377  13
456 2386 2371  13
2371 2385 458  13
2372 455 454  13
451 2384 2375  13
2384 451 450  13
559 2400 2375  13
453 2400 2372  13
2375 452 451  13
452 2400 453  13
2388 450 449  13
2393 448 2390  13
446 2399 2394  13
447 2394 2390  13
2399 445 2374  13
535 2398 536  13
450 2388 2384  13
564 2394 565  13
448 2393 449  13
449 2393 2388  13
479 2398 2396  13
480 2396 2389  13
2398 479 478  13
2380 536 2398  13
481 2389 2373  13
481 2373 35  13
39 2374 2373  13
2374 39 566  13
2397 537 2380  13
534 2396 535  13
533 2389 534  13
476 2380 477  13
541 2395 2391  13
537 2397 538  13
2395 473 2391  13
539 2397 2382  13
474 2395 2382  13
474 2382 475  13
471 2376 472  13
552 2385 553  13
460 2392 2383  13
471 2379 2376  13
542 2391 2376  13
2379 543 2376  13
472 2391 473  13
2391 472 2376  13
545 2379 2378  13
466 2387 467  13
2379 545 544  13
468 2387 2378  13
469 2379 470  13
40 2381 2377  13
2377 2381 465  13
2387 466 2381  13
2387 548 547  13
2381 466 465  13
548 2387 2381  13
2377 550 40  13
2378 547 546  13
2371 458 457  13
457 456 2371  13
557 2400 558  13
557 556 2372  13
533 39 2373  13
35 2374 445  13
445 2399 446  13
2374 35 2373  13
560 2384 561  13
560 559 2375  13
543 2379 544  13
543 542 2376  13
2377 465 36  13
36 461 2377  13
546 545 2378  13
2378 469 468  13
2379 471 470  13
2379 469 2378  13
537 536 2380  13
2380 478 477  13
2381 40 549  13
549 548 2381  13
540 539 2382  13
475 2397 476  13
2383 550 2377  13
2383 461 460  13
561 2388 562  13
2384 560 2375  13
2392 460 459  13
459 458 2385  13
2386 455 2372  13
2386 556 555  13
2387 547 2378  13
2387 468 467  13
563 2393 2390  13
2388 561 2384  13
2389 533 2373  13
2389 481 480  13
564 563 2390  13
2390 448 447  13
2391 542 541  13
473 2395 474  13
2385 552 2392  13
2392 551 2383  13
2393 563 562  13
562 2388 2393  13
565 2399 566  13
2394 564 2390  13
2395 541 540  13
540 2382 2395  13
2396 534 2389  13
2396 480 479  13
2397 475 2382  13
2397 539 538  13
2398 535 2396  13
2398 478 2380  13
2374 566 2399  13
2399 565 2394  13
2400 559 558  13
2400 557 2372  13
567 2401 568  14
569 315 23  14
567 568 41  14
2401 569 570  14
315 567 24  14
569 2401 315  14
568 570 42  14
570 568 2401  14
2401 567 315  14
2416 299 300  15
2414 2428 583  15
2402 595 596  15
307 2425 2410  15
2404 2413 598  15
594 2418 593  15
595 2407 45  15
2422 597 2413  15
600 2404 599  15
2404 598 599  15
312 2413 311  15
596 2422 2402  15
310 2413 2404  15
2422 596 597  15
307 2410 306  15
2423 600 601  15
604 2410 603  15
2408 607 608  15
2412 604 605  15
604 2412 2410  15
2426 607 2408  15
305 2412 304  15
2425 601 602  15
299 2416 2415  15
606 2426 2412  15
610 2416 609  15
2427 2405 2420  15
580 2420 2405  15
298 2421 21  15
44 2415 611  15
607 2426 606  15
609 2416 2408  15
609 2408 608  15
572 2414 2411  15
582 2420 581  15
2420 2428 2406  15
2421 2415 44  15
571 2427 2406  15
577 2421 2405  15
302 2426 2408  15
606 2412 605  15
2421 298 2415  15
577 2427 576  15
578 2405 2421  15
576 571 43  15
588 2429 587  15
2414 585 2411  15
586 2429 2411  15
2429 588 2417  15
592 2418 2403  15
2429 586 587  15
586 2411 585  15
314 2407 2402  15
574 2429 2417  15
2419 2403 2409  15
2418 592 593  15
590 2417 589  15
2417 588 589  15
45 2424 594  15
594 2424 2418  15
2424 45 2407  15
570 2419 2409  15
601 2425 2423  15
600 2423 2404  15
42 575 570  15
2403 2418 2409  15
313 2422 312  15
313 314 2402  15
2403 590 591  15
591 592 2403  15
309 2423 308  15
309 310 2404  15
2405 578 579  15
579 580 2405  15
2428 2420 582  15
2406 572 571  15
2407 595 2402  15
2407 314 23  15
301 2416 300  15
301 302 2408  15
569 570 2409  15
2419 590 2403  15
305 306 2410  15
603 2425 602  15
573 572 2411  15
585 2414 584  15
304 2426 303  15
2412 305 2410  15
597 598 2413  15
2413 310 311  15
2414 572 2406  15
2414 583 584  15
298 299 2415  15
2415 610 611  15
2416 301 2408  15
2416 610 2415  15
590 2419 2417  15
574 2419 575  15
569 2424 23  15
569 2409 2418  15
2419 570 575  15
2419 574 2417  15
2427 577 2405  15
2420 580 581  15
2421 577 21  15
2421 44 578  15
2413 312 2422  15
2422 313 2402  15
308 2425 307  15
2423 309 2404  15
2407 23 2424  15
2424 569 2418  15
2425 603 2410  15
2425 308 2423  15
2426 302 303  15
2426 304 2412  15
2420 2406 2427  15
2427 571 576  15
582 583 2428  15
2428 2414 2406  15
2429 574 573  15
573 2411 2429  15
612 2430 613  16
577 297 21  16
612 613 46  16
2430 577 576  16
297 612 22  16
577 2430 297  16
613 576 43  16
576 613 2430  16
2430 612 297  16
614 2431 615  17
617 279 19  17
614 615 47  17
2431 617 616  17
279 614 20  17
617 2431 279  17
615 616 48  17
616 615 2431  17
2431 614 279  17
277 2451 2448  18
643 2451 644  18
50 2455 625  18
2436 2433 620  18
270 2443 2438  18
267 2452 2449  18
658 2447 50  18
2442 658 657  18
264 2450 2432  18
264 2432 265  18
654 2432 655  18
657 2450 2442  18
2452 652 2449  18
269 2449 2443  18
2438 272 271  18
274 2453 2440  18
651 2449 652  18
2449 651 2443  18
2440 646 645  18
273 2456 2453  18
2456 273 272  18
270 2438 271  18
649 2456 2438  18
2461 645 644  18
51 2457 2454  18
624 2460 618  18
2454 642 51  18
642 2448 643  18
2456 647 2453  18
645 2461 2440  18
647 2456 648  18
2451 643 2448  18
646 2453 647  18
623 2434 624  18
2439 2441 638  18
2445 2441 2434  18
636 2439 637  18
2457 51 641  18
642 2454 2448  18
655 2450 656  18
2450 655 2432  18
619 2460 2458  18
623 2457 2445  18
624 618 49  18
2458 634 2436  18
2458 2460 2439  18
629 2444 630  18
2436 633 2433  18
635 2458 636  18
2455 50 2447  18
2433 633 632  18
633 2436 634  18
631 2433 632  18
627 2459 628  18
2459 629 628  18
631 2444 2433  18
2444 631 630  18
621 2437 622  18
629 2459 2437  18
267 2449 268  18
654 2452 2432  18
262 2447 2442  18
625 2455 2435  18
625 2435 626  18
48 622 616  18
617 2446 2435  18
266 2452 267  18
266 265 2432  18
621 2444 2437  18
621 620 2433  18
2441 2445 640  18
2441 640 639  18
627 626 2435  18
617 2455 19  18
620 619 2436  18
634 2458 635  18
2459 627 2435  18
616 622 2437  18
650 2443 651  18
650 649 2438  18
2460 619 618  18
2439 638 637  18
276 2461 2451  18
275 274 2440  18
639 638 2441  18
2441 2439 2434  18
263 2450 264  18
263 262 2442  18
2443 650 2438  18
2443 270 269  18
2444 629 2437  18
2444 621 2433  18
2434 623 2445  18
2445 641 640  18
2446 617 616  18
616 2437 2446  18
2447 658 2442  18
2447 262 19  18
278 2454 17  18
278 277 2448  18
2449 269 268  18
652 2452 653  18
2450 263 2442  18
2450 657 656  18
2451 277 276  18
2461 644 2451  18
2452 266 2432  18
2452 654 653  18
2453 646 2440  18
2453 274 273  18
2457 641 2445  18
2454 278 2448  18
2447 19 2455  18
2455 617 2435  18
2456 272 2438  18
2456 649 648  18
2457 623 17  18
17 2454 2457  18
2436 619 2458  18
2458 2439 636  18
2459 2435 2446  18
2446 2437 2459  18
2460 624 2434  18
2434 2439 2460  18
2461 276 275  18
275 2440 2461  18
659 2462 660  19
623 261 17  19
659 660 52  19
2462 623 624  19
261 659 18  19
623 2462 261  19
660 624 49  19
624 660 2462  19
2462 659 261  19
661 2463 662  20
664 252 15  20
661 662 53  20
2463 664 663  20
252 661 16  20
664 2463 252  20
662 663 54  20
663 662 2463  20
2463 661 252  20
665 26 333  21
665 56 55  21
665 666 56  21
666 665 333  21
333 25 666  21
673 2484 674  22
2473 248 2483  22
2469 251 2467  22
709 2478 2474  22
246 2481 2475  22
708 2481 2478  22
2478 709 708  22
2475 707 706  22
707 2481 708  22
251 2469 13  22
2473 703 2467  22
249 2467 250  22
701 2482 2469  22
702 2469 2467  22
700 2486 2482  22
670 2486 2464  22
2467 251 250  22
704 2473 705  22
2483 706 705  22
2493 2477 2468  22
2480 696 2466  22
2493 57 671  22
57 2493 667  22
2477 695 694  22
695 2477 2466  22
696 2480 697  22
2486 700 699  22
2486 698 2480  22
688 2491 2472  22
688 2472 689  22
2472 2490 2471  22
692 2479 60  22
2479 693 60  22
693 2479 2468  22
693 2477 694  22
690 2472 2471  22
690 2471 691  22
2472 2491 2487  22
2490 2472 2487  22
58 2487 672  22
249 2473 2467  22
2484 685 684  22
685 2476 686  22
709 2474 59  22
685 2484 2476  22
2489 682 2485  22
684 2489 2484  22
674 2485 675  22
680 679 2488  22
682 2489 683  22
2485 2488 2465  22
677 2492 2470  22
677 2470 678  22
2488 678 2470  22
15 2492 2474  22
678 2488 679  22
244 2478 245  22
2492 677 676  22
663 2470 664  22
54 2465 663  22
671 670 2464  22
2480 2466 2464  22
2465 54 675  22
681 2488 2485  22
2493 2468 667  22
2466 696 695  22
703 2473 704  22
703 702 2467  22
2479 692 2471  22
668 667 2468  22
2469 702 701  22
13 2482 670  22
2492 15 664  22
2470 663 2465  22
2490 2487 669  22
2471 692 691  22
2472 690 689  22
673 2491 2476  22
2473 249 248  22
706 2483 2475  22
244 15 2474  22
59 2492 676  22
247 2483 248  22
247 246 2475  22
687 2491 688  22
687 686 2476  22
2477 693 2468  22
2477 2493 2466  22
2481 707 2475  22
2478 244 2474  22
668 2490 669  22
668 2468 2479  22
698 2486 699  22
698 697 2480  22
2481 246 245  22
245 2478 2481  22
2482 13 2469  22
2482 701 700  22
2483 247 2475  22
2483 705 2473  22
674 2489 2485  22
2484 673 2476  22
682 681 2485  22
2485 2465 675  22
2480 2464 2486  22
2486 670 2482  22
2491 687 2476  22
2487 58 669  22
2488 2470 2465  22
2488 681 680  22
2489 674 2484  22
2489 684 683  22
2490 668 2479  22
2479 2471 2490  22
2491 673 672  22
672 2487 2491  22
2492 59 2474  22
2492 664 2470  22
2493 671 2464  22
2464 2466 2493  22
2494 61 710  23
670 243 13  23
2494 57 61  23
14 243 710  23
670 2494 243  23
57 2494 671  23
710 243 2494  23
2494 670 671  23
63 2495 713  24
712 234 11  24
711 234 2495  24
12 234 711  24
2495 62 711  24
2495 63 62  24
712 2495 234  24
2495 712 713  24
66 2525 2496  25
2521 2504 2498  25
2507 729 730  25
9 2497 718  25
2506 727 2502  25
723 2501 2497  25
64 2518 714  25
2501 724 725  25
729 2507 2502  25
729 2502 728  25
727 2506 726  25
2501 723 724  25
726 2501 725  25
715 2506 2502  25
734 2512 733  25
730 2513 2507  25
65 2514 719  25
63 2505 713  25
2519 2523 2512  25
2519 2498 2514  25
735 2521 2519  25
2512 732 733  25
732 2513 731  25
2513 730 731  25
2504 2526 2503  25
2526 2504 738  25
2526 740 2510  25
2516 712 713  25
738 2504 67  25
2504 2521 737  25
721 722 2499  25
2525 721 2499  25
2510 2516 2505  25
2503 2510 2505  25
2517 2508 2516  25
2508 2500 712  25
2508 744 2500  25
746 2500 745  25
2500 744 745  25
748 2511 747  25
2522 747 2511  25
750 2515 749  25
226 2524 2496  25
744 2508 743  25
747 2522 746  25
746 2522 2500  25
2520 749 2515  25
748 2520 2511  25
2520 748 749  25
66 2496 754  25
752 2524 2509  25
2496 753 754  25
2524 752 753  25
228 2524 227  25
2509 750 751  25
2524 753 2496  25
230 2509 229  25
230 2515 2509  25
9 2525 2497  25
9 226 2496  25
723 2499 722  25
2518 2497 2501  25
737 2521 736  25
719 2503 720  25
2499 723 2497  25
2525 66 721  25
233 2522 2511  25
11 712 2500  25
2506 2518 2501  25
2497 2518 718  25
727 728 2502  25
715 2507 716  25
712 2516 2508  25
2503 719 2498  25
2503 2498 2504  25
2504 737 67  25
2505 63 720  25
720 2503 2505  25
2506 715 714  25
2506 2501 726  25
2513 732 2512  25
2507 715 2502  25
741 2517 2510  25
743 2517 742  25
751 752 2509  25
2509 228 229  25
740 2526 739  25
740 741 2510  25
232 2520 231  25
232 233 2511  25
2523 2519 2514  25
2513 2512 2523  25
716 2523 717  25
716 2507 2513  25
2498 719 2514  25
2514 65 717  25
2515 750 2509  25
2515 230 231  25
713 2505 2516  25
2517 743 2508  25
2516 2510 2517  25
2517 741 742  25
2518 2506 714  25
2518 64 718  25
2519 2512 734  25
734 735 2519  25
2515 231 2520  25
2520 232 2511  25
2498 2519 2521  25
2521 735 736  25
2522 233 11  25
11 2500 2522  25
2523 2514 717  25
2523 716 2513  25
2524 226 227  25
2524 228 2509  25
2499 2497 2525  25
2525 9 2496  25
2510 2503 2526  25
2526 738 739  25
757 756 68  26
756 2527 755  26
755 225 10  26
2527 756 757  26
718 2527 757  26
718 757 64  26
225 718 9  26
2527 718 225  26
225 755 2527  26
759 2528 758  27
760 759 69  27
758 2528 207  27
2528 762 761  27
762 760 70  27
762 2528 760  27
7 207 761  27
8 758 207  27
761 207 2528  27
2528 759 760  27
2555 800 801  28
789 2548 788  28
2553 2545 2531  28
779 2533 778  28
775 2545 774  28
202 2544 2541  28
766 762 70  28
770 2530 769  28
791 2541 790  28
71 2531 763  28
2554 770 771  28
2531 2554 2553  28
2529 779 780  28
2530 72 769  28
775 2550 2545  28
777 2533 2552  28
2533 2529 765  28
2533 779 2529  28
778 2533 777  28
780 2556 2529  28
766 2539 762  28
761 2551 7  28
2551 761 2542  28
785 2542 784  28
2556 782 2539  28
783 2542 2539  28
783 2539 782  28
2544 790 2541  28
203 2548 2544  28
788 2548 2536  28
787 2537 786  28
2549 786 2537  28
785 2551 2542  28
2537 205 206  28
206 2549 2537  28
2541 791 2534  28
205 2537 2536  28
201 2541 2534  28
2535 792 793  28
792 2535 2534  28
796 2546 795  28
200 2535 199  28
767 2554 2531  28
770 2554 2530  28
2535 200 2534  28
774 2553 773  28
2553 774 2545  28
2532 793 794  28
797 2547 796  28
2546 198 2532  28
2547 195 196  28
795 2532 794  28
798 2543 797  28
195 2547 2543  28
194 2543 2538  28
796 2547 2546  28
799 2540 2538  28
800 2555 2540  28
191 2555 190  28
190 2557 5  28
2557 72 2530  28
802 2557 2555  28
2557 802 72  28
2538 798 799  28
2540 191 192  28
766 2556 2539  28
766 765 2529  28
2554 767 768  28
768 5 2530  28
763 2545 764  28
2531 71 767  28
198 2546 197  28
198 199 2532  28
765 764 2533  28
776 2552 2550  28
200 201 2534  28
2534 791 792  28
2535 793 2532  28
2532 199 2535  28
204 205 2536  28
2536 787 788  28
786 2549 73  28
2537 787 2536  28
193 2540 192  28
193 194 2538  28
782 2556 781  28
2539 761 762  28
2540 193 2538  28
2540 799 800  28
2541 201 202  28
790 2544 789  28
761 2539 2542  28
2542 783 784  28
2543 798 2538  28
2543 194 195  28
2544 202 203  28
2548 789 2544  28
764 2552 2533  28
2545 763 2531  28
196 197 2546  28
2546 2532 795  28
196 2546 2547  28
2547 797 2543  28
2548 203 204  28
204 2536 2548  28
2549 206 7  28
73 2551 785  28
764 2545 2550  28
2550 775 776  28
2551 73 2549  28
2549 7 2551  28
2552 764 2550  28
2552 776 777  28
2553 771 772  28
772 773 2553  28
768 2530 2554  28
2554 771 2553  28
2555 191 2540  28
2555 801 802  28
2556 766 2529  28
2556 780 781  28
2530 5 2557  28
2557 190 2555  28
803 2558 189  29
71 767 804  29
803 189 6  29
804 803 74  29
768 189 2558  29
767 2558 804  29
189 768 5  29
2558 803 804  29
2558 767 768  29
805 2559 171  30
76 807 806  30
805 171 4  30
806 805 75  30
808 171 2559  30
807 2559 806  30
171 808 3  30
2559 805 806  30
2559 807 808  30
2563 817 816  31
2560 829 828  31
810 809 2561  31
812 807 76  31
812 2574 2565  31
2578 79 831  31
162 2572 163  31
832 2577 2568  31
821 2587 822  31
77 2576 809  31
2584 836 2569  31
829 2580 2575  31
814 2580 2576  31
2580 2560 2576  31
825 2561 826  31
824 2589 2573  31
825 2573 2561  31
2587 821 2574  31
822 2587 823  31
2587 2574 811  31
817 2562 818  31
815 2563 816  31
2566 78 848  31
817 2563 2562  31
2582 847 2567  31
819 2565 820  31
812 2562 807  31
820 2574 821  31
843 2570 844  31
2567 847 846  31
78 2588 815  31
845 2581 846  31
815 2588 2563  31
2588 78 2566  31
826 2561 2560  31
826 2560 827  31
846 2581 2567  31
158 2579 2570  31
847 2582 848  31
848 2582 2566  31
159 2585 160  31
2579 844 2570  31
2585 842 2571  31
2586 841 840  31
2585 843 842  31
162 2586 2572  31
841 2586 2571  31
841 2571 842  31
843 2585 2570  31
838 2590 2572  31
166 2584 2569  31
839 2586 840  31
2569 835 2564  31
2590 837 2584  31
838 2572 839  31
835 2569 836  31
167 2569 2564  31
834 2583 2564  31
2583 833 2568  31
79 2578 2577  31
1 2578 813  31
2568 833 832  31
2583 834 833  31
2578 1 2577  31
168 2583 169  31
2580 829 2560  31
2560 828 827  31
2561 2576 2560  31
810 2587 811  31
818 2565 819  31
2562 808 807  31
808 2588 3  31
808 2562 2563  31
168 167 2564  31
2564 835 834  31
2565 818 2562  31
2562 812 2565  31
155 2582 2567  31
154 3 2566  31
157 2581 2579  31
156 155 2567  31
170 2577 1  31
170 169 2568  31
2569 167 166  31
836 2584 837  31
159 158 2570  31
844 2579 845  31
161 2586 162  31
161 160 2571  31
165 2590 2584  31
164 163 2572  31
810 2561 2573  31
2573 825 824  31
2574 820 2565  31
2574 812 811  31
2575 831 830  31
830 829 2575  31
2576 2561 809  31
2576 77 814  31
2577 170 2568  31
2577 832 79  31
2578 831 2575  31
2578 2580 813  31
2579 158 157  31
2581 845 2579  31
2580 814 813  31
2580 2578 2575  31
2581 157 156  31
156 2567 2581  31
2582 155 154  31
154 2566 2582  31
2568 169 2583  31
2583 168 2564  31
2584 166 165  31
837 2590 838  31
2571 160 2585  31
2585 159 2570  31
2586 839 2572  31
2586 161 2571  31
810 2589 2587  31
2589 810 2573  31
2566 3 2588  31
2588 808 2563  31
2589 824 823  31
823 2587 2589  31
2590 165 164  31
164 2572 2590  31
849 2591 153  32
77 814 850  32
849 153 2  32
850 849 80  32
813 153 2591  32
814 2591 850  32
153 813 1  32
2591 849 850  32
2591 814 813  32
851 2592 342  33
82 854 852  33
851 342 28  33
852 851 81  33
853 342 2592  33
854 2592 852  33
342 853 27  33
2592 851 852  33
2592 854 853  33
892 2617 891  34
2597 85 879  34
2598 873 2593  34
2611 2620 2610  34
2620 884 2603  34
880 2616 2597  34
882 2620 2616  34
882 2616 881  34
889 2618 888  34
853 2610 2603  34
885 2603 884  34
2615 885 886  34
340 2619 339  34
885 2615 2603  34
2619 340 2618  34
2625 888 2618  34
887 2615 886  34
887 2625 2615  34
337 2617 2607  34
338 2619 2617  34
2594 893 894  34
2613 334 2624  34
894 2624 2594  34
893 2607 892  34
336 2607 2594  34
2617 892 2607  34
2619 889 890  34
889 2619 2618  34
2608 2621 2602  34
864 2621 2608  34
2621 867 2600  34
2623 864 2608  34
895 2624 894  34
864 2623 863  34
84 2613 895  34
25 2613 2601  34
56 2602 855  34
25 2608 666  34
2621 2600 2602  34
2614 870 871  34
868 2604 2600  34
870 2604 869  34
2614 871 2598  34
2600 856 855  34
82 2611 854  34
870 2614 2604  34
857 2614 2598  34
2597 2616 2606  34
2596 2609 2599  34
2605 878 85  34
878 2605 2595  34
878 2595 877  34
2609 874 875  34
873 2598 872  34
874 2609 2593  34
876 2612 2609  34
877 2612 876  34
876 2609 875  34
83 2599 859  34
2599 83 858  34
2593 873 874  34
335 2624 334  34
335 336 2594  34
2605 85 2597  34
860 2622 2605  34
858 857 2596  34
2596 2598 2593  34
879 880 2597  34
2606 2605 2597  34
2598 2596 857  34
2598 871 872  34
2622 2599 2612  34
2599 858 2596  34
867 2621 866  34
867 868 2600  34
2601 84 862  34
862 2623 2601  34
2600 855 2602  34
2602 56 666  34
884 2620 883  34
853 2615 27  34
856 2600 2604  34
2604 868 869  34
2605 2606 860  34
2622 2612 2595  34
854 2611 2610  34
861 860 2606  34
2607 893 2594  34
2607 336 337  34
2608 2602 666  34
2608 25 2601  34
2599 2622 859  34
2609 2596 2593  34
2610 853 854  34
2620 2603 2610  34
2611 82 861  34
861 2606 2611  34
2599 2609 2612  34
2612 877 2595  34
2613 84 2601  34
2613 25 334  34
2614 857 856  34
856 2604 2614  34
341 2625 2618  34
2615 853 2603  34
2611 2606 2616  34
2616 880 881  34
2617 337 338  34
2617 890 891  34
340 341 2618  34
888 2625 887  34
2619 890 2617  34
2619 338 339  34
2620 2611 2616  34
2620 882 883  34
2621 864 865  34
865 866 2621  34
2595 2605 2622  34
2622 860 859  34
2608 2601 2623  34
2623 862 863  34
2624 335 2594  34
2624 895 2613  34
2625 341 27  34
27 2615 2625  34
2837 429 428  35
989 3248 3102  35
3069 393 3224  35
242 2973 2865  35
242 2865 12  35
1231 3221 1232  35
2805 3153 2802  35
2776 2981 2892  35
1222 2661 2631  35
2896 2952 2892  35
80 2984 849  35
2740 385 386  35
3250 3197 2797  35
89 3231 947  35
942 3086 2665  35
391 2702 32  35
1201 3141 1202  35
495 2750 496  35
3025 3193 2646  35
1244 3188 1245  35
3011 2970 2994  35
434 3095 3124  35
3163 2778 3062  35
496 3099 497  35
2699 3053 2899  35
903 3028 2983  35
755 3048 10  35
62 2742 1211  35
441 3144 34  35
2705 2958 2770  35
756 68 1220  35
2863 3108 2882  35
1089 3240 2684  35
904 2983 2919  35
2637 1249 1248  35
258 3047 257  35
2883 47 614  35
2880 3198 3079  35
283 2967 2687  35
1235 2691 1236  35
2908 3214 3045  35
926 3110 927  35
1108 3005 1109  35
1229 2670 1230  35
1051 3225 1052  35
3020 3141 2662  35
2790 3011 2762  35
1235 3070 2691  35
2952 2856 2938  35
3205 952 951  35
3050 3231 1171  35
851 1169 81  35
2986 1003 1002  35
851 3191 1169  35
3033 1138 2910  35
1164 2874 1165  35
3183 1167 3081  35
2841 1022 1021  35
3126 2700 2634  35
3160 46 1208  35
104 3208 1255  35
3227 3136 974  35
2655 2966 1256  35
91 2640 981  35
3208 2784 2916  35
2944 980 2923  35
2835 3201 2640  35
979 2923 980  35
2835 2944 2923  35
3164 968 967  35
3219 2960 2713  35
2845 984 983  35
964 2960 965  35
3181 2630 2936  35
2640 3201 3090  35
981 3090 982  35
983 3090 2845  35
984 2980 985  35
2980 984 2845  35
2745 3201 1261  35
2785 2846 3190  35
3248 987 3190  35
937 2838 938  35
3052 3170 2626  35
939 3086 940  35
184 3170 2791  35
3170 186 2805  35
3022 2805 2802  35
2802 2995 2955  35
2995 996 995  35
996 2995 2630  35
187 3153 2805  35
964 3181 2960  35
2630 3153 2936  35
3153 187 188  35
966 3164 967  35
2984 80 1257  35
971 3143 972  35
3143 971 3089  35
2966 2984 1257  35
968 3164 2652  35
849 2984 2713  35
3143 3089 2966  35
3227 972 3143  35
976 2758 977  35
975 2758 976  35
977 3226 978  35
2976 406 407  35
2642 374 375  35
75 3223 1221  35
3265 379 380  35
373 2642 2915  35
2774 2639 2977  35
2683 3243 3211  35
3096 2788 2859  35
1223 3265 1224  35
381 3265 380  35
377 3096 2859  35
2642 2859 2788  35
31 2976 407  35
2859 375 376  35
372 2915 2861  35
2915 372 373  35
3211 2879 2683  35
3243 2683 3044  35
382 3243 3044  35
387 2740 386  35
385 3211 384  35
1204 3031 2708  35
3179 2715 3068  35
3220 2702 2889  35
3021 1226 2796  35
1225 2796 1226  35
2702 3069 2889  35
2697 403 404  35
406 3065 405  35
2697 2810 2644  35
2661 3142 2631  35
2661 1222 1221  35
3223 3155 2661  35
3065 404 405  35
2642 373 374  35
177 2635 176  35
2813 179 180  35
403 3041 402  35
3109 3012 2751  35
2813 178 179  35
3041 403 2697  35
3155 3145 3072  35
2728 2872 2635  35
177 2728 2635  35
3149 2893 396  35
175 2997 174  35
174 2997 173  35
3156 3182 3176  35
3209 2779 3173  35
399 3073 2902  35
3149 3257 2660  35
183 2990 182  35
182 2990 181  35
180 3067 2813  35
2696 3102 2888  35
992 3008 2909  35
2955 3022 2802  35
2813 3067 2900  35
102 3082 1267  35
3086 2964 2798  35
3202 2846 3152  35
1262 2745 1261  35
1266 3082 3017  35
3082 1266 1267  35
1175 1168 103  35
3017 2964 2651  35
3064 1263 1264  35
943 2815 944  35
3086 939 2838  35
1174 2665 1175  35
1174 3139 2815  35
3102 2696 3008  35
935 2797 2628  35
935 2628 936  35
3064 2745 1263  35
2665 3086 2798  35
2815 942 2665  35
398 3149 397  35
178 2813 2728  35
2990 183 2791  35
2912 89 946  35
933 3250 2797  35
933 2797 934  35
2670 1229 2645  35
1230 2670 1231  35
1228 3021 2645  35
3182 3021 3176  35
2790 3141 1201  35
1194 2832 1195  35
3123 2840 3001  35
1236 2691 1237  35
3146 3104 1239  35
1189 2772 2716  35
3135 3030 2914  35
2969 2938 2856  35
2637 1248 1247  35
430 2746 431  35
1114 3252 2800  35
2718 2951 2937  35
2695 33 498  35
2787 430 429  35
434 3124 2720  35
436 3061 437  35
437 3061 2924  35
1251 3095 1252  35
2689 3094 487  35
2720 436 435  35
439 2924 2905  35
2899 2778 3144  35
437 2924 438  35
2905 441 440  35
2905 3144 441  35
2778 483 482  35
483 3037 484  35
485 2689 486  35
2871 3175 2777  35
1250 3117 3053  35
485 3037 2689  35
3003 2795 2992  35
3099 2750 2850  35
2783 211 210  35
498 3099 2695  35
425 2695 2992  35
430 2787 2746  35
2795 1253 2712  35
427 2837 428  35
429 2837 2787  35
3222 3071 3137  35
2992 426 425  35
2823 3131 3000  35
803 74 1254  35
3210 1254 3071  35
208 3210 2783  35
1073 2823 1074  35
759 1217 69  35
1077 2775 2676  35
2882 2739 1070  35
756 3108 2863  35
1079 3023 1080  35
3112 2775 2866  35
1085 2825 2730  35
2866 3043 3000  35
3043 2823 3000  35
1072 2823 1073  35
2823 2739 2714  35
2676 3093 3023  35
1077 2676 1078  35
2739 1072 1071  35
756 2863 755  35
1099 2870 2807  35
236 2756 2703  35
2975 3015 2685  35
238 2979 239  35
1097 3130 2870  35
2975 2685 2703  35
2685 3015 2636  35
2925 3157 2730  35
2759 2705 2677  35
2770 3157 2921  35
1086 3051 1087  35
1090 3120 1091  35
1085 2730 1086  35
2825 1085 1084  35
1099 2807 96  35
235 3048 2756  35
3212 2870 3130  35
3162 3059 2834  35
3162 224 2925  35
3023 3093 3038  35
1082 3229 2834  35
1083 3059 2825  35
3048 235 10  35
3147 1069 1068  35
1067 3147 1068  35
2999 96 2807  35
3023 1081 1080  35
3229 1082 1081  35
758 3162 3038  35
218 2941 2732  35
906 3113 907  35
904 2919 905  35
3136 3227 2655  35
3226 979 978  35
2684 3240 2958  35
224 3162 8  35
3251 3028 901  35
2742 1212 1211  35
901 3028 902  35
2678 2858 2742  35
2983 2770 2919  35
240 2973 241  35
2941 2761 2860  35
3207 212 211  35
216 2941 217  35
212 3207 2793  35
913 3204 914  35
214 2793 2761  35
214 2761 215  35
1112 3252 1113  35
2793 214 213  35
495 2808 2750  35
3204 2929 915  35
2777 492 491  35
910 2724 911  35
2632 2906 2808  35
490 2871 2777  35
928 2653 929  35
2824 223 222  35
2935 2653 1213  35
1092 3120 2759  35
218 2732 219  35
3192 3113 2827  35
3216 2973 2979  35
3120 1092 1091  35
908 3113 2920  35
908 2920 909  35
2973 3216 2972  35
3028 3251 2972  35
2919 3113 906  35
2761 216 215  35
2920 3078 2988  35
910 2920 2724  35
898 2935 2858  35
898 2858 899  35
3251 899 2858  35
896 2935 897  35
493 2808 494  35
912 3049 87  35
2822 1108 1107  35
2777 491 490  35
3105 2780 2656  35
2653 3110 1214  35
2736 3177 2681  35
286 2843 285  35
2922 3247 3063  35
1214 3110 1215  35
3110 3097 2934  35
929 2653 86  35
2653 2935 896  35
1215 2934 1216  35
3110 2934 1215  35
3167 919 918  35
1037 2753 2667  35
2738 3165 3026  35
288 2738 2693  35
3234 3080 2693  35
3097 3118 3060  35
2922 259 260  35
2922 260 14  35
283 2687 282  35
3005 1110 1109  35
2880 3187 2917  35
3094 489 488  35
3005 2671 1110  35
2764 921 920  35
287 2843 286  35
1104 3254 1105  35
2991 2903 2749  35
2693 287 288  35
285 2967 284  35
2818 3119 2946  35
3199 3047 258  35
3199 258 259  35
256 3047 2675  35
255 2735 254  35
1035 2760 2753  35
61 1216 710  35
14 3247 2922  35
3165 290 291  35
2738 3234 2693  35
919 2764 920  35
2738 288 289  35
296 2801 295  35
2989 1045 2891  35
95 2806 1049  35
2962 3016 2890  35
296 3134 2801  35
2817 2996 2907  35
1053 3225 2817  35
2854 1033 1032  35
2829 3259 3016  35
1049 2806 1050  35
3225 1051 2862  35
3002 1032 94  35
1063 2741 1064  35
1065 3002 94  35
2760 2854 2763  35
2854 2760 1033  35
1039 2668 1040  35
3042 2884 2831  35
1047 2953 1048  35
95 3035 2806  35
2806 3203 2862  35
2638 2939 2690  35
1043 2891 1044  35
3042 1040 2668  35
922 3118 923  35
2891 1045 1044  35
1045 2989 1046  35
2668 1038 2667  35
2831 1043 1042  35
2852 2801 2989  35
1047 3242 2953  35
2667 3140 2949  35
3140 2760 2763  35
2753 1037 1036  35
1037 2667 1038  35
1040 3042 1041  35
3115 2741 3009  35
2741 1063 3009  35
53 3259 1209  35
1033 2760 1034  35
1032 3002 2854  35
1060 2890 1061  35
1061 2890 1062  35
1055 2907 1056  35
3203 18 659  35
1054 2907 1055  35
2907 1054 2817  35
1058 2962 1059  35
2962 1058 2930  35
2962 2930 2887  35
52 3161 659  35
2953 3134 3035  35
2991 3253 3230  35
2816 1100 98  35
47 2883 1179  35
2987 1030 1029  35
281 3101 280  35
2816 2903 1101  35
2816 1101 1100  35
1132 3232 3024  35
3024 98 1133  35
2883 614 20  35
1103 2903 2765  35
1106 2822 1107  35
2883 3101 3040  35
1103 2765 1104  35
3138 3249 2726  35
1187 2772 1188  35
1247 2725 2637  35
2978 1115 2800  35
2978 2800 2707  35
3261 1118 1117  35
3046 2707 2650  35
1120 2853 3260  35
3260 1123 1122  35
1183 3046 2650  35
3046 3206 2707  35
1126 2885 2641  35
2885 1126 1125  35
1126 2641 1127  35
1127 2641 1128  35
1124 2885 1125  35
2853 3055 2744  35
1182 3168 2853  35
1128 3258 1129  35
1130 3258 3232  35
3258 1128 2641  35
1130 3232 1131  35
1120 3260 1121  35
1118 3261 3055  35
3158 1190 2716  35
1246 3188 2725  35
1185 3088 2721  35
1183 3088 1184  35
3239 3193 2747  35
1189 2716 1190  35
2969 1241 3104  35
1195 2945 1196  35
3114 3106 2896  35
1192 3158 2849  35
2706 1161 1160  35
3068 3151 2826  35
1233 3070 1234  35
2662 2762 2733  35
3154 2679 2719  35
88 2927 930  35
2948 1144 2786  35
932 3250 933  35
3231 89 2912  35
3231 948 947  35
3050 1171 1170  35
962 2672 963  35
948 3050 949  35
950 3205 951  35
3231 3050 948  35
952 3205 2767  35
952 2767 953  35
2722 1011 1010  35
2717 3032 2663  35
2782 2673 957  35
2782 955 2717  35
958 2673 959  35
2781 955 954  35
3121 2722 1009  35
1015 2633 1016  35
2643 3007 2844  35
349 2771 2692  35
2781 2767 2974  35
3185 2767 2688  35
953 2781 954  35
851 3237 3191  35
2752 3154 2719  35
3032 3217 3085  35
330 3085 2773  35
2804 2769 2629  35
2752 2842 2766  35
2830 3019 2672  35
2927 88 2672  35
3020 3179 2708  35
1146 2948 2918  35
2918 2895 1147  35
1149 2895 2723  35
3180 2774 2977  35
960 2734 961  35
2664 2848 2768  35
2664 2804 2766  35
959 2734 960  35
326 2719 2679  35
1147 2895 1148  35
2842 2819 2766  35
2663 2709 2673  35
319 2836 2819  35
1151 2659 2639  35
2836 319 318  35
2948 2786 2754  35
2842 320 2819  35
2664 2768 2682  35
2848 2664 2819  35
2723 2868 2649  35
317 2971 2836  35
2723 2895 2868  35
2708 3031 3020  35
1140 3033 2743  35
3128 3183 3036  35
3036 3179 3128  35
3033 2910 2826  35
2820 2701 3257  35
1143 2931 2786  35
2669 2729 2686  35
2874 1164 2686  35
3081 3066 3036  35
1134 3246 1135  35
2639 2998 2977  35
2639 1153 1152  35
1153 2774 1154  35
2639 1152 1151  35
3171 1157 1156  35
2641 1181 2908  35
1157 3171 2803  35
3171 1155 2774  35
2983 3216 2636  35
2803 1159 1158  35
1159 2803 2706  35
3262 2706 3029  35
2686 3029 2669  35
2706 3262 1161  35
1162 3262 1163  35
945 3139 2912  35
945 2912 946  35
46 3160 612  35
22 3160 2971  35
2711 2904 1177  35
3238 344 343  35
3107 2841 3034  35
1024 3126 1025  35
1176 2711 1177  35
567 1176 41  35
1021 3194 2841  35
1022 3107 1023  35
3126 3107 3034  35
1025 2634 1026  35
2841 3194 2965  35
3245 2773 3228  35
2877 24 3014  35
1000 2942 2855  35
2855 3228 3087  35
2679 3085 328  35
1005 2647 1006  35
2666 2881 2717  35
1005 2847 2647  35
1007 3121 1008  35
2722 3121 2737  35
1003 2986 2694  35
2647 2847 2666  35
1000 2855 1001  35
2847 2986 2857  35
345 2844 346  35
1011 2911 1012  35
2911 2722 2737  35
2658 3186 3083  35
1013 1012 2911  35
2643 3238 2911  35
2658 1015 93  35
1015 2658 2633  35
2748 3014 2851  35
24 2877 567  35
998 2942 999  35
1028 2987 1029  35
1030 3255 2748  35
1030 2748 1031  35
3255 3200 2877  35
344 2643 345  35
3057 2968 3127  35
55 3057 665  35
3194 1021 1020  35
344 3238 2643  35
1018 3256 2968  35
3238 2878 3083  35
2968 1019 1018  35
992 2909 993  35
2838 937 2628  35
2970 1199 1198  35
3221 3196 3070  35
3170 184 185  35
2628 937 936  35
1144 2948 1145  35
399 2902 398  35
997 3181 90  35
997 996 2630  35
372 2861 371  35
1222 2788 1223  35
2632 493 492  35
492 2777 2632  35
26 3238 343  35
1016 3256 1017  35
1027 3200 1028  35
1027 1026 2634  35
3041 2697 2644  35
2635 175 176  35
240 2979 2973  35
2759 3130 1094  35
1186 2772 1187  35
486 2689 487  35
3118 3097 924  35
3118 924 923  35
2971 317 316  35
3160 1208 3074  35
1258 2835 2784  35
1260 2835 105  35
3122 2977 2998  35
1181 2641 2885  35
375 2859 2642  35
2851 92 2748  35
955 2781 2717  35
347 2844 2771  35
3073 401 3041  35
3072 2993 2789  35
2645 1229 1228  35
3069 2702 391  35
487 3094 488  35
2725 3239 2747  35
2844 347 346  35
2647 1007 1006  35
2627 3169 2875  35
2940 2670 2645  35
2774 1153 2639  35
101 2723 2659  35
1115 2978 1116  35
3010 2707 2780  35
1263 2745 1262  35
3086 2838 2964  35
969 3089 970  35
969 968 2652  35
1214 1213 2653  35
2653 896 86  35
2654 427 426  35
426 2992 2654  35
1256 1255 2655  35
974 3136 975  35
2671 3252 1112  35
2671 1112 1111  35
1193 2832 1194  35
2849 2832 1193  35
2633 3083 2878  35
2658 93 1014  35
2659 1151 101  35
2659 2723 2649  35
394 3224 393  35
396 2893 395  35
3223 2661 1221  35
3223 4 3109  35
3141 2790 2762  35
3150 3092 2898  35
326 2679 327  35
957 2673 958  35
2779 3209 3027  35
320 2842 321  35
1175 2811 1168  35
942 2815 943  35
3121 1009 1008  35
3217 3032 2881  35
1038 2668 1039  35
2675 255 256  35
921 2764 2939  35
1042 3042 2831  35
1163 2686 1164  35
2669 3066 2729  35
2940 3221 2670  35
3221 2940 2727  35
1111 1110 2671  35
2671 3005 2656  35
88 963 2672  35
2629 2830 2804  35
2673 2782 2663  35
324 2719 325  35
1208 1207 2674  35
2998 2659 2649  35
3047 2690 2675  35
2884 3042 2982  35
1079 1078 2676  35
1218 3131 1219  35
3130 2677 2975  35
1094 3130 1095  35
899 3251 900  35
711 2865 2742  35
328 3085 329  35
328 327 2679  35
2680 3041 2644  35
3075 2820 2680  35
2929 3204 3177  35
3204 915 914  35
2769 2804 2664  35
2743 3077 2931  35
2796 2879 2821  35
1224 2879 1225  35
2684 1090 1089  35
2827 2770 2921  35
2703 2979 238  35
2870 3212 3013  35
1166 3081 1167  35
2874 3081 1166  35
2687 281 282  35
2967 285 2843  35
2688 3237 3185  35
3237 2688 3191  35
2689 3163 2873  35
489 3094 2871  35
2690 2735 2675  35
2690 3047 2638  35
1237 3146 1238  35
2840 3196 2963  35
2692 28 350  35
350 349 2692  35
3167 918 917  35
2929 3167 917  35
2694 1005 1004  35
1004 1003 2694  35
208 2783 209  35
2695 425 33  35
2696 3202 2626  35
2845 3190 2980  35
404 3065 2697  35
2810 3065 2993  35
2876 3111 3084  35
2820 3075 2839  35
3124 2699 3061  35
1251 1250 2699  35
1176 567 2700  35
1028 3200 2987  35
3116 3176 3236  35
2893 3224 394  35
2702 387 32  35
2710 3224 3184  35
2703 238 237  35
237 236 2703  35
3021 1228 1227  35
393 3069 392  35
3015 2770 2636  35
3120 1090 2684  35
1160 1159 2706  35
3180 3264 3171  35
2780 3252 2656  35
2707 3010 2650  35
2826 3076 3068  35
1204 3066 1205  35
2734 959 2673  35
324 2752 2719  35
3184 3257 2701  35
2701 2704 2710  35
2711 1176 2700  35
2700 3126 2711  35
1253 2795 1254  35
1253 1252 2712  35
2 3153 188  35
2 849 2713  35
1219 3108 1220  35
2739 2823 1072  35
2769 2664 2682  35
1140 2743 1141  35
1190 3158 1191  35
2794 3135 2914  35
955 2782 956  35
2844 3007 2974  35
3117 1250 1249  35
3054 3174 2937  35
2679 3154 2663  35
2719 326 325  35
435 434 2720  35
3095 434 433  35
2721 1186 1185  35
3088 1185 1184  35
1010 1009 2722  35
2647 2666 2897  35
2723 101 1150  35
1150 1149 2723  35
911 3049 912  35
3207 3078 2793  35
2725 1247 1246  35
3239 3188 3263  35
3030 3135 2828  35
2693 2886 2843  35
3221 1231 2670  35
2809 3196 2727  35
2728 177 178  35
3250 2698 2900  35
3029 1205 2669  35
3066 2708 3036  35
3051 1086 2730  35
2824 2925 223  35
3173 2769 3098  35
3098 3103 2792  35
220 2812 221  35
219 2812 220  35
2940 3182 2985  35
2648 2662 2733  35
961 2830 962  35
2734 2673 2709  35
254 2954 253  35
2735 255 2675  35
3177 3133 2926  35
2693 3080 2886  35
3189 2666 3007  35
2911 1011 2722  35
2738 289 290  35
919 3167 2764  35
1071 1070 2739  35
2739 2882 2714  35
3220 2889 2821  35
2740 387 2702  35
3259 3056 3115  35
2741 1065 1064  35
2742 62 711  35
2678 2973 2972  35
1141 2931 1142  35
3151 3068 2715  35
3055 3206 2744  35
2978 2707 3206  35
3201 2835 1260  35
2745 3064 2651  35
432 431 2746  35
2746 2787 3095  35
2725 2951 2637  35
3239 2913 2646  35
92 2851 998  35
92 1031 2748  35
1101 2903 1102  35
3214 3253 3045  35
3222 3210 3071  35
2750 2906 2850  35
3109 173 3012  35
3172 3215 2839  35
2752 324 323  35
323 322 2752  35
2753 1036 1035  35
2760 1035 1034  35
2754 3077 2792  35
2682 3098 2769  35
3158 2716 3114  35
3001 2875 2776  35
2756 236 235  35
2870 1099 1098  35
3125 2951 2747  35
3049 911 2724  35
975 3136 2758  35
3208 3136 2655  35
2759 1094 1093  35
1093 1092 2759  35
2954 2763 2854  35
2753 3140 2667  35
3078 2860 2761  35
2920 3113 2860  35
2790 1201 1200  35
2790 1200 1199  35
2954 254 2735  35
2760 3140 2753  35
3234 2738 3026  35
3165 2738 290  35
2822 3254 2943  35
2903 1103 1102  35
2709 2804 2734  35
2709 2752 2766  35
2767 3205 2688  35
2767 3185 2974  35
3218 3074 2869  35
3218 3103 2682  35
2769 3173 2779  35
2769 2779 2629  35
2770 3015 2705  35
221 2824 222  35
2771 349 348  35
348 347 2771  35
2772 1189 1188  35
2772 1186 2721  35
2773 332 331  35
331 330 2773  35
1155 3171 1156  35
1155 1154 2774  35
2775 1077 1076  35
1075 3043 1076  35
3196 2627 2963  35
2832 2849 2755  35
3175 3213 2799  35
2757 3175 2799  35
482 3144 2778  35
3117 2951 2718  35
2779 3027 2932  35
3195 930 2927  35
3252 2780 2800  35
2780 3105 2867  35
2781 953 2767  35
2666 2717 3007  35
2717 2663 2782  35
2782 957 956  35
210 209 2783  35
3099 496 2750  35
979 3226 2923  35
2784 1259 1258  35
2785 2745 2651  35
987 3248 988  35
2786 1144 1143  35
3077 2743 2792  35
2712 2837 2654  35
2787 1252 3095  35
2788 1222 2631  35
2631 2642 2788  35
2661 3155 2789  35
2976 3142 2993  35
1199 2970 2790  35
3011 2790 2970  35
183 184 2791  35
3129 3170 3052  35
3103 3098 2682  35
2792 3151 2715  35
3078 2920 2860  35
2793 213 212  35
3193 3125 2747  35
2950 3135 3025  35
1254 3210 803  35
2795 2712 2654  35
1226 3021 1227  35
2821 2710 2704  35
2797 935 934  35
2698 3250 3111  35
1266 3017 1265  35
2798 2811 2665  35
2880 3054 2937  35
3163 2689 3037  35
2780 2707 2800  35
2800 1115 1114  35
2947 292 293  35
295 2957 294  35
2696 3022 2909  35
187 2805 186  35
2706 2803 3264  35
2803 1158 1157  35
2830 961 2734  35
2804 2709 2766  35
2805 3022 2626  35
186 3170 185  35
3203 3134 18  35
1050 2862 1051  35
2756 3048 3013  35
96 2999 1066  35
2808 495 494  35
2808 493 2632  35
3156 3209 2648  35
3235 2985 3091  35
2876 2839 3215  35
2644 3172 3075  35
102 1168 2811  35
2811 1175 2665  35
2812 219 2732  35
2812 2921 2824  35
3129 3067 2990  35
2728 2900 2698  35
2814 3020 2662  35
2662 2648 2814  35
2665 1174 2815  35
944 3139 945  35
98 3024 2816  35
3253 2816 3024  35
3161 52 1210  35
2817 1054 1053  35
3018 3233 2943  35
3101 281 2687  35
2664 2766 2819  35
2819 320 319  35
2820 2902 2680  35
2698 3145 2872  35
2704 2796 2821  35
2879 3211 2740  35
3254 2765 2943  35
3254 1104 2765  35
2823 3043 1074  35
1074 3043 1075  35
2824 221 2812  35
3240 2730 3157  35
2825 1084 1083  35
3162 2925 3059  35
1138 3033 1139  35
1137 3076 2910  35
2919 906 905  35
2732 2921 2812  35
3135 2950 2721  35
3088 1183 2650  35
2962 2887 2829  35
1209 2996 1210  35
2672 962 2830  35
2830 2734 2804  35
2884 2852 2831  35
2957 295 2801  35
2832 3150 2898  35
1197 2970 1198  35
3210 3222 2783  35
3003 3099 2850  35
97 3059 1083  35
97 1082 2834  35
980 2944 91  35
2835 1258 105  35
2836 318 317  35
3178 2836 2971  35
2837 427 2654  35
2837 2712 2787  35
2785 3152 2846  35
2838 939 938  35
2839 3100 2820  35
2779 3084 2629  35
3104 3146 3006  35
3146 2840 3006  35
2841 2965 2904  35
2904 3034 2841  35
2842 2752 322  35
322 321 2842  35
2967 3119 2687  35
2843 287 2693  35
2844 2974 2771  35
2844 345 2643  35
3090 983 982  35
2785 3201 2745  35
2964 2838 3152  35
2626 3202 3052  35
2847 1005 2694  35
2986 3087 2857  35
2819 2836 2848  35
2848 3178 2768  35
1193 1192 2849  35
2849 3114 2755  35
2906 2750 2808  35
2850 2906 3137  35
24 3245 3014  35
1224 3044 2683  35
292 3165 291  35
294 2957 2947  35
3168 1182 1181  35
3253 3214 3230  35
2854 3002 3166  35
2954 2735 2763  35
1002 1001 2855  35
2851 3228 2942  35
2969 3104 2938  35
3104 3006 2938  35
2666 2847 2857  35
3087 2986 2855  35
2858 2935 1212  35
1212 2742 2858  35
376 377 2859  35
2788 3096 1223  35
3113 3192 2860  35
2941 216 2761  35
3142 2661 2789  35
2861 31 371  35
2862 3161 2817  35
2862 1050 2806  35
3108 3131 2714  35
1069 3147 2882  35
3103 3218 2864  35
3218 2682 2768  35
2678 2742 2865  35
2865 711 12  35
1218 1217 2866  35
3038 3112 759  35
2867 3010 2780  35
2726 2867 3004  35
2868 2869 2649  35
2895 2918 2864  35
3074 2674 3122  35
2998 2639 2659  35
2807 2870 3013  35
2870 1098 1097  35
2871 490 489  35
3213 3175 2871  35
2997 175 2635  35
2872 2728 2698  35
432 3095 433  35
3054 3213 3174  35
1166 1165 2874  35
2874 2686 2729  35
2840 3123 3006  35
3011 3169 3039  35
2698 3215 3145  35
2928 2629 3084  35
2700 567 2877  35
2894 3260 3168  35
26 665 2878  35
3256 1016 2633  35
2879 2796 1225  35
2879 1224 2683  35
3198 2880 3148  35
2757 3054 2917  35
2881 2666 2857  35
3085 2679 3032  35
2882 1070 1069  35
2882 3147 2863  35
3101 2687 3040  35
1180 3214 2908  35
2949 2939 2884  35
2939 2901 2884  35
2885 1124 2894  35
3066 2669 1205  35
3080 2681 2946  35
3244 3230 2818  35
2996 1209 2829  35
3132 2930 1057  35
989 3102 990  35
2846 2888 3248  35
2710 2821 2889  35
2702 3220 2740  35
2890 3009 1062  35
1062 3009 1063  35
2891 1043 2831  35
2831 2852 2891  35
2875 3001 2963  35
2981 3150 2755  35
394 395 2893  35
2893 3149 2660  35
2894 1124 1123  35
3260 2894 1123  35
2864 2868 2895  35
2895 1149 1148  35
3106 2950 2657  35
2913 2952 2933  35
2643 3189 3007  35
3121 1007 2647  35
2832 2945 1195  35
3092 3150 2776  35
2924 439 438  35
2778 2899 3062  35
2900 2728 2813  35
2628 3197 3129  35
2957 2801 2852  35
2901 2939 2764  35
3073 3041 2680  35
3257 3149 2902  35
2903 2816 2749  35
2903 2991 2765  35
665 3127 2878  35
1178 1177 2904  35
2699 2899 2905  35
2905 440 439  35
2906 2632 2757  35
3137 3071 2833  35
2996 3161 1210  35
1056 2907 3132  35
1132 3024 1133  35
3246 1134 3183  35
993 2955 994  35
2909 3008 2696  35
1138 1137 2910  35
2910 3076 2826  35
2911 2737 2643  35
3186 2658 1014  35
3139 1174 1173  35
1173 1172 2912  35
2657 2646 2913  35
2913 3239 2856  35
2726 3030 2867  35
2794 3148 3125  35
2642 2631 2915  35
2915 3142 2861  35
2784 3208 1259  35
3226 977 2758  35
3187 2880 3079  35
2757 3137 2906  35
2754 2864 2918  35
2918 1147 1146  35
2770 2983 2636  35
2770 2827 2919  35
3241 3187 3079  35
2920 910 909  35
3157 2770 2958  35
2921 2732 2827  35
2638 3063 3060  35
924 3097 925  35
2784 3226 2916  35
2784 2835 2923  35
3061 436 2720  35
2699 2905 2924  35
2730 2825 2925  35
2925 224 223  35
3241 2988 3187  35
2681 3249 3138  35
930 3195 931  35
3019 2830 2629  35
2928 3019 2629  35
2876 3084 2932  35
2929 917 916  35
916 915 2929  35
1058 1057 2930  35
2930 3132 2887  35
2931 1143 1142  35
2931 1141 2743  35
3021 3182 2645  35
2876 3100 2839  35
2950 3106 2961  35
2657 2913 2933  35
1216 3247 710  35
3097 3110 926  35
1213 1212 2935  35
2935 898 897  35
2 2713 2936  35
3181 997 2630  35
3174 3163 2718  35
2951 3125 2937  35
2938 3123 2952  35
2952 2913 2856  35
2939 2949 2690  35
2939 922 921  35
3156 3116 3027  35
2809 2727 2940  35
2941 3192 2732  35
2941 218 217  35
2942 1000 999  35
2942 998 2851  35
3004 3018 3244  35
3005 3105 2656  35
2944 2835 2640  35
2640 91 2944  35
1197 1196 2945  35
2945 2832 2898  35
3119 2967 2886  35
2681 3080 2736  35
293 294 2947  35
2901 2957 2884  35
2754 2918 2948  35
2948 1146 1145  35
2667 2982 2668  35
2690 3140 2735  35
2772 2961 2716  35
2772 2721 2950  35
2951 3117 2637  35
2951 2725 2747  35
2952 3123 2892  35
2952 2896 2933  35
2953 95 1048  35
3242 3134 2953  35
2954 3056 16  35
16 253 2954  35
2955 995 994  35
2955 993 2909  35
2956 2901 2764  35
2764 3167 2956  35
2852 2884 2957  35
2957 2901 2947  35
2958 2705 2684  35
2921 3157 2824  35
3016 2962 2829  35
3259 2959 3016  35
2936 2713 2960  35
2960 966 965  35
2961 2772 2950  35
3106 2657 2933  35
2962 2890 1060  35
1060 1059 2962  35
3196 2809 2627  35
2627 2875 2963  35
3152 2785 2651  35
2964 3017 2798  35
2904 3057 1178  35
1019 3194 1020  35
1257 1256 2966  35
3089 969 2652  35
2967 283 284  35
2967 2843 2886  35
3127 3256 2633  35
2968 3057 2965  35
1243 3188 1244  35
1243 1242 2969  35
2970 1197 2945  35
2945 2994 2970  35
2836 3178 2848  35
2971 316 22  35
2972 3251 2678  35
3216 2983 2972  35
2973 2678 2865  35
2973 242 241  35
2771 3185 2692  35
2781 3007 2717  35
2703 2756 2975  35
3130 2759 2677  35
2976 31 2861  35
3065 406 2976  35
382 3044 381  35
2774 3180 3171  35
99 3261 1117  35
99 1116 2978  35
2979 240 239  35
2979 2703 2685  35
986 3190 987  35
986 985 2980  35
2981 3114 2896  35
2896 2892 2981  35
2982 2667 2949  35
2949 2884 2982  35
3029 3264 1206  35
2983 904 903  35
2984 2966 2652  35
2960 3219 3164  35
3235 3169 2627  35
2809 2940 2985  35
2986 2847 2694  35
2986 1002 2855  35
3200 3255 2987  35
2877 3200 2700  35
2724 2920 2988  35
3058 3187 2988  35
1046 3242 1047  35
2989 2891 2852  35
3067 181 2990  35
3067 180 181  35
3253 3024 3045  35
2765 3018 2943  35
2795 3003 2833  35
2795 2654 2992  35
2993 3142 2789  35
2993 3072 2810  35
2994 2945 2898  35
3169 3011 2994  35
995 2955 2995  35
2995 2802 2630  35
2996 2829 2887  35
2996 3132 2907  35
173 3109 172  35
2997 2635 2872  35
2649 2869 2998  35
2977 3122 2674  35
3048 755 2863  35
2999 1067 1066  35
3131 2823 2714  35
2866 3131 1218  35
2840 2963 3001  35
3001 2776 2892  35
3002 1065 2741  35
2954 3166 3056  35
2992 2695 3003  35
3003 2850 2833  35
3233 3005 2822  35
2726 3244 3138  35
3005 1108 2822  35
3005 3233 3105  35
1239 3104 1240  35
2840 3146 2691  35
3007 2781 2974  35
2666 3189 2897  35
3008 992 991  35
991 990 3008  35
3009 2890 2959  35
3115 3166 2741  35
3010 2867 2828  35
2828 2650 3010  35
3169 2994 3092  35
2762 3039 2733  35
3012 173 2997  35
2997 3145 3012  35
2756 3212 2975  35
3013 3048 2807  35
2851 3245 3228  35
3014 3255 2877  35
3015 2975 2677  35
2677 2705 3015  35
3259 3115 2959  35
2959 2890 3016  35
1265 3064 1264  35
3017 3082 2798  35
3018 2765 2991  35
3230 3244 3018  35
3019 2928 2927  35
2927 2672 3019  35
3141 3020 3031  35
3020 2814 2731  35
2796 3159 3021  35
3159 2796 2704  35
3022 2955 2909  35
3022 2696 2626  35
3023 1079 2676  35
759 758 3038  35
3024 3232 3045  35
2816 3253 2749  35
3025 2646 2657  35
2657 2950 3025  35
2901 3165 2947  35
2901 2956 3026  35
2820 3236 2701  35
3209 3173 2814  35
2972 2983 3028  35
3028 903 902  35
1205 3029 1206  35
1161 3262 1162  35
2828 2867 3030  35
3030 3198 2914  35
3031 1204 1203  35
1203 1202 3031  35
2679 2663 3032  35
3032 2717 2881  35
3033 3151 2743  35
3033 1140 1139  35
3107 1022 2841  35
3034 2904 2711  35
3035 95 2953  35
3134 3242 2801  35
3183 3128 3246  35
3066 1204 2708  35
3037 485 484  35
3037 483 2778  35
3229 3162 2834  35
3112 3038 3093  35
3039 3091 2733  35
3039 2762 3011  35
3040 2687 2818  35
3230 3018 2991  35
401 3073 400  35
401 402 3041  35
3042 1042 1041  35
3042 2668 2982  35
3043 2866 2775  35
2775 1076 3043  35
3265 1223 3096  35
3265 378 379  35
3232 1132 1131  35
3040 3214 2883  35
3046 1183 1182  35
1182 2744 3046  35
3047 256 257  35
3047 3199 2638  35
3048 2863 2999  35
2999 2807 3048  35
2926 3241 3079  35
87 3133 913  35
3050 3191 2688  35
3050 950 949  35
3240 1089 1088  35
1088 1087 3051  35
3052 3152 2838  35
2838 2628 3052  35
3053 3062 2899  35
3053 2699 1250  35
3054 2880 2917  35
3054 2757 2799  35
3055 1120 1119  35
1119 1118 3055  35
661 16 3056  35
2741 3166 3002  35
3057 55 1178  35
3057 2904 2965  35
3078 3207 3058  35
3137 2757 2917  35
2925 2825 3059  35
3059 97 2834  35
3060 2939 2638  35
2934 3060 3063  35
2699 3124 1251  35
2699 2924 3061  35
3062 3053 2718  35
2778 3163 3037  35
3063 3199 2922  35
3247 14 710  35
3064 1265 3017  35
3017 2651 3064  35
2976 2993 3065  35
3065 2810 2697  35
3260 1122 1121  35
3066 3081 2729  35
3129 3197 3067  35
3197 3250 2900  35
3076 3246 3128  35
2715 3179 2731  35
2710 2889 3069  35
3069 391 392  35
3070 2840 2691  35
3070 1235 1234  35
3071 1254 2795  35
2795 2833 3071  35
3155 3012 3145  35
3072 3215 3172  35
2680 2902 3073  35
3073 399 400  35
3074 1208 2674  35
3074 3218 2768  35
2680 2644 3075  35
3075 3172 2839  35
3076 1137 1136  35
1136 3246 3076  35
3077 2754 2786  35
2786 2931 3077  35
2761 2793 3078  35
3078 3058 2988  35
3198 3148 2914  35
3249 3198 2726  35
2946 2886 3080  35
3080 3234 2736  35
1167 3183 100  35
3081 2874 2729  35
3082 102 2811  35
2811 2798 3082  35
2878 3238 26  35
3083 2633 2658  35
3084 2779 2932  35
3111 2876 2698  35
3217 3228 2773  35
3085 330 329  35
3086 942 941  35
941 940 3086  35
3228 3217 3087  35
2857 3217 2881  35
3088 2650 2828  35
2828 2721 3088  35
2652 2966 3089  35
3089 971 970  35
3090 981 2640  35
3201 2785 2845  35
2648 2733 3091  35
2985 3235 2809  35
2994 2898 3092  35
3092 2776 2875  35
3093 2676 2775  35
2775 3112 3093  35
3094 2689 2873  35
3094 3213 2871  35
1252 2787 2712  35
3095 432 2746  35
3096 377 378  35
378 3265 3096  35
3060 2934 3097  35
3097 926 925  35
3098 2792 2715  35
2715 2731 3098  35
3099 3003 2695  35
3099 498 497  35
3100 2876 2932  35
2932 3116 3100  35
3101 2883 20  35
20 280 3101  35
3008 990 3102  35
3102 3248 2888  35
3103 2864 2754  35
2754 2792 3103  35
1241 2969 1242  35
1241 1240 3104  35
3233 2822 2943  35
3004 2867 3105  35
2933 2896 3106  35
3106 3114 2961  35
3107 3126 1024  35
1024 1023 3107  35
2714 2882 3108  35
3108 756 1220  35
4 3223 805  35
4 172 3109  35
3110 2653 928  35
928 927 3110  35
2928 3250 3195  35
2928 3084 3111  35
3112 2866 1217  35
1217 759 3112  35
3113 908 907  35
3113 2919 2827  35
3114 2981 2755  35
3114 2716 2961  35
3009 2959 3115  35
3056 3259 661  35
3236 2820 3100  35
3116 2932 3027  35
2718 3053 3117  35
3117 1249 2637  35
3118 922 2939  35
2939 3060 3118  35
2886 2946 3119  35
3119 2818 2687  35
3120 2684 2705  35
2705 2759 3120  35
3121 2647 2897  35
2897 2737 3121  35
3122 2998 2869  35
2869 3074 3122  35
3001 2892 3123  35
3123 2938 3006  35
3061 2720 3124  35
3124 3095 1251  35
3125 3193 2794  35
3125 2880 2937  35
2634 1025 3126  35
3126 3034 2711  35
3127 2633 2878  35
3127 665 3057  35
3128 3179 3068  35
3068 3076 3128  35
2990 2791 3129  35
3129 3052 2628  35
3130 1097 1096  35
1096 1095 3130  35
3131 3108 1219  35
3131 2866 3000  35
3132 2996 2887  35
3132 1057 1056  35
3133 87 3049  35
3133 3241 2926  35
3134 296 18  35
3134 3203 3035  35
3135 2794 3025  35
3135 2721 2828  35
3136 3208 2916  35
2916 2758 3136  35
3137 2917 3058  35
3137 2833 2850  35
3138 2818 2946  35
2946 2681 3138  35
1173 2912 3139  35
3139 944 2815  35
2763 2735 3140  35
3140 2690 2949  35
2762 2662 3141  35
3141 3031 1202  35
3142 2976 2861  35
3142 2915 2631  35
2966 2655 3143  35
972 3227 973  35
3144 482 34  35
3144 2905 2899  35
3012 3155 2751  35
3145 2997 2872  35
3146 1239 1238  35
3146 1237 2691  35
3147 1067 2999  35
2999 2863 3147  35
2880 3125 3148  35
3148 2794 2914  35
3149 396 397  35
3149 398 2902  35
3150 2832 2755  35
3150 2981 2776  35
3151 2792 2743  35
3151 3033 2826  35
2846 3202 2888  35
3152 2651 2964  35
3153 2 2936  35
3153 2630 2802  35
3154 2752 2709  35
2709 2663 3154  35
3072 2789 3155  35
3155 3223 2751  35
3156 2648 3091  35
3091 2985 3156  35
2730 3240 3051  35
3157 2925 2824  35
3114 2849 3158  35
3158 1192 1191  35
3159 2704 2701  35
3159 3236 3176  35
3160 3178 2971  35
3160 22 612  35
3161 2996 2817  35
3161 3203 659  35
3162 3229 3038  35
3162 758 8  35
3062 2718 3163  35
3163 3174 2873  35
2984 2652 3164  35
3164 966 2960  35
3165 292 2947  35
3165 2901 3026  35
3166 3115 3056  35
3166 2954 2854  35
3167 2929 2736  35
3167 3234 2956  35
1224 3265 3044  35
3168 1181 2885  35
3092 2875 3169  35
3169 3235 3039  35
3170 2805 2626  35
3170 3129 2791  35
3180 2977 2674  35
3180 1206 3264  35
3172 2644 2810  35
2810 3072 3172  35
3173 3098 2731  35
2731 2814 3173  35
2718 2937 3174  35
3213 3094 2873  35
3175 2757 2632  35
2632 2777 3175  35
3021 3159 3176  35
3176 3116 3156  35
2926 2681 3177  35
3177 2736 2929  35
3178 3160 3074  35
3074 2768 3178  35
3179 3036 2708  35
3179 3020 2731  35
2674 1207 3180  35
3171 3264 2803  35
2936 2960 3181  35
3181 964 90  35
3182 3156 2985  35
3182 2940 2645  35
1134 100 3183  35
3183 3081 3036  35
2701 2710 3184  35
3184 2893 2660  35
3185 3237 2692  35
3185 2771 2974  35
3186 1014 1013  35
1013 2911 3186  35
2988 3241 2724  35
3187 3058 2917  35
3188 1246 1245  35
3188 1243 2969  35
3189 2643 2737  35
2737 2897 3189  35
3190 986 2980  35
3190 2845 2785  35
3191 3050 1170  35
1170 1169 3191  35
2827 2732 3192  35
3192 2941 2860  35
3193 3239 2646  35
3193 3025 2794  35
3194 1019 2968  35
2968 2965 3194  35
932 931 3195  35
3195 2927 2928  35
3196 2840 3070  35
3196 3221 2727  35
2900 3067 3197  35
3197 2628 2797  35
3198 3030 2726  35
3198 3249 3079  35
259 2922 3199  35
3199 3063 2638  35
3200 1027 2634  35
2634 2700 3200  35
2845 3090 3201  35
3201 1260 1261  35
3152 3052 3202  35
3202 2696 2888  35
3203 3161 2862  35
3203 2806 3035  35
3204 913 3133  35
3133 3177 3204  35
3205 950 3050  35
3050 2688 3205  35
3206 3046 2744  35
2978 3261 99  35
3207 211 2783  35
3058 3222 3137  35
3208 2655 1255  35
3208 104 1259  35
2814 2648 3209  35
3209 3156 3027  35
3210 208 6  35
6 803 3210  35
384 3243 383  35
3211 385 2740  35
3130 2975 3212  35
3212 2756 3013  35
2873 3174 3213  35
3213 3054 2799  35
3214 1180 1179  35
1179 2883 3214  35
3215 3072 3145  35
3215 2698 2876  35
3216 2979 2685  35
2685 2636 3216  35
3217 2857 3087  35
3217 2773 3085  35
3218 2869 2868  35
2868 2864 3218  35
2713 2984 3219  35
2984 3164 3219  35
2821 2879 3220  35
2879 2740 3220  35
3221 3070 1233  35
1233 1232 3221  35
3222 3058 3207  35
3207 2783 3222  35
3223 75 805  35
3223 3109 2751  35
3224 2893 3184  35
3224 2710 3069  35
2862 2817 3225  35
3225 1053 1052  35
3226 2758 2916  35
3226 2784 2923  35
974 973 3227  35
3227 3143 2655  35
3228 2855 2942  35
2773 3245 332  35
3229 1081 3023  35
3023 3038 3229  35
3230 3214 3040  35
3040 2818 3230  35
3231 2912 1172  35
1172 1171 3231  35
3246 1136 1135  35
2908 3045 3232  35
3233 3018 3004  35
3004 3105 3233  35
3234 3026 2956  35
3234 3167 2736  35
2627 2809 3235  35
3235 3091 3039  35
3236 3159 2701  35
3236 3100 3116  35
3237 851 28  35
28 2692 3237  35
3238 3083 3186  35
3186 2911 3238  35
3239 2725 3188  35
2856 3263 2969  35
3157 2958 3240  35
3240 1088 3051  35
3241 3133 3049  35
3049 2724 3241  35
3242 1046 2989  35
2989 2801 3242  35
3243 382 383  35
3243 384 3211  35
3244 2818 3138  35
3244 2726 3004  35
3245 2851 3014  35
3245 24 332  35
2908 1181 1180  35
3258 1130 1129  35
3247 1216 2934  35
2934 3063 3247  35
3248 989 988  35
3248 3190 2846  35
3249 2681 2926  35
2926 3079 3249  35
3250 932 3195  35
3250 2928 3111  35
901 900 3251  35
3251 2858 2678  35
3252 1114 1113  35
3252 2671 2656  35
3253 2991 2749  35
3168 2885 2894  35
3254 2822 1106  35
1106 1105 3254  35
3255 3014 2748  35
3255 1030 2987  35
3256 3127 2968  35
3256 1018 1017  35
3257 3184 2660  35
3257 2902 2820  35
2641 2908 3258  35
2908 3232 3258  35
3259 2829 1209  35
3259 53 661  35
2853 1120 3055  35
2853 3168 3260  35
3261 2978 3206  35
3206 3055 3261  35
3029 2686 3262  35
2686 1163 3262  35
3188 2969 3263  35
3263 2856 3239  35
1206 3180 1207  35
3264 3029 2706  35
1182 2853 2744  35
3265 381 3044  35
1259 106 1268  36
1259 1269 1258  36
1259 1268 1269  36
1258 1269 105  36
1269 1268 107  36
106 1259 104  36
3268 3272 1262  37
3270 1265 1266  37
1269 3272 3266  37
102 1270 1267  37
108 3271 1270  37
3271 108 1278  37
3270 3268 1265  37
1263 1264 3268  37
1267 3270 1266  37
1262 3272 1261  37
1260 1269 105  37
1260 3272 1269  37
3270 1270 3271  37
1276 3271 1277  37
3269 1274 1273  37
1274 3267 1275  37
1274 3269 3267  37
3272 3268 3269  37
1271 3266 1272  37
107 3266 1271  37
1273 1272 3266  37
3266 107 1269  37
1265 3268 1264  37
3267 1276 1275  37
3268 3270 3267  37
3268 1262 1263  37
3268 3267 3269  37
3269 1273 3266  37
3270 1267 1270  37
3271 1276 3267  37
3271 1278 1277  37
3271 3267 3270  37
3269 3266 3272  37
3272 1260 1261  37
1168 3273 1270  38
109 1280 1281  38
1168 1270 102  38
1281 1168 103  38
1279 1270 3273  38
1280 3273 1281  38
1270 1279 108  38
3273 1168 1281  38
3273 1280 1279  38
1295 3278 1294  39
844 3276 845  39
3278 3283 3282  39
1297 3275 1296  39
848 3291 1304  39
3276 3281 3275  39
3275 3286 3276  39
1304 78 848  39
3291 848 847  39
3291 846 3276  39
1303 3288 1302  39
3274 3285 3280  39
1297 3286 3275  39
3286 1297 1298  39
3286 3291 3276  39
1301 3288 1300  39
1299 3288 3286  39
1302 1301 111  39
842 3290 3281  39
3278 1292 1293  39
1290 3289 3277  39
1294 3278 1293  39
3274 1282 1283  39
3290 840 3287  39
3285 3274 1283  39
3280 3284 3274  39
838 3287 839  39
1285 1284 110  39
1285 3285 1284  39
1288 3280 1287  39
836 3279 837  39
3289 3287 3279  39
1292 3289 1291  39
832 3274 833  39
3282 3283 3290  39
3289 3278 3282  39
840 3290 841  39
3284 3277 3279  39
832 79 1282  39
833 3274 834  39
3274 832 1282  39
836 3284 3279  39
3285 1283 1284  39
834 3284 835  39
1295 1296 3275  39
844 3281 3276  39
846 3291 847  39
846 845 3276  39
3277 1288 1289  39
1289 1290 3277  39
3278 1295 3275  39
3281 3290 3283  39
838 837 3279  39
3277 3284 3280  39
1287 3285 1286  39
3280 1288 3277  39
3281 844 843  39
843 842 3281  39
3287 840 839  39
3278 3289 1292  39
3283 3278 3275  39
3275 3281 3283  39
3284 836 835  39
3284 834 3274  39
3285 1285 1286  39
3285 1287 3280  39
1298 1299 3286  39
3291 3286 3288  39
3287 838 3279  39
3287 3289 3282  39
3288 1299 1300  39
3288 1301 1302  39
3289 3279 3277  39
3289 1290 1291  39
3290 842 841  39
3290 3287 3282  39
3291 3288 1303  39
1303 1304 3291  39
1317 3306 1316  40
3307 829 828  40
831 3299 1282  40
3292 3306 3302  40
79 831 1282  40
3309 3306 1317  40
1319 3309 1318  40
3293 1321 1284  40
3309 1319 3293  40
3309 3296 3302  40
1321 3293 1320  40
1321 110 1284  40
826 3296 827  40
829 3307 3299  40
1320 3293 1319  40
825 3296 826  40
1283 3299 3293  40
1313 3295 1312  40
3292 3305 3308  40
823 3305 824  40
1314 3306 3292  40
1303 3301 1304  40
1311 3297 1310  40
3297 1311 3295  40
1312 3295 1311  40
818 3300 819  40
1307 3304 1306  40
1305 1302 111  40
1305 3304 1302  40
3304 3301 1303  40
3294 3304 3303  40
820 3298 821  40
1310 3297 1309  40
3295 3308 3298  40
3301 817 816  40
823 3308 3305  40
3297 3295 3298  40
817 3301 3294  40
3303 3300 3294  40
815 3301 816  40
1304 815 78  40
820 3300 3298  40
1313 1314 3292  40
3296 3305 3302  40
3293 1284 1283  40
829 3299 830  40
818 817 3294  40
3304 1305 1306  40
3295 1313 3292  40
822 3308 823  40
3296 828 827  40
3305 3296 825  40
3300 820 819  40
1309 3303 1308  40
3298 822 821  40
3300 3303 3297  40
3299 1283 1282  40
3299 831 830  40
3300 818 3294  40
3300 3297 3298  40
3301 815 1304  40
3301 3304 3294  40
3306 1314 1315  40
3296 3309 3307  40
3303 1307 1308  40
3303 1309 3297  40
1303 1302 3304  40
3304 1307 3303  40
3292 3302 3305  40
3305 825 824  40
1315 1316 3306  40
3306 3309 3302  40
3293 3299 3307  40
3307 828 3296  40
3308 822 3298  40
3308 3295 3292  40
3309 1317 1318  40
3309 3293 3307  40
3327 609 610  41
3320 3313 607  41
1338 3319 1344  41
3327 3323 3320  41
1338 1344 113  41
3319 3327 1343  41
3320 3323 3312  41
607 3313 606  41
1344 3319 1343  41
1330 3318 1331  41
3319 1338 1337  41
606 3313 605  41
1336 3323 3319  41
611 3327 610  41
3313 3320 3312  41
609 3327 3320  41
3325 1332 3318  41
1342 611 44  41
1332 3325 1333  41
3318 3313 3312  41
3326 3317 3324  41
3321 603 604  41
3311 3324 3322  41
603 3317 602  41
3310 1339 1340  41
597 3315 3314  41
3315 3326 3324  41
1340 3314 3310  41
3310 3315 3311  41
595 1341 45  41
595 3314 1341  41
3315 3310 3314  41
1328 3322 3316  41
1322 3310 1323  41
3313 3318 3321  41
601 602 3317  41
3316 3324 3317  41
3311 1324 3310  41
1322 112 1339  41
1323 3310 1324  41
3310 1322 1339  41
1325 3311 1326  41
597 3314 596  41
1324 3311 1325  41
598 3326 3315  41
1326 3322 1327  41
1334 3323 1335  41
3325 3318 3312  41
603 3321 3317  41
604 605 3313  41
3314 1340 1341  41
3314 595 596  41
3315 597 598  41
3324 3316 3322  41
3316 1330 1329  41
1329 1328 3316  41
3316 3321 3318  41
601 3326 600  41
3318 1332 1331  41
3318 1330 3316  41
3319 1337 1336  41
3323 3327 3319  41
3320 607 608  41
608 609 3320  41
3321 3316 3317  41
3321 604 3313  41
3322 1328 1327  41
3322 1326 3311  41
3323 1336 1335  41
3323 3325 3312  41
3324 3311 3315  41
3326 601 3317  41
3325 3323 1334  41
1334 1333 3325  41
3326 598 599  41
599 600 3326  41
3327 611 1342  41
1342 1343 3327  41
3343 3330 3337  42
591 3343 590  42
1361 3338 1339  42
589 3337 588  42
112 1361 1339  42
3329 591 592  42
1340 3344 1341  42
3344 592 593  42
3338 3344 1340  42
3336 1357 3330  42
594 3344 593  42
594 45 1341  42
3330 1357 1356  42
589 3343 3337  42
592 3344 3329  42
1355 3332 3330  42
3329 3338 3336  42
3332 1355 1354  42
1357 3336 1358  42
3341 3337 3340  42
3339 3341 3340  42
1347 3342 1348  42
584 3341 3334  42
3333 1351 1350  42
586 3341 585  42
1349 3342 3333  42
580 3335 3331  42
578 1342 44  42
578 3331 1342  42
1343 3331 3328  42
1342 3331 1343  42
1349 3333 1350  42
3339 1351 3333  42
1353 3339 3332  42
3328 1345 1344  42
3339 1353 1352  42
1351 3339 1352  42
1346 3328 1347  42
3331 3345 3342  42
1345 3328 1346  42
1344 1345 113  42
3331 3342 3328  42
3328 1344 1343  42
3333 3345 3334  42
3338 1361 1360  42
1359 3338 1360  42
1356 1355 3330  42
3343 3336 3330  42
3331 578 579  42
579 580 3331  42
3330 3340 3337  42
3332 1354 1353  42
3345 3333 3342  42
582 3335 581  42
583 3335 582  42
583 584 3334  42
3335 580 581  42
3335 583 3334  42
3336 3343 3329  42
3336 1359 1358  42
587 3341 586  42
587 588 3337  42
1340 1339 3338  42
3338 1359 3336  42
3333 3334 3339  42
3341 587 3337  42
3340 3330 3332  42
3332 3339 3340  42
3341 3339 3334  42
3341 584 585  42
3342 1349 1348  42
3342 1347 3328  42
3343 589 590  42
3343 591 3329  42
3344 594 1341  42
3344 3338 3329  42
3345 3331 3335  42
3335 3334 3345  42
3361 1370 3357  43
1378 3363 1384  43
3355 3350 1380  43
1378 1384 115  43
3363 1383 1384  43
3358 891 892  43
893 3358 892  43
891 3356 890  43
3348 895 1382  43
3348 3363 3362  43
3361 3357 3359  43
890 3356 889  43
3358 3356 891  43
1375 3362 1376  43
895 3348 894  43
3359 887 888  43
894 3348 893  43
1372 3352 1373  43
1382 895 84  43
1372 3361 3352  43
3357 3354 3353  43
3351 3360 3353  43
887 3359 3349  43
3350 3351 3346  43
887 3349 886  43
882 3360 3351  43
3360 3349 3353  43
3350 3355 3351  43
879 1381 85  43
879 3355 1381  43
3355 1380 1381  43
1383 3363 3348  43
3354 3346 3353  43
1362 3350 1363  43
3356 3361 3359  43
1370 3361 1371  43
3357 1368 3354  43
881 3355 880  43
1362 114 1379  43
1364 3350 3346  43
3350 1364 1363  43
1364 3346 1365  43
1366 3354 1367  43
1366 1365 3346  43
3362 1374 3352  43
3352 3361 3347  43
3348 1382 1383  43
3362 3358 3348  43
885 3360 884  43
885 886 3349  43
3350 1362 1379  43
1379 1380 3350  43
881 882 3351  43
3354 1366 3346  43
1374 3362 1375  43
1374 1373 3352  43
3346 3351 3353  43
3360 885 3349  43
1368 3357 1369  43
1368 1367 3354  43
3355 879 880  43
3355 881 3351  43
888 889 3356  43
3356 3358 3347  43
1370 1369 3357  43
3357 3353 3349  43
3358 893 3348  43
3358 3362 3347  43
3357 3349 3359  43
3359 888 3356  43
3360 882 883  43
883 884 3360  43
3361 3356 3347  43
3361 1372 1371  43
1376 3363 1377  43
3362 3352 3347  43
3363 1378 1377  43
3363 1376 3362  43
3380 871 872  44
875 3370 874  44
1401 3375 1379  44
871 3380 3377  44
114 1401 1379  44
3381 3366 3375  44
876 3370 875  44
3366 878 1381  44
3366 3381 3370  44
3381 1399 1398  44
878 3366 877  44
878 85 1381  44
1396 3372 1397  44
874 3380 873  44
877 3366 876  44
3380 874 3370  44
1380 3375 3366  44
3378 3372 1395  44
3371 3370 3372  44
870 3377 3369  44
3369 3379 3367  44
1383 3373 1384  44
3374 866 867  44
3376 3364 3368  44
3369 868 869  44
1388 1387 3364  44
864 3376 3368  44
862 1382 84  44
862 3368 1382  44
3376 3365 3364  44
3368 3373 1383  44
3365 1388 3364  44
3367 3374 3369  44
3379 3369 3377  44
3373 1387 1386  44
1392 3379 1393  44
1391 3367 1392  44
1387 3373 3364  44
3365 3376 3374  44
1385 3373 1386  44
1384 1385 115  44
1389 3365 1390  44
864 3368 863  44
1388 3365 1389  44
866 3376 865  44
1390 3367 1391  44
3366 1381 1380  44
1399 3375 1400  44
3367 1390 3365  44
868 3374 867  44
3368 1383 1382  44
3368 862 863  44
869 870 3369  44
1393 3379 3378  44
3370 876 3366  44
1399 3381 3375  44
1395 3372 1396  44
1393 3378 1394  44
3372 1398 1397  44
3372 3378 3371  44
3373 1385 1384  44
3373 3368 3364  44
3374 868 3369  44
3374 3367 3365  44
3375 1380 1379  44
3375 1401 1400  44
3376 864 865  44
3376 866 3374  44
3377 870 871  44
3377 3380 3371  44
3377 3371 3378  44
3378 1395 1394  44
3377 3378 3379  44
3379 1392 3367  44
872 873 3380  44
3380 3370 3371  44
3381 1398 3372  44
3372 3370 3381  44
3383 3396 3388  45
3382 3386 1423  45
1418 3382 1424  45
3396 1414 3391  45
1424 117 1418  45
1424 3382 1423  45
1416 3396 3382  45
752 3383 751  45
749 3399 748  45
3386 752 753  45
3382 1418 1417  45
3390 745 746  45
754 3386 753  45
754 66 1422  45
3396 3391 3388  45
747 3399 3395  45
752 3386 3383  45
3391 3397 3388  45
1412 3397 3391  45
3395 3394 3390  45
3390 3389 744  45
746 3395 3390  45
3394 1408 3385  45
3390 744 745  45
3392 3393 3384  45
741 3393 740  45
3385 1406 3384  45
3392 3398 3393  45
3398 3392 1420  45
738 1421 67  45
738 3398 1421  45
3398 1420 1421  45
3389 3393 741  45
1407 3385 1408  45
1402 3392 1403  45
3397 1410 3394  45
3394 3387 3390  45
1406 3385 1407  45
1402 116 1419  45
1404 3392 3384  45
3392 1404 1403  45
1404 3384 1405  45
3386 754 1422  45
3382 1417 1416  45
750 3399 749  45
750 751 3383  45
1406 1405 3384  45
740 3398 739  45
744 3389 743  45
1408 3394 1409  45
1422 1423 3386  45
3386 3396 3383  45
3385 3384 3387  45
3389 3390 3387  45
3399 750 3383  45
1412 3391 1413  45
3389 741 742  45
742 743 3389  45
3397 1412 1411  45
3394 3385 3387  45
1414 3396 1415  45
1414 1413 3391  45
3392 1402 1419  45
1419 1420 3392  45
3393 3389 3387  45
3387 3384 3393  45
1410 3397 1411  45
1410 1409 3394  45
3395 746 747  45
3399 747 748  45
3396 3386 3382  45
3396 1416 1415  45
3397 3394 3395  45
3397 3399 3388  45
3398 738 739  45
3398 740 3393  45
3399 3383 3388  45
3399 3397 3395  45
3413 733 3409  46
734 3409 733  46
1441 3403 1419  46
3402 3413 3410  46
116 1441 1419  46
1439 3406 3403  46
3409 735 3407  46
3407 735 736  46
3403 1441 1440  46
1438 3412 3406  46
737 3407 736  46
737 67 1421  46
3412 3416 3410  46
3413 730 731  46
735 3409 734  46
1435 3412 1436  46
1419 3403 1420  46
3402 729 730  46
3409 3412 3410  46
729 3404 728  46
730 3413 3402  46
1423 3411 1424  46
1432 3414 3408  46
3417 3415 3405  46
728 3404 727  46
1428 1427 3400  46
723 3405 3401  46
721 1422 66  46
721 3401 1422  46
3401 1423 1422  46
3401 3411 1423  46
3405 3415 3400  46
725 3417 3405  46
1433 3416 1434  46
3411 1427 1426  46
1432 3408 1433  46
3414 1432 1431  46
1427 3411 3400  46
3414 3417 3404  46
1425 3411 1426  46
1424 1425 117  46
1430 3415 3414  46
723 3401 722  46
1428 3415 1429  46
3401 721 722  46
3401 3405 3400  46
3416 3402 3410  46
1434 3416 1435  46
1420 3407 1421  46
3403 1440 1439  46
727 3417 726  46
3404 729 3402  46
3405 723 724  46
724 725 3405  46
3403 3407 1420  46
3406 1439 1438  46
3407 737 1421  46
3407 3403 3406  46
3404 3408 3414  46
3404 3402 3408  46
733 3413 732  46
3409 3407 3406  46
1436 3412 1437  46
3402 3416 3408  46
3411 1425 1424  46
3411 3401 3400  46
3412 3409 3406  46
3412 1438 1437  46
731 732 3413  46
3413 3409 3410  46
3414 1431 1430  46
3417 3414 3415  46
3415 1430 1429  46
3415 1428 3400  46
3416 3412 1435  46
3416 1433 3408  46
3417 725 726  46
3417 727 3404  46
802 3427 801  47
1458 3433 1464  47
3424 3434 3426  47
119 1458 1464  47
798 3430 797  47
1456 3433 1457  47
3427 802 1462  47
3434 3424 3428  47
3427 800 801  47
1463 3433 3427  47
3422 3419 3425  47
3430 3421 3422  47
1454 3424 1455  47
1462 802 72  47
3430 795 796  47
800 3427 3426  47
1454 3428 3424  47
3433 1463 1464  47
3421 1450 3419  47
3421 3419 3422  47
792 3418 791  47
795 3422 794  47
3420 1448 1447  47
793 3425 792  47
3431 1444 1443  47
789 3423 788  47
1448 3420 3419  47
3435 3431 1460  47
3435 1460 1461  47
786 1461 73  47
786 3435 1461  47
3432 1444 3431  47
1446 3432 3420  47
1442 3431 1443  47
1450 3421 1451  47
1451 3421 1452  47
3432 3431 3423  47
1448 3419 1449  47
1444 3432 1445  47
1442 118 1459  47
3431 1442 1459  47
3420 3432 3429  47
3418 789 790  47
790 791 3418  47
792 3425 3418  47
3419 1450 1449  47
3419 3429 3425  47
3420 1447 1446  47
795 3430 3422  47
1452 3428 1453  47
794 3425 793  47
3421 3434 3428  47
788 3435 787  47
3423 789 3418  47
800 3426 799  47
3424 1456 1455  47
3429 3419 3420  47
3425 794 3422  47
798 799 3426  47
3427 3433 3424  47
1462 1463 3427  47
3427 3424 3426  47
3428 1454 1453  47
3428 1452 3421  47
3429 3423 3418  47
3418 3425 3429  47
3430 796 797  47
3430 798 3426  47
3431 1459 1460  47
3431 3435 3423  47
3423 3429 3432  47
3432 1446 1445  47
3433 1458 1457  47
3433 1456 3424  47
3434 3421 3430  47
3430 3426 3434  47
3435 786 787  47
3435 788 3423  47
777 3450 776  48
1467 3449 3439  48
3450 775 776  48
3453 1475 3446  48
1481 3444 1459  48
1478 3453 3437  48
3445 783 3440  48
1459 118 1481  48
1460 3440 1461  48
778 3442 3441  48
3444 3440 1460  48
3445 3440 3437  48
1473 3452 3446  48
3453 3446 3443  48
3440 783 784  48
781 3442 780  48
3445 3442 781  48
783 3445 782  48
785 3440 784  48
1461 785 73  48
3442 778 779  48
3442 3443 3441  48
1468 3448 1469  48
3444 1460 1459  48
3436 769 770  48
3451 3447 3448  48
773 3451 3438  48
775 3451 774  48
3438 771 772  48
1470 3447 1471  48
769 1462 72  48
769 3436 1462  48
771 3438 3436  48
1462 3436 1463  48
3449 1467 1466  48
1465 3449 1466  48
1475 3453 1476  48
1472 3452 1473  48
3447 1472 1471  48
1464 1465 119  48
1470 3448 3447  48
3448 1470 1469  48
1463 3449 1464  48
3436 770 771  48
1479 3444 1480  48
1479 1478 3437  48
3439 1468 1467  48
3438 772 773  48
3436 3449 1463  48
3436 3438 3439  48
3440 785 1461  48
3440 3444 3437  48
1473 3446 1474  48
3441 777 778  48
3442 779 780  48
3442 3445 3443  48
1476 3453 1477  48
3446 1475 1474  48
3444 1481 1480  48
3444 1479 3437  48
3445 3453 3443  48
3445 781 782  48
3452 3450 3441  48
3441 3443 3446  48
3438 3448 3439  48
3451 775 3450  48
3448 1468 3439  48
3447 3451 3450  48
3449 1465 1464  48
3449 3436 3439  48
3450 777 3441  48
3450 3452 3447  48
3451 3448 3438  48
3451 773 774  48
3441 3446 3452  48
3452 1472 3447  48
3453 3445 3437  48
3453 1478 1477  48
655 3471 3458  49
3462 3466 3464  49
658 3459 1504  49
3462 1494 1495  49
1504 50 658  49
3459 3469 1503  49
1499 3466 1498  49
3469 3458 3466  49
3458 3471 3464  49
3469 1499 1500  49
3459 1503 1504  49
3468 3463 3455  49
1501 3469 1500  49
1501 121 1502  49
1497 3462 1496  49
3466 3462 1497  49
1499 3469 3466  49
3471 3460 3464  49
651 3460 652  49
1492 3468 1491  49
3461 3468 3467  49
652 3471 653  49
3461 650 649  49
3461 651 650  49
3457 3454 3455  49
1488 3457 1487  49
1491 3454 1490  49
3465 3470 1483  49
3465 1487 3457  49
1485 1484 120  49
1485 3465 1484  49
3457 3470 3465  49
3454 1488 1489  49
649 3463 3461  49
642 3470 643  49
651 3461 3460  49
1491 3468 3454  49
646 3456 3455  49
642 51 1482  49
644 3470 3456  49
3470 644 643  49
3456 646 645  49
1489 1490 3454  49
3457 1488 3454  49
647 3463 648  49
646 3463 647  49
3456 645 644  49
3470 3457 3456  49
3455 3456 3457  49
1487 3465 1486  49
656 3459 657  49
656 655 3458  49
3459 658 657  49
3459 656 3458  49
3467 1494 3462  49
1494 3467 1493  49
3463 649 648  49
3467 3462 3460  49
1495 1496 3462  49
3460 3462 3464  49
3463 646 3455  49
3463 3468 3461  49
3466 1497 1498  49
3471 652 3460  49
3465 1483 1484  49
3465 1485 1486  49
3458 3469 3459  49
3458 3464 3466  49
3460 3461 3467  49
3467 1492 1493  49
3455 3454 3468  49
3468 1492 3467  49
3469 1501 1502  49
1502 1503 3469  49
3470 642 1482  49
1482 1483 3470  49
3471 655 654  49
654 653 3471  49
3482 638 637  50
1518 3477 1517  50
641 3481 1482  50
3483 1517 3477  50
51 641 1482  50
1519 3477 1518  50
1483 3480 1484  50
3480 1519 1520  50
3481 1483 1482  50
3483 3477 3478  50
1521 3480 1520  50
1521 120 1484  50
636 3482 637  50
638 3482 3474  50
1519 3480 3477  50
3484 3482 635  50
3481 3480 1483  50
3489 3487 3488  50
3477 3482 3478  50
3484 635 634  50
1514 3486 1513  50
628 3479 3475  50
1511 3488 1510  50
1509 3488 3473  50
3485 3489 3486  50
1507 3473 3472  50
628 3475 629  50
1505 1502 121  50
1505 3472 1502  50
3472 1505 1506  50
1502 3472 1503  50
632 3487 3485  50
3475 3488 3487  50
633 3485 3484  50
3476 627 626  50
3485 633 632  50
3487 3489 3485  50
3479 628 627  50
3473 1507 1508  50
625 3476 626  50
1504 625 50  50
3473 3475 3479  50
1503 3476 1504  50
3472 1506 1507  50
3473 1508 1509  50
630 3487 631  50
639 3481 640  50
639 638 3474  50
630 629 3475  50
3472 3479 3476  50
3476 625 1504  50
3476 1503 3472  50
1517 3483 1516  50
3477 3480 3474  50
635 3482 636  50
3483 3486 1514  50
3479 627 3476  50
3479 3472 3473  50
3480 1521 1484  50
3480 3481 3474  50
3481 641 640  50
3481 639 3474  50
3482 3484 3478  50
3482 3477 3474  50
3483 1514 1515  50
1515 1516 3483  50
634 633 3484  50
1513 3489 1512  50
1511 3489 3488  50
3484 3486 3478  50
3486 3483 3478  50
3486 3484 3485  50
3487 632 631  50
3487 630 3475  50
3488 3475 3473  50
3488 1509 1510  50
3489 1511 1512  50
3489 1513 3486  50
1541 3501 1540  51
709 3490 1544  51
1536 3497 1535  51
59 709 1544  51
707 3493 3490  51
3507 3497 1537  51
3507 1537 1538  51
3493 3496 3494  51
3501 1539 1540  51
1544 3490 1543  51
700 3504 3491  51
706 3496 3493  51
1537 3497 1536  51
1542 1541 123  51
3493 3507 3501  51
1539 3507 1538  51
3496 703 3495  51
3490 709 708  51
3496 3495 3494  51
3495 3506 3497  51
3491 3506 3495  51
3506 3491 3498  51
3499 697 3492  51
700 3491 701  51
3505 693 1522  51
3502 1528 3500  51
3504 697 3499  51
3503 3505 1523  51
3503 1523 1524  51
1525 1524 122  51
1525 3503 1524  51
3492 697 696  51
697 3504 698  51
693 3505 694  51
3491 702 701  51
702 3495 703  51
1531 3500 1530  51
3498 3504 3499  51
695 3505 3492  51
693 60 1522  51
3505 695 694  51
695 3492 696  51
1543 3501 1542  51
3490 708 707  51
1532 3498 1531  51
1532 3506 3498  51
3502 3505 3503  51
3502 3500 3499  51
3490 3501 1543  51
3493 707 706  51
3494 3495 3497  51
1534 3506 1533  51
703 3496 704  51
3495 702 3491  51
3496 706 705  51
705 704 3496  51
3497 1534 1535  51
3497 3507 3494  51
698 3504 699  51
1530 3500 1529  51
1528 3502 1527  51
3500 1528 1529  51
3500 1531 3498  51
3498 3499 3500  51
3501 1541 1542  51
3501 3490 3493  51
3499 3492 3502  51
1527 3503 1526  51
3503 1525 1526  51
3503 1527 3502  51
3504 3498 3491  51
3504 700 699  51
1522 1523 3505  51
3505 3502 3492  51
3506 1532 1533  51
3506 1534 3497  51
3507 1539 3501  51
3507 3493 3494  51
684 3522 3518  52
3510 3518 3516  52
3520 3511 3512  52
692 3524 1522  52
689 3510 3509  52
3521 3514 1557  52
1522 60 692  52
1523 3515 1524  52
686 3510 687  52
3524 690 3509  52
3514 1554 1555  52
1551 3520 1550  52
3514 3521 3516  52
3515 1559 1560  52
1557 3514 1556  52
3521 1559 3515  52
1559 3521 1558  52
1561 3515 1560  52
1524 1561 122  52
3510 689 688  52
1554 3514 3508  52
3510 3521 3509  52
679 3519 3511  52
681 3513 682  52
3511 681 680  52
3512 3511 3519  52
3523 1545 1546  52
1545 1542 123  52
3517 678 677  52
3524 3515 1523  52
1545 3523 1542  52
3523 3517 1543  52
3517 676 1544  52
3511 3520 3513  52
1551 3525 3520  52
679 3511 680  52
684 3518 685  52
3525 3513 3520  52
682 3513 683  52
3519 679 678  52
676 3517 677  52
1544 676 59  52
1553 3525 1552  52
1553 1554 3508  52
690 3524 691  52
690 689 3509  52
3510 688 687  52
3518 3510 686  52
1549 3512 1548  52
1549 3520 3512  52
1547 3523 1546  52
1547 1548 3512  52
683 3522 684  52
3513 681 3511  52
3514 1555 1556  52
3521 1557 1558  52
3515 1561 1524  52
3515 3524 3509  52
3508 3518 3522  52
3508 3514 3516  52
3517 1544 1543  52
3517 3523 3519  52
3508 3516 3518  52
3518 686 685  52
3519 678 3517  52
3519 3523 3512  52
3520 1549 1550  52
3513 3525 3522  52
3521 3515 3509  52
3521 3510 3516  52
3522 683 3513  52
3522 3525 3508  52
1543 1542 3523  52
3523 1547 3512  52
3524 1523 1522  52
3524 692 691  52
3525 1551 1552  52
3525 1553 3508  52
526 3532 3530  53
1571 3532 3529  53
1573 3532 1572  53
3530 1573 1574  53
530 3528 3527  53
3528 530 529  53
3527 1579 1580  53
3530 1575 3528  53
522 3529 523  53
3527 1577 1578  53
532 3527 1580  53
1575 3530 1574  53
528 3530 3528  53
1579 3527 1578  53
3528 1577 3527  53
1580 1579 125  53
1577 3528 1576  53
522 3531 3529  53
3532 1573 3530  53
1580 37 532  53
1567 3531 3526  53
1571 3529 1570  53
1567 3526 1566  53
3531 522 521  53
1565 3533 1564  53
1563 1562 124  53
3533 1565 3526  53
1563 3533 1562  53
3533 518 517  53
524 3532 525  53
38 1562 516  53
3532 1571 1572  53
3531 1569 3529  53
3529 524 523  53
3526 520 519  53
520 3531 521  53
516 3533 517  53
518 3533 3526  53
519 518 3526  53
3526 1565 1566  53
3527 532 531  53
531 530 3527  53
529 528 3528  53
3528 1575 1576  53
1569 3531 1568  53
1569 1570 3529  53
3530 528 527  53
527 526 3530  53
3531 520 3526  53
3531 1567 1568  53
3532 526 525  53
3532 524 3529  53
3533 516 1562  53
3533 1563 1564  53
1586 3535 1585  54
506 3536 3534  54
3535 504 503  54
3539 510 3538  54
3537 1597 1562  54
1597 3537 1596  54
513 3537 514  54
3539 1592 1593  54
1595 3539 1594  54
513 3539 3537  54
3539 1593 1594  54
515 3537 1562  54
1592 3539 3538  54
1562 1597 124  54
510 3539 511  54
3538 508 3534  54
3539 1595 3537  54
1590 3534 1589  54
3536 3535 1586  54
1590 3538 3534  54
1592 3538 1591  54
3536 1588 3534  54
3540 499 1580  54
1588 3536 1587  54
506 3534 507  54
1581 3540 1580  54
3540 501 500  54
3534 1588 1589  54
3535 3540 1583  54
1581 1580 125  54
504 3536 505  54
1562 38 515  54
3535 3536 504  54
499 3540 500  54
502 3535 503  54
1580 499 37  54
501 3535 502  54
3540 3535 501  54
508 3538 509  54
508 507 3534  54
3535 1583 1584  54
1584 1585 3535  54
1586 1587 3536  54
3536 506 505  54
1595 1596 3537  54
3537 515 514  54
510 509 3538  54
3538 1590 1591  54
3539 513 512  54
512 511 3539  54
3540 1581 1582  54
1582 1583 3540  54
1608 3547 3546  55
558 3547 3541  55
560 3547 559  55
3546 560 561  55
1612 3544 3543  55
3544 1612 1611  55
3543 566 1616  55
1610 3546 3544  55
1604 3541 1605  55
3543 564 565  55
1614 3543 1616  55
1610 3544 1611  55
3546 562 3544  55
566 3543 565  55
3544 564 3543  55
1616 566 39  55
564 3544 563  55
3545 556 3541  55
3547 560 3546  55
1616 127 1614  55
554 3548 553  55
558 3541 557  55
3548 554 3545  55
3545 1604 1603  55
552 3548 3542  55
550 1615 40  55
1600 3548 1601  55
550 3542 1615  55
3542 1600 1599  55
1606 3547 1607  55
126 1615 1598  55
3547 1608 1607  55
1604 3545 3541  55
556 3545 555  55
3548 1602 1601  55
1602 3548 3545  55
1598 3542 1599  55
552 3542 551  55
556 557 3541  55
3541 1606 1605  55
3542 1598 1615  55
3542 550 551  55
3543 1614 1613  55
1613 1612 3543  55
562 3546 561  55
562 563 3544  55
1603 1602 3545  55
3545 554 555  55
3546 1610 1609  55
1609 1608 3546  55
3547 1606 3541  55
3547 558 559  55
3548 1600 3542  55
3548 552 553  55
542 3554 541  56
3554 540 541  56
1629 3552 1630  56
1626 3551 1627  56
3550 549 1615  56
547 3552 546  56
1633 3550 1615  56
1628 3552 1629  56
3554 1624 3549  56
1631 3552 3550  56
549 3550 548  56
1631 3550 1632  56
1633 1615 126  56
3552 544 545  56
1615 549 40  56
544 3552 3551  56
3552 1628 3551  56
3552 547 3550  56
544 3551 543  56
538 3553 537  56
3553 1622 1621  56
540 3549 539  56
3553 3555 535  56
3553 538 3549  56
540 3554 3549  56
3555 1617 1616  56
535 3555 534  56
533 3555 1616  56
1616 39 533  56
1626 3554 3551  56
3549 1624 1623  56
1624 3554 1625  56
1622 3553 3549  56
1617 3555 1618  56
1620 3553 1621  56
1616 1617 127  56
1619 3553 1620  56
3555 3553 1619  56
1623 1622 3549  56
3549 538 539  56
547 548 3550  56
3550 1633 1632  56
1628 1627 3551  56
3551 542 543  56
545 546 3552  56
3552 1631 1630  56
3553 535 536  56
536 537 3553  56
3554 542 3551  56
3554 1626 1625  56
1619 1618 3555  56
3555 533 534  56
1204 3558 1203  57
1681 3574 1682  57
3564 3565 1205  57
3564 1205 1206  57
56 1702 1701  57
1661 3579 1662  57
1686 3565 1687  57
1702 56 855  57
1694 3559 1695  57
1653 3575 1654  57
660 1210 52  57
1675 3567 3562  57
672 1634 129  57
3575 3578 1183  57
3563 1661 1660  57
615 3583 48  57
1659 3563 1660  57
1183 3578 1182  57
1664 3579 3573  57
3582 1194 3581  57
672 129 58  57
3567 1675 1674  57
1190 3579 1189  57
3579 1661 3563  57
3566 1207 1208  57
1664 3573 1665  57
3568 855 856  57
855 1703 1702  57
858 128 1705  57
3568 858 1705  57
128 858 83  57
1703 3568 1704  57
1699 3580 1700  57
855 3568 1703  57
3576 42 1698  57
3559 3572 1696  57
573 3576 3572  57
1694 3566 43  57
1689 3565 3564  57
3566 1694 1693  57
1692 3566 1693  57
1689 3564 1690  57
1202 3574 1201  57
3565 1686 3558  57
3570 1678 3562  57
3565 3558 1204  57
1684 3574 3558  57
3558 1202 1203  57
3574 1200 1201  57
1200 3574 3570  57
3565 1689 1688  57
3574 1681 3570  57
3570 1681 1680  57
1672 3567 1673  57
1675 3562 1676  57
3581 1195 3567  57
3570 3562 1199  57
3582 1670 1669  57
1678 3570 1679  57
1197 3567 1196  57
3562 1197 1198  57
1701 3580 56  57
858 3568 857  57
3580 1701 1700  57
42 3576 575  57
3559 1694 43  57
1698 42 1699  57
3572 3576 1697  57
3576 573 574  57
3580 1176 1177  57
568 41 1176  57
571 3572 3559  57
3572 571 572  57
1176 3580 568  57
1208 46 613  57
568 3580 42  57
1207 3564 1206  57
55 56 1178  57
1178 3580 1177  57
613 3566 1208  57
1207 3566 3564  57
3558 3574 1202  57
1672 3581 3567  57
3581 1672 1671  57
1199 3562 1198  57
1192 3582 3573  57
3567 1197 3562  57
1195 3581 1194  57
1192 3573 1191  57
1655 3571 1656  57
1188 3579 3563  57
3582 1667 3573  57
3579 1188 1189  57
3571 1187 3563  57
1649 3578 1650  57
3583 615 1179  57
1179 615 47  57
3583 1647 1646  57
1181 3560 1180  57
662 3556 54  57
3556 662 1209  57
53 1209 662  57
3556 1209 1210  57
621 3561 620  57
3577 1645 1644  57
621 3577 3561  57
660 3556 1210  57
619 3569 618  57
1642 3569 3561  57
3575 1185 3571  57
675 3557 674  57
1634 3557 1635  57
54 1637 675  57
3569 1642 1641  57
3556 1638 54  57
3573 3579 1190  57
3573 1667 1666  57
1667 3582 1668  57
1670 3582 3581  57
1185 3575 1184  57
3575 1652 3578  57
1658 3563 1659  57
3575 3571 1655  57
1181 3578 3560  57
3571 1658 1657  57
1658 3571 3563  57
3578 1181 1182  57
3560 1649 1648  57
1650 3578 1651  57
3578 1649 3560  57
1647 3583 3560  57
48 3577 622  57
1645 3577 48  57
3569 619 3561  57
1645 3583 1646  57
1643 3577 1644  57
1640 3556 49  57
1640 3569 1641  57
1638 3556 1639  57
1637 54 1638  57
672 3557 1634  57
3557 1636 1635  57
1636 675 1637  57
3557 675 1636  57
3556 660 49  57
3556 1640 1639  57
3557 672 673  57
673 674 3557  57
3558 1686 1685  57
1685 1684 3558  57
43 571 3559  57
3559 1696 1695  57
1648 1647 3560  57
1180 3583 1179  57
1643 1642 3561  57
3561 619 620  57
3562 1678 1677  57
1677 1676 3562  57
1187 3571 1186  57
1187 1188 3563  57
3564 1692 1691  57
1691 1690 3564  57
1688 1687 3565  57
3565 1204 1205  57
3566 613 43  57
3566 1692 3564  57
1674 1673 3567  57
3567 1195 1196  57
856 857 3568  57
3568 1705 1704  57
3569 1640 49  57
49 618 3569  57
1199 1200 3570  57
3570 1680 1679  57
1657 1656 3571  57
3571 1185 1186  57
572 573 3572  57
3572 1697 1696  57
1666 1665 3573  57
3573 1190 1191  57
3574 1684 1683  57
1683 1682 3574  57
1655 1654 3575  57
3575 1183 1184  57
574 575 3576  57
3576 1698 1697  57
3577 1643 3561  57
3577 621 622  57
1652 3575 1653  57
1652 1651 3578  57
3579 1664 1663  57
1663 1662 3579  57
3580 1178 56  57
3580 1699 42  57
1671 1670 3581  57
1194 3582 1193  57
1669 1668 3582  57
3582 1192 1193  57
3583 1180 3560  57
3583 1645 48  57
3585 1213 1212  58
63 1708 1709  58
1213 3585 3584  58
62 63 1211  58
65 1706 719  58
1708 720 1707  58
719 1707 720  58
1710 63 1709  58
1211 3585 1212  58
3585 63 1710  58
3585 1713 3584  58
1706 65 130  58
1708 63 720  58
1707 719 1706  58
63 3585 1211  58
1715 3584 1714  58
3586 1715 1716  58
57 61 1216  58
669 1722 129  58
669 129 58  58
3586 1214 3584  58
57 3586 1718  58
667 1721 668  58
3586 57 1216  58
57 1720 667  58
1715 3586 3584  58
1718 3586 1717  58
1214 3586 1215  58
1720 57 1719  58
1713 3585 1712  58
57 1718 1719  58
1722 669 668  58
1722 668 1721  58
1721 667 1720  58
1214 1213 3584  58
3584 1713 1714  58
3585 1710 1711  58
1711 1712 3585  58
1716 1717 3586  58
3586 1216 1215  58
3612 1753 1754  59
3606 1243 3596  59
3615 1738 1739  59
1736 3614 1735  59
1800 3598 1801  59
1223 3615 1224  59
1753 3590 1752  59
1232 3602 3590  59
3612 1233 3590  59
1738 3615 3597  59
3590 1750 1751  59
3607 1238 1237  59
3609 1747 3602  59
1741 3603 1740  59
3588 1796 1723  59
3606 1246 1245  59
3612 1236 1235  59
1220 3591 757  59
1238 3607 3604  59
1764 3613 1763  59
757 3591 64  59
1776 3601 1775  59
3613 1762 1763  59
3596 1765 1766  59
1768 3596 1767  59
71 3600 763  59
1756 3612 1755  59
1784 3600 71  59
1220 757 68  59
1797 3588 1798  59
1724 3598 3588  59
3588 1797 1796  59
3587 811 810  59
1796 131 1723  59
3598 1799 3588  59
3598 106 1801  59
1730 77 1729  59
106 1727 3616  59
3587 77 1730  59
806 3614 1221  59
1734 3608 1733  59
811 3608 812  59
1734 3614 76  59
1732 3587 1731  59
3608 76 812  59
1222 3614 3597  59
1742 3603 1741  59
3602 1747 1748  59
1747 3609 1746  59
3602 1750 3590  59
1226 3603 3595  59
3595 1228 1227  59
3603 1226 1225  59
1753 3612 3590  59
3607 1756 1757  59
3607 3612 1756  59
1759 3607 1758  59
132 1796 1797  59
1257 3599 850  59
106 3598 1726  59
1727 106 1726  59
1799 3598 1800  59
3587 3608 811  59
3614 1736 3597  59
1729 3616 1728  59
3616 1727 1728  59
77 3587 809  59
3614 1222 1221  59
1221 75 806  59
3608 1734 76  59
850 3599 77  59
3616 1729 77  59
850 80 1257  59
104 106 1255  59
1255 3599 1256  59
3603 1742 3595  59
1745 3595 1744  59
1750 3602 1749  59
1738 3597 1737  59
1224 3615 3603  59
1233 3612 1234  59
1744 3595 1743  59
3602 1232 1231  59
3595 3609 1228  59
3609 3595 1745  59
1229 3602 1230  59
3609 1745 1746  59
1236 3612 3607  59
1238 3604 1239  59
1779 3592 1778  59
1765 3613 1764  59
1242 3596 1243  59
1242 3613 3596  59
3594 1787 1788  59
804 3610 71  59
1246 3606 3605  59
3605 1771 1772  59
1251 3592 3589  59
1249 3592 1250  59
1247 3601 1248  59
3610 1254 1253  59
1254 804 74  59
1217 69 760  59
1781 3610 3589  59
3617 1217 760  59
3610 804 1254  59
3611 1791 64  59
3591 3617 3611  59
3611 64 3591  59
1791 3611 1790  59
716 1795 717  59
3610 1253 3589  59
764 3600 3593  59
764 3593 765  59
714 1792 1793  59
717 130 65  59
3611 1789 1790  59
715 1793 1794  59
715 1794 716  59
1787 3594 3593  59
3594 1789 70  59
3604 3613 1240  59
3604 3607 1759  59
3613 1765 3596  59
1768 3606 3596  59
1762 3604 1761  59
3604 1759 1760  59
1762 3613 3604  59
3606 1771 3605  59
1770 3606 1769  59
1771 3606 1770  59
3601 3592 1249  59
1773 3605 1772  59
3592 3601 1776  59
1251 3589 1252  59
3601 1773 1774  59
3601 3605 1773  59
1783 3610 1782  59
3600 1784 1785  59
1784 3610 1783  59
3592 1776 1777  59
1781 3589 1780  59
3592 1779 3589  59
1786 3600 1785  59
1789 3611 70  59
1793 715 714  59
1789 3594 1788  59
1792 714 64  59
1795 716 1794  59
130 717 1795  59
64 1791 1792  59
810 809 3587  59
3587 1730 1731  59
1799 1798 3588  59
3588 1723 1724  59
1779 1780 3589  59
3589 1253 1252  59
1233 1232 3590  59
3590 1751 1752  59
3591 1220 1219  59
1219 1218 3591  59
3592 1251 1250  59
3592 1777 1778  59
1786 1787 3593  59
765 3594 766  59
3594 70 766  59
3594 765 3593  59
1227 1226 3595  59
3595 1742 1743  59
1766 1767 3596  59
1243 3606 1244  59
1223 1222 3597  59
3597 1736 1737  59
3598 1724 1725  59
1725 1726 3598  59
3599 1257 1256  59
3599 1255 106  59
3600 1786 3593  59
3600 764 763  59
1249 1248 3601  59
3601 1774 1775  59
1231 1230 3602  59
3602 1748 1749  59
1225 1224 3603  59
1740 3615 1739  59
1760 1761 3604  59
3604 1240 1239  59
3605 3601 1247  59
1247 1246 3605  59
1245 1244 3606  59
3606 1768 1769  59
1237 1236 3607  59
3607 1757 1758  59
3608 3587 1732  59
1732 1733 3608  59
3609 3602 1229  59
1229 1228 3609  59
3610 1781 1782  59
3610 1784 71  59
1217 3617 1218  59
70 3617 760  59
1235 1234 3612  59
3612 1754 1755  59
3613 1242 1241  59
1241 1240 3613  59
3614 806 76  59
3614 1734 1735  59
3615 1740 3603  59
3615 1223 3597  59
3616 77 3599  59
3599 106 3616  59
3617 70 3611  59
3617 3591 1218  59
109 1819 1818  60
1820 1802 1803  60
1802 1820 1819  60
1818 3621 109  60
132 1796 1804  60
131 1821 1796  60
1803 1821 1820  60
1821 1804 1796  60
1819 109 1802  60
1281 3621 1175  60
3621 1281 109  60
1804 1821 1803  60
1174 3621 3618  60
1281 1175 103  60
1812 3622 3619  60
3618 1173 1174  60
1815 3618 1816  60
1814 3623 1815  60
3622 1812 1811  60
1173 3623 3619  60
3624 852 1169  60
1171 3620 1170  60
1809 3624 3620  60
1169 852 81  60
852 3624 82  60
1807 82 1808  60
82 1807 861  60
861 1806 860  60
1805 860 1806  60
860 1805 859  60
859 128 83  60
1171 3622 3620  60
3620 1811 1810  60
3619 1814 1813  60
1173 3619 1172  60
3623 1814 3619  60
1808 3624 1809  60
1806 861 1807  60
128 859 1805  60
3621 1818 1817  60
1817 1816 3618  60
1813 1812 3619  60
3619 1171 1172  60
1810 1809 3620  60
1170 3624 1169  60
3621 1817 3618  60
3621 1174 1175  60
1811 3620 3622  60
3622 1171 3619  60
3623 1173 3618  60
3618 1815 3623  60
3624 1170 3620  60
3624 1808 82  60
3632 3647 3629  61
3645 3630 3640  61
1823 3640 3627  61
1155 3635 1156  61
1825 1822 133  61
1825 3645 1822  61
3635 3644 3638  61
3644 3630 3628  61
3630 1830 3628  61
1828 3630 1827  61
3637 3626 3636  61
1831 3628 1830  61
1154 3639 3635  61
3639 1154 1153  61
1156 3642 1157  61
1151 3639 1152  61
3642 1158 1157  61
1824 1151 101  61
1160 3631 1161  61
1162 3643 1163  61
1164 3641 1165  61
3642 1159 1158  61
3633 3647 1843  61
3626 3637 3628  61
3633 1843 1842  61
1164 3643 3641  61
3634 3632 3629  61
1159 3642 3631  61
1167 3641 1842  61
1842 3641 3633  61
3639 1151 1824  61
1167 1842 100  61
1834 3636 3626  61
3643 1164 1163  61
3636 1834 1835  61
1829 3630 1828  61
1834 3626 1833  61
1841 3632 1840  61
1840 3632 1839  61
1844 1841 134  61
3634 1838 3632  61
1838 3634 1837  61
1159 3631 1160  61
3634 3646 3636  61
3626 1831 1832  61
1832 1833 3626  61
1154 3635 1155  61
3627 1824 1823  61
1830 3630 1829  61
3628 1831 3626  61
3647 3632 1844  61
3631 3646 3643  61
3640 1823 1822  61
1827 3645 1826  61
1162 1161 3631  61
3631 3642 3625  61
3632 1838 1839  61
3632 1841 1844  61
3643 1162 3631  61
3643 3646 3629  61
1836 3636 1835  61
1836 1837 3634  61
3635 3639 3627  61
3638 3637 3625  61
3636 1836 3634  61
3636 3646 3637  61
3646 3634 3629  61
3637 3638 3628  61
3638 3642 3635  61
3630 3644 3640  61
1153 1152 3639  61
3639 1824 3627  61
3645 1827 3630  61
3644 3635 3627  61
3641 1167 1166  61
1166 1165 3641  61
3642 1156 3635  61
3642 3638 3625  61
3643 3629 3633  61
3633 3641 3643  61
3627 3640 3644  61
3644 3628 3638  61
3640 1822 3645  61
3645 1825 1826  61
3646 3631 3625  61
3625 3637 3646  61
1844 1843 3647  61
3647 3633 3629  61
3654 1852 3653  62
1849 3654 3648  62
3651 1139 1138  62
3648 1847 1848  62
1824 3665 3655  62
1845 3652 1844  62
1844 134 1845  62
3660 1844 3652  62
1844 3660 1843  62
1847 3652 1846  62
1139 3661 1140  62
1150 3665 1824  62
1144 3662 1145  62
1141 3650 1142  62
1134 3666 1135  62
1136 3666 3651  62
1842 1134 100  62
1136 3651 1137  62
3650 1144 1143  62
1141 3661 3650  62
3672 3662 3650  62
1824 3655 1823  62
3671 3656 3664  62
1148 3667 3665  62
3658 3671 3664  62
3658 3663 3649  62
3664 3659 3663  62
3661 1139 3651  62
3666 1136 1135  62
1150 1824 101  62
3663 1856 1857  62
1854 3659 3653  62
3654 1849 1850  62
3662 3672 3656  62
1859 3663 1858  62
3661 3672 3650  62
1854 3653 1853  62
1856 3663 3659  62
1860 3649 1859  62
1861 3649 1860  62
133 1822 1861  62
3659 1854 1855  62
3668 1842 1843  62
3648 1848 1849  62
3649 1861 1822  62
1822 3658 3649  62
1143 1142 3650  62
1852 3654 1851  62
1138 1137 3651  62
3668 3670 3657  62
3652 1845 1846  62
3652 1847 3648  62
1852 1853 3653  62
3662 3671 3667  62
3670 3669 3657  62
3654 1850 1851  62
3658 1822 1823  62
3667 3655 3665  62
3662 1144 3650  62
3654 3670 3648  62
3670 3654 3669  62
3669 3654 3653  62
3659 3664 3656  62
3658 1823 3655  62
3656 3653 3659  62
3659 1855 1856  62
1842 3668 3666  62
3660 3652 3648  62
3661 1141 1140  62
3661 3651 3657  62
3667 1148 1147  62
1145 3667 1146  62
3663 1857 1858  62
3663 1859 3649  62
3663 3658 3664  62
3656 3671 3662  62
3665 1150 1149  62
1149 1148 3665  62
3666 1134 1842  62
3668 3657 3651  62
3667 1147 1146  62
3667 1145 3662  62
3651 3666 3668  62
3668 1843 3660  62
3653 3656 3669  62
3657 3672 3661  62
3670 3668 3660  62
3660 3648 3670  62
3671 3658 3655  62
3655 3667 3671  62
3672 3657 3669  62
3669 3656 3672  62
3695 3693 3683  63
1862 3686 1863  63
3686 1862 3685  63
1120 3682 1121  63
1865 1862 135  63
1865 3685 1862  63
3694 1869 1870  63
3686 3678 3684  63
1867 3685 1866  63
1122 3696 1123  63
1121 3696 1122  63
3694 3691 3680  63
1120 3690 3682  63
3690 1120 1119  63
3679 3696 3689  63
1117 3690 1118  63
3689 3676 3679  63
1864 1117 99  63
1126 3677 1127  63
1127 3677 1128  63
3687 3691 3673  63
1124 3679 1125  63
3683 1884 1883  63
3697 1130 3688  63
1131 3697 1132  63
3687 3695 3692  63
1884 3683 3674  63
1126 3679 3677  63
3697 3688 3681  63
1132 3697 1133  63
3690 1117 1864  63
1882 1133 3697  63
1874 3691 1873  63
3676 3689 3680  63
1877 3673 1876  63
1869 3694 3678  63
1872 3694 1871  63
1881 3674 1880  63
1880 3674 1879  63
1884 1881 136  63
1877 3693 3673  63
3693 1877 1878  63
3673 1874 1875  63
1875 1876 3673  63
3674 1878 1879  63
3674 1881 1884  63
3675 1864 1863  63
1868 3685 1867  63
3691 1872 1873  63
1124 3696 3679  63
1129 3688 1130  63
1129 3677 3688  63
3678 1868 1869  63
3694 1872 3691  63
3679 3692 3677  63
3679 1126 1125  63
3684 3682 3675  63
3691 3687 3676  63
1883 1882 3681  63
3681 3695 3683  63
3675 3682 3690  63
3684 3689 3682  63
3693 3695 3687  63
3683 1883 3681  63
3678 3686 3685  63
3678 3680 3684  63
3685 1865 1866  63
3685 1868 3678  63
3686 3684 3675  63
3675 1863 3686  63
3683 3693 3674  63
3676 3687 3692  63
1130 3697 1131  63
3677 1129 1128  63
3696 1124 1123  63
3689 3684 3680  63
3690 1119 1118  63
3690 1864 3675  63
3691 1874 3673  63
3691 3676 3680  63
3692 3688 3677  63
3692 3679 3676  63
3687 3673 3693  63
3693 1878 3674  63
3680 3678 3694  63
3694 1870 1871  63
3695 3681 3688  63
3688 3692 3695  63
3696 1121 3682  63
3682 3689 3696  63
3681 1882 3697  63
1133 1882 98  63
1108 3720 3699  64
1898 3709 1897  64
1116 3698 1864  64
3699 1111 1110  64
3708 3718 3710  64
3705 1886 1887  64
1884 136 1885  64
3700 3718 3708  64
3722 3721 3716  64
1883 3722 3714  64
3715 1100 1882  64
3701 1892 1893  64
3715 3716 3707  64
3699 3720 3708  64
1106 3720 1107  64
3716 3715 3714  64
1101 3715 1102  64
1100 3715 1101  64
1882 1100 98  64
1103 3715 3707  64
1885 3705 1884  64
3707 1106 1105  64
3711 3702 1862  64
3698 1116 1115  64
1113 3712 3698  64
3698 3719 3717  64
3709 3710 3701  64
3718 3700 3713  64
3698 1115 1114  64
3705 1885 1886  64
1108 3699 1109  64
99 1116 1864  64
1888 3721 3705  64
1111 3712 1112  64
1899 3702 1898  64
3720 1106 3707  64
1892 3703 1891  64
3710 3709 3706  64
1900 3702 1899  64
1901 3702 1900  64
135 1862 1901  64
1895 3709 3701  64
1864 3717 1863  64
3698 1114 1113  64
1110 1109 3699  64
3699 3708 3704  64
1890 3721 1889  64
3719 3710 3706  64
3701 1893 1894  64
1894 1895 3701  64
3702 1901 1862  64
3702 3711 3706  64
3703 1890 1891  64
3703 1892 3701  64
1897 3709 1896  64
3699 3712 1111  64
3705 1887 1888  64
3721 3722 3705  64
3706 1898 3702  64
3719 3698 3712  64
3707 1105 1104  64
1104 1103 3707  64
3710 3719 3704  64
3720 1108 1107  64
3709 1895 1896  64
3709 1898 3706  64
3710 3704 3708  64
3703 3718 3713  64
3711 1862 1863  64
3719 3706 3711  64
3712 1113 1112  64
3712 3699 3704  64
3722 1883 1884  64
3721 1890 3703  64
3707 3716 3700  64
3714 1882 1883  64
3715 1103 1102  64
3715 1882 3714  64
3716 3721 3713  64
3713 3700 3716  64
3711 1863 3717  64
3717 1864 3698  64
3718 3703 3701  64
3701 3710 3718  64
3711 3717 3719  64
3719 3712 3704  64
3720 3707 3700  64
3700 3708 3720  64
3721 1888 1889  64
3721 3703 3713  64
3716 3714 3722  64
3722 1884 3705  64
3728 3727 3740  65
3725 1905 1906  65
3742 3745 3733  65
3744 1086 3743  65
1905 1902 137  65
1905 3725 1902  65
1918 3739 3731  65
3725 1906 1907  65
1908 3734 3725  65
3733 1089 1088  65
3734 1908 1909  65
1910 3738 3734  65
1086 3744 1087  65
3743 1086 1085  65
1088 3744 3733  65
1083 3743 1084  65
3733 1090 1089  65
1904 1083 97  65
3723 3724 3727  65
1093 3741 3729  65
1096 3726 1097  65
1090 3741 1091  65
3732 3730 1923  65
1093 3729 1094  65
3726 3729 3723  65
1915 3728 1914  65
1096 3729 3726  65
1099 3726 1922  65
3744 1088 1087  65
3726 1099 1098  65
3729 3741 3724  65
1099 1922 96  65
3734 3738 3736  65
1913 3738 1912  65
1916 3731 3728  65
1903 3737 3735  65
3741 1093 1092  65
1921 3739 1920  65
3739 1918 1919  65
1924 1921 138  65
3731 3730 3727  65
3731 3739 3730  65
3730 3723 3727  65
3729 1096 1095  65
3741 3745 3724  65
3738 1910 1911  65
1902 3737 1903  65
3725 1907 1908  65
3726 3732 1922  65
3726 1098 1097  65
1916 3728 1915  65
3730 3732 3723  65
1913 1914 3728  65
3728 3731 3727  65
3724 3723 3729  65
3729 1095 1094  65
3739 1921 1924  65
1924 1923 3730  65
3731 1916 1917  65
1917 1918 3731  65
1923 1922 3732  65
3732 3726 3723  65
3737 3742 3735  65
3738 1911 1912  65
3734 1909 1910  65
3734 3742 3737  65
3743 1083 1904  65
1904 1903 3735  65
3724 3740 3727  65
3745 3742 3736  65
3737 1902 3725  65
3725 3734 3737  65
3738 1913 3728  65
3738 3740 3736  65
1919 1920 3739  65
3739 1924 3730  65
3740 3745 3736  65
3740 3738 3728  65
3741 1092 1091  65
3741 1090 3733  65
3742 3744 3735  65
3742 3734 3736  65
1085 1084 3743  65
3743 1904 3735  65
3743 3735 3744  65
3744 3742 3733  65
3745 3740 3724  65
3745 3741 3733  65
3759 1939 1940  66
1074 3747 1075  66
3749 1924 3750  66
1069 3754 1070  66
1925 3750 1924  66
1924 3749 1923  66
1924 138 1925  66
1927 3750 1926  66
1927 3753 3750  66
3753 1928 1929  66
3747 3758 3751  66
3768 3764 3765  66
1071 3754 3752  66
1068 3746 1069  66
3761 3763 3762  66
1067 3746 1068  66
1066 3746 1067  66
1922 1066 96  66
1074 3752 3747  66
3758 3765 3764  66
3752 1073 1072  66
1932 3768 3767  66
1904 3748 1903  66
1079 3756 1080  66
1936 3757 1935  66
3760 3748 3756  66
1077 3760 1078  66
3748 1904 3756  66
1080 3756 1081  66
1082 3756 1904  66
1904 97 1082  66
3768 3765 3767  66
3752 1072 1071  66
3757 3766 3764  66
1939 3755 1938  66
3752 1074 1073  66
3762 3767 3765  66
1938 3755 1937  66
1939 3759 3755  66
1941 3759 1940  66
137 1902 1941  66
1935 3757 1934  66
3746 1066 1922  66
1922 3763 3746  66
3747 1077 1076  66
1076 1075 3747  66
1902 3769 3759  66
1079 3760 3756  66
3763 1922 1923  66
3753 1927 1928  66
3750 1925 1926  66
3750 3753 3749  66
1937 3757 1936  66
3760 1077 3747  66
3754 1071 1070  66
3752 3761 3758  66
1929 3767 3753  66
3767 1929 1930  66
3754 1069 3746  66
3763 3761 3754  66
3769 3755 3759  66
3766 3757 3755  66
3756 1082 1081  66
3748 3760 3751  66
1934 3768 1933  66
3757 1937 3755  66
3758 3747 3752  66
3764 3768 3757  66
3759 1941 1902  66
3755 3769 3766  66
3760 1079 1078  66
3760 3747 3751  66
3761 3752 3754  66
3761 3765 3758  66
3763 3754 3746  66
3749 3753 3762  66
3763 1923 3749  66
3749 3762 3763  66
3764 3766 3751  66
3751 3758 3764  66
3765 3761 3762  66
1932 3767 1931  66
3766 3769 3748  66
3748 3751 3766  66
3767 3762 3753  66
3767 1930 1931  66
3768 1932 1933  66
3768 1934 3757  66
3769 1902 1903  66
1903 3748 3769  66
3788 1051 1050  67
1951 3790 3786  67
3790 1952 1953  67
3784 3775 3787  67
3780 1961 1964  67
1942 3777 3772  67
1945 3777 1942  67
1942 3772 1943  67
3777 1945 1946  67
3772 3779 3776  67
3784 3789 3783  67
1948 3786 3777  67
1954 3790 1953  67
1060 3787 3785  67
1945 1942 139  67
3789 3792 3782  67
1049 3788 1050  67
3788 1052 1051  67
1944 1049 95  67
3792 1057 1056  67
1057 3792 3787  67
1052 3788 3782  67
3791 1958 3780  67
3778 1954 1955  67
1963 3771 3770  67
1053 3782 1054  67
1062 3785 3774  67
3771 1963 1962  67
1065 3774 1962  67
1962 3774 3771  67
1060 3785 1061  67
94 1065 1962  67
3786 3790 3783  67
3778 1955 1956  67
3786 1948 1949  67
1057 3787 1058  67
3790 1951 1952  67
1961 3780 1960  67
3780 1958 1959  67
1964 1961 140  67
3791 1956 1957  67
1958 3791 1957  67
3770 1964 1963  67
3785 3787 3775  67
3785 3781 3771  67
1062 3774 1063  67
1943 3776 1944  67
3777 3786 3779  67
3770 3791 3780  67
3787 1060 1059  67
3774 1065 1064  67
1064 1063 3774  67
3773 3784 3783  67
3771 3781 3770  67
1052 3782 1053  67
3776 1943 3772  67
3777 1946 1947  67
1947 1948 3777  67
1956 3791 3778  67
3773 3781 3775  67
1054 3792 1055  67
3779 3772 3777  67
1959 1960 3780  67
3780 1964 3770  67
3781 3785 3775  67
3781 3773 3778  67
3782 3788 3776  67
3776 3789 3782  67
1951 3786 1950  67
3773 3790 3778  67
3784 3773 3775  67
3792 1056 1055  67
3785 3771 3774  67
3785 1062 1061  67
3783 3779 3786  67
3786 1949 1950  67
3787 1059 1058  67
3787 3792 3784  67
3788 1049 1944  67
1944 3776 3788  67
3789 3776 3779  67
3779 3783 3789  67
3790 1954 3778  67
3790 3773 3783  67
3791 3770 3781  67
3781 3778 3791  67
3792 1054 3782  67
3792 3789 3784  67
3813 3816 1042  68
3798 3801 3799  68
1036 3798 3793  68
3811 1968 3805  68
3794 1048 1047  68
1965 3811 1964  68
1964 140 1965  68
1964 3797 1963  68
1964 3811 3797  68
3811 1965 1966  68
3797 3801 1963  68
1048 3794 1944  68
3815 3795 3816  68
1972 3818 1971  68
1032 3802 1033  68
1034 3802 3798  68
94 3802 1032  68
1034 3798 1035  68
1040 3813 1041  68
1970 3805 1969  68
1036 3793 1037  68
3812 1977 1978  68
3794 1047 1046  68
1045 3795 3794  68
3794 3814 1944  68
1045 3816 3795  68
3812 1979 3806  68
3798 3799 3793  68
3810 3808 3807  68
1048 1944 95  68
1974 3796 1973  68
1039 3813 1040  68
3793 1039 1038  68
1975 3796 1974  68
3808 3812 3809  68
3799 3819 3800  68
1042 3816 1043  68
1977 3812 3810  68
1979 3812 1978  68
1981 3806 1980  68
139 3806 1981  68
3796 3810 3807  68
1038 1037 3793  68
3805 3819 3817  68
1944 3814 1943  68
3794 1046 1045  68
3816 1045 1044  68
1975 3810 3796  68
1970 3818 3805  68
1973 3818 1972  68
3801 3817 3799  68
1968 3811 1967  68
3798 1036 1035  68
3802 3801 3798  68
3819 3818 3803  68
3813 1039 3793  68
3795 3808 3814  68
3800 3793 3799  68
3801 3802 1962  68
1962 1963 3801  68
3802 1034 1033  68
3802 94 1962  68
3818 1973 3796  68
3804 3819 3803  68
3808 3795 3815  68
3813 1042 1041  68
3805 1968 1969  68
3818 3819 3805  68
1979 1980 3806  68
3806 139 1942  68
3807 3804 3803  68
3803 3796 3807  68
3807 3815 3804  68
3809 3814 3808  68
3809 3806 1942  68
1942 1943 3809  68
3810 1975 1976  68
1976 1977 3810  68
3811 3817 3797  68
3811 1966 1967  68
3806 3809 3812  68
3812 3808 3810  68
3813 3793 3800  68
3800 3804 3813  68
3814 3809 1943  68
3814 3794 3795  68
3815 3813 3804  68
3815 3807 3808  68
3816 1044 1043  68
3816 3813 3815  68
3817 3801 3797  68
3817 3811 3805  68
3818 1970 1971  68
3818 3796 3803  68
3819 3804 3800  68
3819 3799 3817  68
3833 3841 3839  69
1982 3831 1983  69
3824 3831 3826  69
1985 3826 1982  69
3821 3823 3820  69
3843 3830 3840  69
1987 3826 1986  69
1988 3826 1987  69
3838 3827 3837  69
3824 1988 1989  69
3842 1027 1026  69
1018 3840 3830  69
1985 1982 141  69
1015 3840 1016  69
1021 3832 1022  69
3840 1018 1017  69
1984 1015 93  69
1024 3844 3842  69
3837 3841 3829  69
1027 3842 3825  69
1029 3835 1030  69
1992 3841 3836  69
2002 3820 2003  69
3841 3837 3836  69
3835 1028 3825  69
1994 3841 1993  69
1028 3835 1029  69
1031 3835 2002  69
3830 3843 3827  69
2002 3835 3820  69
3823 3828 3822  69
1031 2002 92  69
1996 3839 1995  69
2001 3822 2000  69
3836 1990 1991  69
2000 3822 1999  69
3836 1989 1990  69
3844 3838 3829  69
1024 3842 1025  69
2004 2001 142  69
1997 3839 1996  69
1998 3828 1997  69
2004 3823 3822  69
3821 3834 3833  69
3834 3844 3829  69
3841 1992 1993  69
3822 1998 1999  69
3822 2001 2004  69
3823 2004 2003  69
2003 3820 3823  69
1984 3843 3840  69
1989 3836 3824  69
3821 3820 3825  69
3825 1028 1027  69
3826 1985 1986  69
3826 1988 3824  69
1020 3832 1021  69
1019 3832 1020  69
3828 1998 3822  69
3828 3823 3821  69
3844 1024 1023  69
3830 3838 3832  69
1019 1018 3830  69
3827 3843 3831  69
3831 1982 3826  69
3831 3824 3827  69
1022 3844 1023  69
3832 1019 3830  69
3839 1994 1995  69
3828 3821 3833  69
3829 3833 3834  69
3834 3821 3825  69
3825 3820 3835  69
3835 1031 1030  69
3824 3837 3827  69
3836 1991 1992  69
3838 3830 3827  69
3837 3824 3836  69
3837 3829 3838  69
3838 3844 3832  69
3839 1997 3828  69
3828 3833 3839  69
3840 1017 1016  69
3840 1015 1984  69
3841 1994 3839  69
3841 3833 3829  69
3834 3825 3842  69
3842 1026 1025  69
3843 1984 1983  69
1983 3831 3843  69
3844 3834 3842  69
3844 1022 3832  69
3868 2017 2018  70
2005 3867 2004  70
3867 2005 2006  70
1005 3851 1006  70
3871 3855 3870  70
2004 142 2005  70
2004 3867 3852  70
3861 3862 3852  70
2004 3852 2003  70
3865 1005 1004  70
2008 3867 2007  70
2010 3854 3848  70
1002 3865 1003  70
3850 1002 1001  70
3851 1008 1007  70
1000 3859 3850  70
998 3859 999  70
92 3859 998  70
1008 3851 3849  70
1005 3865 3851  70
3865 1004 1003  70
3846 3857 1983  70
3846 3866 3858  70
1012 3866 1013  70
2015 3869 2014  70
1011 3866 1012  70
3848 3870 3861  70
1014 3866 1984  70
3846 1983 1984  70
3850 3862 3847  70
2013 3869 3854  70
1014 1984 93  70
3851 3865 3860  70
3854 2011 2012  70
3869 3863 3856  70
3868 2019 3853  70
3854 2010 2011  70
2017 3868 3863  70
2019 3868 2018  70
2021 3853 2020  70
141 3853 2021  70
3863 2015 2016  70
3857 3853 1982  70
3849 1011 1010  70
3866 1011 3858  70
3845 3846 3858  70
3862 3861 3847  70
3847 3865 3850  70
3848 2008 2009  70
2009 2010 3848  70
3849 1010 1009  70
1009 1008 3849  70
1001 1000 3850  70
3862 3850 3859  70
3849 3864 3858  70
3851 1007 1006  70
3852 3862 2003  70
3867 2008 3848  70
2019 2020 3853  70
3853 141 1982  70
3855 3871 3856  70
3854 2012 2013  70
3869 2015 3863  70
3851 3864 3849  70
3845 3868 3857  70
3856 3864 3855  70
1982 1983 3857  70
3857 3846 3845  70
3858 1011 3849  70
3864 3856 3845  70
3859 1000 999  70
3859 92 2002  70
3860 3870 3855  70
3855 3851 3860  70
3861 3867 3848  70
3847 3870 3860  70
3862 3859 2002  70
2002 2003 3862  70
2016 2017 3863  70
3863 3845 3856  70
3845 3858 3864  70
3864 3851 3855  70
3865 1002 3850  70
3865 3847 3860  70
3866 3846 1984  70
3866 1014 1013  70
3867 3861 3852  70
3867 2006 2007  70
3853 3857 3868  70
3868 3845 3863  70
3854 3871 3870  70
3869 2013 2014  70
3870 3847 3861  70
3870 3848 3854  70
3871 3854 3869  70
3869 3856 3871  70
3890 2039 2040  71
3894 3891 3873  71
986 3891 987  71
3880 3872 3874  71
3876 996 995  71
3886 3880 3883  71
2025 3886 2022  71
3892 3882 2023  71
2027 3886 2026  71
2029 3880 2028  71
997 3876 2042  71
3889 2037 2038  71
2025 2022 143  71
984 3873 985  71
984 3878 3873  71
981 3878 982  71
3878 984 983  71
2024 981 91  71
988 3891 3887  71
2033 3884 3872  71
2042 3895 2043  71
990 3875 991  71
3896 3895 3879  71
2035 3884 2034  71
3877 3885 3884  71
994 3893 3876  71
3878 3882 3873  71
3876 997 996  71
3874 3872 3884  71
997 2042 90  71
2033 3872 2032  71
2034 3884 2033  71
3872 2030 2031  71
2037 3877 2036  71
2030 3880 2029  71
990 3887 3875  71
991 3875 992  71
2041 3890 2040  71
2039 3890 3889  71
2044 2041 144  71
2037 3889 3877  71
3877 3889 3879  71
2031 2032 3872  71
3880 2030 3872  71
985 3891 986  71
3882 3878 2024  71
988 3887 989  71
3891 988 987  71
3875 993 992  71
3874 3894 3883  71
3876 995 994  71
3893 994 993  71
3885 3877 3879  71
3877 2035 2036  71
3878 983 982  71
3878 981 2024  71
3893 3879 3895  71
3879 3893 3888  71
3882 3892 3883  71
2028 3886 2027  71
3888 3887 3881  71
3887 3891 3881  71
3882 2024 2023  71
3894 3873 3882  71
3886 2028 3880  71
3880 3874 3883  71
3884 2035 3877  71
3884 3885 3874  71
3885 3888 3881  71
3881 3874 3885  71
3886 3892 2022  71
3886 2025 2026  71
3887 3888 3875  71
3887 990 989  71
3888 3885 3879  71
3875 3888 3893  71
2038 2039 3889  71
3896 3889 3890  71
3890 2041 2044  71
3889 3896 3879  71
3891 985 3873  71
3891 3894 3881  71
2023 2022 3892  71
3892 3886 3883  71
3876 3895 2042  71
3893 993 3875  71
3882 3883 3894  71
3894 3874 3881  71
3895 3896 2043  71
3895 3876 3893  71
3896 3890 2044  71
2044 2043 3896  71
2053 3908 3900  72
2045 3907 2044  72
3917 2048 2049  72
144 2045 2044  72
3920 2059 3919  72
2043 3905 3903  72
3907 2045 2046  72
3898 3912 3910  72
3912 3898 3909  72
2048 3917 3907  72
2051 3917 2050  72
964 3915 965  72
964 90 2042  72
972 3904 973  72
969 3918 3906  72
3915 967 966  72
2044 3907 3905  72
967 3918 968  72
974 3904 3897  72
3906 972 971  72
3906 3918 3909  72
3902 3914 3901  72
3899 980 979  72
977 3899 978  72
3919 2059 2060  72
3897 977 976  72
974 3897 975  72
980 3899 2024  72
2024 3911 2023  72
3915 964 2042  72
3904 3906 3898  72
91 980 2024  72
2059 3920 2058  72
143 2022 2061  72
3906 3909 3898  72
3908 2053 2054  72
3902 3920 3919  72
3907 3917 3916  72
2056 3920 3908  72
3920 2056 2057  72
2061 3919 2060  72
2056 3908 2055  72
3897 976 975  72
3908 2054 2055  72
972 3906 3904  72
3910 3912 3900  72
3899 979 978  72
3899 977 3897  72
3900 2051 2052  72
2052 2053 3900  72
3899 3914 3911  72
3913 3904 3898  72
2022 2023 3902  72
3914 3897 3913  72
3918 3903 3909  72
3903 2042 2043  72
3904 3913 3897  72
3904 974 973  72
3905 2043 2044  72
3916 3903 3905  72
3906 971 970  72
970 969 3906  72
3907 2046 2047  72
2047 2048 3907  72
3908 3920 3901  72
3908 3910 3900  72
3903 3918 3915  72
3903 3916 3909  72
3910 3908 3901  72
3910 3913 3898  72
3902 2023 3911  72
3911 2024 3899  72
3907 3916 3905  72
3917 2051 3900  72
3913 3910 3901  72
3914 3899 3897  72
3913 3901 3914  72
3914 3902 3911  72
966 965 3915  72
3915 2042 3903  72
3917 2049 2050  72
3912 3909 3916  72
3917 3900 3912  72
3912 3916 3917  72
3918 969 968  72
3918 967 3915  72
3919 2061 2022  72
2022 3902 3919  72
3920 3902 3901  72
3920 2057 2058  72
2069 3926 3924  73
951 3924 952  73
3928 2073 3927  73
89 2062 947  73
3925 949 948  73
2062 145 2063  73
2067 3924 3923  73
2067 3923 2066  73
949 3923 950  73
2063 3925 2062  73
3925 947 2062  73
3924 2067 2068  73
953 3926 954  73
2065 3925 2064  73
949 3925 3923  73
947 3925 948  73
3926 2070 2071  73
3924 951 3923  73
954 3926 955  73
959 3927 3921  73
957 3927 958  73
2073 3928 2072  73
961 3922 962  73
963 2080 88  73
3922 961 3921  73
963 3922 2080  73
3922 963 962  73
959 3921 960  73
3928 2071 2072  73
957 3928 3927  73
3927 2073 2074  73
2071 3928 3926  73
3926 2069 2070  73
2079 3922 2078  73
2075 3927 2074  73
2080 2079 146  73
2077 3922 3921  73
2077 3921 2076  73
961 960 3921  73
3921 2075 2076  73
3922 2077 2078  73
3922 2079 2080  73
951 950 3923  73
3923 2065 2066  73
2068 2069 3924  73
3924 953 952  73
3925 2063 2064  73
3925 2065 3923  73
955 3928 956  73
3926 953 3924  73
3927 2075 3921  73
3927 959 958  73
3928 957 956  73
3928 955 3926  73
3932 933 3929  74
2084 3932 3929  74
2086 3932 2085  74
936 3938 937  74
3929 931 3931  74
3931 2081 2082  74
2081 2080 146  74
2081 3931 2080  74
2084 3929 2083  74
2087 3938 3935  74
3937 940 939  74
938 3938 3937  74
930 3931 931  74
931 3929 932  74
2080 930 88  74
933 3932 934  74
3938 938 937  74
935 3935 936  74
2086 3935 3932  74
941 3936 942  74
940 3937 3934  74
3936 2092 2093  74
2094 3936 2093  74
946 3933 2062  74
3933 945 3930  74
946 2062 89  74
943 3936 3930  74
3933 946 945  74
3937 2091 3934  74
3938 2087 2088  74
3936 943 942  74
2090 3937 2089  74
145 2062 2097  74
2092 3934 2091  74
2096 3930 2095  74
2092 3936 3934  74
2097 3933 2096  74
943 3930 944  74
933 932 3929  74
3929 2082 2083  74
2094 2095 3930  74
3930 945 944  74
3931 930 2080  74
3931 2082 3929  74
3932 2084 2085  74
3932 935 934  74
3930 2096 3933  74
3933 2097 2062  74
941 940 3934  74
2091 3937 2090  74
3935 935 3932  74
3935 2086 2087  74
3936 2094 3930  74
3936 941 3934  74
3937 939 938  74
2089 3938 2088  74
3938 936 3935  74
3938 2089 3937  74
3946 913 2098  75
3942 917 3939  75
3946 915 914  75
2101 3946 2100  75
2099 2098 147  75
2099 3946 2098  75
2103 3942 3939  75
919 3942 3941  75
917 3942 918  75
2105 3942 2104  75
87 2098 913  75
2103 3939 2102  75
3942 919 918  75
3939 917 916  75
915 3946 3939  75
913 3946 914  75
921 3943 922  75
3941 921 920  75
3947 926 925  75
923 3945 924  75
924 3947 925  75
2109 3945 3943  75
926 3940 927  75
929 2116 86  75
3944 928 3940  75
929 3944 2116  75
3944 929 928  75
926 3947 3940  75
2109 3943 2108  75
3943 921 3941  75
2110 3947 3945  75
2107 3943 3941  75
2107 3941 2106  75
2115 3944 2114  75
3947 2110 2111  75
2116 2115 148  75
2114 3940 2113  75
2112 3947 2111  75
916 915 3939  75
3939 2101 2102  75
2112 2113 3940  75
3940 928 927  75
920 919 3941  75
3941 2105 2106  75
3942 2103 2104  75
3942 2105 3941  75
3943 2107 2108  75
3943 923 922  75
3940 2114 3944  75
3944 2115 2116  75
3945 923 3943  75
3945 2109 2110  75
3946 2099 2100  75
3946 2101 3939  75
3947 2112 3940  75
3947 924 3945  75
902 3953 3952  76
2119 3955 3948  76
3955 2121 3953  76
3952 904 903  76
3948 898 897  76
2119 3948 2118  76
2117 3948 2116  76
3953 901 900  76
900 3955 3953  76
2123 3953 2122  76
3954 904 3952  76
896 3948 897  76
2117 2116 148  76
898 3955 899  76
2116 896 86  76
3955 900 899  76
904 3954 905  76
3953 902 901  76
2122 3953 2121  76
906 3949 907  76
906 3954 3949  76
2129 3949 2128  76
2131 3950 2130  76
912 3951 2098  76
3951 2133 2098  76
912 2098 87  76
3950 2129 2130  76
3951 2131 2132  76
3954 2125 2126  76
2125 3952 2124  76
908 3950 909  76
2125 3954 3952  76
147 2098 2133  76
2127 3954 2126  76
2131 3951 3950  76
2129 3950 3949  76
2133 3951 2132  76
910 3951 911  76
3948 896 2116  76
3948 2117 2118  76
2127 2128 3949  76
3949 908 907  76
3950 910 909  76
3950 908 3949  76
3951 912 911  76
3951 910 3950  76
903 902 3952  76
3952 2123 2124  76
2121 3955 2120  76
3953 2123 3952  76
3954 2127 3949  76
3954 906 905  76
3955 898 3948  76
3955 2119 2120  76
3986 2151 150  77
3963 2149 2148  77
2145 3987 2146  77
3969 3963 3968  77
1277 3970 1278  77
132 3973 1797  77
2146 3963 2147  77
1798 3987 3976  77
3976 3958 1799  77
3987 3963 2146  77
3963 3987 3973  77
2143 3976 2144  77
3976 2143 3958  77
2141 3965 3958  77
3958 3965 1800  77
3958 2143 2142  77
106 3959 1268  77
3985 2139 3984  77
3983 2136 2135  77
3971 107 1268  77
2134 3983 2135  77
107 3977 3967  77
3984 3971 3959  77
3985 3984 3959  77
3984 2136 3971  77
2139 3985 3965  77
1800 3985 1801  77
2163 3982 2164  77
3980 2162 3956  77
2164 3982 3978  77
1272 3979 3974  77
2165 3978 3974  77
2165 3974 2166  77
1273 3978 1274  77
3979 2166 3974  77
2167 3979 3967  77
2167 3967 149  77
3978 2165 2164  77
1278 3981 108  77
1276 3980 3956  77
2158 3981 2159  77
3981 2160 2159  77
108 3966 1279  77
2160 3981 3970  77
2161 3956 2162  77
108 3981 3966  77
2161 3970 3956  77
3963 3969 2149  77
2153 3975 2154  77
3957 3961 3960  77
3986 150 3969  77
3961 3975 3960  77
2151 3986 3964  77
2152 3964 3960  77
3972 3975 3962  77
1280 3962 3961  77
2157 3972 3966  77
1803 3986 3968  77
109 3961 1802  77
2152 3960 2153  77
1277 1276 3956  77
2162 3980 2163  77
3986 3969 3968  77
1803 1802 3957  77
1800 1799 3958  77
3958 2142 2141  77
3959 3971 1268  77
3959 106 1801  77
3961 3957 1802  77
2155 3975 3972  77
3961 109 1280  77
3975 2153 3960  77
3962 1280 1279  77
2155 3972 2156  77
2148 2147 3963  77
3968 3963 3973  77
3957 3960 3964  77
3964 2152 2151  77
3965 2141 2140  77
2140 2139 3965  77
2158 2157 3966  77
3966 3962 1279  77
1271 107 3967  77
149 3977 2134  77
3973 132 1804  77
1804 1803 3968  77
3969 150 2150  77
2150 2149 3969  77
3970 1277 3956  77
3970 2161 2160  77
2136 3984 2137  77
2136 3983 3971  77
3962 3966 3972  77
3972 2157 2156  77
3973 1798 1797  77
3973 1804 3968  77
1273 1272 3974  77
3979 2167 2166  77
3975 3961 3962  77
3975 2155 2154  77
1799 1798 3976  77
2144 3987 2145  77
3977 149 3967  77
3977 107 3971  77
1274 3982 1275  77
3978 1273 3974  77
3979 1272 1271  77
1271 3967 3979  77
3980 1276 1275  77
3982 2163 3980  77
3981 2158 3966  77
3981 1278 3970  77
3980 1275 3982  77
3982 1274 3978  77
3983 2134 3977  77
3977 3971 3983  77
3984 2139 2138  77
2138 2137 3984  77
3959 1801 3985  77
3985 1800 3965  77
3986 1803 3957  77
3957 3964 3986  77
3987 2144 3976  77
3987 1798 3973  77
4025 1731 1730  78
4647 1725 4616  78
2100 4696 2101  78
1665 4021 1666  78
4429 4057 4265  78
4167 1770 1769  78
4084 4640 4557  78
1724 4515 4107  78
4569 1782 1781  78
1582 4632 1583  78
2051 4359 2052  78
2187 4757 4193  78
4806 4559 4109  78
4525 1698 4446  78
1585 4809 1586  78
4004 4668 4220  78
1577 4456 1578  78
1608 1780 1607  78
1746 4806 1747  78
1629 4120 1628  78
4431 1628 4120  78
1661 4800 4003  78
4398 1672 1671  78
1938 4166 1939  78
1631 4047 1630  78
4517 4337 4000  78
4249 4201 4235  78
1780 1606 1607  78
4413 1476 4149  78
1428 4334 4009  78
4391 1475 4413  78
4394 1433 4086  78
4022 1929 1928  78
4173 1435 1436  78
1940 4726 1941  78
4460 4799 4614  78
1444 4460 1443  78
4009 4400 4094  78
1716 4692 1717  78
1411 4429 4383  78
1773 4673 1774  78
4017 1773 1772  78
130 4135 1706  78
4429 4714 4067  78
148 4716 2117  78
4098 4781 4106  78
1714 4684 1715  78
4704 4438 3991  78
4175 4233 4085  78
1641 4654 4240  78
4085 4097 3996  78
1717 4572 1718  78
1719 4262 1720  78
1514 4702 4645  78
1636 4251 1637  78
1675 4211 4002  78
4163 4516 4246  78
4601 1651 4407  78
4113 4310 1820  78
2066 4090 2067  78
4615 2069 4091  78
4681 113 4511  78
4466 4264 4171  78
4178 4811 4609  78
1338 4681 4016  78
1828 4811 4178  78
1346 4511 1345  78
4491 4747 4649  78
1589 4145 4041  78
1576 4822 4117  78
4471 4733 3989  78
4008 4399 1812  78
4610 4395 4471  78
4362 1350 4187  78
4515 4435 4227  78
4435 4515 1723  78
4556 4025 4078  78
1726 4647 4089  78
2174 4336 2175  78
2172 4616 2173  78
2174 4616 4336  78
4647 1726 1725  78
2176 4336 4107  78
4515 2178 4107  78
1724 4336 1725  78
2178 4515 2179  78
2180 4515 4227  78
2180 4227 2181  78
4490 2186 2185  78
4750 152 2184  78
152 4750 4490  78
2182 4227 4042  78
2183 4750 2184  78
4193 4757 4113  78
2186 4490 4757  78
4310 4757 4490  78
4418 2034 2033  78
4695 143 4253  78
4472 2032 2031  78
2025 3993 2026  78
2025 4695 3993  78
2170 4214 2171  78
4765 2169 4761  78
4549 4765 4761  78
4765 2170 2169  78
2060 4253 2061  78
4010 4814 4272  78
2046 4563 4039  78
2059 4253 2060  78
4758 4131 4739  78
4549 4343 4089  78
4520 1730 1729  78
2028 4502 2029  78
4695 4253 4092  78
4657 4496 4455  78
2027 4222 2028  78
2032 4472 4418  78
4814 4010 2200  78
4222 2027 3993  78
2030 4347 2031  78
4668 4100 4220  78
4668 4659 4100  78
1291 4503 4267  78
4503 4710 4072  78
2091 4176 2092  78
4661 4712 4405  78
4508 1286 1285  78
4039 4421 4520  78
144 4712 4563  78
4234 4712 2041  78
4710 1287 4508  78
4508 1287 1286  78
1287 4710 1288  78
4039 4563 4421  78
4749 110 4550  78
2046 4039 2047  78
1285 4749 4508  78
4101 2048 4039  78
4533 1319 4078  78
1317 4078 1318  78
4343 4549 4092  78
2055 4634 2056  78
2057 4802 2058  78
2049 4101 2050  78
4025 4556 1731  78
4634 2057 2056  78
2059 4802 4213  78
2053 4359 4131  78
2053 4131 2054  78
2051 4423 4359  78
4680 4520 1729  78
1317 4556 4078  78
1728 4758 4739  78
1730 4520 4025  78
4026 4735 4335  78
4426 1300 4335  78
1581 4600 4579  78
4556 1315 4160  78
4270 4531 4361  78
4160 4718 1732  78
1315 4556 1316  78
4718 4160 1313  78
4160 1315 1314  78
4565 4361 4531  78
4718 4531 1732  78
4674 4531 4270  78
4361 1309 4270  78
4653 123 4819  78
1569 1739 1570  78
1565 4593 1566  78
1568 1739 1569  78
1571 1739 1738  78
1739 1571 1570  78
1571 1738 1572  78
1738 1573 1572  78
4308 4671 4557  78
1740 1567 4593  78
4593 1565 4084  78
1740 1568 1567  78
1568 1740 1739  78
4470 4332 3997  78
1738 1574 1573  78
1576 4117 1577  78
4456 1577 4117  78
1579 4600 125  78
4600 1579 4456  78
4388 4640 1597  78
4084 1565 1564  78
4671 1740 4593  78
1743 4308 4282  78
4287 4803 4156  78
4640 4084 1563  78
4632 1584 1583  78
4335 1300 4228  78
4228 4123 4165  78
1734 4763 4623  78
1308 4270 1309  78
1734 4623 1735  78
4114 4026 4335  78
111 4299 1305  78
1306 4299 4247  78
1306 4247 1307  78
4271 4316 4295  78
1584 4148 1585  78
4753 4114 4209  78
4316 4165 4123  78
4780 2086 4630  78
4723 4316 1295  78
1584 4632 4148  78
4457 4456 4172  78
1686 4445 1687  78
4308 1743 1742  78
1597 4640 124  78
1849 4666 4493  78
4125 4459 4384  78
1590 4041 4036  78
4041 1590 1589  78
4351 4641 4046  78
4701 4574 1593  78
4145 1588 1587  78
4145 1589 1588  78
2035 4756 2036  78
2037 4756 4542  78
1291 4267 1292  78
4234 4667 4405  78
4418 2033 2032  78
4578 4720 4713  78
4010 4703 4549  78
2190 4096 2191  78
4096 4617 4611  78
2189 4096 2190  78
4738 4368 2196  78
2192 4170 2193  78
4170 2191 4096  78
2195 4738 2196  78
2191 4170 2192  78
2193 4626 2194  78
4713 4626 4236  78
4004 4780 4389  78
4720 4275 4314  78
1818 4578 4467  78
4503 4072 4389  78
2037 4542 2038  78
1293 4723 1294  78
2034 4418 4031  78
2091 4720 4176  78
4368 4738 4411  78
145 4519 4399  78
2095 4545 4523  78
4368 2198 2197  78
4123 4228 1298  78
4114 4271 4209  78
4545 2095 2094  78
4492 4348 4693  78
4316 4271 4165  78
4523 1814 4519  78
4523 2096 2095  78
4002 1678 1677  78
1743 4282 1744  78
1756 4816 4393  78
1749 4109 1750  78
1754 4816 1755  78
4559 4806 4722  78
1752 4303 1753  78
4650 4363 4356  78
4810 4188 4430  78
4358 4678 4167  78
4454 1669 1668  78
4396 4430 4188  78
1762 4206 1763  78
1767 4358 4167  78
1663 4021 1664  78
4167 1768 1767  78
1656 4373 4245  78
4800 1658 4245  78
1770 4167 4017  78
4260 4652 4080  78
1770 4017 1771  78
1779 4217 1603  78
1775 4770 1776  78
4047 4670 4378  78
1600 4068 1599  78
4770 4576 4068  78
1603 4217 1602  78
1779 1606 1780  78
1606 1779 1605  78
1605 1779 1604  78
1779 1603 1604  78
1780 4290 1781  78
1782 4569 4199  78
4199 4782 4604  78
1609 1780 1608  78
1611 4569 4290  78
4290 1780 1609  78
4068 4217 1778  78
1601 4068 1600  78
4068 1601 4217  78
4068 1778 1777  78
1777 4770 4068  78
4670 4576 4378  78
4670 126 4576  78
1632 4047 1631  78
4047 4378 4182  78
4070 1613 1614  78
4201 1456 1457  78
1782 4199 1783  78
1613 4569 1612  78
4569 1781 4290  78
1465 4000 119  78
4070 1614 127  78
1455 4249 1454  78
1458 4201 1457  78
4235 4201 4266  78
1456 4249 1455  78
1466 4190 4000  78
1466 4000 1465  78
4018 1472 1473  78
4731 1468 1469  78
4248 4018 1786  78
4248 1472 4018  78
4248 4731 1470  78
4731 4190 1468  78
4337 4517 4401  78
1473 4391 4018  78
1472 4248 1471  78
119 4266 1458  78
4146 4796 4354  78
1478 4149 1477  78
4149 1476 1477  78
1476 4413 1475  78
1936 4157 1937  78
1933 1932 3995  78
3995 4628 4087  78
1932 4628 3995  78
1790 4566 4403  78
1937 4229 1938  78
1938 4229 4166  78
1930 4628 1931  78
1934 4063 1935  78
1935 4157 1936  78
4625 4344 4552  78
4173 4086 1435  78
4129 1437 1438  78
4288 1436 1437  78
1435 4086 1434  78
4086 4173 1794  78
1436 4288 4173  78
1430 4334 1429  78
1794 4394 4086  78
4048 1927 1926  78
4394 1430 1431  78
1430 4394 4334  78
1925 4596 4048  78
1428 4009 1427  78
1426 4011 1425  78
1439 4129 1438  78
4307 1439 1440  78
1706 4428 1707  78
1439 4307 4129  78
4055 4510 2012  78
1441 4428 4307  78
2123 2122 4083  78
4276 1403 1404  78
4562 1708 1707  78
1403 4276 4074  78
1402 4428 116  78
4745 4698 4404  78
4065 1417 1418  78
1417 4065 4061  78
4104 4404 4066  78
4512 4548 4285  78
4698 4521 4404  78
4224 1919 1918  78
1413 4714 4429  78
4544 4612 2127  78
1912 4476 4029  78
1912 4029 1913  78
4589 4548 4512  78
137 4726 4372  78
4285 4769 4007  78
1908 4589 1909  78
1416 4061 1415  78
1921 4596 138  78
1919 4416 1920  78
4416 1921 1920  78
4166 1940 1939  78
1478 4369 4149  78
1479 4369 1478  78
4614 4799 4620  78
4596 1925 138  78
1929 4243 1930  78
1925 4048 1926  78
1927 4552 4022  78
1927 4022 1928  78
117 4065 1418  78
4568 4065 4011  78
137 4372 4146  78
137 4146 1905  78
4278 4543 4392  78
1481 4278 1480  78
1906 4142 1907  78
1906 4146 4142  78
1481 4543 4278  78
4476 1912 1911  78
1915 4734 4433  78
2127 4612 2128  78
4484 4383 4265  78
4057 4429 4067  78
1407 1408 4019  78
1710 4664 4280  78
4484 4794 4105  78
4754 2122 2121  78
1413 4429 1412  78
2125 4587 4544  78
1406 4532 1405  78
4532 4019 4105  78
4769 4799 4785  78
2129 4612 4205  78
1622 4332 1621  78
2129 4205 2130  78
1452 4119 4210  78
1449 4319 1448  78
1625 4225 1624  78
1452 4711 4119  78
127 4778 4070  78
4119 4711 4534  78
4743 4366 4537  78
4437 4049 4537  78
1619 4743 1618  78
4462 4360 1897  78
147 4325 3988  78
3988 4706 4150  78
4431 1626 1627  78
4760 4554 4447  78
1621 4366 1620  78
4306 4716 1713  78
2122 4754 4083  78
4546 1916 4433  78
4734 1913 4029  78
4285 4544 4412  78
4067 4404 4132  78
4544 4285 4007  78
4740 4685 4169  78
4785 1448 4319  78
4169 4612 4007  78
1712 4808 4306  78
2118 4716 4306  78
4306 1713 1712  78
4778 1618 4743  78
4230 4075 4001  78
1451 4052 1450  78
4685 4119 4534  78
4779 2120 2119  78
4083 4754 4280  78
2096 4523 4519  78
2096 4519 2097  78
4180 4495 1893  78
4462 1895 4099  78
1894 4495 4099  78
3997 1622 1623  78
3988 2100 2099  78
4716 2118 2117  78
4684 148 2115  78
4684 4716 148  78
4684 4692 1716  78
2114 4692 4684  78
2112 4692 2113  78
4696 4013 4192  78
1970 4575 1971  78
4329 2108 4124  78
1489 4175 1490  78
4793 4013 4244  78
4013 4793 4192  78
4244 4390 4085  78
2107 4444 4124  78
4560 4244 3996  78
4655 4410 4289  78
4807 4329 4572  78
4621 3998 1531  78
4262 4621 4376  78
4245 1658 1657  78
4181 4106 4108  78
4180 4505 4064  78
4793 2103 4192  78
4033 4561 4133  78
4506 1496 4370  78
4506 1498 1497  78
2105 4793 4444  78
4540 4133 4561  78
4444 4793 4560  78
1494 4561 4370  78
1537 4469 1538  78
1968 4420 1969  78
4621 1531 1530  78
3998 1533 1532  78
1534 4646 4608  78
1536 4608 4381  78
4646 1534 1533  78
4608 1536 1535  78
1947 4773 1948  78
1489 4233 4175  78
1978 4597 1979  78
1487 4497 4233  78
1981 4255 4071  78
4071 139 1981  78
1519 4350 1520  78
4452 1947 1946  78
4573 1959 1958  78
4573 1958 4024  78
4497 4637 4522  78
4240 4637 4350  78
4767 4177 4637  78
4700 4479 4417  78
4801 4037 4144  78
4654 1640 4530  78
1965 4468 1966  78
4138 1541 1540  78
1487 4233 1488  78
139 4487 1945  78
4255 1981 1980  78
4177 4728 4564  78
4570 4679 4655  78
4791 1976 1975  78
4567 4746 4223  78
1976 4219 4038  78
4233 4497 4097  78
4728 4255 4597  78
4197 4102 4223  78
4420 1968 4410  78
4469 1539 1538  78
4602 1973 1972  78
1973 4746 1974  78
4410 4655 4134  78
1541 4819 123  78
4420 4575 1970  78
1539 4138 1540  78
1528 4820 4376  78
4174 4820 1526  78
4820 1528 1527  78
4376 4727 4262  78
1526 4820 1527  78
4762 1560 4592  78
4174 1526 1525  78
4304 1551 1550  78
4762 122 1561  78
122 4762 4174  78
1965 4590 4468  78
4741 4417 4251  78
4742 4251 4417  78
4468 4590 4289  78
4819 1541 4138  78
3999 1554 1553  78
4417 4741 4653  78
1549 4304 1550  78
4304 3999 1551  78
1551 3999 1552  78
3999 4268 1554  78
4419 4682 4592  78
4419 1556 4268  78
1560 4762 1561  78
4419 4268 4111  78
1634 4268 1635  78
1554 4268 1555  78
1556 4419 1557  78
3999 1553 1552  78
4268 1556 1555  78
1959 4037 1960  78
1634 4682 4111  78
4742 4024 4140  78
4237 1954 1953  78
1950 4669 1951  78
4524 1518 1517  78
4486 4719 4669  78
1957 4024 1958  78
4024 1956 3990  78
3990 1956 1955  78
1956 4024 1957  78
1953 4719 4237  78
1954 4237 3990  78
4719 1951 4669  78
4530 1639 4486  78
4676 4654 4530  78
1509 4321 1510  78
4524 1519 1518  78
1519 4524 4350  78
1517 4526 4524  78
4526 1517 1516  78
4789 1878 4639  78
1649 4708 4168  78
1299 4228 1300  78
4256 4772 4547  78
1514 4645 1515  78
4355 1510 4321  78
4826 4823 4164  78
4823 4826 4321  78
1511 4355 1512  78
1516 4645 4526  78
4702 1512 4355  78
4781 4064 4636  78
4191 4751 4724  78
4108 1887 1886  78
1886 4594 4108  78
4191 1507 1506  78
1500 4257 1501  78
1508 4535 4365  78
1509 4365 4321  78
4724 4788 4183  78
4269 4349 4012  78
4547 4790 4514  78
4594 4790 4539  78
4256 4708 1648  78
4519 145 2097  78
4108 4594 4539  78
4804 4012 4787  78
1500 4349 4257  78
4772 4181 4547  78
1498 4349 1499  78
1891 4180 1892  78
4751 4191 1505  78
1887 4643 1888  78
4080 4330 4112  78
1866 4737 1867  78
1899 4328 1900  78
1865 4513 1866  78
4330 4254 4309  78
4328 4360 4311  78
4015 135 1901  78
1626 4431 4263  78
1654 4373 1655  78
1651 4601 1652  78
4737 1868 1867  78
1868 4737 4432  78
1869 4432 4030  78
4432 1869 1868  78
1873 4485 4478  78
4407 4694 3992  78
1650 4482 4443  78
1874 4478 4200  78
4478 4485 4482  78
1869 4030 1870  78
4639 1877 4583  78
1874 4200 1875  78
1649 4482 1650  78
4583 4200 4168  78
4168 4708 4583  78
1664 4021 1665  78
4454 1666 4021  78
1666 4454 1667  78
1761 4206 1762  78
4385 4652 4603  78
4260 4231 4311  78
4147 1761 1760  78
4527 4677 4327  78
4003 4800 4126  78
4003 4635 4021  78
4800 4245 4126  78
1672 4398 4211  78
4003 1663 1662  78
4393 1758 1757  78
4058 4414 4221  78
4147 4715 4406  78
4816 4715 4393  78
1764 4358 1765  78
1670 4398 1671  78
1669 4398 1670  78
1679 4005 1680  78
1758 4393 4147  78
1673 4211 1674  78
4363 4631 4382  78
1680 4005 1681  78
1682 4156 1683  78
1675 4002 1676  78
4006 4279 4500  78
1678 4005 1679  78
4666 1847 4571  78
4137 4326 4312  78
1837 4357 4185  78
4803 1686 1685  78
1751 4303 1752  78
4445 4500 4775  78
1681 4156 1682  78
4103 4320 4196  78
4264 4732 4171  78
2081 4449 4264  78
145 4399 2063  78
1813 4519 1814  78
2064 4399 4008  78
1811 4207 4008  78
2065 4207 2066  78
2066 4207 4090  78
4663 4163 4641  78
4141 4351 4060  78
2068 4091 2069  78
4207 2065 4008  78
2010 4055 2011  78
1324 4498 4296  78
4103 4317 4045  78
4577 4688 4044  78
1326 4498 1325  78
4465 4488 2016  78
4633 2073 2072  78
1331 4305 1330  78
4091 2068 4090  78
4342 3994 4465  78
4090 2068 2067  78
4733 4121 3989  78
4744 4121 4436  78
1809 4461 4207  78
1365 4733 4471  78
1364 4471 4395  78
4121 1367 1368  78
4121 1368 1369  78
4683 4364 4436  78
4208 4744 4494  78
4461 4501 4014  78
4317 2077 2076  78
4803 1685 1684  78
2082 4241 2083  78
1855 4516 4184  78
1855 4184 1856  78
1853 4516 1854  78
4516 4163 4184  78
2077 4729 2078  78
4441 4273 4292  78
1330 4305 4239  78
1328 1329 4239  78
4044 4441 4196  78
4317 4729 2077  78
1330 4239 1329  78
4511 1346 4374  78
4681 4707 4016  78
4261 4077 4088  78
1338 4016 1337  78
4076 1861 1860  78
4077 1333 1334  78
4076 1860 1859  78
1695 4155 4082  78
1857 4367 1858  78
1858 4367 4076  78
4274 1825 133  78
4662 1825 4274  78
4445 1686 4415  78
1846 4571 1847  78
1847 4666 1848  78
4118 4493 4302  78
4302 4246 4118  78
1852 4246 1853  78
4279 4775 4500  78
4185 4627 1839  78
1841 4627 4242  78
134 4690 1845  78
4690 4571 1846  78
4081 4609 4226  78
4606 4178 4284  78
1825 4662 1826  78
4811 1826 4662  78
4606 1829 4178  78
4284 4609 4161  78
4110 4185 4357  78
4110 4204 4185  78
4357 1837 1836  78
1837 4185 1838  78
4059 1834 1833  78
1831 4606 4053  78
1691 4284 4161  78
1834 4059 4043  78
1690 4764 4322  78
4059 1833 4053  78
1691 4081 1692  78
4387 4810 4430  78
1996 4346 1997  78
1352 4187 1351  78
4353 1354 4339  78
1351 4187 1350  78
1350 4362 1349  78
4595 4082 4374  78
1347 4374 1346  78
4511 4374 4422  78
4353 4339 1697  78
4187 1352 4353  78
1992 4705 4128  78
4341 4446 1698  78
4815 1386 1387  78
4624 1394 4297  78
1701 4581 1702  78
1992 4128 1993  78
1701 4730 4023  78
4730 4054 4580  78
4580 1996 1995  78
1996 4580 4346  78
112 4250 1361  78
4128 1994 1993  78
1994 4580 1995  78
1354 4353 1353  78
1356 4341 4339  78
4341 1356 1357  78
4250 4296 4202  78
4202 4427 4250  78
1359 4792 4198  78
4198 1357 1358  78
2007 4821 4028  78
4825 4028 4821  78
1699 4525 4054  78
4044 4318 4273  78
4296 1322 1323  78
4510 4465 2014  78
2014 4465 2015  78
4296 4498 4318  78
4440 2009 4028  78
4116 4825 4771  78
2007 4028 2008  78
2073 4633 4320  78
4440 4055 2010  78
2017 4488 4409  78
1374 4079 1373  78
2018 4409 4298  78
2019 4480 2020  78
1985 4619 4331  78
4453 4488 3994  78
4331 4619 4439  78
115 4725 1378  78
4375 4638 4525  78
2005 4771 2006  78
4638 4375 4315  78
4346 4638 4300  78
2001 4315 4130  78
1998 4300 1999  78
4315 2001 2000  78
4795 1989 1988  78
1989 4795 4186  78
4340 4675 4439  78
4283 4619 4480  78
1385 1386 4215  78
4581 4795 4675  78
4480 4298 4283  78
4818 4152 4725  78
1377 4725 4154  78
4154 4152 4768  78
1374 4115 4079  78
4152 4818 4283  78
4293 4768 4115  78
1362 4598 114  78
1807 4610 4159  78
4598 4610 1806  78
1401 4651 1400  78
4095 4651 4588  78
4598 1362 4395  78
4598 4651 1401  78
1398 4651 4095  78
4624 1392 1393  78
1392 4624 4238  78
4095 4588 1705  78
4095 1396 1397  78
4297 1394 1395  78
1705 4297 4095  78
1394 4624 1393  78
1386 4815 4215  78
4215 4815 4277  78
4509 1390 4238  78
4815 1387 1388  78
1390 4509 1389  78
4238 1390 1391  78
1396 4297 1395  78
1389 4815 1388  78
1805 4588 4324  78
4822 1576 1575  78
3988 2099 147  78
4207 4461 4090  78
4121 4733 1367  78
1955 1954 3990  78
4140 4237 1639  78
4704 4291 4438  78
4329 4291 4572  78
4776 1652 4601  78
4015 1865 135  78
2027 2026 3993  78
2200 4010 2201  78
4633 2071 4615  78
2071 4633 2072  78
1790 4087 1791  78
1933 4063 1934  78
4038 1978 1977  78
2105 4444 2106  78
1623 1624 3997  78
4437 4691 4001  78
1532 1531 3998  78
3998 4621 3991  78
3999 4304 1636  78
1636 1635 3999  78
1785 4401 4153  78
4000 4337 4266  78
1895 4462 1896  78
4035 4706 4447  78
4339 1354 1355  78
1677 1676 4002  78
1662 1661 4003  78
4167 1769 1768  78
2088 4275 2089  78
2088 4780 4275  78
4005 1678 4002  78
1748 4109 1749  78
4312 4308 4137  78
1850 4493 4118  78
4029 4476 4259  78
4769 4169 4007  78
2065 2064 4008  78
4008 1812 1811  78
1426 1427 4009  78
1793 4400 4334  78
151 4761 2168  78
151 2201 4010  78
4011 117 1425  78
4011 1426 4009  78
4505 4180 1891  78
1498 4506 4349  78
2103 4793 2104  78
2102 4696 4192  78
4744 4436 4494  78
4480 2019 4298  78
1901 4328 4015  78
4112 4260 4080  78
1336 4489 1335  78
1336 1337 4016  78
1628 4431 1627  78
4017 1772 1771  78
1475 4391 1474  78
1787 1786 4018  78
4019 4532 1406  78
4019 1406 1407  78
4194 4402 4073  78
1694 4189 4155  78
4021 1663 4003  78
4206 1761 4147  78
4094 4011 4009  78
4400 1793 1792  78
1991 4705 1992  78
1990 1989 4186  78
4024 4742 4573  78
1959 4573 4037  78
1321 4550 110  78
4520 4784 4533  78
4579 4753 4069  78
4172 4623 4457  78
4806 4282 4722  78
4282 4312 4252  78
2009 4440 2010  78
2009 2008 4028  78
4734 1915 1914  78
1913 4734 1914  78
1871 4485 1872  78
1871 1870 4030  78
2035 2034 4031  78
4004 4496 4314  78
4706 3988 4325  78
4052 4210 4119  78
4033 4787 4012  78
1494 4370 1495  78
4073 1331 1332  78
4489 4077 1335  78
4706 4035 4150  78
4075 4230 4136  78
4036 1592 1591  78
1591 1590 4036  78
4742 4417 4144  78
1960 4801 1961  78
1977 1976 4038  78
4687 4097 4564  78
2048 4101 2049  78
2048 2047 4039  78
1417 4061 1416  78
4416 4596 1921  78
4477 4748 4056  78
4326 4701 4348  78
2183 2182 4042  78
4227 4435 4379  78
4043 1836 1835  78
1835 1834 4043  78
2074 4320 4045  78
4055 4440 4195  78
2075 4317 2076  78
2075 2074 4045  78
4783 4056 4475  78
2082 4264 4241  78
1630 4120 1629  78
4770 1777 1776  78
4625 4552 4048  78
4139 4568 4094  78
4332 4470 4437  78
4075 4812 4049  78
1897 4360 1898  78
4035 4232 4150  78
1758 4147 1759  78
1669 4454 4398  78
4612 4136 4205  78
1450 4319 1449  78
4053 1833 1832  78
1832 1831 4053  78
1997 4300 1998  78
4054 1700 1699  78
2012 4510 2013  78
2012 2011 4055  78
4582 4058 4396  78
4693 4701 4036  78
4306 4808 4779  78
1409 4484 1408  78
1683 4803 1684  78
4005 4414 4058  78
4322 4284 1690  78
4764 4357 4043  78
4648 4748 4477  78
4046 4641 4281  78
1415 4714 1414  78
4061 4104 4066  78
4333 4231 4112  78
4672 4333 4380  78
4063 1933 3995  78
4063 4566 4157  78
4064 4505 4636  78
4505 4643 4636  78
4065 117 4011  78
4568 4104 4065  78
4066 4067 4714  78
4061 4714 1415  78
4587 2123 4083  78
4057 4132 4083  78
126 4670 1633  78
1599 4576 1598  78
4766 4780 4630  78
1643 4702 4355  78
4604 4812 4337  78
4569 1613 4070  78
4497 1487 1486  78
4717 4637 4497  78
1289 4503 1290  78
4710 4503 1289  78
1332 4261 4073  78
4450 4591 4212  78
1708 4562 4127  78
4074 1402 1403  78
4075 4049 4001  78
2132 4325 2133  78
1859 1858 4076  78
4184 4663 4507  78
4077 1334 1335  78
4077 4489 4088  78
1319 4533 1320  78
1319 1318 4078  78
1372 4364 1371  78
1372 1373 4079  78
1658 4800 1659  78
4080 4652 4050  78
1861 4294 4274  78
1692 4189 1693  78
1347 4595 4374  78
4082 1696 1695  78
4280 1711 1710  78
2123 4587 2124  78
1564 1563 4084  78
1741 4308 1742  78
1493 4561 1494  78
1492 4540 1493  78
1433 4394 1432  78
1433 1434 4086  78
4087 4403 3995  78
4628 1930 4243  78
4077 4261 1333  78
4489 1336 4016  78
2170 4765 4214  78
4253 143 2061  78
1809 4207 1810  78
4115 4501 4481  78
4501 4152 4014  78
2069 4615 2070  78
4695 2025 143  78
4343 4092 4213  78
1688 4110 1689  78
1688 1687 4093  78
4400 1792 4139  78
4552 4243 4022  78
1397 1398 4095  78
4651 1398 1399  78
4611 4236 4170  78
4193 4113 4617  78
1945 4487 4452  78
4687 4560 3996  78
4098 4474 4050  78
4257 4788 4724  78
4603 4495 4385  78
4099 1895 1894  78
4234 2041 2040  78
2039 4542 4234  78
4680 4039 4520  78
2050 4423 2051  78
4746 4602 4223  78
2107 4124 2108  78
4688 4464 4044  78
4402 4441 4292  78
4104 4061 4065  78
4104 4568 4040  78
4664 1708 4127  78
4664 4057 4280  78
4643 4505 1889  78
4643 1889 1888  78
4107 2178 2177  78
2177 2176 4107  78
4181 4772 4644  78
4106 4181 4098  78
1751 1750 4109  78
4252 4722 4282  78
4764 4110 4357  78
4110 1688 4093  78
4682 1634 129  78
4592 1558 4419  78
4245 4518 4386  78
1653 4373 1654  78
2187 4193 2188  78
4113 1820 1819  78
1298 4228 1299  78
4459 4148 4069  78
1374 4293 4115  78
4584 4152 4453  78
4318 4044 4464  78
4821 2007 2006  78
1574 4822 1575  78
1737 1736 4117  78
4118 1852 1851  78
1851 1850 4118  78
4711 1454 4249  78
4169 4685 4451  78
4120 1630 4047  78
1625 4263 4225  78
4121 4683 4436  78
4683 1371 4364  78
4474 4309 4254  78
4629 4182 4408  78
4123 1298 1297  78
1297 1296 4123  78
4329 4124 4291  78
2108 4329 2109  78
4145 4809 4473  78
2085 4805 4630  78
4126 4386 4345  78
4678 4777 4017  78
1708 4664 1709  78
4105 4562 4532  78
4705 1991 4186  78
4023 4730 4705  78
4129 4307 4135  78
4428 1402 4074  78
4130 2005 142  78
142 2001 4130  78
2055 2054 4131  78
4483 4680 1729  78
4132 4057 4067  78
1915 4433 1916  78
4133 4787 4033  78
4390 1491 4175  78
1539 4469 4138  78
4575 4420 4134  78
4135 130 1795  78
4129 4541 4288  78
4032 4075 4136  78
2132 4338 4325  78
4388 1597 1596  78
4701 4326 4574  78
4679 4138 4469  78
4655 4289 4570  78
4139 1792 1791  78
4243 1929 4022  78
4024 3990 4140  78
4140 1639 1638  78
4449 2081 146  78
4729 4317 4212  78
1908 1907 4142  78
4460 118 1442  78
4414 4387 4221  78
1672 4211 1673  78
1547 4741 4586  78
1961 4801 4504  78
1587 4809 4145  78
4148 4632 4069  78
4146 1906 1905  78
4543 1481 118  78
1760 1759 4147  78
4323 4715 4613  78
4148 4459 4162  78
4473 4162 4458  78
4369 1479 4278  78
4686 4709 1788  78
4232 4474 4098  78
3988 4696 2100  78
4120 4047 4151  78
4182 4629 4151  78
4488 2017 2016  78
4501 4768 4152  78
1468 4190 1467  78
4153 1786 1785  78
1376 4293 1375  78
1376 1377 4154  78
4155 1695 1694  78
4189 4422 4155  78
4156 1681 4005  78
4005 4287 4156  78
4157 1935 4063  78
4157 4566 4229  78
4169 4769 4740  78
4521 4158 4412  78
1807 4208 1808  78
4471 1364 1365  78
1314 1313 4160  78
4160 1732 1731  78
4081 1691 4161  78
1829 1828 4178  78
4809 1585 4148  78
4459 4125 4458  78
1856 4367 1857  78
4246 4302 4281  78
1645 1644 4164  78
4535 1508 1507  78
4459 4458 4162  78
4384 4209 4258  78
4709 4369 4392  78
4369 4278 4392  78
4358 1764 4206  78
4309 4677 4518  78
4583 1876 4200  78
4200 4478 4168  78
4685 4740 4319  78
4032 4136 4451  78
4236 4611 4467  78
4626 2193 4170  78
4783 4125 4171  78
4125 4783 4475  78
4172 4117 1736  78
1736 1735 4172  78
4541 4129 4135  78
1795 1794 4173  78
1525 122 4174  78
1721 4762 1722  78
1491 4390 1492  78
1491 1490 4175  78
2093 4545 2094  78
2093 2092 4176  78
4177 4564 4522  78
1486 4717 4497  78
4609 4284 4178  78
1829 4606 1830  78
4179 4151 4629  78
4230 4585 4447  78
4495 1894 1893  78
1893 1892 4180  78
1647 4772 4256  78
4232 4098 4804  78
4151 4047 4182  78
4673 4408 4182  78
4183 1646 1645  78
1645 4164 4183  78
4660 4034 4194  78
4367 1856 4184  78
1839 4627 1840  78
1839 1838 4185  78
4186 4795 4023  78
4186 1991 1990  78
4187 4353 1696  78
1696 4082 4187  78
4188 4559 4558  78
4252 4748 4558  78
4189 1694 1693  78
4189 1692 4081  78
4190 1466 1467  78
4190 4731 4153  78
4164 4724 4183  78
4191 1506 1505  78
2103 2102 4192  78
4696 4232 4013  78
2189 4617 4096  78
2189 2188 4193  78
4194 4073 4088  78
4016 4707 4489  78
4428 1441 116  78
4553 3994 4342  78
4441 4402 4034  78
4320 4103 4045  78
4736 4102 4197  78
4102 4736 4124  78
1358 1359 4198  78
4427 4525 4446  78
4337 4235 4266  78
1784 4604 4401  78
1876 4583 1877  78
1876 1875 4200  78
1458 4266 4201  78
4743 4782 4778  78
1322 4250 112  78
4296 4250 1322  78
1295 4316 1296  78
4203 4766 4258  78
4204 4110 4093  78
1841 4242 134  78
2130 4338 2131  78
4136 4612 4451  78
1764 1763 4206  78
4715 4323 4051  78
4207 1811 1810  78
4461 4014 4091  78
4208 1809 1808  78
4208 1807 4159  78
4114 4753 4026  78
4271 4114 4165  78
4210 4052 1451  78
1451 1452 4210  78
4211 1675 1674  78
4143 4398 4313  78
4103 4450 4317  78
4301 4141 4591  78
4802 4634 4752  78
4634 2055 4131  78
4616 2172 4647  78
2172 2171 4214  78
1987 4795 1988  78
4215 115 1385  78
4323 4817 4051  78
4109 4551 4303  78
1601 1602 4217  78
4217 1779 1778  78
4551 4559 4216  78
4058 4582 4287  78
4038 4567 4564  78
1976 4791 4219  78
4756 4031 4622  78
4004 4656 4496  78
4387 4697 4371  78
4371 4218 4387  78
2029 4347 2030  78
4814 4368 4759  78
4746 1973 4602  78
4223 4575 4197  78
4404 4104 4040  78
1918 4546 4224  78
3997 1624 4225  78
4263 4689 4225  78
4747 4607 4649  78
4081 4747 4189  78
4227 4379 4042  78
4227 2182 2181  78
4165 4114 4228  78
1300 4426 1301  78
4229 1937 4157  78
4566 4658 4229  78
4629 4760 4585  78
4205 4448 4338  78
4333 4672 4231  78
4328 4311 4231  78
4012 4804 4269  78
4232 4696 4150  78
4097 4085 4233  78
4233 1489 1488  78
2040 2039 4234  78
4667 4220 4100  78
4032 4812 4075  78
4249 1456 4201  78
4467 4578 4236  78
4176 4578 4545  78
1639 4530 1640  78
4237 4140 3990  78
1391 1392 4238  78
4238 1704 1703  78
4239 4402 4292  78
1328 4555 1327  78
4487 139 4071  78
4350 4524 4240  78
2084 2083 4241  78
4264 4466 4241  78
4627 1841 1840  78
4351 4500 4415  78
4243 4552 4344  78
4087 4344 1791  78
4244 4787 4133  78
4244 4085 3996  78
4677 4309 4327  78
4245 1657 1656  78
4246 1852 4118  78
4281 4302 4046  78
1307 4270 1308  78
4735 4026 4499  78
1786 4153 4248  78
4248 1470 1471  78
4235 4032 4249  78
1454 4711 1453  78
4792 4250 4427  78
1361 4792 1360  78
1547 4586 1548  78
4801 1960 4037  78
4036 4701 1592  78
4748 4648 4027  78
4253 2059 4213  78
4213 4092 4253  78
4080 4050 4254  78
4309 4554 4327  78
4255 1980 1979  78
1979 4597 4255  78
1881 4594 136  78
4256 1648 1647  78
1501 4751 121  78
4349 4536 4257  78
4295 4258 4271  78
4384 4766 4466  78
4412 4512 4285  78
4259 4734 4029  78
4260 4112 4231  78
4311 4462 4062  78
4088 4073 4261  78
4261 1332 1333  78
1720 4727 1721  78
4262 4704 3991  78
4263 1625 1626  78
4431 4120 4151  78
4264 2082 2081  78
4732 4264 4449  78
4127 4794 4664  78
4484 1409 4383  78
4266 119 4000  78
4812 4032 4235  78
1293 1292 4267  78
4203 4503 4389  78
4268 3999 1635  78
4268 1634 4111  78
4644 4804 4098  78
4644 4098 4181  78
1309 4361 1310  78
4270 1307 4247  78
4258 4295 4203  78
4258 4209 4271  78
2198 4814 2199  78
4004 4314 4275  78
4555 4239 4292  78
1326 4555 4498  78
133 1861 4274  78
4274 4294 4226  78
2090 4720 2091  78
2090 2089 4275  78
4562 1707 4074  78
4276 1404 1405  78
1702 4509 1703  78
4581 4340 4277  78
4699 4726 4166  78
4278 1479 1480  78
4690 134 4242  78
4775 4279 4242  78
4057 4664 4265  78
4057 4083 4280  78
4663 4184 4163  78
4163 4246 4281  78
1745 4806 1746  78
1745 1744 4282  78
4818 4340 4439  78
4619 2021 4480  78
4284 1691 1690  78
4284 4322 4053  78
4259 4412 4158  78
1910 4589 4476  78
4461 4091 4090  78
4079 4481 4364  78
4287 4005 4058  78
4582 4605 4287  78
1437 4129 4288  78
4173 4541 1795  78
1967 4468 4410  78
4479 4700 4570  78
4290 1609 1610  78
1610 1611 4290  78
1534 4608 1535  78
2112 4807 4692  78
4441 4044 4273  78
4239 4555 1328  78
4293 1374 1375  78
4293 1376 4154  78
4294 1861 4076  78
4189 4491 4020  78
4723 1293 4267  78
4267 4203 4295  78
4296 4318 4202  78
4296 1323 1324  78
4297 1396 4095  78
4297 1705 1704  78
4283 4453 4152  78
4298 2019 2018  78
4299 4499 4247  78
4299 1306 1305  78
4375 4771 4130  78
1999 4315 2000  78
4641 4351 4141  78
4034 4660 4450  78
4006 4302 4493  78
4006 4046 4302  78
4303 1754 1753  78
4303 1751 4109  78
4304 4586 4251  78
4251 1636 4304  78
4305 1331 4073  78
4073 4402 4305  78
2120 4779 4754  78
2118 4779 2119  78
1706 4135 4307  78
4307 1440 1441  78
4137 4557 4640  78
4308 4312 4282  78
4330 4080 4254  78
4554 4309 4474  78
4042 4750 2183  78
1821 1820 4310  78
4360 4462 4311  78
4311 4062 4260  78
4326 4348 4312  78
4252 4492 4056  78
4774 4797 4631  78
4817 4425 4631  78
4272 4528 4463  78
4720 2090 4275  78
4315 1999 4300  78
4427 4116 4375  78
4123 1296 4316  78
4316 4723 4295  78
4317 2075 4045  78
4317 4450 4212  78
4116 4202 4318  78
4498 4292 4273  78
1448 4785 1447  78
4319 1450 4052  78
4320 2074 2073  78
4320 4633 4196  78
1643 4826 1644  78
1510 4355 1511  78
4322 4764 4059  78
4059 4053 4322  78
4817 4323 4665  78
4613 4810 4218  78
1400 4651 1399  78
1805 4598 1806  78
4325 147 2133  78
4448 4205 4136  78
1595 4388 1596  78
4574 4388 1595  78
4386 4677 4618  78
4554 4760 4122  78
4328 4672 4015  78
4328 1901 1900  78
2110 4807 2111  78
2110 2109 4329  78
4518 4245 4373  78
4112 4776 4333  78
4331 1987 1986  78
1986 1985 4331  78
4332 1622 3997  78
4332 4537 4366  78
1653 4776 4373  78
4601 3992 4380  78
4334 1428 1429  78
4334 4394 1793  78
1301 4426 111  78
4335 4228 4114  78
4336 1724 4107  78
4336 2176 2175  78
4153 4517 4190  78
4337 4812 4235  78
4338 2132 2131  78
4338 2130 4205  78
1355 1356 4339  78
1697 4341 1698  78
4725 115 4215  78
4215 4277 4340  78
4341 1697 4339  78
4341 1357 4198  78
4510 2014 2013  78
4584 4577 4014  78
4343 1727 1726  78
1726 4089 4343  78
4139 1791 4344  78
4344 4087 4243  78
4527 4777 4599  78
4774 4631 4425  78
4300 1997 4346  78
4346 4580 4054  78
4347 4502 4455  78
4347 4472 2031  78
4721 4458 4475  78
4312 4492 4252  78
4349 1500 1499  78
4012 4506 4033  78
1521 4538 120  78
1521 1520 4350  78
4605 4648 4060  78
4351 4046 4006  78
1948 4529 1949  78
1948 4773 4529  78
1352 1353 4353  78
4353 1697 1696  78
4142 4589 1908  78
4142 4146 4354  78
1512 4702 1513  78
4355 4321 1643  78
4650 4051 4363  78
4425 4817 4665  78
4357 1836 4043  78
4110 4764 1689  78
4358 1767 1766  78
1766 1765 4358  78
4739 4359 4483  78
4359 2053 2052  78
4360 4328 1899  78
1899 1898 4360  78
4531 4674 1733  78
1310 4565 1311  78
4187 4082 4362  78
1349 4595 1348  78
4798 4377 4599  78
4051 4650 4406  78
1371 4683 1370  78
4364 1372 4079  78
4365 1509 1508  78
4535 1507 4191  78
4366 1619 1620  78
4366 1621 4332  78
4607 4367 4507  78
4076 4607 4294  78
4496 4657 4528  78
4368 2197 2196  78
1789 4709 4658  78
4369 4686 4149  78
1496 4506 1497  78
1496 1495 4370  78
4323 4218 4371  78
4211 4434 4414  78
4372 4726 4424  78
4543 118 4460  78
4373 1656 1655  78
4330 4373 4776  78
4082 4595 4362  78
4082 4155 4374  78
4116 4427 4202  78
4375 4130 4315  78
4376 1530 1529  78
1529 1528 4376  78
4599 4377 4527  78
4442 4797 4345  78
4576 126 1598  78
4182 4770 4673  78
1821 4435 131  78
1821 4310 4379  78
3992 4601 4407  78
4672 4380 4786  78
1537 1536 4381  78
4438 4679 4381  78
4356 4363 4382  78
4774 4454 4021  78
4383 1409 1410  78
1410 1411 4383  78
4805 4766 4630  78
4125 4466 4171  78
4385 4180 4064  78
4781 4652 4385  78
4618 4442 4345  78
4386 4126 4245  78
4810 4559 4188  78
4697 4143 4665  78
4388 4574 4326  78
4326 4137 4388  78
4780 4766 4389  78
4389 4766 4203  78
4175 4085 4390  78
4390 4244 4133  78
4018 4413 1787  78
4391 1473 1474  78
4543 4614 4642  78
4709 4686 4369  78
4393 1757 1756  78
4613 4218 4323  78
1431 1432 4394  78
4394 1794 1793  78
4395 1362 1363  78
1363 1364 4395  78
4058 4221 4396  78
4396 4188 4027  78
4759 4528 4272  78
4814 2198 4368  78
4398 4454 4313  78
4398 4143 4211  78
1813 1812 4399  78
4399 2064 2063  78
4139 4094 4400  78
4400 4009 4334  78
4401 1785 1784  78
4401 4604 4337  78
4402 4239 4305  78
4402 4194 4034  78
4063 3995 4403  78
4403 4087 1790  78
4404 4521 4132  78
4404 4067 4066  78
4563 4661 4421  78
4220 4667 4542  78
4206 4824 4358  78
4206 4147 4406  78
1651 1650 4407  78
4694 4407 4443  78
4408 4673 4017  78
4527 4327 4122  78
4298 4453 4283  78
4409 2018 2017  78
4410 1968 1967  78
4468 1967 1966  78
4626 4713 4411  78
4411 4713 4397  78
2125 4544 2126  78
4521 4698 4158  78
4413 4686 1787  78
4413 4018 4391  78
4414 4005 4002  78
4002 4211 4414  78
4351 4605 4060  78
1686 4803 4415  78
4416 1919 4224  78
4745 4596 4416  78
4251 4742 1637  78
4741 1547 1546  78
4031 4656 4622  78
4656 4004 4622  78
1558 4592 1559  78
1558 1557 4419  78
4410 4134 4420  78
4420 1970 1969  78
4712 4661 4563  78
110 4749 1285  78
4374 4155 4422  78
4422 4189 4020  78
4483 1729 1728  78
4423 2050 4101  78
4726 4699 4424  78
4699 4229 4658  78
4143 4697 4434  78
4143 4313 4425  78
4426 4735 4299  78
4299 111 4426  78
4446 4792 4427  78
4792 1361 4250  78
4074 1707 4428  78
4428 1706 4307  78
4429 4265 4383  78
4429 1411 1412  78
4430 4396 4221  78
4221 4387 4430  78
4151 4179 4431  78
4431 4689 4263  78
4694 4737 4513  78
4485 1873 1872  78
4698 4745 4224  78
1916 4546 1917  78
4387 4414 4434  78
4434 4211 4143  78
1723 131 4435  78
4435 1821 4379  78
4121 4744 3989  78
4436 4364 4286  78
4691 4179 4585  78
4001 4049 4437  78
3991 4646 3998  78
4291 4704 4572  78
4340 4818 4813  78
4331 4439 4675  78
4440 4688 4195  78
4464 4688 4755  78
4441 4034 4103  78
4103 4196 4441  78
4442 4618 4377  78
4442 4798 4382  78
4407 1650 4443  78
4443 4030 4432  78
4124 4560 4102  78
4444 2107 2106  78
4093 4775 4204  78
4093 1687 4445  78
1698 4525 1699  78
4446 4341 4198  78
4554 4122 4327  78
4230 4706 4448  78
4325 4338 4448  78
4448 4136 4230  78
4449 146 2079  78
4729 4732 4449  78
4450 4103 4034  78
4660 4194 4491  78
4451 4612 4169  78
4032 4451 4534  78
1946 1945 4452  78
4487 4071 4177  78
4152 4584 4014  78
4453 4298 4409  78
1668 1667 4454  78
4454 4774 4313  78
4502 4347 2029  78
4528 4314 4496  78
1579 1578 4456  78
4456 4117 4172  78
4026 4763 4499  78
4753 4579 4457  78
4458 4721 4473  78
4809 1587 1586  78
4459 4753 4209  78
4209 4384 4459  78
1442 1443 4460  78
4548 4796 4620  78
4461 1809 4208  78
4286 4461 4494  78
1897 1896 4462  78
4462 4603 4062  78
4222 3993 4463  78
4703 4463 4695  78
4028 4755 4440  78
4464 4116 4318  78
4465 2016 2015  78
4465 4510 4342  78
4466 4125 4384  78
4805 2085 2084  78
4467 4113 1819  78
1819 1818 4467  78
4590 140 4504  78
4289 4410 4468  78
4469 1537 4381  78
4134 4655 4197  78
4470 3997 4225  78
4689 4691 4470  78
3989 4159 4471  78
4610 4598 4395  78
4472 4347 4455  78
4472 4656 4418  78
4041 4721 4693  78
4041 4145 4473  78
4254 4050 4474  78
4474 4232 4035  78
4458 4125 4475  78
4056 4783 4477  78
4476 1911 1910  78
4476 4589 4512  78
4141 4783 4591  78
4141 4060 4477  78
4168 4478 4482  78
4478 1874 1873  78
4144 4417 4479  78
4479 4570 4289  78
2021 4619 141  78
2021 2020 4480  78
4286 4364 4481  78
4481 4079 4115  78
4482 4030 4443  78
4482 1649 4168  78
4359 4739 4131  78
4359 4423 4483  78
4484 4105 4019  78
4019 1408 4484  78
4485 1871 4030  78
4030 4482 4485  78
4486 1639 4237  78
4669 4530 4486  78
4487 4767 4352  78
4352 4452 4487  78
4488 4465 3994  78
4488 4453 4409  78
4707 4491 4194  78
4194 4088 4489  78
2185 152 4490  78
4490 4750 4310  78
4491 4707 4020  78
4607 4663 4649  78
4475 4056 4492  78
4492 4312 4348  78
4493 1850 1849  78
4006 4571 4279  78
4461 4208 4494  78
4494 4436 4286  78
4495 4180 4385  78
4495 4603 4099  78
4472 4455 4496  78
4314 4528 4397  78
120 4717 1485  78
4097 4687 3996  78
4273 4318 4498  78
4498 1324 1325  78
4763 1734 4674  78
4674 1734 1733  78
4500 4445 4415  78
4500 4351 4006  78
4501 4461 4286  78
4286 4481 4501  78
4502 2028 4222  78
4222 4455 4502  78
4503 4203 4267  78
4503 1291 1290  78
140 4590 1965  78
140 1961 4504  78
4505 1891 1890  78
1890 1889 4505  78
4506 4370 4033  78
4506 4012 4349  78
4367 4607 4076  78
4367 4184 4507  78
4661 4784 4421  78
4659 4668 4072  78
4509 4238 1703  78
4509 1702 4277  78
4510 4055 4195  78
4510 4553 4342  78
113 4681 1338  78
113 1345 4511  78
4512 4412 4259  78
4259 4476 4512  78
4513 1865 4015  78
3992 4786 4380  78
4790 4594 1881  78
1880 4790 1881  78
4515 1724 1723  78
4515 2180 2179  78
4516 1855 1854  78
4516 1853 4246  78
4000 4190 4517  78
4517 4153 4401  78
4518 4373 4330  78
4330 4309 4518  78
1814 4523 1815  78
4519 1813 4399  78
4533 4078 4025  78
4039 4680 4101  78
4544 4587 4521  78
4587 4083 4132  78
4097 4497 4522  78
4637 4717 4538  78
4545 2093 4176  78
1816 1815 4523  78
1641 4526 1642  78
1641 4240 4524  78
4525 4427 4375  78
4638 4346 4054  78
4645 1516 1515  78
4526 1641 4524  78
4122 4408 4527  78
4377 4798 4442  78
4463 4657 4222  78
4528 4759 4397  78
4529 1950 1949  78
4452 4352 4773  78
4530 4669 4529  78
4654 1641 1640  78
1733 1732 4531  78
4565 1310 4361  78
4532 4562 4276  78
4276 1405 4532  78
4025 4520 4533  78
1320 4550 1321  78
4119 4685 4052  78
4534 4249 4032  78
4191 4823 4535  78
4365 4535 4823  78
4536 4349 4269  78
4536 4269 4788  78
4366 4743 1619  78
4537 4332 4437  78
4538 1521 4350  78
4522 4637 4177  78
4181 4108 4539  78
4790 1880 4789  78
4540 1492 4390  78
4390 4133 4540  78
4135 1795 4541  78
4541 4173 4288  78
4542 2039 2038  78
4542 4756 4220  78
4642 4796 4372  78
4642 4699 4392  78
4544 2127 2126  78
4544 4521 4412  78
4545 1817 1816  78
1816 4523 4545  78
4433 4224 4546  78
4546 1918 1917  78
4181 4539 4547  78
4547 4514 4256  78
4548 4589 4354  78
4614 4543 4460  78
4010 4549 4761  78
4703 4695 4092  78
4550 1320 4533  78
4533 4784 4550  78
4715 4051 4406  78
4816 1754 4303  78
4552 1927 4048  78
4344 4625 4139  78
4577 4044 4196  78
4553 4510 4195  78
4554 4474 4035  78
4035 4447 4554  78
4292 4498 4555  78
4555 1326 1327  78
4556 1317 1316  78
4556 4160 1731  78
4137 4308 4557  78
4671 4308 1741  78
4558 4027 4188  78
4722 4252 4558  78
4559 4810 4216  78
4559 4551 4109  78
4560 4687 4102  78
4560 4124 4444  78
4561 4033 4370  78
4561 1493 4540  78
4074 4276 4562  78
4562 4105 4127  78
4563 2046 2045  78
2045 144 4563  78
4097 4522 4564  78
4038 4564 4597  78
4531 4718 4565  78
1311 4718 1312  78
4566 4063 4403  78
4566 1790 1789  78
4567 4038 4219  78
4567 4223 4102  78
4011 4094 4568  78
4040 4625 4596  78
4569 1611 1612  78
4569 4070 4199  78
4700 4819 4138  78
4138 4679 4570  78
4571 4690 4279  78
4571 4006 4493  78
1718 4704 1719  78
4807 2110 4329  78
4573 4742 4144  78
4144 4037 4573  78
4574 1595 1594  78
1594 1593 4574  78
4134 4197 4575  78
1971 4602 1972  78
4576 1599 4068  78
4576 4770 4378  78
4615 4091 4014  78
4577 4584 4553  78
4578 1818 1817  78
1817 4545 4578  78
1581 4632 1582  78
4600 1581 125  78
4580 1994 4128  78
4054 4730 1700  78
4277 1702 4581  78
4581 1701 4023  78
4582 4396 4027  78
4648 4477 4060  78
4639 4583 4708  78
1877 4639 1878  78
4584 4453 3994  78
3994 4553 4584  78
4585 4230 4001  78
4691 4689 4179  78
4586 4304 1549  78
1549 1548 4586  78
4132 4521 4587  78
4587 2125 2124  78
4588 1805 128  78
128 1705 4588  78
4589 1910 1909  78
4589 4142 4354  78
4479 4801 4144  78
4479 4289 4590  78
4732 4783 4171  78
4591 4660 4301  78
4682 4762 4592  78
4592 1560 1559  78
1740 4671 1741  78
4593 1567 1566  78
4594 1886 1885  78
1885 136 4594  78
4595 1347 1348  78
4595 1349 4362  78
4596 4745 4040  78
4596 4625 4048  78
4255 4728 4071  78
4597 1978 4038  78
4598 1805 4324  78
4598 1401 114  78
4777 4527 4408  78
4678 4017 4167  78
4600 4456 4457  78
4457 4579 4600  78
1652 4776 1653  78
4601 4380 4333  78
4602 1971 4575  78
4575 4223 4602  78
4652 4260 4062  78
4603 4462 4099  78
4604 1784 1783  78
1783 4199 4604  78
4605 4351 4415  78
4605 4803 4287  78
4284 4053 4606  78
4606 1831 1830  78
4301 4663 4641  78
4294 4747 4226  78
4608 4646 4438  78
4438 4381 4608  78
4226 4662 4274  78
4609 4081 4161  78
4471 4159 4610  78
4610 1807 1806  78
4170 4096 4611  78
4467 4617 4113  78
4612 2129 2128  78
4612 4544 4007  78
4613 4816 4551  78
4551 4216 4613  78
4548 4620 4285  78
4796 4548 4354  78
4014 4577 4615  78
4615 2071 2070  78
1725 4336 4616  78
4616 2174 2173  78
4617 4467 4611  78
4617 2189 4193  78
4345 4386 4618  78
4677 4527 4377  78
4619 4283 4439  78
4619 1985 141  78
4620 4796 4614  78
4799 4460 1444  78
1530 4376 4621  78
4621 4262 3991  78
4004 4220 4622  78
4756 2035 4031  78
4623 4753 4457  78
4623 4172 1735  78
4624 4297 1704  78
1704 4238 4624  78
4625 4040 4568  78
4568 4139 4625  78
2194 4738 2195  78
4626 4170 4236  78
4627 4185 4204  78
4204 4242 4627  78
4243 4087 4628  78
4628 1932 1931  78
4629 4408 4122  78
4629 4585 4179  78
2086 4780 2087  78
2086 2085 4630  78
4126 4797 4635  78
4382 4797 4442  78
4632 1581 4579  78
4579 4069 4632  78
4633 4615 4577  78
4577 4196 4633  78
4634 4758 4752  78
4634 4802 2057  78
4635 4003 4126  78
4797 4382 4631  78
4106 4643 4108  78
4781 4385 4064  78
4538 4350 4637  78
4767 4487 4177  78
4315 4300 4638  78
4638 4054 4525  78
4708 4256 4514  78
1878 4789 1879  78
4640 1563 124  78
4640 4388 4137  78
4141 4301 4641  78
4641 4163 4281  78
4642 4372 4424  78
4642 4392 4543  78
4643 1887 4108  78
4643 4106 4636  78
4183 4772 1646  78
4644 4788 4269  78
4702 1643 1642  78
1642 4526 4645  78
1533 3998 4646  78
4646 3991 4438  78
4647 2172 4214  78
4214 4089 4647  78
4648 4605 4582  78
4582 4027 4648  78
4301 4491 4649  78
4607 4747 4294  78
4824 4206 4650  78
4650 4206 4406  78
4651 4598 4324  78
4324 4588 4651  78
4062 4603 4652  78
4652 4781 4050  78
4653 1546 1545  78
1545 123 4653  78
4654 4676 4352  78
4654 4767 4240  78
4679 4736 4655  78
4655 4736 4197  78
4656 4031 4418  78
4656 4472 4496  78
4455 4222 4657  78
4657 4463 4528  78
4229 4699 4166  78
4658 4566 1789  78
4100 4661 4405  78
4659 4072 4508  78
4491 4301 4660  78
4660 4591 4450  78
4661 4100 4659  78
4784 4659 4749  78
4662 4226 4609  78
1826 4811 1827  78
4663 4301 4649  78
4663 4607 4507  78
4664 1710 1709  78
4265 4664 4794  78
4323 4371 4665  78
4665 4143 4425  78
4571 4493 4666  78
4666 1849 1848  78
4100 4405 4667  78
4667 4234 4542  78
4668 4004 4389  78
4389 4072 4668  78
1951 4719 1952  78
4669 1950 4529  78
4670 4047 1632  78
1632 1633 4670  78
4671 4593 4084  78
4084 4557 4671  78
4015 4786 4513  78
4672 4328 4231  78
4673 1775 1774  78
4673 1773 4017  78
4674 4270 4247  78
4247 4499 4674  78
4675 4340 4581  78
4795 1987 4331  78
4530 4529 4676  78
4676 4773 4352  78
4677 4377 4618  78
4677 4386 4518  78
4678 4824 4356  78
4678 4798 4599  78
4679 4469 4381  78
4679 4438 4291  78
4680 4483 4423  78
4423 4101 4680  78
4681 4511 4422  78
4422 4020 4681  78
4682 4419 4111  78
4682 129 1722  78
4683 4121 1369  78
1369 1370 4683  78
2115 2114 4684  78
4684 1716 1715  78
4319 4052 4685  78
4685 4534 4451  78
1788 1787 4686  78
4686 4413 4149  78
4687 4564 4567  78
4567 4102 4687  78
4688 4577 4553  78
4553 4195 4688  78
4470 4225 4689  78
4689 4431 4179  78
1846 1845 4690  78
4690 4242 4279  78
4585 4001 4691  78
4691 4437 4470  78
4572 1717 4692  78
4692 2114 2113  78
4693 4036 4041  78
4492 4721 4475  78
4443 4432 4694  78
4694 4513 3992  78
4463 4703 4272  78
4463 3993 4695  78
4696 2102 2101  78
4696 3988 4150  78
4665 4371 4697  78
4697 4387 4434  78
4698 4224 4433  78
4433 4158 4698  78
4699 4709 4392  78
4699 4642 4424  78
4417 4653 4700  78
4700 4138 4570  78
1593 1592 4701  78
4701 4693 4348  78
4702 1642 4645  78
4702 1514 1513  78
4092 4549 4703  78
4703 4010 4272  78
4704 4262 1719  78
4704 1718 4572  78
4186 4023 4705  78
4128 4705 4730  78
4706 4325 4448  78
4706 4230 4447  78
4194 4489 4707  78
4707 4681 4020  78
4708 1649 1648  78
4708 4514 4639  78
4709 4699 4658  78
4709 1789 1788  78
1289 1288 4710  78
4710 4508 4072  78
4249 4534 4711  78
4711 1452 1453  78
4712 144 2041  78
4712 4234 4405  78
4236 4578 4713  78
4713 4720 4397  78
4714 1413 1414  78
4714 4061 4066  78
4715 4147 4393  78
4715 4816 4613  78
4716 4684 1714  78
1714 1713 4716  78
4717 1486 1485  78
4717 120 4538  78
4718 1313 1312  78
4718 1311 4565  78
4719 4486 4237  78
4719 1953 1952  78
4314 4397 4720  78
4720 4578 4176  78
4721 4492 4693  78
4721 4041 4473  78
4558 4559 4722  78
4806 1745 4282  78
1295 1294 4723  78
4723 4267 4295  78
4191 4164 4823  78
4751 1505 121  78
4725 4152 4154  78
4725 1377 1378  78
4726 137 1941  78
4726 1940 4166  78
4174 1721 4727  78
4727 1720 4262  78
4597 4564 4728  78
4728 4177 4071  78
4729 4449 2079  78
2079 2078 4729  78
4730 1701 1700  78
4730 4580 4128  78
1469 1470 4731  78
4731 4248 4153  78
4732 4729 4212  78
4212 4591 4732  78
4733 1365 1366  78
1366 1367 4733  78
4734 4259 4158  78
4158 4433 4734  78
4499 4299 4735  78
4735 4426 4335  78
4736 4679 4291  78
4291 4124 4736  78
4737 1866 4513  78
4737 4694 4432  78
4738 2194 4626  78
4626 4411 4738  78
4483 1728 4739  78
4131 4758 4634  78
4785 4799 1445  78
1447 4785 1446  78
4251 4586 4741  78
4741 1546 4653  78
4742 4140 1638  78
1638 1637 4742  78
1618 4778 1617  78
4743 4537 4049  78
4744 4208 4159  78
4159 3989 4744  78
4404 4040 4745  78
4745 4416 4224  78
4746 4567 4219  78
1974 4791 1975  78
4747 4491 4189  78
4747 4081 4226  78
4027 4558 4748  78
4748 4252 4056  78
4659 4784 4661  78
4659 4508 4749  78
4750 4042 4379  78
4379 4310 4750  78
4751 1501 4257  78
4257 4724 4751  78
4343 4758 1727  78
4343 4213 4752  78
4753 4459 4069  78
4753 4623 4026  78
2121 2120 4754  78
4808 1712 1711  78
4688 4440 4755  78
4755 4825 4464  78
4622 4220 4756  78
4756 2037 2036  78
4757 4310 4113  78
4757 2187 2186  78
4758 1728 1727  78
4758 4343 4752  78
4759 4368 4411  78
4411 4397 4759  78
4447 4585 4760  78
4760 4629 4122  78
4761 2169 2168  78
4761 151 4010  78
4762 4682 1722  78
4762 1721 4174  78
4674 4499 4763  78
4763 4026 4623  78
4043 4059 4764  78
4764 1690 1689  78
4765 4549 4089  78
4089 4214 4765  78
4766 4805 4466  78
4766 4384 4258  78
4637 4240 4767  78
4767 4654 4352  78
4768 4501 4115  78
4768 4293 4154  78
4769 4285 4620  78
4785 4319 4740  78
4770 1775 4673  78
4770 4182 4378  78
4771 2005 4130  78
4771 4375 4116  78
4772 1647 1646  78
4772 4183 4644  78
4773 4676 4529  78
4773 1947 4452  78
4425 4313 4774  78
4774 4021 4635  78
4775 4242 4204  78
4775 4093 4445  78
4776 4601 4333  78
4776 4112 4330  78
4408 4017 4777  78
4777 4678 4599  78
4070 4782 4199  78
4778 127 1617  78
4779 2118 4306  78
4754 4808 4280  78
4780 4004 4275  78
4780 2088 2087  78
4636 4106 4781  78
4781 4098 4050  78
4782 4070 4778  78
4782 4743 4049  78
4783 4732 4591  78
4783 4141 4477  78
4749 4550 4784  78
4784 4520 4421  78
4740 4769 4785  78
4785 1445 1446  78
4786 3992 4513  78
4786 4015 4672  78
4787 4244 4013  78
4013 4232 4787  78
4788 4644 4183  78
4788 4257 4536  78
1880 1879 4789  78
4789 4639 4514  78
4789 4514 4790  78
4790 4547 4539  78
4791 1974 4746  78
4746 4219 4791  78
4792 4446 4198  78
4792 1359 1360  78
4244 4560 4793  78
4793 2105 2104  78
4794 4127 4105  78
4794 4484 4265  78
4795 4331 4675  78
4795 4581 4023  78
4796 4146 4372  78
4796 4642 4614  78
4797 4774 4635  78
4797 4126 4345  78
4798 4678 4356  78
4356 4382 4798  78
1444 1445 4799  78
4799 4769 4620  78
4800 1661 1660  78
1660 1659 4800  78
4801 4479 4590  78
4590 4504 4801  78
4752 4213 4802  78
4802 2059 2058  78
4803 1683 4156  78
4803 4605 4415  78
4804 4644 4269  78
4804 4787 4232  78
4805 2084 4241  78
4241 4466 4805  78
4806 4109 1748  78
1748 1747 4806  78
4572 4692 4807  78
4807 2112 2111  78
1711 4280 4808  78
4808 4754 4779  78
4809 4148 4162  78
4162 4473 4809  78
4810 4387 4218  78
4810 4613 4216  78
4662 4609 4811  78
4811 1828 1827  78
4812 4604 4782  78
4782 4049 4812  78
4725 4215 4813  78
4215 4340 4813  78
4759 4272 4814  78
4814 2200 2199  78
4815 1389 4509  78
4509 4277 4815  78
4816 1756 1755  78
4816 4303 4551  78
4817 4631 4363  78
4363 4051 4817  78
4725 4813 4818  78
4818 4439 4283  78
4819 4700 4653  78
1737 1574 1738  78
4820 4174 4727  78
4727 4376 4820  78
2006 4771 4821  78
4825 4755 4028  78
4822 1574 1737  78
1737 4117 4822  78
4164 4191 4724  78
4823 4321 4365  78
4650 4356 4824  78
4824 4678 4358  78
4821 4771 4825  78
4825 4116 4464  78
4164 1644 4826  78
4826 1643 4321  78
4843 4844 4842  79
2181 4835 2180  79
2150 4840 2202  79
4836 2180 4835  79
150 2150 2202  79
4835 2182 4831  79
2203 4831 2204  79
4831 2182 2183  79
4840 2148 4828  79
2179 4836 2178  79
2184 4831 2183  79
2184 152 2204  79
4837 4844 4834  79
2147 4843 4828  79
2182 4835 2181  79
4837 2176 2177  79
4840 4831 2203  79
2176 4837 4830  79
4835 4843 4842  79
4836 4842 4837  79
4837 2177 4836  79
2136 4841 4838  79
2174 4830 4827  79
2172 4832 2171  79
4827 4830 4829  79
4839 2137 4838  79
2137 4839 2138  79
2168 2205 151  79
2168 4833 2205  79
4833 2168 2169  79
2206 4841 2207  79
4827 2172 2173  79
2174 4827 2173  79
4834 2141 4829  79
4841 2136 2135  79
4834 4829 4830  79
2141 4834 2142  79
4838 2137 2136  79
2171 4832 2170  79
2134 4841 2135  79
2207 2134 149  79
4839 4832 4827  79
2139 4829 2140  79
2139 4839 4829  79
2148 4840 2149  79
2148 2147 4828  79
2141 2140 4829  79
4832 4839 4838  79
4830 2174 2175  79
2175 2176 4830  79
4831 2184 2204  79
4831 4840 4828  79
2170 4833 2169  79
4832 2172 4827  79
2206 2205 4833  79
4833 2170 4832  79
2143 4844 2144  79
2142 4844 2143  79
2180 4836 2179  79
4835 4831 4828  79
2144 4843 2145  79
4836 2177 2178  79
4844 4843 2144  79
4834 4830 4837  79
4833 4841 2206  79
4833 4832 4838  79
4839 4827 4829  79
4839 2139 2138  79
4840 2203 2202  79
4840 2150 2149  79
4841 2134 2207  79
4841 4833 4838  79
4842 4836 4835  79
2145 4843 2146  79
4843 4835 4828  79
4843 2147 2146  79
4844 2142 4834  79
4844 4837 4842  79
4859 2165 2164  80
2165 4859 4854  80
2167 4854 2207  80
4851 2195 2196  80
2207 149 2167  80
2207 4854 2206  80
4849 2197 2198  80
4858 2206 4854  80
2163 4859 2164  80
4858 2199 2200  80
4849 4854 4859  80
2192 4852 2191  80
2201 4858 2200  80
2201 151 2205  80
2197 4851 2196  80
2195 4857 2194  80
2199 4858 4849  80
4857 4851 4853  80
4846 4860 4853  80
2192 4857 4852  80
2157 4845 2158  80
4857 2195 4851  80
2190 4848 2189  80
4852 4857 4847  80
4861 2155 2154  80
2188 4855 2187  80
2157 4850 4845  80
4862 4856 2203  80
4862 2203 2204  80
2185 2204 152  80
2185 4862 2204  80
2203 4856 2202  80
4852 4845 4850  80
4850 2157 2156  80
2151 4856 2152  80
2161 4860 4846  80
2190 4852 4848  80
2155 4861 4850  80
2151 150 2202  80
2153 4861 2154  80
4856 4862 4855  80
4855 4861 4856  80
2159 4860 2160  80
2159 2158 4845  80
4846 2163 2162  80
2162 2161 4846  80
4860 2159 4845  80
4857 2192 2193  80
2155 4850 2156  80
4848 2188 2189  80
2198 2199 4849  80
2165 4854 2166  80
4848 4861 4855  80
4845 4852 4847  80
4851 2197 4849  80
4851 4859 4846  80
4852 4850 4848  80
4852 2190 2191  80
4851 4846 4853  80
4860 2161 2160  80
2206 4858 2205  80
4854 2167 2166  80
2187 4862 2186  80
4855 2188 4848  80
4856 2153 2152  80
4856 2151 2202  80
2193 2194 4857  80
4857 4853 4847  80
4858 2201 2205  80
4858 4854 4849  80
4859 2163 4846  80
4859 4851 4849  80
4860 4845 4847  80
4847 4853 4860  80
4861 2153 4856  80
4861 4848 4850  80
4862 2185 2186  80
4862 2187 4855  80
Edges
2283
1 153  1
153 2  1
3 154  2
154 155  2
155 156  2
156 157  2
157 158  2
158 159  2
159 160  2
160 161  2
161 162  2
162 163  2
163 164  2
164 165  2
165 166  2
166 167  2
167 168  2
168 169  2
169 170  2
170 1  2
3 171  3
171 4  3
4 172  4
172 173  4
173 174  4
174 175  4
175 176  4
176 177  4
177 178  4
178 179  4
179 180  4
180 181  4
181 182  4
182 183  4
183 184  4
184 185  4
185 186  4
186 187  4
187 188  4
188 2  4
5 189  5
189 6  5
5 190  6
190 191  6
191 192  6
192 193  6
193 194  6
194 195  6
195 196  6
196 197  6
197 198  6
198 199  6
199 200  6
200 201  6
201 202  6
202 203  6
203 204  6
204 205  6
205 206  6
206 7  6
7 207  7
207 8  7
6 208  8
208 209  8
209 210  8
210 211  8
211 212  8
212 213  8
213 214  8
214 215  8
215 216  8
216 217  8
217 218  8
218 219  8
219 220  8
220 221  8
221 222  8
222 223  8
223 224  8
224 8  8
9 225  9
225 10  9
9 226  10
226 227  10
227 228  10
228 229  10
229 230  10
230 231  10
231 232  10
232 233  10
233 11  10
11 234  11
234 12  11
10 235  12
235 236  12
236 237  12
237 238  12
238 239  12
239 240  12
240 241  12
241 242  12
242 12  12
13 243  13
243 14  13
15 244  14
244 245  14
245 246  14
246 247  14
247 248  14
248 249  14
249 250  14
250 251  14
251 13  14
15 252  15
252 16  15
16 253  16
253 254  16
254 255  16
255 256  16
256 257  16
257 258  16
258 259  16
259 260  16
260 14  16
17 261  17
261 18  17
19 262  18
262 263  18
263 264  18
264 265  18
265 266  18
266 267  18
267 268  18
268 269  18
269 270  18
270 271  18
271 272  18
272 273  18
273 274  18
274 275  18
275 276  18
276 277  18
277 278  18
278 17  18
19 279  19
279 20  19
20 280  20
280 281  20
281 282  20
282 283  20
283 284  20
284 285  20
285 286  20
286 287  20
287 288  20
288 289  20
289 290  20
290 291  20
291 292  20
292 293  20
293 294  20
294 295  20
295 296  20
296 18  20
21 297  21
297 22  21
21 298  22
298 299  22
299 300  22
300 301  22
301 302  22
302 303  22
303 304  22
304 305  22
305 306  22
306 307  22
307 308  22
308 309  22
309 310  22
310 311  22
311 312  22
312 313  22
313 314  22
314 23  22
23 315  23
315 24  23
22 316  24
316 317  24
317 318  24
318 319  24
319 320  24
320 321  24
321 322  24
322 323  24
323 324  24
324 325  24
325 326  24
326 327  24
327 328  24
328 329  24
329 330  24
330 331  24
331 332  24
332 24  24
25 333  25
333 26  25
25 334  26
334 335  26
335 336  26
336 337  26
337 338  26
338 339  26
339 340  26
340 341  26
341 27  26
27 342  27
342 28  27
26 343  28
343 344  28
344 345  28
345 346  28
346 347  28
347 348  28
348 349  28
349 350  28
350 28  28
29 351  29
351 352  29
352 353  29
353 354  29
354 355  29
355 356  29
356 357  29
357 358  29
358 359  29
359 360  29
360 361  29
361 362  29
362 363  29
363 364  29
364 365  29
365 366  29
366 367  29
367 30  29
29 368  30
368 369  30
369 370  30
370 31  30
31 371  31
371 372  31
372 373  31
373 374  31
374 375  31
375 376  31
376 377  31
377 378  31
378 379  31
379 380  31
380 381  31
381 382  31
382 383  31
383 384  31
384 385  31
385 386  31
386 387  31
387 32  31
32 388  32
388 389  32
389 390  32
390 30  32
32 391  33
391 392  33
392 393  33
393 394  33
394 395  33
395 396  33
396 397  33
397 398  33
398 399  33
399 400  33
400 401  33
401 402  33
402 403  33
403 404  33
404 405  33
405 406  33
406 407  33
407 31  33
30 408  34
408 409  34
409 410  34
410 411  34
411 412  34
412 413  34
413 414  34
414 415  34
415 416  34
416 417  34
417 418  34
418 419  34
419 420  34
420 421  34
421 422  34
422 423  34
423 424  34
424 29  34
33 425  35
425 426  35
426 427  35
427 428  35
428 429  35
429 430  35
430 431  35
431 432  35
432 433  35
433 434  35
434 435  35
435 436  35
436 437  35
437 438  35
438 439  35
439 440  35
440 441  35
441 34  35
33 442  36
442 443  36
443 444  36
444 35  36
35 445  37
445 446  37
446 447  37
447 448  37
448 449  37
449 450  37
450 451  37
451 452  37
452 453  37
453 454  37
454 455  37
455 456  37
456 457  37
457 458  37
458 459  37
459 460  37
460 461  37
461 36  37
36 462  38
462 463  38
463 464  38
464 34  38
36 465  39
465 466  39
466 467  39
467 468  39
468 469  39
469 470  39
470 471  39
471 472  39
472 473  39
473 474  39
474 475  39
475 476  39
476 477  39
477 478  39
478 479  39
479 480  39
480 481  39
481 35  39
34 482  40
482 483  40
483 484  40
484 485  40
485 486  40
486 487  40
487 488  40
488 489  40
489 490  40
490 491  40
491 492  40
492 493  40
493 494  40
494 495  40
495 496  40
496 497  40
497 498  40
498 33  40
37 499  41
499 500  41
500 501  41
501 502  41
502 503  41
503 504  41
504 505  41
505 506  41
506 507  41
507 508  41
508 509  41
509 510  41
510 511  41
511 512  41
512 513  41
513 514  41
514 515  41
515 38  41
38 516  42
516 517  42
517 518  42
518 519  42
519 520  42
520 521  42
521 522  42
522 523  42
523 524  42
524 525  42
525 526  42
526 527  42
527 528  42
528 529  42
529 530  42
530 531  42
531 532  42
532 37  42
39 533  43
533 534  43
534 535  43
535 536  43
536 537  43
537 538  43
538 539  43
539 540  43
540 541  43
541 542  43
542 543  43
543 544  43
544 545  43
545 546  43
546 547  43
547 548  43
548 549  43
549 40  43
40 550  44
550 551  44
551 552  44
552 553  44
553 554  44
554 555  44
555 556  44
556 557  44
557 558  44
558 559  44
559 560  44
560 561  44
561 562  44
562 563  44
563 564  44
564 565  44
565 566  44
566 39  44
24 567  45
567 41  45
41 568  46
568 42  46
23 569  47
569 570  47
570 42  47
43 571  48
571 572  48
572 573  48
573 574  48
574 575  48
575 42  48
43 576  49
576 577  49
577 21  49
44 578  50
578 579  50
579 580  50
580 581  50
581 582  50
582 583  50
583 584  50
584 585  50
585 586  50
586 587  50
587 588  50
588 589  50
589 590  50
590 591  50
591 592  50
592 593  50
593 594  50
594 45  50
45 595  51
595 596  51
596 597  51
597 598  51
598 599  51
599 600  51
600 601  51
601 602  51
602 603  51
603 604  51
604 605  51
605 606  51
606 607  51
607 608  51
608 609  51
609 610  51
610 611  51
611 44  51
22 612  52
612 46  52
46 613  53
613 43  53
20 614  54
614 47  54
47 615  55
615 48  55
48 616  56
616 617  56
617 19  56
49 618  57
618 619  57
619 620  57
620 621  57
621 622  57
622 48  57
17 623  58
623 624  58
624 49  58
50 625  59
625 626  59
626 627  59
627 628  59
628 629  59
629 630  59
630 631  59
631 632  59
632 633  59
633 634  59
634 635  59
635 636  59
636 637  59
637 638  59
638 639  59
639 640  59
640 641  59
641 51  59
51 642  60
642 643  60
643 644  60
644 645  60
645 646  60
646 647  60
647 648  60
648 649  60
649 650  60
650 651  60
651 652  60
652 653  60
653 654  60
654 655  60
655 656  60
656 657  60
657 658  60
658 50  60
18 659  61
659 52  61
52 660  62
660 49  62
16 661  63
661 53  63
54 662  64
662 53  64
54 663  65
663 664  65
664 15  65
26 665  66
665 55  66
56 666  67
666 25  67
55 56  68
57 667  69
667 668  69
668 669  69
669 58  69
13 670  70
670 671  70
671 57  70
58 672  71
672 673  71
673 674  71
674 675  71
675 54  71
59 676  72
676 677  72
677 678  72
678 679  72
679 680  72
680 681  72
681 682  72
682 683  72
683 684  72
684 685  72
685 686  72
686 687  72
687 688  72
688 689  72
689 690  72
690 691  72
691 692  72
692 60  72
60 693  73
693 694  73
694 695  73
695 696  73
696 697  73
697 698  73
698 699  73
699 700  73
700 701  73
701 702  73
702 703  73
703 704  73
704 705  73
705 706  73
706 707  73
707 708  73
708 709  73
709 59  73
14 710  74
710 61  74
57 61  75
12 711  76
711 62  76
62 63  77
11 712  78
712 713  78
713 63  78
64 714  79
714 715  79
715 716  79
716 717  79
717 65  79
64 718  80
718 9  80
65 719  81
719 720  81
720 63  81
66 721  82
721 722  82
722 723  82
723 724  82
724 725  82
725 726  82
726 727  82
727 728  82
728 729  82
729 730  82
730 731  82
731 732  82
732 733  82
733 734  82
734 735  82
735 736  82
736 737  82
737 67  82
67 738  83
738 739  83
739 740  83
740 741  83
741 742  83
742 743  83
743 744  83
744 745  83
745 746  83
746 747  83
747 748  83
748 749  83
749 750  83
750 751  83
751 752  83
752 753  83
753 754  83
754 66  83
10 755  84
755 756  84
756 68  84
68 757  85
757 64  85
8 758  86
758 759  86
759 69  86
69 760  87
760 70  87
7 761  88
761 762  88
762 70  88
71 763  89
763 764  89
764 765  89
765 766  89
766 70  89
71 767  90
767 768  90
768 5  90
72 769  91
769 770  91
770 771  91
771 772  91
772 773  91
773 774  91
774 775  91
775 776  91
776 777  91
777 778  91
778 779  91
779 780  91
780 781  91
781 782  91
782 783  91
783 784  91
784 785  91
785 73  91
73 786  92
786 787  92
787 788  92
788 789  92
789 790  92
790 791  92
791 792  92
792 793  92
793 794  92
794 795  92
795 796  92
796 797  92
797 798  92
798 799  92
799 800  92
800 801  92
801 802  92
802 72  92
6 803  93
803 74  93
74 804  94
804 71  94
4 805  95
805 75  95
75 806  96
806 76  96
76 807  97
807 808  97
808 3  97
77 809  98
809 810  98
810 811  98
811 812  98
812 76  98
1 813  99
813 814  99
814 77  99
78 815  100
815 816  100
816 817  100
817 818  100
818 819  100
819 820  100
820 821  100
821 822  100
822 823  100
823 824  100
824 825  100
825 826  100
826 827  100
827 828  100
828 829  100
829 830  100
830 831  100
831 79  100
79 832  101
832 833  101
833 834  101
834 835  101
835 836  101
836 837  101
837 838  101
838 839  101
839 840  101
840 841  101
841 842  101
842 843  101
843 844  101
844 845  101
845 846  101
846 847  101
847 848  101
848 78  101
2 849  102
849 80  102
80 850  103
850 77  103
28 851  104
851 81  104
81 852  105
852 82  105
27 853  106
853 854  106
854 82  106
56 855  107
855 856  107
856 857  107
857 858  107
858 83  107
83 859  108
859 860  108
860 861  108
861 82  108
84 862  109
862 863  109
863 864  109
864 865  109
865 866  109
866 867  109
867 868  109
868 869  109
869 870  109
870 871  109
871 872  109
872 873  109
873 874  109
874 875  109
875 876  109
876 877  109
877 878  109
878 85  109
85 879  110
879 880  110
880 881  110
881 882  110
882 883  110
883 884  110
884 885  110
885 886  110
886 887  110
887 888  110
888 889  110
889 890  110
890 891  110
891 892  110
892 893  110
893 894  110
894 895  110
895 84  110
86 896  111
896 897  111
897 898  111
898 899  111
899 900  111
900 901  111
901 902  111
902 903  111
903 904  111
904 905  111
905 906  111
906 907  111
907 908  111
908 909  111
909 910  111
910 911  111
911 912  111
912 87  111
87 913  112
913 914  112
914 915  112
915 916  112
916 917  112
917 918  112
918 919  112
919 920  112
920 921  112
921 922  112
922 923  112
923 924  112
924 925  112
925 926  112
926 927  112
927 928  112
928 929  112
929 86  112
88 930  113
930 931  113
931 932  113
932 933  113
933 934  113
934 935  113
935 936  113
936 937  113
937 938  113
938 939  113
939 940  113
940 941  113
941 942  113
942 943  113
943 944  113
944 945  113
945 946  113
946 89  113
89 947  114
947 948  114
948 949  114
949 950  114
950 951  114
951 952  114
952 953  114
953 954  114
954 955  114
955 956  114
956 957  114
957 958  114
958 959  114
959 960  114
960 961  114
961 962  114
962 963  114
963 88  114
90 964  115
964 965  115
965 966  115
966 967  115
967 968  115
968 969  115
969 970  115
970 971  115
971 972  115
972 973  115
973 974  115
974 975  115
975 976  115
976 977  115
977 978  115
978 979  115
979 980  115
980 91  115
91 981  116
981 982  116
982 983  116
983 984  116
984 985  116
985 986  116
986 987  116
987 988  116
988 989  116
989 990  116
990 991  116
991 992  116
992 993  116
993 994  116
994 995  116
995 996  116
996 997  116
997 90  116
92 998  117
998 999  117
999 1000  117
1000 1001  117
1001 1002  117
1002 1003  117
1003 1004  117
1004 1005  117
1005 1006  117
1006 1007  117
1007 1008  117
1008 1009  117
1009 1010  117
1010 1011  117
1011 1012  117
1012 1013  117
1013 1014  117
1014 93  117
93 1015  118
1015 1016  118
1016 1017  118
1017 1018  118
1018 1019  118
1019 1020  118
1020 1021  118
1021 1022  118
1022 1023  118
1023 1024  118
1024 1025  118
1025 1026  118
1026 1027  118
1027 1028  118
1028 1029  118
1029 1030  118
1030 1031  118
1031 92  118
94 1032  119
1032 1033  119
1033 1034  119
1034 1035  119
1035 1036  119
1036 1037  119
1037 1038  119
1038 1039  119
1039 1040  119
1040 1041  119
1041 1042  119
1042 1043  119
1043 1044  119
1044 1045  119
1045 1046  119
1046 1047  119
1047 1048  119
1048 95  119
95 1049  120
1049 1050  120
1050 1051  120
1051 1052  120
1052 1053  120
1053 1054  120
1054 1055  120
1055 1056  120
1056 1057  120
1057 1058  120
1058 1059  120
1059 1060  120
1060 1061  120
1061 1062  120
1062 1063  120
1063 1064  120
1064 1065  120
1065 94  120
96 1066  121
1066 1067  121
1067 1068  121
1068 1069  121
1069 1070  121
1070 1071  121
1071 1072  121
1072 1073  121
1073 1074  121
1074 1075  121
1075 1076  121
1076 1077  121
1077 1078  121
1078 1079  121
1079 1080  121
1080 1081  121
1081 1082  121
1082 97  121
97 1083  122
1083 1084  122
1084 1085  122
1085 1086  122
1086 1087  122
1087 1088  122
1088 1089  122
1089 1090  122
1090 1091  122
1091 1092  122
1092 1093  122
1093 1094  122
1094 1095  122
1095 1096  122
1096 1097  122
1097 1098  122
1098 1099  122
1099 96  122
98 1100  123
1100 1101  123
1101 1102  123
1102 1103  123
1103 1104  123
1104 1105  123
1105 1106  123
1106 1107  123
1107 1108  123
1108 1109  123
1109 1110  123
1110 1111  123
1111 1112  123
1112 1113  123
1113 1114  123
1114 1115  123
1115 1116  123
1116 99  123
99 1117  124
1117 1118  124
1118 1119  124
1119 1120  124
1120 1121  124
1121 1122  124
1122 1123  124
1123 1124  124
1124 1125  124
1125 1126  124
1126 1127  124
1127 1128  124
1128 1129  124
1129 1130  124
1130 1131  124
1131 1132  124
1132 1133  124
1133 98  124
100 1134  125
1134 1135  125
1135 1136  125
1136 1137  125
1137 1138  125
1138 1139  125
1139 1140  125
1140 1141  125
1141 1142  125
1142 1143  125
1143 1144  125
1144 1145  125
1145 1146  125
1146 1147  125
1147 1148  125
1148 1149  125
1149 1150  125
1150 101  125
101 1151  126
1151 1152  126
1152 1153  126
1153 1154  126
1154 1155  126
1155 1156  126
1156 1157  126
1157 1158  126
1158 1159  126
1159 1160  126
1160 1161  126
1161 1162  126
1162 1163  126
1163 1164  126
1164 1165  126
1165 1166  126
1166 1167  126
1167 100  126
102 1168  127
1168 103  127
81 1169  128
1169 1170  128
1170 1171  128
1171 1172  128
1172 1173  128
1173 1174  128
1174 1175  128
1175 103  128
41 1176  129
1176 1177  129
1177 1178  129
1178 55  129
47 1179  130
1179 1180  130
1180 1181  130
1181 1182  130
1182 1183  130
1183 1184  130
1184 1185  130
1185 1186  130
1186 1187  130
1187 1188  130
1188 1189  130
1189 1190  130
1190 1191  130
1191 1192  130
1192 1193  130
1193 1194  130
1194 1195  130
1195 1196  130
1196 1197  130
1197 1198  130
1198 1199  130
1199 1200  130
1200 1201  130
1201 1202  130
1202 1203  130
1203 1204  130
1204 1205  130
1205 1206  130
1206 1207  130
1207 1208  130
1208 46  130
53 1209  131
1209 1210  131
1210 52  131
62 1211  132
1211 1212  132
1212 1213  132
1213 1214  132
1214 1215  132
1215 1216  132
1216 61  132
69 1217  133
1217 1218  133
1218 1219  133
1219 1220  133
1220 68  133
75 1221  134
1221 1222  134
1222 1223  134
1223 1224  134
1224 1225  134
1225 1226  134
1226 1227  134
1227 1228  134
1228 1229  134
1229 1230  134
1230 1231  134
1231 1232  134
1232 1233  134
1233 1234  134
1234 1235  134
1235 1236  134
1236 1237  134
1237 1238  134
1238 1239  134
1239 1240  134
1240 1241  134
1241 1242  134
1242 1243  134
1243 1244  134
1244 1245  134
1245 1246  134
1246 1247  134
1247 1248  134
1248 1249  134
1249 1250  134
1250 1251  134
1251 1252  134
1252 1253  134
1253 1254  134
1254 74  134
104 1255  135
1255 1256  135
1256 1257  135
1257 80  135
105 1258  136
1258 1259  136
1259 104  136
105 1260  137
1260 1261  137
1261 1262  137
1262 1263  137
1263 1264  137
1264 1265  137
1265 1266  137
1266 1267  137
1267 102  137
106 104  138
106 1268  139
1268 107  139
107 1269  140
1269 105  140
108 1270  141
1270 102  141
107 1271  142
1271 1272  142
1272 1273  142
1273 1274  142
1274 1275  142
1275 1276  142
1276 1277  142
1277 1278  142
1278 108  142
108 1279  143
1279 1280  143
1280 109  143
109 1281  144
1281 103  144
79 1282  145
1282 1283  145
1283 1284  145
1284 110  145
110 1285  146
1285 1286  146
1286 1287  146
1287 1288  146
1288 1289  146
1289 1290  146
1290 1291  146
1291 1292  146
1292 1293  146
1293 1294  146
1294 1295  146
1295 1296  146
1296 1297  146
1297 1298  146
1298 1299  146
1299 1300  146
1300 1301  146
1301 111  146
111 1302  147
1302 1303  147
1303 1304  147
1304 78  147
111 1305  148
1305 1306  148
1306 1307  148
1307 1308  148
1308 1309  148
1309 1310  148
1310 1311  148
1311 1312  148
1312 1313  148
1313 1314  148
1314 1315  148
1315 1316  148
1316 1317  148
1317 1318  148
1318 1319  148
1319 1320  148
1320 1321  148
1321 110  148
112 1322  149
1322 1323  149
1323 1324  149
1324 1325  149
1325 1326  149
1326 1327  149
1327 1328  149
1328 1329  149
1329 1330  149
1330 1331  149
1331 1332  149
1332 1333  149
1333 1334  149
1334 1335  149
1335 1336  149
1336 1337  149
1337 1338  149
1338 113  149
112 1339  150
1339 1340  150
1340 1341  150
1341 45  150
44 1342  151
1342 1343  151
1343 1344  151
1344 113  151
113 1345  152
1345 1346  152
1346 1347  152
1347 1348  152
1348 1349  152
1349 1350  152
1350 1351  152
1351 1352  152
1352 1353  152
1353 1354  152
1354 1355  152
1355 1356  152
1356 1357  152
1357 1358  152
1358 1359  152
1359 1360  152
1360 1361  152
1361 112  152
114 1362  153
1362 1363  153
1363 1364  153
1364 1365  153
1365 1366  153
1366 1367  153
1367 1368  153
1368 1369  153
1369 1370  153
1370 1371  153
1371 1372  153
1372 1373  153
1373 1374  153
1374 1375  153
1375 1376  153
1376 1377  153
1377 1378  153
1378 115  153
114 1379  154
1379 1380  154
1380 1381  154
1381 85  154
84 1382  155
1382 1383  155
1383 1384  155
1384 115  155
115 1385  156
1385 1386  156
1386 1387  156
1387 1388  156
1388 1389  156
1389 1390  156
1390 1391  156
1391 1392  156
1392 1393  156
1393 1394  156
1394 1395  156
1395 1396  156
1396 1397  156
1397 1398  156
1398 1399  156
1399 1400  156
1400 1401  156
1401 114  156
116 1402  157
1402 1403  157
1403 1404  157
1404 1405  157
1405 1406  157
1406 1407  157
1407 1408  157
1408 1409  157
1409 1410  157
1410 1411  157
1411 1412  157
1412 1413  157
1413 1414  157
1414 1415  157
1415 1416  157
1416 1417  157
1417 1418  157
1418 117  157
116 1419  158
1419 1420  158
1420 1421  158
1421 67  158
66 1422  159
1422 1423  159
1423 1424  159
1424 117  159
117 1425  160
1425 1426  160
1426 1427  160
1427 1428  160
1428 1429  160
1429 1430  160
1430 1431  160
1431 1432  160
1432 1433  160
1433 1434  160
1434 1435  160
1435 1436  160
1436 1437  160
1437 1438  160
1438 1439  160
1439 1440  160
1440 1441  160
1441 116  160
118 1442  161
1442 1443  161
1443 1444  161
1444 1445  161
1445 1446  161
1446 1447  161
1447 1448  161
1448 1449  161
1449 1450  161
1450 1451  161
1451 1452  161
1452 1453  161
1453 1454  161
1454 1455  161
1455 1456  161
1456 1457  161
1457 1458  161
1458 119  161
118 1459  162
1459 1460  162
1460 1461  162
1461 73  162
72 1462  163
1462 1463  163
1463 1464  163
1464 119  163
119 1465  164
1465 1466  164
1466 1467  164
1467 1468  164
1468 1469  164
1469 1470  164
1470 1471  164
1471 1472  164
1472 1473  164
1473 1474  164
1474 1475  164
1475 1476  164
1476 1477  164
1477 1478  164
1478 1479  164
1479 1480  164
1480 1481  164
1481 118  164
51 1482  165
1482 1483  165
1483 1484  165
1484 120  165
120 1485  166
1485 1486  166
1486 1487  166
1487 1488  166
1488 1489  166
1489 1490  166
1490 1491  166
1491 1492  166
1492 1493  166
1493 1494  166
1494 1495  166
1495 1496  166
1496 1497  166
1497 1498  166
1498 1499  166
1499 1500  166
1500 1501  166
1501 121  166
121 1502  167
1502 1503  167
1503 1504  167
1504 50  167
121 1505  168
1505 1506  168
1506 1507  168
1507 1508  168
1508 1509  168
1509 1510  168
1510 1511  168
1511 1512  168
1512 1513  168
1513 1514  168
1514 1515  168
1515 1516  168
1516 1517  168
1517 1518  168
1518 1519  168
1519 1520  168
1520 1521  168
1521 120  168
60 1522  169
1522 1523  169
1523 1524  169
1524 122  169
122 1525  170
1525 1526  170
1526 1527  170
1527 1528  170
1528 1529  170
1529 1530  170
1530 1531  170
1531 1532  170
1532 1533  170
1533 1534  170
1534 1535  170
1535 1536  170
1536 1537  170
1537 1538  170
1538 1539  170
1539 1540  170
1540 1541  170
1541 123  170
123 1542  171
1542 1543  171
1543 1544  171
1544 59  171
123 1545  172
1545 1546  172
1546 1547  172
1547 1548  172
1548 1549  172
1549 1550  172
1550 1551  172
1551 1552  172
1552 1553  172
1553 1554  172
1554 1555  172
1555 1556  172
1556 1557  172
1557 1558  172
1558 1559  172
1559 1560  172
1560 1561  172
1561 122  172
38 1562  173
1562 124  173
124 1563  174
1563 1564  174
1564 1565  174
1565 1566  174
1566 1567  174
1567 1568  174
1568 1569  174
1569 1570  174
1570 1571  174
1571 1572  174
1572 1573  174
1573 1574  174
1574 1575  174
1575 1576  174
1576 1577  174
1577 1578  174
1578 1579  174
1579 125  174
125 1580  175
1580 37  175
125 1581  176
1581 1582  176
1582 1583  176
1583 1584  176
1584 1585  176
1585 1586  176
1586 1587  176
1587 1588  176
1588 1589  176
1589 1590  176
1590 1591  176
1591 1592  176
1592 1593  176
1593 1594  176
1594 1595  176
1595 1596  176
1596 1597  176
1597 124  176
126 1598  177
1598 1599  177
1599 1600  177
1600 1601  177
1601 1602  177
1602 1603  177
1603 1604  177
1604 1605  177
1605 1606  177
1606 1607  177
1607 1608  177
1608 1609  177
1609 1610  177
1610 1611  177
1611 1612  177
1612 1613  177
1613 1614  177
1614 127  177
126 1615  178
1615 40  178
39 1616  179
1616 127  179
127 1617  180
1617 1618  180
1618 1619  180
1619 1620  180
1620 1621  180
1621 1622  180
1622 1623  180
1623 1624  180
1624 1625  180
1625 1626  180
1626 1627  180
1627 1628  180
1628 1629  180
1629 1630  180
1630 1631  180
1631 1632  180
1632 1633  180
1633 126  180
83 128  181
129 1634  182
1634 1635  182
1635 1636  182
1636 1637  182
1637 1638  182
1638 1639  182
1639 1640  182
1640 1641  182
1641 1642  182
1642 1643  182
1643 1644  182
1644 1645  182
1645 1646  182
1646 1647  182
1647 1648  182
1648 1649  182
1649 1650  182
1650 1651  182
1651 1652  182
1652 1653  182
1653 1654  182
1654 1655  182
1655 1656  182
1656 1657  182
1657 1658  182
1658 1659  182
1659 1660  182
1660 1661  182
1661 1662  182
1662 1663  182
1663 1664  182
1664 1665  182
1665 1666  182
1666 1667  182
1667 1668  182
1668 1669  182
1669 1670  182
1670 1671  182
1671 1672  182
1672 1673  182
1673 1674  182
1674 1675  182
1675 1676  182
1676 1677  182
1677 1678  182
1678 1679  182
1679 1680  182
1680 1681  182
1681 1682  182
1682 1683  182
1683 1684  182
1684 1685  182
1685 1686  182
1686 1687  182
1687 1688  182
1688 1689  182
1689 1690  182
1690 1691  182
1691 1692  182
1692 1693  182
1693 1694  182
1694 1695  182
1695 1696  182
1696 1697  182
1697 1698  182
1698 1699  182
1699 1700  182
1700 1701  182
1701 1702  182
1702 1703  182
1703 1704  182
1704 1705  182
1705 128  182
58 129  183
130 1706  184
1706 1707  184
1707 1708  184
1708 1709  184
1709 1710  184
1710 1711  184
1711 1712  184
1712 1713  184
1713 1714  184
1714 1715  184
1715 1716  184
1716 1717  184
1717 1718  184
1718 1719  184
1719 1720  184
1720 1721  184
1721 1722  184
1722 129  184
65 130  185
131 1723  186
1723 1724  186
1724 1725  186
1725 1726  186
1726 1727  186
1727 1728  186
1728 1729  186
1729 1730  186
1730 1731  186
1731 1732  186
1732 1733  186
1733 1734  186
1734 1735  186
1735 1736  186
1736 1737  186
1737 1738  186
1738 1739  186
1739 1740  186
1740 1741  186
1741 1742  186
1742 1743  186
1743 1744  186
1744 1745  186
1745 1746  186
1746 1747  186
1747 1748  186
1748 1749  186
1749 1750  186
1750 1751  186
1751 1752  186
1752 1753  186
1753 1754  186
1754 1755  186
1755 1756  186
1756 1757  186
1757 1758  186
1758 1759  186
1759 1760  186
1760 1761  186
1761 1762  186
1762 1763  186
1763 1764  186
1764 1765  186
1765 1766  186
1766 1767  186
1767 1768  186
1768 1769  186
1769 1770  186
1770 1771  186
1771 1772  186
1772 1773  186
1773 1774  186
1774 1775  186
1775 1776  186
1776 1777  186
1777 1778  186
1778 1779  186
1779 1780  186
1780 1781  186
1781 1782  186
1782 1783  186
1783 1784  186
1784 1785  186
1785 1786  186
1786 1787  186
1787 1788  186
1788 1789  186
1789 1790  186
1790 1791  186
1791 1792  186
1792 1793  186
1793 1794  186
1794 1795  186
1795 130  186
132 1796  187
1796 131  187
132 1797  188
1797 1798  188
1798 1799  188
1799 1800  188
1800 1801  188
1801 106  188
109 1802  189
1802 1803  189
1803 1804  189
1804 132  189
128 1805  190
1805 1806  190
1806 1807  190
1807 1808  190
1808 1809  190
1809 1810  190
1810 1811  190
1811 1812  190
1812 1813  190
1813 1814  190
1814 1815  190
1815 1816  190
1816 1817  190
1817 1818  190
1818 1819  190
1819 1820  190
1820 1821  190
1821 131  190
133 1822  191
1822 1823  191
1823 1824  191
1824 101  191
133 1825  192
1825 1826  192
1826 1827  192
1827 1828  192
1828 1829  192
1829 1830  192
1830 1831  192
1831 1832  192
1832 1833  192
1833 1834  192
1834 1835  192
1835 1836  192
1836 1837  192
1837 1838  192
1838 1839  192
1839 1840  192
1840 1841  192
1841 134  192
100 1842  193
1842 1843  193
1843 1844  193
1844 134  193
134 1845  194
1845 1846  194
1846 1847  194
1847 1848  194
1848 1849  194
1849 1850  194
1850 1851  194
1851 1852  194
1852 1853  194
1853 1854  194
1854 1855  194
1855 1856  194
1856 1857  194
1857 1858  194
1858 1859  194
1859 1860  194
1860 1861  194
1861 133  194
135 1862  195
1862 1863  195
1863 1864  195
1864 99  195
135 1865  196
1865 1866  196
1866 1867  196
1867 1868  196
1868 1869  196
1869 1870  196
1870 1871  196
1871 1872  196
1872 1873  196
1873 1874  196
1874 1875  196
1875 1876  196
1876 1877  196
1877 1878  196
1878 1879  196
1879 1880  196
1880 1881  196
1881 136  196
98 1882  197
1882 1883  197
1883 1884  197
1884 136  197
136 1885  198
1885 1886  198
1886 1887  198
1887 1888  198
1888 1889  198
1889 1890  198
1890 1891  198
1891 1892  198
1892 1893  198
1893 1894  198
1894 1895  198
1895 1896  198
1896 1897  198
1897 1898  198
1898 1899  198
1899 1900  198
1900 1901  198
1901 135  198
137 1902  199
1902 1903  199
1903 1904  199
1904 97  199
137 1905  200
1905 1906  200
1906 1907  200
1907 1908  200
1908 1909  200
1909 1910  200
1910 1911  200
1911 1912  200
1912 1913  200
1913 1914  200
1914 1915  200
1915 1916  200
1916 1917  200
1917 1918  200
1918 1919  200
1919 1920  200
1920 1921  200
1921 138  200
96 1922  201
1922 1923  201
1923 1924  201
1924 138  201
138 1925  202
1925 1926  202
1926 1927  202
1927 1928  202
1928 1929  202
1929 1930  202
1930 1931  202
1931 1932  202
1932 1933  202
1933 1934  202
1934 1935  202
1935 1936  202
1936 1937  202
1937 1938  202
1938 1939  202
1939 1940  202
1940 1941  202
1941 137  202
139 1942  203
1942 1943  203
1943 1944  203
1944 95  203
139 1945  204
1945 1946  204
1946 1947  204
1947 1948  204
1948 1949  204
1949 1950  204
1950 1951  204
1951 1952  204
1952 1953  204
1953 1954  204
1954 1955  204
1955 1956  204
1956 1957  204
1957 1958  204
1958 1959  204
1959 1960  204
1960 1961  204
1961 140  204
94 1962  205
1962 1963  205
1963 1964  205
1964 140  205
140 1965  206
1965 1966  206
1966 1967  206
1967 1968  206
1968 1969  206
1969 1970  206
1970 1971  206
1971 1972  206
1972 1973  206
1973 1974  206
1974 1975  206
1975 1976  206
1976 1977  206
1977 1978  206
1978 1979  206
1979 1980  206
1980 1981  206
1981 139  206
141 1982  207
1982 1983  207
1983 1984  207
1984 93  207
141 1985  208
1985 1986  208
1986 1987  208
1987 1988  208
1988 1989  208
1989 1990  208
1990 1991  208
1991 1992  208
1992 1993  208
1993 1994  208
1994 1995  208
1995 1996  208
1996 1997  208
1997 1998  208
1998 1999  208
1999 2000  208
2000 2001  208
2001 142  208
92 2002  209
2002 2003  209
2003 2004  209
2004 142  209
142 2005  210
2005 2006  210
2006 2007  210
2007 2008  210
2008 2009  210
2009 2010  210
2010 2011  210
2011 2012  210
2012 2013  210
2013 2014  210
2014 2015  210
2015 2016  210
2016 2017  210
2017 2018  210
2018 2019  210
2019 2020  210
2020 2021  210
2021 141  210
143 2022  211
2022 2023  211
2023 2024  211
2024 91  211
143 2025  212
2025 2026  212
2026 2027  212
2027 2028  212
2028 2029  212
2029 2030  212
2030 2031  212
2031 2032  212
2032 2033  212
2033 2034  212
2034 2035  212
2035 2036  212
2036 2037  212
2037 2038  212
2038 2039  212
2039 2040  212
2040 2041  212
2041 144  212
90 2042  213
2042 2043  213
2043 2044  213
2044 144  213
144 2045  214
2045 2046  214
2046 2047  214
2047 2048  214
2048 2049  214
2049 2050  214
2050 2051  214
2051 2052  214
2052 2053  214
2053 2054  214
2054 2055  214
2055 2056  214
2056 2057  214
2057 2058  214
2058 2059  214
2059 2060  214
2060 2061  214
2061 143  214
145 2062  215
2062 89  215
145 2063  216
2063 2064  216
2064 2065  216
2065 2066  216
2066 2067  216
2067 2068  216
2068 2069  216
2069 2070  216
2070 2071  216
2071 2072  216
2072 2073  216
2073 2074  216
2074 2075  216
2075 2076  216
2076 2077  216
2077 2078  216
2078 2079  216
2079 146  216
88 2080  217
2080 146  217
146 2081  218
2081 2082  218
2082 2083  218
2083 2084  218
2084 2085  218
2085 2086  218
2086 2087  218
2087 2088  218
2088 2089  218
2089 2090  218
2090 2091  218
2091 2092  218
2092 2093  218
2093 2094  218
2094 2095  218
2095 2096  218
2096 2097  218
2097 145  218
147 2098  219
2098 87  219
147 2099  220
2099 2100  220
2100 2101  220
2101 2102  220
2102 2103  220
2103 2104  220
2104 2105  220
2105 2106  220
2106 2107  220
2107 2108  220
2108 2109  220
2109 2110  220
2110 2111  220
2111 2112  220
2112 2113  220
2113 2114  220
2114 2115  220
2115 148  220
86 2116  221
2116 148  221
148 2117  222
2117 2118  222
2118 2119  222
2119 2120  222
2120 2121  222
2121 2122  222
2122 2123  222
2123 2124  222
2124 2125  222
2125 2126  222
2126 2127  222
2127 2128  222
2128 2129  222
2129 2130  222
2130 2131  222
2131 2132  222
2132 2133  222
2133 147  222
149 2134  223
2134 2135  223
2135 2136  223
2136 2137  223
2137 2138  223
2138 2139  223
2139 2140  223
2140 2141  223
2141 2142  223
2142 2143  223
2143 2144  223
2144 2145  223
2145 2146  223
2146 2147  223
2147 2148  223
2148 2149  223
2149 2150  223
2150 150  223
150 2151  224
2151 2152  224
2152 2153  224
2153 2154  224
2154 2155  224
2155 2156  224
2156 2157  224
2157 2158  224
2158 2159  224
2159 2160  224
2160 2161  224
2161 2162  224
2162 2163  224
2163 2164  224
2164 2165  224
2165 2166  224
2166 2167  224
2167 149  224
151 2168  225
2168 2169  225
2169 2170  225
2170 2171  225
2171 2172  225
2172 2173  225
2173 2174  225
2174 2175  225
2175 2176  225
2176 2177  225
2177 2178  225
2178 2179  225
2179 2180  225
2180 2181  225
2181 2182  225
2182 2183  225
2183 2184  225
2184 152  225
152 2185  226
2185 2186  226
2186 2187  226
2187 2188  226
2188 2189  226
2189 2190  226
2190 2191  226
2191 2192  226
2192 2193  226
2193 2194  226
2194 2195  226
2195 2196  226
2196 2197  226
2197 2198  226
2198 2199  226
2199 2200  226
2200 2201  226
2201 151  226
150 2202  227
2202 2203  227
2203 2204  227
2204 152  227
151 2205  228
2205 2206  228
2206 2207  228
2207 149  228
End
