MeshVersionFormatted 1

Dimension
3

Vertices
4296
-11.952776486727  15.6486133804516  0.78185814561909095  0
-12.059403722475199  15.6486133804516  0.78185814561909095  0
-12.059403722475199  15.801016248657801  0.78185814561908895  0
-12.059403722475199  15.801016248657801  0.61813577101814099  0
-11.952776486727  15.6486133804516  0.61813577101814299  0
-11.952776486727  15.801016248657801  0.78185814561908995  0
-7.07277648672697  15.6486133804516  0.78185814561909195  0
-7.1794037224752403  15.6486133804516  0.78185814561909095  0
-7.1794037224752296  15.801016248657801  0.78185814561908895  0
-7.1794037224752296  15.801016248657801  0.61813577101818395  0
-7.07277648672697  15.6486133804516  0.61813577101818495  0
-7.0727764867269798  15.801016248657801  0.78185814561908995  0
-12.2260901046011  13.9748148145547  0.61813577101812101  0
-5.2260901046011004  13.9748148145547  0.61813577101812101  0
-5.2260901046011004  13.9748148145547  0.86813577101812101  0
-12.2260901046011  13.9748148145547  0.86813577101812101  0
-12.2260901046011  17.474814814554701  0.61813577101812101  0
-12.2260901046011  17.474814814554701  0.86813577101812101  0
-5.2260901046011004  17.474814814554701  0.61813577101812101  0
-5.2260901046011004  17.474814814554701  0.86813577101812101  0
-6.0749631645723898  16.954961909851399  0.61813577101818196  0
-6.0012170446298096  16.870667719258002  0.61813577101818296  0
-6.0749631645723898  16.954961909851399  0.86813577101813599  0
-6.0012170446298203  16.870667719258002  0.868135771018122  0
-6.0749631645723898  14.9549619098514  0.61813577101820105  0
-6.0012170446298096  14.870667719258  0.61813577101820205  0
-6.0749631645723898  14.9549619098514  0.86813577101815598  0
-6.0012170446298203  14.870667719258  0.868135771018122  0
-7.5134106874405298  15.610011942659501  0.61813577101817996  0
-7.4887695217616601  15.527617686449901  0.61813577101817996  0
-7.5134106874405404  15.610011942659501  0.868135771018129  0
-7.4887695217616699  15.527617686449901  0.868135771018122  0
-11.6384106874405  15.9220119426595  0.61813577101815498  0
-11.6137695217617  15.8396176864499  0.61813577101815498  0
-11.6384106874405  15.9220119426595  0.86813577101810402  0
-11.6137695217617  15.8396176864499  0.868135771018122  0
-7.5134106874405298  15.9220119426595  0.61813577101817496  0
-7.4887695217616601  15.8396176864499  0.61813577101817596  0
-7.5134106874405404  15.9220119426595  0.868135771018125  0
-7.4887695217616699  15.8396176864499  0.868135771018122  0
-11.8479631645724  16.5169619098514  0.618135771018129  0
-11.7742170446298  16.432667719257999  0.61813577101813  0
-11.8479631645724  16.5169619098514  0.86813577101808304  0
-11.7742170446298  16.432667719257999  0.868135771018122  0
-7.4729631645723904  16.5169619098514  0.61813577101817196  0
-7.3992170446298102  16.432667719257999  0.61813577101817296  0
-7.4729631645723904  16.5169619098514  0.868135771018126  0
-7.39921704462982  16.432667719257999  0.868135771018122  0
-11.8479631645724  15.0169619098514  0.61813577101814399  0
-11.7742170446298  14.932667719257999  0.61813577101814399  0
-11.8479631645724  15.0169619098514  0.86813577101809802  0
-11.7742170446298  14.932667719257999  0.868135771018122  0
-7.4729631645723904  15.0169619098514  0.61813577101818695  0
-7.3992170446298102  14.932667719257999  0.61813577101818795  0
-7.4729631645723904  15.0169619098514  0.86813577101814099  0
-7.39921704462982  14.932667719257999  0.868135771018122  0
-7.0297816371849402  15.8624690129757  0.86813577101811001  0
-7.2223985720172799  15.587160616133801  0.86813577101812101  0
-11.909781637184899  15.8624690129757  0.86813577101814399  0
-12.1023985720173  15.587160616133801  0.86813577101812101  0
-11.6384106874405  15.610011942659501  0.61813577101815897  0
-11.6137695217617  15.527617686449901  0.61813577101815897  0
-11.6137695217617  15.527617686449901  0.868135771018122  0
-11.6384106874405  15.610011942659501  0.86813577101810802  0
-11.96680951561672  15.640517508908321  0.78185814561909128  0
-11.982034582641516  15.634979786456242  0.78185814561909117  0
-11.997989656529132  15.632168264963081  0.78185814561909106  0
-12.014190552673044  15.632168264963079  0.78185814561909095  0
-12.03014562656066  15.634979786456235  0.78185814561909073  0
-12.045370693585458  15.640517508908312  0.78185814561909062  0
-12.071830560212803  15.659033412120847  0.78185814561909017  0
-12.082258327579209  15.67145375929381  0.78185814561908995  0
-12.090369931536582  15.685496737517235  0.78185814561908962  0
-12.095918710162925  15.700735320518969  0.7818581456190894  0
-12.098735933277638  15.71670612544755  0.78185814561908928  0
-12.09873593327764  15.732923503661826  0.78185814561908906  0
-12.09591871016293  15.748894308590408  0.78185814561908884  0
-12.090369931536591  15.764132891592142  0.78185814561908873  0
-12.082258327579222  15.77817586981557  0.78185814561908873  0
-12.071830560212819  15.790596216988536  0.78185814561908862  0
-12.059403722475199  15.801016248657801  0.67270989588512364  0
-12.059403722475201  15.801016248657803  0.7272840207521063  0
-11.966818680545135  15.640513238870639  0.61813577101814432  0
-11.982054116710945  15.634974558008189  0.61813577101814421  0
-11.998019874205998  15.632165627879539  0.6181357710181441  0
-12.014230841567874  15.632171796405265  0.61813577101814399  0
-12.030194456756426  15.634992876157831  0.61813577101814388  0
-12.045425673402129  15.640543150056493  0.61813577101814365  0
-12.059461698694571  15.648653975837412  0.61813577101814343  0
-12.071876055107811  15.659078910163513  0.61813577101814321  0
-12.082291538704204  15.671501196680568  0.61813577101814299  0
-12.09039168028516  15.685543390498735  0.61813577101814277  0
-12.095930361147611  15.700778826664544  0.61813577101814254  0
-12.09873929127626  15.716744584159597  0.61813577101814232  0
-12.098733122750534  15.732955551521474  0.6181357710181421  0
-12.095912042997968  15.748919166710026  0.61813577101814199  0
-12.090361769099307  15.764150383355728  0.61813577101814188  0
-12.082250943318387  15.778186408648171  0.61813577101814177  0
-12.071826008992286  15.790600765061411  0.61813577101814166  0
-11.952776486727002  15.648613380451602  0.7272840207521083  0
-11.952776486727  15.6486133804516  0.67270989588512564  0
-12.045361528657065  15.80911639023876  0.61813577101814166  0
-12.030126092491255  15.81465507110121  0.61813577101814177  0
-12.014160334996202  15.81746400122986  0.61813577101814188  0
-11.997949367634325  15.817457832704134  0.61813577101814199  0
-11.981985752445773  15.814636752951568  0.6181357710181421  0
-11.966754535800071  15.809086479052906  0.61813577101814232  0
-11.952718510507628  15.800975653271987  0.61813577101814254  0
-11.940304154094388  15.790550718945886  0.61813577101814277  0
-11.929888670497995  15.778128432428831  0.61813577101814299  0
-11.921788528917039  15.764086238610664  0.61813577101814321  0
-11.916249848054589  15.748850802444855  0.61813577101814343  0
-11.913440917925939  15.732885044949802  0.61813577101814365  0
-11.913447086451665  15.716674077587925  0.61813577101814388  0
-11.916268166204231  15.700710462399373  0.61813577101814399  0
-11.921818440102893  15.685479245753671  0.6181357710181441  0
-11.929929265883814  15.671443220461228  0.61813577101814421  0
-11.940354200209914  15.659028864047988  0.61813577101814432  0
-12.045370693585479  15.809112120201078  0.78185814561908862  0
-12.030145626560683  15.814649842653157  0.78185814561908873  0
-12.014190552673067  15.817461364146316  0.78185814561908884  0
-11.997989656529157  15.81746136414632  0.78185814561908895  0
-11.982034582641539  15.814649842653164  0.78185814561908917  0
-11.966809515616742  15.809112120201089  0.78185814561908928  0
-11.940349648989399  15.790596216988554  0.78185814561908973  0
-11.92992188162299  15.778175869815589  0.78185814561908995  0
-11.921810277665617  15.764132891592164  0.78185814561909028  0
-11.916261499039274  15.748894308590431  0.78185814561909051  0
-11.913444275924562  15.73292350366185  0.78185814561909062  0
-11.91344427592456  15.716706125447574  0.78185814561909084  0
-11.916261499039269  15.700735320518991  0.78185814561909106  0
-11.921810277665609  15.685496737517257  0.78185814561909117  0
-11.929921881622976  15.671453759293829  0.78185814561909117  0
-11.940349648989381  15.659033412120863  0.78185814561909128  0
-7.0868095156167241  15.640517508908319  0.78185814561909128  0
-7.1020345826415259  15.634979786456238  0.78185814561909117  0
-7.1179896565291472  15.632168264963081  0.78185814561909106  0
-7.1341905526730631  15.632168264963081  0.78185814561909095  0
-7.1501456265606844  15.634979786456242  0.78185814561909073  0
-7.1653706935854844  15.640517508908323  0.78185814561909062  0
-7.1918305602128232  15.659033412120868  0.78185814561909017  0
-7.2022583275792256  15.671453759293833  0.78185814561908995  0
-7.2103699315365919  15.685496737517258  0.78185814561908962  0
-7.2159187101629305  15.700735320518989  0.7818581456190894  0
-7.2187359332776388  15.716706125447569  0.78185814561908928  0
-7.218735933277638  15.732923503661841  0.78185814561908906  0
-7.2159187101629279  15.748894308590419  0.78185814561908884  0
-7.2103699315365875  15.764132891592151  0.78185814561908873  0
-7.2022583275792194  15.778175869815575  0.78185814561908873  0
-7.1918305602128161  15.790596216988538  0.78185814561908862  0
-7.1794037224752305  15.801016248657801  0.67270989588515229  0
-7.1794037224752305  15.801016248657803  0.72728402075212062  0
-7.0868186805451359  15.640513238870639  0.61813577101818629  0
-7.1020541167109439  15.634974558008189  0.61813577101818618  0
-7.1180198742059977  15.632165627879539  0.61813577101818606  0
-7.1342308415678737  15.632171796405265  0.61813577101818595  0
-7.1501944567564255  15.634992876157831  0.61813577101818584  0
-7.1654256734021287  15.640543150056493  0.61813577101818562  0
-7.1794616986945705  15.648653975837412  0.6181357710181854  0
-7.1918760551078122  15.659078910163513  0.61813577101818518  0
-7.2022915387042046  15.671501196680568  0.61813577101818495  0
-7.2103916802851602  15.685543390498735  0.61813577101818473  0
-7.2159303611476115  15.700778826664544  0.61813577101818451  0
-7.2187392912762602  15.716744584159597  0.61813577101818429  0
-7.2187331227505345  15.732955551521474  0.61813577101818407  0
-7.2159120429979682  15.748919166710026  0.61813577101818395  0
-7.2103617690993058  15.764150383355728  0.61813577101818384  0
-7.2022509433183863  15.778186408648171  0.61813577101818373  0
-7.1918260089922859  15.790600765061411  0.61813577101818362  0
-7.0727764867269709  15.648613380451602  0.72728402075212295  0
-7.0727764867269709  15.6486133804516  0.67270989588515395  0
-7.1653615286570638  15.80911639023876  0.61813577101818362  0
-7.1501260924912557  15.81465507110121  0.61813577101818373  0
-7.1341603349962019  15.81746400122986  0.61813577101818384  0
-7.117949367634326  15.817457832704134  0.61813577101818395  0
-7.1019857524457741  15.814636752951568  0.61813577101818407  0
-7.086754535800071  15.809086479052906  0.61813577101818429  0
-7.0727185105076291  15.800975653271987  0.61813577101818451  0
-7.0603041540943874  15.790550718945886  0.61813577101818473  0
-7.0498886704979951  15.778128432428831  0.61813577101818495  0
-7.0417885289170394  15.764086238610664  0.61813577101818518  0
-7.0362498480545881  15.748850802444855  0.6181357710181854  0
-7.0334409179259394  15.732885044949802  0.61813577101818562  0
-7.0334470864516652  15.716674077587925  0.61813577101818584  0
-7.0362681662042315  15.700710462399373  0.61813577101818595  0
-7.0418184401028938  15.685479245753671  0.61813577101818606  0
-7.0499292658838133  15.671443220461228  0.61813577101818618  0
-7.0603542002099138  15.659028864047988  0.61813577101818629  0
-7.1653706935854773  15.809112120201078  0.78185814561908862  0
-7.1501456265606791  15.814649842653159  0.78185814561908873  0
-7.1341905526730605  15.817461364146318  0.78185814561908884  0
-7.1179896565291472  15.817461364146318  0.78185814561908895  0
-7.1020345826415276  15.814649842653161  0.78185814561908917  0
-7.0868095156167286  15.809112120201082  0.78185814561908928  0
-7.0603496489893871  15.790596216988543  0.78185814561908973  0
-7.0499218816229829  15.778175869815579  0.78185814561908995  0
-7.0418102776656131  15.764132891592153  0.78185814561909028  0
-7.0362614990392718  15.748894308590421  0.78185814561909051  0
-7.0334442759245617  15.732923503661841  0.78185814561909062  0
-7.0334442759245608  15.716706125447566  0.78185814561909084  0
-7.03626149903927  15.700735320518985  0.78185814561909106  0
-7.0418102776656095  15.685496737517253  0.78185814561909117  0
-7.0499218816229785  15.671453759293827  0.78185814561909117  0
-7.0603496489893818  15.659033412120861  0.78185814561909128  0
-12.013968892479888  13.9748148145547  0.61813577101812101  0
-11.801847680358676  13.9748148145547  0.61813577101812101  0
-11.589726468237464  13.9748148145547  0.61813577101812101  0
-11.377605256116251  13.9748148145547  0.61813577101812101  0
-11.16548404399504  13.9748148145547  0.61813577101812101  0
-10.953362831873827  13.9748148145547  0.61813577101812101  0
-10.741241619752616  13.9748148145547  0.61813577101812101  0
-10.529120407631403  13.9748148145547  0.61813577101812101  0
-10.316999195510192  13.9748148145547  0.61813577101812101  0
-10.104877983388979  13.9748148145547  0.61813577101812101  0
-9.8927567712677664  13.9748148145547  0.61813577101812101  0
-9.6806355591465554  13.9748148145547  0.61813577101812101  0
-9.4685143470253426  13.9748148145547  0.61813577101812101  0
-9.2563931349041297  13.9748148145547  0.61813577101812101  0
-9.0442719227829187  13.9748148145547  0.61813577101812101  0
-8.8321507106617059  13.9748148145547  0.61813577101812101  0
-8.6200294985404948  13.9748148145547  0.61813577101812101  0
-8.407908286419282  13.9748148145547  0.61813577101812101  0
-8.1957870742980692  13.9748148145547  0.61813577101812101  0
-7.9836658621768581  13.9748148145547  0.61813577101812101  0
-7.7715446500556453  13.9748148145547  0.61813577101812101  0
-7.5594234379344334  13.9748148145547  0.61813577101812101  0
-7.3473022258132215  13.9748148145547  0.61813577101812101  0
-7.1351810136920095  13.9748148145547  0.61813577101812101  0
-6.9230598015707976  13.9748148145547  0.61813577101812101  0
-6.7109385894495848  13.9748148145547  0.61813577101812101  0
-6.4988173773283728  13.9748148145547  0.61813577101812101  0
-6.2866961652071609  13.9748148145547  0.61813577101812101  0
-6.0745749530859481  13.9748148145547  0.61813577101812101  0
-5.862453740964737  13.9748148145547  0.61813577101812101  0
-5.6503325288435242  13.9748148145547  0.61813577101812101  0
-5.4382113167223123  13.9748148145547  0.61813577101812101  0
-5.2260901046011004  13.9748148145547  0.74313577101812101  0
-12.013968892479888  13.9748148145547  0.86813577101812101  0
-11.801847680358676  13.9748148145547  0.86813577101812101  0
-11.589726468237464  13.9748148145547  0.86813577101812101  0
-11.377605256116251  13.9748148145547  0.86813577101812101  0
-11.16548404399504  13.9748148145547  0.86813577101812101  0
-10.953362831873827  13.9748148145547  0.86813577101812101  0
-10.741241619752616  13.9748148145547  0.86813577101812101  0
-10.529120407631403  13.9748148145547  0.86813577101812101  0
-10.316999195510192  13.9748148145547  0.86813577101812101  0
-10.104877983388979  13.9748148145547  0.86813577101812101  0
-9.8927567712677664  13.9748148145547  0.86813577101812101  0
-9.6806355591465554  13.9748148145547  0.86813577101812101  0
-9.4685143470253426  13.9748148145547  0.86813577101812101  0
-9.2563931349041297  13.9748148145547  0.86813577101812101  0
-9.0442719227829187  13.9748148145547  0.86813577101812101  0
-8.8321507106617059  13.9748148145547  0.86813577101812101  0
-8.6200294985404948  13.9748148145547  0.86813577101812101  0
-8.407908286419282  13.9748148145547  0.86813577101812101  0
-8.1957870742980692  13.9748148145547  0.86813577101812101  0
-7.9836658621768581  13.9748148145547  0.86813577101812101  0
-7.7715446500556453  13.9748148145547  0.86813577101812101  0
-7.5594234379344334  13.9748148145547  0.86813577101812101  0
-7.3473022258132215  13.9748148145547  0.86813577101812101  0
-7.1351810136920095  13.9748148145547  0.86813577101812101  0
-6.9230598015707976  13.9748148145547  0.86813577101812101  0
-6.7109385894495848  13.9748148145547  0.86813577101812101  0
-6.4988173773283728  13.9748148145547  0.86813577101812101  0
-6.2866961652071609  13.9748148145547  0.86813577101812101  0
-6.0745749530859481  13.9748148145547  0.86813577101812101  0
-5.862453740964737  13.9748148145547  0.86813577101812101  0
-5.6503325288435242  13.9748148145547  0.86813577101812101  0
-5.4382113167223123  13.9748148145547  0.86813577101812101  0
-12.2260901046011  13.9748148145547  0.74313577101812101  0
-12.2260901046011  17.308148147888033  0.61813577101812101  0
-12.2260901046011  17.141481481221369  0.61813577101812101  0
-12.2260901046011  16.974814814554701  0.61813577101812101  0
-12.2260901046011  16.808148147888033  0.61813577101812101  0
-12.2260901046011  16.641481481221369  0.61813577101812101  0
-12.2260901046011  16.474814814554701  0.61813577101812101  0
-12.2260901046011  16.308148147888033  0.61813577101812101  0
-12.2260901046011  16.141481481221369  0.61813577101812101  0
-12.2260901046011  15.974814814554701  0.61813577101812101  0
-12.2260901046011  15.808148147888033  0.61813577101812101  0
-12.2260901046011  15.641481481221367  0.61813577101812101  0
-12.2260901046011  15.474814814554701  0.61813577101812101  0
-12.2260901046011  15.308148147888033  0.61813577101812101  0
-12.2260901046011  15.141481481221367  0.61813577101812101  0
-12.2260901046011  14.974814814554701  0.61813577101812101  0
-12.2260901046011  14.808148147888033  0.61813577101812101  0
-12.2260901046011  14.641481481221366  0.61813577101812101  0
-12.2260901046011  14.4748148145547  0.61813577101812101  0
-12.2260901046011  14.308148147888033  0.61813577101812101  0
-12.2260901046011  14.141481481221366  0.61813577101812101  0
-12.2260901046011  17.334814814554701  0.86813577101812101  0
-12.2260901046011  17.1948148145547  0.86813577101812101  0
-12.2260901046011  17.0548148145547  0.86813577101812101  0
-12.2260901046011  16.914814814554703  0.86813577101812101  0
-12.2260901046011  16.774814814554702  0.86813577101812101  0
-12.2260901046011  16.634814814554701  0.86813577101812101  0
-12.2260901046011  16.494814814554701  0.86813577101812101  0
-12.2260901046011  16.3548148145547  0.86813577101812101  0
-12.2260901046011  16.2148148145547  0.86813577101812101  0
-12.2260901046011  16.074814814554699  0.86813577101812101  0
-12.2260901046011  15.9348148145547  0.86813577101812101  0
-12.2260901046011  15.7948148145547  0.86813577101812101  0
-12.2260901046011  15.654814814554701  0.86813577101812101  0
-12.2260901046011  15.5148148145547  0.86813577101812101  0
-12.2260901046011  15.3748148145547  0.86813577101812101  0
-12.2260901046011  15.234814814554699  0.86813577101812101  0
-12.2260901046011  15.094814814554701  0.86813577101812101  0
-12.2260901046011  14.9548148145547  0.86813577101812101  0
-12.2260901046011  14.814814814554699  0.86813577101812101  0
-12.2260901046011  14.674814814554701  0.86813577101812101  0
-12.2260901046011  14.5348148145547  0.86813577101812101  0
-12.2260901046011  14.394814814554699  0.86813577101812101  0
-12.2260901046011  14.254814814554699  0.86813577101812101  0
-12.2260901046011  14.1148148145547  0.86813577101812101  0
-12.2260901046011  17.474814814554701  0.74313577101812101  0
-5.4382113167223123  17.474814814554701  0.61813577101812101  0
-5.6503325288435242  17.474814814554701  0.61813577101812101  0
-5.862453740964737  17.474814814554701  0.61813577101812101  0
-6.074574953085949  17.474814814554701  0.61813577101812101  0
-6.2866961652071609  17.474814814554701  0.61813577101812101  0
-6.4988173773283737  17.474814814554701  0.61813577101812101  0
-6.7109385894495848  17.474814814554701  0.61813577101812101  0
-6.9230598015707976  17.474814814554701  0.61813577101812101  0
-7.1351810136920095  17.474814814554701  0.61813577101812101  0
-7.3473022258132215  17.474814814554701  0.61813577101812101  0
-7.5594234379344343  17.474814814554701  0.61813577101812101  0
-7.7715446500556453  17.474814814554701  0.61813577101812101  0
-7.9836658621768581  17.474814814554701  0.61813577101812101  0
-8.195787074298071  17.474814814554701  0.61813577101812101  0
-8.407908286419282  17.474814814554701  0.61813577101812101  0
-8.6200294985404948  17.474814814554701  0.61813577101812101  0
-8.8321507106617059  17.474814814554701  0.61813577101812101  0
-9.0442719227829187  17.474814814554701  0.61813577101812101  0
-9.2563931349041315  17.474814814554701  0.61813577101812101  0
-9.4685143470253426  17.474814814554701  0.61813577101812101  0
-9.6806355591465554  17.474814814554701  0.61813577101812101  0
-9.8927567712677664  17.474814814554701  0.61813577101812101  0
-10.104877983388979  17.474814814554701  0.61813577101812101  0
-10.316999195510192  17.474814814554701  0.61813577101812101  0
-10.529120407631403  17.474814814554701  0.61813577101812101  0
-10.741241619752616  17.474814814554701  0.61813577101812101  0
-10.953362831873829  17.474814814554701  0.61813577101812101  0
-11.16548404399504  17.474814814554701  0.61813577101812101  0
-11.377605256116253  17.474814814554701  0.61813577101812101  0
-11.589726468237464  17.474814814554701  0.61813577101812101  0
-11.801847680358676  17.474814814554701  0.61813577101812101  0
-12.013968892479888  17.474814814554701  0.61813577101812101  0
-5.4382113167223123  17.474814814554701  0.86813577101812101  0
-5.6503325288435242  17.474814814554701  0.86813577101812101  0
-5.862453740964737  17.474814814554701  0.86813577101812101  0
-6.074574953085949  17.474814814554701  0.86813577101812101  0
-6.2866961652071609  17.474814814554701  0.86813577101812101  0
-6.4988173773283737  17.474814814554701  0.86813577101812101  0
-6.7109385894495848  17.474814814554701  0.86813577101812101  0
-6.9230598015707976  17.474814814554701  0.86813577101812101  0
-7.1351810136920095  17.474814814554701  0.86813577101812101  0
-7.3473022258132215  17.474814814554701  0.86813577101812101  0
-7.5594234379344343  17.474814814554701  0.86813577101812101  0
-7.7715446500556462  17.474814814554701  0.86813577101812101  0
-7.9836658621768581  17.474814814554701  0.86813577101812101  0
-8.195787074298071  17.474814814554701  0.86813577101812101  0
-8.407908286419282  17.474814814554701  0.86813577101812101  0
-8.6200294985404948  17.474814814554701  0.86813577101812101  0
-8.8321507106617059  17.474814814554701  0.86813577101812101  0
-9.0442719227829187  17.474814814554701  0.86813577101812101  0
-9.2563931349041315  17.474814814554701  0.86813577101812101  0
-9.4685143470253426  17.474814814554701  0.86813577101812101  0
-9.6806355591465554  17.474814814554701  0.86813577101812101  0
-9.8927567712677664  17.474814814554701  0.86813577101812101  0
-10.104877983388979  17.474814814554701  0.86813577101812101  0
-10.316999195510192  17.474814814554701  0.86813577101812101  0
-10.529120407631403  17.474814814554701  0.86813577101812101  0
-10.741241619752616  17.474814814554701  0.86813577101812101  0
-10.953362831873829  17.474814814554701  0.86813577101812101  0
-11.16548404399504  17.474814814554701  0.86813577101812101  0
-11.377605256116253  17.474814814554701  0.86813577101812101  0
-11.589726468237464  17.474814814554701  0.86813577101812101  0
-11.801847680358676  17.474814814554701  0.86813577101812101  0
-12.013968892479888  17.474814814554701  0.86813577101812101  0
-5.2260901046011004  17.474814814554701  0.74313577101812101  0
-5.2260901046011004  14.180697167495875  0.61813577101812101  0
-5.2260901046011004  14.386579520437053  0.61813577101812101  0
-5.2260901046011004  14.59246187337823  0.61813577101812101  0
-5.2260901046011004  14.798344226319406  0.61813577101812101  0
-5.2260901046011004  15.004226579260582  0.61813577101812101  0
-5.2260901046011004  15.210108932201759  0.61813577101812101  0
-5.2260901046011004  15.415991285142935  0.61813577101812101  0
-5.2260901046011004  15.621873638084113  0.61813577101812101  0
-5.2260901046011004  15.827755991025288  0.61813577101812101  0
-5.2260901046011004  16.033638343966466  0.61813577101812101  0
-5.2260901046011004  16.239520696907643  0.61813577101812101  0
-5.2260901046011004  16.445403049848817  0.61813577101812101  0
-5.2260901046011004  16.651285402789995  0.61813577101812101  0
-5.2260901046011004  16.857167755731172  0.61813577101812101  0
-5.2260901046011004  17.06305010867235  0.61813577101812101  0
-5.2260901046011004  17.268932461613524  0.61813577101812101  0
-5.2260901046011004  14.180697167495875  0.86813577101812101  0
-5.2260901046011004  14.386579520437053  0.86813577101812101  0
-5.2260901046011004  14.592461873378229  0.86813577101812101  0
-5.2260901046011004  14.798344226319406  0.86813577101812101  0
-5.2260901046011004  15.004226579260582  0.86813577101812101  0
-5.2260901046011004  15.210108932201759  0.86813577101812101  0
-5.2260901046011004  15.415991285142935  0.86813577101812101  0
-5.2260901046011004  15.621873638084113  0.86813577101812101  0
-5.2260901046011004  15.827755991025288  0.86813577101812101  0
-5.2260901046011004  16.033638343966466  0.86813577101812101  0
-5.2260901046011004  16.239520696907643  0.86813577101812101  0
-5.2260901046011004  16.445403049848817  0.86813577101812101  0
-5.2260901046011004  16.651285402789995  0.86813577101812101  0
-5.2260901046011004  16.857167755731172  0.86813577101812101  0
-5.2260901046011004  17.06305010867235  0.86813577101812101  0
-5.2260901046011004  17.268932461613524  0.86813577101812101  0
-6.0670842136458809  16.960724540438857  0.61813577101818218  0
-6.058324291387776  16.965031458248809  0.61813577101818218  0
-6.0489495636031494  16.967751799763015  0.61813577101818229  0
-6.0392448766518978  16.968802908781122  0.6181357710181824  0
-6.0295051025362252  16.968152847887499  0.61813577101818251  0
-6.0200261793640735  16.965821368853454  0.61813577101818262  0
-6.0110961194194612  16.961879312489657  0.61813577101818273  0
-6.0029862580549773  16.956446456183937  0.61813577101818284  0
-5.9959430093043942  16.949687874525988  0.61813577101818296  0
-5.9901803787169419  16.941808923599481  0.61813577101818307  0
-5.9858734609069888  16.933049001341377  0.61813577101818318  0
-5.9831531193927852  16.923674273556749  0.6181357710181834  0
-5.98210201037468  16.9139695866055  0.6181357710181834  0
-5.9827520712683011  16.904229812489827  0.61813577101818351  0
-5.9850835503023445  16.894750889317674  0.61813577101818362  0
-5.9890256066661438  16.88582082937306  0.61813577101818373  0
-5.9944584629718634  16.877710968008579  0.61813577101818373  0
-6.0749631645723907  16.954961909851399  0.68063577101817052  0
-6.0749631645723907  16.954961909851399  0.74313577101815897  0
-6.0749631645723916  16.954961909851402  0.80563577101814743  0
-6.0670842136458809  16.960724540438857  0.86813577101813522  0
-6.058324291387776  16.965031458248809  0.86813577101813522  0
-6.0489495636031494  16.967751799763015  0.86813577101813533  0
-6.0392448766518978  16.968802908781122  0.86813577101813544  0
-6.0295051025362252  16.968152847887499  0.86813577101813555  0
-6.0200261793640735  16.965821368853454  0.86813577101813566  0
-6.0110961194194612  16.961879312489657  0.86813577101813577  0
-6.0029862580549773  16.956446456183937  0.86813577101813588  0
-5.9959430093043942  16.949687874525988  0.86813577101813599  0
-5.9901803787169419  16.941808923599481  0.8681357710181361  0
-5.9858734609069888  16.933049001341377  0.86813577101813622  0
-5.9831531193927852  16.923674273556749  0.86813577101813644  0
-5.98210201037468  16.9139695866055  0.86813577101813644  0
-5.9827520712683011  16.904229812489827  0.86813577101813655  0
-5.9850835503023445  16.894750889317674  0.86813577101813666  0
-5.9890256066661438  16.88582082937306  0.86813577101813677  0
-5.9944584629718634  16.877710968008579  0.86813577101813677  0
-6.0012170446298114  16.870667719258005  0.80563577101813721  0
-6.0012170446298105  16.870667719258002  0.74313577101815254  0
-6.0012170446298105  16.870667719258002  0.68063577101816775  0
-6.0090959955563186  16.864905088670543  0.86813577101813677  0
-6.0178559178144235  16.860598170860591  0.86813577101813677  0
-6.0272306455990501  16.857877829346386  0.86813577101813666  0
-6.0369353325503017  16.856826720328279  0.86813577101813655  0
-6.0466751066659743  16.857476781221902  0.86813577101813644  0
-6.056154029838126  16.859808260255946  0.86813577101813633  0
-6.0650840897827383  16.863750316619743  0.86813577101813622  0
-6.0731939511472222  16.869183172925464  0.8681357710181361  0
-6.0802371998978053  16.875941754583412  0.86813577101813599  0
-6.0859998304852576  16.883820705509919  0.86813577101813588  0
-6.0903067482952107  16.892580627768023  0.86813577101813577  0
-6.0930270898094143  16.901955355552651  0.86813577101813555  0
-6.0940781988275194  16.9116600425039  0.86813577101813555  0
-6.0934281379338984  16.921399816619573  0.86813577101813544  0
-6.091096658899855  16.930878739791726  0.86813577101813533  0
-6.0871546025360557  16.93980879973634  0.86813577101813522  0
-6.0817217462303361  16.947918661100822  0.86813577101813522  0
-6.0090959955563186  16.864905088670543  0.61813577101818373  0
-6.0178559178144235  16.860598170860591  0.61813577101818373  0
-6.0272306455990501  16.857877829346386  0.61813577101818362  0
-6.0369353325503017  16.856826720328279  0.61813577101818351  0
-6.0466751066659743  16.857476781221902  0.6181357710181834  0
-6.056154029838126  16.859808260255946  0.61813577101818329  0
-6.0650840897827383  16.863750316619743  0.61813577101818318  0
-6.0731939511472222  16.869183172925464  0.61813577101818307  0
-6.0802371998978053  16.875941754583412  0.61813577101818296  0
-6.0859998304852576  16.883820705509919  0.61813577101818284  0
-6.0903067482952107  16.892580627768023  0.61813577101818273  0
-6.0930270898094143  16.901955355552651  0.61813577101818251  0
-6.0940781988275194  16.9116600425039  0.61813577101818251  0
-6.0934281379338984  16.921399816619573  0.6181357710181824  0
-6.091096658899855  16.930878739791726  0.61813577101818229  0
-6.0871546025360557  16.93980879973634  0.61813577101818218  0
-6.0817217462303361  16.947918661100822  0.61813577101818218  0
-6.0670842136458809  14.960724540438857  0.61813577101820127  0
-6.058324291387776  14.965031458248811  0.61813577101820127  0
-6.0489495636031494  14.967751799763015  0.61813577101820139  0
-6.0392448766518978  14.96880290878112  0.6181357710182015  0
-6.0295051025362252  14.968152847887499  0.61813577101820161  0
-6.0200261793640735  14.965821368853456  0.61813577101820172  0
-6.0110961194194612  14.961879312489655  0.61813577101820183  0
-6.0029862580549773  14.956446456183937  0.61813577101820194  0
-5.9959430093043942  14.949687874525988  0.61813577101820205  0
-5.9901803787169419  14.941808923599481  0.61813577101820216  0
-5.9858734609069888  14.933049001341375  0.61813577101820227  0
-5.9831531193927852  14.923674273556751  0.6181357710182025  0
-5.98210201037468  14.913969586605498  0.6181357710182025  0
-5.9827520712683011  14.904229812489826  0.61813577101820261  0
-5.9850835503023445  14.894750889317674  0.61813577101820272  0
-5.9890256066661438  14.885820829373062  0.61813577101820283  0
-5.9944584629718634  14.877710968008579  0.61813577101820283  0
-6.0749631645723907  14.9549619098514  0.68063577101818984  0
-6.0749631645723907  14.954961909851402  0.74313577101817851  0
-6.0749631645723916  14.954961909851402  0.80563577101816719  0
-6.0670842136458809  14.960724540438857  0.8681357710181552  0
-6.058324291387776  14.965031458248811  0.8681357710181552  0
-6.0489495636031494  14.967751799763015  0.86813577101815531  0
-6.0392448766518978  14.96880290878112  0.86813577101815542  0
-6.0295051025362252  14.968152847887499  0.86813577101815553  0
-6.0200261793640735  14.965821368853456  0.86813577101815564  0
-6.0110961194194612  14.961879312489655  0.86813577101815576  0
-6.0029862580549773  14.956446456183937  0.86813577101815587  0
-5.9959430093043942  14.949687874525988  0.86813577101815598  0
-5.9901803787169419  14.941808923599481  0.86813577101815609  0
-5.9858734609069888  14.933049001341375  0.8681357710181562  0
-5.9831531193927852  14.923674273556751  0.86813577101815642  0
-5.98210201037468  14.913969586605498  0.86813577101815642  0
-5.9827520712683011  14.904229812489826  0.86813577101815653  0
-5.9850835503023445  14.894750889317674  0.86813577101815664  0
-5.9890256066661438  14.885820829373062  0.86813577101815675  0
-5.9944584629718634  14.877710968008579  0.86813577101815675  0
-6.0012170446298114  14.870667719258002  0.80563577101814199  0
-6.0012170446298105  14.870667719258002  0.74313577101816208  0
-6.0012170446298105  14.870667719258  0.68063577101818207  0
-6.0090959955563186  14.864905088670543  0.86813577101815675  0
-6.0178559178144235  14.860598170860589  0.86813577101815675  0
-6.0272306455990501  14.857877829346386  0.86813577101815664  0
-6.0369353325503017  14.85682672032828  0.86813577101815653  0
-6.0466751066659743  14.857476781221902  0.86813577101815642  0
-6.056154029838126  14.859808260255944  0.86813577101815631  0
-6.0650840897827383  14.863750316619745  0.8681357710181562  0
-6.0731939511472222  14.869183172925464  0.86813577101815609  0
-6.0802371998978053  14.875941754583412  0.86813577101815598  0
-6.0859998304852576  14.883820705509919  0.86813577101815587  0
-6.0903067482952107  14.892580627768025  0.86813577101815576  0
-6.0930270898094143  14.90195535555265  0.86813577101815553  0
-6.0940781988275194  14.911660042503902  0.86813577101815553  0
-6.0934281379338984  14.921399816619575  0.86813577101815542  0
-6.091096658899855  14.930878739791726  0.86813577101815531  0
-6.0871546025360557  14.939808799736339  0.8681357710181552  0
-6.0817217462303361  14.947918661100822  0.8681357710181552  0
-6.0090959955563186  14.864905088670543  0.61813577101820283  0
-6.0178559178144235  14.860598170860589  0.61813577101820283  0
-6.0272306455990501  14.857877829346386  0.61813577101820272  0
-6.0369353325503017  14.85682672032828  0.61813577101820261  0
-6.0466751066659743  14.857476781221902  0.6181357710182025  0
-6.056154029838126  14.859808260255944  0.61813577101820238  0
-6.0650840897827383  14.863750316619745  0.61813577101820227  0
-6.0731939511472222  14.869183172925464  0.61813577101820216  0
-6.0802371998978053  14.875941754583412  0.61813577101820205  0
-6.0859998304852576  14.883820705509919  0.61813577101820194  0
-6.0903067482952107  14.892580627768025  0.61813577101820183  0
-6.0930270898094143  14.90195535555265  0.61813577101820161  0
-6.0940781988275194  14.911660042503902  0.61813577101820161  0
-6.0934281379338984  14.921399816619575  0.6181357710182015  0
-6.091096658899855  14.930878739791726  0.61813577101820139  0
-6.0871546025360557  14.939808799736339  0.61813577101820127  0
-6.0817217462303361  14.947918661100822  0.61813577101820127  0
-7.5060697038824928  15.611525512472015  0.6181357710181794  0
-7.4985774177200852  15.611741339340961  0.6181357710181794  0
-7.4911614782770766  15.610652865476144  0.6181357710181794  0
-7.4840472151207953  15.608293163605156  0.61813577101817951  0
-7.4774507915372554  15.604733932075277  0.61813577101817951  0
-7.4715726365190909  15.600083316335486  0.61813577101817963  0
-7.4665913548320386  15.594482622991711  0.61813577101817974  0
-7.462658300199509  15.588102026277117  0.61813577101817985  0
-7.4598929764962909  15.581135397394135  0.61813577101817996  0
-7.4583794066837843  15.573794413836094  0.61813577101818007  0
-7.4581635798148396  15.566302127673685  0.61813577101818018  0
-7.4592520536796565  15.558886188230677  0.61813577101818029  0
-7.4616117555506456  15.551771925074396  0.6181357710181804  0
-7.4651709870805236  15.545175501490856  0.6181357710181804  0
-7.4698216028203142  15.539297346472692  0.61813577101818051  0
-7.4754222961640888  15.534316064785639  0.61813577101818051  0
-7.4818028928786848  15.530383010153111  0.61813577101818051  0
-7.5134106874405298  15.610011942659501  0.66813577101816979  0
-7.5134106874405306  15.610011942659503  0.71813577101815962  0
-7.5134106874405306  15.610011942659503  0.76813577101814934  0
-7.5134106874405306  15.610011942659503  0.81813577101813917  0
-7.5060697038824928  15.611525512472015  0.86813577101812844  0
-7.4985774177200852  15.611741339340961  0.86813577101812844  0
-7.4911614782770766  15.610652865476144  0.86813577101812844  0
-7.4840472151207953  15.608293163605156  0.86813577101812855  0
-7.4774507915372554  15.604733932075277  0.86813577101812855  0
-7.4715726365190909  15.600083316335486  0.86813577101812867  0
-7.4665913548320386  15.594482622991711  0.86813577101812878  0
-7.462658300199509  15.588102026277117  0.86813577101812889  0
-7.4598929764962909  15.581135397394135  0.868135771018129  0
-7.4583794066837843  15.573794413836094  0.86813577101812911  0
-7.4581635798148396  15.566302127673685  0.86813577101812922  0
-7.4592520536796565  15.558886188230677  0.86813577101812933  0
-7.4616117555506456  15.551771925074396  0.86813577101812944  0
-7.4651709870805236  15.545175501490856  0.86813577101812944  0
-7.4698216028203142  15.539297346472692  0.86813577101812955  0
-7.4754222961640888  15.534316064785639  0.86813577101812955  0
-7.4818028928786848  15.530383010153111  0.86813577101812955  0
-7.488769521761661  15.527617686449902  0.81813577101813362  0
-7.488769521761661  15.527617686449902  0.76813577101814512  0
-7.488769521761661  15.527617686449902  0.71813577101815684  0
-7.4887695217616601  15.527617686449901  0.66813577101816835  0
-7.4957183828740677  15.526151660296316  0.86813577101812955  0
-7.5028137705521507  15.525849373776365  0.86813577101812955  0
-7.5098621411163506  15.526719072478304  0.86813577101812955  0
-7.5166712333914063  15.528737033288676  0.86813577101812944  0
-7.5230553130900342  15.531848211497008  0.86813577101812944  0
-7.5288402391601092  15.53596774227201  0.86813577101812933  0
-7.5338682138986162  15.540983255552959  0.86813577101812922  0
-7.5380020872616411  15.546757941212014  0.86813577101812911  0
-7.5411290979600434  15.553134280877881  0.868135771018129  0
-7.5431639492934801  15.559938344626351  0.868135771018129  0
-7.544051135822035  15.566984535335237  0.86813577101812889  0
-7.5437664574099337  15.574080651290046  0.86813577101812878  0
-7.5423176793421565  15.581033128945728  0.86813577101812867  0
-7.539744320507709  15.587652322835591  0.86813577101812855  0
-7.53611657542735  15.593757678605272  0.86813577101812855  0
-7.531533399530046  15.599182658064846  0.86813577101812844  0
-7.5261198099068265  15.603779281916522  0.86813577101812844  0
-7.5200234751704391  15.607422166244133  0.86813577101812844  0
-7.4961105053197068  15.526104116637386  0.61813577101818051  0
-7.5036027914821144  15.52588828976844  0.61813577101818051  0
-7.5110187309251231  15.526976763633257  0.61813577101818051  0
-7.5181329940814043  15.529336465504246  0.6181357710181804  0
-7.5247294176649442  15.532895697034125  0.6181357710181804  0
-7.5306075726831088  15.537546312773916  0.61813577101818029  0
-7.535588854370161  15.543147006117691  0.61813577101818018  0
-7.5395219090026906  15.549527602832285  0.61813577101818007  0
-7.5422872327059087  15.556494231715266  0.61813577101817996  0
-7.5438008025184153  15.563835215273308  0.61813577101817985  0
-7.5440166293873601  15.571327501435716  0.61813577101817974  0
-7.5429281555225431  15.578743440878725  0.61813577101817963  0
-7.540568453651554  15.585857704035005  0.61813577101817951  0
-7.537009222121676  15.592454127618545  0.61813577101817951  0
-7.5323586063818855  15.59833228263671  0.6181357710181794  0
-7.5267579130381108  15.603313564323763  0.6181357710181794  0
-7.5203773163235148  15.607246618956291  0.6181357710181794  0
-11.631069703882494  15.923525512472015  0.61813577101815442  0
-11.623577417720085  15.92374133934096  0.61813577101815442  0
-11.616161478277077  15.922652865476143  0.61813577101815442  0
-11.609047215120796  15.920293163605155  0.61813577101815453  0
-11.602450791537256  15.916733932075276  0.61813577101815453  0
-11.596572636519092  15.912083316335485  0.61813577101815464  0
-11.591591354832039  15.90648262299171  0.61813577101815476  0
-11.587658300199511  15.900102026277116  0.61813577101815487  0
-11.584892976496292  15.893135397394135  0.61813577101815498  0
-11.583379406683786  15.885794413836093  0.61813577101815509  0
-11.58316357981484  15.878302127673685  0.6181357710181552  0
-11.584252053679657  15.870886188230676  0.61813577101815531  0
-11.586611755550646  15.863771925074396  0.61813577101815542  0
-11.590170987080525  15.857175501490856  0.61813577101815542  0
-11.594821602820316  15.851297346472691  0.61813577101815553  0
-11.600422296164091  15.846316064785638  0.61813577101815553  0
-11.606802892878685  15.84238301015311  0.61813577101815553  0
-11.6384106874405  15.9220119426595  0.65980243768481317  0
-11.6384106874405  15.922011942659502  0.70146910435147136  0
-11.6384106874405  15.922011942659502  0.74313577101812944  0
-11.6384106874405  15.922011942659502  0.78480243768478763  0
-11.638410687440501  15.922011942659504  0.82646910435144583  0
-11.631069703882494  15.923525512472015  0.86813577101810346  0
-11.623577417720085  15.92374133934096  0.86813577101810346  0
-11.616161478277077  15.922652865476143  0.86813577101810346  0
-11.609047215120796  15.920293163605155  0.86813577101810357  0
-11.602450791537256  15.916733932075276  0.86813577101810357  0
-11.596572636519092  15.912083316335485  0.86813577101810369  0
-11.591591354832039  15.90648262299171  0.8681357710181038  0
-11.587658300199511  15.900102026277116  0.86813577101810391  0
-11.584892976496292  15.893135397394135  0.86813577101810402  0
-11.583379406683786  15.885794413836093  0.86813577101810413  0
-11.58316357981484  15.878302127673685  0.86813577101810424  0
-11.584252053679657  15.870886188230676  0.86813577101810435  0
-11.586611755550646  15.863771925074396  0.86813577101810446  0
-11.590170987080525  15.857175501490856  0.86813577101810446  0
-11.594821602820316  15.851297346472691  0.86813577101810457  0
-11.600422296164091  15.846316064785638  0.86813577101810457  0
-11.606802892878685  15.84238301015311  0.86813577101810457  0
-11.613769521761702  15.839617686449902  0.81813577101812862  0
-11.6137695217617  15.839617686449902  0.76813577101813513  0
-11.6137695217617  15.839617686449902  0.71813577101814174  0
-11.6137695217617  15.8396176864499  0.66813577101814836  0
-11.621110505319708  15.838104116637385  0.86813577101810457  0
-11.628602791482116  15.83788828976844  0.86813577101810457  0
-11.636018730925125  15.838976763633257  0.86813577101810457  0
-11.643132994081405  15.841336465504245  0.86813577101810446  0
-11.649729417664945  15.844895697034124  0.86813577101810446  0
-11.65560757268311  15.849546312773915  0.86813577101810435  0
-11.660588854370163  15.85514700611769  0.86813577101810424  0
-11.664521909002691  15.861527602832284  0.86813577101810413  0
-11.66728723270591  15.868494231715266  0.86813577101810402  0
-11.668800802518415  15.875835215273307  0.86813577101810391  0
-11.669016629387361  15.883327501435716  0.8681357710181038  0
-11.667928155522544  15.890743440878724  0.86813577101810369  0
-11.665568453651556  15.897857704035005  0.86813577101810357  0
-11.662009222121677  15.904454127618544  0.86813577101810357  0
-11.657358606381885  15.910332282636709  0.86813577101810346  0
-11.651757913038111  15.915313564323762  0.86813577101810346  0
-11.645377316323517  15.91924661895629  0.86813577101810346  0
-11.621110505319708  15.838104116637385  0.61813577101815553  0
-11.628602791482116  15.83788828976844  0.61813577101815553  0
-11.636018730925125  15.838976763633257  0.61813577101815553  0
-11.643132994081405  15.841336465504245  0.61813577101815542  0
-11.649729417664945  15.844895697034124  0.61813577101815542  0
-11.65560757268311  15.849546312773915  0.61813577101815531  0
-11.660588854370163  15.85514700611769  0.6181357710181552  0
-11.664521909002691  15.861527602832284  0.61813577101815509  0
-11.66728723270591  15.868494231715266  0.61813577101815498  0
-11.668800802518415  15.875835215273307  0.61813577101815487  0
-11.669016629387361  15.883327501435716  0.61813577101815476  0
-11.667928155522544  15.890743440878724  0.61813577101815464  0
-11.665568453651556  15.897857704035005  0.61813577101815453  0
-11.662009222121677  15.904454127618544  0.61813577101815453  0
-11.657358606381885  15.910332282636709  0.61813577101815442  0
-11.651757913038111  15.915313564323762  0.61813577101815442  0
-11.645377316323517  15.91924661895629  0.61813577101815442  0
-7.5060697038824928  15.923525512472015  0.61813577101817541  0
-7.4985774177200852  15.92374133934096  0.61813577101817541  0
-7.4911614782770766  15.922652865476143  0.61813577101817541  0
-7.4840472151207953  15.920293163605155  0.61813577101817552  0
-7.4774507915372554  15.916733932075276  0.61813577101817552  0
-7.4715726365190909  15.912083316335485  0.61813577101817563  0
-7.4665913548320386  15.90648262299171  0.61813577101817574  0
-7.462658300199509  15.900102026277116  0.61813577101817585  0
-7.4598929764962909  15.893135397394135  0.61813577101817596  0
-7.4583794066837843  15.885794413836093  0.61813577101817607  0
-7.4581635798148396  15.878302127673685  0.61813577101817618  0
-7.4592520536796565  15.870886188230676  0.61813577101817629  0
-7.4616117555506456  15.863771925074396  0.61813577101817641  0
-7.4651709870805236  15.857175501490856  0.61813577101817641  0
-7.4698216028203142  15.851297346472691  0.61813577101817652  0
-7.4754222961640888  15.846316064785638  0.61813577101817652  0
-7.4818028928786848  15.84238301015311  0.61813577101817652  0
-7.5134106874405298  15.9220119426595  0.66813577101816501  0
-7.5134106874405306  15.922011942659502  0.71813577101815496  0
-7.5134106874405306  15.922011942659502  0.76813577101814501  0
-7.5134106874405306  15.922011942659502  0.81813577101813495  0
-7.5060697038824928  15.923525512472015  0.86813577101812445  0
-7.4985774177200852  15.92374133934096  0.86813577101812445  0
-7.4911614782770766  15.922652865476143  0.86813577101812445  0
-7.4840472151207953  15.920293163605155  0.86813577101812456  0
-7.4774507915372554  15.916733932075276  0.86813577101812456  0
-7.4715726365190909  15.912083316335485  0.86813577101812467  0
-7.4665913548320386  15.90648262299171  0.86813577101812478  0
-7.462658300199509  15.900102026277116  0.86813577101812489  0
-7.4598929764962909  15.893135397394135  0.868135771018125  0
-7.4583794066837843  15.885794413836093  0.86813577101812511  0
-7.4581635798148396  15.878302127673685  0.86813577101812522  0
-7.4592520536796565  15.870886188230676  0.86813577101812534  0
-7.4616117555506456  15.863771925074396  0.86813577101812545  0
-7.4651709870805236  15.857175501490856  0.86813577101812545  0
-7.4698216028203142  15.851297346472691  0.86813577101812556  0
-7.4754222961640888  15.846316064785638  0.86813577101812556  0
-7.4818028928786848  15.84238301015311  0.86813577101812556  0
-7.488769521761661  15.839617686449904  0.82646910435146437  0
-7.488769521761661  15.839617686449902  0.78480243768480662  0
-7.488769521761661  15.839617686449902  0.74313577101814898  0
-7.4887695217616601  15.839617686449902  0.70146910435149135  0
-7.4887695217616601  15.8396176864499  0.6598024376848336  0
-7.4961105053197068  15.838104116637385  0.86813577101812556  0
-7.5036027914821144  15.83788828976844  0.86813577101812556  0
-7.5110187309251231  15.838976763633257  0.86813577101812556  0
-7.5181329940814043  15.841336465504245  0.86813577101812545  0
-7.5247294176649442  15.844895697034124  0.86813577101812545  0
-7.5306075726831088  15.849546312773915  0.86813577101812534  0
-7.535588854370161  15.85514700611769  0.86813577101812522  0
-7.5395219090026906  15.861527602832284  0.86813577101812511  0
-7.5422872327059087  15.868494231715266  0.868135771018125  0
-7.5438008025184153  15.875835215273307  0.86813577101812489  0
-7.5440166293873601  15.883327501435716  0.86813577101812478  0
-7.5429281555225431  15.890743440878724  0.86813577101812467  0
-7.540568453651554  15.897857704035005  0.86813577101812456  0
-7.537009222121676  15.904454127618544  0.86813577101812456  0
-7.5323586063818855  15.910332282636709  0.86813577101812445  0
-7.5267579130381108  15.915313564323762  0.86813577101812445  0
-7.5203773163235148  15.91924661895629  0.86813577101812445  0
-7.4961105053197068  15.838104116637385  0.61813577101817652  0
-7.5036027914821144  15.83788828976844  0.61813577101817652  0
-7.5110187309251231  15.838976763633257  0.61813577101817652  0
-7.5181329940814043  15.841336465504245  0.61813577101817641  0
-7.5247294176649442  15.844895697034124  0.61813577101817641  0
-7.5306075726831088  15.849546312773915  0.61813577101817629  0
-7.535588854370161  15.85514700611769  0.61813577101817618  0
-7.5395219090026906  15.861527602832284  0.61813577101817607  0
-7.5422872327059087  15.868494231715266  0.61813577101817596  0
-7.5438008025184153  15.875835215273307  0.61813577101817585  0
-7.5440166293873601  15.883327501435716  0.61813577101817574  0
-7.5429281555225431  15.890743440878724  0.61813577101817563  0
-7.540568453651554  15.897857704035005  0.61813577101817552  0
-7.537009222121676  15.904454127618544  0.61813577101817552  0
-7.5323586063818855  15.910332282636709  0.61813577101817541  0
-7.5267579130381108  15.915313564323762  0.61813577101817541  0
-7.5203773163235148  15.91924661895629  0.61813577101817541  0
-11.840084213645881  16.522724540438858  0.61813577101812922  0
-11.831324291387775  16.52703145824881  0.61813577101812922  0
-11.82194956360315  16.529751799763016  0.61813577101812933  0
-11.812244876651897  16.530802908781123  0.61813577101812944  0
-11.802505102536225  16.5301528478875  0.61813577101812955  0
-11.793026179364073  16.527821368853456  0.61813577101812966  0
-11.784096119419461  16.523879312489658  0.61813577101812978  0
-11.775986258054978  16.518446456183938  0.61813577101812989  0
-11.768943009304394  16.51168787452599  0.61813577101813  0
-11.763180378716942  16.503808923599482  0.61813577101813011  0
-11.758873460906988  16.495049001341378  0.61813577101813022  0
-11.756153119392785  16.48567427355675  0.61813577101813044  0
-11.75510201037468  16.475969586605501  0.61813577101813044  0
-11.755752071268301  16.466229812489829  0.61813577101813055  0
-11.758083550302343  16.456750889317675  0.61813577101813066  0
-11.762025606666144  16.447820829373061  0.61813577101813078  0
-11.767458462971863  16.43971096800858  0.61813577101813078  0
-11.8479631645724  16.5169619098514  0.68063577101811745  0
-11.847963164572402  16.5169619098514  0.74313577101810602  0
-11.847963164572402  16.516961909851403  0.80563577101809458  0
-11.840084213645881  16.522724540438858  0.86813577101808226  0
-11.831324291387775  16.52703145824881  0.86813577101808226  0
-11.82194956360315  16.529751799763016  0.86813577101808237  0
-11.812244876651897  16.530802908781123  0.86813577101808248  0
-11.802505102536225  16.5301528478875  0.86813577101808259  0
-11.793026179364073  16.527821368853456  0.8681357710180827  0
-11.784096119419461  16.523879312489658  0.86813577101808281  0
-11.775986258054978  16.518446456183938  0.86813577101808292  0
-11.768943009304394  16.51168787452599  0.86813577101808304  0
-11.763180378716942  16.503808923599482  0.86813577101808315  0
-11.758873460906988  16.495049001341378  0.86813577101808326  0
-11.756153119392785  16.48567427355675  0.86813577101808348  0
-11.75510201037468  16.475969586605501  0.86813577101808348  0
-11.755752071268301  16.466229812489829  0.86813577101808359  0
-11.758083550302343  16.456750889317675  0.8681357710180837  0
-11.762025606666144  16.447820829373061  0.86813577101808381  0
-11.767458462971863  16.43971096800858  0.86813577101808381  0
-11.774217044629802  16.432667719258003  0.805635771018124  0
-11.774217044629802  16.432667719257999  0.743135771018126  0
-11.7742170446298  16.432667719257999  0.680635771018128  0
-11.782095995556318  16.426905088670544  0.86813577101808381  0
-11.790855917814424  16.422598170860592  0.86813577101808381  0
-11.800230645599049  16.419877829346387  0.8681357710180837  0
-11.809935332550301  16.41882672032828  0.86813577101808359  0
-11.819675106665974  16.419476781221903  0.86813577101808348  0
-11.829154029838126  16.421808260255947  0.86813577101808337  0
-11.838084089782738  16.425750316619744  0.86813577101808326  0
-11.846193951147221  16.431183172925465  0.86813577101808315  0
-11.853237199897805  16.437941754583413  0.86813577101808304  0
-11.858999830485256  16.44582070550992  0.86813577101808292  0
-11.86330674829521  16.454580627768024  0.86813577101808281  0
-11.866027089809414  16.463955355552653  0.86813577101808259  0
-11.867078198827519  16.473660042503901  0.86813577101808259  0
-11.866428137933898  16.483399816619574  0.86813577101808248  0
-11.864096658899856  16.492878739791728  0.86813577101808237  0
-11.860154602536054  16.501808799736342  0.86813577101808226  0
-11.854721746230336  16.509918661100823  0.86813577101808226  0
-11.782095995556318  16.426905088670544  0.61813577101813078  0
-11.790855917814424  16.422598170860592  0.61813577101813078  0
-11.800230645599049  16.419877829346387  0.61813577101813066  0
-11.809935332550301  16.41882672032828  0.61813577101813055  0
-11.819675106665974  16.419476781221903  0.61813577101813044  0
-11.829154029838126  16.421808260255947  0.61813577101813033  0
-11.838084089782738  16.425750316619744  0.61813577101813022  0
-11.846193951147221  16.431183172925465  0.61813577101813011  0
-11.853237199897805  16.437941754583413  0.61813577101813  0
-11.858999830485256  16.44582070550992  0.61813577101812989  0
-11.86330674829521  16.454580627768024  0.61813577101812978  0
-11.866027089809414  16.463955355552653  0.61813577101812955  0
-11.867078198827519  16.473660042503901  0.61813577101812955  0
-11.866428137933898  16.483399816619574  0.61813577101812944  0
-11.864096658899856  16.492878739791728  0.61813577101812933  0
-11.860154602536054  16.501808799736342  0.61813577101812922  0
-11.854721746230336  16.509918661100823  0.61813577101812922  0
-7.4650842136458815  16.522724540438858  0.61813577101817219  0
-7.4563242913877765  16.52703145824881  0.61813577101817219  0
-7.44694956360315  16.529751799763016  0.6181357710181723  0
-7.4372448766518984  16.530802908781123  0.61813577101817241  0
-7.4275051025362258  16.5301528478875  0.61813577101817252  0
-7.418026179364074  16.527821368853456  0.61813577101817263  0
-7.4090961194194618  16.523879312489658  0.61813577101817274  0
-7.4009862580549779  16.518446456183938  0.61813577101817285  0
-7.3939430093043947  16.51168787452599  0.61813577101817296  0
-7.3881803787169424  16.503808923599482  0.61813577101817307  0
-7.3838734609069894  16.495049001341378  0.61813577101817319  0
-7.3811531193927857  16.48567427355675  0.61813577101817341  0
-7.3801020103746806  16.475969586605501  0.61813577101817341  0
-7.3807520712683017  16.466229812489829  0.61813577101817352  0
-7.3830835503023451  16.456750889317675  0.61813577101817363  0
-7.3870256066661444  16.447820829373061  0.61813577101817374  0
-7.3924584629718639  16.43971096800858  0.61813577101817374  0
-7.4729631645723913  16.5169619098514  0.68063577101816053  0
-7.4729631645723913  16.5169619098514  0.74313577101814898  0
-7.4729631645723922  16.516961909851403  0.80563577101813744  0
-7.4650842136458815  16.522724540438858  0.86813577101812522  0
-7.4563242913877765  16.52703145824881  0.86813577101812522  0
-7.44694956360315  16.529751799763016  0.86813577101812534  0
-7.4372448766518984  16.530802908781123  0.86813577101812545  0
-7.4275051025362258  16.5301528478875  0.86813577101812556  0
-7.418026179364074  16.527821368853456  0.86813577101812567  0
-7.4090961194194618  16.523879312489658  0.86813577101812578  0
-7.4009862580549779  16.518446456183938  0.86813577101812589  0
-7.3939430093043947  16.51168787452599  0.868135771018126  0
-7.3881803787169424  16.503808923599482  0.86813577101812611  0
-7.3838734609069894  16.495049001341378  0.86813577101812622  0
-7.3811531193927857  16.48567427355675  0.86813577101812645  0
-7.3801020103746806  16.475969586605501  0.86813577101812645  0
-7.3807520712683017  16.466229812489829  0.86813577101812656  0
-7.3830835503023451  16.456750889317675  0.86813577101812667  0
-7.3870256066661444  16.447820829373061  0.86813577101812678  0
-7.3924584629718639  16.43971096800858  0.86813577101812678  0
-7.399217044629812  16.432667719258003  0.80563577101813477  0
-7.3992170446298111  16.432667719257999  0.74313577101814743  0
-7.3992170446298111  16.432667719257999  0.6806357710181602  0
-7.4070959955563191  16.426905088670544  0.86813577101812678  0
-7.4158559178144241  16.422598170860592  0.86813577101812678  0
-7.4252306455990507  16.419877829346387  0.86813577101812667  0
-7.4349353325503023  16.41882672032828  0.86813577101812656  0
-7.4446751066659749  16.419476781221903  0.86813577101812645  0
-7.4541540298381266  16.421808260255947  0.86813577101812633  0
-7.4630840897827389  16.425750316619744  0.86813577101812622  0
-7.4711939511472227  16.431183172925465  0.86813577101812611  0
-7.4782371998978059  16.437941754583413  0.868135771018126  0
-7.4839998304852582  16.44582070550992  0.86813577101812589  0
-7.4883067482952113  16.454580627768024  0.86813577101812578  0
-7.4910270898094149  16.463955355552653  0.86813577101812556  0
-7.49207819882752  16.473660042503901  0.86813577101812556  0
-7.4914281379338989  16.483399816619574  0.86813577101812545  0
-7.4890966588998555  16.492878739791728  0.86813577101812534  0
-7.4851546025360562  16.501808799736342  0.86813577101812522  0
-7.4797217462303367  16.509918661100823  0.86813577101812522  0
-7.4070959955563191  16.426905088670544  0.61813577101817374  0
-7.4158559178144241  16.422598170860592  0.61813577101817374  0
-7.4252306455990507  16.419877829346387  0.61813577101817363  0
-7.4349353325503023  16.41882672032828  0.61813577101817352  0
-7.4446751066659749  16.419476781221903  0.61813577101817341  0
-7.4541540298381266  16.421808260255947  0.6181357710181733  0
-7.4630840897827389  16.425750316619744  0.61813577101817319  0
-7.4711939511472227  16.431183172925465  0.61813577101817307  0
-7.4782371998978059  16.437941754583413  0.61813577101817296  0
-7.4839998304852582  16.44582070550992  0.61813577101817285  0
-7.4883067482952113  16.454580627768024  0.61813577101817274  0
-7.4910270898094149  16.463955355552653  0.61813577101817252  0
-7.49207819882752  16.473660042503901  0.61813577101817252  0
-7.4914281379338989  16.483399816619574  0.61813577101817241  0
-7.4890966588998555  16.492878739791728  0.6181357710181723  0
-7.4851546025360562  16.501808799736342  0.61813577101817219  0
-7.4797217462303367  16.509918661100823  0.61813577101817219  0
-11.840084213645881  15.022724540438857  0.61813577101814321  0
-11.831324291387775  15.02703145824881  0.61813577101814321  0
-11.82194956360315  15.029751799763014  0.61813577101814332  0
-11.812244876651897  15.030802908781119  0.61813577101814343  0
-11.802505102536225  15.030152847887498  0.61813577101814354  0
-11.793026179364073  15.027821368853456  0.61813577101814365  0
-11.784096119419461  15.023879312489655  0.61813577101814376  0
-11.775986258054978  15.018446456183936  0.61813577101814388  0
-11.768943009304394  15.011687874525988  0.61813577101814399  0
-11.763180378716942  15.003808923599481  0.6181357710181441  0
-11.758873460906988  14.995049001341375  0.61813577101814421  0
-11.756153119392785  14.98567427355675  0.61813577101814443  0
-11.75510201037468  14.975969586605498  0.61813577101814443  0
-11.755752071268301  14.966229812489825  0.61813577101814454  0
-11.758083550302343  14.956750889317673  0.61813577101814465  0
-11.762025606666144  14.947820829373061  0.61813577101814476  0
-11.767458462971863  14.939710968008578  0.61813577101814476  0
-11.8479631645724  15.0169619098514  0.68063577101813255  0
-11.847963164572402  15.016961909851402  0.74313577101812101  0
-11.847963164572402  15.016961909851402  0.80563577101810946  0
-11.840523080212941  15.022456184604568  0.86813577101809725  0
-11.832280141004846  15.026650926974552  0.86813577101809725  0
-11.823459192841957  15.029431715324385  0.86813577101809736  0
-11.814300848195666  15.030722696996854  0.86813577101809736  0
-11.805054922833898  15.030488657377273  0.86813577101809747  0
-11.795973621498195  15.02873598045637  0.86813577101809758  0
-11.787304658415808  15.025512474691658  0.86813577101809769  0
-11.779284500301326  15.020906068917345  0.8681357710180978  0
-11.77213191616112  15.015042413874953  0.86813577101809791  0
-11.766042009845137  15.008081454788629  0.86813577101809813  0
-11.761180898122479  15.000213068476382  0.86813577101809825  0
-11.757681179448966  14.991651884005458  0.86813577101809836  0
-11.755638317026927  14.982631428170883  0.86813577101809847  0
-11.755108034817889  14.973397755493249  0.86813577101809858  0
-11.756104797538173  14.964202736492814  0.86813577101809869  0
-11.758601416099136  14.955297187318283  0.86813577101809869  0
-11.762529789254634  14.946924028136106  0.8681357710180988  0
-11.767782761225488  14.939311656901573  0.8681357710180988  0
-11.774217044629802  14.932667719258001  0.80563577101812744  0
-11.774217044629802  14.932667719258001  0.743135771018133  0
-11.7742170446298  14.932667719257999  0.68063577101813855  0
-11.782095995556318  14.926905088670543  0.8681357710180988  0
-11.790855917814424  14.922598170860589  0.8681357710180988  0
-11.800230645599049  14.919877829346385  0.86813577101809869  0
-11.809935332550301  14.91882672032828  0.86813577101809858  0
-11.819675106665974  14.919476781221901  0.86813577101809847  0
-11.829154029838126  14.921808260255943  0.86813577101809836  0
-11.838084089782738  14.925750316619744  0.86813577101809825  0
-11.846193951147221  14.931183172925463  0.86813577101809813  0
-11.853237199897805  14.937941754583411  0.86813577101809802  0
-11.858999830485256  14.945820705509918  0.86813577101809791  0
-11.86330674829521  14.954580627768024  0.8681357710180978  0
-11.866027089809414  14.963955355552649  0.86813577101809758  0
-11.867078198827519  14.973660042503901  0.86813577101809758  0
-11.866428137933898  14.983399816619574  0.86813577101809747  0
-11.864096658899856  14.992878739791726  0.86813577101809736  0
-11.860154602536054  15.001808799736338  0.86813577101809725  0
-11.854721746230336  15.009918661100821  0.86813577101809725  0
-11.782095995556318  14.926905088670543  0.61813577101814476  0
-11.790855917814424  14.922598170860589  0.61813577101814476  0
-11.800230645599049  14.919877829346385  0.61813577101814465  0
-11.809935332550301  14.91882672032828  0.61813577101814454  0
-11.819675106665974  14.919476781221901  0.61813577101814443  0
-11.829154029838126  14.921808260255943  0.61813577101814432  0
-11.838084089782738  14.925750316619744  0.61813577101814421  0
-11.846193951147221  14.931183172925463  0.6181357710181441  0
-11.853237199897805  14.937941754583411  0.61813577101814399  0
-11.858999830485256  14.945820705509918  0.61813577101814388  0
-11.86330674829521  14.954580627768024  0.61813577101814376  0
-11.866027089809414  14.963955355552649  0.61813577101814354  0
-11.867078198827519  14.973660042503901  0.61813577101814354  0
-11.866428137933898  14.983399816619574  0.61813577101814343  0
-11.864096658899856  14.992878739791726  0.61813577101814332  0
-11.860154602536054  15.001808799736338  0.61813577101814321  0
-11.854721746230336  15.009918661100821  0.61813577101814321  0
-7.4650842136458815  15.022724540438857  0.61813577101818717  0
-7.4563242913877765  15.02703145824881  0.61813577101818717  0
-7.44694956360315  15.029751799763014  0.61813577101818729  0
-7.4372448766518984  15.030802908781119  0.6181357710181874  0
-7.4275051025362258  15.030152847887498  0.61813577101818751  0
-7.418026179364074  15.027821368853456  0.61813577101818762  0
-7.4090961194194618  15.023879312489655  0.61813577101818773  0
-7.4009862580549779  15.018446456183936  0.61813577101818784  0
-7.3939430093043947  15.011687874525988  0.61813577101818795  0
-7.3881803787169424  15.003808923599481  0.61813577101818806  0
-7.3838734609069894  14.995049001341375  0.61813577101818817  0
-7.3811531193927857  14.98567427355675  0.6181357710181884  0
-7.3801020103746806  14.975969586605498  0.6181357710181884  0
-7.3807520712683017  14.966229812489825  0.61813577101818851  0
-7.3830835503023451  14.956750889317673  0.61813577101818862  0
-7.3870256066661444  14.947820829373061  0.61813577101818873  0
-7.3924584629718639  14.939710968008578  0.61813577101818873  0
-7.4729631645723913  15.0169619098514  0.68063577101817541  0
-7.4729631645723913  15.016961909851402  0.74313577101816397  0
-7.4729631645723922  15.016961909851402  0.80563577101815254  0
-7.4650842136458815  15.022724540438857  0.86813577101814021  0
-7.4563242913877765  15.02703145824881  0.86813577101814021  0
-7.44694956360315  15.029751799763014  0.86813577101814032  0
-7.4372448766518984  15.030802908781119  0.86813577101814043  0
-7.4275051025362258  15.030152847887498  0.86813577101814055  0
-7.418026179364074  15.027821368853456  0.86813577101814066  0
-7.4090961194194618  15.023879312489655  0.86813577101814077  0
-7.4009862580549779  15.018446456183936  0.86813577101814088  0
-7.3939430093043947  15.011687874525988  0.86813577101814099  0
-7.3881803787169424  15.003808923599481  0.8681357710181411  0
-7.3838734609069894  14.995049001341375  0.86813577101814121  0
-7.3811531193927857  14.98567427355675  0.86813577101814143  0
-7.3801020103746806  14.975969586605498  0.86813577101814143  0
-7.3807520712683017  14.966229812489825  0.86813577101814154  0
-7.3830835503023451  14.956750889317673  0.86813577101814166  0
-7.3870256066661444  14.947820829373061  0.86813577101814177  0
-7.3924584629718639  14.939710968008578  0.86813577101814177  0
-7.399217044629812  14.932667719258001  0.80563577101813855  0
-7.3992170446298111  14.932667719258001  0.74313577101815498  0
-7.3992170446298111  14.932667719257999  0.68063577101817141  0
-7.4070959955563191  14.926905088670543  0.86813577101814177  0
-7.4158559178144241  14.922598170860589  0.86813577101814177  0
-7.4252306455990507  14.919877829346385  0.86813577101814166  0
-7.4349353325503023  14.91882672032828  0.86813577101814154  0
-7.4446751066659749  14.919476781221901  0.86813577101814143  0
-7.4541540298381266  14.921808260255943  0.86813577101814132  0
-7.4630840897827389  14.925750316619744  0.86813577101814121  0
-7.4711939511472227  14.931183172925463  0.8681357710181411  0
-7.4782371998978059  14.937941754583411  0.86813577101814099  0
-7.4839998304852582  14.945820705509918  0.86813577101814088  0
-7.4883067482952113  14.954580627768024  0.86813577101814077  0
-7.4910270898094149  14.963955355552649  0.86813577101814055  0
-7.49207819882752  14.973660042503901  0.86813577101814055  0
-7.4914281379338989  14.983399816619574  0.86813577101814043  0
-7.4890966588998555  14.992878739791726  0.86813577101814032  0
-7.4851546025360562  15.001808799736338  0.86813577101814021  0
-7.4797217462303367  15.009918661100821  0.86813577101814021  0
-7.4070959955563191  14.926905088670543  0.61813577101818873  0
-7.4158559178144241  14.922598170860589  0.61813577101818873  0
-7.4252306455990507  14.919877829346385  0.61813577101818862  0
-7.4349353325503023  14.91882672032828  0.61813577101818851  0
-7.4446751066659749  14.919476781221901  0.6181357710181884  0
-7.4541540298381266  14.921808260255943  0.61813577101818828  0
-7.4630840897827389  14.925750316619744  0.61813577101818817  0
-7.4711939511472227  14.931183172925463  0.61813577101818806  0
-7.4782371998978059  14.937941754583411  0.61813577101818795  0
-7.4839998304852582  14.945820705509918  0.61813577101818784  0
-7.4883067482952113  14.954580627768024  0.61813577101818773  0
-7.4910270898094149  14.963955355552649  0.61813577101818751  0
-7.49207819882752  14.973660042503901  0.61813577101818751  0
-7.4914281379338989  14.983399816619574  0.6181357710181874  0
-7.4890966588998555  14.992878739791726  0.61813577101818729  0
-7.4851546025360562  15.001808799736338  0.61813577101818717  0
-7.4797217462303367  15.009918661100821  0.61813577101818717  0
-7.0512790619559595  15.831742630816768  0.82499695831858721  0
-7.0073413785049441  15.843653946533616  0.86813577101810935  0
-6.9885092397776241  15.821228013201909  0.86813577101810935  0
-6.9738574260086885  15.795872613616739  0.86813577101810946  0
-6.9638311251453322  15.76835815876405  0.86813577101810946  0
-6.9587349812657342  15.739520661431555  0.86813577101810957  0
-6.9587238381229026  15.710236334383225  0.86813577101810968  0
-6.9637980342955936  15.681394967077837  0.86813577101810979  0
-6.9738033929007681  15.653872889866532  0.8681357710181099  0
-6.9884359061801637  15.628506347138531  0.86813577101811001  0
-7.0072509726221934  15.606066088458533  0.86813577101811013  0
-7.0296769059539006  15.587233949731214  0.86813577101811024  0
-7.0550323055390711  15.572582135962278  0.86813577101811035  0
-7.0825467603917591  15.562555835098921  0.86813577101811046  0
-7.1113842577242536  15.557459691219323  0.86813577101811057  0
-7.1406685847725839  15.557448548076492  0.86813577101811057  0
-7.1695099520779708  15.562522744249184  0.86813577101811068  0
-7.1970320292892769  15.572528102854358  0.86813577101811068  0
-7.1937353389892564  15.628129125679019  0.81061735408544633  0
-7.2080669555032673  15.607644870906409  0.83937656255178283  0
-7.2448388306972751  15.605975682575783  0.86813577101811068  0
-7.2636709694245951  15.628401615907491  0.86813577101811068  0
-7.2783227831935307  15.65375701549266  0.86813577101811057  0
-7.288349084056887  15.681271470345349  0.86813577101811057  0
-7.2934452279364859  15.710108967677844  0.86813577101811046  0
-7.2934563710793165  15.739393294726174  0.86813577101811035  0
-7.2883821749066255  15.768234662031562  0.86813577101811024  0
-7.2783768163014511  15.795756739242867  0.86813577101811013  0
-7.2637443030220554  15.821123281970868  0.86813577101811001  0
-7.2449292365800257  15.843563540650866  0.8681357710181099  0
-7.2225033032483186  15.862395679378185  0.86813577101810979  0
-7.197147903663148  15.877047493147121  0.86813577101810968  0
-7.1696334488104601  15.887073794010478  0.86813577101810957  0
-7.1407959514779655  15.892169937890076  0.86813577101810946  0
-7.1115116244296352  15.892181081032907  0.86813577101810946  0
-7.0826702571242484  15.887106884860215  0.86813577101810935  0
-7.0551481799129423  15.877101526255041  0.86813577101810935  0
-11.931279061955962  15.831742630816779  0.82499695831860276  0
-11.887341378504914  15.843653946533635  0.86813577101814332  0
-11.868509239777591  15.821228013201925  0.86813577101814332  0
-11.853857426008652  15.795872613616751  0.86813577101814343  0
-11.843831125145295  15.768358158764057  0.86813577101814343  0
-11.838734981265695  15.739520661431557  0.86813577101814354  0
-11.838723838122863  15.710236334383222  0.86813577101814365  0
-11.843798034295556  15.68139496707783  0.86813577101814376  0
-11.853803392900732  15.65387288986652  0.86813577101814388  0
-11.86843590618013  15.628506347138515  0.86813577101814399  0
-11.887250972622164  15.606066088458514  0.8681357710181441  0
-11.909676905953875  15.587233949731191  0.86813577101814421  0
-11.935032305539048  15.572582135962252  0.86813577101814432  0
-11.962546760391742  15.562555835098895  0.86813577101814443  0
-11.991384257724242  15.557459691219295  0.86813577101814454  0
-12.020668584772578  15.557448548076463  0.86813577101814454  0
-12.049509952077969  15.562522744249156  0.86813577101814465  0
-12.077032029289279  15.572528102854331  0.86813577101814465  0
-12.080901147246244  15.617886998292711  0.82499695831861719  0
-12.124838830697286  15.605975682575764  0.86813577101814465  0
-12.143670969424608  15.628401615907475  0.86813577101814465  0
-12.158322783193547  15.653757015492648  0.86813577101814454  0
-12.168349084056905  15.681271470345342  0.86813577101814454  0
-12.173445227936504  15.710108967677842  0.86813577101814443  0
-12.173456371079336  15.739393294726177  0.86813577101814432  0
-12.168382174906643  15.768234662031569  0.86813577101814421  0
-12.158376816301468  15.795756739242879  0.8681357710181441  0
-12.14374430302207  15.821123281970884  0.86813577101814399  0
-12.124929236580035  15.843563540650885  0.86813577101814388  0
-12.102503303248325  15.862395679378208  0.86813577101814376  0
-12.077147903663151  15.877047493147147  0.86813577101814365  0
-12.049633448810457  15.887073794010504  0.86813577101814354  0
-12.020795951477957  15.892169937890104  0.86813577101814343  0
-11.991511624429622  15.892181081032936  0.86813577101814343  0
-11.96267025712423  15.887106884860243  0.86813577101814332  0
-11.93514817991292  15.877101526255068  0.86813577101814332  0
-11.631069703882494  15.611525512472015  0.61813577101815842  0
-11.623577417720085  15.611741339340961  0.61813577101815842  0
-11.616161478277077  15.610652865476144  0.61813577101815842  0
-11.609047215120796  15.608293163605156  0.61813577101815853  0
-11.602450791537256  15.604733932075277  0.61813577101815853  0
-11.596572636519092  15.600083316335486  0.61813577101815864  0
-11.591591354832039  15.594482622991711  0.61813577101815875  0
-11.587658300199511  15.588102026277117  0.61813577101815886  0
-11.584892976496292  15.581135397394135  0.61813577101815897  0
-11.583379406683786  15.573794413836094  0.61813577101815909  0
-11.58316357981484  15.566302127673685  0.6181357710181592  0
-11.584252053679657  15.558886188230677  0.61813577101815931  0
-11.586611755550646  15.551771925074396  0.61813577101815942  0
-11.590170987080525  15.545175501490856  0.61813577101815942  0
-11.594821602820316  15.539297346472692  0.61813577101815953  0
-11.600422296164091  15.534316064785639  0.61813577101815953  0
-11.606802892878685  15.530383010153111  0.61813577101815953  0
-11.621110505319708  15.526104116637386  0.61813577101815953  0
-11.628602791482116  15.52588828976844  0.61813577101815953  0
-11.636018730925125  15.526976763633257  0.61813577101815953  0
-11.643132994081405  15.529336465504246  0.61813577101815942  0
-11.649729417664945  15.532895697034125  0.61813577101815942  0
-11.65560757268311  15.537546312773916  0.61813577101815931  0
-11.660588854370163  15.543147006117691  0.6181357710181592  0
-11.664521909002691  15.549527602832285  0.61813577101815909  0
-11.66728723270591  15.556494231715266  0.61813577101815897  0
-11.668800802518415  15.563835215273308  0.61813577101815886  0
-11.669016629387361  15.571327501435716  0.61813577101815875  0
-11.667928155522544  15.578743440878725  0.61813577101815864  0
-11.665568453651556  15.585857704035005  0.61813577101815853  0
-11.662009222121677  15.592454127618545  0.61813577101815853  0
-11.657358606381885  15.59833228263671  0.61813577101815842  0
-11.651757913038111  15.603313564323763  0.61813577101815842  0
-11.645377316323517  15.607246618956291  0.61813577101815842  0
-11.621110505319708  15.526104116637386  0.86813577101810857  0
-11.628602791482116  15.52588828976844  0.86813577101810857  0
-11.636018730925125  15.526976763633257  0.86813577101810857  0
-11.643132994081405  15.529336465504246  0.86813577101810846  0
-11.649729417664945  15.532895697034125  0.86813577101810846  0
-11.65560757268311  15.537546312773916  0.86813577101810835  0
-11.660588854370163  15.543147006117691  0.86813577101810824  0
-11.664521909002691  15.549527602832285  0.86813577101810813  0
-11.66728723270591  15.556494231715266  0.86813577101810802  0
-11.668800802518415  15.563835215273308  0.8681357710181079  0
-11.669016629387361  15.571327501435716  0.86813577101810779  0
-11.667928155522544  15.578743440878725  0.86813577101810768  0
-11.665568453651556  15.585857704035005  0.86813577101810757  0
-11.662009222121677  15.592454127618545  0.86813577101810757  0
-11.657358606381885  15.59833228263671  0.86813577101810746  0
-11.651757913038111  15.603313564323763  0.86813577101810746  0
-11.645377316323517  15.607246618956291  0.86813577101810746  0
-11.631069703882494  15.611525512472015  0.86813577101810746  0
-11.623577417720085  15.611741339340961  0.86813577101810746  0
-11.616161478277077  15.610652865476144  0.86813577101810746  0
-11.609047215120796  15.608293163605156  0.86813577101810757  0
-11.602450791537256  15.604733932075277  0.86813577101810757  0
-11.596572636519092  15.600083316335486  0.86813577101810768  0
-11.591591354832039  15.594482622991711  0.86813577101810779  0
-11.587658300199511  15.588102026277117  0.8681357710181079  0
-11.584892976496292  15.581135397394135  0.86813577101810802  0
-11.583379406683786  15.573794413836094  0.86813577101810813  0
-11.58316357981484  15.566302127673685  0.86813577101810824  0
-11.584252053679657  15.558886188230677  0.86813577101810835  0
-11.586611755550646  15.551771925074396  0.86813577101810846  0
-11.590170987080525  15.545175501490856  0.86813577101810846  0
-11.594821602820316  15.539297346472692  0.86813577101810857  0
-11.600422296164091  15.534316064785639  0.86813577101810857  0
-11.606802892878685  15.530383010153111  0.86813577101810857  0
-11.6384106874405  15.610011942659501  0.65980243768481717  0
-11.6384106874405  15.610011942659503  0.70146910435147536  0
-11.6384106874405  15.610011942659503  0.74313577101813344  0
-11.6384106874405  15.610011942659503  0.78480243768479163  0
-11.638410687440501  15.610011942659504  0.82646910435144982  0
-11.613769521761702  15.527617686449902  0.8181357710181294  0
-11.6137695217617  15.527617686449902  0.76813577101813679  0
-11.6137695217617  15.527617686449902  0.71813577101814419  0
-11.6137695217617  15.527617686449901  0.66813577101815158  0
-11.977820413745174  15.636215576470454  0.66506405517207989  0
-12.024097387790956  15.633574811473164  0.74137264327591945  0
-12.082274641140254  15.671477053048305  0.73556882617415742  0
-12.084988327027121  15.774049669162112  0.73504418242000247  0
-12.098863423674146  15.718325463403049  0.66621409708013013  0
-12.094983094089947  15.752146789052242  0.66601423019488981  0
-12.010874298347364  15.63193795037208  0.66601185115718775  0
-11.986860283326381  15.633824626160891  0.73504226654146099  0
-12.043974656510393  15.639880951244294  0.66621206123838272  0
-12.058473169268016  15.647970719490079  0.73630234136703054  0
-12.096219593895874  15.701887198680783  0.73630380048052502  0
-12.097982284242729  15.739126618456003  0.74137475262667685  0
-12.071627445686911  15.65883104887252  0.66541143825510018  0
-12.090535187097274  15.685852929944057  0.66541222815509149  0
-12.079635125012127  15.781736957723597  0.66506547673640581  0
-11.916268644335434  15.748920948337245  0.6643003779369584  0
-11.981351218705289  15.814464064048675  0.73538130080836805  0
-11.924982554038314  15.679311345984667  0.65963218179681571  0
-11.931653629852443  15.780566152091939  0.74684694648322847  0
-12.040050713679921  15.811392395031371  0.72706241053652299  0
-11.932030573519054  15.668563714422293  0.7341569909980481  0
-11.951717006462532  15.800263914012628  0.73744551946184222  0
-11.920211147583615  15.760505221554167  0.7295447560731203  0
-11.91357836305653  15.715297562504382  0.66373321133983942  0
-11.997293515870782  15.817397860718176  0.66489419956410645  0
-12.013008485472515  15.817557126453407  0.73394712331716949  0
-12.029076560710349  15.814929315306445  0.66471727018367721  0
-11.913360203421956  15.731897599141616  0.7338676958865572  0
-11.965210250725317  15.80834826867515  0.66580517232293945  0
-11.933983836203378  15.7835488461544  0.66850148339143234  0
-11.916759228595657  15.698949876853272  0.73386122303492574  0
-7.2154838163892974  15.699167890705484  0.66610415288447256  0
-7.2186127861217155  15.715404510923376  0.73627770674876414  0
-7.175944636434691  15.646306687167453  0.66159142095846957  0
-7.1270467887806683  15.631819733149396  0.6698820038063954  0
-7.2187911448184536  15.732265824742548  0.66551904773341719  0
-7.1105767257364727  15.633117838124717  0.73952668650090403  0
-7.1505550092507697  15.635090409565414  0.72532972998344458  0
-7.207545529760413  15.679937045867806  0.74116597275951501  0
-7.1510252725747376  15.635219960861392  0.65187324475313968  0
-7.1957914520708313  15.786383658713921  0.67298580060288671  0
-7.2028723999260977  15.777288422538369  0.73538348868704373  0
-7.0978133002797277  15.63621784650517  0.66626081337674081  0
-7.2160730204680839  15.748311096436611  0.73557455546358641  0
-7.1834753577349799  15.651630573539579  0.73414832447125156  0
-7.2003223291615415  15.668791808146556  0.66534849279817387  0
-7.2108517618195345  15.763083102676635  0.66626701564644464  0
-7.0516780625337798  15.780598758531172  0.74686177256984232  0
-7.0852179126111112  15.808352017836425  0.66580229383869893  0
-7.0717285866108099  15.800272258004568  0.73744468625753767  0
-7.0564144401534916  15.663216907171552  0.67294285972504475  0
-7.1490734618401648  15.814930105711197  0.66471328741815938  0
-7.0413873060343262  15.686416424938008  0.66610233258616436  0
-7.0363581444897019  15.749251994113012  0.6645340188373251  0
-7.1600482176389342  15.811393374077879  0.7270594910587207  0
-7.0334076403982975  15.732493436794066  0.73425914798388026  0
-7.1172911363150648  15.817397634598702  0.66488793110066224  0
-7.0540237625394218  15.783597828700351  0.66853226711154479  0
-7.0402777606346838  15.760665086983066  0.72964568974412614  0
-7.0361977274916665  15.700974492664802  0.73516232411779181  0
-7.1013510926929673  15.814464029275232  0.73537469514873566  0
-7.1330047990097611  15.817557401382079  0.73394154157974467  0
-7.0493524935501997  15.672275881748645  0.735294042715536  0
-7.0334307374504883  15.71686232504217  0.66492095221181313  0
-6.3927567712677664  13.9748148145547  0.74313577101812101  0
-9.7866961652071609  13.9748148145547  0.74313577101812101  0
-10.847302225813221  13.9748148145547  0.74313577101812101  0
-9.9988173773283719  13.9748148145547  0.74313577101812101  0
-10.423059801570798  13.9748148145547  0.74313577101812101  0
-11.482547377842314  13.9748148145547  0.74313577101812101  0
-8.7260901046011004  13.9748148145547  0.74313577101812101  0
-10.635181013692009  13.9748148145547  0.74313577101812101  0
-10.210938589449587  13.9748148145547  0.74313577101812101  0
-9.5745749530859499  13.9748148145547  0.74313577101812101  0
-7.4533628318738279  13.9748148145547  0.74313577101812101  0
-6.8169991955101912  13.9748148145547  0.74313577101812101  0
-5.7636416873404936  13.9748148145547  0.74313577101812101  0
-7.8776052561162517  13.9748148145547  0.74313577101812101  0
-11.271544650055645  13.9748148145547  0.74313577101812101  0
-11.864239094215646  13.9748148145547  0.74313577101812101  0
-7.0291204076314031  13.9748148145547  0.74313577101812101  0
-8.0897264682374637  13.9748148145547  0.74313577101812101  0
-5.5879411149865552  13.9748148145547  0.74313577101812101  0
-8.3018476803586765  13.9748148145547  0.74313577101812101  0
-11.059423437934434  13.9748148145547  0.74313577101812101  0
-5.9696328313598883  13.9748148145547  0.74313577101812101  0
-7.241241619752615  13.9748148145547  0.74313577101812101  0
-7.6654840439950389  13.9748148145547  0.74313577101812101  0
-8.5139688924798875  13.9748148145547  0.74313577101812101  0
-6.1806355591465545  13.9748148145547  0.74313577101812101  0
-8.9382113167223132  13.9748148145547  0.74313577101812101  0
-11.688538521861707  13.9748148145547  0.74313577101812101  0
-9.1503325288435242  13.9748148145547  0.74313577101812101  0
-9.3624537409647353  13.9748148145547  0.74313577101812101  0
-6.6048779833889792  13.9748148145547  0.74313577101812101  0
-12.2260901046011  14.313735102321814  0.74372274757822199  0
-12.2260901046011  16.940658919394284  0.74634695095039605  0
-12.2260901046011  15.724814814554701  0.74893883160526276  0
-12.2260901046011  14.888907455464823  0.74881317366822375  0
-12.2260901046011  15.921895534185527  0.75986705479140759  0
-12.2260901046011  16.753883041641881  0.76209915853679622  0
-12.2260901046011  16.364123044380374  0.75985931455056477  0
-12.2260901046011  16.142587648561648  0.73008891214720661  0
-12.2260901046011  16.560722173644574  0.74881317366822375  0
-12.2260901046011  14.508970709715118  0.74634695095039605  0
-12.2260901046011  15.085506584729027  0.75985931455056477  0
-12.2260901046011  17.135894526787585  0.74372274757822199  0
-12.2260901046011  15.307041980547753  0.73008891214720661  0
-12.2260901046011  14.695746587467518  0.76209915853679622  0
-12.2260901046011  15.527734094923872  0.75986705479140759  0
-5.9696328313598883  17.474814814554701  0.74313577101812101  0
-6.3927567712677673  17.474814814554701  0.74313577101812101  0
-7.8776052561162517  17.474814814554701  0.74313577101812101  0
-7.4533628318738279  17.474814814554701  0.74313577101812101  0
-11.864239094215646  17.474814814554701  0.74313577101812101  0
-7.0291204076314031  17.474814814554701  0.74313577101812101  0
-10.423059801570798  17.474814814554701  0.74313577101812101  0
-6.1806355591465545  17.474814814554701  0.74313577101812101  0
-10.210938589449587  17.474814814554701  0.74313577101812101  0
-7.241241619752615  17.474814814554701  0.74313577101812101  0
-8.0897264682374654  17.474814814554701  0.74313577101812101  0
-5.5879411149865552  17.474814814554701  0.74313577101812101  0
-9.1503325288435242  17.474814814554701  0.74313577101812101  0
-10.635181013692009  17.474814814554701  0.74313577101812101  0
-8.9382113167223132  17.474814814554701  0.74313577101812101  0
-9.362453740964737  17.474814814554701  0.74313577101812101  0
-5.7636416873404936  17.474814814554701  0.74313577101812101  0
-9.7866961652071609  17.474814814554701  0.74313577101812101  0
-8.7260901046011004  17.474814814554701  0.74313577101812101  0
-6.6048779833889792  17.474814814554701  0.74313577101812101  0
-9.5745749530859499  17.474814814554701  0.74313577101812101  0
-10.847302225813223  17.474814814554701  0.74313577101812101  0
-7.6654840439950398  17.474814814554701  0.74313577101812145  0
-8.3018476803586765  17.474814814554701  0.74313577101812101  0
-6.8169991955101912  17.474814814554701  0.74313577101812101  0
-9.9988173773283719  17.474814814554701  0.74313577101812101  0
-11.271544650055645  17.474814814554701  0.74313577101812101  0
-8.5139688924798875  17.474814814554701  0.74313577101812101  0
-11.482547377842314  17.474814814554701  0.74313577101812101  0
-11.059423437934434  17.474814814554701  0.74313577101812101  0
-11.688538521861707  17.474814814554701  0.74313577101812101  0
-5.2260901046011004  16.34246187337823  0.74313577101812101  0
-5.2260901046011004  17.123487237944818  0.74313577101812101  0
-5.2260901046011004  15.930697167495877  0.74313577101812101  0
-5.2260901046011004  14.696466214131171  0.74313577101812101  0
-5.2260901046011004  15.518932461613524  0.74313577101812101  0
-5.2260901046011004  16.136579520437053  0.74313577101812101  0
-5.2260901046011004  16.952949991466699  0.74313577101812101  0
-5.2260901046011004  15.313050108672346  0.74313577101812101  0
-5.2260901046011004  15.107167755731171  0.74313577101812101  0
-5.2260901046011004  14.901380915731171  0.74313577101812101  0
-5.2260901046011004  15.724814814554701  0.74313577101812101  0
-5.2260901046011004  16.548248713378229  0.74313577101812101  0
-5.2260901046011004  14.326142391164582  0.74313577101812101  0
-5.2260901046011004  14.4966796376427  0.74313577101812101  0
-5.2260901046011004  16.753163414978228  0.74313577101812101  0
-5.9822409089132087  16.908707804132089  0.64958003989449342  0
-5.9883711214941897  16.887046172518101  0.67712133267574892  0
-6.0567543458982307  16.965612980151608  0.67612569212280693  0
-6.0362903979931568  16.96878588967142  0.83504357203631885  0
-6.0144886578601966  16.963598393646098  0.82575524078312723  0
-5.987181146490526  16.889485044352416  0.83684056126798378  0
-5.997262016009727  16.95114322928282  0.66790626327442437  0
-5.9848342842863875  16.930130062060954  0.67464207749303662  0
-6.0569347767783963  16.965548850282364  0.83571941773033864  0
-6.0099242757992704  16.96121611909809  0.7436345491630072  0
-6.0374698561411826  16.968811381283775  0.64969023254578095  0
-6.0169374894670229  16.964666208620677  0.65570825424887091  0
-6.0526819495440058  16.966880314226472  0.76923757913012591  0
-5.9912183517233482  16.943458557403165  0.74697224038989551  0
-5.9860144969751907  16.933409262446986  0.82003649984505034  0
-5.987799607951013  16.888180161314128  0.76645663090720817  0
-5.9821295808956148  16.910712439658688  0.81325222249342655  0
-5.9973416712886465  16.951227903159712  0.82011205694195266  0
-6.0290420319114721  16.968079021544387  0.77711155023294887  0
-5.982284841592044  16.908148679742482  0.72276119797989524  0
-6.0335738633399734  16.968632408183119  0.71191319355706195  0
-5.9835620926293425  16.92557005285132  0.75552920005877877  0
-6.082644563336439  16.878889891557044  0.64334059893687101  0
-6.0222607411388056  16.85909860242117  0.65775820590419987  0
-6.0938329744402884  16.918175099592567  0.7136016360848324  0
-6.0923192289434072  16.898843334079732  0.66430157113283128  0
-6.0200452578358465  16.85980176239946  0.72756237292533055  0
-6.094002115401878  16.915952846072976  0.84468414613349407  0
-6.0623432007182139  16.862339201410038  0.74028787472711233  0
-6.0875585116198359  16.939061279090417  0.67521590807446374  0
-6.0381508093790455  16.856814845728589  0.83501911047762656  0
-6.0936014365855549  16.920196698792985  0.65125243155869161  0
-6.0643410058006744  16.863348761752743  0.66069740392074494  0
-6.0811223745291532  16.876978744200446  0.7058405471722573  0
-6.093987150173457  16.91620899926944  0.78617305500841106  0
-6.091341100048524  16.895484734420599  0.74598366730920573  0
-6.0776351358364051  16.873163954561573  0.84293094309944772  0
-6.0424102680512224  16.856981702682262  0.64158739590282443  0
-6.040185247510709  16.856854019619462  0.77266990595148499  0
-6.0591443782023253  16.860923411059318  0.82196997090348711  0
-6.0421543980757066  16.85696249399281  0.70009848702790667  0
-6.0793270423408075  16.874926621678195  0.78043099486406109  0
-6.0882348968660489  16.937744716325486  0.7587091691109854  0
-6.0186504851872176  16.860297185222837  0.81105563396185221  0
-6.089226244082206  16.935642329368296  0.82851333613211786  0
-6.0906059902027083  16.893370484968038  0.82557413811557356  0
-5.9821807760340597  14.909629351828762  0.78263002607219145  0
-5.9960542057725608  14.94981459027392  0.67633439214821534  0
-6.0343057654602772  14.9686868019085  0.70889189672931641  0
-6.0527858441552986  14.966852166752519  0.76773175356369072  0
-6.0172333175519128  14.964785908708862  0.65504914544811033  0
-6.0569030493591365  14.965560177413696  0.83518477691662873  0
-6.0568769936553091  14.965569463575054  0.6754700328845199  0
-5.9849737781423746  14.930553361764824  0.73677985337090768  0
-5.9958772265116007  14.949612547052734  0.83590396801055511  0
-5.9821807416283477  14.909629955754603  0.84349548699725319  0
-5.9878028800106007  14.888173482679569  0.75698385827395309  0
-5.9853672372732811  14.931690710674591  0.82171504907429249  0
-6.0292699374133027  14.968115852920858  0.77248083935905809  0
-6.0359797225731064  14.968775036867447  0.83333934253175834  0
-5.9822535452788079  14.908539438940331  0.64510289213829153  0
-5.9843609467318517  14.928600180824041  0.66026340652991677  0
-5.9822535915242545  14.908538835016051  0.70923740394822887  0
-6.0129256982254073  14.96284233543426  0.73367392021252331  0
-5.9958380779226577  14.949567589077994  0.77052775938299822  0
-6.0376673566558638  14.968813220583538  0.64896809283426138  0
-5.9883586969224449  14.887070159111381  0.67368659982936863  0
-6.0119850570638711  14.962357994576525  0.81878855810464268  0
-5.9869259081848671  14.890050254407912  0.82759168113005632  0
-6.0623432007182139  14.862339201410036  0.74028787472713098  0
-6.0882348968660489  14.937744716325488  0.75870916911100494  0
-6.0923192289434072  14.898843334079734  0.66430157113285049  0
-6.0643410058006744  14.863348761752743  0.6606974039207637  0
-6.0936014365855549  14.920196698792983  0.65125243155871071  0
-6.040185247510709  14.85685401961946  0.77266990595150253  0
-6.0793270423408075  14.874926621678195  0.78043099486408041  0
-6.094002115401878  14.915952846072976  0.84468414613351395  0
-6.0200452578358465  14.85980176239946  0.72756237292534598  0
-6.082644563336439  14.878889891557046  0.64334059893689011  0
-6.0421543980757066  14.856962493992812  0.70009848702792443  0
-6.0938329744402884  14.918175099592569  0.71360163608485172  0
-6.0776351358364051  14.873163954561575  0.84293094309946737  0
-6.0424102680512224  14.856981702682264  0.64158739590284308  0
-6.0811223745291532  14.876978744200448  0.70584054717227629  0
-6.089226244082206  14.935642329368296  0.82851333613213773  0
-6.093987150173457  14.91620899926944  0.78617305500843071  0
-6.0591443782023253  14.86092341105932  0.82196997090350632  0
-6.0186504851872176  14.860297185222837  0.81105563396186797  0
-6.0222607411388056  14.85909860242117  0.65775820590421752  0
-6.0875585116198359  14.939061279090415  0.67521590807448295  0
-6.0906059902027083  14.893370484968038  0.82557413811559333  0
-6.0381508093790455  14.856814845728588  0.83501911047764521  0
-6.091341100048524  14.895484734420601  0.74598366730922516  0
-7.4636225092691761  15.547715539078267  0.78496642655565951  0
-7.4680870006939886  15.596379198423815  0.77402833524522385  0
-7.4638681824918844  15.547285099273658  0.72219243517527276  0
-7.4720738074305242  15.600548938523961  0.83452133200861134  0
-7.4581531917826336  15.5664863723272  0.65161587070743676  0
-7.4837663285437692  15.608170715112344  0.84132282992510399  0
-7.4791153763198643  15.605775759382361  0.7125626450555842  0
-7.4582525635399879  15.565080487115273  0.82261834368919817  0
-7.4707659953638146  15.59930167278169  0.65338031433137278  0
-7.4627602216446389  15.549325838231368  0.65748689672858585  0
-7.458649999740266  15.561898339658576  0.74931062143048677  0
-7.4614895397940435  15.585571765129  0.83365548893204411  0
-7.4970643220034852  15.611625948621253  0.74604594741773811  0
-7.4609011048093556  15.584106787001922  0.64886230280953194  0
-7.4594465401199361  15.579529928314738  0.76549955297559913  0
-7.4584031775871349  15.57399423418356  0.70364878329500202  0
-7.4975374612977257  15.611667805712221  0.66842882693113315  0
-7.4633153962123737  15.548270434989139  0.84305787689926182  0
-7.4729952548023872  15.536262095154086  0.64161883930344399  0
-7.4743094881706469  15.535172598379303  0.75131204251226602  0
-7.4746277523528866  15.534921687831446  0.82125473652471559  0
-7.4642628495850643  15.591012864324247  0.70967251227108863  0
-7.4738715728124303  15.535525902694195  0.69315212492822409  0
-7.4980954571480778  15.611710411207735  0.82078396424346101  0
-7.4591070350953643  15.559518471162598  0.6968627826353998  0
-7.4821928639192157  15.607439863683453  0.78821487882935726  0
-7.4828760415028448  15.607766682687567  0.64813189657462456  0
-7.5272892753202898  15.602911787722626  0.66635381007827599  0
-7.5434193127976448  15.576380411625717  0.65163114623551743  0
-7.5374944005885807  15.545929724228392  0.72593425813172463  0
-7.5423106463162606  15.556572794039438  0.84355815453180805  0
-7.5033826753029755  15.525875971473358  0.71716032561099985  0
-7.5065592189254211  15.526164035967495  0.64675079362313359  0
-7.5278072112670475  15.602507489381551  0.74181290722293602  0
-7.5344216367292312  15.541648491807985  0.81974562468991019  0
-7.5440750175091527  15.569953843911012  0.73271579965995226  0
-7.5184489389188585  15.529474364675272  0.83539315807058334  0
-7.5385649622993638  15.589901188498136  0.70252845070317471  0
-7.5234587641539363  15.532090936826489  0.66942127706006294  0
-7.5383329193637278  15.59030836880113  0.8416865834656666  0
-7.5425842278733217  15.557534838514965  0.65945809449925574  0
-7.5272682236814576  15.602927952888813  0.81887829714225968  0
-7.5358798842550945  15.543542866525039  0.65153486341704536  0
-7.5216138250414275  15.531028877688261  0.75959850442261112  0
-7.5033699126037092  15.525875291955371  0.84131446204109817  0
-7.5388786159098542  15.589333794516087  0.77685669115726408  0
-7.537555713047988  15.591602081310187  0.64581876642781189  0
-7.5042281878129842  15.525929472544377  0.78995475929716863  0
-7.542411680940349  15.556918283361659  0.78909401209421337  0
-7.5438496151552412  15.573356222129204  0.82353728146502858  0
-11.606805964001284  15.919248160062397  0.64798686962689656  0
-11.588314075108427  15.860272864273488  0.84537522471133097  0
-11.585019058076883  15.893549384158455  0.65313729437198209  0
-11.599197804049128  15.84726180728844  0.66830176894019089  0
-11.586740347462561  15.898152540435717  0.76821168086444214  0
-11.583120674111214  15.879193651712143  0.7740953841219953  0
-11.60054459793073  15.915404223548517  0.69538814540853655  0
-11.618048965697168  15.923056265887665  0.71133098550194584  0
-11.620864533690124  15.923496116482381  0.77761939532072655  0
-11.624570727805473  15.923787964540946  0.65357154494850311  0
-11.599354583858986  15.847136749642429  0.82140425129865813  0
-11.58446885610519  15.891616286640902  0.82992790702457009  0
-11.583496413833897  15.87491755820829  0.64947770096640967  0
-11.592160023187448  15.90722976677594  0.82807840614109074  0
-11.589762788178117  15.903821904920319  0.70642223992157638  0
-11.583382716291833  15.885822719245168  0.71058664503274338  0
-11.58783594114267  15.861177627798883  0.78898572763347596  0
-11.607024446979658  15.919357009939104  0.83385430415716533  0
-11.598439936665212  15.847883547668891  0.74618715056560458  0
-11.58900174882732  15.85905581660937  0.64739067137077788  0
-11.592905241400068  15.908160106286847  0.65105092614767501  0
-11.586559078269566  15.863894469322915  0.71214956367765558  0
-11.600426061599844  15.915316365569359  0.76013280153364826  0
-11.625012589324202  15.923801313439998  0.83245087415300201  0
-11.583470339388532  15.875109050906184  0.83468638333367384  0
-11.650126359049009  15.916469528095869  0.65344101638213659  0
-11.661586662746343  15.905084023141486  0.65333232260505969  0
-11.668565094498481  15.887513721839085  0.65016524904624862  0
-11.6319539266928  15.838216508061789  0.84306906840211104  0
-11.647166684844796  15.843334447816655  0.74811779720511695  0
-11.659050676790626  15.853199586753242  0.77893180907154058  0
-11.669003128004785  15.878081218399034  0.71197254558532252  0
-11.667351169006849  15.868710076238981  0.77437009279875746  0
-11.665217556427537  15.898648564557361  0.71022877087252723  0
-11.667227022981992  15.86829466792172  0.65322469221073953  0
-11.653039022002186  15.914322365591699  0.8354416311184395  0
-11.665036365141249  15.899040865018977  0.83091009202017641  0
-11.65683814763319  15.91087405565098  0.76880170276349713  0
-11.663175155298878  15.85905018406552  0.83576712920489893  0
-11.669062978567275  15.879287650950275  0.83570183148902877  0
-11.661713162497955  15.856731669584313  0.7118076956125815  0
-11.648663822089613  15.844216626015701  0.82456804194193978  0
-11.63130376090556  15.838132055581944  0.64683238968359003  0
-11.628416655216649  15.837877799197079  0.71534289199930268  0
-11.659120346586398  15.853282955918202  0.64419848274313551  0
-11.646867013885904  15.843167501687001  0.67179868031478829  0
-11.668152596428458  15.889744926920228  0.77200284260663021  0
-11.653157247240896  15.914226936829476  0.70507036375509258  0
-11.630916124678722  15.83808649074253  0.78623039048717225  0
-7.4635322852189807  15.859876564177762  0.83591113635536085  0
-7.4600452124374552  15.893633431986474  0.65329552065794938  0
-7.5007529206728458  15.923813493983099  0.82582216199436242  0
-7.4607867665461374  15.895802845353135  0.83680400283797962  0
-7.4771011391968152  15.845128267167492  0.65374192591413538  0
-7.4851548125997533  15.920753099375402  0.8248653617748668  0
-7.4656456852984867  15.856469522075702  0.65433489994921312  0
-7.4585922724552507  15.874262380770935  0.6520964676210208  0
-7.4621421297204096  15.862592427820783  0.7139200023991803  0
-7.4976133289779989  15.92367402776323  0.76520738698399016  0
-7.4582887512151252  15.884943285690152  0.72267920605062663  0
-7.4581877113325215  15.877919166541638  0.83479253318401436  0
-7.4742610901551982  15.847211182169957  0.70618106065846575  0
-7.458414380169053  15.886085741397991  0.78868382436870244  0
-7.4761560715841355  15.845782056697288  0.8317250923428533  0
-7.4959907114555513  15.923511375483358  0.70267596767211737  0
-7.4712309600059132  15.849872422765587  0.77048788774911237  0
-7.4953864476944654  15.923434861756444  0.64454077128851883  0
-7.4658119714471312  15.905400449522263  0.70161332799118314  0
-7.4797274438885228  15.918132864515366  0.66842602717872546  0
-7.4596065663808382  15.869495972638877  0.77774489244470801  0
-7.4782388972959382  15.917240388678989  0.75160181929843906  0
-7.4706786286950129  15.911214522757263  0.82701200423222232  0
-7.4632816648652147  15.901297051012795  0.77139993451221178  0
-7.4680823482748604  15.908373627081639  0.64226903701846905  0
-7.5411990437371363  15.896315560568013  0.70537795239023759  0
-7.5175546072936008  15.84109176989954  0.7760258789107497  0
-7.5325284539383253  15.910151315991273  0.71249096347157681  0
-7.5266695625012998  15.91537912359046  0.77896349023715306  0
-7.5385716524959676  15.901889294215943  0.65129840015236351  0
-7.534474121789442  15.853713015316352  0.8227487578162862  0
-7.5437856625371698  15.885922598625623  0.81255216461566437  0
-7.5417423422664429  15.866800689594937  0.70493917281854501  0
-7.5376826059158182  15.903397749995426  0.83332284493238984  0
-7.5197084266227634  15.842054548679902  0.70259203726230368  0
-7.52626770052564  15.91567293827139  0.65778182966138421  0
-7.5428647927768555  15.870622878850142  0.84065083389749995  0
-7.5207107328859815  15.842552155586802  0.84242559242658388  0
-7.5034811972784654  15.837881345076967  0.82565463674160244  0
-7.5332367895451453  15.852256264649363  0.66754988886919031  0
-7.5413419826485022  15.865689126496154  0.6438894221983994  0
-7.5269102768714724  15.915199677932586  0.83913877410425652  0
-7.5208545303284788  15.842626235093633  0.64337637143705362  0
-7.5004023913525577  15.837820312858844  0.77110079289810129  0
-7.533323903568462  15.852354626050071  0.74176322797119354  0
-7.539530646540876  15.900084605964153  0.76337538352432888  0
-7.5033483677305837  15.837874153483574  0.72587910568517666  0
-7.5440060327474825  15.88350242258452  0.73752549867713912  0
-7.5440286519739885  15.883112917053205  0.66218213060749376  0
-7.5421811389551028  15.868144888694399  0.77670059680661363  0
-7.5041634279559553  15.837924782972246  0.66094167333627896  0
-11.76653564586576  16.508739737552354  0.64334059893681861  0
-11.761621697582367  16.448568350018984  0.67521590807441789  0
-11.786837008483987  16.525290427699368  0.74028787472705992  0
-11.806769941150977  16.53064792642714  0.64158739590277092  0
-11.830529724014989  16.527332443886568  0.81105563396180114  0
-11.757839109153677  16.492144894688803  0.74598366730915577  0
-11.759953965119998  16.451987299741106  0.8285133361320729  0
-11.755178093800325  16.471676783036429  0.844684146133444  0
-11.758574218999495  16.494259144141367  0.82557413811552249  0
-11.768057834673046  16.510650884908955  0.70584054717220557  0
-11.808994961691495  16.530775609489943  0.7726699059514327  0
-11.82913495136636  16.527827866709941  0.72756237292527948  0
-11.755347234761913  16.469454529516831  0.71360163608478511  0
-11.755193059028745  16.471420629839962  0.78617305500836376  0
-11.771545073365797  16.514465674547832  0.84293094309939509  0
-11.755578772616644  16.467432930316416  0.65125243155864176  0
-11.790035830999877  16.526706218050087  0.82196997090343416  0
-11.811029399823157  16.530814783380816  0.83501911047757338  0
-11.784839203401525  16.524280867356659  0.66069740392069209  0
-11.756860980258793  16.488786295029666  0.66430157113278043  0
-11.826919468063396  16.528531026688231  0.65775820590414691  0
-11.760945312336155  16.449884912783915  0.7587091691109451  0
-11.807025811126495  16.530667135116591  0.70009848702785404  0
-11.769853166861393  16.51270300743121  0.78043099486400935  0
-11.815154398075705  16.418962493992812  0.70009848702785782  0
-11.791650485187217  16.422297185222838  0.81105563396180991  0
-11.837341005800674  16.425348761752744  0.66069740392069309  0
-11.813185247510708  16.418854019619463  0.77266990595143736  0
-11.832144378202324  16.422923411059319  0.8219699709034356  0
-11.866601436585555  16.482196698792983  0.65125243155863866  0
-11.854122374529153  16.438978744200448  0.70584054717220523  0
-11.855644563336439  16.440889891557045  0.64334059893681839  0
-11.815410268051222  16.418981702682267  0.64158739590277281  0
-11.861234896866049  16.499744716325484  0.75870916911093245  0
-11.867002115401878  16.477952846072977  0.84468414613344112  0
-11.852327042340807  16.436926621678197  0.78043099486400913  0
-11.835343200718214  16.424339201410039  0.7402878747270617  0
-11.864341100048524  16.4574847344206  0.74598366730915333  0
-11.795260741138804  16.421098602421171  0.65775820590415113  0
-11.863605990202707  16.455370484968039  0.82557413811552083  0
-11.850635135836406  16.435163954561574  0.84293094309939509  0
-11.860558511619837  16.501061279090415  0.67521590807441079  0
-11.862226244082207  16.497642329368297  0.8285133361320649  0
-11.866832974440289  16.480175099592568  0.71360163608477956  0
-11.866987150173458  16.478208999269441  0.78617305500835821  0
-11.865319228943408  16.460843334079733  0.66430157113277866  0
-11.793045257835846  16.421801762399461  0.72756237292528825  0
-11.811150809379045  16.418814845728591  0.83501911047757638  0
-7.3802535915242551  16.47053883501605  0.709237403948203  0
-7.3863586969224455  16.449070159111383  0.67368659982934387  0
-7.3938772265116004  16.511612547052735  0.83590396801052558  0
-7.4323057654602778  16.530686801908502  0.7088918967292871  0
-7.4548769936553096  16.527569463575055  0.67547003288449059  0
-7.4272699374133024  16.530115852920858  0.77248083935902856  0
-7.3849259081848686  16.452050254407915  0.82759168113003168  0
-7.3940542057725605  16.511814590273922  0.67633439214818647  0
-7.3802535452788085  16.470539438940332  0.64510289213826355  0
-7.3833672372732817  16.493690710674592  0.82171504907426363  0
-7.4356673566558635  16.530813220583539  0.64896809283423218  0
-7.3823609467318523  16.490600180824043  0.66026340652988846  0
-7.3801807760340603  16.471629351828764  0.78263002607216547  0
-7.4099850570638708  16.524357994576526  0.81878855810461304  0
-7.3938380779226573  16.511567589077995  0.77052775938296925  0
-7.3801807416283483  16.471629955754604  0.84349548699722465  0
-7.4339797225731061  16.530775036867446  0.83333934253172848  0
-7.3829737781423743  16.492553361764823  0.73677985337087981  0
-7.4507858441552983  16.528852166752522  0.76773175356366108  0
-7.4549030493591371  16.527560177413697  0.83518477691659887  0
-7.410925698225407  16.524842335434261  0.73367392021249411  0
-7.4152333175519125  16.526785908708863  0.65504914544808113  0
-7.3858028800106021  16.45017348267957  0.75698385827393266  0
-7.4202607411388062  16.421098602421171  0.65775820590419065  0
-7.477327042340808  16.436926621678197  0.78043099486405132  0
-7.4855585116198364  16.501061279090418  0.67521590807445375  0
-7.4806445633364396  16.440889891557045  0.64334059893686102  0
-7.4166504851872181  16.422297185222838  0.81105563396184421  0
-7.4886059902027089  16.455370484968039  0.82557413811556357  0
-7.4381852475107095  16.418854019619463  0.77266990595147589  0
-7.4401543980757072  16.418962493992812  0.70009848702789745  0
-7.4756351358364057  16.435163954561574  0.84293094309943772  0
-7.4791223745291537  16.438978744200448  0.70584054717224742  0
-7.4920021154018785  16.477952846072977  0.84468414613348397  0
-7.440410268051223  16.418981702682267  0.64158739590281466  0
-7.4180452578358471  16.421801762399461  0.72756237292532244  0
-7.4919871501734576  16.478208999269441  0.78617305500840107  0
-7.4623410058006749  16.425348761752744  0.66069740392073506  0
-7.436150809379046  16.418814845728591  0.83501911047761701  0
-7.4893411000485246  16.4574847344206  0.74598366730919585  0
-7.4916014365855554  16.482196698792986  0.65125243155868162  0
-7.4903192289434077  16.460843334079733  0.6643015711328214  0
-7.491832974440289  16.480175099592568  0.71360163608482241  0
-7.4603432007182144  16.424339201410039  0.74028787472710278  0
-7.4571443782023259  16.422923411059319  0.82196997090347734  0
-7.4872262440822066  16.497642329368297  0.82851333613210787  0
-7.4862348968660495  16.499744716325488  0.75870916911097541  0
-11.766488724889296  15.008678026472639  0.64354315660468608  0
-11.78728759412518  15.025504465260141  0.82257539637054289  0
-11.809144671610971  15.030781014033286  0.84015525002709912  0
-11.828863361547294  15.027919536859976  0.72804453406557856  0
-11.756862968478043  14.988794009863701  0.66477816516635679  0
-11.755322722076432  14.969715869571367  0.7146244961376218  0
-11.761575686979493  14.948655253373579  0.67555973574058603  0
-11.806553616139732  15.030630766271353  0.70061334080391502  0
-11.807891132224347  15.030723371764923  0.77404905635171817  0
-11.784624626332628  15.024166396632854  0.66097261234741067  0
-11.769373985151425  15.012174760642138  0.78127085666289997  0
-11.785964209231476  15.024861688337889  0.74099603927126256  0
-11.826799572988268  15.028566212644316  0.65791611832818597  0
-11.757878037625074  14.992264058714108  0.74759096495419231  0
-11.758815539220098  14.994898888041496  0.8302244548224178  0
-11.760740849863954  14.950300477096601  0.76012437915973441  0
-11.755106773239426  14.973448504471069  0.84273757620446743  0
-11.759322553022484  14.953457829815489  0.83364826058471897  0
-11.830508015939223  15.027340474120866  0.81192750864982677  0
-11.770973692713952  15.013887486473786  0.83974428557689418  0
-11.755570701600886  14.967493879908384  0.65155996128230864  0
-11.767859535882453  15.010411417227681  0.70652083143065914  0
-11.755149437805677  14.972237608300023  0.78815490052100534  0
-11.806650765672318  15.030638577088867  0.64171953202237175  0
-11.850635135836406  14.935163954561574  0.84293094309940986  0
-11.860558511619837  15.001061279090413  0.67521590807442522  0
-11.837341005800674  14.925348761752742  0.66069740392070686  0
-11.866601436585555  14.982196698792983  0.65125243155865287  0
-11.865319228943408  14.960843334079733  0.66430157113279276  0
-11.815154398075705  14.918962493992812  0.70009848702787092  0
-11.835343200718214  14.924339201410035  0.74028787472707547  0
-11.791650485187217  14.922297185222837  0.81105563396182156  0
-11.811150809379045  14.918814845728587  0.83501911047759048  0
-11.854122374529153  14.938978744200446  0.70584054717221933  0
-11.866987150173458  14.978208999269437  0.78617305500837298  0
-11.864341100048524  14.957484734420598  0.74598366730916765  0
-11.815410268051222  14.918981702682263  0.64158739590278657  0
-11.813185247510708  14.918854019619459  0.77266990595145046  0
-11.832144378202324  14.922923411059319  0.82196997090344992  0
-11.793045257835846  14.921801762399459  0.72756237292529957  0
-11.867002115401878  14.977952846072975  0.84468414613345599  0
-11.852327042340807  14.936926621678195  0.78043099486402345  0
-11.861234896866049  14.999744716325484  0.75870916911094721  0
-11.862226244082207  14.997642329368293  0.82851333613207989  0
-11.866832974440289  14.980175099592566  0.71360163608479399  0
-11.863605990202707  14.955370484968038  0.82557413811553559  0
-11.795260741138804  14.92109860242117  0.65775820590416401  0
-11.855644563336439  14.940889891557045  0.64334059893683238  0
-7.3802409089132093  14.97070780413209  0.6495800398944982  0
-7.4342903979931583  15.030785889671419  0.83504357203632384  0
-7.4124886578601981  15.025598393646098  0.82575524078313223  0
-7.3851811464905266  14.951485044352417  0.83684056126798789  0
-7.3840144969751913  14.995409262446985  0.82003649984505522  0
-7.3892183517233496  15.005458557403163  0.7469722403899004  0
-7.4270420319114727  15.030079021544388  0.77711155023295375  0
-7.4549347767783978  15.027548850282361  0.83571941773034353  0
-7.4506819495440064  15.02888031422647  0.76923757913013091  0
-7.3828342842863881  14.992130062060955  0.6746420774930415  0
-7.4354698561411841  15.030811381283774  0.64969023254578595  0
-7.4315738633399748  15.030632408183118  0.71191319355706684  0
-7.381562092629343  14.987570052851321  0.75552920005878343  0
-7.3801295808956144  14.972712439658688  0.81325222249343121  0
-7.3857996079510126  14.95018016131413  0.76645663090721172  0
-7.3802848415920446  14.970148679742481  0.72276119797989968  0
-7.4079242757992718  15.023216119098089  0.74363454916301208  0
-7.3952620160097284  15.013143229282822  0.66790626327442937  0
-7.4149374894670244  15.026666208620679  0.65570825424887591  0
-7.3863711214941894  14.949046172518099  0.67712133267575325  0
-7.4547543458982322  15.027612980151606  0.67612569212281182  0
-7.3953416712886479  15.013227903159711  0.82011205694195755  0
-7.4756351358364057  14.935163954561574  0.8429309430994526  0
-7.4623410058006749  14.925348761752742  0.66069740392074983  0
-7.440410268051223  14.918981702682263  0.64158739590282932  0
-7.4166504851872181  14.922297185222837  0.8110556339618562  0
-7.4919871501734576  14.978208999269439  0.78617305500841606  0
-7.4381852475107095  14.918854019619459  0.77266990595148943  0
-7.4903192289434077  14.960843334079733  0.66430157113283628  0
-7.4180452578358471  14.921801762399459  0.72756237292533443  0
-7.4920021154018785  14.977952846072975  0.84468414613349907  0
-7.4893411000485246  14.9574847344206  0.74598366730921073  0
-7.491832974440289  14.980175099592568  0.7136016360848374  0
-7.4872262440822066  14.997642329368295  0.82851333613212286  0
-7.4862348968660495  14.999744716325488  0.7587091691109904  0
-7.436150809379046  14.918814845728587  0.83501911047763122  0
-7.4916014365855554  14.982196698792983  0.65125243155869661  0
-7.477327042340808  14.936926621678195  0.78043099486406597  0
-7.4806445633364396  14.940889891557045  0.64334059893687601  0
-7.4886059902027089  14.955370484968038  0.82557413811557856  0
-7.4571443782023259  14.922923411059319  0.82196997090349189  0
-7.4401543980757072  14.918962493992812  0.70009848702791122  0
-7.4791223745291537  14.938978744200448  0.70584054717226219  0
-7.4603432007182144  14.924339201410035  0.7402878747271171  0
-7.4202607411388062  14.92109860242117  0.65775820590420442  0
-7.4855585116198364  15.001061279090415  0.67521590807446874  0
-7.0088853351066387  15.703477452063776  0.81191864139569681  0
-6.994691937152778  15.675138814995361  0.83647171008018162  0
-7.0172623015953413  15.816165239685585  0.83832496269893664  0
-7.0539195368091967  15.622993569435106  0.81844500556109834  0
-6.9957636555753631  15.776025707811911  0.83595642851807372  0
-7.1705126212910724  15.594519457746443  0.83323344737972038  0
-7.1448354924219419  15.608572070836058  0.81032342315081873  0
-6.9855501480760021  15.726392830125016  0.83655679813081585  0
-7.098651745840086  15.609197952729856  0.81156999715632194  0
-7.0193454509035531  15.632015504318236  0.83758548385090148  0
-7.0260375283688781  15.660690409380264  0.81158129957846592  0
-7.0737508767130306  15.593376718206731  0.83762303353129408  0
-7.0096660610922594  15.748947708049483  0.81165144861472549  0
-7.1226451190757034  15.584784925993089  0.8360085821768185  0
-7.0286093726501893  15.791776585993757  0.81092104196199277  0
-7.0758438924264846  15.858181430848989  0.83882190771003695  0
-7.2355950964098312  15.770773462368501  0.81148971017781601  0
-7.2222123297897962  15.657105253669357  0.81012935751757653  0
-7.2391863011882691  15.639518187116947  0.83782982674959261  0
-7.2491769549405962  15.682398264942719  0.8246407873081345  0
-7.2126339400121049  15.807090180857793  0.81224092975611373  0
-7.2624468470250489  15.757380493804293  0.83614586863967288  0
-7.2440657902795831  15.725901593122964  0.81059514104342545  0
-7.2096808029799853  15.838944827448893  0.83761366916248714  0
-7.1179315046196825  15.865072584713426  0.83649472608081044  0
-7.1784201926437481  15.832006738387831  0.81209381869671315  0
-7.2680530600600957  15.713821880386915  0.83867246841785914  0
-7.1650833027264875  15.860561848724569  0.83734779856645725  0
-7.2440544669377207  15.802444207414508  0.83732412194354  0
-7.1374285025947213  15.842907429235076  0.8113486211100861  0
-7.0935341756559023  15.83836651697796  0.81076291202052542  0
-11.963002365649096  15.590454889461812  0.83719058920279399  0
-11.893246207144776  15.685682418361687  0.81226991571576046  0
-11.883806690549818  15.654589110957495  0.83709166503228971  0
-11.886684582795652  15.728961322400636  0.81231701853412952  0
-11.890423481425705  15.807497937381434  0.83843372300562824  0
-11.99162432958587  15.606846087034977  0.8115978611548732  0
-11.949490564089343  15.619417116970858  0.81249652005678652  0
-11.866900762268981  15.753397665734884  0.83833411741145303  0
-11.91526643658311  15.647317463524059  0.81222024830027473  0
-11.917197514689214  15.615095710504177  0.83731703835772753  0
-12.011986238750012  15.584683435873478  0.83621922318871944  0
-12.03707105849743  15.610703192587067  0.81089628338564479  0
-12.055729111066842  15.59134231428162  0.83869110574361538  0
-11.866564141523742  15.702902094007527  0.83734753348155044  0
-11.917664571359975  15.802694011396772  0.81042342752728891  0
-11.892998881166127  15.771547324374326  0.81564039916681741  0
-12.116143539843458  15.76992328083031  0.81169777463660142  0
-11.955952729317598  15.858204108001843  0.83880222690405926  0
-12.1473748873526  15.710003647512142  0.83829407092331221  0
-12.097645893820726  15.651471938596915  0.80982361815136494  0
-12.124722692775995  15.801430658266398  0.83733131105533576  0
-12.01766686539063  15.842881045709611  0.81134489472667926  0
-12.124219402523684  15.724939510443754  0.81076616921792999  0
-12.058826125540351  15.831825723702982  0.81211250714383831  0
-12.142999692925709  15.755343508031705  0.83623836874766599  0
-11.998136900031946  15.865052717338058  0.83645835917676559  0
-11.973649173796401  15.838400122259952  0.81076368371813345  0
-12.045403992885429  15.860357419694129  0.83722416293383239  0
-12.093190854183248  15.806598793470293  0.81231840317730242  0
-12.090211821004758  15.838495437550552  0.83755951341208412  0
-12.119661668254013  15.638939739240191  0.83866723026703927  0
-12.126506477100394  15.679813541999176  0.82275425360795107  0
-6.8518498882674628  16.73475703128857  0.61813577101812101  0
-9.7974163885445318  17.315661090665063  0.61813577101812101  0
-6.3633179168667571  15.314389833740325  0.61813577101812101  0
-11.245867087665522  14.602691273190532  0.61813577101812101  0
-7.4052525697402514  16.381227011582265  0.61813577101812101  0
-6.3501596808045289  15.859142554917197  0.61813577101812101  0
-6.952281436533462  15.925932562894424  0.61813577101812101  0
-11.466764121917938  14.750692725209378  0.61813577101812101  0
-11.796567991074031  14.842865426030578  0.61813577101812101  0
-8.9377081074031466  16.856575130051908  0.61813577101812101  0
-7.4785528631896723  15.836563969490705  0.61813577101812101  0
-7.5770668101883407  15.872276328903547  0.61813577101812101  0
-6.1003730754964174  16.932819872534846  0.61813577101812101  0
-5.9925615282270064  14.86774170657746  0.61813577101812101  0
-7.4488301664707768  16.304742756327464  0.61813577101812101  0
-7.6665582748968601  14.194006876222822  0.61813577101812101  0
-11.621522506107004  15.477087213586925  0.61813577101812101  0
-8.910445306943453  14.307357303979435  0.61813577101812101  0
-7.5830887848116673  16.792659647430977  0.61813577101812101  0
-11.845591406391264  15.627399255190159  0.61813577101812101  0
-6.0093894980324398  16.970588235939115  0.61813577101812101  0
-6.8707350914350407  15.188783445905985  0.61813577101812101  0
-7.4590833891073336  15.450256376865957  0.61813577101812101  0
-9.5533058090375924  14.458699912977258  0.61813577101812101  0
-12.108789042647953  15.68232017127475  0.61813577101812101  0
-9.2428176005199756  15.558652437774352  0.61813577101812101  0
-7.4455988200015879  16.537490023994636  0.61813577101812101  0
-10.618627344124061  16.992310297844174  0.61813577101812101  0
-8.733595221257767  16.038790235826234  0.61813577101812101  0
-9.9896269909438864  14.113178037180704  0.61813577101812101  0
-6.9664892976105373  14.666917926975772  0.61813577101812101  0
-11.608349547372868  15.632822037156913  0.61813577101812101  0
-7.4700496053337568  16.40814743130165  0.61813577101812101  0
-7.6435005734160217  16.610751535296448  0.61813577101812101  0
-10.778733922807444  16.844117088041109  0.61813577101812101  0
-7.5216507364420497  15.818090026451964  0.61813577101812101  0
-5.8291081771838131  15.276164278402716  0.61813577101812101  0
-11.751031873172787  14.947965673406058  0.61813577101812101  0
-11.776837669352053  15.54138407870091  0.61813577101812101  0
-11.449254359011526  16.684631610127177  0.61813577101812101  0
-10.398690125689937  14.164372756814126  0.61813577101812101  0
-7.5271500924488803  15.503202357552002  0.61813577101812101  0
-5.4412030486700855  15.92582091941785  0.61813577101812101  0
-11.798192809691294  16.34852820333851  0.61813577101812101  0
-9.3337282358996081  15.724231712177362  0.61813577101812101  0
-12.076967229097097  15.8709975341079  0.61813577101812101  0
-7.3094284444794733  15.522810191677271  0.61813577101812101  0
-11.690424763004469  15.553749555029263  0.61813577101812101  0
-7.4984273077075505  14.991322091894173  0.61813577101812101  0
-12.087326044738894  15.801378372864871  0.61813577101812101  0
-11.900973252581661  16.482513817638097  0.61813577101812101  0
-6.004212019633453  15.114702899820507  0.61813577101812101  0
-6.1672448711719747  15.845717785825199  0.61813577101812101  0
-6.0637585316276681  16.607915715672586  0.61813577101812101  0
-10.614490179254544  14.154027626471006  0.61813577101812101  0
-6.1821603677193933  14.223420022913317  0.61813577101812101  0
-6.1846293274109012  17.336474914918089  0.61813577101812101  0
-5.7906794718047863  14.615289441673292  0.61813577101812101  0
-7.8291555907960335  15.192613360153816  0.61813577101812101  0
-12.05599566250282  14.41562420802064  0.61813577101812101  0
-6.7525446966832172  15.646814296594322  0.61813577101812101  0
-11.852951806208887  14.9066432643694  0.61813577101812101  0
-7.3337925758596931  15.637663202597059  0.61813577101812101  0
-7.59859978895952  15.512947237542816  0.61813577101812101  0
-11.588362755950456  15.947487378786544  0.61813577101812101  0
-11.485181437413782  17.301514501681609  0.61813577101812101  0
-5.689031733190471  16.126553146011318  0.61813577101812101  0
-7.465209002123677  15.513692738206295  0.61813577101812101  0
-11.57932807181952  15.582054781618305  0.61813577101812101  0
-5.8949898645167655  17.014832232560941  0.61813577101812101  0
-9.1897786708110125  15.750543220950741  0.61813577101812101  0
-6.0451708870749101  16.980305747819443  0.61813577101812101  0
-7.0109653338349975  16.827460033072501  0.61813577101812101  0
-6.0256133473512135  14.992506359437039  0.61813577101812101  0
-11.260640263532929  15.647772378734809  0.61813577101812101  0
-8.2321264170434567  16.453450553479406  0.61813577101812101  0
-7.5541978957375093  15.566353486682086  0.61813577101812101  0
-6.456072781465461  16.189257447465593  0.61813577101812101  0
-5.9399867436753313  15.003758985482239  0.61813577101812101  0
-11.588787591103047  15.615864200618212  0.61813577101812101  0
-11.861784401920442  14.874221943025471  0.61813577101812101  0
-11.843149241781614  15.713186128752628  0.61813577101812101  0
-7.9224248684061411  14.228018836035902  0.61813577101812101  0
-9.0109049859675832  15.649379613649781  0.61813577101812101  0
-8.9351559310534299  14.472440539143527  0.61813577101812101  0
-7.0503485112015305  15.836410167048916  0.61813577101812101  0
-6.1476344494497352  15.49118320620992  0.61813577101812101  0
-11.662317435168209  15.608047412648089  0.61813577101812101  0
-5.9992936600446392  15.013650233667915  0.61813577101812101  0
-7.3726607320225828  16.488422186415502  0.61813577101812101  0
-7.7288838030415867  16.246628346166439  0.61813577101812101  0
-8.2691694840054364  17.033255255104741  0.61813577101812101  0
-9.7481449595798324  16.002243020208386  0.61813577101812101  0
-7.8956228570000135  17.116740387927987  0.61813577101812101  0
-7.8947371393145529  14.481767484276304  0.61813577101812101  0
-11.857813930143578  16.560727524998459  0.61813577101812101  0
-6.5524950282761747  15.262490312760569  0.61813577101812101  0
-7.4627803210398076  15.532961886213455  0.61813577101812101  0
-7.5548342330680738  15.623734457797148  0.61813577101812101  0
-12.090474913478861  17.206348327804051  0.61813577101812101  0
-5.3553152661907593  14.898062002873445  0.61813577101812101  0
-11.982024212302154  15.82566912095049  0.61813577101812101  0
-10.77629254341003  15.40128107336864  0.61813577101812101  0
-6.0564728603456457  14.83790047020079  0.61813577101812101  0
-7.5140577629386049  16.494362406100699  0.61813577101812101  0
-7.3426984161855495  15.005720450674943  0.61813577101812101  0
-11.879919909201419  16.517983255017086  0.61813577101812101  0
-8.3371566280204448  16.152796474018377  0.61813577101812101  0
-7.4319678272341543  15.574098999013447  0.61813577101812101  0
-5.9894372023840061  14.955740361957181  0.61813577101812101  0
-11.318238921333734  15.323051008921899  0.61813577101812101  0
-6.6194119086076508  14.115061833644367  0.61813577101812101  0
-7.4321730105103851  15.647404136775904  0.61813577101812101  0
-5.9345304068962017  17.111116558966199  0.61813577101812101  0
-7.036688216051302  15.163148498981883  0.61813577101812101  0
-6.0027518293702311  14.975518335145452  0.61813577101812101  0
-11.86281341849698  16.51165115159348  0.61813577101812101  0
-11.74297441631642  15.619582050796508  0.61813577101812101  0
-7.5073096665131391  15.334098091775223  0.61813577101812101  0
-11.639325787140876  15.726674139976433  0.61813577101812101  0
-6.145388692781304  16.898508729564753  0.61813577101812101  0
-11.654611806378615  15.920131558273807  0.61813577101812101  0
-10.377544378493651  16.454746475218883  0.61813577101812101  0
-5.958035167411559  14.87487726873789  0.61813577101812101  0
-6.1195699534325119  16.891933784946854  0.61813577101812101  0
-12.065907243305803  16.408446661949778  0.61813577101812101  0
-7.5357791236072256  15.846197365669896  0.61813577101812101  0
-7.4428858480371156  16.39954467862724  0.61813577101812101  0
-7.9558378181955254  15.298010011830049  0.61813577101812101  0
-10.401046700354827  15.414217773583948  0.61813577101812101  0
-10.11556178789947  15.884695671410942  0.61813577101812101  0
-7.3979453193755145  16.530739467242459  0.61813577101812101  0
-7.3893672430582775  16.78249133537145  0.61813577101812101  0
-6.921232284100622  15.665185687908945  0.61813577101812101  0
-8.4091539208973582  16.51764136135791  0.61813577101812101  0
-11.831249155227761  16.385775390187188  0.61813577101812101  0
-7.8243821090354153  15.826852253687347  0.61813577101812101  0
-7.5286585490556135  15.629494864012772  0.61813577101812101  0
-7.4900957593188204  15.929110133201316  0.61813577101812101  0
-7.4628886564186425  15.956853120567661  0.61813577101812101  0
-6.0924840861032425  16.946964186930487  0.61813577101812101  0
-5.7664079894471678  17.332735535022572  0.61813577101812101  0
-11.697253381065449  16.404291907145552  0.61813577101812101  0
-6.3662941179200558  14.435021102178036  0.61813577101812101  0
-7.4010564514417547  16.416008914892966  0.61813577101812101  0
-7.4483401713549746  15.925318458257955  0.61813577101812101  0
-8.4722000834880831  16.873668990380704  0.61813577101812101  0
-9.3683736323471081  17.207005080207004  0.61813577101812101  0
-8.9671933618955837  14.149251229957626  0.61813577101812101  0
-7.5479912194574421  15.891573314497206  0.61813577101812101  0
-11.668793130480525  16.722064830350917  0.61813577101812101  0
-7.4748818823752829  16.562412348391572  0.61813577101812101  0
-11.586432569595317  15.844874388830631  0.61813577101812101  0
-5.972259034849106  16.930976239937703  0.61813577101812101  0
-7.4205657136902534  16.407322349215988  0.61813577101812101  0
-6.0358772309771993  14.838197768302932  0.61813577101812101  0
-7.2346523775605256  15.746313515258645  0.61813577101812101  0
-8.4951503069506202  17.129469406800329  0.61813577101812101  0
-6.1074392075059221  14.84937903801714  0.61813577101812101  0
-11.710255196521342  15.572583409766269  0.61813577101812101  0
-12.010666522257718  16.04435339298244  0.61813577101812101  0
-11.835512606980592  16.21739018209092  0.61813577101812101  0
-7.5171728081368716  14.986203796859284  0.61813577101812101  0
-7.1475272286964424  15.842721895280215  0.61813577101812101  0
-10.789325105493466  16.654579042637735  0.61813577101812101  0
-12.139327604200513  15.711181967829541  0.61813577101812101  0
-11.194926155796422  16.724413666659274  0.61813577101812101  0
-7.532271169699686  15.611403800204283  0.61813577101812101  0
-11.579914263277253  15.498760165674645  0.61813577101812101  0
-7.4925200878262554  15.501959471895754  0.61813577101812101  0
-6.0598803036384767  16.995385693879957  0.61813577101812101  0
-11.763597215585955  14.925799576277825  0.61813577101812101  0
-6.0378268905256327  17.022330997850858  0.61813577101812101  0
-6.0487328400794231  14.849614494592707  0.61813577101812101  0
-5.501097516846559  17.123538891240251  0.61813577101812101  0
-7.210942813948308  15.796773943397861  0.61813577101812101  0
-7.3820098496053443  15.019426500267764  0.61813577101812101  0
-7.3176620980843552  14.679096717044732  0.61813577101812101  0
-11.782342862983885  16.558939136958784  0.61813577101812101  0
-11.796783974266152  14.911384329651144  0.61813577101812101  0
-11.571983618401742  15.447915266137482  0.61813577101812101  0
-11.907473686667217  16.453666183004511  0.61813577101812101  0
-7.4901353441783973  15.709484262349324  0.61813577101812101  0
-8.8080836337919095  15.841733335006371  0.61813577101812101  0
-6.0865319281234074  14.863296393606177  0.61813577101812101  0
-6.0984950217296525  16.872656096442018  0.61813577101812101  0
-12.013263302321731  15.836179915725594  0.61813577101812101  0
-11.828244035526161  14.889825996838374  0.61813577101812101  0
-7.5370729674974788  15.522197801614812  0.61813577101812101  0
-6.8058341070302468  17.33326330184665  0.61813577101812101  0
-7.0577699207223601  14.35502766889836  0.61813577101812101  0
-11.05423246033145  14.469761234528102  0.61813577101812101  0
-6.1224390467967496  15.046774705755437  0.61813577101812101  0
-11.767863758654768  15.023031144032998  0.61813577101812101  0
-6.0404289041860384  16.841528779848428  0.61813577101812101  0
-8.0269528878074592  16.939309586037439  0.61813577101812101  0
-5.8517985369001666  15.682739443136061  0.61813577101812101  0
-7.3590093137114501  16.538971029217244  0.61813577101812101  0
-10.006999447758103  17.244402892436881  0.61813577101812101  0
-11.749702054908706  16.541856517340623  0.61813577101812101  0
-7.6345003017719009  15.422280065138098  0.61813577101812101  0
-11.77513669845206  14.904277233917449  0.61813577101812101  0
-7.8120077501512926  16.02154643098401  0.61813577101812101  0
-6.6504937039995013  14.289446129282503  0.61813577101812101  0
-7.4080056098759215  14.914270855577955  0.61813577101812101  0
-6.5136164580752922  16.61153221020702  0.61813577101812101  0
-6.9841800808680814  17.28622615386432  0.61813577101812101  0
-11.980043942357954  15.851852637805555  0.61813577101812101  0
-10.553488115811604  16.038808549539333  0.61813577101812101  0
-6.295856172257813  15.654924896623067  0.61813577101812101  0
-11.931242095302354  15.649036311312202  0.61813577101812101  0
-6.0603879472468041  14.851164291718941  0.61813577101812101  0
-11.950125520980205  15.011171485027626  0.61813577101812101  0
-7.5426005630526012  16.212962604256571  0.61813577101812101  0
-11.951711933385258  16.534405744282616  0.61813577101812101  0
-7.6943426264043628  15.558377021362244  0.61813577101812101  0
-11.993980764936309  16.48568696728416  0.61813577101812101  0
-10.469136258541175  16.797493543894305  0.61813577101812101  0
-7.0251294109016342  15.673273716113069  0.61813577101812101  0
-11.658750644213242  15.627204482413063  0.61813577101812101  0
-11.065111474239659  17.328769780108708  0.61813577101812101  0
-6.2785497556505998  16.972613172127122  0.61813577101812101  0
-7.5358137073265032  15.91550800547771  0.61813577101812101  0
-11.611683161098165  15.105792431430165  0.61813577101812101  0
-6.512824032407619  16.886552429786885  0.61813577101812101  0
-7.4614027263050033  15.600884043401132  0.61813577101812101  0
-11.679576586694722  15.021221187178952  0.61813577101812101  0
-11.860240945729343  16.348773402704655  0.61813577101812101  0
-11.925806364867958  15.140527375736818  0.61813577101812101  0
-11.883999270730117  15.924432362553514  0.61813577101812101  0
-9.4162614629671246  16.110460713282585  0.61813577101812101  0
-11.878432656300735  14.980781765197822  0.61813577101812101  0
-11.562413142892815  17.128722738197439  0.61813577101812101  0
-5.7353289316281471  14.890627886231169  0.61813577101812101  0
-11.66271552498821  15.531976407889964  0.61813577101812101  0
-9.5319330728125244  14.884390214020243  0.61813577101812101  0
-7.5023729231597827  14.949012855328908  0.61813577101812101  0
-11.806218803094186  16.536128280082984  0.61813577101812101  0
-12.137755267688403  15.871867829243461  0.61813577101812101  0
-11.738971740323016  15.049637814404877  0.61813577101812101  0
-7.5286871967268389  15.783394292356633  0.61813577101812101  0
-9.5392222443128407  15.97184766654375  0.61813577101812101  0
-6.0631364144650677  15.668275100498994  0.61813577101812101  0
-7.4118846680644168  15.948735698670548  0.61813577101812101  0
-10.69116345267456  14.301857159527131  0.61813577101812101  0
-11.876367124036582  16.444611630514153  0.61813577101812101  0
-8.4377018682811133  15.948130250338748  0.61813577101812101  0
-8.2683858214616492  14.653055255647345  0.61813577101812101  0
-7.4521158569549408  16.413007420478685  0.61813577101812101  0
-11.675960152339247  15.86023257678511  0.61813577101812101  0
-6.8751116806966666  16.091227981808466  0.61813577101812101  0
-9.3156962421064602  15.110749203288261  0.61813577101812101  0
-7.1722288135362273  15.822235046963193  0.61813577101812101  0
-11.739798138210118  16.520492040955233  0.61813577101812101  0
-11.568036345216813  15.848635746192645  0.61813577101812101  0
-9.7920682249545763  17.115823733647549  0.61813577101812101  0
-8.5664316193726275  16.106974364627  0.61813577101812101  0
-10.55262417321757  16.371843768246286  0.61813577101812101  0
-10.215685421173212  17.073472935957643  0.61813577101812101  0
-11.832419590192881  16.695496390104609  0.61813577101812101  0
-10.419958922350636  17.151458939608933  0.61813577101812101  0
-9.6162655471048559  14.696625953032205  0.61813577101812101  0
-7.488327572597588  15.05145040560747  0.61813577101812101  0
-11.568879904959044  15.900656278337978  0.61813577101812101  0
-7.3658093643929137  15.009981209924463  0.61813577101812101  0
-7.452962065767089  15.885209772908294  0.61813577101812101  0
-7.1488279958946395  15.899724044688755  0.61813577101812101  0
-5.6233037116980977  15.113886247398575  0.61813577101812101  0
-6.9995966896330746  15.35701054790073  0.61813577101812101  0
-5.9687726795254381  16.861262320057897  0.61813577101812101  0
-7.0002591625806598  15.837020762677204  0.61813577101812101  0
-8.2299288574210347  16.617240840045802  0.61813577101812101  0
-7.4625995977176229  15.622453556819304  0.61813577101812101  0
-8.2391633221706222  15.2188745845911  0.61813577101812101  0
-7.4806483768164096  16.424860258241189  0.61813577101812101  0
-10.226489463355252  15.223535360416253  0.61813577101812101  0
-9.9669015533363989  15.466243867815329  0.61813577101812101  0
-6.2657828519823262  16.291672235788052  0.61813577101812101  0
-7.5006124500188021  15.971909177504372  0.61813577101812101  0
-11.631630690716616  15.520171359732796  0.61813577101812101  0
-11.891362912755291  15.002754285715513  0.61813577101812101  0
-11.816521368439227  16.547426443893549  0.61813577101812101  0
-5.9383798784707  14.903229077563694  0.61813577101812101  0
-11.588326461042962  16.005127975861896  0.61813577101812101  0
-9.0316662540337944  14.980087704629858  0.61813577101812101  0
-12.05454018253725  14.892070181769068  0.61813577101812101  0
-6.5100655272492105  14.348870820745073  0.61813577101812101  0
-9.8150820288156613  15.130404501136564  0.61813577101812101  0
-7.3259071666958926  15.996152455750609  0.61813577101812101  0
-11.347511695623231  16.375823751424321  0.61813577101812101  0
-7.4857956842078108  15.614467620748071  0.61813577101812101  0
-11.895820648722102  14.147494465755139  0.61813577101812101  0
-7.154010239481404  16.496574431610945  0.61813577101812101  0
-5.9735821373249145  14.913516475225585  0.61813577101812101  0
-7.5082614524720377  14.806852548453081  0.61813577101812101  0
-10.697920391492682  14.910391461456465  0.61813577101812101  0
-7.2117265347558916  14.186507712512423  0.61813577101812101  0
-11.619041770673476  15.936308474488474  0.61813577101812101  0
-7.304801951922423  15.078138460186143  0.61813577101812101  0
-7.0139342824580249  15.711302867417476  0.61813577101812101  0
-11.782290577052141  15.032252100368625  0.61813577101812101  0
-11.819829369039798  15.809296191607444  0.61813577101812101  0
-11.279363440640939  16.51196631010864  0.61813577101812101  0
-5.6728566585875555  16.302213142176814  0.61813577101812101  0
-11.844464843975913  15.029170103009539  0.61813577101812101  0
-8.0420128292917621  16.075075230622218  0.61813577101812101  0
-10.059432657210875  15.060752114473233  0.61813577101812101  0
-7.5058468174720723  15.827739694282643  0.61813577101812101  0
-7.4535278199072978  14.848514242886504  0.61813577101812101  0
-8.6193923157865768  15.935116144975344  0.61813577101812101  0
-7.3818618074413678  14.947563389412743  0.61813577101812101  0
-7.5395282366998222  15.460030008906609  0.61813577101812101  0
-11.571650675879235  15.556860632029563  0.61813577101812101  0
-11.688056920524014  15.609998381028706  0.61813577101812101  0
-9.605163285377083  15.647387342410445  0.61813577101812101  0
-6.0883592367112369  17.017596225549113  0.61813577101812101  0
-7.5701459997141001  15.907026351728089  0.61813577101812101  0
-7.4395788897342534  15.523054151926466  0.61813577101812101  0
-7.7147577495165782  16.448566301714802  0.61813577101812101  0
-11.823468756513265  16.409707499335354  0.61813577101812101  0
-7.9046040483369104  16.380376692783454  0.61813577101812101  0
-7.7035919153776735  14.568518228225054  0.61813577101812101  0
-11.751969656617947  15.000909863151088  0.61813577101812101  0
-6.786177954646325  16.926279867573104  0.61813577101812101  0
-6.1005912300079634  16.897705996699397  0.61813577101812101  0
-7.5366873918582629  14.954299999413299  0.61813577101812101  0
-7.4292831005886057  16.577681864559935  0.61813577101812101  0
-11.747798117669273  14.965974767763674  0.61813577101812101  0
-9.0012081664043038  15.302020090412656  0.61813577101812101  0
-11.708005468241771  14.732555601283323  0.61813577101812101  0
-7.5667350360643386  15.578366064317422  0.61813577101812101  0
-11.655548108697275  15.52177030486345  0.61813577101812101  0
-5.5290342325174855  14.273180890498276  0.61813577101812101  0
-11.859761747678839  16.529423424108394  0.61813577101812101  0
-7.5565959398321239  14.407338228369165  0.61813577101812101  0
-5.4457601258422432  16.339784600297808  0.61813577101812101  0
-11.789831408539724  15.086106080361144  0.61813577101812101  0
-8.7414659603600011  14.981930979035743  0.61813577101812101  0
-5.9664318405470986  16.986052321212764  0.61813577101812101  0
-11.775965416422556  16.52555800567395  0.61813577101812101  0
-11.506473874123465  15.371879361393225  0.61813577101812101  0
-11.503319668789766  15.806187487321363  0.61813577101812101  0
-6.2010188509135862  15.180856593974458  0.61813577101812101  0
-7.4502080118227259  15.576380678231621  0.61813577101812101  0
-6.1544830653203899  14.778617577670877  0.61813577101812101  0
-9.1459180195218455  14.115046210256567  0.61813577101812101  0
-8.1096877474382278  15.332101070063347  0.61813577101812101  0
-11.649587341236368  15.502134040795177  0.61813577101812101  0
-5.3663889481607745  17.285844509980908  0.61813577101812101  0
-5.6255774251294834  17.004899829175091  0.61813577101812101  0
-11.604458595103232  15.939082343555997  0.61813577101812101  0
-6.4706379341826255  14.68615406751972  0.61813577101812101  0
-12.061548492440632  15.819003682329067  0.61813577101812101  0
-6.583724621526799  15.065564101786885  0.61813577101812101  0
-5.8984186329504764  16.91693324128558  0.61813577101812101  0
-7.3645972889167153  16.164147790700618  0.61813577101812101  0
-7.4555476719806091  14.888152378817402  0.61813577101812101  0
-11.572510544501688  15.877955198205518  0.61813577101812101  0
-10.69414987685049  15.725472742037466  0.61813577101812101  0
-9.0582446740559508  15.886512363399591  0.61813577101812101  0
-7.5585675767477536  15.888348106449218  0.61813577101812101  0
-6.1814414186193458  16.963192159548232  0.61813577101812101  0
-6.0612556926734795  14.665915514594671  0.61813577101812101  0
-11.751956806926088  16.448075980647758  0.61813577101812101  0
-7.9235523921935336  16.200783976301548  0.61813577101812101  0
-7.4642757623042746  15.913347345180236  0.61813577101812101  0
-10.509433318575907  14.339630942873651  0.61813577101812101  0
-11.760619578713303  15.012048716640269  0.61813577101812101  0
-9.1720820677411137  16.80370225287869  0.61813577101812101  0
-11.64262060174387  15.520037758032206  0.61813577101812101  0
-7.0443308949655146  15.523247197518387  0.61813577101812101  0
-7.5357442856932595  16.557785996582812  0.61813577101812101  0
-5.8365611834490432  15.053863276577561  0.61813577101812101  0
-6.2151024428441666  15.3535963458816  0.61813577101812101  0
-5.9782666453034876  16.951317234025925  0.61813577101812101  0
-7.4973333977112739  16.49654183068435  0.61813577101812101  0
-11.832980583794338  15.039985939759271  0.61813577101812101  0
-11.66616216657264  15.95289688819517  0.61813577101812101  0
-7.3615973519799249  15.041531692007597  0.61813577101812101  0
-7.7005460770580578  15.878358796643663  0.61813577101812101  0
-6.0829712674009659  16.960194327810687  0.61813577101812101  0
-9.816281095192581  16.169025160032138  0.61813577101812101  0
-7.6013714743773795  15.818908815282366  0.61813577101812101  0
-8.1546589053256966  14.28329029465619  0.61813577101812101  0
-11.26310264696891  17.281830158646571  0.61813577101812101  0
-6.0645362999212225  16.973347849552134  0.61813577101812101  0
-9.0502382937275314  14.842503016126365  0.61813577101812101  0
-5.7925193352495432  15.849328477460791  0.61813577101812101  0
-11.268244832422765  14.136887411583873  0.61813577101812101  0
-10.90667718584163  15.740244695001648  0.61813577101812101  0
-6.1031338929660306  14.925498365693745  0.61813577101812101  0
-11.925838860263164  17.214917220025256  0.61813577101812101  0
-9.661085985016463  15.268883291840574  0.61813577101812101  0
-7.5060155970849207  16.415324187247801  0.61813577101812101  0
-5.685127344834453  16.714018875983292  0.61813577101812101  0
-11.64683279273947  15.927239356758804  0.61813577101812101  0
-6.1326924552796021  14.470012274774271  0.61813577101812101  0
-11.630756924028649  15.404773628076407  0.61813577101812101  0
-7.5505007245718794  16.009281963728306  0.61813577101812101  0
-5.9453075512650662  15.490330427377598  0.61813577101812101  0
-7.4962330317034818  15.81060771134187  0.61813577101812101  0
-9.5260011662342592  15.295551381649567  0.61813577101812101  0
-5.4653402587796487  16.726601355737781  0.61813577101812101  0
-7.5483127701245651  15.904869787952546  0.61813577101812101  0
-9.180482613880919  16.239925075225027  0.61813577101812101  0
-6.0200496600107511  14.974272148158612  0.61813577101812101  0
-9.134172332800679  14.325863118914304  0.61813577101812101  0
-11.784346472587929  16.529578243880135  0.61813577101812101  0
-11.578659415127211  15.860846695061198  0.61813577101812101  0
-11.993832579298173  15.609956252922327  0.61813577101812101  0
-8.926257474557806  17.124468661334522  0.61813577101812101  0
-7.2081539508455954  15.643590441593842  0.61813577101812101  0
-8.7796012193543138  14.39179011344701  0.61813577101812101  0
-11.794630583343949  16.41061552556905  0.61813577101812101  0
-7.4832884454101585  15.026850847523267  0.61813577101812101  0
-11.857395445388629  14.930025863318381  0.61813577101812101  0
-12.011696827837865  17.035397398153375  0.61813577101812101  0
-6.9714763841208471  15.727932971479627  0.61813577101812101  0
-11.649389213934445  15.527366375442728  0.61813577101812101  0
-8.0836794347315024  17.166635508662694  0.61813577101812101  0
-6.5962441183711222  16.28913528861624  0.61813577101812101  0
-11.675230973805776  15.470264903905173  0.61813577101812101  0
-5.9923090169257227  16.866904185503586  0.61813577101812101  0
-6.0949316833344822  14.999395634733757  0.61813577101812101  0
-8.7074754225066453  17.002243952377718  0.61813577101812101  0
-7.0500654810502565  15.642665490497002  0.61813577101812101  0
-8.2852659083664228  14.143205653644491  0.61813577101812101  0
-7.3287529910674243  15.745336854736657  0.61813577101812101  0
-7.4946357435016662  14.875684719608042  0.61813577101812101  0
-7.8291401575322146  14.961760584210346  0.61813577101812101  0
-10.783177123839639  15.975796414599014  0.61813577101812101  0
-7.540544803577105  16.43967214647633  0.61813577101812101  0
-6.6582797733884567  16.127685280285398  0.61813577101812101  0
-7.4734795300314474  16.53245556809636  0.61813577101812101  0
-11.050490224854771  15.897694530993126  0.61813577101812101  0
-7.0768186978761252  14.527302509329481  0.61813577101812101  0
-11.813399677203664  16.025854330906011  0.61813577101812101  0
-11.357192399934805  14.981311087379551  0.61813577101812101  0
-10.664770623108298  15.087450192241327  0.61813577101812101  0
-7.4652047535854962  16.420158820950384  0.61813577101812101  0
-7.4096729095713352  14.878629191152182  0.61813577101812101  0
-7.3860587604659873  15.199575706045561  0.61813577101812101  0
-7.3716735037095384  14.925629021267943  0.61813577101812101  0
-11.734959693926493  16.477968372551715  0.61813577101812101  0
-9.1129019343813642  17.271648037695797  0.61813577101812101  0
-5.9714022238372628  16.892343473324974  0.61813577101812101  0
-7.7467107167162599  16.747670064012919  0.61813577101812101  0
-11.835891285425609  15.0620254169921  0.61813577101812101  0
-12.130051207072464  15.80802689972403  0.61813577101812101  0
-6.0026075603121267  14.819360728781255  0.61813577101812101  0
-11.752934845064217  15.022308523816218  0.61813577101812101  0
-7.4236552798998066  14.915983748461981  0.61813577101812101  0
-7.4470024500976075  16.021076820598413  0.61813577101812101  0
-11.774445287173107  16.535017522895451  0.61813577101812101  0
-8.3013762378403033  15.390227496008679  0.61813577101812101  0
-7.7580114221731913  16.948775104603037  0.61813577101812101  0
-7.0344109091962252  15.800906297169815  0.61813577101812101  0
-11.732907807752957  14.934617209871115  0.61813577101812101  0
-6.1360263145481522  14.967087671033253  0.61813577101812101  0
-11.78517393455691  16.390642384586066  0.61813577101812101  0
-9.3858628417701855  14.760463173724446  0.61813577101812101  0
-7.6480281996166344  15.975279449837362  0.61813577101812101  0
-7.3675001922067187  14.986192853511852  0.61813577101812101  0
-7.0646030476554555  15.598238537073602  0.61813577101812101  0
-6.0891931789251315  16.980491725086232  0.61813577101812101  0
-10.963705850649976  16.784713889124664  0.61813577101812101  0
-8.0683430720235485  16.506880260031338  0.61813577101812101  0
-6.0517322614030986  15.021149856713595  0.61813577101812101  0
-9.8942033281613622  15.830015023830173  0.61813577101812101  0
-6.1470947512096492  16.935655113543092  0.61813577101812101  0
-5.8305119742727642  16.21376999015143  0.61813577101812101  0
-11.014479016994843  14.906368414438987  0.61813577101812101  0
-9.912559504239093  14.929499078830689  0.61813577101812101  0
-7.4180120200632089  16.541508471987779  0.61813577101812101  0
-6.8548296261588559  14.841781044045822  0.61813577101812101  0
-7.1141588774532902  15.860920631650867  0.61813577101812101  0
-11.489701163873823  15.615571315278736  0.61813577101812101  0
-10.824441553439103  15.562554401875518  0.61813577101812101  0
-7.486357399641518  15.514521964480947  0.61813577101812101  0
-10.154072764974416  15.436008398716249  0.61813577101812101  0
-8.1321809469188402  15.521363025315395  0.61813577101812101  0
-11.627368496160562  15.617499234269234  0.61813577101812101  0
-7.5480285005112595  15.926759250879879  0.61813577101812101  0
-8.7714791292132617  15.3352910739265  0.61813577101812101  0
-7.4809168925089482  14.908410153557226  0.61813577101812101  0
-11.743464185767094  16.415684430315942  0.61813577101812101  0
-8.0953362299113554  17.337990126209831  0.61813577101812101  0
-8.8975135629036988  14.899780551265076  0.61813577101812101  0
-11.271672806680707  17.07826480315498  0.61813577101812101  0
-11.403432967405235  15.713443797475774  0.61813577101812101  0
-7.5331214819052787  15.532790820698436  0.61813577101812101  0
-11.627374671292459  14.847350929693441  0.61813577101812101  0
-11.284874617651365  14.353271626013864  0.61813577101812101  0
-7.3890829958510489  15.807078252507775  0.61813577101812101  0
-11.640912204230858  16.216598868033429  0.61813577101812101  0
-7.548682998330027  15.823466893228746  0.61813577101812101  0
-7.115004365475337  15.563131041460769  0.61813577101812101  0
-8.6076261037341872  15.286773787360593  0.61813577101812101  0
-7.5240677194323187  15.929076240549549  0.61813577101812101  0
-12.126037340389411  15.48585334613518  0.61813577101812101  0
-7.3461010896289833  14.877165416737668  0.61813577101812101  0
-9.714241718061059  14.912274261988109  0.61813577101812101  0
-7.4737416709369731  16.378565661910457  0.61813577101812101  0
-9.9708483218519763  14.31481483767366  0.61813577101812101  0
-8.7277388788992134  14.79623742914969  0.61813577101812101  0
-11.684549844568787  15.836470097030761  0.61813577101812101  0
-11.480251297810279  16.454912899525219  0.61813577101812101  0
-7.2213621714899867  15.668992990338985  0.61813577101812101  0
-8.9457269334764913  14.691840112814907  0.61813577101812101  0
-5.5481120809087781  14.107642628150188  0.61813577101812101  0
-9.8062784999914623  14.149026023752619  0.61813577101812101  0
-7.4365337242247156  16.41244383809715  0.61813577101812101  0
-7.4585812926636255  14.912937475766768  0.61813577101812101  0
-7.438355984538715  15.823629236955483  0.61813577101812101  0
-6.0571493910115395  15.317196811978556  0.61813577101812101  0
-7.2746180961159892  16.418350507630784  0.61813577101812101  0
-6.7378974232238074  15.902660584060678  0.61813577101812101  0
-5.9966025327025534  16.850731402579168  0.61813577101812101  0
-7.3819565562979346  16.530113713139905  0.61813577101812101  0
-5.9442006964738203  14.943365798732476  0.61813577101812101  0
-11.159644952398953  15.490147547169732  0.61813577101812101  0
-9.7532688678331603  16.86083746867692  0.61813577101812101  0
-10.81882414038447  14.164187453812902  0.61813577101812101  0
-7.3976715579984855  15.025953323783234  0.61813577101812101  0
-7.4691173487921079  15.823689919319401  0.61813577101812101  0
-8.9268500217978808  15.46577297090839  0.61813577101812101  0
-11.848860437514114  14.523912267565599  0.61813577101812101  0
-7.4337252437884196  16.538049105272567  0.61813577101812101  0
-11.632302847950434  16.459529839943954  0.61813577101812101  0
-6.859670574451723  14.312007129630253  0.61813577101812101  0
-10.843137453099766  14.804429865971381  0.61813577101812101  0
-11.648414132164463  15.613414952135164  0.61813577101812101  0
-11.676916105507882  15.879209182432252  0.61813577101812101  0
-11.76496638845998  15.405965403298129  0.61813577101812101  0
-11.955451346964887  15.822919219720795  0.61813577101812101  0
-11.705902663186178  16.516825831549724  0.61813577101812101  0
-11.954215359498505  15.62339616424836  0.61813577101812101  0
-7.5548117352588386  15.869851346491094  0.61813577101812101  0
-7.4497820597474353  15.844441838373859  0.61813577101812101  0
-11.724251941729186  14.969081730717457  0.61813577101812101  0
-8.9136612562497302  16.45158585274627  0.61813577101812101  0
-7.4879846560468248  16.514666865842081  0.61813577101812101  0
-7.404263919341461  15.594089470789406  0.61813577101812101  0
-7.8607891690999878  16.598947159377154  0.61813577101812101  0
-7.3648808975060991  16.615547998901729  0.61813577101812101  0
-7.506022727394968  16.510173300634062  0.61813577101812101  0
-6.4352773187178443  17.111508846974871  0.61813577101812101  0
-7.2270155829537535  15.779743764216313  0.61813577101812101  0
-10.189066250335896  16.574968272812072  0.61813577101812101  0
-6.6883049164731307  16.7432073368518  0.61813577101812101  0
-7.3754659823765207  16.444987717962512  0.61813577101812101  0
-7.4137925487064003  16.418241139626634  0.61813577101812101  0
-6.0345199216532217  16.994523834819965  0.61813577101812101  0
-11.675437536620827  15.560929817326427  0.61813577101812101  0
-11.683298247901334  14.928493774379529  0.61813577101812101  0
-5.9924940488301113  16.967781046929389  0.61813577101812101  0
-6.1431091095825598  16.845802936563256  0.61813577101812101  0
-11.575105026123216  16.914933980836011  0.61813577101812101  0
-7.4912829978301314  15.944150455029911  0.61813577101812101  0
-8.1267311606912767  16.278948939126543  0.61813577101812101  0
-9.9833589351732499  16.248445041880903  0.61813577101812101  0
-7.4880180602059339  16.642377613260901  0.61813577101812101  0
-10.568897149655371  15.872434131450305  0.61813577101812101  0
-5.953928152364397  16.829408798649165  0.61813577101812101  0
-7.1582146706231082  15.016702720934989  0.61813577101812101  0
-7.5059602939337564  16.476728163825342  0.61813577101812101  0
-5.8843817550302466  16.413199757450656  0.61813577101812101  0
-7.389225676477853  16.517184300166452  0.61813577101812101  0
-11.93597258333879  16.484538060561572  0.61813577101812101  0
-11.578202439426763  15.568473793879347  0.61813577101812101  0
-6.0259221281574415  16.977564041733949  0.61813577101812101  0
-11.90062043532026  15.787203347184457  0.61813577101812101  0
-6.4983011353023832  15.982254820945373  0.61813577101812101  0
-5.9431522695851857  16.893508508437421  0.61813577101812101  0
-11.570061695649525  15.821415277366064  0.61813577101812101  0
-7.5502939120934238  15.881897674793551  0.61813577101812101  0
-10.881887340749477  17.01528976013482  0.61813577101812101  0
-7.2338447801019123  15.689496907187726  0.61813577101812101  0
-11.870006287169709  15.67757934705009  0.61813577101812101  0
-11.443315355492246  16.232652950526656  0.61813577101812101  0
-10.406755479161639  16.207687132253412  0.61813577101812101  0
-10.66051112503124  14.478960551386846  0.61813577101812101  0
-11.684623501135761  16.076883575355332  0.61813577101812101  0
-7.4754348087925413  15.493476893673067  0.61813577101812101  0
-11.910480708770615  14.312527188473176  0.61813577101812101  0
-9.3026940198338472  15.931248097181808  0.61813577101812101  0
-8.7682720646132051  15.580546574451837  0.61813577101812101  0
-7.1022250835563199  15.611033236307533  0.61813577101812101  0
-9.7970730756337634  14.515260134713044  0.61813577101812101  0
-11.981942365298215  15.909749790346169  0.61813577101812101  0
-7.3719972305350732  15.560007150338524  0.61813577101812101  0
-5.9760829252896128  14.898270825505554  0.61813577101812101  0
-11.429490140570948  17.035849393078085  0.61813577101812101  0
-11.894195654022685  14.774989593088398  0.61813577101812101  0
-11.92161044454223  16.610871156985077  0.61813577101812101  0
-11.71246435968138  15.120407445012807  0.61813577101812101  0
-7.671707530147061  15.099448316413099  0.61813577101812101  0
-7.553400506645251  15.514118356579582  0.61813577101812101  0
-8.7444265044614227  14.5726192602539  0.61813577101812101  0
-9.1229997939682566  16.08471890888984  0.61813577101812101  0
-11.894039322062618  15.705370306308067  0.61813577101812101  0
-7.4913583965698418  14.945603037719367  0.61813577101812101  0
-7.4762300375055277  17.027425160844942  0.61813577101812101  0
-5.8837041336230103  14.924657531053899  0.61813577101812101  0
-9.1669997269187018  14.717094542266537  0.61813577101812101  0
-11.634439983768097  15.931889314860436  0.61813577101812101  0
-7.1271193886123321  16.046181452221823  0.61813577101812101  0
-11.667277773716426  15.915684418956088  0.61813577101812101  0
-7.4532103480598222  15.871137888314097  0.61813577101812101  0
-11.850975860475653  15.041218548140385  0.61813577101812101  0
-11.841373682275293  16.414189456257017  0.61813577101812101  0
-11.665697273227646  15.847518582188338  0.61813577101812101  0
-11.56860589121543  15.575670815898487  0.61813577101812101  0
-12.054434249639691  14.218012569734608  0.61813577101812101  0
-8.1801287511737826  16.116326903803852  0.61813577101812101  0
-10.643979557320375  16.774816646481995  0.61813577101812101  0
-7.4851278712766858  15.649666483351893  0.61813577101812101  0
-12.035513265148113  15.823595663954817  0.61813577101812101  0
-11.932826156538864  15.804181943286984  0.61813577101812101  0
-11.969567135069012  15.591097055922825  0.61813577101812101  0
-11.87098081110911  14.949518529041423  0.61813577101812101  0
-7.691240530939802  17.232175222372796  0.61813577101812101  0
-11.653508219972757  15.840186632618346  0.61813577101812101  0
-7.5678150673721678  15.54838958386714  0.61813577101812101  0
-11.77320151144524  16.414592398599119  0.61813577101812101  0
-6.0963381264890009  14.875509611465048  0.61813577101812101  0
-12.091620664773544  15.836870294654384  0.61813577101812101  0
-9.3583705477094785  16.310653726636332  0.61813577101812101  0
-8.5237055192630677  16.674253734627001  0.61813577101812101  0
-11.790008410974043  15.049635745281027  0.61813577101812101  0
-11.50112148014248  15.897059194658082  0.61813577101812101  0
-9.4479673449540176  15.596581118762995  0.61813577101812101  0
-7.5282634048954877  16.510118934721035  0.61813577101812101  0
-8.5312389138977149  14.954264124233976  0.61813577101812101  0
-7.5808713114186794  16.487662255008033  0.61813577101812101  0
-11.452533369537653  14.176390048617369  0.61813577101812101  0
-10.628666470536613  15.298422657331233  0.61813577101812101  0
-7.4698709004568986  15.078354250144201  0.61813577101812101  0
-8.3233958881445673  16.34386112194451  0.61813577101812101  0
-5.9108745428603076  14.701284843016749  0.61813577101812101  0
-11.637984890714309  15.951542672512025  0.61813577101812101  0
-11.713407854844583  15.789295774193578  0.61813577101812101  0
-7.2501499513362209  15.655684310182441  0.61813577101812101  0
-7.7023420408843952  15.725795735246152  0.61813577101812101  0
-11.467594484937102  15.164634842902872  0.61813577101812101  0
-9.2247014433045305  15.315735712377629  0.61813577101812101  0
-5.9967473424609121  14.757472414621317  0.61813577101812101  0
-5.3625021875527308  14.291823402092646  0.61813577101812101  0
-11.610621639311425  15.505022803814454  0.61813577101812101  0
-7.232259974319402  15.716210682435985  0.61813577101812101  0
-9.4846649918275183  15.780267444550061  0.61813577101812101  0
-7.3884984174574937  16.430377385557641  0.61813577101812101  0
-11.811669024242351  15.048243287736364  0.61813577101812101  0
-7.2312298364530152  15.587458075243616  0.61813577101812101  0
-7.3509057590437772  16.497765038036569  0.61813577101812101  0
-11.794499861870003  16.537320569912733  0.61813577101812101  0
-11.848724285676418  15.109187722159255  0.61813577101812101  0
-11.554641550302769  15.532066299948449  0.61813577101812101  0
-7.5228571658310788  15.522965288350267  0.61813577101812101  0
-7.5778852799776475  15.722529081514404  0.61813577101812101  0
-9.2087523615799363  14.926542408215793  0.61813577101812101  0
-11.737947474031229  16.599851582781479  0.61813577101812101  0
-6.5079872649470305  15.497792869136232  0.61813577101812101  0
-7.5678303591624898  16.36685569451306  0.61813577101812101  0
-9.3216234757751568  16.605622754250263  0.61813577101812101  0
-7.3838913767930814  15.091195647841156  0.61813577101812101  0
-7.6221076388665931  14.96498499210667  0.61813577101812101  0
-11.602006060412714  15.830773157408371  0.61813577101812101  0
-11.8799503873137  16.470656472737677  0.61813577101812101  0
-7.2691769151603971  15.709195524989681  0.61813577101812101  0
-7.1974104238797008  15.813990659557772  0.61813577101812101  0
-11.876770192812856  14.921859687935209  0.61813577101812101  0
-11.752606615682078  16.382604540395121  0.61813577101812101  0
-7.1751176538259553  16.301739560579367  0.61813577101812101  0
-7.601838422485641  15.573609090738154  0.61813577101812101  0
-8.3386217719173441  15.796099439480916  0.61813577101812101  0
-6.1669815454128178  14.888759661934104  0.61813577101812101  0
-10.264355148350873  15.585849981847078  0.61813577101812101  0
-8.3366266399765738  15.604999604984856  0.61813577101812101  0
-5.3971865777759103  15.066446909420389  0.61813577101812101  0
-11.87185057246729  14.998080580749605  0.61813577101812101  0
-7.9930918126583634  15.874274613141345  0.61813577101812101  0
-5.9939323956398507  14.850561617429973  0.61813577101812101  0
-11.766563801091944  14.87912981776331  0.61813577101812101  0
-12.074768275542249  14.647806509222592  0.61813577101812101  0
-7.2043424345087832  16.686832062073726  0.61813577101812101  0
-7.7490266553707929  14.376562754545168  0.61813577101812101  0
-5.9668747925256946  14.844097782937572  0.61813577101812101  0
-10.253189885197029  14.385787039560906  0.61813577101812101  0
-10.242670079623664  14.615859296584791  0.61813577101812101  0
-10.370384900273715  14.77172484276058  0.61813577101812101  0
-7.1774264914885695  15.618234642736823  0.61813577101812101  0
-7.064489400814427  15.812507022382722  0.61813577101812101  0
-11.741025792332033  14.904100828062292  0.61813577101812101  0
-11.257680039828569  16.037829176517231  0.61813577101812101  0
-7.458270842832083  16.543192018843961  0.61813577101812101  0
-11.078186403569708  17.151162950185896  0.61813577101812101  0
-5.8662161168419509  14.328391999929032  0.61813577101812101  0
-5.9791903577547032  14.882274729785619  0.61813577101812101  0
-7.5452860166531517  15.840750333921706  0.61813577101812101  0
-11.707117961277291  15.891566682093918  0.61813577101812101  0
-7.4899053101205393  14.644085122150411  0.61813577101812101  0
-8.4953937253669896  14.171717948232486  0.61813577101812101  0
-7.632399946757455  16.094518730205227  0.61813577101812101  0
-7.3914346609157882  16.555437623497522  0.61813577101812101  0
-8.0501704271093413  14.410835789609688  0.61813577101812101  0
-8.049746979793877  15.12598395287063  0.61813577101812101  0
-5.8392350664483139  16.817891865360032  0.61813577101812101  0
-11.679366187786787  15.576482685209891  0.61813577101812101  0
-7.474611843789428  15.610977463274729  0.61813577101812101  0
-9.1519481789679418  17.02700777749881  0.61813577101812101  0
-6.371113297279007  17.305336830292642  0.61813577101812101  0
-11.280706931414096  15.147954052220356  0.61813577101812101  0
-5.9742607878427068  14.937825495337409  0.61813577101812101  0
-11.69931058081465  14.251449710795489  0.61813577101812101  0
-11.879551507018736  15.050505628693427  0.61813577101812101  0
-6.608174612544647  17.275534440704796  0.61813577101812101  0
-11.692677570561971  15.926880480364977  0.61813577101812101  0
-11.654752404597913  15.803200992139384  0.61813577101812101  0
-11.729612980892888  15.852109857244008  0.61813577101812101  0
-11.020542330405945  16.528857229990507  0.61813577101812101  0
-11.65483647796926  15.53072227765891  0.61813577101812101  0
-5.9796080962439397  16.756747350977513  0.61813577101812101  0
-7.9832680355407177  15.437386331693622  0.61813577101812101  0
-11.565002592858534  16.109164284948772  0.61813577101812101  0
-6.0939795479399983  14.970453337546477  0.61813577101812101  0
-6.1052235960791217  16.913130724419069  0.61813577101812101  0
-11.671776702125612  15.514131050324982  0.61813577101812101  0
-12.097862226390593  15.597546729702927  0.61813577101812101  0
-7.8892088152408499  16.788508608233379  0.61813577101812101  0
-11.101569572486216  15.695258861722575  0.61813577101812101  0
-11.810272377962784  15.20873376665093  0.61813577101812101  0
-11.649340892956419  15.988090229233043  0.61813577101812101  0
-6.444648547865989  14.195088545467051  0.61813577101812101  0
-6.1291976543124402  16.980593010541583  0.61813577101812101  0
-7.47678327512625  15.525623469722532  0.61813577101812101  0
-12.051944935688516  16.242689915072475  0.61813577101812101  0
-11.244497722005056  15.81246354729941  0.61813577101812101  0
-10.869221297716528  17.262115986718165  0.61813577101812101  0
-6.8035860763397915  17.158575973509901  0.61813577101812101  0
-11.401743350036035  17.164683204171311  0.61813577101812101  0
-11.755080002872273  15.706437817728851  0.61813577101812101  0
-7.549728920678672  15.579909196285705  0.61813577101812101  0
-7.54270854289617  15.001589363483934  0.61813577101812101  0
-11.641865335660476  15.828584410700428  0.61813577101812101  0
-8.5412625073421431  15.450230270620237  0.61813577101812101  0
-6.2770135703217935  16.511727235498292  0.61813577101812101  0
-9.988652292557358  16.715776456235968  0.61813577101812101  0
-6.7686927715453935  15.02726883086372  0.61813577101812101  0
-7.454705336690604  15.589182114172035  0.61813577101812101  0
-11.580001372431083  15.521800528572903  0.61813577101812101  0
-6.9886539112703963  16.233846586156215  0.61813577101812101  0
-12.09190424265306  15.664922681476314  0.61813577101812101  0
-7.4894603149804277  14.932663540089065  0.61813577101812101  0
-11.894930627326639  14.962199802257334  0.61813577101812101  0
-10.843642016746573  15.000453339397481  0.61813577101812101  0
-12.051527966692946  15.843023495864328  0.61813577101812101  0
-11.61406458006709  15.961234723982828  0.61813577101812101  0
-10.649144025650038  16.20148796403064  0.61813577101812101  0
-11.923362638992081  14.906538836047662  0.61813577101812101  0
-7.4474615452060045  15.49486727688975  0.61813577101812101  0
-7.5058075265261817  15.513465859143675  0.61813577101812101  0
-11.945975855423466  16.34289386190807  0.61813577101812101  0
-9.8098553097042291  15.36648287408115  0.61813577101812101  0
-7.2487483163751509  14.832405898021152  0.61813577101812101  0
-7.1763570914733981  15.468585670229945  0.61813577101812101  0
-6.9973222822387209  14.156712120578606  0.61813577101812101  0
-10.110742639711473  14.809648486420114  0.61813577101812101  0
-5.9276210262832789  16.866119415517772  0.61813577101812101  0
-11.553756273181532  15.627159285691787  0.61813577101812101  0
-5.5507500673150396  16.067085424332188  0.61813577101812101  0
-9.0565306662839031  16.629798840731493  0.61813577101812101  0
-6.2095093094501674  17.159353203827191  0.61813577101812101  0
-6.0216212599946193  16.848574974692028  0.61813577101812101  0
-11.67123314153493  15.594718967236535  0.61813577101812101  0
-6.7858429220359024  16.307135557590243  0.61813577101812101  0
-9.1121598560748236  15.123798478158303  0.61813577101812101  0
-7.3475114280932354  15.387053549604925  0.61813577101812101  0
-6.9964066209814533  16.620093442800403  0.61813577101812101  0
-6.0559859107829705  17.092932729457374  0.61813577101812101  0
-7.3783865107439004  16.456325899795079  0.61813577101812101  0
-6.0470726393347825  14.989705166121439  0.61813577101812101  0
-5.6598874625875633  15.955505089122406  0.61813577101812101  0
-7.6124082607164052  15.900022490700763  0.61813577101812101  0
-7.3755677763466787  16.42039307411202  0.61813577101812101  0
-7.4571246179246735  16.532469820061479  0.61813577101812101  0
-7.5775067913412988  15.946308240367566  0.61813577101812101  0
-11.88378226061737  15.508514849562678  0.61813577101812101  0
-6.7773253452210946  16.553093074601055  0.61813577101812101  0
-5.7768696998939699  16.959351806209192  0.61813577101812101  0
-5.5236404425053873  14.896401874733987  0.61813577101812101  0
-5.8650042392152404  14.819615802118792  0.61813577101812101  0
-6.793963073711355  14.137710623851552  0.61813577101812101  0
-6.0612009161025817  14.800090473578695  0.61813577101812101  0
-7.2348569446590654  15.820299844381925  0.61813577101812101  0
-6.2451433914128049  14.643371691031515  0.61813577101812101  0
-6.0071484263392971  16.823100162668791  0.61813577101812101  0
-8.1545314509907314  15.731193495507032  0.61813577101812101  0
-7.0578297545392523  14.839187989978498  0.61813577101812101  0
-7.4062069920380891  15.721840251861321  0.61813577101812101  0
-9.6788919471130797  15.805503442031114  0.61813577101812101  0
-7.2929420641811715  16.529322396155937  0.61813577101812101  0
-8.2939335350412851  17.277016191549098  0.61813577101812101  0
-6.908339123863386  14.490129120286507  0.61813577101812101  0
-11.731573120320412  15.0072532291036  0.61813577101812101  0
-6.6256672723700776  16.430512902855867  0.61813577101812101  0
-12.131989593362603  15.762949383927547  0.61813577101812101  0
-11.763951993737445  15.915597329975872  0.61813577101812101  0
-9.3778704765433503  14.332882324864981  0.61813577101812101  0
-7.4155302791160285  15.549607576120616  0.61813577101812101  0
-7.4644100698257336  15.040404305736233  0.61813577101812101  0
-11.536624686970317  15.702778404517213  0.61813577101812101  0
-6.0735682801681516  14.848121255678116  0.61813577101812101  0
-7.0686517012781342  15.892345688829272  0.61813577101812101  0
-11.339781537898943  16.896207680054907  0.61813577101812101  0
-5.6407144869737289  16.860564627849357  0.61813577101812101  0
-8.067058153091315  14.594157443506512  0.61813577101812101  0
-7.5455812865430421  15.537786173907699  0.61813577101812101  0
-7.504772973759863  15.931228240430292  0.61813577101812101  0
-11.906244282628604  16.510578941303404  0.61813577101812101  0
-7.4420511183296307  15.600252575250348  0.61813577101812101  0
-11.621280151405731  15.623089863683468  0.61813577101812101  0
-10.452648545944442  15.684373781233171  0.61813577101812101  0
-5.8635306264495375  16.026320069162544  0.61813577101812101  0
-12.002094639770272  15.5430679025361  0.61813577101812101  0
-10.621297817695739  17.259210878563461  0.61813577101812101  0
-6.9125077744688816  15.532777455978653  0.61813577101812101  0
-8.8889161660031633  15.110524023840176  0.61813577101812101  0
-9.5457617033323405  15.10002403540536  0.61813577101812101  0
-11.900098716580258  15.663661288971792  0.61813577101812101  0
-11.611765956011952  16.572462088318915  0.61813577101812101  0
-7.4444464847674077  15.862370988187433  0.61813577101812101  0
-9.5725832766373919  16.877080288406891  0.61813577101812101  0
-10.390573353918064  16.966527571354383  0.61813577101812101  0
-11.569806620772681  15.595119833757309  0.61813577101812101  0
-11.419524889576968  14.519157419894384  0.61813577101812101  0
-6.2593710265338549  16.763096304055757  0.61813577101812101  0
-7.3834615702577864  14.939378907252223  0.61813577101812101  0
-7.5120125467259538  15.07502854274432  0.61813577101812101  0
-11.95745062599682  16.431479999651266  0.61813577101812101  0
-10.834485267684791  16.204716744370732  0.61813577101812101  0
-7.1911950511173339  15.85078360642699  0.61813577101812101  0
-7.5309988060371227  16.47686297753733  0.61813577101812101  0
-5.4480423856056905  16.939544469325856  0.61813577101812101  0
-9.985283479988297  16.472580495516663  0.61813577101812101  0
-8.9269193468101431  17.322151820007008  0.61813577101812101  0
-11.601822872461588  16.347894917327661  0.61813577101812101  0
-10.359981216459564  15.934695950275888  0.61813577101812101  0
-9.8037320154249272  15.602103274476638  0.61813577101812101  0
-7.4664566871858762  15.842389848783442  0.61813577101812101  0
-11.978684736703075  15.340885078018619  0.61813577101812101  0
-11.213194413629298  14.827906147163215  0.61813577101812101  0
-5.9669427259071339  15.844440654871079  0.61813577101812101  0
-11.660508293944758  15.830970737192745  0.61813577101812101  0
-8.285308793445024  15.031931160174622  0.61813577101812101  0
-6.5800052363895336  14.473783453944657  0.61813577101812101  0
-7.1176093237243432  15.83198280451942  0.61813577101812101  0
-7.3602939677678023  15.891545968801555  0.61813577101812101  0
-5.9632454181343526  14.898249246388776  0.61813577101812101  0
-7.2326195520426504  17.219634697078174  0.61813577101812101  0
-7.0791693310164217  15.629396384883385  0.61813577101812101  0
-7.5008498690618666  16.531675315945005  0.61813577101812101  0
-5.7018393144714974  14.439538477206927  0.61813577101812101  0
-7.1670157407500907  15.568949209112441  0.61813577101812101  0
-7.4499761790769155  15.900566068756143  0.61813577101812101  0
-8.9146622460889517  16.059337131529457  0.61813577101812101  0
-7.5004980581287786  15.486831776561578  0.61813577101812101  0
-5.785908348336978  14.742241735273085  0.61813577101812101  0
-11.710291223468477  15.980790373620751  0.61813577101812101  0
-7.5258462361112031  15.153263792358063  0.61813577101812101  0
-9.5643499032102124  14.195048578428885  0.61813577101812101  0
-11.817909149282272  14.90919673932394  0.61813577101812101  0
-7.5101811074188047  14.917629742801761  0.61813577101812101  0
-11.920819512322584  15.844354180973074  0.61813577101812101  0
-5.980832430214587  17.265950794549116  0.61813577101812101  0
-6.0340835201298146  14.979106334947145  0.61813577101812101  0
-8.6939882474174368  16.761822537402882  0.61813577101812101  0
-7.5114496420026091  15.945674266290522  0.61813577101812101  0
-5.9451204472179207  16.952279060089179  0.61813577101812101  0
-5.8472935559739119  16.639143967349245  0.61813577101812101  0
-11.86286702075034  16.442080876538043  0.61813577101812101  0
-11.761165707929354  16.51991830943755  0.61813577101812101  0
-7.3550453125676656  14.964181247795418  0.61813577101812101  0
-6.1215528283822351  16.921158587232696  0.61813577101812101  0
-12.028741841413101  15.872735471776384  0.61813577101812101  0
-5.9581737067800153  14.919147066804864  0.61813577101812101  0
-9.390915197317927  16.895930843567886  0.61813577101812101  0
-7.2007008794620457  15.238364114456095  0.61813577101812101  0
-7.5027558892414463  15.008145890179154  0.61813577101812101  0
-10.624808596374359  14.721024243787289  0.61813577101812101  0
-7.4337973469923924  14.906463185176653  0.61813577101812101  0
-6.0127958235195553  14.340484133853423  0.61813577101812101  0
-8.053087408203389  16.710708209802249  0.61813577101812101  0
-7.0273199246938445  15.769960162905312  0.61813577101812101  0
-9.7383627494590925  14.32590789419344  0.61813577101812101  0
-11.394992817895224  15.52454946156122  0.61813577101812101  0
-11.721088471944309  14.855658251255754  0.61813577101812101  0
-6.0581364609355592  16.853519634333225  0.61813577101812101  0
-11.188470010177383  16.303520840484598  0.61813577101812101  0
-11.599443122665599  15.5211620897039  0.61813577101812101  0
-11.662254826666635  15.930431941108873  0.61813577101812101  0
-5.9824576491879045  17.037499664445956  0.61813577101812101  0
-7.3966866778163256  14.794974422827126  0.61813577101812101  0
-7.8095638718503473  15.401451228723664  0.61813577101812101  0
-7.3731006417560199  14.965923355843419  0.61813577101812101  0
-7.4389446632429381  14.199623759649844  0.61813577101812101  0
-6.1031191788256116  14.909034819116624  0.61813577101812101  0
-12.059927352004397  16.5630489249093  0.61813577101812101  0
-8.3390487569817857  14.832078114454969  0.61813577101812101  0
-6.0878177112061946  16.832902356770081  0.61813577101812101  0
-11.549202035646914  15.938487865404287  0.61813577101812101  0
-5.9570234932274326  16.91471315476463  0.61813577101812101  0
-6.3975811280766681  15.124232147826213  0.61813577101812101  0
-7.4581870833566546  15.855970283657092  0.61813577101812101  0
-12.103110706519185  15.776019972866791  0.61813577101812101  0
-5.9777579965030263  14.863361101779667  0.61813577101812101  0
-11.62981443000033  15.507798128399942  0.61813577101812101  0
-5.4001878703726272  14.725664770228711  0.61813577101812101  0
-8.2123809909583265  15.956671856129462  0.61813577101812101  0
-10.516175087341807  14.940269200541975  0.61813577101812101  0
-7.6550573582574515  14.791809997159193  0.61813577101812101  0
-11.928179306287833  15.587516633012767  0.61813577101812101  0
-6.1218774723862248  14.920947034606609  0.61813577101812101  0
-7.4990185043404569  15.832585403997582  0.61813577101812101  0
-8.1018909994099655  14.844374133801649  0.61813577101812101  0
-11.904824655877773  17.356766609935047  0.61813577101812101  0
-6.7062953362642626  15.185924430467832  0.61813577101812101  0
-11.875857277697797  14.966628829956777  0.61813577101812101  0
-7.5641198902211384  15.055425875682216  0.61813577101812101  0
-11.807134893386838  16.39437936651985  0.61813577101812101  0
-6.0395619746824547  16.199713624655335  0.61813577101812101  0
-7.5046188423829916  14.972325263486489  0.61813577101812101  0
-11.770040037059861  15.043636120866172  0.61813577101812101  0
-7.4850694498025119  15.624909949190563  0.61813577101812101  0
-7.3982336842886456  15.497757500832007  0.61813577101812101  0
-7.0003035737608137  15.617109526114652  0.61813577101812101  0
-11.693663687478299  15.86788484924439  0.61813577101812101  0
-6.4555962972204313  16.387967376171328  0.61813577101812101  0
-6.7470701119374974  14.44109799960842  0.61813577101812101  0
-7.3458800044995289  16.399711618265567  0.61813577101812101  0
-11.584695886173405  15.537207216889906  0.61813577101812101  0
-11.057767059131491  14.20632477172717  0.61813577101812101  0
-10.230890712720909  16.820113906106219  0.61813577101812101  0
-11.643878591396399  15.254152023515207  0.61813577101812101  0
-6.738104443110319  14.638168112044468  0.61813577101812101  0
-6.1579325165309937  17.031216170443905  0.61813577101812101  0
-7.4975785186061383  16.459711824824918  0.61813577101812101  0
-10.289062130319566  14.993863528566662  0.61813577101812101  0
-7.5550134346189104  14.885460547229842  0.61813577101812101  0
-9.4668976872559369  14.61260254828694  0.61813577101812101  0
-6.2627236851589423  16.052442545566386  0.61813577101812101  0
-11.542073703966427  15.853806272048518  0.61813577101812101  0
-5.9260492296705669  14.860642401549086  0.61813577101812101  0
-11.798910692432372  15.037059367892391  0.61813577101812101  0
-5.3889534191289394  14.133854084652274  0.61813577101812101  0
-10.00487728313974  15.280028115111445  0.61813577101812101  0
-7.4213703496932197  15.85898390142385  0.61813577101812101  0
-11.606907532364703  15.615694813824339  0.61813577101812101  0
-10.964153954155288  16.313791829728068  0.61813577101812101  0
-11.767361632999101  17.073988581652525  0.61813577101812101  0
-11.861809882709323  16.424945340518434  0.61813577101812101  0
-6.2868361860887587  14.820019525265336  0.61813577101812101  0
-8.7168869941243088  17.264732988263784  0.61813577101812101  0
-7.4405336489357969  15.880645196376697  0.61813577101812101  0
-7.5360403031506635  15.658437070113731  0.61813577101812101  0
-5.625859825635156  14.684838167299205  0.61813577101812101  0
-12.083547678281665  15.116898827404668  0.61813577101812101  0
-11.636492553557972  15.622289495453577  0.61813577101812101  0
-8.8539634592824559  16.64392681864523  0.61813577101812101  0
-9.6147940303005619  17.270232327249488  0.61813577101812101  0
-8.510611123223411  16.315078050299096  0.61813577101812101  0
-11.501180277130128  15.547028681261006  0.61813577101812101  0
-11.837662071300096  16.535819430978307  0.61813577101812101  0
-11.758389538157889  16.434000266118858  0.61813577101812101  0
-7.5306560823674333  15.834642914733131  0.61813577101812101  0
-8.2384272065772457  16.812667617771567  0.61813577101812101  0
-7.4927965728826482  16.440608336910838  0.61813577101812101  0
-7.0121787381861607  15.745456629948256  0.61813577101812101  0
-11.859994998312217  15.024868131570864  0.61813577101812101  0
-7.474275015858419  14.924459560353256  0.61813577101812101  0
-7.3925433015146789  15.046506757292422  0.61813577101812101  0
-10.993666425294666  15.078913227329704  0.61813577101812101  0
-7.5072446845500789  15.633435601502724  0.61813577101812101  0
-5.9556063052441948  14.170870292918574  0.61813577101812101  0
-11.622203569592504  15.826138092276985  0.61813577101812101  0
-5.7312176270331197  14.181382145319091  0.61813577101812101  0
-7.4604040373101164  15.782980730475973  0.61813577101812101  0
-11.839372157816138  14.916333143226279  0.61813577101812101  0
-12.075858326832789  15.923798159593712  0.61813577101812101  0
-5.4247027565504826  15.276860387617129  0.61813577101812101  0
-11.012324708765671  16.122502040724431  0.61813577101812101  0
-6.0620346284800295  16.839493380173362  0.61813577101812101  0
-7.6625707923421364  15.267227620144297  0.61813577101812101  0
-7.6063012840343198  15.638496283998091  0.61813577101812101  0
-11.709789081751818  15.514478165636193  0.61813577101812101  0
-11.678330626074287  15.899241101745885  0.61813577101812101  0
-5.6120129215499981  15.338092680273972  0.61813577101812101  0
-7.2892410252939888  14.458346286166636  0.61813577101812101  0
-9.3120640011046056  14.536004189840018  0.61813577101812101  0
-11.592903676071863  15.659205048547591  0.61813577101812101  0
-11.556142022238767  14.971030688935127  0.61813577101812101  0
-11.56199662002258  15.865444964580581  0.61813577101812101  0
-5.5802808432501516  17.306047685910354  0.61813577101812101  0
-7.3743804132371187  14.949172435519737  0.61813577101812101  0
-5.7582121261111272  17.140276504999068  0.61813577101812101  0
-6.986328326952016  15.679336693822497  0.61813577101812101  0
-6.6295223024260341  17.07209476359429  0.61813577101812101  0
-11.700375655509067  16.460553452450345  0.61813577101812101  0
-11.744132495395386  14.983636527947857  0.61813577101812101  0
-11.101611342675875  15.242969120839001  0.61813577101812101  0
-10.949752188482345  15.415336129314795  0.61813577101812101  0
-10.366182049828964  16.646073142370369  0.61813577101812101  0
-8.1083272137910853  14.121573611552  0.61813577101812101  0
-7.0062755369853562  17.058932301227969  0.61813577101812101  0
-6.9914998977467597  15.778149635995094  0.61813577101812101  0
-7.9112724449786764  15.634054783632923  0.61813577101812101  0
-5.618146789742906  15.737524039558272  0.61813577101812101  0
-7.4105950073899249  15.037964256833734  0.61813577101812101  0
-6.0452006613750457  14.976948844791949  0.61813577101812101  0
-7.1600934308909521  14.666777500598444  0.61813577101812101  0
-9.8647525107020329  14.736892398551165  0.61813577101812101  0
-7.3936445495326852  14.928964189350456  0.61813577101812101  0
-7.5488996009541358  15.597084744539506  0.61813577101812101  0
-7.4225853739918595  15.901108879385315  0.61813577101812101  0
-6.7575152478938456  15.382443684803007  0.61813577101812101  0
-6.249320488682212  14.99378329805713  0.61813577101812101  0
-10.854498655739985  14.368953211391293  0.61813577101812101  0
-11.121246138127788  16.941520187682436  0.61813577101812101  0
-5.4608864608920005  15.517362558924813  0.61813577101812101  0
-11.895358849766888  16.406206395062949  0.61813577101812101  0
-11.035649768818317  14.699631832175955  0.61813577101812101  0
-6.4378797621019075  14.926167893323919  0.61813577101812101  0
-6.0147426232250334  14.848247781454505  0.61813577101812101  0
-9.0989213460305081  14.547857971154745  0.61813577101812101  0
-11.572778386049652  15.77076145570828  0.61813577101812101  0
-7.5082004792076456  16.100448224340745  0.61813577101812101  0
-5.4395199842566866  14.484819981550901  0.61813577101812101  0
-11.675881990025529  15.541042783377163  0.61813577101812101  0
-11.544349479695063  15.578118981774226  0.61813577101812101  0
-7.4370843864394534  15.117256195264833  0.61813577101812101  0
-5.6292006379639306  16.524875650083843  0.61813577101812101  0
-10.767298250971992  16.40888940045258  0.61813577101812101  0
-10.185253786498579  16.344087085301986  0.61813577101812101  0
-9.563938458484623  16.71662964226633  0.61813577101812101  0
-11.719154479698028  17.287895389201786  0.61813577101812101  0
-5.9794342641009033  16.876908595518746  0.61813577101812101  0
-10.426926168828462  17.329616237427242  0.61813577101812101  0
-9.7891757528149199  16.358105312049631  0.61813577101812101  0
-6.0970313071441229  16.768920688679209  0.61813577101812101  0
-6.0754067472856716  16.858311726366797  0.61813577101812101  0
-6.9796396794125171  16.419546139719014  0.61813577101812101  0
-6.5240835153378978  15.757786888397771  0.61813577101812101  0
-7.5457241573478235  15.855174303872566  0.61813577101812101  0
-11.814313508095811  16.868840624352472  0.61813577101812101  0
-11.686037697186672  15.656956299698496  0.61813577101812101  0
-7.5496669093102735  15.553923632793772  0.61813577101812101  0
-6.0697008216289259  14.98789642269573  0.61813577101812101  0
-5.9258661180846959  14.508904219976856  0.61813577101812101  0
-9.9545119768143238  16.040259057126132  0.61813577101812101  0
-11.748797004355161  16.460911000343156  0.61813577101812101  0
-6.6418191406458931  14.864669669836736  0.61813577101812101  0
-11.585117548356935  15.595552944653468  0.61813577101812101  0
-5.9746627367628848  14.971752887783216  0.61813577101812101  0
-9.6090557409895041  15.454721925398601  0.61813577101812101  0
-6.0461800856370509  16.810593561577303  0.61813577101812101  0
-7.5358283194729712  15.954545260335408  0.61813577101812101  0
-7.085857792838012  15.836782486128385  0.61813577101812101  0
-9.2761955477420521  16.136060400523125  0.61813577101812101  0
-7.4425892031412086  16.550180213049572  0.61813577101812101  0
-9.5820040424104054  17.037469691042524  0.61813577101812101  0
-12.075013461879076  15.639282994601405  0.61813577101812101  0
-7.3401564932213805  16.453722176801488  0.61813577101812101  0
-7.4905511059412966  15.829417982495258  0.61813577101812101  0
-9.0051335759766342  16.250506644916822  0.61813577101812101  0
-11.688900811201609  15.884934728105536  0.61813577101812101  0
-7.3777281644448882  14.999622129345569  0.61813577101812101  0
-7.5145671132212399  15.617836339391049  0.61813577101812101  0
-8.5088769122034886  14.675123383592656  0.61813577101812101  0
-8.6653458832682286  15.147314338289348  0.61813577101812101  0
-10.167788290547303  16.109720087052747  0.61813577101812101  0
-11.864738266021744  15.0101917798572  0.61813577101812101  0
-12.064375388471648  17.338064587050379  0.61813577101812101  0
-8.5711017317160731  14.406914056956623  0.61813577101812101  0
-6.0607649617832529  15.99393063633218  0.61813577101812101  0
-6.9577068490636789  15.013264709391633  0.61813577101812101  0
-11.581762142276002  15.915932810318971  0.61813577101812101  0
-11.894857159022147  16.544953410789688  0.61813577101812101  0
-10.988513300005625  15.581243128433931  0.61813577101812101  0
-11.596284153170213  15.925791281039945  0.61813577101812101  0
-11.159956716744469  15.030416835367962  0.61813577101812101  0
-9.5692875983190842  16.464364621626562  0.61813577101812101  0
-11.686938522313797  15.588860178949016  0.61813577101812101  0
-10.064039317117015  15.649729427902786  0.61813577101812101  0
-11.745376207715141  16.502855722007645  0.61813577101812101  0
-11.607523383755932  15.926227748109968  0.61813577101812101  0
-11.492842854043525  14.36564261911311  0.61813577101812101  0
-7.4980337734572142  15.617878344747997  0.61813577101812101  0
-7.2669967876296644  15.771094668261989  0.61813577101812101  0
-7.5760338476661264  15.602740258132537  0.61813577101812101  0
-11.734195469401978  16.442708321717607  0.61813577101812101  0
-9.9979372519692866  16.971139626780289  0.61813577101812101  0
-10.248453545037048  17.290669189587955  0.61813577101812101  0
-6.0859924735034614  14.954555072527331  0.61813577101812101  0
-7.9198230085422914  17.299850715544306  0.61813577101812101  0
-11.797414491617696  14.889232879024277  0.61813577101812101  0
-8.7390760766957598  14.197186253143688  0.61813577101812101  0
-9.0815818007779274  15.458941553193227  0.61813577101812101  0
-10.251324384904921  15.747335071724585  0.61813577101812101  0
-11.782010105897573  14.918038768489652  0.61813577101812101  0
-8.3751476110740892  16.699567251153681  0.61813577101812101  0
-12.038321223495268  16.775116574166987  0.61813577101812101  0
-11.619625908687468  15.51914036314901  0.61813577101812101  0
-6.1926809783695234  16.896015264343664  0.61813577101812101  0
-11.518847985087124  15.486767166562753  0.61813577101812101  0
-5.553584912174343  16.193868737349487  0.61813577101812101  0
-11.613336278028099  15.798464860151993  0.61813577101812101  0
-9.3247306959391008  14.152547476812659  0.61813577101812101  0
-7.5130662088892013  16.451175958031019  0.61813577101812101  0
-5.3951368040579437  15.725831781372786  0.61813577101812101  0
-11.877147379930822  16.49579638557713  0.61813577101812101  0
-9.3976760060556295  14.95564226543071  0.61813577101812101  0
-8.7588981544247364  16.249059506533051  0.61813577101812101  0
-8.5075575103335819  17.324048857799294  0.61813577101812101  0
-9.4094930154063654  15.410895374512977  0.61813577101812101  0
-10.747442660372727  17.132086612371307  0.61813577101812101  0
-10.172362672748728  14.154391356028807  0.61813577101812101  0
-7.1375365556585892  15.608147079946406  0.61813577101812101  0
-8.5501614372061781  15.737188124943476  0.61813577101812101  0
-5.720096155252838  15.506863819266806  0.61813577101812101  0
-6.1159941618610283  14.889400231822361  0.61813577101812101  0
-7.4261212808497836  15.039680047178011  0.61813577101812101  0
-8.3819007169863244  14.506467415151477  0.61813577101812101  0
-11.720426466183154  16.319066408267311  0.61813577101812101  0
-11.605314405435552  14.525179954195647  0.61813577101812101  0
-6.0726921667679319  14.967596984047162  0.61813577101812101  0
-10.629052158311955  15.513843363556235  0.61813577101812101  0
-7.4607909833538981  17.28523771657855  0.61813577101812101  0
-7.5176339388074567  15.831678169340941  0.61813577101812101  0
-7.8753307276020239  14.707664542129782  0.61813577101812101  0
-11.548788169962869  15.888621770960262  0.61813577101812101  0
-6.0979154805791795  14.89205073971252  0.61813577101812101  0
-11.873785651751785  15.017090554123577  0.61813577101812101  0
-7.3035873448741029  14.956527577741863  0.61813577101812101  0
-5.9585313324714573  16.877936385991767  0.61813577101812101  0
-9.1394576344062894  16.415445528914439  0.61813577101812101  0
-11.905538953301685  15.757078729722002  0.61813577101812101  0
-8.666606340112553  16.516788930196054  0.61813577101812101  0
-10.844978431514935  14.590373362975754  0.61813577101812101  0
-7.5147804758073065  15.036681330189534  0.61813577101812101  0
-7.4230464440322219  15.065269363104395  0.61813577101812101  0
-10.566033548530259  16.586648403536444  0.61813577101812101  0
-9.6049598187311673  16.198694536496635  0.61813577101812101  0
-11.633145927910638  15.813630504895727  0.61813577101812101  0
-7.4438344798984319  15.047132614752494  0.61813577101812101  0
-12.036726077528959  15.614140154850009  0.61813577101812101  0
-6.9040594601066898  15.784075488550844  0.61813577101812101  0
-7.2423334080977897  15.904278675331668  0.61813577101812101  0
-11.857645430467525  16.39616066865273  0.61813577101812101  0
-8.4527643531737411  15.211860292603228  0.61813577101812101  0
-5.9452119533964956  14.799844844692531  0.61813577101812101  0
-11.580854247987542  15.898835800269902  0.61813577101812101  0
-7.3040456821028679  15.823404344986644  0.61813577101812101  0
-11.911237966258902  15.62971814918046  0.61813577101812101  0
-6.3062962094222055  15.462542161618998  0.61813577101812101  0
-8.3499287735746712  14.329920565150138  0.61813577101812101  0
-10.039514833523866  14.562435549386253  0.61813577101812101  0
-11.634079369004359  15.650149830254628  0.61813577101812101  0
-7.3357192253935386  16.327992551422302  0.61813577101812101  0
-7.4742867047665147  15.930010280871226  0.61813577101812101  0
-10.850792686064198  15.21745446054647  0.61813577101812101  0
-7.3745394239051985  16.509778534557647  0.61813577101812101  0
-6.1056392328513951  16.4049109482016  0.61813577101812101  0
-12.12358726800997  15.654897495423764  0.61813577101812101  0
-5.4078036339090154  16.133372554362357  0.61813577101812101  0
-5.3992478179434444  16.537840960741843  0.61813577101812101  0
-9.40448103527077  15.245951240479547  0.61813577101812101  0
-11.823315504621181  16.59556216433549  0.61813577101812101  0
-9.7750684577516775  16.597537857432176  0.61813577101812101  0
-7.2200577858379731  16.933732987542953  0.61813577101812101  0
-7.4491199831620403  15.552621868079603  0.61813577101812101  0
-11.64898911594114  15.938872435481407  0.61813577101812101  0
-10.453718191702579  15.159171902203381  0.61813577101812101  0
-8.2119761034152496  14.463549005103578  0.61813577101812101  0
-6.0570496048294276  14.97617300194341  0.61813577101812101  0
-11.471030931684899  16.014514414792529  0.61813577101812101  0
-7.368097724093718  16.468804653263074  0.61813577101812101  0
-7.5627522972804408  15.846531606954187  0.61813577101812101  0
-6.1091526321336573  16.95149429149102  0.61813577101812101  0
-11.87871847976562  15.751175296456646  0.61813577101812101  0
-11.396446410224582  15.880401370653924  0.61813577101812101  0
-6.1032552963712847  14.94448456845147  0.61813577101812101  0
-6.0064258103238002  16.994049640010964  0.61813577101812101  0
-10.442735660992861  14.551903973864775  0.61813577101812101  0
-11.857545301423615  15.022110459584994  0.86813577101812101  0
-6.8472446043838238  14.329536877036668  0.86813577101812101  0
-7.4542863338314556  15.549395025332768  0.86813577101812101  0
-10.1553709059  16.293084243023596  0.86813577101812101  0
-11.925062427918094  16.66355407469263  0.86813577101812101  0
-11.758570217737542  15.877235942701541  0.86813577101812101  0
-10.459730629219601  16.909329587506416  0.86813577101812101  0
-10.639353794676255  15.728214271658043  0.86813577101812101  0
-7.7887983435266586  16.192071741280678  0.86813577101812101  0
-11.073550718174616  17.141937232629957  0.86813577101812101  0
-11.905094875372455  14.98538686007026  0.86813577101812101  0
-5.8123994914619104  14.209312027740584  0.86813577101812101  0
-8.9329247218092842  14.418783837675434  0.86813577101812101  0
-6.4574172731790469  16.568517684291567  0.86813577101812101  0
-12.08235505755858  16.768156898396455  0.86813577101812101  0
-5.4097008322925193  16.307993636032453  0.86813577101812101  0
-7.4592226734665452  15.926448526700492  0.86813577101812101  0
-6.604715388674788  14.641457029635157  0.86813577101812101  0
-5.932246821407217  14.971112325675515  0.86813577101812101  0
-11.660016581452123  15.61556186526126  0.86813577101812101  0
-11.112709671967973  16.730641115118736  0.86813577101812101  0
-7.5327229567571647  15.626484543980279  0.86813577101812101  0
-6.0188881624756663  17.021705220779911  0.86813577101812101  0
-10.113086606800273  14.347603382832482  0.86813577101812101  0
-11.909658135258894  15.534496255055229  0.86813577101812101  0
-8.899869538365591  14.170613455444046  0.86813577101812101  0
-7.4339621272849685  15.869332115999068  0.86813577101812101  0
-7.6038454065634964  15.803636907051578  0.86813577101812101  0
-7.549284908110538  15.858919558152689  0.86813577101812101  0
-7.4249125373376206  15.89561290017719  0.86813577101812101  0
-7.4047270682780573  16.831507758936116  0.86813577101812101  0
-6.0443422927340063  16.846036221669578  0.86813577101812101  0
-7.5045545438240016  15.833044298053409  0.86813577101812101  0
-6.9201501747722025  15.733766620846911  0.86813577101812101  0
-11.598605350896722  15.925680442313437  0.86813577101812101  0
-7.4976342968291103  15.000645543813075  0.86813577101812101  0
-9.948246278826419  14.939937031412796  0.86813577101812101  0
-7.4062318033526848  14.909896246294345  0.86813577101812101  0
-7.4605815942244798  15.036738228471178  0.86813577101812101  0
-5.6161719721404015  17.019622403161566  0.86813577101812101  0
-7.484183440624613  15.833420700643728  0.86813577101812101  0
-11.555603202994281  15.870725413613529  0.86813577101812101  0
-7.3468430975872678  14.955982326004815  0.86813577101812101  0
-11.094299428449519  16.934053040171396  0.86813577101812101  0
-8.5570930852036309  16.89794530797499  0.86813577101812101  0
-7.5810761452427036  15.530053003962538  0.86813577101812101  0
-7.4569037964239104  15.591797779135774  0.86813577101812101  0
-9.6347929237454366  14.675042204830012  0.86813577101812101  0
-7.9865830819913777  16.439314176687699  0.86813577101812101  0
-8.2650981820112914  14.187822887354091  0.86813577101812101  0
-7.5440701680814852  16.677210989864744  0.86813577101812101  0
-11.754610543313779  16.51485385696898  0.86813577101812101  0
-6.9553437743063995  16.009777383198482  0.86813577101812101  0
-7.5646036595861199  15.843411923232958  0.86813577101812101  0
-8.5090104198386562  17.294392547698035  0.86813577101812101  0
-6.7398514073848084  15.999180621711183  0.86813577101812101  0
-11.635070693251135  15.624183664341531  0.86813577101812101  0
-11.881400148800102  15.019121273077827  0.86813577101812101  0
-8.2144694440494437  14.41467711776234  0.86813577101812101  0
-9.2879664182534096  15.95057186576647  0.86813577101812101  0
-10.006353760748503  17.069914548057195  0.86813577101812101  0
-7.0083682855744023  17.123058847551125  0.86813577101812101  0
-6.1001756954639985  16.963691853950525  0.86813577101812101  0
-7.4064325031290439  15.804974025805484  0.86813577101812101  0
-8.2109066471837266  14.99407195037454  0.86813577101812101  0
-9.9248602317460435  15.463122005824648  0.86813577101812101  0
-6.3978126659521211  14.121574325232487  0.86813577101812101  0
-6.1027350413792254  16.994185317011048  0.86813577101812101  0
-11.506656261171999  14.225390789927696  0.86813577101812101  0
-11.806069701686846  16.237537412439156  0.86813577101812101  0
-11.72159362828719  15.583882848015586  0.86813577101812101  0
-9.0014473668161088  14.562188826430472  0.86813577101812101  0
-5.7249507678326861  14.889380911766178  0.86813577101812101  0
-11.75786713318891  16.433884097617181  0.86813577101812101  0
-11.843753232457582  16.547615240235388  0.86813577101812101  0
-9.3111760083356057  16.915573900282943  0.86813577101812101  0
-11.873324228895221  14.896801837210274  0.86813577101812101  0
-7.4266314718074646  15.038000010739779  0.86813577101812101  0
-11.620341713567951  15.51976963507987  0.86813577101812101  0
-7.369610601816694  16.480449388642565  0.86813577101812101  0
-11.550972327649122  14.496510238305413  0.86813577101812101  0
-6.0751210338336756  16.861434584711226  0.86813577101812101  0
-6.1284366991806429  15.217883637033333  0.86813577101812101  0
-11.744911920787951  14.568035829290986  0.86813577101812101  0
-9.7185333350376819  15.244733158756169  0.86813577101812101  0
-6.0882561289861243  14.875786620929416  0.86813577101812101  0
-8.0980285671129799  16.97029505945088  0.86813577101812101  0
-6.8541939477119858  15.741013133211805  0.86813577101812101  0
-6.6116316688040229  14.178306748291956  0.86813577101812101  0
-11.778833659924421  14.906302078472127  0.86813577101812101  0
-11.678870288671643  15.874019226232027  0.86813577101812101  0
-8.3466805149964394  16.189266545975297  0.86813577101812101  0
-7.2293386469317795  14.158046633603838  0.86813577101812101  0
-6.0257538588381276  16.831700590431325  0.86813577101812101  0
-9.4260615835136008  16.116225246390499  0.86813577101812101  0
-11.442816973472745  16.197548636684814  0.86813577101812101  0
-11.827543363586051  15.059604210605453  0.86813577101812101  0
-10.947081510462093  15.284808147540867  0.86813577101812101  0
-5.9902619173048368  14.967466456363788  0.86813577101812101  0
-11.561144125863905  16.380662001919475  0.86813577101812101  0
-7.354273816148349  16.512878465921517  0.86813577101812101  0
-7.2983294400772296  14.92539328835856  0.86813577101812101  0
-11.577786937571712  15.51575991809448  0.86813577101812101  0
-7.5493847257760356  15.884847178808593  0.86813577101812101  0
-6.5887867181740765  15.334803335976622  0.86813577101812101  0
-11.676118679495621  15.565040319992224  0.86813577101812101  0
-6.1680739833431266  16.976894260199963  0.86813577101812101  0
-7.5147042605110599  16.43446835568718  0.86813577101812101  0
-7.4891295173521177  16.397970294988855  0.86813577101812101  0
-11.890674683056584  15.003658763477967  0.86813577101812101  0
-10.43735523301131  17.132885235243076  0.86813577101812101  0
-7.517915764944016  16.501096482557685  0.86813577101812101  0
-11.796240991604549  16.571452548199389  0.86813577101812101  0
-6.1154463108951873  16.924162500938312  0.86813577101812101  0
-11.594095104475485  15.810292501251185  0.86813577101812101  0
-10.504293736469867  16.388244793130667  0.86813577101812101  0
-11.056413929528265  15.948707193344401  0.86813577101812101  0
-7.4259397012924859  15.604855425341984  0.86813577101812101  0
-11.934680083716049  17.240010221996812  0.86813577101812101  0
-5.9762387710316922  16.893088216405999  0.86813577101812101  0
-7.4352724245579553  17.062246788279552  0.86813577101812101  0
-11.75031835750098  15.033077554489429  0.86813577101812101  0
-7.9836031377534562  15.420997849017466  0.86813577101812101  0
-10.853843363557084  15.110103755037008  0.86813577101812101  0
-7.4011653077788031  15.529095731795932  0.86813577101812101  0
-8.2162214706809298  15.415759030946134  0.86813577101812101  0
-7.478560903991526  16.521811713930031  0.86813577101812101  0
-11.774173870101597  16.39932760307736  0.86813577101812101  0
-12.057820830226671  14.869041411202723  0.86813577101812101  0
-11.800873384235674  15.034623238100806  0.86813577101812101  0
-8.7194340519364193  15.357600727498319  0.86813577101812101  0
-7.5462708881450853  15.595416286386673  0.86813577101812101  0
-5.6050797171843056  16.72895024176017  0.86813577101812101  0
-11.997527028946015  15.519845698444943  0.86813577101812101  0
-6.7340960285760083  15.491996545390219  0.86813577101812101  0
-10.21392072912646  14.525658463118305  0.86813577101812101  0
-11.816975368228833  15.815073306442709  0.86813577101812101  0
-11.85014597757465  16.419289061948749  0.86813577101812101  0
-7.4972463004417955  16.527560893223505  0.86813577101812101  0
-11.73391783921404  16.479933605703199  0.86813577101812101  0
-11.794213642256969  15.040022728771763  0.86813577101812101  0
-7.5484348359659217  15.897987052726535  0.86813577101812101  0
-11.308341630635436  16.638146370234537  0.86813577101812101  0
-11.723416660761744  14.366373913403891  0.86813577101812101  0
-8.7201832576542024  14.123028880859414  0.86813577101812101  0
-11.672394156431558  15.844883306604418  0.86813577101812101  0
-7.6706142024202579  17.328097128437726  0.86813577101812101  0
-8.0405817845354495  14.900573042405716  0.86813577101812101  0
-5.9595201306599082  16.968494414624889  0.86813577101812101  0
-9.2925152803963798  16.757467943436669  0.86813577101812101  0
-7.5230904139137076  15.928764309185045  0.86813577101812101  0
-11.66292988371389  14.945620622110205  0.86813577101812101  0
-8.053021532597608  14.296364892983341  0.86813577101812101  0
-11.695182135438422  16.533964121732676  0.86813577101812101  0
-7.5078269365991659  15.505731239089927  0.86813577101812101  0
-6.7959341769452415  15.815976134061263  0.86813577101812101  0
-6.8885494037670982  15.535138791619463  0.86813577101812101  0
-7.4026685186065535  16.421956055967811  0.86813577101812101  0
-7.4831032340314376  15.614929787145531  0.86813577101812101  0
-11.664021036182584  15.661772823256642  0.86813577101812101  0
-7.4350544848115545  15.844742930111918  0.86813577101812101  0
-9.3900701104733848  15.219582459233923  0.86813577101812101  0
-10.84670508293364  14.193004147429477  0.86813577101812101  0
-7.4251620347001124  16.410063961243889  0.86813577101812101  0
-7.3954401890337325  15.024138329670672  0.86813577101812101  0
-5.6024228297960779  15.085701335343199  0.86813577101812101  0
-7.3797404355660516  15.036454388241188  0.86813577101812101  0
-8.0833261403149805  17.14621480592276  0.86813577101812101  0
-8.1309211210681003  16.575859453841975  0.86813577101812101  0
-10.833817277123721  15.434455015464495  0.86813577101812101  0
-12.090455324872183  15.936065730640477  0.86813577101812101  0
-11.904496501064418  15.102919265247754  0.86813577101812101  0
-9.3386091887862808  17.288320474362472  0.86813577101812101  0
-6.6163332738037175  14.833602255304619  0.86813577101812101  0
-11.632562391991224  15.616208834346452  0.86813577101812101  0
-6.0440672836444129  14.984982138977031  0.86813577101812101  0
-6.0752944306571424  14.838024983010779  0.86813577101812101  0
-11.247527342983984  15.478726462900855  0.86813577101812101  0
-7.3605127715046761  15.847665319116258  0.86813577101812101  0
-8.3721860973281625  14.533864621681191  0.86813577101812101  0
-7.4574762382039257  14.883989307341722  0.86813577101812101  0
-7.296867753145607  15.00622772312377  0.86813577101812101  0
-7.4287259627913631  15.984991071174759  0.86813577101812101  0
-7.3916001659035944  14.924126326578483  0.86813577101812101  0
-11.723983254347344  14.910672562503736  0.86813577101812101  0
-6.4951222208404049  15.0428163553561  0.86813577101812101  0
-11.96347592371696  16.153970964040834  0.86813577101812101  0
-11.715975599161352  15.109563088194822  0.86813577101812101  0
-8.2600697322430143  16.731730686816267  0.86813577101812101  0
-11.793946764779101  16.41293572181204  0.86813577101812101  0
-11.775120745785504  16.546817972496203  0.86813577101812101  0
-7.4148670294433181  16.415264186249889  0.86813577101812101  0
-7.3282241511740223  15.662510576103825  0.86813577101812101  0
-9.0878078094427277  16.955900505415325  0.86813577101812101  0
-5.8437329810993965  16.887329603348764  0.86813577101812101  0
-7.2054891435595003  16.045030607517713  0.86813577101812101  0
-7.3762093957459793  16.498906523075306  0.86813577101812101  0
-7.344098341916669  16.470774932590153  0.86813577101812101  0
-11.798427720639491  14.909536286048175  0.86813577101812101  0
-11.910571081749525  16.318656024236574  0.86813577101812101  0
-11.6512210286617  16.229805965527241  0.86813577101812101  0
-7.5765489469731708  15.882869612287587  0.86813577101812101  0
-7.5588764841721385  15.888606438171642  0.86813577101812101  0
-11.566301522629381  15.891784093579167  0.86813577101812101  0
-7.4940322817077858  15.822307783729361  0.86813577101812101  0
-7.61849046282288  16.903753412912831  0.86813577101812101  0
-5.5869827966109256  14.678254561312915  0.86813577101812101  0
-9.4364895557442754  16.749083051814296  0.86813577101812101  0
-11.880979312525922  16.461972406886609  0.86813577101812101  0
-9.2983410485841045  14.866433746889664  0.86813577101812101  0
-11.729189888939594  16.507883213209848  0.86813577101812101  0
-7.0217188895516296  14.769856334511811  0.86813577101812101  0
-11.582396933869152  15.603632917350597  0.86813577101812101  0
-7.3948288665185204  16.539045659067742  0.86813577101812101  0
-11.413371395876128  16.961883974182559  0.86813577101812101  0
-7.8476806398840404  14.939054424783  0.86813577101812101  0
-10.843121480028961  14.41156967621737  0.86813577101812101  0
-11.577820892869211  15.905282997987731  0.86813577101812101  0
-7.2354541816750961  17.245123078643001  0.86813577101812101  0
-11.74299049018196  16.557007798241901  0.86813577101812101  0
-7.5454649622830754  15.531635372289056  0.86813577101812101  0
-11.664387941505089  15.921139756653645  0.86813577101812101  0
-11.413891857884096  15.195619567162172  0.86813577101812101  0
-5.4142791420208036  16.770268413739728  0.86813577101812101  0
-5.922243768510258  15.315689802015322  0.86813577101812101  0
-6.0890142136152008  16.857380355257749  0.86813577101812101  0
-10.718515373703674  15.257830974503074  0.86813577101812101  0
-7.365440179847238  14.972187624843091  0.86813577101812101  0
-6.1470771766418242  14.977795170665152  0.86813577101812101  0
-10.943295750877171  14.581972430607408  0.86813577101812101  0
-7.482835170367407  14.914548085430082  0.86813577101812101  0
-10.002625909314053  15.640769457971835  0.86813577101812101  0
-10.157721508461158  15.204145581032227  0.86813577101812101  0
-9.1037882023394019  14.868941683818736  0.86813577101812101  0
-7.3833737684834801  15.013943574825547  0.86813577101812101  0
-5.5519134938990762  16.872583181447222  0.86813577101812101  0
-7.3712255548452585  16.544179078423792  0.86813577101812101  0
-5.9814541945658064  16.948929172267363  0.86813577101812101  0
-11.385492710915262  15.873865589193439  0.86813577101812101  0
-9.2163267122088328  17.116341622604054  0.86813577101812101  0
-7.311757724242149  16.504613574748614  0.86813577101812101  0
-5.5817401807147151  15.901196771992346  0.86813577101812101  0
-6.0807625399225946  14.784298359853054  0.86813577101812101  0
-10.902890639195091  16.094823316411894  0.86813577101812101  0
-7.6696019956121066  14.120565436121773  0.86813577101812101  0
-7.3575804277656882  16.437333095789203  0.86813577101812101  0
-11.807770617489146  15.116259645073383  0.86813577101812101  0
-10.4797953307367  15.638602896884947  0.86813577101812101  0
-11.872508672393456  14.9479480921795  0.86813577101812101  0
-11.220723148660023  15.639739530429713  0.86813577101812101  0
-5.7013624624801595  16.563696373977137  0.86813577101812101  0
-7.4672514628859963  16.419894679527438  0.86813577101812101  0
-7.2494279361783489  14.509750457057011  0.86813577101812101  0
-6.3680665611116805  16.075119442222778  0.86813577101812101  0
-11.730494052248318  15.644168341920825  0.86813577101812101  0
-11.771875195521526  15.029551512927471  0.86813577101812101  0
-7.4671939606605031  16.530230917617001  0.86813577101812101  0
-7.4846852037696516  17.286903046567978  0.86813577101812101  0
-5.8972634126983614  16.589023607364389  0.86813577101812101  0
-11.941581844550321  16.5798258410688  0.86813577101812101  0
-11.576182822198705  15.586526855419802  0.86813577101812101  0
-5.8783198205164435  14.950526591004886  0.86813577101812101  0
-6.7764595705326833  15.662066132525784  0.86813577101812101  0
-6.0097685990000764  14.851874674346961  0.86813577101812101  0
-7.3947103194049078  16.523029886765872  0.86813577101812101  0
-7.3603170866480054  15.464719575186367  0.86813577101812101  0
-11.653130782537424  15.930321283023211  0.86813577101812101  0
-7.5512478177084033  15.576343704953777  0.86813577101812101  0
-11.571298480250954  15.975300959516417  0.86813577101812101  0
-11.799811665547494  15.616957383184277  0.86813577101812101  0
-7.0772282753428506  15.309365572386501  0.86813577101812101  0
-11.619955179821902  15.832286373602885  0.86813577101812101  0
-5.9032862916385662  16.958331867513181  0.86813577101812101  0
-11.767736536327117  16.521520089405364  0.86813577101812101  0
-6.2176562327541758  15.943188008276042  0.86813577101812101  0
-8.5446268970857204  16.15687101656231  0.86813577101812101  0
-5.7039880543952943  16.878972534435398  0.86813577101812101  0
-12.130981631229931  15.892462459142637  0.86813577101812101  0
-11.382158821143907  15.395158543408709  0.86813577101812101  0
-7.5179334367845509  14.883393273248279  0.86813577101812101  0
-7.3258258302746837  15.792050463978175  0.86813577101812101  0
-7.3576712802392885  15.73002686493648  0.86813577101812101  0
-6.1017708460625313  14.91657635002691  0.86813577101812101  0
-5.9219078988584437  14.899952941408273  0.86813577101812101  0
-12.009789592410019  15.450887642197042  0.86813577101812101  0
-11.706114278763335  16.824599684254121  0.86813577101812101  0
-11.612652144510363  15.933016346686015  0.86813577101812101  0
-6.0010167600656885  16.807481611918057  0.86813577101812101  0
-7.6171428367746872  15.944358054393254  0.86813577101812101  0
-11.740400465858052  14.984248819809965  0.86813577101812101  0
-11.666286220717325  15.604084226003382  0.86813577101812101  0
-9.8785055799481274  16.195398978174904  0.86813577101812101  0
-8.8844393061381002  14.624297425701725  0.86813577101812101  0
-11.442815822159027  17.139702563241986  0.86813577101812101  0
-5.9223488350270053  15.795503495889545  0.86813577101812101  0
-7.381391919789225  16.518457941074679  0.86813577101812101  0
-10.953127516275586  16.646910083934596  0.86813577101812101  0
-6.1626837251169562  14.890796385928807  0.86813577101812101  0
-7.4861904730431954  15.013691733715406  0.86813577101812101  0
-6.0799047451283013  15.00141693061591  0.86813577101812101  0
-6.1002345188619449  16.941174803522674  0.86813577101812101  0
-11.572357680775774  15.756691347948287  0.86813577101812101  0
-11.87845838803436  14.987487169845242  0.86813577101812101  0
-6.0938329825205821  16.281945038768576  0.86813577101812101  0
-7.5573018552378795  15.924218775875348  0.86813577101812101  0
-7.4397422851564645  15.741847586187943  0.86813577101812101  0
-6.1193830349103369  14.922974898616349  0.86813577101812101  0
-6.8168321426183951  14.745532798579241  0.86813577101812101  0
-11.106659920713605  16.495023712414575  0.86813577101812101  0
-10.630050482915282  15.499156307993152  0.86813577101812101  0
-6.1934285347819618  14.173155865137229  0.86813577101812101  0
-7.6733147003828623  15.074418506108289  0.86813577101812101  0
-8.8799664088984649  15.582886349647115  0.86813577101812101  0
-7.5536406948593706  16.431618332948531  0.86813577101812101  0
-9.4681504293040533  16.535783572521549  0.86813577101812101  0
-6.1224867895985087  16.895561711984975  0.86813577101812101  0
-5.3558712106157973  14.124059224228418  0.86813577101812101  0
-5.9947503776997388  14.999678698436444  0.86813577101812101  0
-11.958491110966188  15.368955247129392  0.86813577101812101  0
-7.3339989465153153  16.342017509265403  0.86813577101812101  0
-8.3844625295504223  14.349032770922012  0.86813577101812101  0
-11.049355001493707  15.112430444785286  0.86813577101812101  0
-9.2349556654679823  16.199238420855878  0.86813577101812101  0
-8.825232380260962  17.128698089083475  0.86813577101812101  0
-5.7277634090872995  15.474708200977748  0.86813577101812101  0
-8.6086133401064071  15.973038730047017  0.86813577101812101  0
-11.832224242072604  14.911615829639041  0.86813577101812101  0
-7.3786614699562136  14.937193643280541  0.86813577101812101  0
-11.896100222011023  16.488102280089411  0.86813577101812101  0
-6.0478441705719455  16.821238033137927  0.86813577101812101  0
-11.895704443996721  16.432022884864459  0.86813577101812101  0
-6.0284830280155504  15.025916006968991  0.86813577101812101  0
-7.6784779037950521  15.727653874084924  0.86813577101812101  0
-8.184235709430645  14.62354223652949  0.86813577101812101  0
-11.791776505225526  14.759620131258435  0.86813577101812101  0
-7.535126938815055  15.826870406712896  0.86813577101812101  0
-11.834785508043808  16.618177520901401  0.86813577101812101  0
-7.4377165626026009  15.093897480752915  0.86813577101812101  0
-5.9363480006193461  14.449670517644684  0.86813577101812101  0
-7.4471868386079789  15.517182174596597  0.86813577101812101  0
-6.8345004967982863  16.611609238088676  0.86813577101812101  0
-9.8175413106268667  17.028446268201371  0.86813577101812101  0
-11.603621113326174  15.833200521210637  0.86813577101812101  0
-7.3784041328750218  14.999116642415196  0.86813577101812101  0
-11.580689587236238  15.549982804301786  0.86813577101812101  0
-7.029884577933788  17.322316736296639  0.86813577101812101  0
-11.709223723208682  15.901428187260491  0.86813577101812101  0
-7.4784586039392211  14.929019952603459  0.86813577101812101  0
-7.5256629275989422  16.467410568905493  0.86813577101812101  0
-9.1345860206969647  17.297300436702194  0.86813577101812101  0
-11.359075502645705  14.945979751192676  0.86813577101812101  0
-7.4454621303276705  14.913239334487649  0.86813577101812101  0
-8.321422155599759  15.748783871498819  0.86813577101812101  0
-11.767925930455135  14.92261748523471  0.86813577101812101  0
-5.7937058978442986  15.978340759861144  0.86813577101812101  0
-8.2727827597900703  17.045783696030639  0.86813577101812101  0
-7.4142359348242239  15.207627639237428  0.86813577101812101  0
-7.4178655263677928  16.543391769306986  0.86813577101812101  0
-12.091328605743925  14.679870467251316  0.86813577101812101  0
-5.9982260158183092  14.862337547561454  0.86813577101812101  0
-10.362887330510953  14.670465564254236  0.86813577101812101  0
-6.0671087252732185  16.84752099730844  0.86813577101812101  0
-9.6042191978908864  16.97703025217271  0.86813577101812101  0
-10.639334625141764  14.137598093754907  0.86813577101812101  0
-11.73037989559843  15.947053729975851  0.86813577101812101  0
-7.4925286709622743  16.505987368780541  0.86813577101812101  0
-9.5054232940221404  14.868654048415239  0.86813577101812101  0
-7.4943953627573752  16.568723590533612  0.86813577101812101  0
-6.0616095687152036  14.853618694833784  0.86813577101812101  0
-11.82355874723536  15.245521246066621  0.86813577101812101  0
-6.0270130239989692  14.841059228477125  0.86813577101812101  0
-11.686306806853214  15.856995821015005  0.86813577101812101  0
-11.062939390198258  17.32398773976589  0.86813577101812101  0
-11.687128185172581  15.968048797018907  0.86813577101812101  0
-9.5489082322413168  17.258038605193875  0.86813577101812101  0
-7.6038091515622455  15.858838256847321  0.86813577101812101  0
-7.3017890444165001  16.436306097812118  0.86813577101812101  0
-11.623157883997315  15.620441603395118  0.86813577101812101  0
-6.9103683382294383  16.367474808768872  0.86813577101812101  0
-6.0806421883350659  14.960522685942365  0.86813577101812101  0
-9.534438220060844  15.948611827596302  0.86813577101812101  0
-7.5616467215761753  15.904350217884838  0.86813577101812101  0
-6.071167008844748  16.967804020257272  0.86813577101812101  0
-5.8180084599578166  15.092370653401312  0.86813577101812101  0
-11.904945148775148  16.517237727002641  0.86813577101812101  0
-11.798077290090012  16.696938792527483  0.86813577101812101  0
-8.8932364420972654  14.83781439415092  0.86813577101812101  0
-9.7761334111602238  15.621735031519405  0.86813577101812101  0
-11.669838630137608  15.819946620482341  0.86813577101812101  0
-9.397353827280698  15.025821306831334  0.86813577101812101  0
-7.5178696919805708  15.621020215234338  0.86813577101812101  0
-11.572747499773897  15.562692300474327  0.86813577101812101  0
-8.9294090227422949  17.300166409598607  0.86813577101812101  0
-6.6687247381656265  16.46213098184715  0.86813577101812101  0
-8.3680410559599689  16.882470464346284  0.86813577101812101  0
-11.627909368480752  15.947294567037085  0.86813577101812101  0
-11.877827788975326  15.993233725548702  0.86813577101812101  0
-7.5327564592552685  15.611012540448364  0.86813577101812101  0
-7.4806967833043538  16.425624300866602  0.86813577101812101  0
-7.5047215507912508  15.021760200129313  0.86813577101812101  0
-7.5394057613401966  15.540889767937198  0.86813577101812101  0
-10.781185174485174  16.878529144451001  0.86813577101812101  0
-5.5646562208184003  16.122668664311377  0.86813577101812101  0
-5.895412905455248  14.841855673125988  0.86813577101812101  0
-11.229287436975886  15.098302964854211  0.86813577101812101  0
-7.3698446123431038  15.919716395926676  0.86813577101812101  0
-6.2939404375729486  17.018639289517807  0.86813577101812101  0
-6.4062225913358093  14.771893386176027  0.86813577101812101  0
-10.720219834492271  15.099552050051054  0.86813577101812101  0
-5.974119780935129  14.896257343667541  0.86813577101812101  0
-11.633588654326038  16.499393681011501  0.86813577101812101  0
-6.2759042709467696  16.84700834867791  0.86813577101812101  0
-6.0331419849551313  15.951185018761704  0.86813577101812101  0
-7.478266218815679  15.027000190031835  0.86813577101812101  0
-10.267190817278422  15.919868346346986  0.86813577101812101  0
-11.929337058044425  14.877452144169848  0.86813577101812101  0
-7.4888262283495877  14.939752192970305  0.86813577101812101  0
-11.206894371115942  16.258662044580102  0.86813577101812101  0
-10.780908006145481  16.7057562182721  0.86813577101812101  0
-7.4163807770755241  15.662533326049969  0.86813577101812101  0
-11.494607597399666  16.779087046055409  0.86813577101812101  0
-7.5407085911823053  15.847994691546523  0.86813577101812101  0
-8.3330957421733949  15.214933070555695  0.86813577101812101  0
-7.7362881237306391  14.71914026319209  0.86813577101812101  0
-7.8810195644826706  16.990366393802063  0.86813577101812101  0
-11.716937915305424  15.528895756322525  0.86813577101812101  0
-11.889750286802284  14.963022681771843  0.86813577101812101  0
-7.364958240856712  16.401441745531081  0.86813577101812101  0
-5.3543264636657426  14.275031295569063  0.86813577101812101  0
-7.2919410587194928  16.190298942310566  0.86813577101812101  0
-7.1751566283468309  15.933170083614796  0.86813577101812101  0
-7.4383104590383944  16.539587970754987  0.86813577101812101  0
-11.671856708407892  16.346005070497089  0.86813577101812101  0
-8.2085474832241587  16.883098103477277  0.86813577101812101  0
-11.571801309731351  15.846723064884939  0.86813577101812101  0
-11.59869847910109  15.61099700181895  0.86813577101812101  0
-7.9789556134835982  14.721521234131272  0.86813577101812101  0
-11.280785844858194  16.848889906592241  0.86813577101812101  0
-7.3648868847923605  14.908246577404016  0.86813577101812101  0
-11.636832440732984  15.516051416841691  0.86813577101812101  0
-7.4004300774589655  16.576554182747774  0.86813577101812101  0
-11.727196696952229  16.429713255686607  0.86813577101812101  0
-8.4661635416676528  16.719073344785848  0.86813577101812101  0
-11.748108810239174  16.059979280579103  0.86813577101812101  0
-8.5351156375703248  15.225679481533003  0.86813577101812101  0
-11.498653337786038  15.878145018705728  0.86813577101812101  0
-7.4957936556821689  15.623980516721407  0.86813577101812101  0
-6.0840401314293695  16.639685548777049  0.86813577101812101  0
-10.693672223716325  16.070843224612215  0.86813577101812101  0
-7.0479405989979602  15.900271267601548  0.86813577101812101  0
-9.133602240983608  16.74575101572028  0.86813577101812101  0
-5.9816724104128642  14.94508442357423  0.86813577101812101  0
-7.4679191994907574  14.185713622503542  0.86813577101812101  0
-7.3221186569976329  15.54047974758762  0.86813577101812101  0
-7.4575804341488556  14.90928773230222  0.86813577101812101  0
-11.84088821815674  16.571802528764724  0.86813577101812101  0
-11.755781709833453  14.906631040181306  0.86813577101812101  0
-11.594709470158451  15.673584246161637  0.86813577101812101  0
-11.552578616697787  15.501383554409319  0.86813577101812101  0
-7.6041583308363991  15.446426247370679  0.86813577101812101  0
-11.033548705914018  15.736821575456096  0.86813577101812101  0
-7.2096955859550009  16.96834627544871  0.86813577101812101  0
-7.5788521713287844  15.58553399752817  0.86813577101812101  0
-10.615616276985884  15.907518209538631  0.86813577101812101  0
-7.5078265324587559  14.935350185293398  0.86813577101812101  0
-8.8273811026725966  15.016440080424733  0.86813577101812101  0
-11.678933325859607  15.480453339251916  0.86813577101812101  0
-5.9632629642984387  14.991433742260584  0.86813577101812101  0
-8.5280348580192502  15.793674522325812  0.86813577101812101  0
-6.0164450656548727  14.982158442437482  0.86813577101812101  0
-10.386608175445005  16.257192364673514  0.86813577101812101  0
-6.630384103844813  17.269942286797836  0.86813577101812101  0
-11.039096955044977  14.772081724704325  0.86813577101812101  0
-9.4144601231816409  15.831806058184549  0.86813577101812101  0
-12.054492098865559  15.50549610392007  0.86813577101812101  0
-11.222982373692806  15.826484597073017  0.86813577101812101  0
-7.5523932537713554  15.620122765043607  0.86813577101812101  0
-6.4084924679202713  14.535073619456861  0.86813577101812101  0
-10.422074171846978  17.323344374878289  0.86813577101812101  0
-6.0428984941471269  17.103178448925451  0.86813577101812101  0
-11.562226534196581  15.546689844146725  0.86813577101812101  0
-7.2245214919907683  16.711129568348028  0.86813577101812101  0
-7.6446163457266501  16.374896005130427  0.86813577101812101  0
-9.6200577560339227  16.169687935646152  0.86813577101812101  0
-11.746631916244819  14.962807856050272  0.86813577101812101  0
-10.298234708095936  16.718836065302977  0.86813577101812101  0
-9.8096289804132262  15.102703681925151  0.86813577101812101  0
-7.4666657160802252  15.915977242547013  0.86813577101812101  0
-7.7633070589836093  15.422986223953275  0.86813577101812101  0
-8.6346779603885544  15.604074819063369  0.86813577101812101  0
-8.7249433929931044  14.519790542667824  0.86813577101812101  0
-7.4665755374722957  15.501252071631372  0.86813577101812101  0
-6.0363488326547161  14.817910805627244  0.86813577101812101  0
-11.863824139847795  14.929552954225075  0.86813577101812101  0
-11.880744540643121  16.532182530103967  0.86813577101812101  0
-12.109266607974696  17.160754417392479  0.86813577101812101  0
-8.4445586213775936  17.015275169145884  0.86813577101812101  0
-7.501472744422566  15.984908628319609  0.86813577101812101  0
-11.76189229734163  14.867643859284318  0.86813577101812101  0
-7.3565300588554745  15.081909811855262  0.86813577101812101  0
-10.213987002896095  14.169188922280631  0.86813577101812101  0
-11.632271028689598  15.826936536395198  0.86813577101812101  0
-11.927793072915213  16.493662196100527  0.86813577101812101  0
-5.9687046514508815  14.925402654056976  0.86813577101812101  0
-9.773728427884258  14.461979367857875  0.86813577101812101  0
-6.7803946473791514  16.749283146789807  0.86813577101812101  0
-11.755152041163125  15.009678692515775  0.86813577101812101  0
-7.8035671020379684  15.841339397589403  0.86813577101812101  0
-8.4821537470156869  15.006996160731079  0.86813577101812101  0
-7.0972630671047243  15.923164269947431  0.86813577101812101  0
-7.4690639457172008  15.79700307676203  0.86813577101812101  0
-7.4056135672705174  14.875781064718439  0.86813577101812101  0
-11.904156890561511  16.550802824409178  0.86813577101812101  0
-11.610469805278333  15.619520721670369  0.86813577101812101  0
-6.8737707758854558  15.691878465782979  0.86813577101812101  0
-9.1300773401436555  15.542732051948644  0.86813577101812101  0
-8.924259929653175  16.619948101606724  0.86813577101812101  0
-6.3870327071844395  15.839031303176617  0.86813577101812101  0
-6.122750579125702  16.954117303687141  0.86813577101812101  0
-7.4442118737422431  14.81998382741444  0.86813577101812101  0
-6.7783814003363645  17.073502881549008  0.86813577101812101  0
-8.074026489393443  14.119733867560308  0.86813577101812101  0
-6.2474693483339054  15.083607072006366  0.86813577101812101  0
-7.5449313497561601  15.58545181493335  0.86813577101812101  0
-11.675445203580587  15.891250960948049  0.86813577101812101  0
-7.5397821934378459  15.931238732912714  0.86813577101812101  0
-6.5327722841783542  15.965669438204388  0.86813577101812101  0
-6.0056475539121985  16.988684418791195  0.86813577101812101  0
-11.731655898295166  16.384359931050593  0.86813577101812101  0
-11.85468977945146  15.884678716199932  0.86813577101812101  0
-7.4595391945934839  16.095232715842251  0.86813577101812101  0
-10.256842991920607  15.375823683431898  0.86813577101812101  0
-9.0274878466737238  16.21373426953841  0.86813577101812101  0
-10.564092030001374  16.590684465845541  0.86813577101812101  0
-7.4632435657113456  15.533382193426009  0.86813577101812101  0
-5.9609472582408349  16.728841527938176  0.86813577101812101  0
-11.946268308996427  15.481390463179281  0.86813577101812101  0
-12.039256900403226  15.207865432960118  0.86813577101812101  0
-8.044653365302711  16.782634153368193  0.86813577101812101  0
-11.770405452229266  15.062575939572087  0.86813577101812101  0
-11.218615837418879  14.790673542846708  0.86813577101812101  0
-7.5525446498452515  14.770967657107414  0.86813577101812101  0
-9.3838619385228199  14.642904849827341  0.86813577101812101  0
-11.743384711519768  16.318495651721349  0.86813577101812101  0
-11.55017473699497  15.568274123558741  0.86813577101812101  0
-6.2349313009914242  16.454124201673547  0.86813577101812101  0
-10.937004681954537  16.818187333973803  0.86813577101812101  0
-11.918112390660058  16.459723444747244  0.86813577101812101  0
-7.3489880632933078  14.992375058514245  0.86813577101812101  0
-8.7066402393527547  16.723469831803008  0.86813577101812101  0
-10.421288891396722  15.495331981845858  0.86813577101812101  0
-7.4421541959460216  15.042292320741893  0.86813577101812101  0
-11.915024924881923  14.10787011006304  0.86813577101812101  0
-7.9869328697644955  16.242405841162565  0.86813577101812101  0
-11.949449333801136  16.529870561261156  0.86813577101812101  0
-6.359110862452237  15.632926857244717  0.86813577101812101  0
-11.606980718158836  15.478148915211191  0.86813577101812101  0
-7.8617920632207827  14.567467597600679  0.86813577101812101  0
-5.9467287007837832  17.042841659072646  0.86813577101812101  0
-11.704581802495374  16.474619103610973  0.86813577101812101  0
-11.920443090593182  15.019201883009327  0.86813577101812101  0
-12.038243166509453  16.99760581878628  0.86813577101812101  0
-8.2005938056745471  16.350530203310857  0.86813577101812101  0
-11.646627748342828  15.829099963882902  0.86813577101812101  0
-9.0560993254201456  16.035586392277324  0.86813577101812101  0
-11.607069573924033  15.923606620279635  0.86813577101812101  0
-10.649739599508552  16.392882778792018  0.86813577101812101  0
-11.50039473002114  15.676024198017812  0.86813577101812101  0
-10.824971054983614  15.874171342368319  0.86813577101812101  0
-7.4384894405633153  16.409821062250305  0.86813577101812101  0
-11.319781025815871  14.426535077539384  0.86813577101812101  0
-8.4227990764673812  17.146507039102932  0.86813577101812101  0
-6.0740413329630378  16.982955310201191  0.86813577101812101  0
-11.744828549946268  15.477577184053613  0.86813577101812101  0
-8.6880265820634701  15.117405425040852  0.86813577101812101  0
-5.9231335140126333  16.89659645825046  0.86813577101812101  0
-6.1032614182903906  16.906708630339381  0.86813577101812101  0
-7.4958519164136233  15.941151688721558  0.86813577101812101  0
-11.688088597761144  15.575378429652515  0.86813577101812101  0
-7.4979816434355024  14.959232844823003  0.86813577101812101  0
-11.802293660885143  17.019671764967953  0.86813577101812101  0
-10.586552741203112  14.785908277001907  0.86813577101812101  0
-10.353553862742395  14.908667038276496  0.86813577101812101  0
-5.9626750137062352  16.906265847644171  0.86813577101812101  0
-7.3689783639898208  14.988905252256775  0.86813577101812101  0
-8.5460313583200787  14.421117935497913  0.86813577101812101  0
-7.4390682419716745  15.541208372080115  0.86813577101812101  0
-9.8649636333590696  16.842548233927328  0.86813577101812101  0
-8.3440811094900731  16.544199065604008  0.86813577101812101  0
-7.4758139390445502  16.407513797943214  0.86813577101812101  0
-9.9369076492679849  14.340860530110875  0.86813577101812101  0
-6.0013071194326031  14.828404402365829  0.86813577101812101  0
-7.4492705488548907  15.882672979980043  0.86813577101812101  0
-6.0991224611352797  14.905465039105813  0.86813577101812101  0
-11.558171702114105  15.627577987232174  0.86813577101812101  0
-7.4547663390108641  16.609267267975895  0.86813577101812101  0
-7.6611231146080625  17.13942540689759  0.86813577101812101  0
-6.0289719539213342  16.982765713952048  0.86813577101812101  0
-11.673837265496184  15.529318455130323  0.86813577101812101  0
-11.653186489062941  15.525844543963373  0.86813577101812101  0
-10.0061827853057  14.524537258075318  0.86813577101812101  0
-6.1179888447505242  14.886360278367192  0.86813577101812101  0
-7.8562342841150787  15.1990154984677  0.86813577101812101  0
-7.9716391787453977  15.800560568035335  0.86813577101812101  0
-6.0081973518730933  16.83641170898418  0.86813577101812101  0
-7.5029580643158056  15.515389394045302  0.86813577101812101  0
-9.2866603888540862  16.621752533873362  0.86813577101812101  0
-11.685239609952216  15.024512099566804  0.86813577101812101  0
-11.67265255358484  15.550324588922564  0.86813577101812101  0
-7.4726027043191747  15.51799189147733  0.86813577101812101  0
-11.656675620180167  15.508351063609343  0.86813577101812101  0
-6.3393214101401405  15.26611577524262  0.86813577101812101  0
-10.57882343171382  16.236862943556911  0.86813577101812101  0
-6.1220901781035879  14.841988212359077  0.86813577101812101  0
-11.639165033722058  15.988632820264897  0.86813577101812101  0
-11.763379779192945  16.534031060128349  0.86813577101812101  0
-5.9257344394216327  15.024647312633894  0.86813577101812101  0
-7.2459458203233602  15.561682383226389  0.86813577101812101  0
-7.5311145914499837  15.487928370839272  0.86813577101812101  0
-11.588772227725526  15.915749050037592  0.86813577101812101  0
-10.007494284148464  14.168137200143542  0.86813577101812101  0
-9.3009676090790183  15.719038703426852  0.86813577101812101  0
-11.871502565378464  15.043120241833781  0.86813577101812101  0
-6.4547440428940419  16.817569866183494  0.86813577101812101  0
-7.4622746572896457  15.605696194055005  0.86813577101812101  0
-11.264600211642863  17.275959437317265  0.86813577101812101  0
-8.3802823081483115  15.978538670028874  0.86813577101812101  0
-9.1090664968627522  16.522607731701495  0.86813577101812101  0
-6.8470987996092463  17.290105366199125  0.86813577101812101  0
-7.3272685186223381  16.577405982401871  0.86813577101812101  0
-6.0110061584020897  16.446358299840856  0.86813577101812101  0
-9.6527939968769161  16.689925830502101  0.86813577101812101  0
-6.2627025019637292  16.245250846173466  0.86813577101812101  0
-5.533057886773709  14.211466608319592  0.86813577101812101  0
-11.747303557737618  16.489789524126838  0.86813577101812101  0
-10.441799196089617  14.193239251331645  0.86813577101812101  0
-8.1663828060842381  16.1086831137041  0.86813577101812101  0
-11.729518247310402  15.048860251847579  0.86813577101812101  0
-11.496829200092156  15.471061940157922  0.86813577101812101  0
-11.139361841632264  14.943801108366067  0.86813577101812101  0
-5.9252775113506067  16.825256281491441  0.86813577101812101  0
-7.4490445518780639  15.563938439525577  0.86813577101812101  0
-7.4331033246633043  16.395829317877499  0.86813577101812101  0
-8.5589126205563559  14.809023073095556  0.86813577101812101  0
-10.466726033503059  16.046576284712454  0.86813577101812101  0
-6.1466054623643691  16.923039195298262  0.86813577101812101  0
-6.1562995783340018  16.801627336722781  0.86813577101812101  0
-7.4833363045310524  14.446617567825982  0.86813577101812101  0
-11.9813064087411  15.995070159636226  0.86813577101812101  0
-6.6074806625467524  14.421876184798544  0.86813577101812101  0
-7.0354296692327543  15.948077086292319  0.86813577101812101  0
-7.4602413523454123  16.541886940963266  0.86813577101812101  0
-6.8750184859012444  16.155439872021208  0.86813577101812101  0
-11.810719048199571  15.038791690729399  0.86813577101812101  0
-5.9639892667388583  16.873357891008443  0.86813577101812101  0
-7.5004770169387465  14.980762524172917  0.86813577101812101  0
-11.735769682775253  14.933879147218004  0.86813577101812101  0
-11.841670201263614  15.035194118665846  0.86813577101812101  0
-10.639251254833937  14.349547846923592  0.86813577101812101  0
-11.75392280667648  16.413041971245931  0.86813577101812101  0
-7.3907555058113719  14.933185748580366  0.86813577101812101  0
-6.4643108293474096  16.308361768872977  0.86813577101812101  0
-8.4498272622839039  15.63002574379437  0.86813577101812101  0
-7.8540754667669601  15.632384678951764  0.86813577101812101  0
-7.0102510709144301  14.148706914593689  0.86813577101812101  0
-12.047691354176493  16.564627756665555  0.86813577101812101  0
-7.5259163728533647  16.530408694041508  0.86813577101812101  0
-8.3109766389661672  15.572770131569651  0.86813577101812101  0
-11.808594242650555  16.396935070847295  0.86813577101812101  0
-7.5032737523457094  15.760359044277127  0.86813577101812101  0
-6.8906337960459698  15.895028322932529  0.86813577101812101  0
-7.0704903767654024  16.163813212039752  0.86813577101812101  0
-8.6737773677706844  16.341288727995302  0.86813577101812101  0
-6.1461565989924472  15.743986182444113  0.86813577101812101  0
-8.0265497941356454  14.501668430449392  0.86813577101812101  0
-10.773221617078761  16.261615972687164  0.86813577101812101  0
-10.251736879575374  16.98945110694444  0.86813577101812101  0
-5.8248226631830056  16.413412048750342  0.86813577101812101  0
-7.4036731934061049  14.673395972216216  0.86813577101812101  0
-5.5492549236472719  15.395482520520147  0.86813577101812101  0
-11.668311780530832  15.938802468625784  0.86813577101812101  0
-11.578026370713056  15.888276611662631  0.86813577101812101  0
-11.572508719021886  15.043883623927124  0.86813577101812101  0
-5.4224506596575663  16.966449018353945  0.86813577101812101  0
-11.841133853318613  15.588744347622137  0.86813577101812101  0
-7.8650678744009763  14.390231518367019  0.86813577101812101  0
-11.727381555818368  15.01424306597487  0.86813577101812101  0
-8.7246324104652153  14.306691584840493  0.86813577101812101  0
-5.98542269929741  14.852972584410036  0.86813577101812101  0
-11.604502281963855  15.949657079400264  0.86813577101812101  0
-5.9842089465326262  14.775354366985809  0.86813577101812101  0
-8.7561384312662991  16.946792601366241  0.86813577101812101  0
-7.548703381412686  15.562449631943947  0.86813577101812101  0
-6.0861543147665147  16.955914062586217  0.86813577101812101  0
-11.874213597511012  16.393762193185484  0.86813577101812101  0
-11.743224531403124  16.457248732894087  0.86813577101812101  0
-11.8312360240036  16.413251473761981  0.86813577101812101  0
-7.9394323152018593  16.010367455674661  0.86813577101812101  0
-7.501558175599329  16.484296227762435  0.86813577101812101  0
-7.4331955581476201  14.902545040878257  0.86813577101812101  0
-11.548431733927119  14.861578092348187  0.86813577101812101  0
-11.869182141841694  15.005909005012667  0.86813577101812101  0
-11.815211157264818  14.899466324995219  0.86813577101812101  0
-11.874615015727361  16.485155881235229  0.86813577101812101  0
-7.4351643344883893  14.914122901670373  0.86813577101812101  0
-9.1501820420568372  14.520332244142562  0.86813577101812101  0
-6.7748382530625593  14.54014043610689  0.86813577101812101  0
-5.985810019978075  15.111230356577826  0.86813577101812101  0
-10.152778310181651  15.01822506012727  0.86813577101812101  0
-7.4786883307145366  15.52722312020958  0.86813577101812101  0
-7.393101913334954  16.663715585679842  0.86813577101812101  0
-11.162229116439184  14.603545710873027  0.86813577101812101  0
-5.7837628978853015  16.219364157889178  0.86813577101812101  0
-6.4000792926224266  14.309814059376407  0.86813577101812101  0
-6.8552697275774888  15.34209058185918  0.86813577101812101  0
-7.4835188605853391  15.480774484578227  0.86813577101812101  0
-5.4039052692352874  15.125650427072145  0.86813577101812101  0
-8.9172475395678052  16.381168401070354  0.86813577101812101  0
-11.635093522017129  15.79571983308997  0.86813577101812101  0
-8.1144869756396005  15.638649727794951  0.86813577101812101  0
-5.9654668779788818  16.139546770336999  0.86813577101812101  0
-6.9547994037822036  15.601346084734603  0.86813577101812101  0
-9.5740217104449208  14.155371106823477  0.86813577101812101  0
-12.133967185315168  15.502838996899527  0.86813577101812101  0
-7.0017344480531669  15.555162362303761  0.86813577101812101  0
-7.4491860635082556  15.623360556742648  0.86813577101812101  0
-9.1135716774234599  16.347105563848686  0.86813577101812101  0
-6.0969276770121406  14.865844970930784  0.86813577101812101  0
-11.914777604873619  14.619426880751183  0.86813577101812101  0
-7.2934065502612269  15.606216862246118  0.86813577101812101  0
-9.1452411843529013  14.230147086572188  0.86813577101812101  0
-10.327979080714547  15.147738558995021  0.86813577101812101  0
-11.671602739883593  16.418448392077455  0.86813577101812101  0
-7.5197701559624912  14.989213012525436  0.86813577101812101  0
-11.05385953061748  14.136960286531945  0.86813577101812101  0
-11.929052855455117  15.91696142920965  0.86813577101812101  0
-9.7312849985697536  16.0219993571774  0.86813577101812101  0
-9.6969709387188896  16.423679363987038  0.86813577101812101  0
-8.4454686222551718  16.352488432344177  0.86813577101812101  0
-5.690083118516462  14.449551817019744  0.86813577101812101  0
-11.840421057362914  14.887797200291219  0.86813577101812101  0
-11.587697884860813  15.496272904404091  0.86813577101812101  0
-11.94079789357453  14.774868313365152  0.86813577101812101  0
-11.873646445377652  16.507429283542407  0.86813577101812101  0
-7.5803963059740909  15.917484165005117  0.86813577101812101  0
-11.891415408932417  16.828119031513555  0.86813577101812101  0
-5.9788769176151932  15.030791778038594  0.86813577101812101  0
-11.824350072322412  15.036809197045855  0.86813577101812101  0
-6.0867304457284783  16.973419683531414  0.86813577101812101  0
-6.6102483084849055  15.79734404533958  0.86813577101812101  0
-9.0457506245321628  15.191373452236075  0.86813577101812101  0
-7.3378071272570935  16.030486499545489  0.86813577101812101  0
-5.8049694548455015  16.742957282272751  0.86813577101812101  0
-7.7002725369031007  14.507607963408905  0.86813577101812101  0
-7.5946067795891894  15.647522691776688  0.86813577101812101  0
-7.5673332804057081  16.489624463614135  0.86813577101812101  0
-11.354629562709533  16.420670311402827  0.86813577101812101  0
-7.3736677852204737  14.955592463898336  0.86813577101812101  0
-11.467411816213822  17.320390745906021  0.86813577101812101  0
-12.045439504984031  15.028551381172385  0.86813577101812101  0
-11.674403161049446  15.578592578159016  0.86813577101812101  0
-7.0009518830159543  14.563231916555237  0.86813577101812101  0
-6.1988125890032375  16.907839352849503  0.86813577101812101  0
-9.8941021808595089  15.778581477800527  0.86813577101812101  0
-5.3888170845850656  15.316315731387737  0.86813577101812101  0
-6.0244797123089082  16.848620125237566  0.86813577101812101  0
-8.1009988816616403  15.215856370143712  0.86813577101812101  0
-9.5726686963910552  15.326756145998457  0.86813577101812101  0
-7.5109524203253866  15.054979070069345  0.86813577101812101  0
-6.0719574538380066  17.036157871538254  0.86813577101812101  0
-6.0674403848807783  14.974262471485048  0.86813577101812101  0
-5.8414473248950518  14.676375475465294  0.86813577101812101  0
-7.4573732164274018  15.845914380425477  0.86813577101812101  0
-7.5476650545632662  15.794678891431717  0.86813577101812101  0
-7.4552346872946762  15.05875007168169  0.86813577101812101  0
-7.4079490791909546  15.038819455946014  0.86813577101812101  0
-6.1561251237393915  16.106138812166591  0.86813577101812101  0
-11.840931316912982  15.448654889791278  0.86813577101812101  0
-8.5650270210745845  16.532980459175739  0.86813577101812101  0
-11.86267834940473  15.551562993499084  0.86813577101812101  0
-6.0898169264895161  16.825579915073195  0.86813577101812101  0
-5.5019487429140428  17.216970530474125  0.86813577101812101  0
-11.79324105802651  14.888852532724172  0.86813577101812101  0
-8.7196417803040074  17.295312848010717  0.86813577101812101  0
-7.1578825563161654  14.924483591453834  0.86813577101812101  0
-7.4663991341036251  15.949333960862276  0.86813577101812101  0
-11.042753047095438  15.49990438569089  0.86813577101812101  0
-9.5465322830329242  14.463557729675053  0.86813577101812101  0
-11.779068289052374  16.530419606273519  0.86813577101812101  0
-11.587052858369612  16.073365992806089  0.86813577101812101  0
-5.713307383832456  17.159558639895231  0.86813577101812101  0
-5.992886781849192  14.122151884433851  0.86813577101812101  0
-7.4871203637757429  15.698511484825643  0.86813577101812101  0
-11.690459297450964  15.887533676449973  0.86813577101812101  0
-6.0059337530665005  16.852658564652572  0.86813577101812101  0
-8.4566983646211025  15.43151632091041  0.86813577101812101  0
-7.1832961585852173  15.532290703017317  0.86813577101812101  0
-10.562544351988086  15.067659022084065  0.86813577101812101  0
-6.1403398364354205  17.06054134571464  0.86813577101812101  0
-7.3731568052835517  15.595396018432265  0.86813577101812101  0
-11.640155238075192  15.834008110613002  0.86813577101812101  0
-11.6864698652859  15.902197954627589  0.86813577101812101  0
-10.06742416767576  15.833630363374763  0.86813577101812101  0
-8.8738430919119509  15.179069161519488  0.86813577101812101  0
-6.0776208755739223  14.862663752970908  0.86813577101812101  0
-7.2691205125260989  15.946007236012676  0.86813577101812101  0
-12.063487544712913  16.372852513016774  0.86813577101812101  0
-11.551038396644181  15.825974431994199  0.86813577101812101  0
-11.589109815763154  15.846324222572333  0.86813577101812101  0
-7.6766163971472992  14.30245904646099  0.86813577101812101  0
-11.704665315921044  15.871947482833264  0.86813577101812101  0
-7.4889485781160863  15.508941880511559  0.86813577101812101  0
-6.0374672106851639  14.850758096297676  0.86813577101812101  0
-7.4748058341888273  15.609171492807093  0.86813577101812101  0
-7.3923029704866847  16.431121562010972  0.86813577101812101  0
-11.820669520325431  16.547178865256313  0.86813577101812101  0
-6.0681693159936634  14.648368264195968  0.86813577101812101  0
-8.7165470456129857  14.722482490586113  0.86813577101812101  0
-11.479969750169243  15.789537890402842  0.86813577101812101  0
-11.261615214376311  17.051116074112226  0.86813577101812101  0
-6.9501565952306663  15.647063377253616  0.86813577101812101  0
-8.9911878745032787  15.028645053426608  0.86813577101812101  0
-11.707284790855402  14.984333920158406  0.86813577101812101  0
-7.2766728158588263  15.35243878312834  0.86813577101812101  0
-9.7279299090845566  15.839242869299653  0.86813577101812101  0
-6.0987896854249577  14.930763357817099  0.86813577101812101  0
-6.5607601520608805  16.116957254722916  0.86813577101812101  0
-6.4795898427741703  15.713606563121843  0.86813577101812101  0
-6.1755958233757315  15.459831699955398  0.86813577101812101  0
-10.091457814683181  16.856855283777122  0.86813577101812101  0
-7.3675940775434805  15.008895519530673  0.86813577101812101  0
-6.0979297659688667  14.889946970851211  0.86813577101812101  0
-11.516510620440565  15.594339359854567  0.86813577101812101  0
-7.5150429045194747  15.829564318923042  0.86813577101812101  0
-9.5351206915859201  15.707167543349041  0.86813577101812101  0
-11.578972579377901  15.861085927502671  0.86813577101812101  0
-9.2782219261191674  16.422317058471041  0.86813577101812101  0
-12.037215457546861  15.945314700721068  0.86813577101812101  0
-8.1545847360044554  14.801500997787945  0.86813577101812101  0
-5.5268864620463862  15.238642763273671  0.86813577101812101  0
-10.666362574555199  17.040555229888515  0.86813577101812101  0
-11.92783993465874  14.288646589016697  0.86813577101812101  0
-11.681524826087527  15.617930193821751  0.86813577101812101  0
-7.9510044475598107  16.605209383454103  0.86813577101812101  0
-5.992121017101816  16.86658551315249  0.86813577101812101  0
-11.696846273734355  15.384292622034691  0.86813577101812101  0
-10.272553235488463  16.114388445902424  0.86813577101812101  0
-11.679423056400172  15.591599325681043  0.86813577101812101  0
-8.282682015980253  17.272963214395634  0.86813577101812101  0
-11.867699005548149  16.554060700737072  0.86813577101812101  0
-7.5114044783285099  15.805007867722331  0.86813577101812101  0
-7.0893773267529365  16.004459023856253  0.86813577101812101  0
-7.809924726554204  16.507720078060249  0.86813577101812101  0
-7.6081915731112995  16.16394173775122  0.86813577101812101  0
-6.988794812601725  15.900906541411073  0.86813577101812101  0
-6.7024368881691334  16.235210585166882  0.86813577101812101  0
-6.1006918488001682  14.950916572288007  0.86813577101812101  0
-11.407392349476135  15.564843494881652  0.86813577101812101  0
-7.6084248700626143  15.89453147133859  0.86813577101812101  0
-12.090627404640017  14.146158953098954  0.86813577101812101  0
-11.691733598667771  15.556093152453739  0.86813577101812101  0
-5.9705378968963787  16.932162831941788  0.86813577101812101  0
-11.721362434504451  15.706715897285008  0.86813577101812101  0
-11.645254121450167  15.616458799053307  0.86813577101812101  0
-10.608438066953871  17.283171051825274  0.86813577101812101  0
-11.558617046164148  15.592502031591744  0.86813577101812101  0
-11.56913742438457  15.459631377304357  0.86813577101812101  0
-11.577703839707956  15.574263358969244  0.86813577101812101  0
-6.19557603576148  14.786140335434439  0.86813577101812101  0
-7.0754565440441413  15.526811130467715  0.86813577101812101  0
-7.3811950491888512  16.438559074297611  0.86813577101812101  0
-7.7138674087211525  16.006723350336774  0.86813577101812101  0
-6.0095925432782042  16.970922808516772  0.86813577101812101  0
-6.8944770507080202  15.63704697155528  0.86813577101812101  0
-10.523521335972509  14.544632585020288  0.86813577101812101  0
-10.485585714456484  16.758631524728699  0.86813577101812101  0
-10.343791052691536  16.461458040081435  0.86813577101812101  0
-7.4768724111104392  15.927967653060396  0.86813577101812101  0
-7.5557274940660211  15.87208817866923  0.86813577101812101  0
-11.594176604858268  15.628848390334911  0.86813577101812101  0
-11.651169689135484  15.629164157473324  0.86813577101812101  0
-7.4825274163867368  15.073783513028726  0.86813577101812101  0
-6.0578953742065869  16.999475877148345  0.86813577101812101  0
-11.059017617216174  14.362124998270131  0.86813577101812101  0
-7.5119069215612262  15.519993594356961  0.86813577101812101  0
-8.0105223894224835  15.050005742563201  0.86813577101812101  0
-10.857905961153165  17.250642469661344  0.86813577101812101  0
-11.671274810481435  15.859711115666459  0.86813577101812101  0
-9.3513138311531687  14.386811821679499  0.86813577101812101  0
-5.3841282706001712  14.687231766735243  0.86813577101812101  0
-7.1929317792834375  14.711897018461441  0.86813577101812101  0
-8.9726781340715664  15.361471324885942  0.86813577101812101  0
-11.186775453620269  15.294725443077574  0.86813577101812101  0
-11.246427787214511  14.183136593402734  0.86813577101812101  0
-7.4111124855710395  16.367712003841966  0.86813577101812101  0
-10.622513847919501  16.814294605883699  0.86813577101812101  0
-7.4477351728917851  15.601458910340838  0.86813577101812101  0
-7.5275597344494596  15.113016190613889  0.86813577101812101  0
-11.369946959470996  15.728145066004519  0.86813577101812101  0
-11.58419511671314  15.534558276559347  0.86813577101812101  0
-7.4439945499216318  16.562781072707114  0.86813577101812101  0
-7.4056934090940585  15.863781302021209  0.86813577101812101  0
-5.9640236817386914  14.833620518085169  0.86813577101812101  0
-9.7452743269134832  15.408843013267454  0.86813577101812101  0
-9.8750813931078252  15.283205907936482  0.86813577101812101  0
-5.3994502389636727  15.507686541684123  0.86813577101812101  0
-5.6906610226392171  15.267361722408907  0.86813577101812101  0
-7.661959068491579  15.868408255744688  0.86813577101812101  0
-12.1537235185061  15.975553442332016  0.86813577101812101  0
-5.9168414287683415  17.227383897865149  0.86813577101812101  0
-11.651936693406972  15.950754324544265  0.86813577101812101  0
-11.615607764230303  15.503094446952721  0.86813577101812101  0
-11.618955423089032  14.702871315688334  0.86813577101812101  0
-11.895420572837319  14.92806393301589  0.86813577101812101  0
-9.019481823823412  17.132370260934543  0.86813577101812101  0
-11.776759842078803  16.369169808190666  0.86813577101812101  0
-11.638317134120902  15.93239568185499  0.86813577101812101  0
-9.4041123198829055  17.110837741073148  0.86813577101812101  0
-10.830974654473813  14.770014803733332  0.86813577101812101  0
-6.0565039324221184  16.770030353402475  0.86813577101812101  0
-12.096649033986496  16.041976365750536  0.86813577101812101  0
-7.1304428008054757  15.526603758722622  0.86813577101812101  0
-6.149042610310417  16.877312311949286  0.86813577101812101  0
-6.0537087157256995  16.976771460202077  0.86813577101812101  0
-11.821959994251499  16.347075206257177  0.86813577101812101  0
-9.3887793291772521  15.476948344126662  0.86813577101812101  0
-7.6654585636926837  15.570844083044689  0.86813577101812101  0
-11.658258221752144  15.837637593285654  0.86813577101812101  0
-10.098240465482119  15.492788352381908  0.86813577101812101  0
-5.983525821263699  16.998007005684954  0.86813577101812101  0
-6.9263803075663821  15.683748390404409  0.86813577101812101  0
-11.775743172200119  16.42000850259814  0.86813577101812101  0
-6.7320719407742784  15.158725750882834  0.86813577101812101  0
-10.833648919765992  15.629445392774405  0.86813577101812101  0
-5.364604884695102  16.132125523250657  0.86813577101812101  0
-7.5570504926437669  15.953333450398171  0.86813577101812101  0
-7.3244446248894235  14.83364609694166  0.86813577101812101  0
-11.622498235160966  15.443221747371783  0.86813577101812101  0
-6.2527817225591349  14.63529986641268  0.86813577101812101  0
-11.835132532835866  16.534510310306992  0.86813577101812101  0
-5.4510149338338652  14.895981423344221  0.86813577101812101  0
-5.99060656313367  16.968807751090974  0.86813577101812101  0
-10.942940938107865  14.944725078797493  0.86813577101812101  0
-7.2554051070213541  15.485116008882095  0.86813577101812101  0
-5.7089194359008451  15.718501114404946  0.86813577101812101  0
-6.1179929990157884  16.856756685280967  0.86813577101812101  0
-11.624257586809872  15.930418105978022  0.86813577101812101  0
-10.4537813404172  15.816149416097522  0.86813577101812101  0
-7.451475815133124  15.861613105029642  0.86813577101812101  0
-6.1825966959736656  14.432392146348249  0.86813577101812101  0
-8.75717174456652  16.519175175895484  0.86813577101812101  0
-5.4003117055420251  15.957638101114025  0.86813577101812101  0
-11.687623879837744  15.925929521373124  0.86813577101812101  0
-12.103711125868609  14.3107326967063  0.86813577101812101  0
-11.863697858595142  14.84270097259696  0.86813577101812101  0
-7.474405570103329  15.822540432156147  0.86813577101812101  0
-11.868047890044467  16.435709525202327  0.86813577101812101  0
-7.6507263977566993  16.555714301386583  0.86813577101812101  0
-11.973519624927974  16.471869771752111  0.86813577101812101  0
-11.837491344342491  16.394390585945558  0.86813577101812101  0
-12.092605628068346  15.377400020751047  0.86813577101812101  0
-7.5314911071518695  15.920371410610242  0.86813577101812101  0
-8.9217878179543817  16.83105276465384  0.86813577101812101  0
-7.2321364078983166  16.528801932719826  0.86813577101812101  0
-10.829968808882024  16.483284693650052  0.86813577101812101  0
-7.5011240209053147  16.460067991562227  0.86813577101812101  0
-9.0382475627984142  14.688174509800278  0.86813577101812101  0
-10.036160790417002  16.666207141370442  0.86813577101812101  0
-11.502949872804157  16.557882883191304  0.86813577101812101  0
-7.4544180293153568  16.407069766994976  0.86813577101812101  0
-7.7852374465190168  16.718039375529589  0.86813577101812101  0
-11.703102963267424  15.778147860340249  0.86813577101812101  0
-7.05390218372255  16.571360270816548  0.86813577101812101  0
-11.396166316549776  14.689552835651739  0.86813577101812101  0
-7.8428629100830349  16.351717106082326  0.86813577101812101  0
-9.7264144781840738  14.899683545213714  0.86813577101812101  0
-7.1074358743871606  14.33894256406314  0.86813577101812101  0
-6.0986756710415548  16.883226401611807  0.86813577101812101  0
-7.4681444706762496  14.921644962478377  0.86813577101812101  0
-5.9535059486671811  14.871136148815069  0.86813577101812101  0
-10.158267463675333  16.518038158814612  0.86813577101812101  0
-11.084324039375126  16.124372907314758  0.86813577101812101  0
-10.727195489129889  14.574309369293365  0.86813577101812101  0
-11.582253695590952  15.832183134508117  0.86813577101812101  0
-6.4049101228607155  15.455792110934173  0.86813577101812101  0
-11.580881414166203  15.931298359133079  0.86813577101812101  0
-11.654712018714832  15.608148802844113  0.86813577101812101  0
-5.8056772009363788  17.024484520925494  0.86813577101812101  0
-9.4975196179692993  14.298117925615314  0.86813577101812101  0
-11.471315790599553  15.992345855111621  0.86813577101812101  0
-12.051158947145641  14.470324479430923  0.86813577101812101  0
-7.6153277150884451  15.266370726277819  0.86813577101812101  0
-9.9610777496663712  16.451297894259774  0.86813577101812101  0
-6.9079011282166407  15.799266697360355  0.86813577101812101  0
-7.5245085115380608  15.520147247119052  0.86813577101812101  0
-7.4741385808952971  15.646909568490095  0.86813577101812101  0
-11.871665036915648  14.462801955642536  0.86813577101812101  0
-7.405256788155727  16.529349688472355  0.86813577101812101  0
-12.122412667700463  17.313987118132054  0.86813577101812101  0
-7.5421991969423194  14.949755855871116  0.86813577101812101  0
-11.521385317354602  15.538905608979263  0.86813577101812101  0
-11.706674317073244  15.836831333166376  0.86813577101812101  0
-9.6036655390264425  15.508931697959156  0.86813577101812101  0
-5.9435285669112812  16.932130994431574  0.86813577101812101  0
-5.9353271604450768  16.300125220696728  0.86813577101812101  0
-8.7766069219890568  15.829161775150988  0.86813577101812101  0
-11.54601204618066  15.920282376274836  0.86813577101812101  0
-11.767358207473137  16.615244355639344  0.86813577101812101  0
-11.627142935081524  15.224478953248722  0.86813577101812101  0
-5.9826000277801343  16.842955290851307  0.86813577101812101  0
-11.884994322487819  16.589801496300922  0.86813577101812101  0
-6.5423440728033562  17.050812115304531  0.86813577101812101  0
-10.371058805496695  14.497320179745381  0.86813577101812101  0
-6.6475148421846555  16.679867896056461  0.86813577101812101  0
-7.4645163202549529  16.378694517065473  0.86813577101812101  0
-5.6228084649982932  16.362198328126457  0.86813577101812101  0
-11.746892843084517  16.473210185384449  0.86813577101812101  0
-9.1955599027471351  14.717376768549173  0.86813577101812101  0
-10.220147142981967  17.251510294849471  0.86813577101812101  0
-11.660085346867742  17.237114345771015  0.86813577101812101  0
-9.6350300975092189  14.315809385036308  0.86813577101812101  0
-6.4030327423830382  17.253693864394204  0.86813577101812101  0
-7.4283293019770156  15.055970429331204  0.86813577101812101  0
-7.633283861061587  14.908038361797452  0.86813577101812101  0
-11.671101291967487  15.907214112294156  0.86813577101812101  0
-5.4434124128743475  15.728672106342671  0.86813577101812101  0
-11.601555865853593  15.520050393114161  0.86813577101812101  0
-10.301323797748184  14.353936560434716  0.86813577101812101  0
-6.275247732824333  14.925790404871995  0.86813577101812101  0
-5.7283561687951154  17.310577197178514  0.86813577101812101  0
-7.4526839618572511  15.906540879795577  0.86813577101812101  0
-11.72282447920046  14.952633067157223  0.86813577101812101  0
-5.9348124914088611  14.93411938343198  0.86813577101812101  0
-11.79349791384381  15.951881155087186  0.86813577101812101  0
-7.4924566384740574  16.439614284885149  0.86813577101812101  0
-9.8428999537994031  16.614111134044723  0.86813577101812101  0
-5.4572370826870911  16.546856953095038  0.86813577101812101  0
-7.4661390292404537  15.398784086353249  0.86813577101812101  0
-6.959065203846392  15.843071296814673  0.86813577101812101  0
-7.5273550872346897  15.651952681501491  0.86813577101812101  0
-7.4877681818906279  15.521211480050026  0.86813577101812101  0
-9.4545713175679573  16.310777208747627  0.86813577101812101  0
-7.4789746195797173  16.53779735553805  0.86813577101812101  0
-7.563522527609579  15.726878921578543  0.86813577101812101  0
-7.4959272704023077  16.416037067937889  0.86813577101812101  0
-7.5558515024269521  16.564575372951683  0.86813577101812101  0
-7.2931600311593163  15.85728541639069  0.86813577101812101  0
-11.743302560564945  14.156133118281627  0.86813577101812101  0
-6.9480619070902447  16.835152577146999  0.86813577101812101  0
-11.636901826475716  15.488348451156336  0.86813577101812101  0
-7.3834630205587732  16.422571136147706  0.86813577101812101  0
-5.4288472744372562  14.468949674082515  0.86813577101812101  0
-10.051983881811557  15.328349946670736  0.86813577101812101  0
-5.9331627633020512  15.584901290773544  0.86813577101812101  0
-7.4047545831651531  16.404719171198607  0.86813577101812101  0
-7.4252113547240182  15.566626773421211  0.86813577101812101  0
-10.748765591513214  14.962772448688899  0.86813577101812101  0
-7.2200420837473613  15.141502060000537  0.86813577101812101  0
-7.5099272775902941  15.931412727952512  0.86813577101812101  0
-7.4232727581091131  14.913283171827516  0.86813577101812101  0
-11.666885833607731  16.632628399390509  0.86813577101812101  0
-9.5887455550642251  15.09858488881571  0.86813577101812101  0
-7.5138356209669634  14.963159358798755  0.86813577101812101  0
-11.684141274984697  14.841411463689441  0.86813577101812101  0
-11.78953085445854  15.542751951193209  0.86813577101812101  0
-7.3076057664492904  14.327377375113143  0.86813577101812101  0
-11.544131124389658  15.367864083818352  0.86813577101812101  0
-7.8768506670275613  17.268455848863933  0.86813577101812101  0
-10.486006864853593  15.307532114342365  0.86813577101812101  0
-11.623975895445556  15.637069172652847  0.86813577101812101  0
-11.796442604356841  15.680285288739368  0.86813577101812101  0
-7.5755737375694006  14.62326509085926  0.86813577101812101  0
-7.3748970774221396  14.977578456429475  0.86813577101812101  0
-6.9436076844899119  14.902689698806952  0.86813577101812101  0
-7.5058331677296168  15.521764961623724  0.86813577101812101  0
-10.129705379503941  14.757650521471032  0.86813577101812101  0
-7.4341388873171539  15.930473753374038  0.86813577101812101  0
-7.4419731921448031  15.554690410426605  0.86813577101812101  0
-9.0501718245819216  15.800899685428506  0.86813577101812101  0
-11.648140993518213  15.728238174725531  0.86813577101812101  0
-7.5219173944058504  15.945391423938327  0.86813577101812101  0
-7.8708181570384497  14.167929609089446  0.86813577101812101  0
-5.5652645085591725  15.565213914857026  0.86813577101812101  0
-6.7608115619239699  14.965255889372509  0.86813577101812101  0
-7.4979984253730763  15.519963835730636  0.86813577101812101  0
-6.1075331881209296  14.904834329075195  0.86813577101812101  0
-6.2767164248836727  16.688192105845982  0.86813577101812101  0
-7.4459154719418406  15.582810110978224  0.86813577101812101  0
-6.6918715141869285  16.868380757764207  0.86813577101812101  0
-7.4380286014598846  15.481806940186241  0.86813577101812101  0
-7.4666179999109286  16.287650948458069  0.86813577101812101  0
-11.85520607993659  16.528804907753074  0.86813577101812101  0
-11.810788299826209  14.857908190779805  0.86813577101812101  0
-6.8204062508860783  14.120590846753821  0.86813577101812101  0
-11.7493365468442  14.926436203989281  0.86813577101812101  0
-10.089324026614085  16.052228495532187  0.86813577101812101  0
-11.560147275207997  15.527286164234919  0.86813577101812101  0
-9.188457723894194  15.311603099437294  0.86813577101812101  0
-6.0508679925084286  14.972490633862771  0.86813577101812101  0
-7.5588609713674106  15.016210648625201  0.86813577101812101  0
-5.9850655463386007  14.873387071330301  0.86813577101812101  0
-5.9500322822193423  14.904801126267943  0.86813577101812101  0
-8.693601213039587  14.918117817032275  0.86813577101812101  0
-11.948526960580956  14.952825043107101  0.86813577101812101  0
-11.586294280601384  16.993331034042022  0.86813577101812101  0
-10.901349100852233  17.011252937363786  0.86813577101812101  0
-9.2024427685830812  15.073602685313539  0.86813577101812101  0
-7.5328828633836746  15.533834513318384  0.86813577101812101  0
-8.8156684434451034  16.108656505653276  0.86813577101812101  0
-8.9241271534116038  15.943202670429235  0.86813577101812101  0
-10.003633187440059  17.298954203555351  0.86813577101812101  0
-7.3495677414839315  15.024803228688485  0.86813577101812101  0
-8.3581222387961276  14.770556058256023  0.86813577101812101  0
-6.0944520966718585  14.973323919452199  0.86813577101812101  0
-7.2334288345497235  15.887234066093422  0.86813577101812101  0
-8.1482363405301701  15.880656406939078  0.86813577101812101  0
-8.0850156924367305  17.32719793447275  0.86813577101812101  0
-11.617712874108191  15.819899098800168  0.86813577101812101  0
-9.793827332987382  17.225408486078631  0.86813577101812101  0
-11.986557973482748  15.92119777036654  0.86813577101812101  0
-7.5455210140707356  15.550012937203162  0.86813577101812101  0
-7.4016836372238286  15.061813755620749  0.86813577101812101  0
-11.788886427326288  15.750889713990682  0.86813577101812101  0
-8.5241102178036172  14.190473028334571  0.86813577101812101  0
-6.023082369435361  14.277762006315108  0.86813577101812101  0
-7.5767981788539576  16.02484709642907  0.86813577101812101  0
-11.938874379810757  16.408329238889735  0.86813577101812101  0
-7.1703984446725446  16.371408777331656  0.86813577101812101  0
-6.083573714790413  16.87149153529171  0.86813577101812101  0
-9.8701242499557207  14.710468826473912  0.86813577101812101  0
-7.4523624087492468  15.825062470646333  0.86813577101812101  0
-7.5183504104895693  16.389533604247724  0.86813577101812101  0
-7.4728792143763325  15.620672364362612  0.86813577101812101  0
-11.567241768729815  15.576427568647564  0.86813577101812101  0
-11.748347437810802  14.945635990093812  0.86813577101812101  0
-7.4818146341318963  15.046159322359106  0.86813577101812101  0
-6.96325968017356  15.106866458229018  0.86813577101812101  0
-11.754296624762089  15.811101222190098  0.86813577101812101  0
-8.6044143439544385  17.1030036997007  0.86813577101812101  0
-8.5459247958212146  14.628918315016348  0.86813577101812101  0
-7.558770819252902  15.556216668412619  0.86813577101812101  0
-6.0476755669414031  14.842795882387412  0.86813577101812101  0
-11.267595554115262  16.031266735788989  0.86813577101812101  0
-9.7854007702053902  14.199171107938309  0.86813577101812101  0
-6.5643890398566249  15.584227005454661  0.86813577101812101  0
-7.1433804618502892  15.455772343739497  0.86813577101812101  0
-11.574295299448877  15.876375894387419  0.86813577101812101  0
-7.3717206262118316  16.456125250902602  0.86813577101812101  0
-9.9993433968603256  15.146792010526662  0.86813577101812101  0
-7.470220536926651  15.837604976503101  0.86813577101812101  0
-11.849116696180834  14.914286822366456  0.86813577101812101  0
-8.9221357653402773  16.998535161227181  0.86813577101812101  0
-10.255649725023837  15.652209634586058  0.86813577101812101  0
-10.455094590316039  14.388342066015843  0.86813577101812101  0
-9.3818186669030155  14.169702880222534  0.86813577101812101  0
-6.1021633608284569  15.069979272194335  0.86813577101812101  0
-7.5444282879467304  15.913505911913632  0.86813577101812101  0
-7.5278080000444252  15.8400419383883  0.86813577101812101  0
-6.1646710595967162  17.230513372341004  0.86813577101812101  0
-5.9611922872368481  14.955336873638622  0.86813577101812101  0
-9.8977643197532394  15.954000631514461  0.86813577101812101  0
-10.984194428338085  16.286711512221434  0.86813577101812101  0
-7.006416286642831  15.454668288680281  0.86813577101812101  0
-11.796606519232705  16.540910560105651  0.86813577101812101  0
-12.159321128718483  15.59219569564276  0.86813577101812101  0
-11.664828874019637  15.587477822606056  0.71334465306095329  0
-11.662123230137963  15.54534964910393  0.73062030206263895  0
-11.669024776024626  15.571184227001147  0.8356163441970037  0
-11.647058590056879  15.531273867000355  0.70162705336991094  0
-11.651038218281982  15.603837546449192  0.83169686429727241  0
-11.629893281724854  15.525983331165113  0.81834758455664114  0
-11.652837846223361  15.602483174236994  0.70603871278982766  0
-11.669062539417142  15.567275343356995  0.71996805704075229  0
-11.667301353420797  15.55654154700655  0.65897409586382938  0
-11.66145087938949  15.593281439412909  0.65427197234005352  0
-11.659694665815177  15.541986963518946  0.81625641783448599  0
-11.650052336062087  15.604519318318198  0.65371310183368181  0
-11.668514529724053  15.575826824150701  0.65239041962249689  0
-11.655939505933517  15.599766605547854  0.77028921000658324  0
-11.64639426718885  15.530910446637565  0.64218431735903403  0
-11.658871483362599  15.540987106562799  0.65540527158176598  0
-11.668069946700705  15.559503907892095  0.78735430899922976  0
-11.666691339020375  15.554653603828971  0.84454122124796682  0
-11.630512376702486  15.526042818633904  0.74111238593147799  0
-11.646592096750156  15.531017083888598  0.8402672779525957  0
-11.647254556982858  15.531383997291814  0.77471000605711482  0
-11.667649607260984  15.579851474568068  0.77708493263690603  0
-11.663701366356143  15.58965691413179  0.83590552937166829  0
-11.62983740968096  15.525978406789509  0.66570184101274843  0
-11.588314075108427  15.548272864273489  0.84537522471133486  0
-11.583470339388532  15.563109050906185  0.83468638333367795  0
-11.600426061599844  15.603316365569359  0.76013280153365226  0
-11.624570727805473  15.611787964540946  0.65357154494850722  0
-11.58783594114267  15.549177627798883  0.78898572763347974  0
-11.583496413833897  15.562917558208291  0.64947770096641366  0
-11.598439936665212  15.535883547668892  0.74618715056560769  0
-11.586740347462561  15.586152540435718  0.76821168086444624  0
-11.585019058076883  15.581549384158455  0.6531372943719862  0
-11.599354583858986  15.53513674964243  0.82140425129866135  0
-11.58900174882732  15.547055816609371  0.64739067137078177  0
-11.599197804049128  15.535261807288441  0.66830176894019444  0
-11.58446885610519  15.579616286640903  0.8299279070245742  0
-11.589762788178117  15.591821904920319  0.70642223992158049  0
-11.583382716291833  15.573822719245168  0.71058664503274727  0
-11.618048965697168  15.611056265887665  0.71133098550194995  0
-11.625012589324202  15.611801313439999  0.83245087415300612  0
-11.592905241400068  15.596160106286847  0.65105092614767912  0
-11.607024446979658  15.607357009939104  0.83385430415716943  0
-11.583120674111214  15.567193651712143  0.7740953841219993  0
-11.606805964001286  15.607248160062397  0.64798686962690066  0
-11.592160023187448  15.59522976677594  0.82807840614109485  0
-11.620864533690124  15.611496116482382  0.77761939532073066  0
-11.60054459793073  15.603404223548518  0.69538814540854066  0
-11.586559078269566  15.551894469322916  0.71214956367765936  0
Triangles
8636
1240 1248 1247  1
70 1240 69  1
93 1243 94  1
99 1253 81  1
73 1249 1241  1
97 1253 98  1
95 1244 96  1
78 1250 77  1
1243 1252 1249  1
1253 97 1244  1
1243 95 94  1
91 1252 92  1
1250 75 76  1
81 4 99  1
79 1242 78  1
77 1250 76  1
3 82 80  1
82 1253 1242  1
80 1242 79  1
1244 95 1243  1
1241 71 72  1
1249 73 74  1
71 1248 2  1
1245 87 86  1
70 1248 1240  1
85 1245 86  1
100 1239 101  1
100 1246 1239  1
65 1246 100  1
65 100 1  1
1245 1239 1246  1
93 1252 1243  1
1247 1245 1240  1
1251 91 90  1
88 1247 89  1
1240 68 69  1
1240 67 68  1
5 101 83  1
83 1239 84  1
84 1239 85  1
1239 83 101  1
1246 65 66  1
1247 87 1245  1
87 1247 88  1
72 73 1241  1
1252 91 1251  1
1242 80 82  1
1253 99 98  1
75 1249 74  1
75 1250 1249  1
1250 78 1242  1
1244 97 96  1
1245 85 1239  1
1240 1246 67  1
1246 66 67  1
1246 1240 1245  1
1248 70 2  1
89 1251 90  1
1248 71 1241  1
1251 89 1247  1
1249 1250 1243  1
1252 1251 1241  1
1250 1242 1244  1
1244 1243 1250  1
1251 1247 1248  1
1248 1241 1251  1
1241 1249 1252  1
1252 93 92  1
1244 1242 1253  1
1253 82 81  1
122 1264 121  2
120 1264 1258  2
127 1257 126  2
115 1262 1256  2
126 1257 125  2
118 1256 101  2
115 1256 116  2
1269 132 1259  2
113 1262 114  2
1254 113 112  2
1254 1268 1261  2
101 1259 100  2
1262 115 114  2
132 1269 131  2
130 1269 1266  2
134 1259 133  2
1256 118 117  2
100 134 1  2
128 1266 1261  2
1266 1254 1261  2
130 1266 129  2
1260 124 6  2
124 1260 1255  2
1261 127 128  2
5 118 101  2
1265 1264 1263  2
1258 119 120  2
119 1258 82  2
1264 1265 1258  2
1267 106 1263  2
3 119 82  2
4 81 102  2
111 1268 1254  2
1268 1267 1260  2
1260 125 1257  2
108 1268 109  2
102 1265 103  2
1263 106 105  2
106 1267 107  2
104 1265 1263  2
112 111 1254  2
127 1261 1257  2
1255 122 123  2
123 124 1255  2
1259 132 133  2
1256 117 116  2
1268 1260 1257  2
125 1260 6  2
1265 102 81  2
81 82 1258  2
1259 134 100  2
1259 101 1256  2
1268 108 1267  2
1267 108 107  2
1254 1266 1262  2
1261 1268 1257  2
1269 130 131  2
1262 113 1254  2
105 104 1263  2
1263 1264 1255  2
1264 120 121  2
1264 122 1255  2
1265 104 103  2
1265 81 1258  2
1266 128 129  2
1266 1269 1262  2
1267 1263 1255  2
1255 1260 1267  2
1268 111 110  2
110 109 1268  2
1269 1259 1256  2
1256 1262 1269  2
1283 1284 1272  3
1276 1275 138  3
1277 144 1271  3
169 1279 151  3
143 1277 142  3
168 1285 1279  3
1274 1270 1271  3
1280 1285 1282  3
164 1274 165  3
1279 169 168  3
1271 144 145  3
1270 1284 1277  3
1282 146 147  3
1280 152 1279  3
146 1282 1271  3
9 152 150  3
1280 150 152  3
150 1280 149  3
1271 1282 1274  3
1277 1283 141  3
144 1277 143  3
1277 141 142  3
10 169 151  3
156 1278 157  3
140 1276 139  3
1281 1275 1273  3
1281 170 1275  3
1275 1276 1273  3
135 1275 170  3
135 170 7  3
137 1275 136  3
153 1281 154  3
171 153 11  3
162 1284 1270  3
1272 160 159  3
160 1284 161  3
158 1278 1272  3
1278 1276 1272  3
1276 138 139  3
155 1281 1273  3
1270 164 163  3
163 162 1270  3
145 146 1271  3
1274 164 1270  3
159 158 1272  3
140 1283 1276  3
156 155 1273  3
138 1275 137  3
166 1285 167  3
166 165 1274  3
170 1281 171  3
1275 135 136  3
1276 1283 1272  3
1276 1278 1273  3
1277 1271 1270  3
1284 1283 1277  3
1278 158 157  3
1278 156 1273  3
152 151 1279  3
1285 1280 1279  3
148 1282 147  3
148 149 1280  3
1281 155 154  3
1281 153 171  3
1282 148 1280  3
1282 1285 1274  3
1283 140 8  3
8 141 1283  3
1284 162 161  3
1284 160 1272  3
1285 168 167  3
1285 166 1274  3
1295 1300 1299  4
1300 192 1299  4
1294 198 199  4
188 1289 171  4
1291 187 186  4
202 1298 201  4
1298 1302 1294  4
181 1292 182  4
1292 183 182  4
1286 195 196  4
1301 204 170  4
185 1302 1291  4
204 1301 203  4
1289 188 187  4
183 1302 184  4
202 1301 1298  4
7 170 204  4
200 1298 1294  4
1302 1298 1291  4
198 1297 197  4
197 1297 1286  4
11 188 171  4
151 1293 1290  4
197 1286 196  4
195 1288 12  4
1296 178 1287  4
1287 178 177  4
192 1300 191  4
174 1295 175  4
1290 1300 1295  4
189 1293 152  4
189 152 9  4
10 151 172  4
178 1296 179  4
1296 1287 1288  4
176 1287 177  4
173 1290 174  4
1295 176 175  4
172 1290 173  4
176 1295 1287  4
181 1296 1292  4
1296 1288 1286  4
1299 194 1288  4
194 1299 193  4
1288 194 12  4
1288 195 1286  4
170 171 1289  4
187 1291 1289  4
1290 172 151  4
190 1300 1293  4
1301 1291 1298  4
1291 186 185  4
1296 1297 1292  4
1297 1296 1286  4
1293 151 152  4
1293 189 190  4
199 200 1294  4
1294 1302 1292  4
1295 174 1290  4
1299 1288 1287  4
1296 181 180  4
180 179 1296  4
1297 198 1294  4
1294 1292 1297  4
1298 200 201  4
1291 1301 1289  4
1287 1295 1299  4
1299 192 193  4
1300 1290 1293  4
1300 190 191  4
1301 202 203  4
1301 170 1289  4
1302 185 184  4
1302 183 1292  4
1329 1309 253  5
1329 253 252  5
1303 1328 265  5
1309 1329 220  5
244 1310 245  5
218 219 1331  5
1322 256 255  5
266 265 1328  5
1321 1315 235  5
1326 1313 259  5
269 236 237  5
1305 1310 244  5
1327 1322 255  5
1318 1330 239  5
208 209 1317  5
205 238 270  5
1308 1330 207  5
1323 1305 243  5
205 1318 238  5
1323 243 242  5
246 245 1307  5
210 211 1305  5
1306 214 215  5
1311 1307 213  5
1331 1332 218  5
1332 1312 217  5
1306 1311 214  5
215 216 1304  5
214 1311 213  5
1330 1308 240  5
205 270 13  5
1308 1317 241  5
270 238 16  5
1317 1323 242  5
239 1330 240  5
1310 1307 245  5
1307 1311 246  5
220 221 1309  5
1304 1312 249  5
1313 1326 226  5
1319 228 229  5
217 1312 216  5
1332 1331 251  5
1312 1304 216  5
1333 1314 230  5
1313 1325 260  5
1325 1319 261  5
1320 1316 257  5
1326 1316 225  5
254 1327 255  5
260 1325 261  5
1322 1320 256  5
269 1321 236  5
263 262 1314  5
234 1324 233  5
269 237 15  5
1319 1325 228  5
1316 1326 258  5
223 224 1320  5
258 257 1316  5
1314 1319 229  5
1303 1333 231  5
231 1333 230  5
1315 1324 234  5
1324 1328 233  5
237 236 14  5
1328 1303 232  5
235 1315 234  5
265 264 1303  5
1303 231 232  5
249 248 1304  5
1304 1306 215  5
244 243 1305  5
1305 1323 210  5
1306 1304 248  5
248 247 1306  5
1307 1310 212  5
212 213 1307  5
241 240 1308  5
1308 207 208  5
1309 1327 254  5
254 253 1309  5
1310 1305 211  5
211 212 1310  5
1311 1306 247  5
247 246 1311  5
1312 1332 250  5
250 249 1312  5
226 227 1313  5
1313 260 259  5
229 230 1314  5
1314 1333 263  5
1315 1321 268  5
268 267 1315  5
1316 1320 224  5
224 225 1316  5
242 241 1317  5
1317 1308 208  5
239 238 1318  5
1318 205 206  5
1319 1314 262  5
262 261 1319  5
257 256 1320  5
1320 1322 223  5
235 236 1321  5
1321 269 268  5
1322 1327 222  5
222 223 1322  5
1323 1317 209  5
209 210 1323  5
1324 1315 267  5
267 266 1324  5
1325 1313 227  5
227 228 1325  5
259 258 1326  5
1326 225 226  5
1327 1309 221  5
221 222 1327  5
232 233 1328  5
1328 1324 266  5
1329 1331 219  5
219 220 1329  5
1330 1318 206  5
206 207 1330  5
1331 1329 252  5
252 251 1331  5
251 250 1332  5
1332 217 218  5
1333 1303 264  5
264 263 1333  5
308 1344 307  6
1344 1337 285  6
290 314 270  6
1334 314 290  6
290 270 13  6
1334 1343 312  6
309 1337 308  6
309 1347 1337  6
1337 1344 308  6
287 1343 288  6
288 1334 289  6
1347 309 310  6
16 270 314  6
314 1334 313  6
284 1346 1344  6
311 1347 310  6
282 1346 283  6
1347 311 1343  6
1348 305 1346  6
1348 1346 282  6
305 1348 304  6
1348 1336 303  6
1344 285 284  6
1336 1338 302  6
1340 1342 297  6
1338 1336 280  6
276 1340 277  6
1340 297 298  6
1342 1339 296  6
1338 1341 300  6
291 315 18  6
296 1339 295  6
291 1345 271  6
291 271 315  6
273 1345 1335  6
17 315 271  6
1335 1339 274  6
1341 1340 299  6
302 1338 301  6
1342 1340 276  6
280 1336 281  6
279 1341 1338  6
1341 277 1340  6
1345 273 272  6
1335 274 273  6
294 1339 1335  6
271 1345 272  6
1339 1342 275  6
312 313 1334  6
1334 290 289  6
1335 1345 293  6
293 294 1335  6
302 303 1336  6
1336 1348 281  6
1337 1347 286  6
286 285 1337  6
280 279 1338  6
1338 300 301  6
275 274 1339  6
1339 294 295  6
298 299 1340  6
277 1341 278  6
299 300 1341  6
1341 279 278  6
276 275 1342  6
1342 296 297  6
311 312 1343  6
1343 1334 288  6
1344 1346 306  6
306 307 1344  6
1345 291 292  6
292 293 1345  6
305 306 1346  6
1346 284 283  6
1347 1343 287  6
287 286 1347  6
282 281 1348  6
1348 303 304  6
1361 1364 334  7
1364 1361 366  7
1352 1371 326  7
1365 1349 318  7
1362 1355 372  7
1378 1375 343  7
1360 1365 317  7
323 322 1373  7
353 354 1368  7
1363 1361 333  7
1351 1371 359  7
1349 1356 319  7
1349 1365 350  7
380 316 19  7
347 315 17  7
1379 1353 346  7
1353 1379 378  7
1379 1377 377  7
1370 1362 373  7
347 379 315  7
1377 1375 376  7
1374 1357 338  7
1375 1377 344  7
1370 373 374  7
1357 1374 370  7
366 367 1364  7
335 1369 336  7
332 1363 333  7
1366 1369 368  7
1374 1366 369  7
371 372 1355  7
379 1353 378  7
1355 1357 371  7
1375 1378 375  7
315 379 18  7
338 1357 339  7
373 1362 372  7
374 375 1378  7
377 1377 376  7
1367 1363 332  7
337 336 1366  7
332 331 1367  7
1361 1363 365  7
1369 1364 367  7
326 325 1352  7
357 1358 356  7
1372 1359 361  7
359 360 1351  7
363 1376 362  7
1373 1354 323  7
1354 324 323  7
1371 1351 327  7
20 348 380  7
348 1360 316  7
1350 1356 352  7
316 380 348  7
1359 1351 360  7
1358 1352 325  7
361 362 1372  7
326 1371 327  7
1376 1367 331  7
328 1359 329  7
1354 1358 324  7
1356 1350 320  7
352 1356 351  7
317 1365 318  7
352 353 1350  7
1368 1373 322  7
319 318 1349  7
1349 350 351  7
1350 1368 321  7
321 320 1350  7
1351 1359 328  7
328 327 1351  7
1352 1358 357  7
357 358 1352  7
1353 379 347  7
347 346 1353  7
1354 1373 355  7
355 356 1354  7
1355 1362 340  7
340 339 1355  7
320 319 1356  7
1356 1349 351  7
370 371 1357  7
1357 1355 339  7
325 324 1358  7
1358 1354 356  7
360 361 1359  7
1359 1372 329  7
317 316 1360  7
1360 348 349  7
365 366 1361  7
1361 334 333  7
1362 1370 341  7
341 340 1362  7
1363 1367 364  7
364 365 1363  7
1364 1369 335  7
335 334 1364  7
1365 1360 349  7
349 350 1365  7
368 369 1366  7
1366 1374 337  7
1367 1376 363  7
363 364 1367  7
322 321 1368  7
1368 1350 353  7
367 368 1369  7
1369 1366 336  7
1370 1378 342  7
342 341 1370  7
1371 1352 358  7
358 359 1371  7
1372 1376 330  7
330 329 1372  7
1373 1368 354  7
354 355 1373  7
369 370 1374  7
1374 338 337  7
375 376 1375  7
1375 344 343  7
331 330 1376  7
1376 1372 362  7
1377 1379 345  7
345 344 1377  7
343 342 1378  7
1378 1370 374  7
377 378 1379  7
1379 346 345  7
406 405 1382  8
402 401 1388  8
1382 1385 406  8
1389 1383 384  8
381 237 14  8
381 397 237  8
399 1383 400  8
1384 1387 387  8
1392 1393 398  8
1383 1389 400  8
1390 1384 388  8
1389 1388 401  8
1387 403 402  8
1393 382 383  8
397 1392 398  8
237 397 15  8
1387 1384 403  8
1390 388 389  8
1388 1387 402  8
404 403 1384  8
1385 1382 390  8
1391 1380 392  8
1380 1391 408  8
1393 1392 382  8
412 380 20  8
412 1381 396  8
395 1386 394  8
412 396 380  8
1394 1391 393  8
391 1385 390  8
408 407 1380  8
1386 1394 394  8
393 1391 392  8
1381 1386 395  8
380 396 19  8
394 1394 393  8
1380 1385 391  8
391 392 1380  8
395 396 1381  8
1381 412 411  8
1382 1390 389  8
389 390 1382  8
1383 1393 383  8
383 384 1383  8
387 388 1384  8
1384 1390 404  8
1385 1380 407  8
407 406 1385  8
1386 1381 411  8
411 410 1386  8
1387 1388 386  8
386 387 1387  8
1388 1389 385  8
385 386 1388  8
401 400 1389  8
1389 384 385  8
1390 1382 405  8
405 404 1390  8
1391 1394 409  8
409 408 1391  8
1392 397 381  8
381 382 1392  8
1393 1383 399  8
399 398 1393  8
1394 1386 410  8
410 409 1394  8
1397 413 430  9
1402 424 423  9
429 1396 452  9
1412 442 1409  9
452 22 429  9
1396 429 428  9
1402 1416 1414  9
444 1411 1409  9
1395 427 426  9
1400 449 450  9
427 1396 428  9
1411 446 1400  9
424 1395 425  9
422 1402 423  9
448 1400 447  9
449 1400 448  9
450 449 24  9
1404 1412 1408  9
446 1411 445  9
1399 438 439  9
1412 440 441  9
438 1399 1398  9
1402 422 1401  9
438 1398 437  9
1406 1415 1404  9
440 1412 1399  9
1408 1401 1404  9
1415 1406 1405  9
424 1402 1395  9
435 1403 434  9
1407 432 1403  9
432 1407 431  9
433 1403 432  9
432 23 433  9
1413 1399 1404  9
1406 420 419  9
420 1406 1401  9
1406 417 1405  9
21 430 413  9
415 1405 416  9
414 1397 415  9
413 1397 414  9
1411 444 445  9
1395 426 425  9
451 452 1396  9
1396 427 1395  9
416 1405 417  9
1397 430 431  9
1398 435 436  9
436 437 1398  9
1399 439 440  9
420 1401 421  9
446 447 1400  9
450 1410 1400  9
422 421 1401  9
1399 1413 1398  9
1409 442 443  9
1396 1414 1410  9
1403 433 434  9
1403 435 1398  9
1401 1408 1402  9
1404 1415 1413  9
417 1406 418  9
1405 415 1397  9
1404 1401 1406  9
1406 419 418  9
1397 431 1407  9
1407 1403 1398  9
442 1412 441  9
1414 1396 1395  9
443 444 1409  9
1416 1409 1411  9
1410 450 451  9
451 1396 1410  9
1400 1410 1411  9
1409 1416 1408  9
1409 1408 1412  9
1412 1404 1399  9
1407 1415 1397  9
1407 1398 1413  9
1411 1410 1414  9
1414 1395 1402  9
1405 1397 1415  9
1415 1407 1413  9
1411 1414 1416  9
1416 1402 1408  9
1422 464 465  10
1440 1431 462  10
486 1424 430  10
1417 480 479  10
1424 1437 431  10
484 1426 1424  10
484 1424 485  10
482 1426 483  10
464 1440 463  10
21 486 430  10
469 1439 468  10
462 1431 461  10
467 1422 466  10
1429 1439 1437  10
469 23 432  10
1428 1427 1423  10
1424 1426 1419  10
1417 1428 1420  10
1431 1440 1436  10
1422 1439 1429  10
1420 482 481  10
1421 1438 1433  10
457 1425 456  10
1425 1434 1433  10
475 1427 476  10
1427 1435 1423  10
1431 1434 459  10
453 450 24  10
453 1438 450  10
451 1438 1421  10
1438 453 454  10
1418 470 452  10
477 1417 478  10
475 1432 1427  10
1427 477 476  10
1428 1436 1430  10
457 1434 1425  10
477 1427 1417  10
452 470 22  10
470 1418 471  10
471 1418 472  10
473 1432 474  10
479 478 1417  10
1431 459 460  10
472 1432 473  10
452 1421 1418  10
1439 469 432  10
1420 1419 1426  10
1420 481 480  10
480 1417 1420  10
1421 452 451  10
455 1438 454  10
465 466 1422  10
1439 1422 467  10
1418 1435 1432  10
1434 457 458  10
1424 431 430  10
1424 486 485  10
1433 1435 1421  10
1425 455 456  10
1426 484 483  10
1426 482 1420  10
1435 1433 1423  10
1427 1428 1417  10
1422 1440 464  10
1420 1430 1419  10
1437 432 431  10
1440 1422 1429  10
1429 1419 1430  10
1430 1420 1428  10
1436 1434 1431  10
1431 460 461  10
1432 475 474  10
1432 472 1418  10
1438 451 450  10
1423 1433 1434  10
1434 458 459  10
1434 1436 1423  10
1435 1427 1432  10
1435 1418 1421  10
1440 1429 1430  10
1436 1428 1423  10
1437 1424 1419  10
1419 1429 1437  10
1438 455 1425  10
1425 1433 1438  10
467 468 1439  10
1439 432 1437  10
1430 1436 1440  10
1440 462 463  10
1463 523 524  11
498 1455 499  11
1450 518 519  11
509 1454 1446  11
503 1461 526  11
1461 1455 1457  11
516 1449 515  11
26 503 526  11
1451 524 525  11
501 1461 502  11
1451 1461 1457  11
499 1455 500  11
1462 1458 1453  11
523 1463 522  11
1462 1454 512  11
524 523 28  11
516 1452 1449  11
1441 1463 1451  11
521 1450 520  11
1447 1444 1443  11
518 1452 517  11
511 1454 510  11
1448 1452 1441  11
1442 1459 1448  11
491 1445 492  11
1463 1450 521  11
496 1456 497  11
1444 505 506  11
505 1447 504  11
1444 506 1446  11
507 1446 506  11
506 27 507  11
1456 1455 498  11
1442 496 495  11
492 1445 493  11
494 1445 1442  11
1460 1445 491  11
1445 1460 1443  11
25 504 487  11
1460 491 490  11
489 1460 490  11
487 1447 488  11
1457 1456 1448  11
1450 1452 518  11
495 494 1442  11
1459 1442 1458  11
1447 505 1444  11
1454 1444 1446  11
509 1446 508  11
1458 1445 1443  11
1445 1458 1442  11
1445 494 493  11
1446 507 508  11
1444 1454 1453  11
1447 489 488  11
1447 487 504  11
1452 1450 1441  11
1456 496 1442  11
514 1462 513  11
514 515 1449  11
519 520 1450  11
1450 1463 1441  11
525 1461 1451  11
1441 1457 1448  11
1452 1459 1449  11
1452 516 517  11
1443 1444 1453  11
512 1454 511  11
1454 509 510  11
1454 1462 1453  11
1455 501 500  11
1456 1457 1455  11
498 497 1456  11
1456 1442 1448  11
1457 1441 1451  11
1461 501 1455  11
1458 1443 1453  11
1458 1462 1459  11
1459 1462 1449  11
1459 1452 1448  11
1460 489 1447  11
1447 1443 1460  11
1461 525 526  11
1461 503 502  11
1462 512 513  11
1462 514 1449  11
521 522 1463  11
1463 524 1451  11
1479 543 506  12
527 524 28  12
525 1482 1472  12
538 1485 537  12
560 1484 504  12
1473 554 553  12
554 1473 1466  12
1480 1465 1475  12
558 1484 559  12
1484 560 559  12
1477 1483 1474  12
556 1468 557  12
531 1486 530  12
1481 1476 1470  12
540 1471 539  12
541 1471 540  12
1479 1471 541  12
543 1479 542  12
506 543 27  12
1485 1476 536  12
1476 1485 1470  12
1485 1471 1480  12
1466 556 555  12
527 1482 524  12
1486 531 1481  12
1472 1482 1469  12
529 1486 1482  12
1476 1481 533  12
504 25 560  12
525 1472 526  12
1482 1486 1469  12
536 1476 535  12
1467 1477 1474  12
549 1477 1467  12
1465 1484 1475  12
505 1484 1465  12
549 1467 550  12
1466 1487 1475  12
526 544 26  12
544 1483 545  12
1483 1477 546  12
1464 1467 1474  12
1481 531 532  12
551 1473 552  12
1465 506 505  12
1468 556 1466  12
1466 555 554  12
1467 1478 1473  12
551 550 1467  12
1469 1474 1472  12
1468 1475 1484  12
1468 558 557  12
529 1482 528  12
1481 1470 1464  12
1487 1485 1480  12
1478 1467 1464  12
538 539 1471  12
1479 1480 1471  12
546 1477 547  12
1483 544 526  12
1473 553 552  12
1473 551 1467  12
1474 1483 1472  12
1474 1469 1464  12
1480 1479 1465  12
1475 1468 1466  12
1476 533 534  12
534 535 1476  12
1477 549 548  12
548 547 1477  12
1464 1470 1478  12
1478 1466 1473  12
541 542 1479  12
1479 506 1465  12
1470 1487 1478  12
1471 1485 538  12
1464 1469 1481  12
1481 532 533  12
1482 525 524  12
1482 527 528  12
546 545 1483  12
1483 526 1472  12
1484 505 504  12
1484 558 1468  12
1485 1487 1470  12
1485 536 537  12
1481 1469 1486  12
1486 529 530  12
1480 1475 1487  12
1487 1466 1478  12
1492 572 571  13
1508 596 597  13
1510 1497 1490  13
1510 1490 1507  13
591 1499 590  13
1511 582 583  13
577 602 30  13
1498 1512 1503  13
1497 1512 1490  13
1497 1510 1506  13
1494 1504 1500  13
1508 1488 1505  13
1491 1513 1493  13
1488 1498 1495  13
596 1505 595  13
1505 593 594  13
1513 1491 1489  13
598 32 599  13
598 1508 597  13
596 1508 1505  13
1501 569 568  13
1499 1489 1491  13
592 1495 591  13
593 1505 1495  13
1501 570 569  13
1513 1489 1494  13
577 1506 602  13
602 1510 601  13
1511 1500 580  13
585 1493 584  13
570 1501 1492  13
582 581 31  13
1511 1513 1500  13
582 1511 581  13
572 1497 573  13
566 1496 567  13
1501 1509 1503  13
1499 588 589  13
588 1499 1491  13
562 1504 563  13
561 1504 562  13
565 1496 566  13
561 29 578  13
1514 1494 1496  13
1497 572 1492  13
593 1495 592  13
1509 1502 1503  13
588 1491 587  13
601 1507 600  13
575 1506 576  13
586 1493 585  13
586 587 1491  13
1492 571 570  13
1494 1509 1496  13
584 1511 583  13
1493 586 1491  13
565 1514 1496  13
563 1514 564  13
1495 1505 1488  13
1502 1509 1489  13
567 1501 568  13
1494 1514 1504  13
574 1506 575  13
574 573 1497  13
1495 1502 1499  13
1498 1488 1490  13
1499 589 590  13
1499 591 1495  13
579 1504 578  13
579 580 1500  13
1498 1503 1502  13
1501 567 1496  13
1489 1499 1502  13
1502 1495 1498  13
1492 1503 1512  13
1492 1501 1503  13
1504 561 578  13
1504 579 1500  13
594 595 1505  13
1488 1508 1507  13
1506 577 576  13
1506 574 1497  13
1490 1488 1507  13
600 1508 599  13
1508 598 599  13
1508 600 1507  13
1509 1501 1496  13
1509 1494 1489  13
1507 601 1510  13
1510 602 1506  13
580 581 1511  13
1511 584 1493  13
1512 1498 1490  13
1512 1497 1492  13
1494 1500 1513  13
1513 1511 1493  13
1514 565 564  13
1514 563 1504  13
630 1528 1516  14
579 1521 580  14
633 1534 634  14
1525 1533 1521  14
637 1515 578  14
637 578 29  14
600 1519 601  14
578 1515 579  14
1515 636 635  14
1533 1537 1527  14
1530 1517 1528  14
617 1527 616  14
1537 1518 613  14
618 1527 617  14
607 1524 606  14
619 1529 618  14
620 1529 619  14
581 620 31  14
1524 1535 1532  14
1515 637 636  14
1536 1517 1522  14
1521 579 1515  14
613 1518 612  14
605 1532 604  14
599 1535 600  14
1524 608 1522  14
618 1529 1527  14
610 1522 609  14
615 1537 614  14
603 1532 599  14
1531 1526 1519  14
599 32 603  14
1535 1524 1531  14
1520 621 602  14
1516 633 632  14
630 1516 631  14
1519 1526 1520  14
1528 1523 1516  14
626 1530 627  14
624 1526 625  14
1517 1536 1523  14
628 1528 629  14
621 30 602  14
621 1520 622  14
1520 624 623  14
635 1534 1515  14
1515 1534 1525  14
1516 632 631  14
1518 1537 1536  14
628 1530 1528  14
609 1522 608  14
1518 610 611  14
611 612 1518  14
1526 626 625  14
1519 602 601  14
623 622 1520  14
1520 602 1519  14
580 1529 581  14
1515 1525 1521  14
608 1524 607  14
1522 610 1518  14
1537 1523 1536  14
1523 1528 1517  14
1519 1535 1531  14
1524 605 606  14
1534 635 634  14
1516 1523 1525  14
1526 624 1520  14
1526 1531 1517  14
1527 615 616  14
1529 1533 1527  14
1528 630 629  14
1517 1530 1526  14
1529 620 581  14
1529 580 1521  14
1530 628 627  14
1530 626 1526  14
1531 1524 1522  14
1522 1517 1531  14
1532 603 604  14
1532 605 1524  14
1533 1529 1521  14
1533 1525 1523  14
1534 633 1516  14
1516 1525 1534  14
1535 1519 600  14
1535 599 1532  14
1522 1518 1536  14
1523 1537 1533  14
1537 613 614  14
1537 615 1527  14
1561 658 659  15
1555 1560 1546  15
648 1550 649  15
1540 647 646  15
680 1541 679  15
1541 653 652  15
654 680 34  15
669 1549 668  15
1550 1559 1557  15
1542 1553 1552  15
1556 1548 678  15
654 1541 680  15
1541 654 653  15
650 1557 651  15
676 36 677  15
674 1548 1539  15
674 1539 673  15
669 1562 1549  15
676 1548 675  15
1551 1549 1542  15
1546 657 658  15
673 1539 672  15
1562 669 670  15
1548 674 675  15
1552 1553 1540  15
657 1546 1545  15
1538 1558 643  15
1549 1562 1543  15
660 1561 659  15
659 35 660  15
1561 662 1555  15
658 1561 1546  15
1547 656 1545  15
1543 1559 1553  15
645 1540 646  15
647 1550 648  15
1540 1558 1552  15
643 1558 644  15
1538 1547 1545  15
645 1558 1540  15
641 1538 642  15
638 1547 639  15
640 1547 1538  15
33 655 638  15
640 1538 641  15
643 642 1538  15
1538 1545 1544  15
671 672 1539  15
1554 1562 1539  15
1553 1542 1543  15
667 1551 666  15
652 1557 1541  15
1541 1559 1556  15
666 1551 665  15
1551 667 1549  15
1539 1562 671  15
1548 1556 1554  15
656 1547 655  15
1560 1555 1551  15
656 657 1545  15
1560 1552 1544  15
662 1561 661  15
1545 1560 1544  15
1547 640 639  15
1547 638 655  15
1548 676 677  15
677 678 1548  15
1543 1542 1549  15
1549 667 668  15
1550 650 649  15
1550 647 1540  15
664 1555 663  15
665 1555 664  15
1558 645 644  15
1552 1560 1542  15
1559 1550 1553  15
1550 1540 1553  15
1554 1539 1548  15
1556 678 679  15
1555 662 663  15
1555 665 1551  15
679 1541 1556  15
1559 1543 1554  15
1557 652 651  15
1557 650 1550  15
1558 1538 1544  15
1544 1552 1558  15
1559 1554 1556  15
1559 1541 1557  15
1560 1545 1546  15
1560 1551 1542  15
1561 660 661  15
1561 1555 1546  15
670 671 1562  15
1562 1554 1543  15
1572 1582 1578  16
1577 690 691  16
1573 697 659  16
658 1575 1573  16
1566 682 683  16
714 655 33  16
714 1563 655  16
1575 1584 1574  16
655 1563 656  16
1564 711 710  16
712 1564 1563  16
1563 713 712  16
1565 709 708  16
686 1579 685  16
1563 714 713  16
692 1577 691  16
694 1574 693  16
659 697 35  16
696 1573 695  16
697 1573 696  16
1585 1571 1575  16
1575 1574 1573  16
1584 1570 1577  16
678 1581 679  16
689 1576 688  16
1567 1579 1568  16
680 1581 1580  16
1579 1586 1566  16
677 1586 678  16
1576 1579 686  16
1566 681 682  16
681 1566 677  16
1565 708 707  16
677 36 681  16
1586 1579 1567  16
710 1565 1564  16
1572 707 706  16
1565 1572 1569  16
702 1582 703  16
678 1586 1581  16
702 1583 1582  16
701 1583 702  16
698 1580 699  16
699 1580 700  16
698 34 680  16
657 1585 1575  16
1564 712 711  16
1565 710 709  16
1569 1584 1571  16
707 1572 1565  16
1576 686 687  16
1566 683 684  16
684 1579 1566  16
1576 1577 1570  16
1572 706 705  16
1577 689 690  16
1582 705 704  16
1565 1571 1564  16
1578 1569 1572  16
1570 1578 1568  16
689 1577 1576  16
1564 1585 1563  16
1571 1565 1569  16
705 1582 1572  16
1578 1570 1569  16
1573 694 695  16
1573 659 658  16
1574 692 693  16
1574 694 1573  16
1575 658 657  16
1585 1564 1571  16
1570 1568 1576  16
1576 687 688  16
1577 692 1574  16
1570 1584 1569  16
1583 1581 1567  16
1567 1568 1578  16
1579 684 685  16
1579 1576 1568  16
1580 701 700  16
1580 698 680  16
1581 1583 1580  16
1581 680 679  16
1578 1583 1567  16
1582 704 703  16
1583 1578 1582  16
1583 701 1580  16
1577 1574 1584  16
1584 1575 1571  16
1585 657 656  16
656 1563 1585  16
1567 1581 1586  16
1586 677 1566  16
757 1591 756  17
734 1596 733  17
724 1594 725  17
720 1611 721  17
1591 731 730  17
731 757 38  17
1591 730 729  17
727 1594 1593  17
1595 1603 1599  17
754 1603 1601  17
1593 729 728  17
1593 1594 1595  17
1594 727 726  17
731 1591 757  17
722 1588 723  17
745 1590 744  17
1603 1607 1587  17
752 1601 751  17
750 1601 1587  17
749 1587 748  17
748 1587 747  17
752 40 753  17
750 1587 749  17
1589 737 738  17
1601 750 751  17
1588 724 723  17
745 1598 1590  17
742 1609 741  17
1602 1608 1606  17
735 1589 734  17
1597 1610 1600  17
1592 739 740  17
740 1609 1592  17
718 1606 719  17
1589 736 737  17
736 1589 735  17
735 39 736  17
1606 1608 1605  17
722 1611 1588  17
1606 1605 1611  17
1588 1611 1605  17
1602 1606 1604  17
1604 718 717  17
715 1604 716  17
715 37 732  17
1593 728 727  17
747 1598 746  17
1590 742 743  17
1597 1607 1595  17
738 1592 1589  17
1592 738 739  17
743 744 1590  17
1594 1597 1595  17
755 1603 754  17
729 1593 1591  17
1589 1596 734  17
1609 740 741  17
1591 1599 756  17
1594 726 725  17
1594 724 1588  17
1590 1610 1609  17
1607 1597 1600  17
1593 1599 1591  17
732 1602 1604  17
1596 1589 1592  17
1598 1607 1600  17
1597 1594 1588  17
1598 745 746  17
1598 747 1587  17
755 756 1599  17
1599 1593 1595  17
1608 1610 1605  17
1590 1598 1600  17
1601 752 753  17
753 754 1601  17
1604 715 732  17
1602 733 1596  17
1587 1601 1603  17
1603 755 1599  17
717 716 1604  17
1602 732 733  17
1610 1608 1609  17
1605 1597 1588  17
719 1611 720  17
1606 718 1604  17
1607 1598 1587  17
1607 1603 1595  17
1608 1602 1596  17
1596 1592 1608  17
1608 1592 1609  17
1609 742 1590  17
1610 1590 1600  17
1610 1597 1605  17
1611 722 721  17
1611 719 1606  17
786 1635 1616  18
772 1620 771  18
733 1622 1614  18
1635 1634 1612  18
758 753 40  18
1616 1614 1622  18
1622 791 790  18
769 1618 768  18
789 1622 790  18
1616 789 788  18
763 1624 762  18
1617 764 765  18
1618 1636 1623  18
772 1628 1620  18
774 1628 773  18
735 774 39  18
760 1625 759  18
1614 1632 1615  18
1626 1631 1619  18
1624 760 761  18
769 1620 1618  18
767 1623 766  18
768 1623 767  18
755 1633 756  18
1637 775 757  18
760 1624 1625  18
1625 758 759  18
758 1625 753  18
1620 769 770  18
775 1637 776  18
1617 763 764  18
1635 786 785  18
1613 1625 1624  18
1631 1626 1621  18
732 37 791  18
780 1626 781  18
782 1627 783  18
1612 1634 1632  18
1626 1619 1627  18
1637 1621 1629  18
757 775 38  18
791 1622 732  18
777 1637 1629  18
777 1629 778  18
780 1629 1626  18
1614 1616 1612  18
786 1616 787  18
1633 1613 1621  18
1624 763 1617  18
735 1615 1628  18
733 1615 734  18
1628 772 773  18
1615 733 1614  18
788 787 1616  18
1619 1635 1627  18
765 1623 1617  18
1636 1618 1634  18
1623 768 1618  18
1632 1618 1620  18
784 1635 785  18
1631 1621 1613  18
1620 770 771  18
1615 1620 1628  18
1629 780 779  18
1613 1633 1630  18
1622 733 732  18
1622 789 1616  18
1617 1636 1631  18
1623 765 766  18
1617 1613 1624  18
1624 761 762  18
1625 1630 754  18
754 753 1625  18
781 1627 782  18
1626 1629 1621  18
1627 784 783  18
1627 781 1626  18
1628 774 735  18
1615 735 734  18
779 778 1629  18
1621 1637 1633  18
755 754 1630  18
1630 1625 1613  18
1613 1617 1631  18
1636 1634 1619  18
1620 1615 1632  18
1632 1614 1612  18
756 1637 757  18
1633 755 1630  18
1618 1632 1634  18
1634 1635 1619  18
1612 1616 1635  18
1635 784 1627  18
1619 1631 1636  18
1636 1617 1623  18
1637 777 776  18
1637 756 1633  18
1658 1660 1641  19
1661 1647 1640  19
828 1644 827  19
1645 826 1644  19
808 1639 831  19
1639 808 807  19
831 42 808  19
1645 1646 823  19
1639 1653 1650  19
804 1657 1653  19
829 1659 1644  19
831 1639 830  19
1653 1657 1650  19
1657 804 803  19
829 828 44  19
1646 1651 1643  19
820 1652 819  19
1646 1661 1652  19
827 1644 826  19
825 1645 824  19
1652 1654 818  19
823 1646 822  19
1647 1661 1643  19
1642 1655 1648  19
826 1645 825  19
1642 810 811  19
1649 1642 1648  19
814 1655 1642  19
812 811 43  19
1654 816 817  19
812 1642 811  19
1654 1661 1640  19
1642 812 813  19
1638 1656 1647  19
1656 1638 799  19
799 1638 800  19
1641 1656 797  19
792 1658 793  19
41 809 792  19
794 1641 795  19
1641 797 796  19
1658 1641 794  19
1638 802 801  19
801 800 1638  19
1639 807 806  19
806 1653 1639  19
797 1656 798  19
816 1655 815  19
796 795 1641  19
1648 1660 1649  19
1642 813 814  19
1655 816 1654  19
1644 1659 1651  19
1657 1638 1647  19
1644 828 829  19
1644 1651 1645  19
1650 1651 1659  19
1645 823 824  19
821 1652 820  19
821 822 1646  19
1638 1657 802  19
1656 1660 1640  19
810 1649 809  19
1642 1649 810  19
1660 1656 1641  19
1658 792 809  19
1639 1659 830  19
1657 1647 1643  19
1650 1643 1651  19
1651 1646 1645  19
1652 818 819  19
1652 821 1646  19
1653 806 805  19
805 804 1653  19
1640 1648 1654  19
1654 817 818  19
1654 1648 1655  19
1655 814 815  19
1640 1647 1656  19
1656 799 798  19
1643 1650 1657  19
1657 803 802  19
794 793 1658  19
1658 809 1649  19
1659 829 830  19
1659 1639 1650  19
1660 1658 1649  19
1660 1648 1640  19
1661 1654 1652  19
1661 1646 1643  19
1680 1682 1672  20
1668 1674 1673  20
865 1679 809  20
1664 1670 1662  20
810 1679 1671  20
1667 863 862  20
863 1679 864  20
861 1683 1667  20
1672 1677 843  20
41 865 809  20
848 1680 847  20
1681 1682 1671  20
846 1672 845  20
1680 1672 846  20
848 43 811  20
1668 1673 1675  20
1679 865 864  20
1676 851 850  20
1677 841 842  20
1666 837 838  20
1678 841 1677  20
1663 830 829  20
836 1685 835  20
854 1670 1664  20
854 1664 855  20
834 1685 1663  20
1680 848 811  20
832 1663 829  20
1669 1683 859  20
829 44 832  20
1684 831 830  20
1663 832 833  20
855 1664 856  20
1670 854 853  20
1666 836 837  20
856 1669 857  20
1683 861 860  20
1667 1683 1681  20
831 849 42  20
849 1676 850  20
1676 1670 851  20
851 1670 852  20
831 1684 1676  20
1663 1685 1665  20
1663 833 834  20
1664 1674 1668  20
1666 1678 1673  20
1669 859 858  20
1663 1684 830  20
1685 834 835  20
838 1678 1666  20
1674 1664 1662  20
845 1672 844  20
1667 862 861  20
1669 856 1664  20
841 1678 840  20
858 857 1669  20
1669 1664 1668  20
853 852 1670  20
1670 1676 1662  20
1671 811 810  20
1679 1681 1671  20
843 1677 842  20
843 844 1672  20
1666 1674 1665  20
1678 1677 1673  20
1662 1665 1674  20
1674 1666 1673  20
1682 1681 1675  20
1683 1669 1668  20
1676 849 831  20
1676 1684 1662  20
1677 1682 1675  20
1675 1673 1677  20
1678 838 839  20
839 840 1678  20
1679 810 809  20
1679 863 1667  20
846 847 1680  20
1680 811 1671  20
1681 1679 1667  20
1675 1681 1683  20
1682 1677 1672  20
1682 1680 1671  20
1683 860 859  20
1683 1668 1675  20
1684 1663 1665  20
1665 1662 1684  20
1685 836 1666  20
1666 1665 1685  20
1690 868 867  21
1703 1698 1686  21
882 1687 905  21
895 1695 1688  21
905 46 882  21
1687 904 905  21
1695 1701 1698  21
897 1701 1695  21
880 1694 1687  21
900 1701 899  21
880 1687 881  21
1687 1708 904  21
877 1694 878  21
1693 875 874  21
901 1692 900  21
902 1692 901  21
903 902 48  21
1700 1699 1688  21
1701 897 898  21
891 1702 890  21
1695 895 896  21
1691 1706 1689  21
895 1688 894  21
890 1702 889  21
1707 870 1696  21
893 1699 892  21
875 1697 876  21
1705 888 1702  21
1697 1694 877  21
1704 1690 884  21
1689 1704 1691  21
1704 885 1705  21
886 1705 885  21
885 47 886  21
873 1693 874  21
1707 873 872  21
873 1707 1693  21
870 1707 871  21
45 883 866  21
1696 870 869  21
868 1696 869  21
866 1690 867  21
903 1708 1692  21
1694 1697 1686  21
1687 882 881  21
1687 1694 1686  21
1703 1695 1698  21
1688 893 894  21
884 1690 883  21
1702 1699 1691  21
1690 866 883  21
1690 1704 1689  21
1702 891 1699  21
1693 1707 1706  21
1692 902 903  21
1692 1708 1698  21
1706 1699 1700  21
1699 1706 1691  21
1694 880 879  21
879 878 1694  21
1695 896 897  21
1695 1703 1700  21
1696 868 1690  21
1690 1689 1696  21
1697 877 876  21
1697 875 1693  21
1701 900 1692  21
1708 1687 1686  21
1699 891 892  21
1699 893 1688  21
1688 1695 1700  21
1693 1703 1697  21
898 899 1701  21
1701 1692 1698  21
888 1705 887  21
888 889 1702  21
1686 1697 1703  21
1703 1693 1700  21
884 885 1704  21
1704 1702 1691  21
1705 886 887  21
1705 1702 1704  21
1700 1693 1706  21
1707 1696 1689  21
872 871 1707  21
1707 1689 1706  21
1686 1698 1708  21
1708 903 904  21
883 1711 884  22
928 1723 929  22
1711 939 938  22
883 45 939  22
1711 1732 884  22
1726 937 936  22
1714 1725 1710  22
1728 1727 1725  22
1725 1714 1722  22
917 1719 1714  22
1727 935 934  22
939 1711 883  22
1719 917 918  22
1714 915 916  22
920 1719 919  22
1731 1719 920  22
922 1731 921  22
885 922 47  22
1717 915 1714  22
1730 910 911  22
1714 916 917  22
1719 1731 1722  22
915 1717 914  22
1709 1721 1716  22
1724 1730 1715  22
1713 1724 1715  22
910 1730 1724  22
1729 1715 1730  22
1717 1730 912  22
906 903 48  22
906 1713 903  22
903 1713 904  22
1713 906 907  22
1717 912 913  22
1723 1712 930  22
1709 923 905  22
1729 1723 1716  22
1712 1723 1718  22
905 923 46  22
923 1709 924  22
924 1709 925  22
905 1721 1709  22
1720 928 927  22
925 1720 926  22
1712 933 932  22
930 1712 931  22
1711 938 937  22
937 1726 1711  22
932 931 1712  22
1718 1729 1710  22
1713 907 908  22
908 1724 1713  22
885 1732 1731  22
1710 1725 1718  22
1720 1723 928  22
1713 1721 904  22
1720 925 1709  22
1721 905 904  22
913 914 1717  22
1717 1714 1710  22
1712 1727 933  22
1723 930 929  22
1719 918 919  22
1731 920 921  22
927 926 1720  22
1720 1709 1716  22
1721 1713 1715  22
1715 1716 1721  22
1714 1719 1722  22
1732 885 884  22
1723 1720 1716  22
1723 1729 1718  22
1724 908 909  22
909 910 1724  22
935 1727 1726  22
1727 1712 1718  22
1726 936 935  22
1727 1728 1726  22
934 933 1727  22
1727 1718 1725  22
1725 1722 1728  22
1728 1711 1726  22
1716 1715 1729  22
1730 1717 1710  22
1730 911 912  22
1730 1710 1729  22
1731 922 885  22
1731 1732 1722  22
1732 1711 1728  22
1728 1722 1732  22
1733 950 949  23
954 1739 955  23
1750 1755 1749  23
964 1735 963  23
1737 1754 1746  23
956 1739 980  23
967 1734 966  23
980 50 956  23
1739 1748 979  23
954 1753 1739  23
1747 969 970  23
952 1753 953  23
1744 1734 1743  23
1747 1752 969  23
974 1749 973  23
972 1747 971  23
978 977 52  23
960 1751 959  23
977 1750 976  23
1750 974 975  23
972 1749 1747  23
1746 1743 1747  23
1734 1744 1741  23
967 1752 1734  23
963 1735 962  23
1739 979 980  23
974 1750 1749  23
1754 1737 1733  23
1736 1741 1740  23
1736 1751 1741  23
960 959 51  23
958 1751 1736  23
1745 940 957  23
1751 960 961  23
945 1742 946  23
942 1756 943  23
950 1737 951  23
1756 942 1745  23
947 1742 1733  23
947 1733 948  23
49 957 940  23
940 1745 941  23
945 1756 1742  23
949 948 1733  23
1743 1734 1752  23
965 1735 964  23
965 966 1734  23
962 1751 961  23
1735 965 1734  23
1756 945 944  23
1736 957 958  23
1737 952 951  23
1737 950 1733  23
979 1748 978  23
1753 952 1737  23
1739 956 955  23
1739 1753 1738  23
1740 1745 1736  23
1742 1754 1733  23
1735 1741 1751  23
1735 1734 1741  23
1742 947 946  23
1742 1756 1740  23
969 1752 968  23
1743 1754 1744  23
1744 1742 1740  23
1740 1741 1744  23
942 941 1745  23
1745 957 1736  23
1755 1738 1746  23
1738 1737 1746  23
1747 970 971  23
1738 1755 1748  23
1750 977 978  23
1748 1739 1738  23
1747 1755 1746  23
1749 972 973  23
975 976 1750  23
1750 978 1748  23
1751 958 959  23
1751 962 1735  23
1752 967 968  23
1752 1747 1743  23
1737 1738 1753  23
1753 954 953  23
1754 1742 1744  23
1754 1743 1746  23
1755 1747 1749  23
1755 1750 1748  23
944 943 1756  23
1756 1745 1740  23
1760 1011 1010  24
1005 1780 1006  24
957 1758 958  24
1778 1767 1768  24
1758 1014 1013  24
1760 1012 1011  24
1014 957 49  24
1776 997 959  24
1761 1780 1766  24
992 1778 991  24
1764 981 982  24
1014 1758 957  24
997 1776 996  24
1773 992 993  24
995 1773 994  24
1767 1776 1775  24
997 51 959  24
1008 1780 1761  24
1779 1769 1000  24
1778 1757 990  24
1763 1762 1770  24
1757 1778 1774  24
1770 1762 1772  24
1003 1769 1759  24
1769 1003 1002  24
1764 1772 979  24
1780 1005 1759  24
1776 959 1775  24
981 1764 978  24
1780 1759 1766  24
978 52 981  24
990 1757 989  24
1765 983 984  24
1771 985 986  24
1762 1779 1772  24
1761 1010 1009  24
1759 1005 1004  24
1758 1777 1775  24
1000 1769 1001  24
998 1779 999  24
980 998 50  24
1759 1769 1762  24
1757 987 988  24
988 989 1757  24
1758 1013 1012  24
1012 1760 1758  24
1004 1003 1759  24
985 1771 1765  24
1773 1778 992  24
1010 1761 1760  24
1761 1009 1008  24
1766 1774 1768  24
1779 998 980  24
983 1765 1764  24
1759 1762 1763  24
1757 1771 987  24
1764 979 978  24
1764 982 983  24
1765 984 985  24
1765 1771 1770  24
1778 1773 1767  24
1766 1759 1763  24
1775 959 958  24
1777 1767 1775  24
1761 1777 1760  24
1761 1766 1768  24
1002 1001 1769  24
1769 1779 1762  24
1770 1764 1765  24
1763 1770 1771  24
1771 986 987  24
1771 1774 1763  24
1772 980 979  24
1772 1764 1770  24
993 994 1773  24
1773 1776 1767  24
1774 1766 1763  24
1774 1771 1757  24
958 1758 1775  24
1767 1777 1768  24
1776 1773 995  24
995 996 1776  24
1777 1758 1760  24
1777 1761 1768  24
1768 1774 1778  24
1778 990 991  24
1000 999 1779  24
1779 980 1772  24
1780 1008 1007  24
1007 1006 1780  24
1784 1795 1794  25
1026 1790 1781  25
1785 1794 1793  25
1782 1037 1038  25
1031 1800 1054  25
1800 1031 1030  25
1802 1042 1043  25
1031 1054 54  25
1053 1800 1795  25
1781 1029 1028  25
1029 1800 1030  25
1026 1781 1027  25
1783 1040 1041  25
1051 1784 1050  25
1042 1802 1783  25
1052 1051 56  25
1793 1786 1785  25
1050 1784 1049  25
1048 1794 1047  25
1017 1791 1018  25
1046 1785 1045  25
1040 1783 1782  25
1790 1798 1786  25
1040 1782 1039  25
1022 1799 1798  25
1784 1051 1052  25
1024 1798 1790  25
1037 1788 1036  25
1789 1034 1788  25
1034 1789 1033  25
1035 1788 1034  25
1034 55 1035  25
1786 1793 1790  25
1024 1790 1025  25
1797 1802 1786  25
1020 1799 1021  25
1019 1799 1020  25
1022 1798 1023  25
53 1032 1015  25
1791 1019 1018  25
1017 1801 1791  25
1015 1801 1016  25
1781 1028 1027  25
1046 1794 1785  25
1801 1017 1016  25
1782 1038 1039  25
1783 1041 1042  25
1797 1786 1798  25
1048 1049 1784  25
1052 1795 1784  25
1044 1802 1043  25
1044 1045 1785  25
1783 1797 1787  25
1802 1797 1783  25
1782 1789 1788  25
1782 1783 1787  25
1788 1035 1036  25
1788 1037 1782  25
1789 1782 1787  25
1033 1801 1032  25
1795 1800 1796  25
1790 1026 1025  25
1792 1791 1801  25
1799 1019 1791  25
1801 1033 1789  25
1789 1787 1792  25
1794 1046 1047  25
1790 1796 1781  25
1794 1048 1784  25
1795 1052 1053  25
1800 1029 1781  25
1794 1796 1793  25
1796 1790 1793  25
1796 1794 1795  25
1799 1797 1798  25
1792 1787 1797  25
1798 1024 1023  25
1797 1799 1792  25
1799 1022 1021  25
1799 1791 1792  25
1781 1796 1800  25
1800 1053 1054  25
1801 1015 1032  25
1801 1789 1792  25
1802 1044 1785  25
1785 1786 1802  25
1811 1066 1067  26
1812 1823 1818  26
1088 1826 1032  26
1820 1811 1807  26
1815 1034 1033  26
1813 1812 1807  26
1033 1826 1815  26
1066 1820 1065  26
1811 1820 1066  26
53 1088 1032  26
1071 1814 1070  26
1820 1803 1064  26
1069 1811 1068  26
1814 1811 1069  26
1071 55 1034  26
1064 1803 1063  26
1826 1086 1817  26
1804 1079 1078  26
1084 1817 1085  26
1814 1815 1807  26
1803 1820 1818  26
1053 1810 1054  26
1806 1816 1808  26
1805 1076 1075  26
1077 1805 1804  26
1804 1824 1823  26
1809 1823 1812  26
1055 1052 56  26
1055 1806 1052  26
1052 1806 1053  26
1806 1055 1056  26
1805 1825 1822  26
1819 1082 1081  26
1805 1077 1076  26
1816 1821 1808  26
1809 1084 1083  26
1821 1059 1060  26
1079 1819 1080  26
1054 1072 54  26
1072 1825 1073  26
1825 1805 1074  26
1074 1805 1075  26
1803 1061 1062  26
1062 1063 1803  26
1078 1077 1804  26
1821 1803 1818  26
1822 1825 1810  26
1823 1824 1818  26
1806 1056 1057  26
1057 1816 1806  26
1034 1815 1814  26
1086 1826 1087  26
1806 1810 1053  26
1059 1821 1816  26
1809 1083 1082  26
1082 1819 1809  26
1825 1072 1054  26
1810 1806 1808  26
1067 1068 1811  26
1811 1814 1807  26
1812 1813 1809  26
1820 1807 1812  26
1826 1088 1087  26
1817 1084 1809  26
1814 1069 1070  26
1814 1071 1034  26
1815 1826 1813  26
1813 1807 1815  26
1816 1057 1058  26
1058 1059 1816  26
1809 1813 1817  26
1817 1086 1085  26
1824 1804 1822  26
1803 1821 1061  26
1819 1081 1080  26
1819 1079 1804  26
1812 1818 1820  26
1820 1064 1065  26
1821 1824 1808  26
1821 1060 1061  26
1804 1805 1822  26
1822 1810 1808  26
1823 1809 1819  26
1819 1804 1823  26
1822 1808 1824  26
1824 1821 1818  26
1074 1073 1825  26
1825 1054 1810  26
1817 1813 1826  26
1826 1033 1032  26
137 1835 1833  27
1835 135 1830  27
1832 1840 1104  27
1107 1833 1832  27
1104 1840 1103  27
1096 1834 1095  27
1830 1837 1836  27
1102 1838 1101  27
1840 1102 1103  27
1837 1830 204  27
1838 1100 1101  27
1107 1832 1108  27
1106 1832 1105  27
1108 1106 58  27
1833 140 139  27
135 1835 136  27
140 1107 8  27
1832 1104 1105  27
1098 1828 1097  27
1100 1838 1830  27
1100 1836 1099  27
1836 1100 1830  27
1099 1836 1098  27
1091 1831 1829  27
1095 1834 1094  27
1834 1828 1827  27
195 1841 196  27
1089 195 12  27
1090 1089 57  27
197 1839 198  27
1093 1834 1831  27
1827 1837 202  27
199 1827 200  27
1827 202 201  27
1841 1839 197  27
1839 1827 199  27
1827 1839 1834  27
1841 197 196  27
1090 1829 1089  27
201 200 1827  27
1834 1096 1828  27
1828 1096 1097  27
202 1837 203  27
1089 1841 195  27
1829 1090 1091  27
1830 135 7  27
7 204 1830  27
1831 1091 1092  27
1092 1093 1831  27
1832 1106 1108  27
1833 1107 140  27
1833 139 138  27
138 137 1833  27
1839 199 198  27
1834 1093 1094  27
1102 1840 1838  27
1835 137 136  27
1837 204 203  27
1828 1098 1836  27
1837 1827 1828  27
1828 1836 1837  27
1838 1840 1835  27
1835 1830 1838  27
1839 1841 1831  27
1831 1834 1839  27
1840 1832 1833  27
1833 1835 1840  27
1841 1089 1829  27
1829 1831 1841  27
1850 1854 1852  28
1857 1856 1851  28
9 1852 189  28
190 1856 191  28
57 1842 1125  28
1851 1124 1842  28
1851 1122 1123  28
147 1849 1843  28
1856 1852 1854  28
1854 1120 1121  28
1848 1855 1843  28
1118 1855 1117  28
1089 12 194  28
1124 1851 1123  28
1849 147 146  28
1122 1854 1121  28
1850 1119 1120  28
1125 1842 1124  28
1853 1848 1849  28
1850 1855 1118  28
1850 1118 1119  28
1112 1853 1846  28
1115 1848 1114  28
1855 1850 1847  28
1855 1848 1116  28
1846 1111 1112  28
1846 1845 1111  28
1844 143 142  28
1845 1107 1108  28
1109 1108 58  28
141 1844 142  28
1111 1845 1110  28
1107 1845 1844  28
1107 141 8  28
1843 1847 149  28
143 1846 144  28
1849 146 145  28
1843 149 148  28
1089 1857 1842  28
1842 57 1089  28
1857 1089 194  28
148 147 1843  28
1116 1848 1115  28
1844 141 1107  28
1845 1108 1109  28
1109 1110 1845  28
1845 1846 1844  28
144 1849 145  28
1846 143 1844  28
1847 9 150  28
150 149 1847  28
1843 1849 1848  28
1114 1853 1113  28
1849 144 1846  28
1848 1853 1114  28
189 1852 190  28
1847 1852 9  28
1857 192 1856  28
192 1857 193  28
1852 1847 1850  28
1854 1850 1120  28
1849 1846 1853  28
1853 1112 1113  28
1854 1122 1851  28
1852 1856 190  28
1847 1843 1855  28
1855 1116 1117  28
1854 1851 1856  28
1856 192 191  28
1851 1842 1857  28
1857 194 193  28
1 1866 1864  29
1866 1859 1860  29
1868 1870 1869  29
1864 66 65  29
1870 1868 1142  29
1858 1138 1139  29
70 1144 2  29
1127 1862 1126  29
1864 65 1  29
1863 1864 1858  29
130 1859 131  29
1138 1867 1137  29
1140 1858 1139  29
1868 1140 1141  29
68 1869 69  29
1144 1143 60  29
1868 1858 1140  29
1860 1133 1134  29
70 1869 1144  29
1866 132 1859  29
1861 130 129  29
1136 1860 1135  29
1860 1867 1866  29
1873 1872 1862  29
1871 1860 1859  29
1133 1871 1132  29
1129 1862 1128  29
1127 1126 59  29
6 1872 125  29
1873 1861 128  29
1143 1144 1870  29
132 1866 133  29
130 1861 1859  29
1873 126 1872  29
1129 1865 1862  29
1861 1873 1865  29
128 1861 129  29
126 1873 127  29
66 1863 67  29
66 1864 1863  29
132 131 1859  29
1860 1871 1133  29
1860 1134 1135  29
133 1866 134  29
1131 1865 1130  29
1131 1871 1865  29
1872 126 125  29
1862 1127 1128  29
1858 1868 1863  29
1863 68 67  29
1867 1860 1136  29
1858 1867 1138  29
1865 1129 1130  29
1865 1871 1861  29
1867 1136 1137  29
1866 1 134  29
1867 1858 1864  29
1864 1866 1867  29
1141 1142 1868  29
1863 1869 68  29
1869 70 69  29
1869 1863 1868  29
1144 1869 1870  29
1870 1142 1143  29
1859 1861 1871  29
1871 1131 1132  29
1872 6 1126  29
1126 1862 1872  29
1862 1865 1873  29
1873 128 127  29
3 1886 1881  30
1883 1885 1158  30
1883 1875 1884  30
1154 1878 1153  30
124 1126 6  30
1887 1878 1154  30
1161 1875 1160  30
122 1884 123  30
120 1881 1879  30
1886 3 80  30
1148 1889 1147  30
1156 1887 1155  30
1883 1158 1159  30
2 1877 71  30
1144 1888 1877  30
1158 1885 1157  30
59 1875 1161  30
1160 1883 1159  30
1885 1887 1156  30
1885 1883 1879  30
1876 1882 1880  30
1878 1887 1886  30
1147 1888 1146  30
1150 1876 1149  30
1882 1876 1150  30
1878 1882 1152  30
1126 1884 1875  30
1145 1144 60  30
1889 1148 1876  30
1878 1152 1153  30
1152 1882 1151  30
77 1880 1874  30
1882 1878 1874  30
1889 1880 74  30
1877 73 72  30
71 1877 72  30
1147 1889 1888  30
75 1880 76  30
1874 79 78  30
78 77 1874  30
1875 59 1126  30
1884 1126 124  30
74 1880 75  30
1876 1148 1149  30
1877 2 1144  30
1888 1889 1877  30
79 1886 80  30
1874 1886 79  30
1879 122 121  30
121 120 1879  30
1880 77 76  30
1880 1889 1876  30
1881 120 119  30
119 3 1881  30
1874 1880 1882  30
1882 1150 1151  30
1883 1160 1875  30
1884 122 1879  30
1884 124 123  30
1884 1879 1883  30
1879 1881 1885  30
1885 1156 1157  30
1886 1874 1878  30
1881 1886 1887  30
1887 1154 1155  30
1887 1885 1881  30
1888 1144 1145  30
1145 1146 1888  30
1889 74 73  30
73 1877 1889  30
2604 2416 2474  31
1897 3023 2725  31
2623 2093 2001  31
951 2212 950  31
1897 2890 2381  31
219 2235 218  31
289 1949 288  31
213 1930 212  31
2287 2230 2070  31
3040 2012 2901  31
2150 2991 2936  31
107 1991 106  31
49 2868 1014  31
2631 2009 2531  31
2983 2425 2143  31
872 2363 871  31
2145 2859 1891  31
163 2539 2467  31
2803 2498 727  31
801 2771 800  31
180 2783 2346  31
2205 2060 2062  31
482 2214 481  31
2903 2213 2629  31
2456 2930 2769  31
2014 2446 2075  31
2663 473 2084  31
873 2457 2021  31
429 2935 428  31
2099 2132 1942  31
215 2400 1919  31
1072 2911 54  31
228 2656 2186  31
2487 2201 1931  31
503 2588 502  31
2077 1951 1970  31
2503 1949 289  31
1949 2503 2474  31
1001 2069 1000  31
2175 2856 285  31
290 13 205  31
2305 1005 1006  31
2831 2916 2081  31
334 2334 333  31
1076 2780 1075  31
2350 2888 2494  31
2382 2831 2081  31
956 1927 955  31
953 2217 952  31
956 2061 1927  31
1927 2429 2217  31
1173 2459 1172  31
2129 2694 2116  31
2212 2898 2694  31
3001 62 1179  31
2259 1181 1182  31
2426 5 83  31
2299 84 85  31
2605 2337 2546  31
2426 2299 2509  31
3031 2970 2868  31
942 2542 2266  31
2740 2423 2677  31
2570 3031 2170  31
2510 1007 1008  31
2121 2570 2170  31
2510 2817 2644  31
3031 2570 2970  31
1009 2510 1008  31
1011 2570 2121  31
1007 2510 2305  31
1005 2877 1004  31
2561 2305 2510  31
2483 2649 2175  31
288 2574 287  31
998 2061 50  31
1003 1004 2877  31
1003 2761 1002  31
2761 2069 1001  31
2761 2994 2069  31
2061 2998 2091  31
2960 3044 88  31
2981 2664 2203  31
2598 1937 2443  31
2490 2719 2468  31
2421 2857 2109  31
1194 2421 1977  31
700 701 2634  31
2191 2631 2531  31
2664 1977 2203  31
2464 3005 2924  31
2369 2982 2567  31
652 2042 651  31
1163 2711 2371  31
1163 2371 1162  31
1166 2847 1165  31
2847 2711 1164  31
2830 1174 1175  31
1174 2202 1173  31
1167 2951 1969  31
1958 1169 1170  31
2058 3003 2547  31
1177 2830 1176  31
2547 3003 2861  31
3003 2058 2070  31
1174 2830 2202  31
2165 2837 2196  31
1172 2459 1171  31
2621 2740 2118  31
2287 2070 1906  31
2617 2237 2221  31
2100 117 118  31
1185 2124 1184  31
1180 3001 1179  31
2266 2542 2337  31
1181 2259 2169  31
1182 1183 2308  31
2226 2822 2129  31
946 2190 945  31
2830 1177 2789  31
3001 2789 62  31
2719 2490 116  31
1928 2677 2423  31
115 2490 114  31
84 2426 83  31
1184 2611 1183  31
5 2426 2100  31
88 3044 87  31
2664 2981 2598  31
113 3078 3035  31
1185 2927 2124  31
2719 1909 2468  31
2209 2500 2025  31
3062 1914 2055  31
86 2299 85  31
2299 3044 2714  31
2618 2714 3044  31
86 3044 2299  31
2960 88 89  31
92 2642 91  31
2642 2960 90  31
96 2804 2696  31
93 2055 1914  31
711 2885 710  31
4 102 2242  31
279 2878 2050  31
102 2507 2242  31
4 1939 99  31
99 1939 98  31
95 2055 94  31
98 2804 97  31
2696 95 96  31
2055 95 2696  31
2055 93 94  31
1991 2424 2097  31
2422 706 707  31
2424 107 108  31
2508 108 109  31
108 2508 2424  31
2652 2051 2117  31
2507 104 2076  31
111 2461 110  31
276 2797 275  31
2187 2984 2240  31
2032 3022 2736  31
639 2495 638  31
2173 3074 2614  31
806 2949 805  31
2333 2989 2897  31
649 2247 648  31
2475 1934 1960  31
709 2422 708  31
2885 711 2497  31
2647 2622 2530  31
2495 33 638  31
714 2285 2011  31
2495 639 2187  31
2512 703 2501  31
3056 1921 2889  31
2874 34 698  31
1977 2421 2109  31
111 3035 2461  31
1193 2664 1192  31
703 704 2501  31
61 2857 2421  31
2461 2763 2508  31
705 706 2139  31
706 2422 2139  31
2422 707 708  31
2724 1969 2951  31
647 2247 2153  31
2712 2019 2567  31
2975 3050 2153  31
3050 647 2153  31
653 2557 2042  31
2557 653 654  31
2557 654 34  31
2042 2557 2464  31
1969 1166 1167  31
649 650 2298  31
651 2298 650  31
2355 1924 2466  31
2333 803 804  31
1917 2466 1924  31
2274 343 344  31
2545 796 797  31
2171 795 2127  31
2303 2819 2349  31
799 2771 2229  31
2788 2192 2179  31
640 2187 639  31
1929 2192 2056  31
807 2863 2253  31
852 2819 2303  31
2863 2514 2375  31
2984 640 641  31
2983 2771 801  31
2051 2652 2626  31
794 2862 793  31
42 2863 808  31
278 2626 277  31
714 2011 713  31
850 2514 849  31
2514 2863 42  31
852 2303 851  31
854 2500 2209  31
859 2770 858  31
2500 855 856  31
861 2558 860  31
2850 2770 2135  31
2500 854 855  31
860 2135 859  31
2223 2862 1985  31
1996 2976 2709  31
3009 2558 862  31
3009 2006 1996  31
792 2862 2223  31
792 2223 41  31
2704 2917 2378  31
275 3000 274  31
41 2006 865  31
2223 2976 1996  31
796 2545 2127  31
2862 794 2171  31
272 2306 1989  31
2551 2720 2040  31
2343 2771 2089  31
2554 2980 2517  31
2281 2971 1989  31
2054 3040 2505  31
345 2934 1955  31
17 2971 347  31
2971 2815 347  31
2334 334 2037  31
935 2836 934  31
2715 1917 2150  31
2628 3014 2715  31
2435 2265 2431  31
2078 2707 2487  31
2367 2900 1992  31
335 2859 2037  31
337 2088 1891  31
2852 2300 2314  31
2854 2872 2506  31
2942 2016 781  31
2864 778 779  31
777 2197 776  31
2250 2427 2465  31
784 2427 783  31
2057 635 636  31
2164 930 931  31
1904 2553 2103  31
2692 2309 2376  31
784 2465 2427  31
2673 1901 2206  31
2028 716 717  31
718 3058 2028  31
2112 2388 2372  31
2329 2164 1922  31
2388 791 37  31
2053 173 174  31
2133 2747 2178  31
3058 2255 2035  31
167 2437 2046  31
2913 2754 2853  31
2754 722 723  31
2987 2046 2437  31
2383 3051 2747  31
2846 2428 2403  31
776 2813 775  31
2197 3027 1925  31
2710 2233 1998  31
167 2046 166  31
2383 2689 2317  31
165 2539 164  31
387 2918 2879  31
2140 2406 2322  31
558 2280 557  31
1967 2840 2167  31
2612 2938 1943  31
2746 2956 2365  31
2961 2829 2405  31
3058 2448 2028  31
169 2560 2065  31
3075 2440 2961  31
722 2255 721  31
2155 723 724  31
2541 46 2034  31
2670 3075 879  31
2053 2365 2156  31
2255 2754 2035  31
2035 2133 2029  31
1894 2392 1904  31
174 2746 2053  31
3075 2544 1979  31
173 2142 172  31
2544 3075 2961  31
2691 2961 2405  31
2034 2044 1894  31
2213 2903 1962  31
2363 2958 2417  31
2773 3077 2359  31
3060 1979 2544  31
870 2417 869  31
2958 2041 2585  31
2336 1908 2345  31
868 2675 867  31
866 2675 2323  31
2041 2323 2585  31
2265 2435 1994  31
938 2431 2265  31
2265 2455 936  31
1916 869 2417  31
3068 2492 2022  31
2206 1901 2250  31
2293 2372 2206  31
2553 1904 2392  31
2293 2250 2039  31
3007 2283 2866  31
2283 3007 2321  31
3011 2755 1918  31
2388 790 791  31
37 2708 2388  31
2925 2593 2288  31
2178 2496 2245  31
2392 1894 2017  31
716 2708 715  31
925 2401 2044  31
925 2441 924  31
2441 923 924  31
923 2441 2034  31
2431 938 939  31
2309 2993 2376  31
2492 1908 2022  31
2208 2433 2210  31
323 2096 2079  31
2442 2060 1961  31
1961 2460 2442  31
485 2030 1902  31
2238 2892 2064  31
3081 2445 2228  31
395 2238 2064  31
19 2238 396  31
2060 2442 2062  31
420 1910 419  31
418 2460 417  31
416 2460 1961  31
414 2275 413  31
2764 2669 2003  31
413 2270 21  31
483 2616 482  31
2359 2624 2251  31
2030 485 486  31
3002 2359 2251  31
485 1902 484  31
1959 2768 2244  31
2445 421 2264  31
2705 2597 2284  31
423 2264 422  31
2264 2768 2228  31
2801 2335 2463  31
425 2801 2043  31
424 425 2043  31
427 2335 426  31
2894 1959 2679  31
480 481 2214  31
480 2075 479  31
876 3060 875  31
2787 2939 2881  31
179 2582 178  31
2160 1975 2346  31
2582 179 2346  31
2446 2014 2010  31
2820 3061 2167  31
3004 1956 2660  31
2312 429 22  31
2939 478 2075  31
2787 474 475  31
389 3008 388  31
2658 2159 2453  31
428 2335 427  31
1956 3004 2193  31
2005 1963 2295  31
1932 3063 2660  31
2569 2680 1990  31
2603 2775 2409  31
2252 2685 2286  31
2752 2855 1947  31
496 2603 1999  31
2183 2603 498  31
1999 494 495  31
498 2603 497  31
2339 3049 2577  31
2529 2757 2681  31
547 2045 546  31
501 2481 500  31
544 2572 1903  31
2063 2101 1993  31
544 1903 26  31
501 2588 2481  31
1945 2873 2781  31
544 2922 2572  31
2702 2683 1993  31
550 2702 2101  31
2101 2063 549  31
546 2922 545  31
2082 2915 2348  31
2682 2093 2419  31
229 2682 2656  31
556 2796 555  31
2879 2918 2886  31
558 3080 2280  31
494 2005 493  31
2005 494 1999  31
2189 2867 183  31
2048 2566 2234  31
2952 1978 2005  31
2357 2946 2671  31
1963 2005 1978  31
3024 3073 2946  31
488 3024 487  31
2313 2357 2082  31
3080 559 2992  31
3080 2812 2280  31
182 2783 181  31
2189 185 2108  31
1026 1027 2352  31
185 2189 184  31
2716 2260 2158  31
187 2315 2108  31
2268 1995 2188  31
2477 3016 2386  31
2750 154 2477  31
2158 2777 2004  31
2066 2965 2154  31
3069 2233 571  31
158 2581 157  31
161 2397 2301  31
571 2233 570  31
161 2301 160  31
569 2639 568  31
2428 2414 2403  31
2710 2002 2162  31
1087 2778 1938  31
1085 2821 1084  31
2548 623 624  31
623 2651 622  31
2625 1987 576  31
2581 2301 2543  31
159 2581 158  31
2777 2655 2667  31
3069 571 572  31
1998 3069 2699  31
2559 1952 2532  31
568 2639 2115  31
568 2115 567  31
2467 2532 2397  31
564 2180 563  31
637 2057 636  31
2115 2599 566  31
2962 775 2813  31
38 1900 731  31
2290 2876 2414  31
2986 2966 561  31
2986 561 562  31
2966 637 29  31
2966 2057 637  31
2016 779 780  31
216 2760 2400  31
2235 219 2038  31
2236 2613 2370  31
2016 2942 2589  31
630 2945 629  31
2130 2385 2272  31
2912 635 2057  31
635 2912 634  31
2912 2988 2220  31
2220 2513 1966  31
1972 2576 1984  31
1087 1938 1086  31
1073 2341 2094  31
2576 2211 1984  31
2344 3048 2163  31
2246 2374 2318  31
2887 2591 2224  31
1031 2911 2727  31
1075 2780 2341  31
226 2795 1905  31
2902 2316 223  31
621 2651 2368  31
1078 2402 1077  31
2527 3043 3039  31
2380 2548 625  31
1086 1938 1085  31
1083 2821 2126  31
2316 2902 2273  31
2398 2377 2276  31
2368 2651 2059  31
2625 30 2368  31
53 2304 1088  31
2548 2651 623  31
2052 2778 2633  31
576 1987 575  31
621 2368 30  31
2700 2304 1015  31
1017 3043 2700  31
1017 2700 1016  31
2921 2915 2802  31
1023 2413 1022  31
1022 2413 1021  31
2515 3030 3019  31
2353 2386 2260  31
2260 2825 2353  31
1029 2893 2794  31
2792 2330 2198  31
2473 1912 2650  31
155 3016 2477  31
3043 1018 3020  31
2727 2911 2332  31
1030 2727 2200  31
2339 2683 2536  31
2048 3019 2566  31
2352 2794 2772  31
2488 2972 2967  31
1029 2794 1028  31
2215 2821 2052  31
2780 2402 2246  31
225 1972 224  31
1082 2491 1081  31
1907 2995 2302  31
2995 2038 220  31
2795 2887 2224  31
2623 2033 2176  31
2588 503 1903  31
234 2875 2873  31
2286 1945 2781  31
14 2844 236  31
2844 2222 2399  31
2436 2662 2601  31
2594 2363 2021  31
336 337 1891  31
2459 1173 2202  31
2552 1986 1892  31
2023 3045 2307  31
2340 2822 2083  31
209 2831 2278  31
2255 3058 719  31
923 2034 46  31
2552 2914 1986  31
474 2787 2084  31
2703 2956 1975  31
2160 2703 1975  31
954 2217 953  31
2725 1893 1897  31
2175 2574 2483  31
2525 2278 2382  31
1899 2600 2258  31
2037 334 335  31
729 2803 728  31
730 731 1900  31
2164 2866 2283  31
628 2945 2707  31
483 484 1902  31
2601 2662 1946  31
503 26 1903  31
382 2926 2537  31
2138 2401 927  31
790 2388 2112  31
225 226 1905  31
1075 2341 1074  31
2789 1177 1178  31
948 2257 2083  31
1912 2201 2008  31
628 2707 627  31
325 3026 2749  31
1923 1908 2336  31
2927 1187 2443  31
2443 1187 1188  31
418 419 1910  31
2894 2764 2003  31
1024 2066 1023  31
2914 1911 2816  31
574 3069 573  31
2527 3039 2929  31
215 1919 214  31
2038 2296 2235  31
92 93 1914  31
1955 2934 2122  31
2151 2839 2350  31
2249 1973 2073  31
868 869 1916  31
2594 2021 2408  31
338 2991 2088  31
645 2975 644  31
1966 630 631  31
2993 2511 327  31
213 3015 1930  31
1919 2400 2393  31
2914 2158 1911  31
2200 1029 1030  31
1969 1921 2847  31
653 2042 652  31
2329 930 2164  31
930 2329 929  31
2675 1916 2585  31
2528 2449 1965  31
803 2983 802  31
2248 2320 2279  31
3027 2197 777  31
2864 3027 778  31
2295 2765 491  31
386 2879 2569  31
954 955 1927  31
2061 2583 2347  31
1928 2007 1909  31
941 2266 2194  31
2274 2586 2110  31
2771 2343 2229  31
212 1944 211  31
3015 213 214  31
1948 2793 2018  31
625 2548 624  31
389 390 1932  31
2407 470 471  31
105 2076 104  31
2422 2885 2964  31
2475 2540 1934  31
3041 1982 2131  31
2076 105 1991  31
279 2050 278  31
2753 2386 3016  31
155 2477 154  31
1187 2927 1186  31
2007 1928 2049  31
2633 3038 2818  31
2090 2008 2201  31
2242 2516 1939  31
2804 98 1939  31
862 2558 861  31
1940 2709 2458  31
1941 2262 1926  31
2232 2404 2263  31
2289 2132 1976  31
1950 3045 2023  31
470 2407 2312  31
471 2663 2407  31
211 2412 210  31
1944 212 1930  31
232 233 1945  31
547 2063 2045  31
319 320 1946  31
2354 2060 2205  31
2222 2875 2399  31
2875 234 235  31
3065 2535 3013  31
1083 2126 1082  31
205 2503 290  31
2525 208 2278  31
2099 2941 2552  31
183 184 2189  31
2077 2877 1951  31
2305 2877 1005  31
162 2467 2397  31
566 2599 565  31
2272 2549 2130  31
2105 2793 2090  31
2978 643 2975  31
643 2978 642  31
343 2274 2110  31
344 345 1955  31
2906 2672 2277  31
2084 2686 2663  31
575 1987 574  31
2756 1931 2201  31
1944 2412 211  31
1958 1170 1171  31
395 2733 394  31
421 2445 420  31
1982 3041 2271  31
1934 1915 1960  31
415 2275 414  31
415 416 1961  31
324 2749 2096  31
2434 2594 2087  31
489 3073 488  31
491 2765 490  31
647 3050 646  31
1169 2951 1168  31
2836 935 2455  31
3012 2852 2047  31
631 2632 1966  31
1966 2632 2220  31
2840 2462 1895  31
2665 2140 2322  31
2493 1968 2409  31
1926 3018 2289  31
2785 2410 1964  31
2924 2231 2464  31
286 2574 2175  31
2483 2219 1898  31
113 3035 112  31
1909 1971 2468  31
1972 225 1905  31
2126 2762 2643  31
2476 2415 2373  31
1973 1960 1915  31
2373 2968 2387  31
2296 2038 1907  31
177 2956 176  31
2582 2956 177  31
2404 2232 1941  31
2840 2973 2820  31
1193 1194 1977  31
699 2874 698  31
1968 1941 1978  31
1963 2357 2671  31
1979 876 877  31
877 878 1979  31
1965 2356 2161  31
2793 2882 2090  31
329 2692 2376  31
2024 2999 2518  31
3079 2379 2627  31
2177 2845 2196  31
327 2511 326  31
1981 2692 2047  31
2706 3072 2595  31
2869 2402 1078  31
3000 2149 2943  31
1989 2306 2281  31
3019 2796 2812  31
2232 1892 2802  31
1987 2625 1957  31
3069 574 1987  31
1953 2564 2105  31
633 2912 2632  31
1989 271 272  31
3062 2642 1914  31
384 2807 383  31
384 385 1990  31
3022 2051 2384  31
1991 105 106  31
2657 2837 2580  31
2718 2177 2391  31
549 2063 548  31
2683 2252 2536  31
936 2455 935  31
2041 2751 2323  31
2965 1024 1025  31
3032 2390 2654  31
2458 2729 2071  31
3009 864 2006  31
2673 2272 1901  31
2092 2254 2195  31
2207 1987 1957  31
3069 1987 2207  31
495 496 1999  31
2952 2603 2409  31
2890 2534 2113  31
2899 3059 2900  31
230 231 2001  31
2093 2828 2419  31
2689 1952 2317  31
563 2986 562  31
2764 2894 2031  31
1946 2764 319  31
1995 2268 2154  31
1911 2974 2638  31
1978 2952 1968  31
493 2295 492  31
864 3009 863  31
864 865 2006  31
1909 2631 1971  31
1191 2598 1190  31
1015 2304 53  31
2667 2008 2331  31
2711 1163 1164  31
2512 2634 701  31
2616 2214 482  31
2665 2695 2678  31
712 2497 711  31
712 713 2011  31
2248 3025 2712  31
2107 3040 2901  31
2588 2748 2481  31
500 2183 499  31
478 2939 477  31
479 2075 478  31
276 277 2015  31
2850 856 857  31
2016 780 781  31
2864 2385 1925  31
927 2401 926  31
2138 927 928  31
2146 2199 2136  31
3048 2968 2523  31
2391 2151 2125  31
2369 2845 2166  31
2131 2690 2540  31
2932 2734 2438  31
872 873 2021  31
875 3060 2457  31
2691 2405 2182  31
1908 2492 2345  31
2108 185 186  31
2158 2914 2716  31
2085 2865 2782  31
2755 3011 2963  31
856 2850 2500  31
1933 2117 2051  31
2883 2105 2564  31
2571 2905 2026  31
2290 1925 2130  31
2072 2549 2854  31
717 718 2028  31
2708 37 715  31
172 2142 10  31
2563 2245 2496  31
486 2270 2030  31
2275 415 1961  31
316 2892 2238  31
317 318 2031  31
804 2949 2333  31
2051 3022 1933  31
1945 2623 232  31
2638 2974 2364  31
882 2440 881  31
46 2541 882  31
2754 2255 722  31
2684 2065 2560  31
2047 2314 2036  31
2661 2430 2858  31
2959 2776 2037  31
2430 3036 2858  31
219 220 2038  31
2038 2995 1907  31
2039 785 786  31
786 787 2039  31
2586 2628 2110  31
2149 2551 2040  31
2451 2434 2022  31
2451 1923 2261  31
2464 2841 2144  31
2464 2144 2042  31
2768 2264 2043  31
2043 423 424  31
2401 2138 2017  31
2017 1894 2044  31
2683 2339 2045  31
2805 2588 1903  31
2539 2559 2467  31
2046 165 166  31
2036 2766 2518  31
2036 1981 2047  31
551 2702 550  31
552 2515 2074  31
2049 2884 1937  31
2664 1193 1977  31
2878 2479 2050  31
2076 2774 2646  31
2050 2051 2626  31
2051 2472 2384  31
2821 1085 1938  31
2759 2929 2331  31
2703 2160 1896  31
2053 2731 2142  31
1917 2505 2107  31
2231 2520 2841  31
280 2696 2338  31
280 281 2055  31
2355 2610 2054  31
2447 2704 2482  31
2057 2966 2027  31
2027 1988 2057  31
1906 2058 2538  31
2058 2547 2640  31
1912 2756 2201  31
2651 621 622  31
1959 2791 2228  31
2359 3077 2624  31
2061 956 50  31
2069 2998 999  31
2669 2835 2205  31
2270 413 2275  31
1993 2045 2063  31
2063 547 548  31
2064 2894 2239  31
2894 2064 2892  31
168 2437 167  31
168 169 2065  31
2907 2413 2870  31
2965 2066 1024  31
2319 2486 1948  31
2693 2080 2419  31
3066 2171 2068  31
795 796 2127  31
2998 2061 998  31
999 1000 2069  31
2843 2190 2519  31
2070 2058 1906  31
2558 3009 1940  31
2709 3009 1996  31
2854 2883 1988  31
2002 2506 2162  31
1973 2249 1960  31
2635 2373 2387  31
551 552 2074  31
2074 2515 2048  31
2075 2214 2014  31
2939 2787 476  31
2479 2878 2774  31
104 2507 103  31
1970 1898 2077  31
2994 2091 2069  31
2380 2707 2078  31
2707 2380 627  31
322 2606 321  31
322 323 2079  31
2909 1920 2688  31
228 2186 227  31
2000 2899 2410  31
2081 3037 2920  31
1941 2357 1978  31
2915 2851 2566  31
947 2190 946  31
947 948 2083  31
473 2663 472  31
473 474 2084  31
2085 2309 1981  31
2210 2449 2254  31
2132 2099 1976  31
2918 3018 2886  31
1962 2668 1890  31
2363 870 871  31
2088 337 338  31
2148 2088 2991  31
2771 799 800  31
2396 2720 2418  31
2882 2759 2008  31
2201 2487 1953  31
2091 2994 2573  31
2061 2347 1927  31
2288 2593 2351  31
2449 2210 2356  31
2001 2682 230  31
2834 2693 2828  31
1072 1073 2094  31
2374 2762 2318  31
2827 1967 2167  31
2111 2726 3002  31
2096 323 324  31
2492 3068 2749  31
2097 2076 1991  31
2424 1991 107  31
2871 2361 2645  31
2470 2648 2098  31
1976 3053 2263  31
2099 1942 1895  31
118 5 2100  31
2426 84 2299  31
549 550 2101  31
2101 2702 1993  31
283 2856 2740  31
285 2856 284  31
2103 2245 1904  31
2553 2524 2208  31
3000 275 2797  31
2797 2015 2106  31
2090 1953 2105  31
2269 2533 2272  31
2797 276 2015  31
2729 2458 2106  31
2411 2990 2637  31
1917 2723 2150  31
186 187 2108  31
2353 2825 2315  31
2944 2007 2203  31
2109 2203 1977  31
342 2628 341  31
342 343 2110  31
2446 3002 2726  31
2114 2896 2213  31
2112 788 789  31
789 790 2112  31
2694 2129 2340  31
2534 2602 2000  31
321 2606 2601  31
2213 1962 1890  31
2115 566 567  31
2639 569 2233  31
952 2898 951  31
2116 2890 2113  31
2117 1933 2025  31
2135 2919 2850  31
2102 2118 2856  31
2884 2927 1937  31
2050 2326 2051  31
2479 2763 2119  31
1899 2858 2766  31
2411 3067 2933  31
1010 2817 1009  31
1010 1011 2121  31
2934 2281 2849  31
2943 2447 2849  31
2680 2855 2807  31
2157 1926 2262  31
2927 1185 1186  31
2611 2221 2308  31
2276 2494 2398  31
1973 2996 2415  31
1080 2869 1079  31
2821 1083 1084  31
2545 2343 2068  31
795 2171 794  31
279 280 2128  31
2516 2646 1935  31
2190 947 2083  31
2116 2485 2129  31
1925 2290 2197  31
3076 2427 1901  31
2982 2738 2358  31
2131 2475 2120  31
2132 2289 2086  31
2973 2840 1942  31
2168 2029 2342  31
2560 10 2142  31
1893 2920 2741  31
1944 2256 2134  31
2135 2558 2071  31
2850 3047 2500  31
2236 2344 2163  31
1997 2808 2504  31
1972 2595 2273  31
2814 2744 2798  31
2138 2329 1922  31
1922 2017 2138  31
2826 2964 2590  31
705 2501 704  31
2140 2665 2641  31
2695 2665 2310  31
2653 2177 2282  31
2174 2550 2276  31
2560 169 10  31
2142 173 2053  31
2720 2425 2418  31
2425 2897 2418  31
2042 2298 651  31
2231 3079 2520  31
2776 2933 2554  31
2145 1891 2088  31
2146 2136 1997  31
2860 1997 2528  31
2320 2880 2324  31
2147 2470 2012  31
2088 2990 2145  31
2832 2990 2148  31
273 3000 2306  31
2484 2976 1985  31
2936 2991 339  31
1917 2715 3014  31
1930 2578 2256  31
1913 2760 2698  31
2929 2759 2527  31
2882 2008 2090  31
2841 3029 2891  31
3074 3079 2584  31
2154 2352 1995  31
2154 2268 2066  31
2155 724 725  31
725 2498 2155  31
2496 2703 1896  31
2133 2342 2029  31
2680 2569 2157  31
2569 1990 385  31
2188 2777 2331  31
2004 1911 2158  31
2930 2456 2193  31
2935 429 2312  31
2346 2904 2160  31
3045 2160 2904  31
2036 2865 1981  31
2161 2024 1965  31
564 2599 2180  31
2002 2710 2432  31
2377 2394 2227  31
1948 2596 2319  31
931 2866 2164  31
2553 2283 2321  31
2779 2809 2185  31
2845 2369 2165  31
3013 1915 2521  31
2690 2131 1982  31
2456 2820 2360  31
1967 2827 2310  31
2372 2293 2112  31
2028 2708 716  31
1180 1181 2169  31
2806 1906 2538  31
2868 2194 2499  31
2170 2644 2121  31
2171 2545 2068  31
2171 3066 1985  31
2493 2842 2681  31
2262 2493 2123  31
2396 2469 2179  31
2647 2187 2240  31
2377 2717 2174  31
1974 2488 2398  31
2644 2649 2561  31
2175 285 286  31
2093 2623 2176  31
2033 2623 1945  31
2845 2177 2653  31
2391 2910 2151  31
3046 3051 2684  31
2496 2641 2563  31
2192 2396 2179  31
2032 2736 2418  31
2599 564 565  31
561 2966 29  31
2181 205 206  31
206 2604 2181  31
2496 3046 2156  31
2182 2940 2668  31
498 499 2183  31
2748 2183 2481  31
2402 2780 1076  31
3028 1984 2211  31
2645 2420 2185  31
3037 2081 2916  31
2795 226 227  31
2656 2419 2080  31
33 2495 2285  31
2984 2187 640  31
2454 2777 2188  31
2188 2555 2268  31
2189 2895 2307  31
182 2867 2783  31
945 2843 944  31
2083 2822 2190  31
2607 2790 2267  31
3035 111 112  31
2648 2931 2730  31
2056 2610 2355  31
3061 2636 2167  31
2225 392 3064  31
2194 49 940  31
940 941 2194  31
2092 2571 2026  31
2449 2528 1997  31
2657 3055 2910  31
2362 2177 2196  31
775 2962 38  31
38 2962 1900  31
2184 2792 2198  31
2911 1031 54  31
2199 2146 1918  31
1918 2073 2199  31
2332 2094 2330  31
2188 3032 2454  31
2756 2651 1931  31
2201 1953 2090  31
1969 2724 2659  31
2547 2830 2640  31
2007 2944 2631  31
2007 2049 2203  31
1934 2521 1915  31
2540 2475 2131  31
2669 2205 2062  31
2662 2436 2111  31
2427 3076 2942  31
2112 2293 788  31
2824 2207 2650  31
2432 2699 2480  31
2261 2524 2522  31
2433 2782 2356  31
2209 852 853  31
853 854 2209  31
2449 2356 1965  31
1980 2208 2210  31
2211 2576 2224  31
2591 2887 2067  31
2212 949 950  31
2429 2694 2898  31
2213 2439 2114  31
2606 2896 2436  31
2214 2616 2014  31
2214 2075 480  31
2818 2556 2633  31
2319 2810 2556  31
2434 2451 2216  31
2451 2261 2041  31
2217 954 1927  31
2217 2898 952  31
2136 3017 2565  31
2141 2666 2535  31
2444 2347 2583  31
2219 2483 2416  31
2912 2057 1988  31
2564 2988 2883  31
2237 2617 2311  31
2259 2806 2169  31
2926 2855 2752  31
2926 2752 2222  31
2223 1996 2006  31
2006 41 2223  31
2887 2909 2067  31
2224 2591 2211  31
2660 3063 3004  31
391 392 2225  31
2822 2226 2519  31
2129 2485 2226  31
2227 2523 2968  31
2717 2373 2218  31
3081 2228 2791  31
420 2445 1910  31
798 2297 797  31
798 799 2229  31
2833 2534 2230  31
2230 2534 2000  31
3029 2841 2520  31
2366 2701 2659  31
2082 1941 2232  31
1976 2404 2289  31
569 570 2233  31
2233 3069 1998  31
2683 2702 2048  31
2921 2802 2243  31
2296 1907 1974  31
3006 2760 217  31
2236 2596 2018  31
2808 1997 2136  31
2927 2443 1937  31
1906 2311 2287  31
2238 395 396  31
2238 19 316  31
2930 3064 2292  31
2292 394 2733  31
1954 2978 2975  31
2187 2647 2530  31
2033 2745 2176  31
2685 2851 2241  31
2646 2242 2507  31
2242 1939 4  31
2241 2834 2745  31
1986 2802 1892  31
2679 2705 2239  31
2935 2312 2159  31
1894 3057 2829  31
2178 2342 2133  31
2402 2869 2374  31
2198 2318 2184  31
2247 647 648  31
2298 2891 2247  31
2977 2410 2900  31
2712 2997 2737  31
2073 2755 2249  31
2475 2957 2120  31
2039 2465 785  31
2250 2293 2206  31
3077 2270 2354  31
2111 2835 2662  31
2033 1945 2286  31
2873 1945 233  31
806 807 2253  31
2989 2032 2897  31
2254 2092 1980  31
1980 2210 2254  31
2255 719 720  31
720 721 2255  31
2420 2779 2185  31
2256 1944 1930  31
2257 948 949  31
949 2212 2257  31
2600 2300 2334  31
3041 2517 2980  31
2259 2308 2221  31
2221 2237 2259  31
11 2315 188  31
2315 2750 2353  31
1923 2451 1908  31
2524 2553 2321  31
2262 1941 1968  31
2262 2123 2157  31
3053 2552 1892  31
1892 2232 2263  31
2264 421 422  31
2264 423 2043  31
2265 936 937  31
937 938 2265  31
2499 2266 2337  31
2266 941 942  31
2472 2758 2622  31
2497 712 2011  31
2907 3039 3020  31
2413 1023 2066  31
2288 2351 2676  31
2092 2026 2269  31
2270 486 21  31
2060 2354 2275  31
2107 2832 2723  31
1982 2948 2358  31
2549 2072 2130  31
2272 2673 2269  31
223 2316 222  31
1972 2902 224  31
2274 344 1955  31
2274 2630 2378  31
2275 1961 2060  31
2275 2354 2270  31
2550 2666 2141  31
2398 2923 1974  31
2086 2742 2132  31
1956 2672 2660  31
208 2525 207  31
208 209 2278  31
2320 2452 2098  31
2788 2880 2848  31
557 2796 556  31
2313 2348 2615  31
2971 2281 2815  31
2447 2943 2040  31
2718 3065 2291  31
2953 3013 2521  31
2283 1922 2164  31
2553 2392 2283  31
2239 2733 2064  31
2597 2705 2679  31
2285 2790 2011  31
2285 714 33  31
2947 2529 2252  31
2286 2685 2033  31
2423 2833 2287  31
2833 2423 2621  31
2245 2925 2342  31
2593 2092 2351  31
1926 2404 1941  31
2289 3018 2086  31
2130 2876 2290  31
2876 2383 2403  31
2953 2521 2204  31
2718 3010 2141  31
393 3064 392  31
393 394 2292  31
2293 2039 787  31
787 788 2293  31
2517 2957 2294  31
2755 2073 1918  31
2295 491 492  31
2295 493 2005  31
2923 2296 1974  31
2235 3006 218  31
2297 798 2229  31
2343 2545 2297  31
2298 2042 2144  31
2298 2247 649  31
283 2740 2389  31
2299 2714 2509  31
2852 3012 331  31
2334 2300 2735  31
1952 2543 2532  31
2301 159 160  31
1974 1907 2302  31
2972 3054 3021  31
850 851 2303  31
2819 1933 2349  31
1088 2778 1087  31
2304 2700 2152  31
1951 2561 1970  31
2305 1006 1007  31
2122 2849 2447  31
2306 272 273  31
2895 2189 2108  31
1896 3045 2406  31
2221 2611 2124  31
2308 2259 1182  31
2309 2085 1983  31
2309 2692 1981  31
2310 2322 1967  31
2827 2095 2695  31
2833 2230 2287  31
2311 1906 2237  31
22 470 2312  31
2312 2407 2159  31
25 2992 560  31
3024 2992 25  31
2300 2852 2735  31
2300 1899 2314  31
2825 2895 2108  31
2315 187 188  31
3054 3072 3021  31
222 2592 221  31
2383 2876 2689  31
1952 2689 2002  31
2838 2184 2318  31
2318 2198 2246  31
2810 2319 3028  31
1984 3028 2706  31
2880 2320 2730  31
2320 2324 2279  31
934 2836 933  31
2524 2261 1923  31
2406 2941 2462  31
2462 2840 1967  31
45 2431 939  31
45 866 2323  31
2379 3079 2231  31
2279 2977 2367  31
2080 2887 2186  31
2325 2693 1920  31
2326 2050 2119  31
2885 709 710  31
1897 2741 2327  31
2871 2979 2361  31
3071 2809 2837  31
2526 3059 2328  31
2329 2138 928  31
928 929 2329  31
2330 2246 2198  31
2330 2792 2390  31
2777 2158 2655  31
2008 2667 1912  31
2794 2352 1027  31
2330 2390 2332  31
2989 2333 2949  31
2143 2425 2089  31
2600 1899 2300  31
333 2735 332  31
2244 2658 2597  31
426 2801 425  31
2085 2345 1983  31
1923 2433 2208  31
2266 2499 2194  31
2226 2542 2519  31
2128 2516 1935  31
2128 280 2338  31
2577 2842 2013  31
2922 546 2045  31
2340 2083 2257  31
2257 2212 2340  31
2094 2780 2330  31
2341 1073 1074  31
2342 2178 2245  31
2342 2288 2168  31
2089 2068 2343  31
2343 2297 2229  31
2905 2533 2026  31
3017 2568 2565  31
2511 2345 2492  31
2345 2619 2336  31
2346 179 180  31
2160 3045 1896  31
2091 2583 2061  31
2219 1897 2381  31
3030 2796 3019  31
2348 2313 2082  31
2514 850 2303  31
1933 2819 2025  31
3010 2718 2125  31
2125 2151 2350  31
2092 2593 1980  31
2092 2269 2351  31
2352 2772 1995  31
1026 2965 1025  31
2825 2260 2716  31
2750 2315 11  31
3077 2773 1902  31
2270 3077 2030  31
2054 1924 2355  31
2917 2704 2056  31
2433 1923 2336  31
2782 2433 2619  31
1963 1978 2357  31
2357 1941 2082  31
2358 2948 2020  31
2738 2982 2166  31
2359 3002 2010  31
1902 2773 2616  31
2713 2672 1956  31
1956 2193 2360  31
2327 2979 2602  31
2910 2391 2362  31
2478 1913 2151  31
1913 2784 2760  31
2363 872 2021  31
2363 2594 2216  31
2654 2909 2688  31
2950 2243 2638  31
176 2746 175  31
2956 2703 2365  31
1969 2889 1921  31
2659 2928 2366  31
2367 3025 2248  31
2248 2279 2367  31
2368 2473 1957  31
30 2625 577  31
2982 2997 2567  31
2019 2165 2369  31
2344 2236 2370  31
2905 2793 2105  31
2711 2847 1921  31
1162 2857 61  31
2955 2168 2288  31
2676 2673 2206  31
2476 1973 2415  31
1973 2476 2073  31
2643 2374 2869  31
2184 2838 2810  31
2514 2562 2375  31
2375 2562 2032  31
2376 2993 328  31
328 329 2376  31
2377 2174 2276  31
2377 2398 2394  31
2630 2274 1955  31
2704 2378 2482  31
2379 2701 2366  31
2379 2785 1964  31
2380 625 626  31
626 627 2380  31
2347 2444 2429  31
1898 2786 2573  31
2382 2081 1893  31
1893 2725 2382  31
2853 2721 2846  31
2428 2846 2721  31
2472 2614 2384  31
2192 2788 2610  31
2385 2130 1925  31
2385 2864 2589  31
2543 1952 1936  31
2260 2655 2158  31
2968 2373 2717  31
3048 2523 2744  31
2448 2767 2708  31
2372 2955 2676  31
2389 281 282  31
282 283 2389  31
2654 2792 2067  31
2893 1029 2200  31
2177 2718 2282  31
2177 2362 2391  31
2392 2017 1922  31
1922 2283 2392  31
2393 2478 3055  31
3015 2393 2578  31
2967 2523 2394  31
2394 2523 2227  31
2501 705 2139  31
2395 2609 2531  31
2396 2192 1929  31
2425 2983 2333  31
2532 2543 2301  31
2397 161 162  31
2296 2923 2888  31
2398 2488 2394  31
235 236 2399  31
2222 2844 2537  31
2393 2784 2478  31
2400 215 216  31
2017 2044 2401  31
2401 925 926  31
2374 2246 2402  31
2402 1076 1077  31
2803 729 2739  31
2739 729 730  31
2404 1926 2289  31
2404 1976 2263  31
2034 2674 2541  31
3057 1904 2245  31
2322 2406 2462  31
2406 2140 1896  31
2453 2686 2612  31
2407 2453 2159  31
2021 2457 2408  31
2087 3060 2544  31
2775 2748 2172  31
1968 2493 2262  31
2410 2620 1964  31
2410 2785 2000  31
2937 2271 3041  31
2145 2959 2859  31
2831 209 210  31
2412 1944 2134  31
2066 2870 2413  31
1021 2907 1020  31
1900 2739 730  31
2414 2962 2290  31
2996 2535 2218  31
2218 2373 2415  31
2574 286 287  31
2604 3023 2416  31
2417 870 2363  31
2417 2958 1916  31
2032 2418 2897  31
2736 2469 2396  31
2093 2682 2001  31
2080 2693 2325  31
2420 2645 2361  31
3037 2779 2420  31
2421 1194 1195  31
1195 61 2421  31
2697 2191 2609  31
2395 2826 2609  31
2423 2287 2311  31
2423 2884 1928  31
2191 2763 2461  31
2763 2479 2097  31
2720 2551 2425  31
2425 2551 2089  31
1909 2677 1928  31
2100 3052 2719  31
783 2942 782  31
2427 2250 1901  31
2498 725 726  31
727 2498 726  31
2429 1927 2347  31
2116 2429 2444  31
3036 3011 2860  31
2517 3034 2554  31
2431 45 2323  31
2431 2751 2435  31
1952 2480 1936  31
1952 2002 2432  31
2356 2782 2161  31
2356 2210 2433  31
2434 2691 2575  31
2575 3068 2022  31
2751 2431 2323  31
2435 2522 1994  31
2114 2111 2436  31
2896 2114 2436  31
2987 2559 2046  31
2437 168 2065  31
2012 3040 2147  31
2438 2734 2637  31
2095 2114 2439  31
2439 2213 1890  31
881 2670 880  31
2405 3057 2563  31
2441 925 2044  31
2044 2034 2441  31
2460 416 417  31
2062 3081 2791  31
1188 1189 2443  31
1937 2598 2049  31
2786 2444 2583  31
2444 2890 2116  31
2264 2228 2445  31
2445 3081 1910  31
2726 2111 2114  31
1943 2726 2636  31
2040 2943 2149  31
2040 1929 2447  31
2448 3058 2029  31
2029 2168 2448  31
2195 2808 2571  31
2195 2254 2449  31
2737 2969 2470  31
2948 1982 2271  31
2041 2216 2451  31
2451 2022 1908  31
2098 2452 2737  31
2452 2320 2248  31
2726 1943 2938  31
2658 3033 2159  31
1920 2909 2325  31
2974 1911 2004  31
2455 2265 1994  31
2455 3007 2836  31
2360 2193 2456  31
1943 2769 2612  31
2457 873 874  31
874 875 2457  31
2071 1940 2458  31
2458 2104 2106  31
2459 2502 1958  31
1958 1171 2459  31
2460 418 1910  31
2460 3081 2442  31
110 2508 109  31
2191 3078 1971  31
2462 2941 1895  31
2462 1967 2322  31
2801 426 2335  31
3033 2935 2159  31
34 2874 2557  31
2231 2924 2701  31
2465 784 785  31
2465 2039 2250  31
2628 2586 2466  31
2917 2466 2586  31
2467 162 163  31
2046 2559 2539  31
116 2490 115  31
2811 1909 3052  31
2469 2736 2384  31
2469 3074 2584  31
2969 2450 2932  31
2012 2470 2932  31
2471 2916 2134  31
2134 2256 2471  31
2472 2051 2326  31
2622 2647 2173  31
1957 2650 2207  31
2473 2368 2059  31
2416 1949 2474  31
2503 289 290  31
1960 2249 2475  31
2489 2294 2957  31
2373 2635 2476  31
2073 3017 2199  31
2386 2353 2477  31
154 2750 153  31
2151 2910 2478  31
2578 3055 2579  31
2119 2050 2479  31
2097 2774 2076  31
2480 2824 1936  31
2480 1952 2432  31
2748 2775 2183  31
2183 500 2481  31
2122 2630 1955  31
2122 2447 2482  31
2416 2574 1949  31
2483 1898 1970  31
2484 3066 2149  31
2306 3000 2943  31
2226 2621 2546  31
2485 2116 2113  31
2215 2633 2556  31
2304 3038 2778  31
1931 2078 2487  31
2513 2564 1953  31
2488 1974 2302  31
2972 2488 2302  31
2963 3011 2430  31
2489 2475 2249  31
2468 1971 2490  31
2490 113 114  31
1081 2643 1080  31
2491 1082 2126  31
3068 2575 1962  31
2345 2511 1983  31
2409 2172 2493  31
2123 2493 2681  31
2494 2550 2350  31
2296 2888 2698  31
2495 3070 2285  31
3070 2495 2530  31
2496 1896 2140  31
3057 1894 1904  31
2885 2422 709  31
2267 3070 2530  31
2498 2803 2721  31
2846 2913 2853  31
2170 2605 2102  31
2194 2868 49  31
2850 857 2770  31
2117 3047 2919  31
2501 2139 2395  31
703 2512 702  31
2502 2459 2202  31
2928 2547 2861  31
2503 205 2181  31
2181 2474 2503  31
2195 2449 2504  31
2449 1997 2504  31
2505 1917 1924  31
1924 2054 2505  31
2986 563 2180  31
2506 2002 2072  31
2646 2516 2242  31
2507 102 103  31
2508 110 2461  31
2763 2191 2119  31
2509 2811 2426  31
2677 1909 2811  31
2817 1010 2121  31
2305 2561 1951  31
3026 2492 2749  31
2511 2993 1983  31
701 702 2512  31
2501 2743 2512  31
1953 2487 2513  31
2945 630 1966  31
2514 42 849  31
2514 2303 2349  31
2515 552 553  31
553 3030 2515  31
2516 2128 2338  31
2338 1939 2516  31
3034 2430 2661  31
2661 1899 2258  31
2024 3036 2860  31
2036 2999 2865  31
943 2843 2542  31
2190 2843 945  31
2627 2379 1964  31
2800 2975 2153  31
1915 3013 2535  31
2521 2540 2204  31
2732 2455 1994  31
2522 2751 2261  31
2523 2967 2798  31
2163 2744 2596  31
2522 2732 1994  31
2524 1923 2208  31
3023 1897 2219  31
2604 206 207  31
2019 3071 2165  31
2526 3025 1992  31
2527 2759 2728  31
3038 2304 2152  31
1965 2024 2528  31
1997 2860 2146  31
2252 2529 2536  31
2529 2947 1947  31
2530 2622 2267  31
2530 2495 2187  31
2009 3056 2889  31
2743 2634 2512  31
2301 2397 2532  31
1952 2559 2317  31
2533 2269 2026  31
2533 2905 2105  31
2534 2833 2113  31
2534 2890 2327  31
2666 2717 2218  31
2535 2996 1915  31
2577 2572 2339  31
2252 2683 2234  31
2844 2399 236  31
381 382 2537  31
62 2789 1178  31
1906 2806 2237  31
2539 163 164  31
2539 165 2046  31
2540 2690 2204  31
2540 2521 1934  31
2961 2674 2829  31
2440 882 2541  31
2542 2226 2337  31
2542 942 943  31
2655 2386 2753  31
2581 159 2301  31
2544 2691 2087  31
3060 876 1979  31
2545 2171 2127  31
2545 797 2297  31
2337 2605 2499  31
2337 2226 2546  31
2785 2366 2861  31
2202 2928 2502  31
2548 2380 2078  31
2078 1931 2548  31
2549 2272 2533  31
2988 2912 1988  31
2350 3010 2125  31
2550 2494 2276  31
2551 3066 2068  31
2068 2089 2551  31
2552 3053 2099  31
2941 2406 1950  31
2553 2208 1980  31
1980 2103 2553  31
2933 2776 2722  31
2734 3067 2637  31
2413 2907 1021  31
2555 2188 2331  31
2486 2319 2556  31
2215 2838 2762  31
3005 2009 2924  31
3005 2464 2557  31
1940 2071 2558  31
2558 2135 860  31
2532 2467 2559  31
2559 2987 2317  31
2142 2731 2560  31
2684 2437 2065  31
2102 2649 2644  31
2649 2102 2175  31
2562 2514 2349  31
2349 1933 2562  31
2641 2496 2140  31
2182 2405 2563  31
2105 2883 2533  31
2564 2513 2220  31
3017 2635 2568  31
2370 2568 2344  31
2851 2685 2234  31
2812 3080 2348  31
3025 2526 2019  31
2019 2369 2567  31
2635 3048 2344  31
2568 2687 2565  31
385 386 2569  31
2569 2879 2157  31
2570 1011 1012  31
1012 1013 2570  31
2571 2092 2195  31
2571 2808 2687  31
2572 2922 2339  31
2572 2805 1903  31
1898 2994 2077  31
2786 2583 2573  31
2574 288 1949  31
2574 2416 2483  31
2575 2668 1962  31
2575 2022 2434  31
2576 1972 1905  31
1905 2224 2576  31
3049 2339 2536  31
2842 3049 2681  31
2256 3082 2471  31
2393 3015 1919  31
2809 3071 2328  31
2578 3082 2256  31
2185 2809 2328  31
2579 2580 3082  31
3016 157 2581  31
157 3016 156  31
2346 1975 2582  31
2582 177 178  31
2583 2091 2573  31
2444 2786 2381  31
2469 2788 2179  31
3074 2173 2800  31
2675 868 1916  31
2041 2958 2216  31
2586 2274 2378  31
2466 2917 2355  31
2757 1947 2855  31
2587 2947 2781  31
2588 2805 2013  31
2588 501 502  31
2942 783 2427  31
2385 3076 2272  31
2697 2609 2590  31
2422 2826 2139  31
2591 2792 2184  31
2591 2810 2211  31
2592 2995 221  31
2592 222 2316  31
2593 2925 2103  31
2103 1980 2593  31
2408 2087 2594  31
2594 2434 2216  31
2273 3072 3054  31
2595 1972 1984  31
2596 1948 2018  31
2596 2236 2163  31
2769 2597 2612  31
2597 2679 2244  31
2598 2443 1189  31
1189 1190 2598  31
2599 2115 2162  31
2599 2823 2180  31
2334 2037 2600  31
2776 2554 2258  31
2601 1946 320  31
320 321 2601  31
2602 2534 2327  31
2979 2899 2602  31
2603 2952 1999  31
2603 496 497  31
2474 2181 2604  31
2604 207 2525  31
2605 2546 2118  31
2118 2102 2605  31
2436 2601 2606  31
2606 322 2079  31
2758 2697 2607  31
2607 2697 2590  31
2608 2395 2531  31
2531 2009 2608  31
2191 2697 2119  31
2191 2531 2609  31
2730 2931 2848  31
2610 2056 2192  31
2308 1183 2611  31
2611 1184 2124  31
2597 2769 2284  31
2597 2453 2612  31
2370 2905 2687  31
2613 2236 2018  31
2469 2384 2614  31
2614 2472 2173  31
3080 558 559  31
2615 2946 2313  31
2616 483 1902  31
2014 2773 2010  31
2884 2049 1928  31
2617 2221 2124  31
2642 92 1914  31
2618 281 2389  31
2433 2336 2619  31
2619 2345 2085  31
2279 2324 2620  31
2620 2627 1964  31
2621 2118 2546  31
2621 2226 2485  31
2173 2472 2622  31
2758 2607 2267  31
2623 2001 231  31
231 232 2623  31
2354 2205 2624  31
2251 2624 2835  31
576 577 2625  31
2625 2368 1957  31
2626 2015 277  31
2626 278 2050  31
2627 2620 2324  31
2324 2584 2627  31
341 2715 340  31
2628 342 2110  31
2629 2606 2079  31
2079 2096 2629  31
2630 2122 2482  31
2482 2378 2630  31
2631 2191 1971  31
2631 1909 2007  31
2632 631 632  31
632 633 2632  31
2556 2818 2486  31
2633 2215 2052  31
2634 2743 2608  31
2634 699 700  31
2635 2344 2568  31
2635 3017 2476  31
2636 3061 1943  31
2095 2636 2726  31
2990 2832 2637  31
2832 2901 2438  31
2243 2950 2921  31
2638 2816 1911  31
2233 2710 2639  31
2639 2710 2115  31
1176 2830 1175  31
2058 2789 2538  31
2940 2678 2668  31
2563 2940 2182  31
3062 2960 2642  31
2642 90 91  31
2643 1081 2491  31
2491 2126 2643  31
2561 2510 2644  31
2644 2170 2102  31
2645 2185 2328  31
2328 3059 2645  31
2507 2076 2646  31
2774 2097 2479  31
2647 2240 1954  31
1954 2173 2647  31
2320 2098 2648  31
2648 2470 2147  31
2649 2483 1970  31
1970 2561 2649  31
2824 2699 2207  31
2650 1957 2473  31
2651 2548 1931  31
2651 2756 2059  31
2015 2729 2106  31
2015 2626 2652  31
2953 2738 2653  31
2653 2738 2166  31
2454 2974 2004  31
3032 2332 2390  31
2655 2260 2386  31
2655 2543 1936  31
2080 2186 2656  31
2656 228 229  31
2362 2196 2657  31
2657 2580 2579  31
2453 2597 2658  31
2658 2244 2463  31
2889 2659 2701  31
2928 2659 2724  31
2672 2906 1932  31
3063 2225 3004  31
2258 2554 2661  31
3034 2963 2430  31
2205 2835 2624  31
2764 2662 2669  31
2954 2612 2686  31
2663 471 472  31
2664 2598 1191  31
1191 1192 2664  31
2665 2322 2310  31
2678 2940 2665  31
2218 2535 2666  31
2666 2550 2174  31
2667 2655 1936  31
1912 2824 2650  31
2668 2678 1890  31
2668 2575 2182  31
2669 2791 2003  31
2662 2764 1946  31
879 880 2670  31
2670 881 2440  31
3073 2671 2946  31
2765 2295 1963  31
1932 2660 2672  31
2672 2713 2277  31
2673 2676 2351  31
2351 2269 2673  31
2674 2440 2541  31
2674 2034 1894  31
2585 2323 2675  31
2675 866 867  31
2676 2206 2372  31
2168 2955 2767  31
2714 2618 2389  31
2423 2740 2621  31
2678 2095 2439  31
2439 1890 2678  31
1959 2894 2003  31
1959 2244 2679  31
2157 2123 2680  31
2807 384 1990  31
2529 3049 2536  31
2123 2681 2757  31
2419 2656 2682  31
2682 229 230  31
2683 2045 1993  31
2683 2048 2234  31
2156 3046 2731  31
3046 2496 2178  31
2241 2033 2685  31
2685 2252 2234  31
2686 2453 2407  31
2407 2663 2686  31
2808 2195 2504  31
2687 2568 2370  31
2454 2654 2688  31
2688 1920 2364  31
2876 2403 2414  31
2072 2002 2689  31
1982 2358 2690  31
2690 2738 2204  31
2182 2575 2691  31
2691 2434 2087  31
2692 329 330  31
2692 3012 2047  31
2693 2834 1920  31
1920 2834 2364  31
2340 2212 2694  31
2694 2429 2116  31
2095 2827 2636  31
2095 2678 2695  31
2804 96 97  31
2696 280 2055  31
2697 2758 2326  31
2326 2119 2697  31
2760 3006 2698  31
2296 3006 2235  31
2699 2824 2480  31
2699 2432 1998  31
2527 2152 2700  31
2700 1015 1016  31
2889 1969 2659  31
2701 2379 2231  31
2702 551 2074  31
2074 2048 2702  31
2703 2496 2156  31
2156 2365 2703  31
2704 2447 1929  31
1929 2056 2704  31
2284 2292 2705  31
2705 2733 2239  31
2137 2814 2798  31
2706 2595 1984  31
2945 628 629  31
2513 2487 2707  31
2708 2028 2448  31
2388 2955 2372  31
2976 2223 1985  31
2104 2458 2709  31
2162 2115 2710  31
2710 1998 2432  31
2711 3056 2857  31
2857 1162 2371  31
2712 2737 2452  31
2452 2248 2712  31
2713 2742 2277  31
2713 1956 2360  31
2714 2740 2677  31
2714 2811 2509  31
2715 2936 340  31
2715 341 2628  31
1950 2914 2552  31
1950 2023 2716  31
2717 2666 2174  31
2717 2377 2227  31
2291 2282 2718  31
2718 2391 2125  31
2719 116 117  31
117 2100 2719  31
2720 2396 1929  31
1929 2040 2720  31
2498 2853 2155  31
2721 2803 2428  31
2037 2776 2600  31
2411 2959 2145  31
2148 2150 2723  31
2723 1917 2107  31
1958 2951 1169  31
1958 2502 2724  31
3023 2604 2985  31
2382 2985 2525  31
2446 2938 2799  31
2726 2114 2095  31
2727 2893 2200  31
2727 1030 1031  31
2152 2527 2728  31
2759 2882 2486  31
2729 2015 2652  31
2919 2135 2071  31
2320 2648 2730  31
2931 2648 2147  31
2684 2560 2731  31
2731 2053 2156  31
2732 2522 2524  31
2524 2321 2732  31
2733 395 2064  31
2733 2705 2292  31
2734 2932 2450  31
2450 2937 2734  31
332 2852 331  31
2735 333 2334  31
2396 2418 2736  31
2736 3022 2384  31
2997 2982 2020  31
2737 2470 2098  31
2738 2953 2204  31
2738 2690 2358  31
2739 1900 2414  31
2414 2428 2739  31
2740 2714 2389  31
2740 2856 2118  31
2741 1897 1893  31
2361 2741 2920  31
1942 2132 2742  31
2742 2086 2277  31
2743 2501 2395  31
2395 2608 2743  31
2744 2523 2798  31
2596 2814 2319  31
2745 2093 2176  31
2745 2033 2241  31
2365 2053 2746  31
2746 174 175  31
2846 2403 2383  31
3051 2317 2987  31
2748 2588 2013  31
2013 2172 2748  31
2749 324 325  31
2492 3026 2511  31
11 153 2750  31
2750 2477 2353  31
2751 2041 2261  31
2751 2522 2435  31
2752 2947 2587  31
2752 2875 2222  31
2753 2581 2543  31
2543 2655 2753  31
2035 2913 2133  31
2754 723 2155  31
2489 2963 2294  31
2489 2249 2755  31
2756 1912 2473  31
2473 2059 2756  31
2757 2529 1947  31
2123 2855 2680  31
2267 2622 2758  31
2758 2472 2326  31
2759 2818 2728  31
2759 2331 2008  31
2784 1913 2478  31
2760 216 217  31
1001 1002 2761  31
2761 2877 2077  31
2762 2374 2643  31
2762 2126 2215  31
2763 2097 2424  31
2424 2508 2763  31
2764 2031 318  31
318 319 2764  31
1963 2671 2765  31
490 2908 489  31
2766 2036 2314  31
2314 1899 2766  31
2388 2708 2767  31
2767 2448 2168  31
2244 2801 2463  31
2768 1959 2228  31
2769 1943 2456  31
2769 2930 2284  31
857 858 2770  31
2770 859 2135  31
2771 2983 2143  31
2143 2089 2771  31
2332 3032 2772  31
3032 2188 1995  31
2359 2010 2773  31
2773 2014 2616  31
2774 2878 1935  31
1935 2646 2774  31
2172 2409 2775  31
2775 2603 2183  31
2258 2600 2776  31
2776 2959 2722  31
2667 2331 2777  31
2777 2454 2004  31
2778 2052 1938  31
2778 1088 2304  31
2779 3037 2471  31
2779 3082 2580  31
2246 2330 2780  31
2780 2094 2341  31
2587 2873 2875  31
2286 2947 2252  31
2619 2085 2782  31
2161 2782 2865  31
2783 180 181  31
2904 2346 2783  31
2784 2393 2400  31
2400 2760 2784  31
2785 2379 2366  31
2785 2230 2000  31
2786 1898 2219  31
2219 2381 2786  31
2084 2954 2686  31
2787 475 476  31
2788 2469 2584  31
2880 2730 2848  31
2789 3001 2538  31
2789 2058 2640  31
2790 2607 2497  31
2497 2011 2790  31
2791 1959 2003  31
2791 2669 2062  31
2792 2591 2067  31
2792 2654 2390  31
2793 2905 2613  31
2613 2018 2793  31
1027 1028 2794  31
2794 2893 2772  31
2224 1905 2795  31
2795 227 2186  31
2796 557 2280  31
2796 3030 555  31
2797 2106 2104  31
2104 2484 2797  31
2967 2394 2488  31
2744 2814 2596  31
2612 2954 2938  31
2799 2075 2446  31
2173 1954 2800  31
2800 3029 2520  31
2801 2244 2768  31
2768 2043 2801  31
2802 1986 2243  31
2232 2915 2082  31
727 728 2803  31
2803 2739 2428  31
2804 1939 2338  31
2338 2696 2804  31
2805 2572 2577  31
2577 2013 2805  31
3001 1180 2169  31
2806 2259 2237  31
2926 382 383  31
2807 1990 2680  31
2808 2136 2565  31
2565 2687 2808  31
2328 3071 2526  31
2809 2779 2580  31
2810 2591 2184  31
2556 2810 2838  31
2426 3052 2100  31
2811 2714 2677  31
2348 2566 2812  31
2812 2796 2280  31
2813 776 2197  31
2197 2962 2813  31
2814 2137 2706  31
2814 3028 2319  31
2934 345 346  31
346 347 2815  31
2816 2638 2243  31
2243 1986 2816  31
2121 2644 2817  31
2817 2510 1009  31
2728 2818 3038  31
2818 2759 2486  31
2819 852 2209  31
2209 2025 2819  31
2713 2973 2742  31
2713 2360 2820  31
2821 1938 2052  31
2821 2215 2126  31
2519 2190 2822  31
2822 2340 2129  31
2823 2599 2162  31
2162 2506 2823  31
2824 1912 2667  31
2667 1936 2824  31
2716 2023 2825  31
2825 2108 2315  31
2590 2609 2826  31
2826 2395 2139  31
2695 2310 2827  31
2827 2167 2636  31
2693 2419 2828  31
2828 2093 2745  31
2674 2961 2440  31
2674 1894 2829  31
2830 2789 2640  31
2830 2547 2202  31
2831 2382 2278  31
2831 210 2412  31
2438 2637 2832  31
2832 2148 2723  31
2833 2621 2485  31
2485 2113 2833  31
2828 2745 2834  31
2950 2638 2364  31
2835 2669 2662  31
2835 2111 2251  31
3007 2455 2732  31
933 2866 932  31
2809 2580 2837  31
2837 2657 2196  31
2838 2318 2762  31
2838 2215 2556  31
2839 2151 1913  31
1913 2888 2839  31
1895 1942 2840  31
2840 2820 2167  31
2144 2841 2891  31
2841 2464 2231  31
2842 2493 2172  31
2172 2013 2842  31
2519 2542 2843  31
2843 943 944  31
2844 14 381  31
381 2537 2844  31
2653 2166 2845  31
2845 2165 2196  31
2383 2747 2846  31
2853 2498 2721  31
2847 1164 1165  31
2847 1166 1969  31
2610 2931 2054  31
2610 2788 2848  31
2281 2934 2815  31
2281 2306 2849  31
2117 2919 2652  31
2025 2500 3047  31
2851 2234 2566  31
2915 2921 2851  31
2852 332 2735  31
2852 2314 2047  31
2913 2035 2754  31
2754 2155 2853  31
2854 1988 2027  31
2854 2506 2072  31
2855 2926 2807  31
2855 2123 2757  31
2856 283 284  31
2856 2175 2102  31
2371 2711 2857  31
2857 3056 2109  31
2766 3036 2518  31
2858 1899 2661  31
2859 335 336  31
336 1891 2859  31
2146 3011 1918  31
2860 2528 2024  31
2928 2202 2547  31
2785 3003 2230  31
2171 1985 2862  31
2862 792 793  31
2863 2989 2253  31
2863 807 808  31
2864 779 2016  31
2016 2589 2864  31
2865 2085 1981  31
2999 2036 2518  31
2866 931 932  31
2866 933 2836  31
2867 182 183  31
2867 2189 2307  31
2499 2605 2868  31
1014 2970 1013  31
2869 1078 1079  31
2869 1080 2643  31
2870 2066 2268  31
2268 2555 2870  31
3059 2526 1992  31
2899 2000 2602  31
2823 2506 2872  31
2872 2854 2027  31
233 234 2873  31
2873 2587 2781  31
2874 699 2634  31
2634 3042 2874  31
2875 235 2399  31
2875 2752 2587  31
2876 2130 2072  31
2072 2689 2876  31
2877 2305 1951  31
2877 2761 1003  31
2878 279 2128  31
2128 1935 2878  31
2157 2886 1926  31
2879 386 387  31
2880 2788 2584  31
2584 2324 2880  31
2084 2787 2881  31
2881 2939 2799  31
2882 2793 1948  31
1948 2486 2882  31
2883 2854 2549  31
2549 2533 2883  31
2884 2423 2311  31
2311 2617 2884  31
2885 2497 2607  31
2607 2590 2885  31
2886 2157 2879  31
2906 2277 2086  31
2887 2795 2186  31
2887 2080 2325  31
2888 2350 2839  31
2888 1913 2698  31
2701 2009 2889  31
3056 2711 1921  31
2890 2444 2381  31
2890 1897 2327  31
2247 3029 2153  31
2891 2298 2144  31
2892 316 317  31
317 2031 2892  31
2893 2727 2332  31
2332 2772 2893  31
2894 2679 2239  31
2894 2892 2031  31
2895 2825 2023  31
2023 2307 2895  31
2896 2606 2629  31
2629 2213 2896  31
2897 2425 2333  31
2032 2989 2375  31
2898 2212 951  31
2898 2217 2429  31
2899 2979 2871  31
2410 2899 2900  31
2900 3059 1992  31
2410 2977 2620  31
2012 2438 2901  31
2901 2832 2107  31
223 224 2902  31
2902 1972 2273  31
2903 2629 2096  31
2096 2749 2903  31
2904 2783 2867  31
2867 2307 2904  31
2905 2571 2687  31
2905 2370 2613  31
3018 1926 2886  31
3008 2906 2918  31
1019 3020 1018  31
1020 3020 1019  31
2908 490 2765  31
2765 2671 2908  31
2909 2654 2067  31
2909 2887 2325  31
2362 2657 2910  31
2910 3055 2478  31
2911 1072 2094  31
2094 2332 2911  31
2912 2220 2632  31
2912 633 634  31
2913 2846 2747  31
2747 2133 2913  31
2816 1986 2914  31
2914 1950 2716  31
2566 2348 2915  31
2915 2232 2802  31
2916 2831 2412  31
2412 2134 2916  31
2586 2378 2917  31
2917 2056 2355  31
2918 387 388  31
2906 3008 1932  31
2919 2071 2729  31
2729 2652 2919  31
2920 1893 2081  31
2920 2420 2361  31
2241 2950 2834  31
2241 2851 2921  31
2045 2339 2922  31
2922 544 545  31
2923 2398 2494  31
2494 2888 2923  31
2009 3005 2608  31
2009 2701 2924  31
2288 2342 2925  31
2925 2245 2103  31
2222 2537 2926  31
2926 383 2807  31
2927 2884 2617  31
2617 2124 2927  31
2861 2366 2928  31
2928 2724 2502  31
3039 2907 2870  31
2555 2331 2929  31
2193 2225 2930  31
2930 2292 2284  31
2931 3040 2054  31
2931 2610 2848  31
2450 2969 2948  31
2932 2438 2012  31
2933 2722 2411  31
3067 2734 2937  31
346 2815 2934  31
2934 2849 2122  31
2935 3033 2335  31
2335 428 2935  31
339 340 2936  31
2936 2715 2150  31
2937 2450 2271  31
2517 3041 2120  31
2799 2954 2881  31
2938 2446 2726  31
476 477 2939  31
2939 2075 2799  31
2940 2563 2641  31
2641 2665 2940  31
1950 2552 2941  31
2941 2099 1895  31
2942 3076 2589  31
2942 781 782  31
2849 2306 2943  31
2149 3000 2484  31
2009 2631 2944  31
2944 2203 2109  31
2945 1966 2513  31
2513 2707 2945  31
2671 3073 2908  31
2946 2357 2313  31
2947 2286 2781  31
2947 2752 1947  31
2271 2450 2948  31
2948 2969 2020  31
2949 804 805  31
2949 806 2253  31
2364 2834 2950  31
2950 2241 2921  31
2951 1167 1168  31
2951 1958 2724  31
2005 1999 2952  31
2952 2409 1968  31
2953 2653 2282  31
2282 2291 2953  31
2954 2084 2881  31
2954 2799 2938  31
2288 2676 2955  31
2955 2388 2767  31
2956 2746 176  31
2956 2582 1975  31
2957 2517 2120  31
2957 2475 2489  31
2585 1916 2958  31
2958 2363 2216  31
2037 2859 2959  31
2959 2411 2722  31
89 90 2960  31
2960 3062 2618  31
2961 2691 2544  31
2440 3075 2670  31
2962 2197 2290  31
2962 2414 1900  31
2963 3034 2294  31
2963 2489 2755  31
2885 2590 2964  31
2964 2826 2422  31
2965 1026 2352  31
2352 2154 2965  31
2966 2986 2872  31
2872 2027 2966  31
2137 3021 3072  31
2137 2798 2967  31
2968 3048 2387  31
2968 2717 2227  31
2932 2470 2969  31
2969 2737 2020  31
2570 1013 2970  31
2970 1014 2868  31
2971 17 271  31
271 1989 2971  31
2972 2995 2592  31
2967 3021 2137  31
1942 2742 2973  31
2973 2713 2820  31
2974 2454 2688  31
2688 2364 2974  31
2975 2800 1954  31
2975 643 644  31
2976 2484 2104  31
2104 2709 2976  31
2900 2367 2977  31
2977 2279 2620  31
2978 1954 2240  31
642 2984 641  31
2979 2327 2741  31
2741 2361 2979  31
2980 2554 2933  31
2980 3067 2937  31
2203 2049 2981  31
2049 2598 2981  31
2982 2369 2166  31
2982 2358 2020  31
2983 801 802  31
2983 803 2333  31
2984 642 2978  31
2978 2240 2984  31
2604 2525 2985  31
2985 2382 2725  31
2986 2180 2823  31
2823 2872 2986  31
2437 2684 2987  31
2317 3051 2383  31
1988 2883 2988  31
2988 2564 2220  31
2989 2949 2253  31
2989 2863 2375  31
2990 2411 2145  31
2990 2088 2148  31
2991 338 339  31
2991 2150 2148  31
559 560 2992  31
2992 3024 2615  31
327 328 2993  31
2993 2309 1983  31
2994 2761 2077  31
2994 1898 2573  31
220 221 2995  31
2995 2972 2302  31
2218 2415 2996  31
2996 1973 1915  31
2020 2737 2997  31
2997 2712 2567  31
998 999 2998  31
2998 2069 2091  31
2999 2024 2161  31
2161 2865 2999  31
3000 273 274  31
3000 2797 2484  31
3001 2169 2806  31
2806 2538 3001  31
3002 2446 2010  31
3002 2251 2111  31
2070 2230 3003  31
3003 2785 2861  31
2225 3063 391  31
2225 2193 3004  31
3005 2557 2874  31
3005 2874 3042  31
217 218 3006  31
3006 2296 2698  31
2866 2836 3007  31
3007 2732 2321  31
2918 388 3008  31
3008 389 1932  31
3009 2709 1940  31
3009 862 863  31
3010 2350 2550  31
2550 2141 3010  31
3011 2146 2860  31
3011 3036 2430  31
3012 2692 330  31
330 331 3012  31
3013 2953 2291  31
2535 3065 2141  31
3014 2628 2466  31
2466 1917 3014  31
2578 1930 3015  31
3015 214 1919  31
3016 155 156  31
3016 2581 2753  31
3017 2136 2199  31
3017 2073 2476  31
3018 2918 2906  31
2906 2086 3018  31
2812 2566 3019  31
3019 2048 2515  31
1018 3043 1017  31
3020 1020 2907  31
3021 2967 2972  31
2273 3054 2316  31
3022 2032 2562  31
2562 1933 3022  31
2219 2416 3023  31
3023 2985 2725  31
2946 2615 3024  31
3024 25 487  31
2019 2712 3025  31
3025 2367 1992  31
3026 325 326  31
326 2511 3026  31
777 778 3027  31
3027 2864 1925  31
3028 2814 2706  31
3028 2211 2810  31
3029 2800 2153  31
3029 2247 2891  31
3030 553 554  31
554 555 3030  31
2868 2605 3031  31
2605 2170 3031  31
2654 2454 3032  31
3032 1995 2772  31
3033 2658 2463  31
2463 2335 3033  31
2661 2554 3034  31
3034 2517 2294  31
3078 113 2490  31
3078 2191 2461  31
3036 2024 2518  31
3036 2766 2858  31
2420 2920 3037  31
3037 2916 2471  31
3038 2633 2778  31
3038 2152 2728  31
3039 2870 2555  31
2555 2929 3039  31
3040 2107 2505  31
3040 2931 2147  31
3041 2131 2120  31
3041 2980 2937  31
3042 2634 2608  31
2608 3005 3042  31
3020 3039 3043  31
3043 2527 2700  31
3044 86 87  31
3044 2960 2618  31
2904 2307 3045  31
3045 1950 2406  31
2178 2747 3046  31
3046 2684 2731  31
3047 2850 2919  31
3047 2117 2025  31
2744 2163 3048  31
3048 2635 2387  31
3049 2529 2681  31
3049 2842 2577  31
3050 2975 645  31
645 646 3050  31
2987 2684 3051  31
3051 3046 2747  31
1909 2719 3052  31
3052 2426 2811  31
1892 2263 3053  31
3053 1976 2099  31
3054 2972 2592  31
2592 2316 3054  31
3055 2657 2579  31
3055 2578 2393  31
3056 2009 2944  31
2944 2109 3056  31
2245 2563 3057  31
3057 2405 2829  31
3058 718 719  31
3058 2035 2029  31
3059 2899 2871  31
2871 2645 3059  31
3060 2087 2408  31
2408 2457 3060  31
3061 2820 2456  31
2456 1943 3061  31
2055 281 3062  31
281 2618 3062  31
3063 1932 390  31
390 391 3063  31
3064 393 2292  31
3064 2930 2225  31
3013 2291 3065  31
3065 2718 2141  31
3066 2551 2149  31
3066 2484 1985  31
3067 2980 2933  31
3067 2411 2637  31
3068 1962 2903  31
2903 2749 3068  31
572 573 3069  31
3069 2207 2699  31
3070 2267 2790  31
2790 2285 3070  31
2837 2165 3071  31
3071 2019 2526  31
3072 2273 2595  31
3072 2706 2137  31
3073 3024 488  31
3073 489 2908  31
3074 2469 2614  31
3074 2800 2520  31
3075 1979 878  31
878 879 3075  31
1901 2272 3076  31
3076 2385 2589  31
1902 2030 3077  31
3077 2354 2624  31
2461 3035 3078  31
3078 2490 1971  31
2627 2584 3079  31
3079 3074 2520  31
3080 2992 2615  31
2615 2348 3080  31
3081 2062 2442  31
3081 2460 1910  31
3082 2779 2471  31
3082 2578 2579  31
3866 3475 3406  32
4111 3268 3490  32
3775 613 3350  32
3243 3984 3109  32
1093 4076 1092  32
3971 3625 3870  32
3235 4164 3768  32
367 3457 3255  32
4233 988 3576  32
3281 983 984  32
3584 682 683  32
965 3223 3212  32
4109 1228 1229  32
1210 3373 1209  32
3385 3784 3192  32
687 3228 686  32
1128 3612 1127  32
3871 3356 3698  32
3651 3531 3326  32
3890 3124 3517  32
4247 303 304  32
3130 3870 3625  32
1157 3920 3253  32
3411 3826 3467  32
3152 3282 3269  32
665 3117 664  32
373 3969 3947  32
3898 4246 3195  32
890 3514 889  32
3683 4158 3218  32
4088 3551 3408  32
4068 3772 3117  32
3481 3334 913  32
3418 3933 3916  32
3186 767 768  32
763 4240 762  32
460 4211 3164  32
3363 1114 1115  32
1096 3903 4013  32
3544 3301 3203  32
3877 4092 3927  32
409 4119 408  32
457 3114 456  32
758 3123 40  32
620 3480 619  32
3685 3205 3849  32
3887 3451 533  32
4242 3181 3534  32
4106 3394 3298  32
265 3393 3149  32
312 4073 311  32
997 3784 996  32
3942 4036 313  32
4079 3166 3811  32
16 3942 314  32
3211 308 309  32
3211 4186 3842  32
977 4217 976  32
3950 1223 3474  32
4217 4114 3567  32
3966 3312 3794  32
1223 3950 1222  32
3286 4229 3124  32
3132 3604 3235  32
245 3718 3446  32
3106 3683 3218  32
3769 3905 3690  32
241 3976 3151  32
3924 4073 4036  32
3581 4146 3267  32
975 3567 974  32
3372 4114 3905  32
3522 1197 1198  32
1225 3427 1224  32
4132 4020 3639  32
3622 3270 3329  32
1197 3161 1196  32
3212 964 965  32
973 3372 972  32
3705 3179 3254  32
1199 3682 3522  32
3681 3693 3682  32
3083 997 51  32
3153 3943 3661  32
3083 3740 3705  32
1136 3862 3767  32
990 3576 989  32
995 3385 994  32
3784 3385 995  32
993 3509 992  32
992 3331 991  32
307 3620 306  32
987 4233 3409  32
3441 4073 3811  32
986 3409 985  32
992 3509 3331  32
988 4233 987  32
982 3172 981  32
3539 3436 3172  32
3281 982 983  32
982 3281 3172  32
3842 3620 307  32
3576 988 989  32
1147 4247 1146  32
3619 1139 3216  32
1146 4247 1145  32
1208 3930 3843  32
1134 4153 1133  32
4205 1132 4153  32
4153 1134 3352  32
3373 4069 3102  32
3843 1206 1207  32
1210 4069 3373  32
1132 4205 1131  32
64 3946 1212  32
244 3446 3245  32
1218 3518 1217  32
1217 3518 1216  32
4162 3384 3801  32
3425 675 676  32
3460 3257 1214  32
3257 3460 3139  32
3295 1218 1219  32
3305 4149 4091  32
1226 3427 1225  32
971 3589 970  32
3949 3824 3639  32
1220 3343 3295  32
1227 3982 1226  32
973 3567 3372  32
3627 3474 3563  32
3681 3943 3508  32
1202 3691 3681  32
1202 3681 1201  32
3107 1137 1138  32
964 3736 963  32
3179 3329 3254  32
3736 3223 3179  32
1197 3522 3161  32
966 3338 3223  32
4109 3982 1228  32
968 3589 3338  32
3188 3843 3661  32
4010 686 3228  32
3140 3643 3192  32
1135 3767 3352  32
1139 3619 3107  32
3740 3083 960  32
1139 3107 1138  32
4147 3153 3352  32
3557 1142 1143  32
1141 3557 3216  32
3216 1139 1140  32
1143 3806 3557  32
3557 1141 1142  32
1152 302 1151  32
303 1147 1148  32
4247 1147 303  32
302 1153 301  32
1149 303 1148  32
303 1150 302  32
299 3889 298  32
1151 302 1150  32
1150 303 1149  32
3173 3970 689  32
3471 4084 4054  32
3272 3751 3210  32
3779 838 3220  32
838 3779 837  32
4202 1160 3818  32
4029 660 661  32
3818 59 3612  32
3920 4202 3731  32
3816 4082 4145  32
3991 4003 300  32
3360 1154 1155  32
3872 3526 3697  32
301 3360 3991  32
3360 1153 1154  32
697 3999 3349  32
660 3999 35  32
3650 3981 3901  32
3300 4089 4068  32
825 4099 824  32
3134 3717 3293  32
691 3607 3173  32
4107 3607 693  32
693 3607 692  32
695 4107 694  32
3612 1128 3219  32
696 3349 3304  32
3349 696 697  32
3999 3993 3349  32
3156 4014 3742  32
3946 3963 3102  32
1130 4205 3219  32
4054 4162 3801  32
3197 3801 3384  32
36 3425 676  32
3584 4200 3354  32
682 3584 3354  32
689 3970 688  32
691 3173 690  32
687 3970 3228  32
3970 3173 3454  32
670 3764 669  32
666 3702 665  32
368 4201 3457  32
667 3300 666  32
672 3918 671  32
3517 3124 3918  32
3460 1214 1215  32
675 3891 674  32
3891 3918 673  32
673 3918 672  32
3384 4162 3540  32
823 3717 822  32
3969 3923 3947  32
817 4246 816  32
3708 3092 3455  32
3520 3902 3297  32
827 3778 826  32
3923 3089 3193  32
3708 3902 3092  32
662 4029 661  32
662 3648 3369  32
822 3134 821  32
44 3156 828  32
828 3156 827  32
664 3648 663  32
3778 3222 4099  32
3786 844 845  32
846 3826 3786  32
836 3779 3751  32
4202 1158 1159  32
833 4014 832  32
4014 3156 44  32
3731 3818 3479  32
3998 3611 3210  32
844 3291 843  32
4039 3291 3413  32
3220 838 839  32
842 4039 841  32
3220 4042 3779  32
3291 842 843  32
814 4022 813  32
812 4174 43  32
848 3826 847  32
815 4246 3898  32
4246 815 816  32
3748 3087 3097  32
3291 3786 3411  32
4022 814 3898  32
3087 3748 3342  32
4174 3826 848  32
3786 3291 844  32
296 3097 295  32
3902 3126 3092  32
3126 3520 3103  32
3201 379 4081  32
4081 292 3578  32
379 3201 378  32
3902 3520 3126  32
18 4081 379  32
4101 3193 3759  32
369 4201 368  32
4234 3276 4045  32
3290 3158 3445  32
3802 3208 3205  32
3504 3111 3136  32
765 766 3111  32
4240 761 762  32
766 3961 3111  32
3190 4214 4127  32
3961 766 767  32
3224 769 770  32
3438 3931 3654  32
3488 3984 3261  32
4141 737 3660  32
3608 4239 4044  32
909 3652 3246  32
3481 3672 3334  32
4239 3224 771  32
3364 1113 1114  32
3675 4113 744  32
1116 3363 1115  32
744 4113 743  32
3109 3112 3675  32
3115 758 759  32
749 4031 748  32
752 4232 751  32
3855 749 750  32
758 3287 3123  32
584 3529 583  32
3243 4031 3855  32
4031 3675 747  32
742 4113 3570  32
4232 3123 4038  32
3570 3960 740  32
3183 3162 3280  32
3532 3937 3733  32
3328 4133 3510  32
900 4230 899  32
1122 3592 3513  32
3570 4113 3099  32
3488 4129 3888  32
4113 4159 3099  32
3488 4159 3112  32
3592 1122 1123  32
899 3162 898  32
57 3532 1125  32
894 3378 3347  32
4230 3162 899  32
3162 4230 3280  32
4197 3513 3888  32
4230 901 3953  32
4080 893 3347  32
891 4080 3440  32
891 3440 890  32
3378 894 895  32
893 4080 892  32
3926 3251 3131  32
3448 3781 920  32
3339 886 887  32
918 4048 917  32
3221 3194 3448  32
3428 3301 3144  32
3734 888 3514  32
3679 3340 3229  32
3875 4126 4122  32
886 3339 3209  32
922 3448 921  32
4150 4199 3250  32
3186 768 769  32
3580 4208 4018  32
3396 3838 3565  32
914 4117 3481  32
4239 3464 3224  32
913 3334 912  32
39 4141 3233  32
3580 3868 3265  32
3660 4163 4141  32
909 3246 908  32
4097 3672 3191  32
4018 3827 3387  32
738 3960 3660  32
3936 3613 4173  32
908 3274 907  32
907 3274 3240  32
3279 895 896  32
4048 3781 3431  32
3781 4048 918  32
353 4104 352  32
886 3209 47  32
3301 3340 3203  32
3229 3340 358  32
3601 3383 3145  32
436 4006 435  32
438 3680 437  32
3189 3881 3489  32
466 3659 465  32
408 3098 407  32
3864 3873 3122  32
3641 3231 3355  32
348 412 20  32
411 3864 3766  32
4034 3485 3324  32
3832 4227 3910  32
4006 434 435  32
4024 3231 4012  32
437 3680 436  32
3465 3776 23  32
3465 4006 3655  32
3150 3831 3655  32
3465 23 433  32
468 3776 3383  32
3776 468 469  32
3383 466 467  32
466 3383 3196  32
4024 3610 3955  32
440 3955 439  32
3306 3766 3318  32
443 3944 3320  32
4012 3105 3610  32
408 4119 3098  32
3666 4086 3944  32
4086 3231 3944  32
446 3666 445  32
3659 464 465  32
3713 4087 3760  32
4096 3476 3096  32
1228 3982 1227  32
968 3338 967  32
464 4060 463  32
3562 4241 3881  32
4211 460 461  32
407 4017 406  32
4119 4098 3098  32
3859 3336 3357  32
3658 3737 3723  32
448 3737 3202  32
3737 3666 3202  32
456 3848 455  32
3138 3753 3238  32
3937 57 1090  32
458 3114 457  32
459 3444 458  32
458 3444 3114  32
3853 3258 3382  32
3762 3989 3922  32
3238 4076 3170  32
3116 4013 3597  32
3534 515 516  32
3989 3762 3407  32
3492 3586 519  32
28 4183 523  32
4023 3289 3972  32
517 3586 3534  32
3259 4224 3451  32
3344 4115 3366  32
4023 3155 3289  32
519 3586 518  32
523 4183 522  32
3854 3899 3421  32
528 3346 527  32
529 3453 3346  32
529 3346 528  32
3822 3421 3094  32
522 3492 521  32
264 3171 263  32
531 4224 3895  32
530 531 3895  32
3393 265 266  32
4224 3453 3895  32
1051 3410 1050  32
3732 3084 3171  32
3810 3684 3696  32
542 3939 3908  32
540 3908 3365  32
3248 3989 3466  32
3389 3684 4168  32
3914 4168 3684  32
4023 400 401  32
514 3181 513  32
3116 1093 1094  32
3258 511 3552  32
512 3552 511  32
4076 1093 3116  32
510 4181 509  32
3307 3911 3165  32
507 3462 27  32
3462 4196 3939  32
4013 3116 1095  32
3956 3903 3804  32
3116 3597 3170  32
1095 3116 1094  32
593 3724 592  32
3896 4215 3241  32
592 3724 591  32
3364 1114 3363  32
3482 4218 3851  32
3264 3125 3184  32
3903 1098 3804  32
1099 3804 1098  32
3247 1041 1042  32
3952 4245 3807  32
1099 3807 3804  32
4077 3237 3967  32
252 3813 251  32
3381 1071 55  32
3547 3313 3499  32
3237 4077 3701  32
3692 3894 3574  32
3634 1037 1038  32
4120 3906 3348  32
3701 4120 3798  32
4138 3724 4160  32
3700 3812 3536  32
3275 3882 3812  32
3617 3669 3085  32
3085 593 594  32
1109 3700 58  32
3724 593 3085  32
590 4170 3129  32
588 589 3129  32
4138 3882 3200  32
4170 3200 3979  32
1109 3812 3700  32
590 3129 589  32
582 3529 3473  32
3473 31 582  32
3916 4240 3418  32
4215 3529 3241  32
3287 4038 3123  32
3473 620 31  32
3473 3480 620  32
585 3896 3241  32
3707 3129 3979  32
760 3916 3115  32
619 3480 618  32
617 3214 616  32
616 3214 3606  32
613 3775 612  32
610 4203 3483  32
3837 4009 3545  32
606 4077 3967  32
3787 4142 1057  32
3519 3921 3416  32
3537 3782 3434  32
4142 3787 3782  32
3973 3844 3294  32
3521 3266 3120  32
4190 607 608  32
4164 257 258  32
4106 4182 3394  32
3132 3235 3141  32
3662 3499 1065  32
3439 4074 3980  32
1070 3118 1069  32
1069 3738 1068  32
3403 3141 3262  32
4061 1062 3430  32
3108 3770 3095  32
1070 3381 3118  32
1037 3634 3121  32
3894 4167 3688  32
3160 1038 1039  32
1035 3496 55  32
1118 4197 4129  32
3513 4197 1120  32
3617 3792 3692  32
1037 3121 1036  32
55 3496 3381  32
3381 1070 1071  32
3390 4166 4156  32
536 3914 3168  32
3249 3317 3913  32
1040 3858 3160  32
3631 3125 3264  32
3420 3582 3439  32
3631 4194 3913  32
3247 3317 3249  32
3700 4026 3879  32
3858 1040 1041  32
1050 3840 1049  32
1046 4155 3667  32
1055 3266 56  32
56 3743 1051  32
3732 3789 3084  32
1048 3840 3310  32
3313 3362 3263  32
257 4164 3604  32
253 3227 3108  32
1060 4061 3537  32
254 4206 3227  32
3887 3168 3810  32
3840 1048 1049  32
261 3175 260  32
261 3747 3175  32
397 3511 3399  32
3716 4134 3822  32
268 3716 3094  32
3486 3344 3366  32
15 3399 269  32
51 960 3083  32
305 3806 304  32
262 4176 3747  32
3684 3380 3696  32
594 595 3085  32
3536 4026 3700  32
668 3300 667  32
3885 4243 4178  32
3828 3368 3663  32
377 4102 3841  32
59 3818 1161  32
3884 3876 3607  32
4101 3759 3143  32
372 3947 3561  32
4139 3206 4025  32
3821 3358 3174  32
362 3931 361  32
3445 4201 3424  32
820 3356 819  32
3616 3959 3568  32
3211 3842 308  32
3385 3509 993  32
267 3874 266  32
267 268 3094  32
3449 4144 4058  32
3813 3095 3788  32
3164 4211 3308  32
3459 3510 3402  32
293 3644 3578  32
294 295 3097  32
454 3877 453  32
3114 3444 3412  32
907 3240 906  32
740 3960 739  32
3521 3410 3266  32
3259 3696 3325  32
515 3181 514  32
515 3534 3181  32
4054 3801 3471  32
4069 3946 3102  32
3616 3568 3958  32
3293 3642 3236  32
618 3214 617  32
4240 3916 761  32
3864 4112 3873  32
4070 3641 3355  32
247 3583 246  32
3703 3106 3583  32
3452 3254 3329  32
3522 1198 1199  32
252 253 3108  32
3573 4222 3900  32
746 3675 745  32
747 3675 746  32
769 3224 3186  32
3214 3545 3350  32
3136 3961 3284  32
765 3504 764  32
4129 1116 1117  32
4159 4113 3112  32
4080 891 892  32
3301 3428 356  32
3176 3412 3370  32
3848 3877 454  32
759 760 3115  32
3593 3933 3752  32
3853 4196 3462  32
4121 1090 1091  32
3391 3839 3500  32
3695 3727 3553  32
1068 3738 1067  32
3483 4203 3303  32
3392 4151 3633  32
3780 4198 3686  32
3120 1055 1056  32
1056 4142 3120  32
1035 1036 3121  32
603 4123 32  32
349 3864 348  32
3320 441 442  32
752 40 3123  32
3856 3752 3933  32
671 4229 670  32
3332 3869 3543  32
1048 4155 1047  32
3317 3247 1043  32
4102 3376 3841  32
3419 4090 3468  32
3987 3986 3148  32
3671 3861 3821  32
3303 4223 3128  32
3214 3559 3545  32
3707 588 3129  32
588 3707 587  32
249 4226 248  32
3971 4237 3813  32
3781 3448 3194  32
359 4150 3229  32
3132 255 256  32
3147 3849 3505  32
3523 3296 3319  32
3251 3926 3621  32
820 821 3134  32
3839 3391 3225  32
1124 1125 3532  32
3135 3934 3733  32
3136 3458 3110  32
3504 765 3111  32
362 363 3137  32
3632 3127 3774  32
4227 3187 4067  32
3444 3863 3412  32
3963 4152 3242  32
1214 3257 1213  32
3842 3254 3620  32
3083 3784 997  32
3313 3547 3362  32
3416 4195 3262  32
3158 3290 3232  32
4231 4135 3315  32
3143 3912 3670  32
3959 3616 3198  32
3461 3754 3735  32
3711 354 355  32
4006 3465 434  32
3881 3150 3852  32
1113 3364 3275  32
3984 3488 3112  32
3095 3375 3154  32
3147 3968 3849  32
3917 4008 3704  32
3665 4158 3791  32
264 265 3149  32
3268 4111 3605  32
4241 3489 3881  32
3383 467 468  32
240 4130 239  32
240 241 3151  32
3088 4116 3612  32
835 3751 3272  32
3188 3943 3691  32
1206 3188 1205  32
3292 3625 4100  32
3292 4189 3472  32
3550 3829 3400  32
520 521 3492  32
3611 3815 3524  32
3283 3182 3515  32
3538 3195 3419  32
4022 4174 812  32
3710 3800 3599  32
3997 3406 3475  32
987 3409 986  32
309 3441 3211  32
1039 1040 3160  32
597 3617 596  32
63 4109 1229  32
63 1196 3161  32
897 3279 896  32
897 898 3162  32
4130 3924 3635  32
3653 3151 3976  32
3114 3412 3176  32
3164 459 460  32
508 4181 3853  32
3181 3552 513  32
311 3441 310  32
3163 3226 3151  32
3213 3974 3886  32
3463 3556 3142  32
535 3887 534  32
535 536 3168  32
3516 3438 3477  32
3621 3271 3251  32
3138 3832 3609  32
3832 3138 3238  32
3171 4176 263  32
3171 264 3149  32
4217 977 4177  32
981 3436 52  32
689 690 3173  32
3893 3173 3876  32
3990 3371 3954  32
3590 3780 3686  32
259 3535 3327  32
4059 4148 3175  32
3927 448 449  32
3848 456 3114  32
3232 3689 3533  32
4243 3907 3819  32
3778 825 826  32
3993 3999 3478  32
961 3830 3740  32
3736 3179 3830  32
3587 4212 3683  32
3392 4016 3252  32
513 3552 512  32
3181 4242 3550  32
3103 3391 3379  32
3611 3998 3626  32
3476 3423 3461  32
3523 3793 3678  32
3120 3594 3521  32
3184 3867 3264  32
3185 4109 3824  32
3975 3404 3180  32
3961 3186 3285  32
3990 3415 3110  32
3867 4140 3264  32
540 3365 539  32
3691 1202 1203  32
1204 1205 3188  32
3150 3601 3145  32
3728 4005 3398  32
916 4117 915  32
4048 4117 916  32
4052 910 911  32
4117 4048 3190  32
3784 995 996  32
3192 3643 3093  32
3193 3947 3923  32
3923 3978 3089  32
920 3781 919  32
3209 922 47  32
3503 3520 3297  32
3871 4246 817  32
3308 4060 4028  32
4060 464 3659  32
4066 3890 3517  32
4152 3596 3962  32
3929 3727 3497  32
3616 4047 3649  32
3500 4225 4064  32
4016 3392 3090  32
3536 3812 3882  32
1111 3812 1110  32
3644 3663 3201  32
3644 293 294  32
3202 446 447  32
447 448 3202  32
3340 3679 3203  32
3113 3288 3133  32
3589 968 969  32
3204 3769 3720  32
3701 3128 3542  32
3746 3205 3571  32
3312 4065 4001  32
3245 3741 3299  32
4228 3952 4004  32
3422 3692 3574  32
3709 3358 3408  32
4185 3469 3900  32
3209 4125 3221  32
3209 3448 922  32
4014 833 3272  32
4007 3626 3998  32
3417 3825 3811  32
3509 3385 3093  32
3223 965 966  32
3179 3622 3329  32
3505 3878 3527  32
3358 3709 3174  32
615 3350 614  32
3480 3559 3214  32
3766 3306 410  32
3944 443 444  32
3216 1140 1141  32
3216 3557 3367  32
3867 4219 4140  32
1092 4121 1091  32
3664 3443 3665  32
3106 3703 3673  32
3219 1128 1129  32
1129 1130 3219  32
3220 839 840  32
841 4039 840  32
3221 3749 3194  32
3749 3221 3450  32
824 3717 823  32
3524 3815 3642  32
3223 3736 3212  32
3338 3622 3223  32
3224 770 771  32
3387 3827 3464  32
3302 4143 4090  32
3236 3642 3493  32
4130 240 3151  32
3226 3163 3166  32
3227 253 254  32
4206 3770 3227  32
685 3646 684  32
686 4010 685  32
3203 3679 3288  32
3229 358 359  32
3298 3519 3506  32
1062 1063 3430  32
3105 3641 3562  32
441 4024 440  32
3158 3533 3276  32
3290 3689 3232  32
774 4044 773  32
774 39 3233  32
3417 4146 3581  32
3305 3975 3361  32
4061 1060 1061  32
3757 3519 3416  32
3871 819 3356  32
4051 3182 3839  32
4157 4167 604  32
4223 3303 4203  32
3336 3600 3357  32
3832 3238 3345  32
3807 1099 1100  32
3187 4015 3268  32
48 3897 902  32
48 906 3240  32
584 585 3241  32
3808 3979 3200  32
4084 3454 3893  32
3930 3153 3661  32
4031 747 748  32
3146 4213 3593  32
4085 3470 3986  32
3244 4144 3472  32
243 3817 242  32
243 244 3245  32
3512 4173 3613  32
3334 4052 911  32
1042 1043 3247  32
4004 1103 1104  32
3492 4183 4062  32
3799 3922 3248  32
3247 3858 1041  32
3310 3840 3125  32
4199 3931 3250  32
3250 3438 3169  32
3251 3671 3645  32
3358 3821 3755  32
3869 3975 3180  32
3180 3309 3252  32
1156 3360 1155  32
1156 1157 3253  32
3740 3830 3179  32
4147 3860 3656  32
366 3432 365  32
366 367 3255  32
3100 3256 3390  32
3390 4156 3294  32
3257 3946 64  32
64 1213 3257  32
510 511 3258  32
3181 3550 3400  32
3451 3887 3259  32
3490 3268 3256  32
3343 1220 1221  32
3765 4091 3270  32
3146 3984 3243  32
1116 4129 3363  32
4189 3244 3472  32
3141 3403 3132  32
3535 259 260  32
1060 3434 1059  32
1103 3952 1102  32
3249 4204 3858  32
3274 908 3246  32
3660 3960 3868  32
3266 1055 3120  32
3521 3125 3410  32
3436 977 52  32
3234 4146 3783  32
3311 4111 3380  32
3694 3268 3605  32
299 4003 3269  32
3269 4003 3731  32
3690 3270 3720  32
3427 3563 3474  32
3271 3621 3516  32
3438 3516 3169  32
3272 833 834  32
834 835 3272  32
3134 3698 3356  32
3273 3302 3195  32
3274 4137 3240  32
3510 3977 3402  32
3275 1111 1112  32
1112 1113 3275  32
4221 3137 3866  32
3158 3276 3322  32
3333 3835 3341  32
3122 3359 3318  32
3513 1120 1121  32
3592 1124 3532  32
3279 897 3162  32
3162 3183 3279  32
4137 4133 3240  32
3183 3280 3323  32
3581 3172 3865  32
984 3785 3281  32
3585 3411 3467  32
3269 3889 299  32
4072 3528 3321  32
3178 3182 3283  32
3284 3285 3464  32
3565 3091 3936  32
3186 3961 767  32
3186 3224 3285  32
4072 4089 3528  32
4229 3286 3764  32
4038 3287 3593  32
3287 758 3115  32
3288 3113 3203  32
3133 4053 4040  32
398 4134 3511  32
3155 4023 3248  32
3445 3714 3290  32
4075 3086 3374  32
3087 4093 3419  32
3748 4041 3637  32
3154 3788 3095  32
3598 3974 3395  32
3293 3302 3134  32
3717 4099 3222  32
4059 3175 3747  32
3390 3844 3789  32
3295 1219 1220  32
1221 3950 3343  32
3319 3378 3183  32
3544 3203 3113  32
375 3708 3455  32
4143 3493 4051  32
3362 4106 3624  32
3118 3816 3738  32
4065 3312 3299  32
3653 3966 3794  32
4089 3124 3528  32
3300 3764 3286  32
3301 3544 3144  32
3301 356 357  32
3468 4143 3368  32
3302 3293 3236  32
4077 606 607  32
607 4190 4077  32
4035 3304 3763  32
3304 695 696  32
3180 3404 3206  32
3404 3975 3487  32
409 410 3306  32
3835 3333 3215  32
3307 4136 3911  32
3988 3847 403  32
463 4060 462  32
4096 3423 3476  32
3090 3392 3330  32
3309 3180 3206  32
3125 3631 3310  32
1046 3426 1045  32
3389 3939 3311  32
3311 4238 3605  32
3234 3765 3690  32
3245 3966 3817  32
1063 3499 3430  32
3499 3662 3547  32
4178 3497 3885  32
3614 4135 4011  32
4158 4212 3119  32
3167 3987 3569  32
3788 4100 3625  32
4185 3591 3657  32
3317 1043 1044  32
1044 3426 3317  32
3215 3306 3318  32
3766 410 411  32
3296 3523 3440  32
3378 895 3279  32
442 443 3320  32
3944 445 3666  32
3981 3558 3321  32
3384 3901 3890  32
3255 3322 3432  32
3445 4000 3457  32
4210 3512 3754  32
3183 3712 3319  32
404 4108 3988  32
3485 4034 4017  32
3560 4032 4021  32
3171 3796 3732  32
4047 3501 3379  32
4225 3199 4064  32
3327 258 259  32
4154 3506 3836  32
3280 3459 3323  32
4133 4137 3510  32
306 4043 305  32
3622 3720 3270  32
3614 4235 3633  32
3531 3651 3546  32
3996 3331 3509  32
3331 990 991  32
3199 3543 3651  32
3558 3981 3332  32
4119 3333 4098  32
3835 3618 3341  32
910 4052 3652  32
911 912 3334  32
3535 4148 3730  32
3844 3973 3335  32
3628 4169 3096  32
3744 3938 3909  32
3337 3352 3153  32
3925 3963 3242  32
3338 966 967  32
3338 3589 3204  32
887 3734 3339  32
3734 887 888  32
3340 3301 357  32
357 358 3340  32
3485 4098 3795  32
3713 3628 3386  32
4041 3630 3585  32
4174 3932 3577  32
3563 4083 3627  32
3677 3915 3650  32
3155 3466 3344  32
3550 4242 3101  32
3238 3170 3345  32
3345 3239 3217  32
4183 28 3442  32
527 3442 28  32
893 894 3347  32
3296 3378 3319  32
3420 4204 3582  32
1103 4004 3952  32
3456 3993 3697  32
3456 4035 3763  32
3350 613 614  32
3350 3606 3214  32
3872 3697 3351  32
660 4029 3999  32
1134 1135 3352  32
3153 4147 3508  32
3239 3797 3217  32
1101 3952 3807  32
3354 36 681  32
681 682 3354  32
3723 3370 3618  32
4070 3277 3359  32
819 3871 818  32
3356 820 3134  32
3495 3859 3357  32
3628 3744 3715  32
3774 4234 4045  32
3142 3405 3177  32
3215 3318 3359  32
3277 4070 3355  32
3360 1156 3253  32
3452 4091 3928  32
3361 3975 3260  32
4164 3235 3604  32
3602 3594 3263  32
3363 4129 3261  32
3261 3146 3363  32
3363 3146 3364  32
3502 3882 3275  32
539 3676 538  32
3365 3908 3389  32
3289 3854 3822  32
3344 3486 3155  32
4043 3806 305  32
4043 306 3620  32
4187 3503 3297  32
3644 3828 3663  32
3648 664 3117  32
3117 3772 3369  32
3618 3530 3341  32
3176 3370 3687  32
3415 3990 3590  32
4044 4239 772  32
3372 971 972  32
3267 4114 3739  32
3153 3925 3337  32
1209 3930 1208  32
3566 3819 3463  32
3670 4118 3714  32
3469 3316 4049  32
3900 4222 3726  32
3841 3708 376  32
3368 4187 3663  32
3756 3638 3911  32
4027 4136 3407  32
3279 3183 3378  32
3378 3296 3347  32
3103 3629 3126  32
3758 3695 3649  32
3490 4021 3951  32
3939 3389 3908  32
4074 3685 3394  32
1067 3738 3662  32
3258 3853 4181  32
3165 3790 3307  32
3383 3776 3145  32
3383 3601 3196  32
3890 4066 3197  32
3596 1215 1216  32
3192 3093 3385  32
3385 993 994  32
3336 3859 3715  32
3437 3803 3495  32
4163 3608 3233  32
3224 3464 3285  32
3529 584 3241  32
3388 3364 3146  32
3311 3380 3389  32
3676 539 3365  32
4219 3867 4156  32
3084 4059 3747  32
3391 3103 3225  32
4244 3326 3758  32
3252 3309 3392  32
4235 4030 3330  32
3393 4207 4032  32
4032 3560 3796  32
3746 3571 4009  32
3685 3571 3205  32
3405 3647 3615  32
3974 3213 3395  32
3131 3935 3926  32
4214 3190 3396  32
3670 3445 3424  32
4124 3919 3397  32
3729 4002 3863  32
3196 3728 3398  32
269 3716 268  32
3399 15 397  32
3466 3790 3699  32
3258 3414 3382  32
3860 4147 3862  32
3452 3620 3254  32
3278 3888 3513  32
3459 3280 3328  32
3770 3108 3227  32
3132 4206 255  32
4056 3794 3623  32
4139 3880 3491  32
3710 3919 3809  32
4124 3405 3919  32
364 3866 363  32
3432 3997 3475  32
3989 3407 3307  32
3762 4165 3407  32
4161 4192 3647  32
3551 3745 3435  32
3281 3865 3172  32
3785 984 985  32
3266 3410 3743  32
3125 3521 3184  32
3467 3637 3585  32
3291 4039 842  32
3729 3845 3494  32
4002 3729 3530  32
3291 3630 3413  32
297 3889 3748  32
3414 4238 3382  32
3414 3552 3400  32
3590 3746 3415  32
3542 4009 3571  32
4195 3416 3921  32
3262 3141 3416  32
3785 985 3409  32
3441 309 310  32
761 3916 760  32
3136 3856 3418  32
3087 3419 3468  32
3538 3898 3195  32
4105 3857 3634  32
4140 3439 3582  32
3094 4207 3874  32
3575 3259 3325  32
3207 4172 3348  32
32 3792 598  32
4171 4096 3706  32
3113 3564 3544  32
4000 3445 3158  32
3143 4201 4193  32
3425 36 3354  32
3425 4200 3197  32
3426 1044 1045  32
3426 1046 3667  32
1224 3474 1223  32
3982 3563 3427  32
354 3711 3554  32
355 356 3428  32
4116 3088 3447  32
3607 4107 3884  32
3430 3499 3313  32
1062 4061 1061  32
3431 3838 3396  32
3396 3190 3431  32
365 3475 364  32
3432 366 3255  32
3433 4056 3623  32
4025 3404 3722  32
3120 3782 3594  32
1059 3787 1058  32
3709 3408 3551  32
3572 3878 3745  32
3436 981 3172  32
4177 3267 3739  32
3437 4027 3324  32
3795 4087 3803  32
3931 3438 3250  32
3127 4221 3774  32
3964 3857 3420  32
3906 4120 3439  32
3793 3523 3712  32
889 3514 888  32
4037 3159 3498  32
3417 3811 3166  32
3442 527 3346  32
4062 3771 3985  32
4151 3614 3633  32
3957 4236 4095  32
3444 459 3164  32
3164 3308 3444  32
4201 3143 3424  32
3397 3290 3714  32
3446 244 245  32
3718 4236 3741  32
3526 3283 3152  32
3447 3088 3429  32
3448 920 921  32
3448 3209 3221  32
4058 3569 3119  32
3449 3625 3292  32
3450 3221 4125  32
3983 3440 3523  32
3451 531 532  32
532 533 3451  32
3508 3656 3549  32
3452 3329 3270  32
3346 3771 3442  32
529 3895 3453  32
4084 3228 3454  32
3228 4084 3471  32
374 3969 373  32
374 375 3455  32
3697 3772 3351  32
3526 4116 3447  32
3255 4000 3322  32
3457 367 368  32
3458 3136 3284  32
3990 3954 3590  32
3754 3135 3735  32
4046 3712 3323  32
3242 4152 3540  32
1215 3596 3460  32
3423 4096 3588  32
3459 4046 3323  32
543 3939 542  32
543 27 3462  32
3142 3177 3463  32
3819 3907 3463  32
3464 4239 3387  32
3827 4018 3371  32
433 434 3465  32
3831 3150 3145  32
3344 3699 3101  32
3466 3155 3248  32
3630 3291 3411  32
3577 3467 3826  32
3368 4143 3503  32
3087 3828 3097  32
3375 4049 3154  32
3591 3505 3527  32
3470 3314 3148  32
3470 4085 3917  32
3242 3945 3337  32
3883 684 3646  32
3449 3292 3472  32
4189 4180 3244  32
3529 582 583  32
4122 4078 3875  32
3474 1224 3427  32
3474 4216 3950  32
3475 3866 364  32
3475 365 3432  32
3138 3609 3909  32
3744 3628 3096  32
3477 3579 3127  32
3477 3525 3271  32
3772 4068 3351  32
3349 3993 3763  32
3269 3526 3152  32
1160 1161 3818  32
3214 618 3480  32
3480 3473 3104  32
913 914 3481  32
4127 4214 3191  32
3482 3118 3381  32
4218 3482 3496  32
3483 4190 609  32
609 610 3483  32
3126 4188 3092  32
3629 3501 3484  32
3437 3324 3485  32
4017 4034 406  32
3575 3773 3674  32
3155 3854 3289  32
3305 3433 3487  32
3555 3722 3623  32
4129 3488 3261  32
3488 3834 3265  32
4104 4094 3489  32
3423 4131 4055  32
3256 3100 3490  32
3380 3951 3696  32
3309 3206 3491  32
3206 4139 3491  32
3486 4062 3985  32
3492 519 520  32
4143 4051 3503  32
3182 3815 3515  32
4028 3729 3863  32
3489 3845 3189  32
3495 3756 3377  32
3377 3437 3495  32
3482 3381 3496  32
3496 1035 3121  32
3090 4030 3546  32
3497 4235 3885  32
3211 3825 3498  32
3159 4037 3823  32
3499 1063 1064  32
1064 1065 3499  32
3178 3839 3182  32
3500 4244 3391  32
3958 3089 3978  32
3501 3629 3379  32
3502 3275 3364  32
3364 3388 3502  32
3503 4187 3368  32
4051 3839 3225  32
3136 3418 3504  32
3504 763 764  32
3147 4195 3921  32
3208 3849 3205  32
3519 3757 3640  32
3362 3624 3602  32
4150 3507 3679  32
3250 3169 3507  32
3862 4147 3767  32
3522 4132 3994  32
3509 4186 3996  32
3996 3576 3331  32
3510 3459 3328  32
3240 4133 3897  32
3511 397 398  32
4134 3289 3822  32
3402 4210 3459  32
3265 3613 3580  32
1121 1122 3513  32
3934 3513 3592  32
3514 890 3440  32
3983 3450 3734  32
3524 3742 3611  32
3283 3626 3152  32
3477 3271 3516  32
3516 3621 3169  32
3425 4066 3891  32
3124 3890 3528  32
3518 1218 3295  32
3518 3962 3596  32
3235 3757 3141  32
3519 3298 3230  32
3520 3503 3225  32
3225 3103 3520  32
3782 3537 3263  32
3867 4019 3973  32
3161 4109 63  32
3824 3949 3541  32
3564 3793 3712  32
3440 3983 3514  32
3815 3182 3493  32
3778 827 3156  32
3271 3671 3251  32
3525 3477 3127  32
3526 3269 3479  32
3526 3447 3456  32
3505 3591 3147  32
3213 3878 3572  32
4089 3300 3286  32
3124 4089 3286  32
3502 4078 3808  32
3473 4122 3104  32
3370 4002 3618  32
3494 4169 3729  32
3531 3758 3326  32
4030 3727 3546  32
3937 3532 57  32
1124 3592 1123  32
3533 3158 3232  32
3533 3710 3599  32
516 517 3534  32
4115 4184 3366  32
3768 3892 3836  32
3535 260 3175  32
3882 4138 3207  32
3207 3348 3536  32
3313 3263 3537  32
3537 3434 1060  32
3538 4093 3932  32
3932 4174 3157  32
3172 3581 3539  32
3995 3783 4146  32
3540 3650 3384  32
4152 3962 3540  32
3982 4179 3563  32
4020 4149 3949  32
3746 3802 3205  32
3128 3701 3303  32
3543 3558 3332  32
3869 4016 3543  32
3712 4046 3564  32
4131 3423 3588  32
4009 3542 3128  32
3350 4223 3775  32
3531 3727 3695  32
3651 4016 3090  32
3662 1065 1066  32
3816 3118 3482  32
3886 3904 3548  32
3469 3904 3316  32
3943 3681 3691  32
3452 3860 3401  32
3101 3699 3550  32
3414 3829 3790  32
3551 4088 3572  32
3802 4198 3435  32
3552 3181 3400  32
3552 3414 3258  32
3553 3959 3198  32
3727 4030 3497  32
3554 353 354  32
3711 3144 3603  32
3404 4025 3206  32
3794 3555 3623  32
4161 3142 3704  32
3917 3463 3907  32
3564 4046 4055  32
4043 3557 3806  32
3558 3543 3199  32
3558 4225 3321  32
3559 3480 3104  32
3110 4126 3856  32
4021 3490 3560  32
3490 3100 3560  32
371 4101 370  32
371 372 3561  32
3105 3965 3680  32
351 3992 350  32
4179 4083 3563  32
3361 3940 3721  32
4055 4210 3461  32
3564 4131 3544  32
3565 4057 3091  32
4057 3636 3091  32
3374 3566 3820  32
3566 3463 3177  32
3567 973 974  32
3267 4177 3539  32
3143 3670 3424  32
3568 3759 3089  32
4058 4144 3569  32
3167 3569 4144  32
3570 740 741  32
741 742 3570  32
3685 4074 3571  32
3571 4074 3542  32
3572 4088 3395  32
3395 3213 3572  32
3375 3095 3573  32
3262 3668 3403  32
4172 3207 3422  32
3894 3237 3798  32
3773 3575 3325  32
3453 3674 3346  32
3576 990 3331  32
3576 3996 3159  32
3932 3157 3538  32
3467 3577 3595  32
292 4081 291  32
292 293 3578  32
3579 3477 3438  32
4221 3127 3579  32
3954 4208 3936  32
3868 4159 3265  32
3267 3539 3581  32
3825 3417 4037  32
3264 3582 4194  32
3439 4140 3906  32
3741 3245 3446  32
246 3718 245  32
4200 3425 3354  32
3646 3801 3584  32
3637 3595 3342  32
3630 3411 3585  32
3586 517 518  32
4184 4062 3366  32
3683 3106 3673  32
4226 3673 3703  32
4171 4131 3588  32
3603 4094 3554  32
3589 969 970  32
3589 971 3372  32
3590 3954 3780  32
4198 3780 3719  32
3591 4185 3726  32
4195 3147 3591  32
3934 3592 3733  32
3513 3934 3278  32
4122 3529 4078  32
3388 3146 3593  32
3521 3594 4019  32
4019 3867 3184  32
4093 3087 3342  32
3595 3637 3467  32
3596 1216 3518  32
3677 3540 3962  32
3345 3956 3239  32
3345 3170 3597  32
3244 4008 3850  32
4008 4085 3850  32
3632 3861 3525  32
3533 4045 3276  32
4227 3832 3345  32
3756 3600 3638  32
3601 3150 3189  32
3601 3728 3196  32
3263 3362 3602  32
3624 4106 3506  32
3144 3711 3428  32
4131 4171 3603  32
3604 3132 256  32
256 257 3604  32
4238 3311 3382  32
3268 3694 3187  32
3606 3350 615  32
615 616 3606  32
3173 3607 3876  32
3607 691 692  32
4044 774 3233  32
3608 4163 4018  32
3600 3336 3609  32
3938 3138 3909  32
3105 4012 3641  32
3955 3680 438  32
4014 44 832  32
3626 3283 3515  32
3612 59 1127  32
3612 3219 3088  32
3613 3834 3512  32
3725 4097 3977  32
3633 4235 3330  32
3814 3791 3315  32
4191 3358 3755  32
3800 4191 3755  32
3501 3978 3484  32
3616 3649 3198  32
3617 3085 595  32
595 596 3617  32
3618 3835 3723  32
3370 4092 3687  32
3619 3216 3367  32
3367 3401 3619  32
3643 3705 3254  32
3620 3452 3401  32
3507 4053 3288  32
3507 3169 3621  32
3622 3179 3223  32
3622 3338 3204  32
3555 3794 3312  32
3433 3722 3487  32
3624 3761 3602  32
3602 4019 3594  32
3316 4100 4049  32
3625 3449 3130  32
3515 3611 3626  32
4042 3220 3777  32
3940 4083 3721  32
3295 3948 3677  32
3336 3909 3609  32
3628 3713 3530  32
3629 4188 3126  32
3629 3103 3379  32
3889 297 298  32
3889 4209 4041  32
3426 3913 3317  32
4155 1048 3310  32
3525 3127 3632  32
4045 3632 3774  32
3330 3392 3633  32
3614 4151 3814  32
3634 3857 3121  32
3634 1038 3160  32
3942 16 238  32
238 239 3635  32
3636 4057 3131  32
3645 3719 3636  32
297 3748 296  32
3630 4209 3413  32
3911 4067 3694  32
3600 3756 3357  32
3928 4149 4020  32
3541 3949 3721  32
3506 4154 3624  32
3506 3519 3640  32
4070 3992 3641  32
3992 4241 3562  32
3642 3293 3222  32
3642 3778 3524  32
3254 3842 3643  32
4186 3509 3093  32
3201 3578 3644  32
3644 294 3097  32
3645 3636 3131  32
3131 3251 3645  32
684 3883 683  32
3471 4010 3228  32
3647 4191 3615  32
3647 3405 3142  32
3117 3369 3648  32
3648 662 663  32
3649 3695 3198  32
4047 3616 3501  32
3948 3915 3677  32
3940 3650 3915  32
3651 3090 3546  32
3651 3326 3199  32
3246 4137 3274  32
3652 909 910  32
4056 3653 3794  32
3163 3151 3653  32
3579 3438 3654  32
3137 3931 362  32
3965 3150 3655  32
3150 3965 3852  32
3860 3928 3656  32
3656 3928 3549  32
3657 3591 3527  32
3527 3213 3657  32
3277 3355 3658  32
3666 446 3202  32
3659 466 3196  32
3196 3398 3659  32
737 4141 736  32
737 738 3660  32
3843 3188 1206  32
3153 3930 3925  32
1066 1067 3662  32
4182 3482 3851  32
4102 377 378  32
3368 3828 3468  32
3443 4095 3218  32
3814 3315 3614  32
3791 4158 3119  32
3880 4139 3664  32
3666 3737 3658  32
445 3944 444  32
3667 3310 3631  32
3667 3913 3426  32
3770 4206 3668  32
3668 4206 3403  32
3669 3617 3422  32
3422 3207 3669  32
3568 4050 3912  32
3820 4118 4075  32
3645 3821 3174  32
3671 3271 3525  32
3672 4127 3191  32
4052 3334 3672  32
4226 3587 3673  32
3587 4226 4103  32
3674 3453 3575  32
3899 3854 3773  32
3675 744 745  32
3675 4031 3109  32
538 3914 537  32
3365 4168 3676  32
3650 3540 3677  32
3295 3962 3518  32
3133 3793 3113  32
3133 3450 3678  32
3507 4150 3250  32
3507 3288 3679  32
3680 3955 3610  32
3610 3105 3680  32
3508 3549 3681  32
1201 3682 1200  32
3682 1199 1200  32
3682 1201 3681  32
3683 3673 3587  32
4058 3119 4212  32
3914 538 3676  32
3684 3389 3380  32
3298 3968 3230  32
3298 3394 3685  32
3709 4198 3719  32
3208 3802 3750  32
3877 3848 3687  32
3176 3687 3848  32
604 4167 603  32
3688 3967 3237  32
3689 3290 3397  32
3919 3710 3689  32
3905 3769 3372  32
3765 3270 3690  32
3691 1203 1204  32
1204 3188 3691  32
3692 3422 3617  32
3692 4123 3894  32
3522 3682 3693  32
3693 3681 3549  32
3605 3165 3694  32
3187 4227 3217  32
3553 3198 3695  32
3695 3758 3531  32
3951 3899 3325  32
3810 3914 3684  32
3526 3872 3283  32
3526 3456 3697  32
3698 3134 3302  32
3302 3273 3698  32
3699 3344 3466  32
3829 3414 3400  32
1106 3879 1105  32
1106 58 3700  32
4172 3422 3574  32
3237 3894 3688  32
3117 665 3702  32
3702 666 3300  32
3703 3583 247  32
247 248 3703  32
3142 4161 3647  32
3142 3556 3704  32
3705 3643 3140  32
3140 3083 3705  32
3706 4169 3494  32
3494 3489 3706  32
3808 3200 3502  32
587 3896 586  32
3708 375 376  32
3708 3841 3376  32
3551 3435 3709  32
3719 3645 3174  32
3710 3533 3689  32
3809 3800 3710  32
3603 3554 3711  32
3711 355 3428  32
3712 3523 3319  32
3712 3183 3323  32
3341 3760 3333  32
3341 3530 3713  32
3714 3445 3670  32
3820 4124 3397  32
3715 3859 3386  32
3386 3628 3715  32
3716 269 3399  32
3399 3511 3716  32
3222 3293 3717  32
3717 3134 822  32
3718 246 3583  32
4110 3718 3583  32
3719 3780 3636  32
3719 3174 3709  32
3720 3622 3204  32
3720 3769 3690  32
3940 3981 3650  32
4083 4179 3541  32
3404 3487 3722  32
3722 3433 3623  32
3277 3835 3359  32
3277 3658 3723  32
591 4170 590  32
3085 4160 3724  32
3725 3246 3652  32
3672 4097 4052  32
3573 3900 3375  32
4222 3573 3668  32
3727 3929 3553  32
3727 3531 3546  32
4005 3728 3845  32
3728 3601 3189  32
4169 3628 3530  32
3729 4028 4005  32
3535 3892 3327  32
4148 3535 3175  32
3479 3269 3731  32
4003 3920 3731  32
3732 3796 3560  32
3560 3100 3732  32
3592 3532 3733  32
3135 3937 3753  32
3450 3983 3678  32
3734 4125 3339  32
3135 3138 3735  32
3461 3938 3476  32
963 3830 962  32
3736 964 3212  32
448 3927 3737  32
4092 3877 3687  32
3547 4145 4082  32
3738 1069 3118  32
4114 3372 3567  32
976 4217 975  32
3179 3705 3740  32
3740 960 961  32
3741 3446 3718  32
4095 3443 3957  32
3210 3611 3742  32
3742 3524 3156  32
3410 1051 3743  32
3743 56 3266  32
3336 3715 3744  32
3744 3096 3476  32
3745 3551 3572  32
3878 3208 3750  32
3415 4009 3837  32
3746 3590 3686  32
3747 261 262  32
4176 262 263  32
3637 3342 3748  32
3748 3097 296  32
3194 3838 3431  32
3450 4128 3749  32
3435 3745 3750  32
3208 3878 3505  32
3751 835 836  32
3751 4007 3998  32
3559 4122 3837  32
3752 3388 3593  32
3753 3138 3135  32
1090 4121 3937  32
3512 4210 3402  32
3512 3278 3754  32
3632 4033 3861  32
3358 4191 3408  32
4136 3756 3911  32
3756 3495 3357  32
3416 3141 3757  32
3757 3768 3640  32
3391 4047 3379  32
3326 4244 4064  32
3193 4101 3561  32
3193 3089 3759  32
4098 3485 3098  32
3760 3341 3713  32
3730 4154 3836  32
3730 3335 3761  32
3847 3799 402  32
4165 3762 3988  32
4035 4107 3304  32
3304 3349 3763  32
3764 3300 668  32
668 669 3764  32
3765 3783 3433  32
3433 3305 3765  32
3766 3864 3122  32
3122 3318 3766  32
3767 1135 1136  32
3862 1136 1137  32
3836 3506 3640  32
3768 3757 3235  32
3769 3204 3589  32
3589 3372 3769  32
3770 3668 3573  32
3573 3095 3770  32
3771 3346 3674  32
3985 3674 3773  32
3772 3697 3478  32
3478 3369 3772  32
3486 3773 3854  32
3674 3985 3771  32
3774 4221 3406  32
3632 4045 3599  32
4223 4203 3775  32
612 4203 611  32
469 23 3776  32
3776 3831 3145  32
3777 4039 3413  32
3777 4209 3282  32
3778 3156 3524  32
3778 3642 3222  32
3751 4042 4007  32
3779 836 837  32
3954 3936 3091  32
3091 3636 3780  32
3194 3431 3781  32
3781 918 919  32
3787 1057 1058  32
3782 3263 3594  32
3783 3765 3234  32
3995 3417 3166  32
3784 3083 3140  32
3140 3192 3784  32
3409 3823 3785  32
4175 3823 4037  32
845 846 3786  32
3786 3826 3411  32
3787 1059 3434  32
3434 3782 3787  32
3805 4237 4071  32
3095 3813 3108  32
3789 3732 3100  32
3100 3390 3789  32
3790 3466 3307  32
3790 4238 3414  32
3791 4231 3315  32
3791 3814 3665  32
3792 3617 597  32
597 598 3792  32
3793 3564 3113  32
3793 3133 3678  32
3653 4056 3163  32
3312 3966 3299  32
3437 3485 3795  32
3795 4098 3760  32
3796 3171 3149  32
3149 3393 3796  32
3187 3217 3797  32
4245 4228 3353  32
3798 3237 3701  32
3798 4172 3574  32
400 4023 3972  32
401 402 3799  32
3800 4033 3599  32
3800 3809 3615  32
3801 3646 3471  32
3945 4162 4054  32
3802 3746 3686  32
3802 3435 3750  32
3803 3437 3795  32
4087 3713 3386  32
1098 3903 1097  32
3804 3807 3239  32
3870 3130 3587  32
3805 249 250  32
3557 4043 3367  32
3806 60 4247  32
3239 4245 3797  32
3807 1100 1101  32
3529 4215 4078  32
3707 4215 3896  32
3405 4124 3177  32
3405 3615 3809  32
3696 3259 3810  32
3887 535 3168  32
4073 3441 311  32
3166 4079 3226  32
3812 1109 1110  32
3812 1111 3275  32
4237 3805 250  32
3813 252 3108  32
3880 4151 3309  32
3665 3814 3880  32
3493 3642 3815  32
3815 3611 3515  32
3547 4082 3362  32
3738 4145 3662  32
242 3976 241  32
3817 243 3245  32
3818 3612 3479  32
1160 4202 1159  32
3463 3917 3556  32
3819 3566 3374  32
3820 3397 3714  32
3086 4075 4063  32
3821 3645 3671  32
3755 3861 4033  32
3094 3716 3822  32
3289 4134 3972  32
3785 4175 3865  32
3823 4233 3159  32
3541 3185 3824  32
3824 3994 3639  32
3825 3211 3441  32
3441 3811 3825  32
3826 846 847  32
3826 4174 3577  32
3284 3941 3458  32
3284 3464 3827  32
3828 3644 3097  32
3828 3087 3468  32
3829 3550 3699  32
3699 3790 3829  32
3830 961 962  32
3830 963 3736  32
3831 3776 3465  32
3465 3655 3831  32
3600 3832 3910  32
3600 3609 3832  32
4180 4189 3833  32
3904 3886 3833  32
3278 3512 3834  32
3834 3613 3265  32
3835 3215 3359  32
3835 3277 3723  32
3640 3768 3836  32
3892 4164 3327  32
3545 3559 3837  32
3415 4126 3110  32
3838 3194 3749  32
3838 4128 4040  32
3182 4051 3493  32
3839 3178 3500  32
3840 1050 3410  32
3410 3125 3840  32
376 377 3841  32
4102 4187 3376  32
307 308 3842  32
3643 4186 3093  32
1207 1208 3843  32
3843 3930 3661  32
3844 3084 3789  32
3844 3390 3294  32
3728 3189 3845  32
3845 3489 3494  32
3314 4235 4011  32
3314 3470 3846  32
402 403 3847  32
3847 3988 3762  32
3848 454 455  32
3848 3114 3176  32
3849 3208 3505  32
3968 3298 3685  32
3850 3986 3167  32
3850 4144 3244  32
3482 4182 3816  32
3857 4218 3121  32
3105 3562 3852  32
3150 3881 3189  32
3853 3462 507  32
507 508 3853  32
3854 3421 3822  32
3854 3155 3486  32
750 4232 3855  32
4213 4232 4038  32
3856 3136 3110  32
4126 3415 3837  32
3121 4218 3496  32
3857 4105 3420  32
3858 3247 3249  32
4204 3420 4105  32
3859 3495 3803  32
3803 3386 3859  32
3860 3107 3619  32
3619 3401 3860  32
3755 3821 3861  32
3861 3671 3525  32
3862 1137 3107  32
3107 3860 3862  32
3863 4002 3412  32
3863 3444 3308  32
3864 411 412  32
412 348 3864  32
3865 3281 3785  32
3417 4175 4037  32
3137 4221 3654  32
3137 363 3866  32
3867 3973 3294  32
3797 4219 4015  32
3868 3580 3660  32
3960 3570 3099  32
3869 3332 3260  32
3869 3180 3252  32
3870 4103 4071  32
3625 3971 3788  32
3698 3273 3871  32
3871 817 818  32
3872 4072 3178  32
3178 3283 3872  32
4112 3992 3873  32
3641 3992 3562  32
3393 266 3874  32
3874 267 3094  32
3875 3502 3388  32
3388 3752 3875  32
3876 3884 3429  32
3173 3893 3454  32
3927 453 3877  32
453 3927 24  32
3750 3745 3878  32
3878 3213 3527  32
3879 1104 1105  32
3879 1106 3700  32
3880 3309 3491  32
3880 3664 3665  32
3852 3562 3881  32
3489 4241 4104  32
3882 3502 3200  32
3882 3207 3536  32
3646 3584 3883  32
3584 683 3883  32
4107 695 3304  32
3884 4035 3429  32
3314 3846 3885  32
3497 4178 3929  32
3886 3548 3657  32
3657 3213 3886  32
3810 3259 3887  32
3887 533 534  32
3888 3278 3834  32
3834 3488 3888  32
3889 3269 3282  32
4209 3777 3413  32
3890 3197 3384  32
3890 3901 3528  32
3891 673 674  32
3891 675 3425  32
3892 3535 3730  32
3730 3836 3892  32
3893 3876 3429  32
3429 3088 3893  32
3798 3574 3894  32
4167 3894 4123  32
3453 4224 3575  32
3895 529 530  32
3896 585 586  32
3896 587 3707  32
902 3953 901  32
3897 48 3240  32
3898 3538 3157  32
3898 814 815  32
4032 3796 3393  32
3899 3773 3325  32
3469 4185 3548  32
3469 3375 3900  32
3321 3528 3901  32
3901 3384 3650  32
3902 3708 3376  32
3376 3297 3902  32
3956 4013 3903  32
3903 1096 1097  32
3904 4189 3316  32
3904 3469 3548  32
3234 3905 4114  32
3234 3690 3905  32
3906 4140 3353  32
3348 3906 4026  32
3907 4243 3846  32
3846 3470 3907  32
3908 540 541  32
541 542 3908  32
3909 3336 3744  32
3138 3938 3735  32
3638 4227 4067  32
3638 3600 3910  32
3911 3694 3165  32
3756 4136 3377  32
3912 3143 3759  32
3759 3568 3912  32
3913 3667 3631  32
3249 4194 3582  32
3914 3810 3168  32
3914 536 537  32
3915 3948 3627  32
4083 3940 3915  32
3916 3933 3287  32
3287 3115 3916  32
3704 3556 3917  32
3917 3907 3470  32
3918 4229 671  32
3918 3891 3517  32
3405 3809 3919  32
3919 3689 3397  32
3920 4003 3253  32
3920 1157 1158  32
3921 3519 3230  32
3230 3147 3921  32
3922 3799 3847  32
3847 3762 3922  32
3923 4188 3484  32
4188 3629 3484  32
3942 313 314  32
3924 4130 3226  32
3373 3102 3925  32
3925 3242 3337  32
4040 3565 3838  32
3621 4053 3507  32
3927 4092 3737  32
3927 449 24  32
4020 4132 3549  32
3928 3860 3452  32
3086 4178 3374  32
3086 3553 3929  32
3930 1209 3373  32
3373 3925 3930  32
3931 4199 361  32
3931 3137 3654  32
3595 4093 3342  32
3595 3577 3932  32
3933 3593 3287  32
3933 3418 3856  32
3934 3135 3754  32
3754 3278 3934  32
3565 4040 3935  32
4053 3133 3288  32
3613 4208 3580  32
4097 4214 4173  32
3937 4121 3753  32
3937 3135 3733  32
3938 3744 3476  32
3938 3461 3735  32
3939 543 3462  32
3311 3939 4196  32
3940 3361 3260  32
3260 3332 3940  32
3941 3284 3827  32
3827 3371 3941  32
3942 238 3635  32
3635 3924 3942  32
3943 3188 3661  32
3943 3153 3508  32
3231 4086 3355  32
3231 3320 3944  32
4205 4220 3219  32
3337 3945 4153  32
3946 4069 1212  32
3946 3257 3139  32
3947 3193 3561  32
3947 372 373  32
3948 3295 3343  32
4216 3474 3627  32
4149 3305 3361  32
3721 4149 3361  32
3343 4216 3948  32
3950 1221 1222  32
3325 3696 3951  32
3951 4111 3490  32
3952 1101 1102  32
4004 1104 3879  32
901 4230 900  32
3953 902 3897  32
3091 3780 3954  32
3371 3990 3941  32
438 439 3955  32
3610 4024 4012  32
3804 3239 3956  32
3956 3345 3597  32
3443 3664 3957  32
3741 4065 3299  32
3568 3089 3958  32
3616 3978 3501  32
3959 3553 3086  32
3568 4063 4050  32
3099 3868 3960  32
3960 738 739  32
3285 3284 3961  32
3961 3136 3111  32
3596 4152 3460  32
3962 3295 3677  32
3963 3925 3102  32
3963 3946 3139  32
3420 3980 3964  32
3980 4182 3851  32
4006 436 3680  32
3965 3105 3852  32
3966 3976 3817  32
3966 3245 3299  32
605 4157 604  32
605 606 3967  32
3685 3849 3968  32
3968 3147 3230  32
3969 374 3455  32
3455 3092 3969  32
3454 3228 3970  32
3970 687 688  32
4237 3971 4071  32
3813 3788 3971  32
399 4134 398  32
399 400 3972  32
4019 3602 3761  32
3761 3335 3973  32
3974 4180 3833  32
3833 3886 3974  32
3975 3869 3260  32
3975 3305 3487  32
3976 242 3817  32
3976 3966 3653  32
3402 4173 3512  32
4137 3246 3725  32
3978 3923 3484  32
3978 3616 3958  32
3200 4170 4138  32
3979 3808 3707  32
3980 3851 3964  32
3980 3420 3439  32
3321 3901 3981  32
3981 3940 3332  32
3427 1226 3982  32
3982 4109 3185  32
3734 3514 3983  32
3983 3523 3678  32
3112 3109 3984  32
3984 3146 3261  32
3773 3486 3985  32
4183 3442 3771  32
3470 3148 3986  32
3986 3987 3167  32
4135 3148 4011  32
3987 4231 3569  32
3988 403 404  32
4108 4165 3988  32
3307 3466 3989  32
3989 3248 3922  32
3990 3110 3458  32
3458 3941 3990  32
300 301 3991  32
3991 3360 3253  32
3992 4070 3873  32
3992 4112 350  32
3478 3697 3993  32
3993 3456 3763  32
3161 3522 3994  32
3994 4132 3639  32
3166 3163 3995  32
4056 3433 3783  32
3996 4186 3498  32
3498 3159 3996  32
3997 3432 3322  32
3322 3276 3997  32
3210 3751 3998  32
3626 4007 3152  32
3999 697 35  32
3999 4029 3478  32
3158 3322 4000  32
4000 3255 3457  32
3555 3312 4001  32
3664 4065 3957  32
3530 3618 4002  32
4002 3370 3412  32
4003 299 300  32
4003 3991 3253  32
3906 4228 4026  32
4228 4245 3952  32
3845 3729 4005  32
462 4211 461  32
4006 3680 3965  32
3965 3655 4006  32
4007 3777 3282  32
3282 3152 4007  32
4008 4180 3598  32
3598 3704 4008  32
4009 3128 3545  32
4009 3415 3746  32
4010 3471 3646  32
3646 685 4010  32
3148 4135 3987  32
3148 3314 4011  32
3231 4024 3320  32
3231 3641 4012  32
4013 3956 3597  32
4013 1095 1096  32
4014 3272 3210  32
3210 3742 4014  32
3268 4166 3256  32
4015 3187 3797  32
4016 3651 3543  32
4016 3869 3252  32
4017 407 3098  32
3098 3485 4017  32
4208 3613 3936  32
4018 3387 3608  32
4019 3761 3973  32
4019 3184 3521  32
3949 3639 4020  32
4020 3549 3928  32
3899 4032 3421  32
3899 3951 4021  32
3898 3157 4022  32
4022 812 813  32
4023 401 3799  32
3799 3248 4023  32
4024 3955 440  32
4024 441 3320  32
4025 3722 3555  32
3555 4001 4025  32
3879 4228 4004  32
4026 3536 3348  32
4027 4108 3324  32
4027 3437 3377  32
3863 3308 4028  32
4028 3398 4005  32
4029 662 3369  32
3369 3478 4029  32
4030 3090 3330  32
4030 4235 3497  32
4031 749 3855  32
4031 3243 3109  32
4207 3393 3874  32
4032 3899 4021  32
4033 3632 3599  32
4033 3800 3755  32
4034 4108 405  32
405 406 4034  32
4035 3456 3447  32
3447 3429 4035  32
312 313 4036  32
4036 3942 3924  32
4175 3785 3823  32
4037 3498 3825  32
3855 4213 3243  32
4232 752 3123  32
4039 3777 3220  32
3220 840 4039  32
4128 3838 3749  32
3935 4053 3926  32
3585 3637 4041  32
4041 3748 3889  32
3777 4007 4042  32
4042 3751 3779  32
4043 3620 3401  32
3401 3367 4043  32
772 773 4044  32
4044 3233 3608  32
3276 4234 3997  32
4045 3533 3599  32
4247 60 1145  32
4210 4055 4046  32
4047 4244 3758  32
3758 3649 4047  32
3431 3190 4048  32
4048 916 917  32
4049 3788 3154  32
4049 3375 3469  32
3670 3912 4050  32
4118 3820 3714  32
3225 3503 4051  32
3493 4143 3236  32
4052 4097 3725  32
3725 3652 4052  32
4053 3621 3926  32
4053 3935 4040  32
3088 4220 4084  32
3945 4054 4205  32
4055 3461 3423  32
4055 4131 3564  32
4056 3783 3995  32
3995 3163 4056  32
4057 3565 3935  32
3935 3131 4057  32
4212 3587 3130  32
3130 3449 4058  32
4059 3084 3844  32
3844 3335 4059  32
4060 3659 3398  32
3398 4028 4060  32
4061 3430 3313  32
3313 3537 4061  32
4062 3486 3366  32
4062 4184 3492  32
4063 3568 3959  32
3959 3086 4063  32
3199 4225 3558  32
3199 3326 4064  32
4065 3741 3957  32
4065 3664 4001  32
3517 3891 4066  32
4066 3425 3197  32
3187 3694 4067  32
4067 3911 3638  32
4068 3117 3702  32
3702 3300 4068  32
4069 1210 1211  32
1211 1212 4069  32
4070 3359 3122  32
3122 3873 4070  32
3971 3870 4071  32
4226 249 3805  32
3178 4225 3500  32
4072 3872 3351  32
4073 312 4036  32
4073 4079 3811  32
3394 3980 4074  32
4120 3701 3542  32
3374 3820 4075  32
4075 4050 4063  32
4076 3116 3170  32
4076 3238 3753  32
4077 4190 3303  32
3303 3701 4077  32
4078 3502 3875  32
4122 3473 3529  32
4079 4073 3924  32
3924 3226 4079  32
4080 3347 3296  32
3296 3440 4080  32
4081 18 291  32
4081 3578 3201  32
4182 4106 4082  32
1153 302 1152  32
3915 3627 4083  32
4083 3541 3721  32
3893 3088 4084  32
4054 4084 4220  32
3986 3850 4085  32
4085 4008 3917  32
4086 3666 3658  32
3658 3355 4086  32
3386 3803 4087  32
4087 3795 3760  32
4191 3647 4192  32
4088 4161 3395  32
4089 4072 3351  32
3351 4068 4089  32
4090 3419 3195  32
3195 3302 4090  32
4091 3452 3270  32
4091 3765 3305  32
4092 3370 3723  32
3723 3737 4092  32
4093 3595 3932  32
4093 3538 3419  32
3706 3489 4094  32
4094 4104 3554  32
4236 3957 3741  32
3218 4110 3106  32
3096 3706 4096  32
4096 4171 3588  32
3565 4173 4214  32
4173 3402 3977  32
3333 4119 3215  32
3333 3760 4098  32
4099 3717 824  32
4099 825 3778  32
4100 3788 4049  32
4100 3316 3292  32
4101 4193 370  32
4101 371 3561  32
4102 378 3201  32
3201 3663 4102  32
3805 4071 4103  32
4103 3870 3587  32
4104 4241 352  32
4104 353 3554  32
4105 3634 3160  32
3160 3858 4105  32
3298 3506 4106  32
4106 3362 4082  32
4107 4035 3884  32
4107 693 694  32
4108 404 405  32
4108 4034 3324  32
4109 3161 3994  32
3994 3824 4109  32
3583 3106 4110  32
4110 3218 4095  32
4111 3951 3380  32
4111 3311 3605  32
4112 3864 349  32
349 350 4112  32
4113 742 743  32
4113 3675 3112  32
4114 4217 3739  32
4114 3267 3234  32
4115 3344 3101  32
3586 4242 3534  32
4116 3526 3479  32
3479 3612 4116  32
4117 4127 3481  32
4117 914 915  32
4118 3670 4050  32
4050 4075 4118  32
4119 409 3306  32
3306 3215 4119  32
4120 3542 4074  32
4074 3439 4120  32
4121 1092 4076  32
4076 3753 4121  32
4122 4126 3837  32
4122 3559 3104  32
4123 3692 3792  32
3792 32 4123  32
4124 3820 3566  32
3566 3177 4124  32
4125 3209 3339  32
4125 3734 3450  32
4126 3875 3752  32
3752 3856 4126  32
4127 3672 3481  32
4127 4117 3190  32
4128 3450 3133  32
3133 4040 4128  32
4129 1117 1118  32
4129 4197 3888  32
3151 3226 4130  32
4130 3635 239  32
4131 3603 3144  32
3144 3544 4131  32
4132 3522 3693  32
3693 3549 4132  32
4133 3328 3953  32
3953 3897 4133  32
4134 3716 3511  32
4134 399 3972  32
4135 3614 3315  32
4135 4231 3987  32
4136 3307 3407  32
4136 4027 3377  32
4137 3725 3977  32
3977 3510 4137  32
4170 3979 3129  32
4138 3669 3207  32
4139 4025 4001  32
4001 3664 4139  32
3582 3264 4140  32
4140 4219 3353  32
4141 4163 3233  32
4141 39 736  32
3782 3120 4142  32
4142 1056 1057  32
4143 3468 4090  32
4143 3302 3236  32
4144 3449 3472  32
4144 3850 3167  32
4145 3547 3662  32
4145 3738 3816  32
4146 3234 3267  32
4146 3417 3995  32
3656 3508 4147  32
4147 3352 3767  32
4148 4059 3335  32
3335 3730 4148  32
4149 3721 3949  32
4149 3928 4091  32
4150 3679 3229  32
4150 359 360  32
4151 3392 3309  32
4151 3880 3814  32
4152 3963 3139  32
3139 3460 4152  32
4153 1132 1133  32
4153 3352 3337  32
4154 3730 3761  32
3761 3624 4154  32
3310 3667 4155  32
4155 1046 1047  32
3867 3294 4156  32
4166 3268 4015  32
4157 605 3967  32
3967 3688 4157  32
4158 3665 3443  32
3443 3218 4158  32
4159 3488 3265  32
4159 3868 3099  32
4160 3085 3669  32
3669 4138 4160  32
4161 3704 3598  32
3598 3395 4161  32
4162 3945 3242  32
3242 3540 4162  32
4163 3660 3580  32
3580 4018 4163  32
4164 258 3327  32
4164 3892 3768  32
4165 4108 4027  32
4027 3407 4165  32
4166 4219 4156  32
4166 3390 3256  32
4123 603 4167  32
4167 4157 3688  32
4168 3914 3676  32
4168 3365 3389  32
3530 3729 4169  32
4169 3706 3096  32
4170 591 3724  32
3724 4138 4170  32
4171 3706 4094  32
4094 3603 4171  32
4172 3798 4120  32
4120 3348 4172  32
4173 3977 4097  32
4173 3565 3936  32
4174 848 43  32
4174 4022 3157  32
4175 3417 3581  32
3581 3865 4175  32
4176 3171 3084  32
3084 3747 4176  32
4177 977 3436  32
3436 3539 4177  32
3374 4243 3819  32
4178 3086 3929  32
4179 3982 3185  32
3185 3541 4179  32
4180 3974 3598  32
4180 4008 3244  32
4181 508 509  32
4181 510 3258  32
4182 3980 3394  32
4182 4082 3816  32
3771 4062 4183  32
4183 3492 522  32
4184 4115 3586  32
3586 3492 4184  32
3657 3548 4185  32
4185 3900 3726  32
4186 3643 3842  32
4186 3211 3498  32
3297 3376 4187  32
4187 4102 3663  32
4188 3923 3969  32
3969 3092 4188  32
4189 3292 3316  32
4189 3904 3833  32
608 609 4190  32
4190 3483 3303  32
4191 3800 3615  32
4191 4088 3408  32
4192 4161 4088  32
4088 4191 4192  32
369 370 4193  32
4193 4101 3143  32
4194 3249 3913  32
4194 3631 3264  32
4195 3591 3726  32
4195 4222 3262  32
4196 3853 3382  32
3382 3311 4196  32
4197 1118 1119  32
1119 1120 4197  32
4198 3709 3435  32
4198 3802 3686  32
4199 4150 360  32
360 361 4199  32
4200 3584 3801  32
3801 3197 4200  32
4201 3445 3457  32
4201 369 4193  32
3818 3731 4202  32
1158 4202 3920  32
4203 610 611  32
4203 612 3775  32
4105 3858 4204  32
4204 3249 3582  32
4205 1130 1131  32
4205 4153 3945  32
4206 254 255  32
4206 3132 3403  32
4207 3094 3421  32
3421 4032 4207  32
4208 3954 3371  32
3371 4018 4208  32
4209 3630 4041  32
4209 3889 3282  32
3754 3461 4210  32
4210 4046 3459  32
4211 462 4060  32
4060 3308 4211  32
4212 4158 3683  32
4212 3130 4058  32
4038 3593 4213  32
4213 3146 3243  32
4214 4097 3191  32
4214 3396 3565  32
4215 3707 3808  32
3808 4078 4215  32
3627 3948 4216  32
4216 3343 3950  32
3567 975 4217  32
4217 4177 3739  32
4218 3857 3964  32
3964 3851 4218  32
4219 4166 4015  32
4219 3797 3353  32
4220 3088 3219  32
4220 4205 4054  32
3579 3654 4221  32
4221 3866 3406  32
3668 3262 4222  32
4222 4195 3726  32
4223 3350 3545  32
3545 3128 4223  32
4224 531 3451  32
4224 3259 3575  32
4225 3178 4072  32
4072 3321 4225  32
3703 248 4226  32
4226 3805 4103  32
4227 3638 3910  32
4227 3345 3217  32
4228 3879 4026  32
4228 3906 3353  32
3764 670 4229  32
4229 3918 3124  32
4230 3953 3328  32
3328 3280 4230  32
4231 3791 3119  32
3119 3569 4231  32
4232 4213 3855  32
4232 750 751  32
3576 3159 4233  32
4233 3823 3409  32
4234 3774 3406  32
3406 3997 4234  32
4235 3614 4011  32
4235 3314 3885  32
4236 3718 4110  32
4110 4095 4236  32
4237 250 251  32
251 3813 4237  32
4238 3790 3165  32
3165 3605 4238  32
771 772 4239  32
4239 3608 3387  32
4240 763 3504  32
3504 3418 4240  32
4241 3992 351  32
351 352 4241  32
4242 3586 4115  32
4115 3101 4242  32
4243 3374 4178  32
4243 3885 3846  32
4244 4047 3391  32
4244 3500 4064  32
3353 3797 4245  32
4245 3239 3807  32
4246 3871 3273  32
3273 3195 4246  32
304 3806 4247  32
60 3806 1143  32
301 1153 3360  32
4268 4253 4267  33
1206 4250 1205  33
4252 1212 1234  33
1232 4261 1233  33
1195 1230 61  33
1195 4259 1230  33
1210 4270 1209  33
1231 4259 4254  33
1191 4257 1192  33
1193 4259 1194  33
4259 1195 1194  33
1233 4261 4252  33
1202 4265 4258  33
4257 4254 4259  33
4270 1207 1208  33
1234 1212 64  33
1209 4270 1208  33
1211 4252 1210  33
1212 4252 1211  33
4264 4258 4265  33
1207 4270 4250  33
1198 4267 4253  33
4265 1202 1203  33
4267 1198 1199  33
1237 4271 1238  33
4263 1184 4262  33
4269 4264 4250  33
4253 1196 1197  33
1196 4253 1235  33
4255 4269 4248  33
1196 1235 63  33
4249 4268 4258  33
1235 4253 1236  33
4271 1181 1180  33
4255 4260 4256  33
4256 1188 1187  33
4263 1186 1185  33
4253 4268 4266  33
1188 4260 1189  33
4260 1191 1190  33
1184 4263 1185  33
4262 1183 1182  33
1179 62 1238  33
1179 4271 1180  33
1181 4271 4262  33
1191 4260 4257  33
1207 4250 1206  33
1186 4263 4256  33
4249 4264 4255  33
4264 4249 4258  33
1205 4265 1204  33
4262 1184 1183  33
4271 4251 4262  33
4252 1234 1233  33
4254 4248 4261  33
4258 4268 4267  33
4253 1197 1198  33
1232 1231 4254  33
4248 4260 4255  33
4260 4248 4257  33
4256 1187 1186  33
4249 4263 4251  33
4249 4255 4256  33
4248 4254 4257  33
4257 1193 1192  33
1201 4267 1200  33
1201 1202 4258  33
4259 1231 1230  33
4259 1193 4257  33
4260 1190 1189  33
4260 1188 4256  33
4269 4250 4270  33
4261 1232 4254  33
1182 1181 4262  33
4251 4271 4266  33
4262 4251 4263  33
4263 4249 4256  33
4265 1205 4250  33
4264 4269 4255  33
4265 1203 1204  33
4265 4250 4264  33
4266 1237 1236  33
1236 4253 4266  33
4267 1199 1200  33
4267 1201 4258  33
4268 4249 4251  33
4251 4266 4268  33
4261 4270 4252  33
4261 4248 4269  33
4270 1210 4252  33
4270 4261 4269  33
4271 1179 1238  33
4271 1237 4266  33
4283 1178 1177  34
4286 4285 4279  34
1178 1238 62  34
4273 1224 4272  34
4280 4289 4285  34
1237 4283 4278  34
4283 4296 4278  34
4284 4291 4279  34
4272 4276 4273  34
4296 4291 4276  34
1178 4283 1238  34
1223 4273 1222  34
1226 4272 1225  34
1229 63 1235  34
1227 4281 4272  34
1227 4272 1226  34
1229 4281 1228  34
1215 4290 4288  34
4293 4274 4290  34
4288 1213 1214  34
1220 4293 1219  34
1224 4273 1223  34
4272 4281 4276  34
1218 4293 4290  34
1232 4294 4287  34
1217 4290 1216  34
4293 1220 4284  34
4294 4290 4274  34
1234 4288 1233  34
1169 4280 1170  34
1213 4288 1234  34
1234 64 1213  34
4281 1236 4278  34
1164 4292 1165  34
4286 4280 4285  34
1171 4280 4277  34
1174 4282 1175  34
1169 4289 4280  34
4275 1162 1230  34
1167 4292 4289  34
4289 4295 4285  34
1230 1162 61  34
1162 4275 1163  34
1163 4275 1164  34
4292 1167 1166  34
1224 1225 4272  34
4281 1227 1228  34
1171 4277 1172  34
1222 4284 1221  34
1232 4287 1231  34
1218 4290 1217  34
4275 1230 1231  34
4292 1164 4275  34
1236 4281 1235  34
1176 4283 1177  34
4277 1174 1173  34
1173 1172 4277  34
4278 1236 1237  34
4296 4276 4278  34
4295 4274 4285  34
4291 4284 4273  34
4280 1171 1170  34
4280 4286 4277  34
4281 1229 1235  34
4281 4278 4276  34
4282 1176 1175  34
4282 1174 4277  34
4283 1237 1238  34
4283 1176 4282  34
4284 1220 1221  34
4284 1222 4273  34
4274 4295 4287  34
4274 4279 4285  34
4291 4273 4276  34
4277 4296 4282  34
4275 1231 4287  34
4287 4294 4274  34
4288 1214 1215  34
4274 4293 4279  34
4289 1169 1168  34
1168 1167 4289  34
4290 4294 4288  34
4290 1215 1216  34
4291 4296 4286  34
4286 4279 4291  34
4292 1166 1165  34
4292 4275 4287  34
4293 1218 1219  34
4293 4284 4279  34
4294 1232 1233  34
1233 4288 4294  34
4295 4289 4292  34
4292 4287 4295  34
4296 4283 4282  34
4296 4277 4286  34
Edges
1270
1 65  1
65 66  1
66 67  1
67 68  1
68 69  1
69 70  1
70 2  1
2 71  2
71 72  2
72 73  2
73 74  2
74 75  2
75 76  2
76 77  2
77 78  2
78 79  2
79 80  2
80 3  2
4 81  3
81 82  3
82 3  3
5 83  4
83 84  4
84 85  4
85 86  4
86 87  4
87 88  4
88 89  4
89 90  4
90 91  4
91 92  4
92 93  4
93 94  4
94 95  4
95 96  4
96 97  4
97 98  4
98 99  4
99 4  4
1 100  5
100 101  5
101 5  5
4 102  6
102 103  6
103 104  6
104 105  6
105 106  6
106 107  6
107 108  6
108 109  6
109 110  6
110 111  6
111 112  6
112 113  6
113 114  6
114 115  6
115 116  6
116 117  6
117 118  6
118 5  6
3 119  7
119 120  7
120 121  7
121 122  7
122 123  7
123 124  7
124 6  7
6 125  8
125 126  8
126 127  8
127 128  8
128 129  8
129 130  8
130 131  8
131 132  8
132 133  8
133 134  8
134 1  8
7 135  9
135 136  9
136 137  9
137 138  9
138 139  9
139 140  9
140 8  9
8 141  10
141 142  10
142 143  10
143 144  10
144 145  10
145 146  10
146 147  10
147 148  10
148 149  10
149 150  10
150 9  10
10 151  11
151 152  11
152 9  11
11 153  12
153 154  12
154 155  12
155 156  12
156 157  12
157 158  12
158 159  12
159 160  12
160 161  12
161 162  12
162 163  12
163 164  12
164 165  12
165 166  12
166 167  12
167 168  12
168 169  12
169 10  12
7 170  13
170 171  13
171 11  13
10 172  14
172 173  14
173 174  14
174 175  14
175 176  14
176 177  14
177 178  14
178 179  14
179 180  14
180 181  14
181 182  14
182 183  14
183 184  14
184 185  14
185 186  14
186 187  14
187 188  14
188 11  14
9 189  15
189 190  15
190 191  15
191 192  15
192 193  15
193 194  15
194 12  15
12 195  16
195 196  16
196 197  16
197 198  16
198 199  16
199 200  16
200 201  16
201 202  16
202 203  16
203 204  16
204 7  16
13 205  17
205 206  17
206 207  17
207 208  17
208 209  17
209 210  17
210 211  17
211 212  17
212 213  17
213 214  17
214 215  17
215 216  17
216 217  17
217 218  17
218 219  17
219 220  17
220 221  17
221 222  17
222 223  17
223 224  17
224 225  17
225 226  17
226 227  17
227 228  17
228 229  17
229 230  17
230 231  17
231 232  17
232 233  17
233 234  17
234 235  17
235 236  17
236 14  17
15 237  18
237 14  18
16 238  19
238 239  19
239 240  19
240 241  19
241 242  19
242 243  19
243 244  19
244 245  19
245 246  19
246 247  19
247 248  19
248 249  19
249 250  19
250 251  19
251 252  19
252 253  19
253 254  19
254 255  19
255 256  19
256 257  19
257 258  19
258 259  19
259 260  19
260 261  19
261 262  19
262 263  19
263 264  19
264 265  19
265 266  19
266 267  19
267 268  19
268 269  19
269 15  19
16 270  20
270 13  20
17 271  21
271 272  21
272 273  21
273 274  21
274 275  21
275 276  21
276 277  21
277 278  21
278 279  21
279 280  21
280 281  21
281 282  21
282 283  21
283 284  21
284 285  21
285 286  21
286 287  21
287 288  21
288 289  21
289 290  21
290 13  21
18 291  22
291 292  22
292 293  22
293 294  22
294 295  22
295 296  22
296 297  22
297 298  22
298 299  22
299 300  22
300 301  22
301 302  22
302 303  22
303 304  22
304 305  22
305 306  22
306 307  22
307 308  22
308 309  22
309 310  22
310 311  22
311 312  22
312 313  22
313 314  22
314 16  22
18 315  23
315 17  23
19 316  24
316 317  24
317 318  24
318 319  24
319 320  24
320 321  24
321 322  24
322 323  24
323 324  24
324 325  24
325 326  24
326 327  24
327 328  24
328 329  24
329 330  24
330 331  24
331 332  24
332 333  24
333 334  24
334 335  24
335 336  24
336 337  24
337 338  24
338 339  24
339 340  24
340 341  24
341 342  24
342 343  24
343 344  24
344 345  24
345 346  24
346 347  24
347 17  24
20 348  25
348 349  25
349 350  25
350 351  25
351 352  25
352 353  25
353 354  25
354 355  25
355 356  25
356 357  25
357 358  25
358 359  25
359 360  25
360 361  25
361 362  25
362 363  25
363 364  25
364 365  25
365 366  25
366 367  25
367 368  25
368 369  25
369 370  25
370 371  25
371 372  25
372 373  25
373 374  25
374 375  25
375 376  25
376 377  25
377 378  25
378 379  25
379 18  25
20 380  26
380 19  26
14 381  27
381 382  27
382 383  27
383 384  27
384 385  27
385 386  27
386 387  27
387 388  27
388 389  27
389 390  27
390 391  27
391 392  27
392 393  27
393 394  27
394 395  27
395 396  27
396 19  27
15 397  28
397 398  28
398 399  28
399 400  28
400 401  28
401 402  28
402 403  28
403 404  28
404 405  28
405 406  28
406 407  28
407 408  28
408 409  28
409 410  28
410 411  28
411 412  28
412 20  28
21 413  29
413 414  29
414 415  29
415 416  29
416 417  29
417 418  29
418 419  29
419 420  29
420 421  29
421 422  29
422 423  29
423 424  29
424 425  29
425 426  29
426 427  29
427 428  29
428 429  29
429 22  29
21 430  30
430 431  30
431 432  30
432 23  30
23 433  31
433 434  31
434 435  31
435 436  31
436 437  31
437 438  31
438 439  31
439 440  31
440 441  31
441 442  31
442 443  31
443 444  31
444 445  31
445 446  31
446 447  31
447 448  31
448 449  31
449 24  31
24 450  32
450 451  32
451 452  32
452 22  32
24 453  33
453 454  33
454 455  33
455 456  33
456 457  33
457 458  33
458 459  33
459 460  33
460 461  33
461 462  33
462 463  33
463 464  33
464 465  33
465 466  33
466 467  33
467 468  33
468 469  33
469 23  33
22 470  34
470 471  34
471 472  34
472 473  34
473 474  34
474 475  34
475 476  34
476 477  34
477 478  34
478 479  34
479 480  34
480 481  34
481 482  34
482 483  34
483 484  34
484 485  34
485 486  34
486 21  34
25 487  35
487 488  35
488 489  35
489 490  35
490 491  35
491 492  35
492 493  35
493 494  35
494 495  35
495 496  35
496 497  35
497 498  35
498 499  35
499 500  35
500 501  35
501 502  35
502 503  35
503 26  35
25 504  36
504 505  36
505 506  36
506 27  36
27 507  37
507 508  37
508 509  37
509 510  37
510 511  37
511 512  37
512 513  37
513 514  37
514 515  37
515 516  37
516 517  37
517 518  37
518 519  37
519 520  37
520 521  37
521 522  37
522 523  37
523 28  37
28 524  38
524 525  38
525 526  38
526 26  38
28 527  39
527 528  39
528 529  39
529 530  39
530 531  39
531 532  39
532 533  39
533 534  39
534 535  39
535 536  39
536 537  39
537 538  39
538 539  39
539 540  39
540 541  39
541 542  39
542 543  39
543 27  39
26 544  40
544 545  40
545 546  40
546 547  40
547 548  40
548 549  40
549 550  40
550 551  40
551 552  40
552 553  40
553 554  40
554 555  40
555 556  40
556 557  40
557 558  40
558 559  40
559 560  40
560 25  40
29 561  41
561 562  41
562 563  41
563 564  41
564 565  41
565 566  41
566 567  41
567 568  41
568 569  41
569 570  41
570 571  41
571 572  41
572 573  41
573 574  41
574 575  41
575 576  41
576 577  41
577 30  41
29 578  42
578 579  42
579 580  42
580 581  42
581 31  42
31 582  43
582 583  43
583 584  43
584 585  43
585 586  43
586 587  43
587 588  43
588 589  43
589 590  43
590 591  43
591 592  43
592 593  43
593 594  43
594 595  43
595 596  43
596 597  43
597 598  43
598 32  43
32 599  44
599 600  44
600 601  44
601 602  44
602 30  44
32 603  45
603 604  45
604 605  45
605 606  45
606 607  45
607 608  45
608 609  45
609 610  45
610 611  45
611 612  45
612 613  45
613 614  45
614 615  45
615 616  45
616 617  45
617 618  45
618 619  45
619 620  45
620 31  45
30 621  46
621 622  46
622 623  46
623 624  46
624 625  46
625 626  46
626 627  46
627 628  46
628 629  46
629 630  46
630 631  46
631 632  46
632 633  46
633 634  46
634 635  46
635 636  46
636 637  46
637 29  46
33 638  47
638 639  47
639 640  47
640 641  47
641 642  47
642 643  47
643 644  47
644 645  47
645 646  47
646 647  47
647 648  47
648 649  47
649 650  47
650 651  47
651 652  47
652 653  47
653 654  47
654 34  47
33 655  48
655 656  48
656 657  48
657 658  48
658 659  48
659 35  48
35 660  49
660 661  49
661 662  49
662 663  49
663 664  49
664 665  49
665 666  49
666 667  49
667 668  49
668 669  49
669 670  49
670 671  49
671 672  49
672 673  49
673 674  49
674 675  49
675 676  49
676 36  49
36 677  50
677 678  50
678 679  50
679 680  50
680 34  50
36 681  51
681 682  51
682 683  51
683 684  51
684 685  51
685 686  51
686 687  51
687 688  51
688 689  51
689 690  51
690 691  51
691 692  51
692 693  51
693 694  51
694 695  51
695 696  51
696 697  51
697 35  51
34 698  52
698 699  52
699 700  52
700 701  52
701 702  52
702 703  52
703 704  52
704 705  52
705 706  52
706 707  52
707 708  52
708 709  52
709 710  52
710 711  52
711 712  52
712 713  52
713 714  52
714 33  52
37 715  53
715 716  53
716 717  53
717 718  53
718 719  53
719 720  53
720 721  53
721 722  53
722 723  53
723 724  53
724 725  53
725 726  53
726 727  53
727 728  53
728 729  53
729 730  53
730 731  53
731 38  53
37 732  54
732 733  54
733 734  54
734 735  54
735 39  54
39 736  55
736 737  55
737 738  55
738 739  55
739 740  55
740 741  55
741 742  55
742 743  55
743 744  55
744 745  55
745 746  55
746 747  55
747 748  55
748 749  55
749 750  55
750 751  55
751 752  55
752 40  55
40 753  56
753 754  56
754 755  56
755 756  56
756 757  56
757 38  56
40 758  57
758 759  57
759 760  57
760 761  57
761 762  57
762 763  57
763 764  57
764 765  57
765 766  57
766 767  57
767 768  57
768 769  57
769 770  57
770 771  57
771 772  57
772 773  57
773 774  57
774 39  57
38 775  58
775 776  58
776 777  58
777 778  58
778 779  58
779 780  58
780 781  58
781 782  58
782 783  58
783 784  58
784 785  58
785 786  58
786 787  58
787 788  58
788 789  58
789 790  58
790 791  58
791 37  58
41 792  59
792 793  59
793 794  59
794 795  59
795 796  59
796 797  59
797 798  59
798 799  59
799 800  59
800 801  59
801 802  59
802 803  59
803 804  59
804 805  59
805 806  59
806 807  59
807 808  59
808 42  59
41 809  60
809 810  60
810 811  60
811 43  60
43 812  61
812 813  61
813 814  61
814 815  61
815 816  61
816 817  61
817 818  61
818 819  61
819 820  61
820 821  61
821 822  61
822 823  61
823 824  61
824 825  61
825 826  61
826 827  61
827 828  61
828 44  61
44 829  62
829 830  62
830 831  62
831 42  62
44 832  63
832 833  63
833 834  63
834 835  63
835 836  63
836 837  63
837 838  63
838 839  63
839 840  63
840 841  63
841 842  63
842 843  63
843 844  63
844 845  63
845 846  63
846 847  63
847 848  63
848 43  63
42 849  64
849 850  64
850 851  64
851 852  64
852 853  64
853 854  64
854 855  64
855 856  64
856 857  64
857 858  64
858 859  64
859 860  64
860 861  64
861 862  64
862 863  64
863 864  64
864 865  64
865 41  64
45 866  65
866 867  65
867 868  65
868 869  65
869 870  65
870 871  65
871 872  65
872 873  65
873 874  65
874 875  65
875 876  65
876 877  65
877 878  65
878 879  65
879 880  65
880 881  65
881 882  65
882 46  65
45 883  66
883 884  66
884 885  66
885 47  66
47 886  67
886 887  67
887 888  67
888 889  67
889 890  67
890 891  67
891 892  67
892 893  67
893 894  67
894 895  67
895 896  67
896 897  67
897 898  67
898 899  67
899 900  67
900 901  67
901 902  67
902 48  67
48 903  68
903 904  68
904 905  68
905 46  68
48 906  69
906 907  69
907 908  69
908 909  69
909 910  69
910 911  69
911 912  69
912 913  69
913 914  69
914 915  69
915 916  69
916 917  69
917 918  69
918 919  69
919 920  69
920 921  69
921 922  69
922 47  69
46 923  70
923 924  70
924 925  70
925 926  70
926 927  70
927 928  70
928 929  70
929 930  70
930 931  70
931 932  70
932 933  70
933 934  70
934 935  70
935 936  70
936 937  70
937 938  70
938 939  70
939 45  70
49 940  71
940 941  71
941 942  71
942 943  71
943 944  71
944 945  71
945 946  71
946 947  71
947 948  71
948 949  71
949 950  71
950 951  71
951 952  71
952 953  71
953 954  71
954 955  71
955 956  71
956 50  71
49 957  72
957 958  72
958 959  72
959 51  72
51 960  73
960 961  73
961 962  73
962 963  73
963 964  73
964 965  73
965 966  73
966 967  73
967 968  73
968 969  73
969 970  73
970 971  73
971 972  73
972 973  73
973 974  73
974 975  73
975 976  73
976 977  73
977 52  73
52 978  74
978 979  74
979 980  74
980 50  74
52 981  75
981 982  75
982 983  75
983 984  75
984 985  75
985 986  75
986 987  75
987 988  75
988 989  75
989 990  75
990 991  75
991 992  75
992 993  75
993 994  75
994 995  75
995 996  75
996 997  75
997 51  75
50 998  76
998 999  76
999 1000  76
1000 1001  76
1001 1002  76
1002 1003  76
1003 1004  76
1004 1005  76
1005 1006  76
1006 1007  76
1007 1008  76
1008 1009  76
1009 1010  76
1010 1011  76
1011 1012  76
1012 1013  76
1013 1014  76
1014 49  76
53 1015  77
1015 1016  77
1016 1017  77
1017 1018  77
1018 1019  77
1019 1020  77
1020 1021  77
1021 1022  77
1022 1023  77
1023 1024  77
1024 1025  77
1025 1026  77
1026 1027  77
1027 1028  77
1028 1029  77
1029 1030  77
1030 1031  77
1031 54  77
53 1032  78
1032 1033  78
1033 1034  78
1034 55  78
55 1035  79
1035 1036  79
1036 1037  79
1037 1038  79
1038 1039  79
1039 1040  79
1040 1041  79
1041 1042  79
1042 1043  79
1043 1044  79
1044 1045  79
1045 1046  79
1046 1047  79
1047 1048  79
1048 1049  79
1049 1050  79
1050 1051  79
1051 56  79
56 1052  80
1052 1053  80
1053 1054  80
1054 54  80
56 1055  81
1055 1056  81
1056 1057  81
1057 1058  81
1058 1059  81
1059 1060  81
1060 1061  81
1061 1062  81
1062 1063  81
1063 1064  81
1064 1065  81
1065 1066  81
1066 1067  81
1067 1068  81
1068 1069  81
1069 1070  81
1070 1071  81
1071 55  81
54 1072  82
1072 1073  82
1073 1074  82
1074 1075  82
1075 1076  82
1076 1077  82
1077 1078  82
1078 1079  82
1079 1080  82
1080 1081  82
1081 1082  82
1082 1083  82
1083 1084  82
1084 1085  82
1085 1086  82
1086 1087  82
1087 1088  82
1088 53  82
57 1089  83
1089 12  83
57 1090  84
1090 1091  84
1091 1092  84
1092 1093  84
1093 1094  84
1094 1095  84
1095 1096  84
1096 1097  84
1097 1098  84
1098 1099  84
1099 1100  84
1100 1101  84
1101 1102  84
1102 1103  84
1103 1104  84
1104 1105  84
1105 1106  84
1106 58  84
8 1107  85
1107 1108  85
1108 58  85
58 1109  86
1109 1110  86
1110 1111  86
1111 1112  86
1112 1113  86
1113 1114  86
1114 1115  86
1115 1116  86
1116 1117  86
1117 1118  86
1118 1119  86
1119 1120  86
1120 1121  86
1121 1122  86
1122 1123  86
1123 1124  86
1124 1125  86
1125 57  86
59 1126  87
1126 6  87
59 1127  88
1127 1128  88
1128 1129  88
1129 1130  88
1130 1131  88
1131 1132  88
1132 1133  88
1133 1134  88
1134 1135  88
1135 1136  88
1136 1137  88
1137 1138  88
1138 1139  88
1139 1140  88
1140 1141  88
1141 1142  88
1142 1143  88
1143 60  88
2 1144  89
1144 60  89
60 1145  90
1145 1146  90
1146 1147  90
1147 1148  90
1148 1149  90
1149 1150  90
1150 1151  90
1151 1152  90
1152 1153  90
1153 1154  90
1154 1155  90
1155 1156  90
1156 1157  90
1157 1158  90
1158 1159  90
1159 1160  90
1160 1161  90
1161 59  90
61 1162  91
1162 1163  91
1163 1164  91
1164 1165  91
1165 1166  91
1166 1167  91
1167 1168  91
1168 1169  91
1169 1170  91
1170 1171  91
1171 1172  91
1172 1173  91
1173 1174  91
1174 1175  91
1175 1176  91
1176 1177  91
1177 1178  91
1178 62  91
62 1179  92
1179 1180  92
1180 1181  92
1181 1182  92
1182 1183  92
1183 1184  92
1184 1185  92
1185 1186  92
1186 1187  92
1187 1188  92
1188 1189  92
1189 1190  92
1190 1191  92
1191 1192  92
1192 1193  92
1193 1194  92
1194 1195  92
1195 61  92
63 1196  93
1196 1197  93
1197 1198  93
1198 1199  93
1199 1200  93
1200 1201  93
1201 1202  93
1202 1203  93
1203 1204  93
1204 1205  93
1205 1206  93
1206 1207  93
1207 1208  93
1208 1209  93
1209 1210  93
1210 1211  93
1211 1212  93
1212 64  93
64 1213  94
1213 1214  94
1214 1215  94
1215 1216  94
1216 1217  94
1217 1218  94
1218 1219  94
1219 1220  94
1220 1221  94
1221 1222  94
1222 1223  94
1223 1224  94
1224 1225  94
1225 1226  94
1226 1227  94
1227 1228  94
1228 1229  94
1229 63  94
61 1230  95
1230 1231  95
1231 1232  95
1232 1233  95
1233 1234  95
1234 64  95
63 1235  96
1235 1236  96
1236 1237  96
1237 1238  96
1238 62  96
End
