MeshVersionFormatted 1

Dimension
3

Vertices
3216
-8.9892500000000002  28.632024987960001  0  0
0  -30.010249999999999  0  0
-8.9892500000000002  34.010249999999999  0  0
8.9892500000000002  34.010249999999999  0  0
8.9892500000000002  28.632161498759999  0  0
-24.646304967590002  12.4975  0  0
-18.646304967590002  12.4975  0  0
18.646304967590002  12.4975  0  0
24.646304967590002  12.4975  0  0
-3  -24.995000000000001  0  0
3  -24.995000000000001  0  0
0  30.010249999999999  -135  0
0  30.010249999999999  -110  0
0  -30.010249999999999  -135  0
-8.9892500000000002  28.632298012909999  -110  0
8.9892500000000002  28.632298012909999  -110  0
8.9892500000000002  34.010249999999999  -110  0
-8.9892500000000002  34.010249999999999  -110  0
0  149.98750000000001  -135  0
1.8367564549389999e-14  -149.98750000000001  -135  0
2.1862982875560001e-14  149.98750000000001  -140  0
0  -149.98750000000001  -140  0
-159.5  106.9717369215  -140  0
-106.9717369215  159.5  -140  0
106.9717369215  159.5  -140  0
159.5  106.9717369215  -140  0
159.5  -106.9717369215  -140  0
106.9717369215  -159.5  -140  0
-106.9717369215  -159.5  -140  0
-159.5  -106.9717369215  -140  0
114.1540420467  -123.7790420467  -140  0
133.4040420467  -123.7790420467  -140  0
114.1540420467  123.7790420467  -140  0
133.4040420467  123.7790420467  -140  0
-133.4040420467  123.7790420467  -140  0
-114.1540420467  123.7790420467  -140  0
-133.4040420467  -123.7790420467  -140  0
-114.1540420467  -123.7790420467  -140  0
-159.5  106.9717369215  -160  0
-106.9717369215  159.5  -160  0
-106.9717369215  159.5  -617.42499999999995  0
-106.9717369215  159.5  -777.42499999999995  0
-159.5  106.9717369215  -777.42499999999995  0
-159.5  106.9717369215  -244.99000000000001  0
-106.9717369215  159.5  -244.99000000000001  0
-159.5  84.5  -160  0
-139.5  84.5  -160  0
-84.5  139.5  -160  0
-84.5  159.5  -160  0
-133.4040420467  123.7790420467  -160  0
-114.1540420467  123.7790420467  -160  0
84.5  159.5  -160  0
106.9717369215  159.5  -160  0
84.5  139.5  -160  0
139.5  84.5  -160  0
159.5  84.5  -160  0
159.5  106.9717369215  -160  0
114.1540420467  123.7790420467  -160  0
133.4040420467  123.7790420467  -160  0
159.5  -84.5  -160  0
159.5  -106.9717369215  -160  0
139.5  -84.5  -160  0
84.5  -139.5  -160  0
84.5  -159.5  -160  0
106.9717369215  -159.5  -160  0
114.1540420467  -123.7790420467  -160  0
133.4040420467  -123.7790420467  -160  0
-84.5  -159.5  -160  0
-106.9717369215  -159.5  -160  0
-84.5  -139.5  -160  0
-139.5  -84.5  -160  0
-159.5  -84.5  -160  0
-159.5  -106.9717369215  -160  0
-133.4040420467  -123.7790420467  -160  0
-114.1540420467  -123.7790420467  -160  0
-159.5  -106.9717369215  -777.42499999999995  0
-159.5  84.5  -244.99000000000001  0
-159.5  -84.5  -244.99000000000001  0
-159.5  -106.9717369215  -244.99000000000001  0
0  159.5  -777.42499999999995  0
106.9717369215  159.5  -777.42499999999995  0
0  299.69999999999999  -777.42499999999995  0
-106.9717369215  299.69999999999999  -777.42499999999995  0
-106.9717369215  -159.5  -777.42499999999995  0
106.9717369215  -159.5  -777.42499999999995  0
159.5  -106.9717369215  -777.42499999999995  0
159.5  106.9717369215  -777.42499999999995  0
-135  135  -777.42499999999995  0
-135  -135  -777.42499999999995  0
135  135  -777.42499999999995  0
135  -135  -777.42499999999995  0
-135  135  -819.91999999999996  0
-135  -135  -819.91999999999996  0
135  -135  -819.91999999999996  0
135  135  -819.91999999999996  0
-120  120  -819.91999999999996  0
-120  -120  -819.91999999999996  0
120  120  -819.91999999999996  0
120  -120  -819.91999999999996  0
-120  120  -989.89999999999998  0
-120  -120  -989.89999999999998  0
120  -120  -989.89999999999998  0
120  120  -989.89999999999998  0
0  159.5  -617.42499999999995  0
106.9717369215  159.5  -244.99000000000001  0
84.5  159.5  -244.99000000000001  0
-84.5  159.5  -244.99000000000001  0
-73  159.5  -230  0
-73  159.5  -250  0
-58  159.5  -230  0
-58  159.5  -250  0
72  159.5  -724.92999999999995  0
72  159.5  -744.92999999999995  0
87  159.5  -724.92999999999995  0
87  159.5  -744.92999999999995  0
-106.9717369215  299.69999999999999  -617.42499999999995  0
0  299.69999999999999  -617.42499999999995  0
159.5  106.9717369215  -244.99000000000001  0
159.5  -106.9717369215  -244.99000000000001  0
159.5  -84.5  -244.99000000000001  0
159.5  84.5  -244.99000000000001  0
106.9717369215  -159.5  -244.99000000000001  0
-106.9717369215  -159.5  -244.99000000000001  0
-84.5  -159.5  -244.99000000000001  0
84.5  -159.5  -244.99000000000001  0
-84.5  139.5  -244.99000000000001  0
-139.5  84.5  -244.99000000000001  0
139.5  84.5  -244.99000000000001  0
84.5  139.5  -244.99000000000001  0
84.5  -139.5  -244.99000000000001  0
139.5  -84.5  -244.99000000000001  0
-139.5  -84.5  -244.99000000000001  0
-84.5  -139.5  -244.99000000000001  0
-73  174.5  -250  0
-73  174.5  -247.5  0
-73  174.5  -232.5  0
-73  174.5  -230  0
-73  194.5  -255  0
-73  194.5  -225  0
-58  194.5  -255  0
-58  194.5  -225  0
-58  174.5  -230  0
-58  174.5  -232.5  0
-58  174.5  -247.5  0
-58  174.5  -250  0
72  174.5  -744.92999999999995  0
72  174.5  -742.42999999999995  0
72  174.5  -727.42999999999995  0
72  174.5  -724.92999999999995  0
72  194.5  -749.92999999999995  0
72  194.5  -719.92999999999995  0
87  194.5  -749.92999999999995  0
87  194.5  -719.92999999999995  0
87  174.5  -724.92999999999995  0
87  174.5  -727.42999999999995  0
87  174.5  -742.42999999999995  0
87  174.5  -744.92999999999995  0
-18.646304967590002  12.4975  -10  0
-24.646304967590002  12.4975  -10  0
24.646304967590002  12.4975  -10  0
18.646304967590002  12.4975  -10  0
3  -24.995000000000001  -10  0
-3  -24.995000000000001  -10  0
-12.054294364223928  27.482887265408255  0  0
-14.975844209494543  26.006522168014868  0  0
-17.71921829666779  24.220743341556087  0  0
-20.251777213174396  22.146797167320841  0  0
-22.543389729110896  19.809358510156695  0  0
-24.566791284858432  17.236237148191702  0  0
-26.297908372367161  14.458046904789091  0  0
-27.716144950765678  11.507841419251752  0  0
-28.804627488653519  8.4207208897104522  0  0
-29.550405717675133  5.233414466989295  0  0
-29.944606708901123  1.9838432679357056  0  0
-29.982540438886275  -1.2893307927172806  0  0
-29.663755589427559  -4.547164984163758  0  0
-28.992044917142078  -7.7508990823591635  0  0
-27.975400128980191  -10.862416521472339  0  0
-26.625916800544356  -13.844697887385975  0  0
-24.959650468452086  -16.662261357786932  0  0
-22.996425608890465  -19.281584848690912  0  0
-20.759599775048137  -21.671504844895324  0  0
-18.275785699609905  -23.803587169257373  0  0
-15.574534668611694  -25.652465279553784  0  0
-12.687984933729105  -27.196142068020659  0  0
-9.6504793460297584  -28.416251572900201  0  0
-6.4981567604084036  -29.298277488269829  0  0
-3.2685220719883779  -29.831725872423554  0  0
0  34.010249999999999  0  0
11.743233618281316  27.61723319322498  0  0
14.384852118195312  26.338016907127837  0  0
16.88887696600159  24.806872835763901  0  0
19.231356721605533  23.038446642707004  0  0
21.389885152262217  21.049653636949287  0  0
23.343815552151391  18.859516974982018  0  0
25.074458231766577  16.488985700942717  0  0
26.565259288097522  13.960734365306456  0  0
27.801958945637232  11.298946138804355  0  0
28.772727953654247  8.5290814961227532  0  0
29.46828073506591  5.6776346819642489  0  0
29.881964204623806  2.7718802889161078  0  0
30.009821406849671  -0.16038762884703711  0  0
29.850629365013685  -3.0911214106020859  0  0
29.405910779122962  -5.9922880699078522  0  0
28.679919461026945  -8.8361374350735318  0  0
27.679599645955488  -11.595467584453889  0  0
26.414519569681914  -14.243885037636012  0  0
24.896779946657293  -16.756057213742828  0  0
23.140898224538741  -19.107954742044999  0  0
21.16366972223738  -21.277081307137799  0  0
18.984006979725702  -23.242688830172508  0  0
16.622758856251036  -24.98597592789659  0  0
14.10251110731304  -26.490267751206524  0  0
11.447370347921996  -27.741175483025522  0  0
8.6827334685668571  -28.726733969881245  0  0
5.8350447094702638  -29.437516170712897  0  0
2.9315427167588157  -29.86672332818447  0  0
-24.600728226626625  13.018444533000791  0  0
-24.465382829947728  13.523560429977007  0  0
-24.244381178943318  13.9975  0  0
-23.944438296946934  14.425862829059618  0  0
-23.574667796649621  14.795633329356935  0  0
-23.146304967590002  15.095576211353317  0  0
-22.67236539756701  15.316577862357725  0  0
-22.167249500590792  15.451923259036624  0  0
-21.646304967590002  15.4975  0  0
-21.125360434589211  15.451923259036624  0  0
-20.620244537612997  15.316577862357725  0  0
-20.146304967590002  15.095576211353317  0  0
-19.717942138530383  14.795633329356935  0  0
-19.348171638233069  14.42586282905962  0  0
-19.048228756236686  13.9975  0  0
-18.827227105232275  13.523560429977007  0  0
-18.691881708553378  13.018444533000793  0  0
-18.691881708553378  11.97655546699921  0  0
-18.827227105232275  11.471439570022994  0  0
-19.048228756236686  10.9975  0  0
-19.348171638233069  10.569137170940383  0  0
-19.717942138530383  10.199366670643066  0  0
-20.146304967590002  9.8994237886466845  0  0
-20.620244537612994  9.6784221376422757  0  0
-21.125360434589211  9.543076740963377  0  0
-21.646304967590002  9.4975000000000005  0  0
-22.167249500590792  9.543076740963377  0  0
-22.672365397567006  9.6784221376422757  0  0
-23.146304967590002  9.8994237886466845  0  0
-23.574667796649621  10.199366670643066  0  0
-23.944438296946934  10.569137170940381  0  0
-24.244381178943318  10.9975  0  0
-24.465382829947728  11.471439570022994  0  0
-24.600728226626625  11.976555466999208  0  0
18.691881708553378  13.018444533000791  0  0
18.827227105232275  13.523560429977007  0  0
19.048228756236686  13.9975  0  0
19.348171638233069  14.425862829059618  0  0
19.717942138530383  14.795633329356935  0  0
20.146304967590002  15.095576211353317  0  0
20.620244537612994  15.316577862357725  0  0
21.125360434589211  15.451923259036624  0  0
21.646304967590002  15.4975  0  0
22.167249500590792  15.451923259036624  0  0
22.672365397567006  15.316577862357725  0  0
23.146304967590002  15.095576211353317  0  0
23.574667796649621  14.795633329356935  0  0
23.944438296946934  14.42586282905962  0  0
24.244381178943318  13.9975  0  0
24.465382829947728  13.523560429977007  0  0
24.600728226626625  13.018444533000793  0  0
24.600728226626625  11.97655546699921  0  0
24.465382829947728  11.471439570022994  0  0
24.244381178943318  10.9975  0  0
23.944438296946934  10.569137170940383  0  0
23.574667796649621  10.199366670643066  0  0
23.146304967590002  9.8994237886466845  0  0
22.67236539756701  9.6784221376422757  0  0
22.167249500590792  9.543076740963377  0  0
21.646304967590002  9.4975000000000005  0  0
21.125360434589211  9.543076740963377  0  0
20.620244537612997  9.6784221376422757  0  0
20.146304967590002  9.8994237886466845  0  0
19.717942138530383  10.199366670643066  0  0
19.348171638233069  10.569137170940381  0  0
19.048228756236686  10.9975  0  0
18.827227105232275  11.471439570022994  0  0
18.691881708553378  11.976555466999208  0  0
-2.9630650217854133  -24.525696604879307  0  0
-2.8531695488854605  -24.067949016875158  0  0
-2.6730195725651038  -23.633028500781361  0  0
-2.4270509831248424  -23.231644243122581  0  0
-2.1213203435596428  -22.873679656440359  0  0
-1.7633557568774194  -22.567949016875158  0  0
-1.3619714992186407  -22.321980427434898  0  0
-0.92705098312484235  -22.14183045111454  0  0
-0.46930339512069275  -22.031934978214586  0  0
-1.8369701987210297e-16  -21.995000000000001  0  0
0.46930339512069241  -22.031934978214586  0  0
0.92705098312484202  -22.14183045111454  0  0
1.3619714992186402  -22.321980427434898  0  0
1.7633557568774192  -22.567949016875158  0  0
2.1213203435596424  -22.873679656440359  0  0
2.4270509831248419  -23.231644243122581  0  0
2.6730195725651034  -23.633028500781361  0  0
2.8531695488854605  -24.067949016875158  0  0
2.9630650217854129  -24.525696604879307  0  0
2.9544232590366239  -25.515944533000791  0  0
2.8190778623577253  -26.021060429977005  0  0
2.598076211353316  -26.495000000000001  0  0
2.2981333293569342  -26.92336282905962  0  0
1.9283628290596182  -27.293133329356934  0  0
1.5000000000000004  -27.593076211353317  0  0
1.0260604299770064  -27.814077862357728  0  0
0.52094453300079124  -27.949423259036625  0  0
1.8369701987210297e-16  -27.995000000000001  0  0
-0.52094453300079091  -27.949423259036625  0  0
-1.0260604299770062  -27.814077862357728  0  0
-1.4999999999999996  -27.593076211353317  0  0
-1.9283628290596182  -27.293133329356934  0  0
-2.2981333293569337  -26.92336282905962  0  0
-2.598076211353316  -26.495000000000001  0  0
-2.8190778623577248  -26.021060429977009  0  0
-2.9544232590366239  -25.515944533000795  0  0
-5.211225223828996  29.554326869834615  -135  0
-10.264110006239148  28.200410472940309  -135  0
-15.005124999999998  25.989638873921951  -135  0
-19.290216863595465  22.989185249111308  -135  0
-22.989185249111308  19.290216863595468  -135  0
-25.989638873921947  15.005125000000003  -135  0
-28.200410472940305  10.264110006239152  -135  0
-29.554326869834615  5.2112252238289987  -135  0
-30.010249999999999  1.8375978302055927e-15  -135  0
-29.554326869834615  -5.2112252238289951  -135  0
-28.200410472940309  -10.264110006239148  -135  0
-25.989638873921951  -15.005124999999994  -135  0
-22.989185249111308  -19.290216863595468  -135  0
-19.290216863595472  -22.989185249111305  -135  0
-15.005124999999998  -25.989638873921951  -135  0
-10.264110006239154  -28.200410472940305  -135  0
-5.2112252238290075  -29.554326869834615  -135  0
0  -30.010249999999999  -112.5  0
0  -30.010249999999999  -90  0
0  -30.010249999999999  -67.5  0
0  -30.010249999999999  -45  0
0  -30.010249999999999  -22.5  0
-8.9892500000000002  28.632059116078622  -13.75  0
-8.9892500000000002  28.632093244197243  -27.5  0
-8.9892500000000002  28.632127372315864  -41.249999999999993  0
-8.9892500000000002  28.632161500434485  -55  0
-8.9892500000000002  28.632195628553106  -68.75  0
-8.9892500000000002  28.632229756671727  -82.499999999999986  0
-8.9892500000000002  28.632263884790348  -96.25  0
-4.5471245650746459  29.663761785252301  -110  0
4.5471245650746459  29.663761785252298  -110  0
8.9892500000000002  28.632178563029008  -13.75  0
8.9892500000000002  28.632195627298017  -27.5  0
8.9892500000000002  28.632212691567027  -41.250000000000007  0
8.9892500000000002  28.632229755836036  -55  0
8.9892500000000002  28.632246820105046  -68.750000000000014  0
8.9892500000000002  28.632263884374055  -82.500000000000014  0
8.9892500000000002  28.632280948643064  -96.25  0
5.211225223828996  29.554326869834615  -135  0
10.264110006239148  28.200410472940309  -135  0
15.005124999999998  25.989638873921951  -135  0
19.290216863595465  22.989185249111308  -135  0
22.989185249111308  19.290216863595468  -135  0
25.989638873921947  15.005125000000003  -135  0
28.200410472940305  10.264110006239152  -135  0
29.554326869834615  5.2112252238289987  -135  0
30.010249999999999  1.8375978302055927e-15  -135  0
29.554326869834615  -5.2112252238289951  -135  0
28.200410472940309  -10.264110006239148  -135  0
25.989638873921951  -15.005124999999994  -135  0
22.989185249111308  -19.290216863595468  -135  0
19.290216863595472  -22.989185249111305  -135  0
15.005124999999998  -25.989638873921951  -135  0
10.264110006239154  -28.200410472940305  -135  0
5.2112252238290075  -29.554326869834615  -135  0
7.4762597755338165  149.80105372132311  -135  0
14.933932391290053  149.24217842011817  -135  0
22.354476898098966  148.31226354844148  -135  0
29.719444653119648  147.01362102118347  -135  0
37.010525186072918  145.34947946828385  -135  0
44.209591721955498  143.32397620784877  -135  0
51.298746247058752  140.94214696012642  -135  0
58.260364006250782  138.20991332791277  -135  0
65.077137320894749  135.13406807451409  -135  0
71.73211861846498  131.72225823586717  -135  0
78.208762566882484  127.98296610880296  -135  0
84.490967208817523  123.9254881627203  -135  0
90.563113993692539  119.5599119270981  -135  0
96.410106607859831  114.89709091230772  -135  0
102.01740850641579  109.94861762607609  -135  0
107.37107905334203  104.72679475268485  -135  0
112.45780818012304  99.244604566558962  -135  0
117.26494947667364  93.515676656286814  -135  0
121.78055163230704  87.554254039315552  -135  0
125.99338814857636  81.375157751565595  -135  0
129.8929852501185  74.993749999999991  -135  0
133.46964792411018  68.425895969757534  -135  0
136.71448402359709  61.687924380802599  -135  0
139.61942637477259  54.796586892154671  -135  0
142.1772528332427  47.76901645462452  -135  0
144.38160423941494  40.622684715598993  -135  0
146.22700022837128  33.375358581772716  -135  0
147.70885285491858  26.045056047818697  -135  0
148.82347799994332  18.650001400814666  -135  0
149.56810452971226  11.208579911793796  -135  0
149.94088118534745  3.7392921270641963  -135  0
149.94088118534745  -3.7392921270642114  -135  0
149.56810452971226  -11.208579911793811  -135  0
148.82347799994332  -18.650001400814681  -135  0
147.70885285491858  -26.045056047818711  -135  0
146.22700022837128  -33.375358581772701  -135  0
144.38160423941494  -40.622684715599  -135  0
142.17725283324268  -47.769016454624541  -135  0
139.61942637477259  -54.796586892154686  -135  0
136.71448402359709  -61.687924380802606  -135  0
133.46964792411015  -68.425895969757534  -135  0
129.8929852501185  -74.993750000000034  -135  0
125.99338814857636  -81.375157751565595  -135  0
121.78055163230702  -87.554254039315566  -135  0
117.26494947667365  -93.5156766562868  -135  0
112.45780818012302  -99.244604566558976  -135  0
107.37107905334204  -104.72679475268484  -135  0
102.01740850641578  -109.94861762607609  -135  0
96.410106607859802  -114.89709091230775  -135  0
90.563113993692539  -119.5599119270981  -135  0
84.490967208817494  -123.92548816272031  -135  0
78.208762566882484  -127.98296610880296  -135  0
71.732118618464952  -131.72225823586717  -135  0
65.077137320894764  -135.13406807451409  -135  0
58.260364006250768  -138.2099133279128  -135  0
51.298746247058709  -140.94214696012645  -135  0
44.209591721955498  -143.3239762078488  -135  0
37.01052518607289  -145.34947946828385  -135  0
29.719444653119652  -147.01362102118347  -135  0
22.354476898098941  -148.31226354844148  -135  0
14.933932391290064  -149.24217842011817  -135  0
7.4762597755337978  -149.80105372132311  -135  0
-13.072271965364379  149.41675228003569  -135  0
-26.045056047818715  147.70885285491858  -135  0
-38.819621527314332  144.87679987053164  -135  0
-51.298746247058737  140.94214696012645  -135  0
-63.387456532833163  135.93483920815953  -135  0
-74.993749999999991  129.8929852501185  -135  0
-86.029295747202525  122.86256724279517  -135  0
-96.410106607859817  114.89709091230772  -135  0
-106.0571783432173  106.05717834321732  -135  0
-114.89709091230772  96.410106607859831  -135  0
-122.86256724279517  86.029295747202525  -135  0
-129.8929852501185  74.99375000000002  -135  0
-135.93483920815953  63.387456532833163  -135  0
-140.94214696012642  51.298746247058759  -135  0
-144.87679987053164  38.819621527314332  -135  0
-147.70885285491858  26.045056047818729  -135  0
-149.41675228003569  13.072271965364409  -135  0
-149.98750000000001  9.1840855893556834e-15  -135  0
-149.41675228003569  -13.072271965364358  -135  0
-147.70885285491858  -26.045056047818711  -135  0
-144.87679987053164  -38.819621527314318  -135  0
-140.94214696012645  -51.298746247058737  -135  0
-135.93483920815956  -63.387456532833149  -135  0
-129.8929852501185  -74.993749999999977  -135  0
-122.86256724279519  -86.029295747202497  -135  0
-114.89709091230772  -96.410106607859831  -135  0
-106.05717834321732  -106.0571783432173  -135  0
-96.410106607859845  -114.8970909123077  -135  0
-86.029295747202582  -122.86256724279515  -135  0
-74.993749999999991  -129.8929852501185  -135  0
-63.38745653283317  -135.93483920815953  -135  0
-51.298746247058766  -140.94214696012642  -135  0
-38.819621527314375  -144.87679987053164  -135  0
-26.045056047818772  -147.70885285491858  -135  0
-13.072271965364385  -149.41675228003569  -135  0
7.4762597755338378  149.80105372132311  -140  0
14.933932391290076  149.24217842011817  -140  0
22.354476898098987  148.31226354844148  -140  0
29.719444653119666  147.01362102118347  -140  0
37.01052518607294  145.34947946828385  -140  0
44.209591721955526  143.32397620784877  -140  0
51.298746247058766  140.94214696012642  -140  0
58.260364006250796  138.20991332791277  -140  0
65.077137320894778  135.13406807451409  -140  0
71.732118618464995  131.72225823586714  -140  0
78.208762566882498  127.98296610880296  -140  0
84.490967208817537  123.92548816272028  -140  0
90.563113993692568  119.55991192709809  -140  0
96.410106607859845  114.8970909123077  -140  0
102.01740850641579  109.94861762607607  -140  0
107.37107905334203  104.72679475268484  -140  0
112.45780818012305  99.244604566558934  -140  0
117.26494947667365  93.515676656286786  -140  0
121.78055163230705  87.554254039315538  -140  0
125.99338814857636  81.375157751565581  -140  0
129.8929852501185  74.993749999999991  -140  0
133.46964792411018  68.425895969757534  -140  0
136.71448402359709  61.687924380802563  -140  0
139.61942637477262  54.796586892154636  -140  0
142.1772528332427  47.769016454624492  -140  0
144.38160423941497  40.622684715598957  -140  0
146.22700022837128  33.37535858177268  -140  0
147.70885285491858  26.045056047818697  -140  0
148.82347799994332  18.650001400814666  -140  0
149.56810452971226  11.208579911793796  -140  0
149.94088118534745  3.739292127064163  -140  0
149.94088118534745  -3.7392921270642447  -140  0
149.56810452971226  -11.208579911793844  -140  0
148.82347799994332  -18.650001400814716  -140  0
147.70885285491858  -26.045056047818743  -140  0
146.22700022837128  -33.37535858177273  -140  0
144.38160423941494  -40.622684715599  -140  0
142.17725283324268  -47.769016454624541  -140  0
139.61942637477259  -54.796586892154714  -140  0
136.71448402359707  -61.687924380802642  -140  0
133.46964792411015  -68.425895969757534  -140  0
129.8929852501185  -74.993750000000034  -140  0
125.9933881485763  -81.375157751565652  -140  0
121.78055163230702  -87.554254039315566  -140  0
117.26494947667359  -93.515676656286843  -140  0
112.45780818012302  -99.244604566558976  -140  0
107.371079053342  -104.7267947526849  -140  0
102.01740850641578  -109.94861762607609  -140  0
96.410106607859802  -114.89709091230775  -140  0
90.563113993692539  -119.5599119270981  -140  0
84.490967208817494  -123.92548816272031  -140  0
78.208762566882427  -127.98296610880298  -140  0
71.732118618464952  -131.72225823586717  -140  0
65.077137320894707  -135.13406807451412  -140  0
58.260364006250768  -138.2099133279128  -140  0
51.298746247058709  -140.94214696012645  -140  0
44.209591721955498  -143.3239762078488  -140  0
37.01052518607289  -145.34947946828385  -140  0
29.719444653119584  -147.0136210211835  -140  0
22.354476898098941  -148.31226354844148  -140  0
14.933932391289996  -149.24217842011817  -140  0
7.4762597755337978  -149.80105372132311  -140  0
-154.72564183622777  113.76808980714834  -140  0
-149.66189084566841  120.35165527943202  -140  0
-144.31821807135705  126.71011969337034  -140  0
-138.70461811115899  132.83159042425694  -140  0
-132.83159042425692  138.70461811115902  -140  0
-126.71011969337032  144.31821807135705  -140  0
-120.35165527943199  149.66189084566844  -140  0
-113.76808980714831  154.72564183622777  -140  0
-76.408383515357144  159.5  -140  0
-45.845030109214285  159.5  -140  0
-15.281676703071426  159.5  -140  0
15.281676703071426  159.5  -140  0
45.845030109214292  159.5  -140  0
76.408383515357144  159.5  -140  0
114.60292875025019  154.10831003506945  -140  0
121.96284653186667  148.35183371244301  -140  0
129.03406876843994  142.24419705935819  -140  0
135.79985732687646  135.79985732687646  -140  0
142.24419705935819  129.03406876843994  -140  0
148.35183371244304  121.96284653186667  -140  0
154.10831003506945  114.60292875025017  -140  0
159.5  83.200239827833329  -140  0
159.5  59.428742734166661  -140  0
159.5  35.657245640499994  -140  0
159.5  11.885748546833327  -140  0
159.5  -11.885748546833341  -140  0
159.5  -35.657245640500008  -140  0
159.5  -59.42874273416669  -140  0
159.5  -83.200239827833343  -140  0
154.10831003506945  -114.60292875025019  -140  0
148.35183371244301  -121.96284653186667  -140  0
142.24419705935819  -129.03406876843994  -140  0
135.79985732687646  -135.79985732687646  -140  0
129.03406876843994  -142.24419705935819  -140  0
121.96284653186667  -148.35183371244304  -140  0
114.60292875025017  -154.10831003506945  -140  0
76.408383515357144  -159.5  -140  0
45.845030109214285  -159.5  -140  0
15.281676703071426  -159.5  -140  0
-15.281676703071426  -159.5  -140  0
-45.845030109214292  -159.5  -140  0
-76.408383515357144  -159.5  -140  0
-113.76808980714834  -154.72564183622777  -140  0
-120.35165527943202  -149.66189084566841  -140  0
-126.71011969337034  -144.31821807135705  -140  0
-132.83159042425694  -138.70461811115899  -140  0
-138.70461811115902  -132.83159042425692  -140  0
-144.31821807135705  -126.71011969337034  -140  0
-149.66189084566844  -120.35165527943199  -140  0
-154.72564183622777  -113.76808980714831  -140  0
-159.5  -80.228802691124997  -140  0
-159.5  -53.485868460749998  -140  0
-159.5  -26.742934230374999  -140  0
-159.5  0  -140  0
-159.5  26.742934230374999  -140  0
-159.5  53.485868460749998  -140  0
-159.5  80.228802691124997  -140  0
-13.072271965364379  -149.41675228003569  -140  0
-26.045056047818715  -147.70885285491858  -140  0
-38.819621527314332  -144.87679987053164  -140  0
-51.298746247058737  -140.94214696012645  -140  0
-63.387456532833163  -135.93483920815953  -140  0
-74.993749999999991  -129.8929852501185  -140  0
-86.029295747202525  -122.86256724279517  -140  0
-96.410106607859817  -114.89709091230772  -140  0
-106.0571783432173  -106.05717834321732  -140  0
-114.89709091230772  -96.410106607859831  -140  0
-122.86256724279517  -86.029295747202525  -140  0
-129.8929852501185  -74.99375000000002  -140  0
-135.93483920815953  -63.387456532833163  -140  0
-140.94214696012642  -51.298746247058759  -140  0
-144.87679987053164  -38.819621527314332  -140  0
-147.70885285491858  -26.045056047818729  -140  0
-149.41675228003569  -13.072271965364409  -140  0
-149.98750000000001  -9.1840855893556834e-15  -140  0
-149.41675228003569  13.072271965364358  -140  0
-147.70885285491858  26.045056047818711  -140  0
-144.87679987053164  38.819621527314318  -140  0
-140.94214696012645  51.298746247058737  -140  0
-135.93483920815956  63.387456532833149  -140  0
-129.8929852501185  74.993749999999977  -140  0
-122.86256724279519  86.029295747202497  -140  0
-114.89709091230772  96.410106607859831  -140  0
-106.05717834321732  106.0571783432173  -140  0
-96.410106607859845  114.8970909123077  -140  0
-86.029295747202582  122.86256724279515  -140  0
-74.993749999999991  129.8929852501185  -140  0
-63.38745653283317  135.93483920815953  -140  0
-51.298746247058766  140.94214696012642  -140  0
-38.819621527314375  144.87679987053164  -140  0
-26.045056047818772  147.70885285491858  -140  0
-13.072271965364385  149.41675228003569  -140  0
114.30026742395749  -122.10767833665579  -140  0
114.73450057163564  -120.48709816719044  -140  0
115.44354753527477  -118.9665420467  -140  0
116.40586428167984  -117.59221130346705  -140  0
117.59221130346705  -116.40586428167984  -140  0
118.9665420467  -115.44354753527477  -140  0
120.48709816719044  -114.73450057163564  -140  0
122.10767833665579  -114.30026742395749  -140  0
123.7790420467  -114.1540420467  -140  0
125.4504057567442  -114.30026742395749  -140  0
127.07098592620956  -114.73450057163564  -140  0
128.5915420467  -115.44354753527477  -140  0
129.96587278993294  -116.40586428167984  -140  0
131.15221981172016  -117.59221130346705  -140  0
132.11453655812522  -118.9665420467  -140  0
132.82358352176436  -120.48709816719044  -140  0
133.25781666944249  -122.10767833665579  -140  0
133.25781666944249  -125.4504057567442  -140  0
132.82358352176436  -127.07098592620956  -140  0
132.11453655812522  -128.5915420467  -140  0
131.15221981172016  -129.96587278993294  -140  0
129.96587278993294  -131.15221981172016  -140  0
128.5915420467  -132.11453655812522  -140  0
127.07098592620956  -132.82358352176436  -140  0
125.4504057567442  -133.25781666944249  -140  0
123.7790420467  -133.4040420467  -140  0
122.10767833665579  -133.25781666944249  -140  0
120.48709816719044  -132.82358352176436  -140  0
118.9665420467  -132.11453655812522  -140  0
117.59221130346705  -131.15221981172016  -140  0
116.40586428167984  -129.96587278993294  -140  0
115.44354753527477  -128.5915420467  -140  0
114.73450057163564  -127.07098592620956  -140  0
114.30026742395749  -125.4504057567442  -140  0
114.30026742395749  125.4504057567442  -140  0
114.73450057163564  127.07098592620956  -140  0
115.44354753527477  128.5915420467  -140  0
116.40586428167984  129.96587278993294  -140  0
117.59221130346705  131.15221981172016  -140  0
118.9665420467  132.11453655812522  -140  0
120.48709816719044  132.82358352176436  -140  0
122.10767833665579  133.25781666944249  -140  0
123.7790420467  133.4040420467  -140  0
125.4504057567442  133.25781666944249  -140  0
127.07098592620956  132.82358352176436  -140  0
128.5915420467  132.11453655812522  -140  0
129.96587278993294  131.15221981172016  -140  0
131.15221981172016  129.96587278993294  -140  0
132.11453655812522  128.5915420467  -140  0
132.82358352176436  127.07098592620956  -140  0
133.25781666944249  125.4504057567442  -140  0
133.25781666944249  122.10767833665579  -140  0
132.82358352176436  120.48709816719044  -140  0
132.11453655812522  118.9665420467  -140  0
131.15221981172016  117.59221130346705  -140  0
129.96587278993294  116.40586428167984  -140  0
128.5915420467  115.44354753527477  -140  0
127.07098592620956  114.73450057163564  -140  0
125.4504057567442  114.30026742395749  -140  0
123.7790420467  114.1540420467  -140  0
122.10767833665579  114.30026742395749  -140  0
120.48709816719044  114.73450057163564  -140  0
118.9665420467  115.44354753527477  -140  0
117.59221130346705  116.40586428167984  -140  0
116.40586428167984  117.59221130346705  -140  0
115.44354753527477  118.9665420467  -140  0
114.73450057163564  120.48709816719044  -140  0
114.30026742395749  122.10767833665579  -140  0
-133.25781666944249  125.4504057567442  -140  0
-132.82358352176436  127.07098592620956  -140  0
-132.11453655812522  128.5915420467  -140  0
-131.15221981172016  129.96587278993294  -140  0
-129.96587278993294  131.15221981172016  -140  0
-128.5915420467  132.11453655812522  -140  0
-127.07098592620956  132.82358352176436  -140  0
-125.4504057567442  133.25781666944249  -140  0
-123.7790420467  133.4040420467  -140  0
-122.10767833665579  133.25781666944249  -140  0
-120.48709816719044  132.82358352176436  -140  0
-118.9665420467  132.11453655812522  -140  0
-117.59221130346705  131.15221981172016  -140  0
-116.40586428167984  129.96587278993294  -140  0
-115.44354753527477  128.5915420467  -140  0
-114.73450057163564  127.07098592620956  -140  0
-114.30026742395749  125.4504057567442  -140  0
-114.30026742395749  122.10767833665579  -140  0
-114.73450057163564  120.48709816719044  -140  0
-115.44354753527477  118.9665420467  -140  0
-116.40586428167984  117.59221130346705  -140  0
-117.59221130346705  116.40586428167984  -140  0
-118.9665420467  115.44354753527477  -140  0
-120.48709816719044  114.73450057163564  -140  0
-122.10767833665579  114.30026742395749  -140  0
-123.7790420467  114.1540420467  -140  0
-125.4504057567442  114.30026742395749  -140  0
-127.07098592620956  114.73450057163564  -140  0
-128.5915420467  115.44354753527477  -140  0
-129.96587278993294  116.40586428167984  -140  0
-131.15221981172016  117.59221130346705  -140  0
-132.11453655812522  118.9665420467  -140  0
-132.82358352176436  120.48709816719044  -140  0
-133.25781666944249  122.10767833665579  -140  0
-133.25781666944249  -122.10767833665579  -140  0
-132.82358352176436  -120.48709816719044  -140  0
-132.11453655812522  -118.9665420467  -140  0
-131.15221981172016  -117.59221130346705  -140  0
-129.96587278993294  -116.40586428167984  -140  0
-128.5915420467  -115.44354753527477  -140  0
-127.07098592620956  -114.73450057163564  -140  0
-125.4504057567442  -114.30026742395749  -140  0
-123.7790420467  -114.1540420467  -140  0
-122.10767833665579  -114.30026742395749  -140  0
-120.48709816719044  -114.73450057163564  -140  0
-118.9665420467  -115.44354753527477  -140  0
-117.59221130346705  -116.40586428167984  -140  0
-116.40586428167984  -117.59221130346705  -140  0
-115.44354753527477  -118.9665420467  -140  0
-114.73450057163564  -120.48709816719044  -140  0
-114.30026742395749  -122.10767833665579  -140  0
-114.30026742395749  -125.4504057567442  -140  0
-114.73450057163564  -127.07098592620956  -140  0
-115.44354753527477  -128.5915420467  -140  0
-116.40586428167984  -129.96587278993294  -140  0
-117.59221130346705  -131.15221981172016  -140  0
-118.9665420467  -132.11453655812522  -140  0
-120.48709816719044  -132.82358352176436  -140  0
-122.10767833665579  -133.25781666944249  -140  0
-123.7790420467  -133.4040420467  -140  0
-125.4504057567442  -133.25781666944249  -140  0
-127.07098592620956  -132.82358352176436  -140  0
-128.5915420467  -132.11453655812522  -140  0
-129.96587278993294  -131.15221981172016  -140  0
-131.15221981172016  -129.96587278993294  -140  0
-132.11453655812522  -128.5915420467  -140  0
-132.82358352176436  -127.07098592620956  -140  0
-133.25781666944249  -125.4504057567442  -140  0
-154.10831003506945  114.60292875025019  -160  0
-148.35183371244301  121.96284653186667  -160  0
-142.24419705935819  129.03406876843994  -160  0
-135.79985732687646  135.79985732687646  -160  0
-129.03406876843994  142.24419705935819  -160  0
-121.96284653186667  148.35183371244304  -160  0
-114.60292875025017  154.10831003506945  -160  0
-106.9717369215  159.5  -657.42499999999995  0
-106.9717369215  159.5  -697.42499999999995  0
-106.9717369215  159.5  -737.42499999999995  0
-156.46446632083959  111.36459616473658  -777.42499999999995  0
-153.30798153031478  115.67136767195528  -777.42499999999995  0
-150.03298567345013  119.88872219650317  -777.42499999999995  0
-146.64201040741946  124.01339961338968  -777.42499999999995  0
-143.13767704450348  128.04221143944451  -777.42499999999995  0
-139.52269452574691  131.97204329809821  -777.42499999999995  0
-135.79985732687646  135.79985732687646  -777.42499999999995  0
-131.97204329809821  139.52269452574694  -777.42499999999995  0
-128.04221143944451  143.1376770445035  -777.42499999999995  0
-124.01339961338967  146.64201040741949  -777.42499999999995  0
-119.88872219650317  150.03298567345013  -777.42499999999995  0
-115.67136767195528  153.30798153031481  -777.42499999999995  0
-111.36459616473658  156.46446632083959  -777.42499999999995  0
-159.5  106.9717369215  -289.35958333333332  0
-159.5  106.9717369215  -333.72916666666669  0
-159.5  106.9717369215  -378.09875  0
-159.5  106.9717369215  -422.46833333333336  0
-159.5  106.9717369215  -466.83791666666667  0
-159.5  106.9717369215  -511.20749999999998  0
-159.5  106.9717369215  -555.57708333333335  0
-159.5  106.9717369215  -599.94666666666672  0
-159.5  106.9717369215  -644.31624999999997  0
-159.5  106.9717369215  -688.68583333333333  0
-159.5  106.9717369215  -733.05541666666659  0
-135.79985732687646  135.79985732687646  -244.99000000000001  0
-106.9717369215  159.5  -282.23349999999999  0
-106.9717369215  159.5  -319.47699999999998  0
-106.9717369215  159.5  -356.72050000000002  0
-106.9717369215  159.5  -393.964  0
-106.9717369215  159.5  -431.20749999999998  0
-106.9717369215  159.5  -468.45100000000002  0
-106.9717369215  159.5  -505.69450000000001  0
-106.9717369215  159.5  -542.93799999999999  0
-106.9717369215  159.5  -580.18149999999991  0
-133.38888888888889  90.611111111111114  -160  0
-127.27777777777777  96.722222222222229  -160  0
-121.16666666666667  102.83333333333333  -160  0
-115.05555555555556  108.94444444444444  -160  0
-108.94444444444444  115.05555555555556  -160  0
-102.83333333333333  121.16666666666667  -160  0
-96.722222222222214  127.27777777777779  -160  0
-90.6111111111111  133.38888888888889  -160  0
-133.25781666944249  125.4504057567442  -160  0
-132.82358352176436  127.07098592620956  -160  0
-132.11453655812522  128.5915420467  -160  0
-131.15221981172016  129.96587278993294  -160  0
-129.96587278993294  131.15221981172016  -160  0
-128.5915420467  132.11453655812522  -160  0
-127.07098592620956  132.82358352176436  -160  0
-125.4504057567442  133.25781666944249  -160  0
-123.7790420467  133.4040420467  -160  0
-122.10767833665579  133.25781666944249  -160  0
-120.48709816719044  132.82358352176436  -160  0
-118.9665420467  132.11453655812522  -160  0
-117.59221130346705  131.15221981172016  -160  0
-116.40586428167984  129.96587278993294  -160  0
-115.44354753527477  128.5915420467  -160  0
-114.73450057163564  127.07098592620956  -160  0
-114.30026742395749  125.4504057567442  -160  0
-114.30026742395749  122.10767833665579  -160  0
-114.73450057163564  120.48709816719044  -160  0
-115.44354753527477  118.9665420467  -160  0
-116.40586428167984  117.59221130346705  -160  0
-117.59221130346705  116.40586428167984  -160  0
-118.9665420467  115.44354753527477  -160  0
-120.48709816719044  114.73450057163564  -160  0
-122.10767833665579  114.30026742395749  -160  0
-123.7790420467  114.1540420467  -160  0
-125.4504057567442  114.30026742395749  -160  0
-127.07098592620956  114.73450057163564  -160  0
-128.5915420467  115.44354753527477  -160  0
-129.96587278993294  116.40586428167984  -160  0
-131.15221981172016  117.59221130346705  -160  0
-132.11453655812522  118.9665420467  -160  0
-132.82358352176436  120.48709816719044  -160  0
-133.25781666944249  122.10767833665579  -160  0
91.375  132.625  -160  0
98.25  125.75  -160  0
105.125  118.875  -160  0
112  112  -160  0
118.875  105.125  -160  0
125.75  98.25  -160  0
132.625  91.374999999999986  -160  0
113.76808980714834  154.72564183622777  -160  0
120.35165527943202  149.66189084566841  -160  0
126.71011969337034  144.31821807135705  -160  0
132.83159042425694  138.70461811115899  -160  0
138.70461811115902  132.83159042425692  -160  0
144.31821807135705  126.71011969337034  -160  0
149.66189084566844  120.35165527943199  -160  0
154.72564183622777  113.76808980714831  -160  0
114.30026742395749  125.4504057567442  -160  0
114.73450057163564  127.07098592620956  -160  0
115.44354753527477  128.5915420467  -160  0
116.40586428167984  129.96587278993294  -160  0
117.59221130346705  131.15221981172016  -160  0
118.9665420467  132.11453655812522  -160  0
120.48709816719044  132.82358352176436  -160  0
122.10767833665579  133.25781666944249  -160  0
123.7790420467  133.4040420467  -160  0
125.4504057567442  133.25781666944249  -160  0
127.07098592620956  132.82358352176436  -160  0
128.5915420467  132.11453655812522  -160  0
129.96587278993294  131.15221981172016  -160  0
131.15221981172016  129.96587278993294  -160  0
132.11453655812522  128.5915420467  -160  0
132.82358352176436  127.07098592620956  -160  0
133.25781666944249  125.4504057567442  -160  0
133.25781666944249  122.10767833665579  -160  0
132.82358352176436  120.48709816719044  -160  0
132.11453655812522  118.9665420467  -160  0
131.15221981172016  117.59221130346705  -160  0
129.96587278993294  116.40586428167984  -160  0
128.5915420467  115.44354753527477  -160  0
127.07098592620956  114.73450057163564  -160  0
125.4504057567442  114.30026742395749  -160  0
123.7790420467  114.1540420467  -160  0
122.10767833665579  114.30026742395749  -160  0
120.48709816719044  114.73450057163564  -160  0
118.9665420467  115.44354753527477  -160  0
117.59221130346705  116.40586428167984  -160  0
116.40586428167984  117.59221130346705  -160  0
115.44354753527477  118.9665420467  -160  0
114.73450057163564  120.48709816719044  -160  0
114.30026742395749  122.10767833665579  -160  0
133.38888888888889  -90.611111111111114  -160  0
127.27777777777777  -96.722222222222229  -160  0
121.16666666666667  -102.83333333333333  -160  0
115.05555555555556  -108.94444444444444  -160  0
108.94444444444444  -115.05555555555556  -160  0
102.83333333333333  -121.16666666666667  -160  0
96.722222222222214  -127.27777777777779  -160  0
90.6111111111111  -133.38888888888889  -160  0
154.10831003506945  -114.60292875025019  -160  0
148.35183371244301  -121.96284653186667  -160  0
142.24419705935819  -129.03406876843994  -160  0
135.79985732687646  -135.79985732687646  -160  0
129.03406876843994  -142.24419705935819  -160  0
121.96284653186667  -148.35183371244304  -160  0
114.60292875025017  -154.10831003506945  -160  0
114.30026742395749  -122.10767833665579  -160  0
114.73450057163564  -120.48709816719044  -160  0
115.44354753527477  -118.9665420467  -160  0
116.40586428167984  -117.59221130346705  -160  0
117.59221130346705  -116.40586428167984  -160  0
118.9665420467  -115.44354753527477  -160  0
120.48709816719044  -114.73450057163564  -160  0
122.10767833665579  -114.30026742395749  -160  0
123.7790420467  -114.1540420467  -160  0
125.4504057567442  -114.30026742395749  -160  0
127.07098592620956  -114.73450057163564  -160  0
128.5915420467  -115.44354753527477  -160  0
129.96587278993294  -116.40586428167984  -160  0
131.15221981172016  -117.59221130346705  -160  0
132.11453655812522  -118.9665420467  -160  0
132.82358352176436  -120.48709816719044  -160  0
133.25781666944249  -122.10767833665579  -160  0
133.25781666944249  -125.4504057567442  -160  0
132.82358352176436  -127.07098592620956  -160  0
132.11453655812522  -128.5915420467  -160  0
131.15221981172016  -129.96587278993294  -160  0
129.96587278993294  -131.15221981172016  -160  0
128.5915420467  -132.11453655812522  -160  0
127.07098592620956  -132.82358352176436  -160  0
125.4504057567442  -133.25781666944249  -160  0
123.7790420467  -133.4040420467  -160  0
122.10767833665579  -133.25781666944249  -160  0
120.48709816719044  -132.82358352176436  -160  0
118.9665420467  -132.11453655812522  -160  0
117.59221130346705  -131.15221981172016  -160  0
116.40586428167984  -129.96587278993294  -160  0
115.44354753527477  -128.5915420467  -160  0
114.73450057163564  -127.07098592620956  -160  0
114.30026742395749  -125.4504057567442  -160  0
-90.611111111111114  -133.38888888888889  -160  0
-96.722222222222229  -127.27777777777777  -160  0
-102.83333333333333  -121.16666666666667  -160  0
-108.94444444444444  -115.05555555555556  -160  0
-115.05555555555556  -108.94444444444444  -160  0
-121.16666666666667  -102.83333333333333  -160  0
-127.27777777777779  -96.722222222222214  -160  0
-133.38888888888889  -90.6111111111111  -160  0
-113.76808980714834  -154.72564183622777  -160  0
-120.35165527943202  -149.66189084566841  -160  0
-126.71011969337034  -144.31821807135705  -160  0
-132.83159042425694  -138.70461811115899  -160  0
-138.70461811115902  -132.83159042425692  -160  0
-144.31821807135705  -126.71011969337034  -160  0
-149.66189084566844  -120.35165527943199  -160  0
-154.72564183622777  -113.76808980714831  -160  0
-133.25781666944249  -122.10767833665579  -160  0
-132.82358352176436  -120.48709816719044  -160  0
-132.11453655812522  -118.9665420467  -160  0
-131.15221981172016  -117.59221130346705  -160  0
-129.96587278993294  -116.40586428167984  -160  0
-128.5915420467  -115.44354753527477  -160  0
-127.07098592620956  -114.73450057163564  -160  0
-125.4504057567442  -114.30026742395749  -160  0
-123.7790420467  -114.1540420467  -160  0
-122.10767833665579  -114.30026742395749  -160  0
-120.48709816719044  -114.73450057163564  -160  0
-118.9665420467  -115.44354753527477  -160  0
-117.59221130346705  -116.40586428167984  -160  0
-116.40586428167984  -117.59221130346705  -160  0
-115.44354753527477  -118.9665420467  -160  0
-114.73450057163564  -120.48709816719044  -160  0
-114.30026742395749  -122.10767833665579  -160  0
-114.30026742395749  -125.4504057567442  -160  0
-114.73450057163564  -127.07098592620956  -160  0
-115.44354753527477  -128.5915420467  -160  0
-116.40586428167984  -129.96587278993294  -160  0
-117.59221130346705  -131.15221981172016  -160  0
-118.9665420467  -132.11453655812522  -160  0
-120.48709816719044  -132.82358352176436  -160  0
-122.10767833665579  -133.25781666944249  -160  0
-123.7790420467  -133.4040420467  -160  0
-125.4504057567442  -133.25781666944249  -160  0
-127.07098592620956  -132.82358352176436  -160  0
-128.5915420467  -132.11453655812522  -160  0
-129.96587278993294  -131.15221981172016  -160  0
-131.15221981172016  -129.96587278993294  -160  0
-132.11453655812522  -128.5915420467  -160  0
-132.82358352176436  -127.07098592620956  -160  0
-133.25781666944249  -125.4504057567442  -160  0
-159.5  -64.183042152900001  -777.42499999999995  0
-159.5  -21.394347384300005  -777.42499999999995  0
-159.5  21.394347384299977  -777.42499999999995  0
-159.5  64.183042152899986  -777.42499999999995  0
-159.5  84.5  -202.495  0
-159.5  -84.5  -202.495  0
-159.5  -106.9717369215  -289.35958333333332  0
-159.5  -106.9717369215  -333.72916666666669  0
-159.5  -106.9717369215  -378.09875  0
-159.5  -106.9717369215  -422.46833333333336  0
-159.5  -106.9717369215  -466.83791666666667  0
-159.5  -106.9717369215  -511.20749999999998  0
-159.5  -106.9717369215  -555.57708333333335  0
-159.5  -106.9717369215  -599.94666666666672  0
-159.5  -106.9717369215  -644.31624999999997  0
-159.5  -106.9717369215  -688.68583333333333  0
-159.5  -106.9717369215  -733.05541666666659  0
35.657245640500001  159.5  -777.42499999999995  0
71.314491281000002  159.5  -777.42499999999995  0
0  206.23333333333332  -777.42499999999995  0
0  252.96666666666664  -777.42499999999995  0
-26.742934230374999  299.69999999999999  -777.42499999999995  0
-53.485868460749998  299.69999999999999  -777.42499999999995  0
-80.228802691124997  299.69999999999999  -777.42499999999995  0
-106.9717369215  252.96666666666667  -777.42499999999995  0
-106.9717369215  206.23333333333335  -777.42499999999995  0
-111.36459616473658  -156.46446632083959  -777.42499999999995  0
-115.67136767195528  -153.30798153031478  -777.42499999999995  0
-119.88872219650318  -150.03298567345016  -777.42499999999995  0
-124.01339961338968  -146.64201040741946  -777.42499999999995  0
-128.04221143944451  -143.1376770445035  -777.42499999999995  0
-131.97204329809821  -139.52269452574691  -777.42499999999995  0
-135.79985732687646  -135.79985732687646  -777.42499999999995  0
-139.52269452574694  -131.97204329809821  -777.42499999999995  0
-143.1376770445035  -128.04221143944451  -777.42499999999995  0
-146.64201040741949  -124.01339961338967  -777.42499999999995  0
-150.03298567345013  -119.88872219650317  -777.42499999999995  0
-153.30798153031481  -115.67136767195528  -777.42499999999995  0
-156.46446632083959  -111.36459616473658  -777.42499999999995  0
64.183042152900001  -159.5  -777.42499999999995  0
21.394347384300005  -159.5  -777.42499999999995  0
-21.394347384299977  -159.5  -777.42499999999995  0
-64.183042152899986  -159.5  -777.42499999999995  0
156.46446632083959  -111.36459616473658  -777.42499999999995  0
153.30798153031478  -115.67136767195528  -777.42499999999995  0
150.03298567345013  -119.88872219650317  -777.42499999999995  0
146.64201040741946  -124.01339961338968  -777.42499999999995  0
143.13767704450348  -128.04221143944451  -777.42499999999995  0
139.52269452574691  -131.97204329809821  -777.42499999999995  0
135.79985732687646  -135.79985732687646  -777.42499999999995  0
131.97204329809821  -139.52269452574694  -777.42499999999995  0
128.04221143944451  -143.1376770445035  -777.42499999999995  0
124.01339961338967  -146.64201040741949  -777.42499999999995  0
119.88872219650317  -150.03298567345013  -777.42499999999995  0
115.67136767195528  -153.30798153031481  -777.42499999999995  0
111.36459616473658  -156.46446632083959  -777.42499999999995  0
159.5  71.314491280999988  -777.42499999999995  0
159.5  35.657245640499994  -777.42499999999995  0
159.5  0  -777.42499999999995  0
159.5  -35.657245640500008  -777.42499999999995  0
159.5  -71.314491281000016  -777.42499999999995  0
111.36459616473658  156.46446632083959  -777.42499999999995  0
115.67136767195528  153.30798153031478  -777.42499999999995  0
119.88872219650318  150.03298567345016  -777.42499999999995  0
124.01339961338968  146.64201040741946  -777.42499999999995  0
128.04221143944451  143.1376770445035  -777.42499999999995  0
131.97204329809821  139.52269452574691  -777.42499999999995  0
135.79985732687646  135.79985732687646  -777.42499999999995  0
139.52269452574694  131.97204329809821  -777.42499999999995  0
143.1376770445035  128.04221143944451  -777.42499999999995  0
146.64201040741949  124.01339961338967  -777.42499999999995  0
150.03298567345013  119.88872219650317  -777.42499999999995  0
153.30798153031481  115.67136767195528  -777.42499999999995  0
156.46446632083959  111.36459616473658  -777.42499999999995  0
-135  122.14285714285714  -777.42499999999995  0
-135  109.28571428571428  -777.42499999999995  0
-135  96.428571428571431  -777.42499999999995  0
-135  83.571428571428569  -777.42499999999995  0
-135  70.714285714285708  -777.42499999999995  0
-135  57.857142857142861  -777.42499999999995  0
-135  45  -777.42499999999995  0
-135  32.142857142857139  -777.42499999999995  0
-135  19.285714285714278  -777.42499999999995  0
-135  6.4285714285714164  -777.42499999999995  0
-135  -6.4285714285714448  -777.42499999999995  0
-135  -19.285714285714278  -777.42499999999995  0
-135  -32.142857142857139  -777.42499999999995  0
-135  -45  -777.42499999999995  0
-135  -57.857142857142861  -777.42499999999995  0
-135  -70.714285714285722  -777.42499999999995  0
-135  -83.571428571428584  -777.42499999999995  0
-135  -96.428571428571445  -777.42499999999995  0
-135  -109.28571428571431  -777.42499999999995  0
-135  -122.14285714285717  -777.42499999999995  0
122.14285714285714  135  -777.42499999999995  0
109.28571428571428  135  -777.42499999999995  0
96.428571428571431  135  -777.42499999999995  0
83.571428571428569  135  -777.42499999999995  0
70.714285714285708  135  -777.42499999999995  0
57.857142857142861  135  -777.42499999999995  0
45  135  -777.42499999999995  0
32.142857142857139  135  -777.42499999999995  0
19.285714285714278  135  -777.42499999999995  0
6.4285714285714164  135  -777.42499999999995  0
-6.4285714285714448  135  -777.42499999999995  0
-19.285714285714278  135  -777.42499999999995  0
-32.142857142857139  135  -777.42499999999995  0
-45  135  -777.42499999999995  0
-57.857142857142861  135  -777.42499999999995  0
-70.714285714285722  135  -777.42499999999995  0
-83.571428571428584  135  -777.42499999999995  0
-96.428571428571445  135  -777.42499999999995  0
-109.28571428571431  135  -777.42499999999995  0
-122.14285714285717  135  -777.42499999999995  0
135  -122.14285714285714  -777.42499999999995  0
135  -109.28571428571428  -777.42499999999995  0
135  -96.428571428571431  -777.42499999999995  0
135  -83.571428571428569  -777.42499999999995  0
135  -70.714285714285708  -777.42499999999995  0
135  -57.857142857142861  -777.42499999999995  0
135  -45  -777.42499999999995  0
135  -32.142857142857139  -777.42499999999995  0
135  -19.285714285714278  -777.42499999999995  0
135  -6.4285714285714164  -777.42499999999995  0
135  6.4285714285714448  -777.42499999999995  0
135  19.285714285714278  -777.42499999999995  0
135  32.142857142857139  -777.42499999999995  0
135  45  -777.42499999999995  0
135  57.857142857142861  -777.42499999999995  0
135  70.714285714285722  -777.42499999999995  0
135  83.571428571428584  -777.42499999999995  0
135  96.428571428571445  -777.42499999999995  0
135  109.28571428571431  -777.42499999999995  0
135  122.14285714285717  -777.42499999999995  0
-122.14285714285714  -135  -777.42499999999995  0
-109.28571428571428  -135  -777.42499999999995  0
-96.428571428571431  -135  -777.42499999999995  0
-83.571428571428569  -135  -777.42499999999995  0
-70.714285714285708  -135  -777.42499999999995  0
-57.857142857142861  -135  -777.42499999999995  0
-45  -135  -777.42499999999995  0
-32.142857142857139  -135  -777.42499999999995  0
-19.285714285714278  -135  -777.42499999999995  0
-6.4285714285714164  -135  -777.42499999999995  0
6.4285714285714448  -135  -777.42499999999995  0
19.285714285714278  -135  -777.42499999999995  0
32.142857142857139  -135  -777.42499999999995  0
45  -135  -777.42499999999995  0
57.857142857142861  -135  -777.42499999999995  0
70.714285714285722  -135  -777.42499999999995  0
83.571428571428584  -135  -777.42499999999995  0
96.428571428571445  -135  -777.42499999999995  0
109.28571428571431  -135  -777.42499999999995  0
122.14285714285717  -135  -777.42499999999995  0
-135  90  -819.91999999999996  0
-135  45  -819.91999999999996  0
-135  0  -819.91999999999996  0
-135  -45  -819.91999999999996  0
-135  -90  -819.91999999999996  0
-90  -135  -819.91999999999996  0
-45  -135  -819.91999999999996  0
0  -135  -819.91999999999996  0
45  -135  -819.91999999999996  0
90  -135  -819.91999999999996  0
135  -90  -819.91999999999996  0
135  -45  -819.91999999999996  0
135  0  -819.91999999999996  0
135  45  -819.91999999999996  0
135  90  -819.91999999999996  0
90  135  -819.91999999999996  0
45  135  -819.91999999999996  0
0  135  -819.91999999999996  0
-45  135  -819.91999999999996  0
-90  135  -819.91999999999996  0
-120  72  -819.91999999999996  0
-120  24  -819.91999999999996  0
-120  -24  -819.91999999999996  0
-120  -72  -819.91999999999996  0
72  120  -819.91999999999996  0
24  120  -819.91999999999996  0
-24  120  -819.91999999999996  0
-72  120  -819.91999999999996  0
120  -72  -819.91999999999996  0
120  -24  -819.91999999999996  0
120  24  -819.91999999999996  0
120  72  -819.91999999999996  0
-72  -120  -819.91999999999996  0
-24  -120  -819.91999999999996  0
24  -120  -819.91999999999996  0
72  -120  -819.91999999999996  0
-120  72  -989.89999999999998  0
-120  24  -989.89999999999998  0
-120  -24  -989.89999999999998  0
-120  -72  -989.89999999999998  0
-120  120  -947.40499999999997  0
-120  120  -904.90999999999997  0
-120  120  -862.41499999999996  0
-120  -120  -947.40499999999997  0
-120  -120  -904.90999999999997  0
-120  -120  -862.41499999999996  0
-72  -120  -989.89999999999998  0
-24  -120  -989.89999999999998  0
24  -120  -989.89999999999998  0
72  -120  -989.89999999999998  0
120  -72  -989.89999999999998  0
120  -24  -989.89999999999998  0
120  24  -989.89999999999998  0
120  72  -989.89999999999998  0
72  120  -989.89999999999998  0
24  120  -989.89999999999998  0
-24  120  -989.89999999999998  0
-72  120  -989.89999999999998  0
120  -120  -947.40499999999997  0
120  -120  -904.90999999999997  0
120  -120  -862.41499999999996  0
120  120  -947.40499999999997  0
120  120  -904.90999999999997  0
120  120  -862.41499999999996  0
-53.485868460749998  159.5  -617.42499999999995  0
0  159.5  -724.09166666666658  0
0  159.5  -670.75833333333333  0
106.9717369215  159.5  -289.35958333333332  0
106.9717369215  159.5  -333.72916666666669  0
106.9717369215  159.5  -378.09875  0
106.9717369215  159.5  -422.46833333333336  0
106.9717369215  159.5  -466.83791666666667  0
106.9717369215  159.5  -511.20749999999998  0
106.9717369215  159.5  -555.57708333333335  0
106.9717369215  159.5  -599.94666666666672  0
106.9717369215  159.5  -644.31624999999997  0
106.9717369215  159.5  -688.68583333333333  0
106.9717369215  159.5  -733.05541666666659  0
84.5  159.5  -202.495  0
-84.5  159.5  -202.495  0
-65.5  159.5  -230  0
79.5  159.5  -724.92999999999995  0
87  159.5  -734.92999999999995  0
79.5  159.5  -744.92999999999995  0
-106.9717369215  252.96666666666667  -617.42499999999995  0
-106.9717369215  206.23333333333335  -617.42499999999995  0
-26.742934230374999  299.69999999999999  -617.42499999999995  0
-53.485868460749998  299.69999999999999  -617.42499999999995  0
-80.228802691124997  299.69999999999999  -617.42499999999995  0
0  206.23333333333332  -617.42499999999995  0
0  252.96666666666664  -617.42499999999995  0
-106.9717369215  299.69999999999999  -724.09166666666658  0
-106.9717369215  299.69999999999999  -670.75833333333333  0
0  299.69999999999999  -724.09166666666658  0
0  299.69999999999999  -670.75833333333333  0
135.79985732687646  135.79985732687646  -244.99000000000001  0
159.5  106.9717369215  -289.35958333333332  0
159.5  106.9717369215  -333.72916666666669  0
159.5  106.9717369215  -378.09875  0
159.5  106.9717369215  -422.46833333333336  0
159.5  106.9717369215  -466.83791666666667  0
159.5  106.9717369215  -511.20749999999998  0
159.5  106.9717369215  -555.57708333333335  0
159.5  106.9717369215  -599.94666666666672  0
159.5  106.9717369215  -644.31624999999997  0
159.5  106.9717369215  -688.68583333333333  0
159.5  106.9717369215  -733.05541666666659  0
159.5  -106.9717369215  -289.35958333333332  0
159.5  -106.9717369215  -333.72916666666669  0
159.5  -106.9717369215  -378.09875  0
159.5  -106.9717369215  -422.46833333333336  0
159.5  -106.9717369215  -466.83791666666667  0
159.5  -106.9717369215  -511.20749999999998  0
159.5  -106.9717369215  -555.57708333333335  0
159.5  -106.9717369215  -599.94666666666672  0
159.5  -106.9717369215  -644.31624999999997  0
159.5  -106.9717369215  -688.68583333333333  0
159.5  -106.9717369215  -733.05541666666659  0
159.5  -84.5  -202.495  0
159.5  84.5  -202.495  0
135.79985732687646  -135.79985732687646  -244.99000000000001  0
106.9717369215  -159.5  -289.35958333333332  0
106.9717369215  -159.5  -333.72916666666669  0
106.9717369215  -159.5  -378.09875  0
106.9717369215  -159.5  -422.46833333333336  0
106.9717369215  -159.5  -466.83791666666667  0
106.9717369215  -159.5  -511.20749999999998  0
106.9717369215  -159.5  -555.57708333333335  0
106.9717369215  -159.5  -599.94666666666672  0
106.9717369215  -159.5  -644.31624999999997  0
106.9717369215  -159.5  -688.68583333333333  0
106.9717369215  -159.5  -733.05541666666659  0
-106.9717369215  -159.5  -289.35958333333332  0
-106.9717369215  -159.5  -333.72916666666669  0
-106.9717369215  -159.5  -378.09875  0
-106.9717369215  -159.5  -422.46833333333336  0
-106.9717369215  -159.5  -466.83791666666667  0
-106.9717369215  -159.5  -511.20749999999998  0
-106.9717369215  -159.5  -555.57708333333335  0
-106.9717369215  -159.5  -599.94666666666672  0
-106.9717369215  -159.5  -644.31624999999997  0
-106.9717369215  -159.5  -688.68583333333333  0
-106.9717369215  -159.5  -733.05541666666659  0
-84.5  -159.5  -202.495  0
84.5  -159.5  -202.495  0
-135.79985732687646  -135.79985732687646  -244.99000000000001  0
-112  112  -244.99000000000001  0
112  112  -244.99000000000001  0
112  -112  -244.99000000000001  0
-112  -112  -244.99000000000001  0
-84.5  139.5  -188.33000000000001  0
-84.5  139.5  -216.66  0
-139.5  84.5  -188.33000000000001  0
-139.5  84.5  -216.66  0
139.5  84.5  -188.33000000000001  0
139.5  84.5  -216.66  0
84.5  139.5  -188.33000000000001  0
84.5  139.5  -216.66  0
84.5  -139.5  -188.33000000000001  0
84.5  -139.5  -216.66  0
139.5  -84.5  -188.33000000000001  0
139.5  -84.5  -216.66  0
-139.5  -84.5  -188.33000000000001  0
-139.5  -84.5  -216.66  0
-84.5  -139.5  -188.33000000000001  0
-84.5  -139.5  -216.66  0
-73  164.5  -250  0
-73  169.5  -250  0
-73  176.09962310314438  -250.8478629256411  0
-73  178.25446291897762  -253.86840023034247  0
-73  180.89949887289049  -256.47046960749236  0
-73  183.95491911235862  -258.57555568678731  0
-73  187.32852876600731  -260.12013917297423  0
-73  190.91853185040068  -261.05761348997657  0
-73  194.61660288273774  -261.35969109719457  0
-73  198.31115551598941  -261.01725704350548  0
-73  201.89070956801589  -260.04064400365104  0
-73  205.24725484724277  -258.45932049801002  0
-73  208.27951027413656  -256.321001703474  0
-73  210.8959799570859  -253.69020968600094  0
-73  213.01771400803304  -250.64632649868176  0
-73  214.58069079244422  -247.2811988915345  0
-73  215.53774873112349  -243.69636690899978  0
-73  215.86000936329  -240  0
-73  215.53774873112349  -236.30363309100022  0
-73  214.58069079244419  -232.7188011084655  0
-73  213.01771400803304  -229.35367350131821  0
-73  210.8959799570859  -226.30979031399906  0
-73  208.27951027413656  -223.678998296526  0
-73  205.24725484724274  -221.54067950198996  0
-73  201.89070956801589  -219.95935599634896  0
-73  198.31115551598941  -218.98274295649455  0
-73  194.61660288273774  -218.6403089028054  0
-73  190.91853185040068  -218.94238651002345  0
-73  187.32852876600731  -219.87986082702577  0
-73  183.9549191123586  -221.42444431321269  0
-73  180.89949887289049  -223.52953039250764  0
-73  178.25446291897762  -226.13159976965753  0
-73  176.09962310314438  -229.1521370743589  0
-73  169.5  -230  0
-73  164.5  -230  0
-73  191.89527733499605  -254.77211629518311  0
-73  189.36969785011496  -254.09538931178864  0
-73  187  -252.99038105676658  0
-73  184.8581858547019  -251.49066664678466  0
-73  183.00933335321534  -249.6418141452981  0
-73  181.50961894323342  -247.5  0
-73  180.40461068821136  -245.13030214988504  0
-73  179.72788370481689  -242.60472266500395  0
-73  179.5  -240  0
-73  179.72788370481689  -237.39527733499605  0
-73  180.40461068821136  -234.86969785011499  0
-73  181.50961894323342  -232.5  0
-73  183.00933335321531  -230.3581858547019  0
-73  184.8581858547019  -228.50933335321534  0
-73  187  -227.00961894323342  0
-73  189.36969785011496  -225.90461068821139  0
-73  191.89527733499602  -225.22788370481689  0
-73  197.10472266500395  -225.22788370481689  0
-73  199.63030214988504  -225.90461068821136  0
-73  202  -227.00961894323342  0
-73  204.1418141452981  -228.50933335321534  0
-73  205.99066664678466  -230.3581858547019  0
-73  207.49038105676658  -232.5  0
-73  208.59538931178864  -234.86969785011496  0
-73  209.27211629518311  -237.39527733499605  0
-73  209.5  -240  0
-73  209.27211629518311  -242.60472266500395  0
-73  208.59538931178864  -245.13030214988501  0
-73  207.49038105676658  -247.5  0
-73  205.99066664678469  -249.6418141452981  0
-73  204.1418141452981  -251.49066664678466  0
-73  202  -252.99038105676658  0
-73  199.63030214988504  -254.09538931178861  0
-73  197.10472266500398  -254.77211629518311  0
-65.5  194.5  -255  0
-58  191.89527733499605  -254.77211629518311  0
-58  189.36969785011496  -254.09538931178864  0
-58  187  -252.99038105676658  0
-58  184.8581858547019  -251.49066664678466  0
-58  183.00933335321534  -249.6418141452981  0
-58  181.50961894323342  -247.5  0
-58  180.40461068821136  -245.13030214988504  0
-58  179.72788370481689  -242.60472266500395  0
-58  179.5  -240  0
-58  179.72788370481689  -237.39527733499605  0
-58  180.40461068821136  -234.86969785011499  0
-58  181.50961894323342  -232.5  0
-58  183.00933335321531  -230.3581858547019  0
-58  184.8581858547019  -228.50933335321534  0
-58  187  -227.00961894323342  0
-58  189.36969785011496  -225.90461068821139  0
-58  191.89527733499602  -225.22788370481689  0
-65.5  194.5  -225  0
-58  197.10472266500395  -225.22788370481689  0
-58  199.63030214988504  -225.90461068821136  0
-58  202  -227.00961894323342  0
-58  204.1418141452981  -228.50933335321534  0
-58  205.99066664678466  -230.3581858547019  0
-58  207.49038105676658  -232.5  0
-58  208.59538931178864  -234.86969785011496  0
-58  209.27211629518311  -237.39527733499605  0
-58  209.5  -240  0
-58  209.27211629518311  -242.60472266500395  0
-58  208.59538931178864  -245.13030214988501  0
-58  207.49038105676658  -247.5  0
-58  205.99066664678469  -249.6418141452981  0
-58  204.1418141452981  -251.49066664678466  0
-58  202  -252.99038105676658  0
-58  199.63030214988504  -254.09538931178861  0
-58  197.10472266500398  -254.77211629518311  0
-58  169.5  -230  0
-58  164.5  -230  0
-58  176.09962310314438  -250.8478629256411  0
-58  178.25446291897762  -253.86840023034247  0
-58  180.89949887289049  -256.47046960749236  0
-58  183.95491911235862  -258.57555568678731  0
-58  187.32852876600731  -260.12013917297423  0
-58  190.91853185040068  -261.05761348997657  0
-58  194.61660288273774  -261.35969109719457  0
-58  198.31115551598941  -261.01725704350548  0
-58  201.89070956801589  -260.04064400365104  0
-58  205.24725484724277  -258.45932049801002  0
-58  208.27951027413656  -256.321001703474  0
-58  210.8959799570859  -253.69020968600094  0
-58  213.01771400803304  -250.64632649868176  0
-58  214.58069079244422  -247.2811988915345  0
-58  215.53774873112349  -243.69636690899978  0
-58  215.86000936329  -240  0
-58  215.53774873112349  -236.30363309100022  0
-58  214.58069079244419  -232.7188011084655  0
-58  213.01771400803304  -229.35367350131821  0
-58  210.8959799570859  -226.30979031399906  0
-58  208.27951027413656  -223.678998296526  0
-58  205.24725484724274  -221.54067950198996  0
-58  201.89070956801589  -219.95935599634896  0
-58  198.31115551598941  -218.98274295649455  0
-58  194.61660288273774  -218.6403089028054  0
-58  190.91853185040068  -218.94238651002345  0
-58  187.32852876600731  -219.87986082702577  0
-58  183.9549191123586  -221.42444431321269  0
-58  180.89949887289049  -223.52953039250764  0
-58  178.25446291897762  -226.13159976965753  0
-58  176.09962310314438  -229.1521370743589  0
-58  164.5  -250  0
-58  169.5  -250  0
-69.25  174.5  -230  0
-65.5  174.5  -230  0
-61.75  174.5  -230  0
-69.25  174.5  -232.5  0
-65.5  174.5  -232.5  0
-61.75  174.5  -232.5  0
-69.25  174.5  -247.5  0
-65.5  174.5  -247.5  0
-61.75  174.5  -247.5  0
-69.25  174.5  -250  0
-65.5  174.5  -250  0
-61.75  174.5  -250  0
72  164.5  -744.92999999999995  0
72  169.5  -744.92999999999995  0
72  176.09962310314438  -745.7778629256411  0
72  178.25446291897762  -748.79840023034239  0
72  180.89949887289049  -751.40046960749237  0
72  183.95491911235862  -753.50555568678726  0
72  187.32852876600731  -755.05013917297413  0
72  190.91853185040068  -755.98761348997652  0
72  194.61660288273774  -756.28969109719458  0
72  198.31115551598941  -755.94725704350537  0
72  201.89070956801589  -754.97064400365105  0
72  205.24725484724277  -753.38932049800997  0
72  208.27951027413656  -751.251001703474  0
72  210.8959799570859  -748.62020968600086  0
72  213.01771400803304  -745.57632649868174  0
72  214.58069079244422  -742.21119889153442  0
72  215.53774873112349  -738.62636690899967  0
72  215.86000936329  -734.92999999999995  0
72  215.53774873112349  -731.23363309100012  0
72  214.58069079244419  -727.64880110846548  0
72  213.01771400803304  -724.28367350131816  0
72  210.8959799570859  -721.23979031399904  0
72  208.27951027413656  -718.6089982965259  0
72  205.24725484724274  -716.47067950198993  0
72  201.89070956801589  -714.88935599634885  0
72  198.31115551598941  -713.91274295649453  0
72  194.61660288273774  -713.57030890280532  0
72  190.91853185040068  -713.87238651002338  0
72  187.32852876600731  -714.80986082702577  0
72  183.9549191123586  -716.35444431321264  0
72  180.89949887289049  -718.45953039250765  0
72  178.25446291897762  -721.06159976965751  0
72  176.09962310314438  -724.0821370743588  0
72  169.5  -724.92999999999995  0
72  164.5  -724.92999999999995  0
72  191.89527733499605  -749.70211629518303  0
72  189.36969785011496  -749.02538931178856  0
72  187  -747.92038105676647  0
72  184.8581858547019  -746.42066664678464  0
72  183.00933335321534  -744.57181414529805  0
72  181.50961894323342  -742.42999999999995  0
72  180.40461068821136  -740.06030214988493  0
72  179.72788370481689  -737.53472266500387  0
72  179.5  -734.92999999999995  0
72  179.72788370481689  -732.32527733499603  0
72  180.40461068821136  -729.79969785011497  0
72  181.50961894323342  -727.42999999999995  0
72  183.00933335321531  -725.28818585470185  0
72  184.8581858547019  -723.43933335321526  0
72  187  -721.93961894323343  0
72  189.36969785011496  -720.83461068821134  0
72  191.89527733499602  -720.15788370481687  0
72  197.10472266500395  -720.15788370481687  0
72  199.63030214988504  -720.83461068821134  0
72  202  -721.93961894323343  0
72  204.1418141452981  -723.43933335321526  0
72  205.99066664678466  -725.28818585470185  0
72  207.49038105676658  -727.42999999999995  0
72  208.59538931178864  -729.79969785011497  0
72  209.27211629518311  -732.32527733499603  0
72  209.5  -734.92999999999995  0
72  209.27211629518311  -737.53472266500387  0
72  208.59538931178864  -740.06030214988493  0
72  207.49038105676658  -742.42999999999995  0
72  205.99066664678469  -744.57181414529805  0
72  204.1418141452981  -746.42066664678464  0
72  202  -747.92038105676647  0
72  199.63030214988504  -749.02538931178856  0
72  197.10472266500398  -749.70211629518303  0
79.5  194.5  -749.92999999999995  0
87  191.89527733499605  -749.70211629518303  0
87  189.36969785011496  -749.02538931178856  0
87  187  -747.92038105676647  0
87  184.8581858547019  -746.42066664678464  0
87  183.00933335321534  -744.57181414529805  0
87  181.50961894323342  -742.42999999999995  0
87  180.40461068821136  -740.06030214988493  0
87  179.72788370481689  -737.53472266500387  0
87  179.5  -734.92999999999995  0
87  179.72788370481689  -732.32527733499603  0
87  180.40461068821136  -729.79969785011497  0
87  181.50961894323342  -727.42999999999995  0
87  183.00933335321531  -725.28818585470185  0
87  184.8581858547019  -723.43933335321526  0
87  187  -721.93961894323343  0
87  189.36969785011496  -720.83461068821134  0
87  191.89527733499602  -720.15788370481687  0
79.5  194.5  -719.92999999999995  0
87  197.10472266500395  -720.15788370481687  0
87  199.63030214988504  -720.83461068821134  0
87  202  -721.93961894323343  0
87  204.1418141452981  -723.43933335321526  0
87  205.99066664678466  -725.28818585470185  0
87  207.49038105676658  -727.42999999999995  0
87  208.59538931178864  -729.79969785011497  0
87  209.27211629518311  -732.32527733499603  0
87  209.5  -734.92999999999995  0
87  209.27211629518311  -737.53472266500387  0
87  208.59538931178864  -740.06030214988493  0
87  207.49038105676658  -742.42999999999995  0
87  205.99066664678469  -744.57181414529805  0
87  204.1418141452981  -746.42066664678464  0
87  202  -747.92038105676647  0
87  199.63030214988504  -749.02538931178856  0
87  197.10472266500398  -749.70211629518303  0
87  169.5  -724.92999999999995  0
87  164.5  -724.92999999999995  0
87  176.09962310314438  -745.7778629256411  0
87  178.25446291897762  -748.79840023034239  0
87  180.89949887289049  -751.40046960749237  0
87  183.95491911235862  -753.50555568678726  0
87  187.32852876600731  -755.05013917297413  0
87  190.91853185040068  -755.98761348997652  0
87  194.61660288273774  -756.28969109719458  0
87  198.31115551598941  -755.94725704350537  0
87  201.89070956801589  -754.97064400365105  0
87  205.24725484724277  -753.38932049800997  0
87  208.27951027413656  -751.251001703474  0
87  210.8959799570859  -748.62020968600086  0
87  213.01771400803304  -745.57632649868174  0
87  214.58069079244422  -742.21119889153442  0
87  215.53774873112349  -738.62636690899967  0
87  215.86000936329  -734.92999999999995  0
87  215.53774873112349  -731.23363309100012  0
87  214.58069079244419  -727.64880110846548  0
87  213.01771400803304  -724.28367350131816  0
87  210.8959799570859  -721.23979031399904  0
87  208.27951027413656  -718.6089982965259  0
87  205.24725484724274  -716.47067950198993  0
87  201.89070956801589  -714.88935599634885  0
87  198.31115551598941  -713.91274295649453  0
87  194.61660288273774  -713.57030890280532  0
87  190.91853185040068  -713.87238651002338  0
87  187.32852876600731  -714.80986082702577  0
87  183.9549191123586  -716.35444431321264  0
87  180.89949887289049  -718.45953039250765  0
87  178.25446291897762  -721.06159976965751  0
87  176.09962310314438  -724.0821370743588  0
87  164.5  -744.92999999999995  0
87  169.5  -744.92999999999995  0
75.75  174.5  -724.92999999999995  0
79.5  174.5  -724.92999999999995  0
83.25  174.5  -724.92999999999995  0
75.75  174.5  -727.42999999999995  0
79.5  174.5  -727.42999999999995  0
83.25  174.5  -727.42999999999995  0
75.75  174.5  -742.42999999999995  0
79.5  174.5  -742.42999999999995  0
83.25  174.5  -742.42999999999995  0
75.75  174.5  -744.92999999999995  0
79.5  174.5  -744.92999999999995  0
83.25  174.5  -744.92999999999995  0
133.4040420467  -123.7790420467  -146.66666666666666  0
133.4040420467  -123.7790420467  -153.33333333333334  0
114.1540420467  -123.7790420467  -146.66666666666666  0
114.1540420467  -123.7790420467  -153.33333333333334  0
133.4040420467  123.7790420467  -146.66666666666666  0
133.4040420467  123.7790420467  -153.33333333333334  0
114.1540420467  123.7790420467  -146.66666666666666  0
114.1540420467  123.7790420467  -153.33333333333334  0
-114.1540420467  123.7790420467  -146.66666666666666  0
-114.1540420467  123.7790420467  -153.33333333333334  0
-133.4040420467  123.7790420467  -146.66666666666666  0
-133.4040420467  123.7790420467  -153.33333333333334  0
-114.1540420467  -123.7790420467  -146.66666666666666  0
-114.1540420467  -123.7790420467  -153.33333333333334  0
-133.4040420467  -123.7790420467  -146.66666666666666  0
-133.4040420467  -123.7790420467  -153.33333333333334  0
8.9892500000000002  34.010249999999999  -11  0
8.9892500000000002  34.010249999999999  -22  0
8.9892500000000002  34.010249999999999  -33  0
8.9892500000000002  34.010249999999999  -44  0
8.9892500000000002  34.010249999999999  -55  0
8.9892500000000002  34.010249999999999  -66  0
8.9892500000000002  34.010249999999999  -77  0
8.9892500000000002  34.010249999999999  -88  0
8.9892500000000002  34.010249999999999  -99  0
-8.9892500000000002  34.010249999999999  -11  0
-8.9892500000000002  34.010249999999999  -22  0
-8.9892500000000002  34.010249999999999  -33  0
-8.9892500000000002  34.010249999999999  -44  0
-8.9892500000000002  34.010249999999999  -55  0
-8.9892500000000002  34.010249999999999  -66  0
-8.9892500000000002  34.010249999999999  -77  0
-8.9892500000000002  34.010249999999999  -88  0
-8.9892500000000002  34.010249999999999  -99  0
-18.646304967590002  12.4975  -2.5  0
-18.646304967590002  12.4975  -5  0
-18.646304967590002  12.4975  -7.5  0
-24.600728226626625  13.018444533000791  -10  0
-24.465382829947728  13.523560429977007  -10  0
-24.244381178943318  13.9975  -10  0
-23.944438296946934  14.425862829059618  -10  0
-23.574667796649621  14.795633329356935  -10  0
-23.146304967590002  15.095576211353317  -10  0
-22.67236539756701  15.316577862357725  -10  0
-22.167249500590792  15.451923259036624  -10  0
-21.646304967590002  15.4975  -10  0
-21.125360434589211  15.451923259036624  -10  0
-20.620244537612997  15.316577862357725  -10  0
-20.146304967590002  15.095576211353317  -10  0
-19.717942138530383  14.795633329356935  -10  0
-19.348171638233069  14.42586282905962  -10  0
-19.048228756236686  13.9975  -10  0
-18.827227105232275  13.523560429977007  -10  0
-18.691881708553378  13.018444533000793  -10  0
-24.646304967590002  12.4975  -2.5  0
-24.646304967590002  12.4975  -5  0
-24.646304967590002  12.4975  -7.5  0
-18.691881708553378  11.97655546699921  -10  0
-18.827227105232275  11.471439570022994  -10  0
-19.048228756236686  10.9975  -10  0
-19.348171638233069  10.569137170940383  -10  0
-19.717942138530383  10.199366670643066  -10  0
-20.146304967590002  9.8994237886466845  -10  0
-20.620244537612994  9.6784221376422757  -10  0
-21.125360434589211  9.543076740963377  -10  0
-21.646304967590002  9.4975000000000005  -10  0
-22.167249500590792  9.543076740963377  -10  0
-22.672365397567006  9.6784221376422757  -10  0
-23.146304967590002  9.8994237886466845  -10  0
-23.574667796649621  10.199366670643066  -10  0
-23.944438296946934  10.569137170940381  -10  0
-24.244381178943318  10.9975  -10  0
-24.465382829947728  11.471439570022994  -10  0
-24.600728226626625  11.976555466999208  -10  0
24.646304967590002  12.4975  -2.5  0
24.646304967590002  12.4975  -5  0
24.646304967590002  12.4975  -7.5  0
18.691881708553378  13.018444533000791  -10  0
18.827227105232275  13.523560429977007  -10  0
19.048228756236686  13.9975  -10  0
19.348171638233069  14.425862829059618  -10  0
19.717942138530383  14.795633329356935  -10  0
20.146304967590002  15.095576211353317  -10  0
20.620244537612994  15.316577862357725  -10  0
21.125360434589211  15.451923259036624  -10  0
21.646304967590002  15.4975  -10  0
22.167249500590792  15.451923259036624  -10  0
22.672365397567006  15.316577862357725  -10  0
23.146304967590002  15.095576211353317  -10  0
23.574667796649621  14.795633329356935  -10  0
23.944438296946934  14.42586282905962  -10  0
24.244381178943318  13.9975  -10  0
24.465382829947728  13.523560429977007  -10  0
24.600728226626625  13.018444533000793  -10  0
18.646304967590002  12.4975  -2.5  0
18.646304967590002  12.4975  -5  0
18.646304967590002  12.4975  -7.5  0
24.600728226626625  11.97655546699921  -10  0
24.465382829947728  11.471439570022994  -10  0
24.244381178943318  10.9975  -10  0
23.944438296946934  10.569137170940383  -10  0
23.574667796649621  10.199366670643066  -10  0
23.146304967590002  9.8994237886466845  -10  0
22.67236539756701  9.6784221376422757  -10  0
22.167249500590792  9.543076740963377  -10  0
21.646304967590002  9.4975000000000005  -10  0
21.125360434589211  9.543076740963377  -10  0
20.620244537612997  9.6784221376422757  -10  0
20.146304967590002  9.8994237886466845  -10  0
19.717942138530383  10.199366670643066  -10  0
19.348171638233069  10.569137170940381  -10  0
19.048228756236686  10.9975  -10  0
18.827227105232275  11.471439570022994  -10  0
18.691881708553378  11.976555466999208  -10  0
3  -24.995000000000001  -2.5  0
3  -24.995000000000001  -5  0
3  -24.995000000000001  -7.5  0
-2.9544232590366239  -24.474055466999211  -10  0
-2.8190778623577253  -23.968939570022997  -10  0
-2.598076211353316  -23.495000000000001  -10  0
-2.2981333293569342  -23.066637170940382  -10  0
-1.9283628290596182  -22.696866670643068  -10  0
-1.5000000000000004  -22.396923788646685  -10  0
-1.0260604299770064  -22.175922137642274  -10  0
-0.52094453300079124  -22.040576740963377  -10  0
-1.8369701987210297e-16  -21.995000000000001  -10  0
0.52094453300079091  -22.040576740963377  -10  0
1.0260604299770062  -22.175922137642274  -10  0
1.4999999999999996  -22.396923788646685  -10  0
1.9283628290596182  -22.696866670643068  -10  0
2.2981333293569337  -23.066637170940382  -10  0
2.598076211353316  -23.495000000000001  -10  0
2.8190778623577248  -23.968939570022993  -10  0
2.9544232590366239  -24.474055466999207  -10  0
-3  -24.995000000000001  -2.5  0
-3  -24.995000000000001  -5  0
-3  -24.995000000000001  -7.5  0
2.9544232590366239  -25.515944533000791  -10  0
2.8190778623577253  -26.021060429977005  -10  0
2.598076211353316  -26.495000000000001  -10  0
2.2981333293569342  -26.92336282905962  -10  0
1.9283628290596182  -27.293133329356934  -10  0
1.5000000000000004  -27.593076211353317  -10  0
1.0260604299770064  -27.814077862357728  -10  0
0.52094453300079124  -27.949423259036625  -10  0
1.8369701987210297e-16  -27.995000000000001  -10  0
-0.52094453300079091  -27.949423259036625  -10  0
-1.0260604299770062  -27.814077862357728  -10  0
-1.4999999999999996  -27.593076211353317  -10  0
-1.9283628290596182  -27.293133329356934  -10  0
-2.2981333293569337  -26.92336282905962  -10  0
-2.598076211353316  -26.495000000000001  -10  0
-2.8190778623577248  -26.021060429977009  -10  0
-2.9544232590366239  -25.515944533000795  -10  0
25.266455009724421  -4.0854005374742872  0  0
16.849966478410764  15.66118811994364  0  0
18.188571828206339  13.630211177090574  0  0
24.801541276126244  14.150875905607691  0  0
-20.408934904534259  15.787910363219948  0  0
-18.433715721434179  14.149472639311288  0  0
8.6086268324016082  -13.976973839815232  0  0
-26.711343686740015  4.9948323376467556  0  0
-1.627396559783435  -21.649536446710016  0  0
-7.5611807556140063  -20.19649535305442  0  0
18.190572900969141  11.264570837788499  0  0
-19.824876557346396  6.4723911313039064  0  0
-4.2791579188128051  -27.71645628748184  0  0
17.164535578897322  10.290882255333946  0  0
-17.34860100066437  16.565745483472426  0  0
17.20866547294797  17.695917973545775  0  0
-9.2872612203557221  -7.2840407567811019  0  0
19.408294758187708  8.6899927580357801  0  0
0.19473006292358613  -20.365073396518557  0  0
-18.25590571052485  9.5185025118145656  0  0
17.741406958677285  12.50725126562949  0  0
21.02854074347653  18.325790644723714  0  0
23.38891449864688  16.260390673919545  0  0
-21.951039920400252  17.395570341453375  0  0
24.155277046121906  9.9540315230774272  0  0
18.657555605374277  15.753265299125154  0  0
-22.891421431922108  15.935889447952816  0  0
-7.2652297430230517  15.639016250390858  0  0
19.005688350744805  19.823990704936396  0  0
18.669507160685903  10.057469089183037  0  0
0.25730116228529565  -17.793479716356035  0  0
-5.184444378470908  -24.676503047529746  0  0
23.300415332315055  6.6773205631984824  0  0
0.40707899608902554  -8.3399679345858502  0  0
0.37711263424502905  -21.574002048238839  0  0
3.4860817566785824  -23.953385701005597  0  0
2.371695609685291  -20.025441091348661  0  0
-17.970767817919157  11.741167614897106  0  0
23.748990110118253  8.7827883274370748  0  0
-15.167068339086471  20.187487858075546  0  0
12.77468548607534  -22.450640827786589  0  0
20.496060667214273  9.1632415465840857  0  0
4.9263672928740174  -23.863480081974647  0  0
-16.060888956365492  -20.090146635818147  0  0
-16.243107273566814  12.2484274753319  0  0
-22.506256072901113  4.4152607146441438  0  0
-2.4774352529022639  -27.818132734892764  0  0
3.7702805245974989  -17.435921841577084  0  0
0.78645122975134152  -28.596099908659678  0  0
22.150952239976125  16.576341132502371  0  0
24.681273728767639  10.656355180698398  0  0
21.507096578436197  8.8650219315136525  0  0
-2.9219719396737185  3.4690769100241332  0  0
-3.9529887122663068  -21.594565018671755  0  0
7.7716939142188055  -25.190607668072889  0  0
4.8217298026676252  14.142067540738061  0  0
2.9720726084682623  -26.832757279478173  0  0
5.7962965837259954  -27.158282124209173  0  0
-3.7807646494995222  -23.545192629538438  0  0
15.639974660548789  11.992832800842635  0  0
-0.70910993013244827  -21.370965666277357  0  0
-21.537361432731984  16.052903033837097  0  0
3.8406589941108416  -26.312554119210791  0  0
5.8348307380306546  -20.984953763344443  0  0
-24.504492898409399  9.9145819795456926  0  0
-5.035176703358788  -22.593275759652911  0  0
20.842976125297181  16.323407879761028  0  0
-19.593752765738838  18.477911882431044  0  0
-19.496077834140568  9.0239452147724464  0  0
-17.14661398736407  14.340100896763492  0  0
-25.749097205204428  10.79431306596136  0  0
-17.995325248552174  13.080291635769777  0  0
-19.062386006710213  10.001005104738299  0  0
16.686039035463288  14.089913974733166  0  0
-14.374532189801085  14.72955704171634  0  0
-6.3784311396324043  -26.228034028567425  0  0
-16.459693452540037  1.4544418428036929  0  0
25.349263390026763  3.1123179780177916  0  0
-24.869503950164979  13.735300892028196  0  0
17.882007807920552  8.7717220810786518  0  0
-3.8377630867631951  -24.412248252008649  0  0
1.7928962700970867  -14.432413528715891  0  0
13.563078388987073  16.125686370694417  0  0
18.130466303820018  14.599553376955072  0  0
-11.609323183248646  -14.648273843240434  0  0
19.903607862745126  15.769567186873564  0  0
-2.5066782179645744  -21.626127533609925  0  0
-25.419608995025435  12.407373300260053  0  0
-18.487961016438426  10.651598090469234  0  0
2.7939886418581579  -22.024433224864719  0  0
22.390597707455861  8.2209563110481056  0  0
-18.480488599156619  15.244195588862583  0  0
-3.0798511430906195  -26.875065735087563  0  0
18.851266984613705  -17.032467661907042  0  0
-21.000693943623428  8.6893247569771503  0  0
17.185130807396959  11.519552043371251  0  0
-2.4983438932996784  -19.897220352892262  0  0
-6.6141243983207811  -23.653846737677746  0  0
-19.530376872354164  15.335352257096133  0  0
3.7104888144168569  -27.862712168896138  0  0
15.412852924857678  8.099640870043963  0  0
-25.66578959347283  -1.4659403833488205  0  0
-3.9556939124444286  -26.278912168088134  0  0
-3.4249804528313259  -22.836423102757287  0  0
-0.99963765880604605  -28.455961543520122  0  0
-13.071004709591641  9.352186897548739  0  0
22.361106903061998  9.1000069750027528  0  0
21.198243466575143  5.1774315989286892  0  0
18.748796537961152  6.6910142056361952  0  0
3.8370210181247697  -24.690452461476703  0  0
3.7154877509330988  -25.387106859515171  0  0
19.441230011847832  17.288697171846618  0  0
-19.094939720678308  14.665204838583808  0  0
-10.645702392867229  -24.485388219898642  0  0
26.083086728949105  7.0755791374275008  0  0
8.3245983461570976  -3.1925646358618791  0  0
-16.89474228493588  10.205766094800092  0  0
-21.063572805135397  -11.039322225299568  0  0
17.573765675436711  1.7237349021421355  0  0
2.0626911141056596  -28.058808618304766  0  0
-24.835627703152586  11.26336961794915  0  0
25.479535067669016  11.279279021186607  0  0
-24.225549864717909  7.476741227718029  0  0
19.633145489707235  9.7695939611124878  0  0
21.00957762546982  7.6472445680083236  0  0
-19.322904008438353  16.380924521603937  0  0
15.732701608033206  21.500399388499243  0  0
-22.138993629340938  9.0170763639472593  0  0
-4.217565861818521  -25.34760787633347  0  0
-2.6967042121408484  -22.450282635390657  0  0
-26.283294417495718  8.8576452873743339  0  0
11.719278690273235  11.262767870001161  0  0
9.1555360591794095  5.9231722095826518  0  0
-23.200360255905949  9.1116718571956525  0  0
25.822610806567184  9.648152689609077  0  0
-4.8872257919805362  -23.769884350166308  0  0
25.505383771304068  12.592687842784244  0  0
4.9747382797942006  -25.431578952932639  0  0
-24.19050353312192  14.965429948623408  0  0
-17.334153179158104  7.675775893560508  0  0
-4.0720241972213493  -14.650077190353173  0  0
1.3927692310033772  -21.569332224639432  0  0
-20.564022114307871  16.823789884813987  0  0
-22.149556934072027  7.5370456157135823  0  0
3.6843190882621939  -22.945620888264703  0  0
2.5871274876130266  -27.391683768741537  0  0
23.986019550010212  15.205524829904794  0  0
24.129720255987031  -11.502920481426091  0  0
-9.799533970112984  23.649484756121119  0  0
9.8421622631488059  22.618482610031538  0  0
17.125656747946813  -8.0035522650499029  0  0
-0.34303984045004193  23.912194088686984  0  0
-16.623332993830658  24.985593954091247  -26.69186483004674  0
-28.783860124573447  8.4914369450341329  -58.617518084376385  0
-30.003457727776841  -0.63845864392935003  -108.6413723443689  0
-28.323144525662219  -9.9204127555737394  -39.251461751480967  0
-22.512210252118017  19.844785073840747  -30.66948760565267  0
-20.349881701321031  22.056686510098007  -107.71880070291451  0
-23.162141445159079  -19.082198739583028  -48.689286120170379  0
-29.947424245814624  -1.9408467491521197  -57.511603943215121  0
-27.251041242673189  -12.569640259475396  -64.068455469468589  0
-15.925298567696666  -25.436194105884208  -48.440518717182407  0
-29.584269765792225  5.0384608252255063  -32.202848474636248  0
-17.763707840940313  24.188133222806087  -54.640266074375511  0
-10.390131902756458  -28.1542228467742  -109.32574666489928  0
-8.95125494438396  -28.644199063390509  -59.965297281623009  0
-19.11350890861052  -23.136310904354787  -73.391926820049619  0
-11.193797045048823  -27.844461078942722  -85.249454669521739  0
-29.305809964480883  -6.4641014370315144  -85.122914210856294  0
-27.243019502860971  -12.587016859813788  -109.26202377952579  0
-19.792277996151771  -22.558387282462068  -105.77710051345697  0
-24.793345885183697  -16.908728659486634  -86.418655788500033  0
-25.817648411665665  15.299154733321618  -84.494165856750016  0
-24.549447478856521  17.260930842378258  -57.795462381758341  0
-29.825977951265987  -3.3205638546932112  -25.084891114258205  0
-27.744894029168123  11.438354793095511  -108.49472154028156  0
-29.661375405954242  4.5626652396984957  -84.050879415868877  0
-18.618607615499439  23.536409146736176  -81.674768768892292  0
-9.3136645224983496  -28.528420184525739  -29.200413324290594  0
-25.365222755417513  -16.038097755985579  -23.639505111950395  0
-27.02589785365226  13.046683496829917  -29.025177321626089  0
-18.380498024065151  -23.722824398663771  -24.887363858841628  0
25.981670091048596  15.018918880612238  -68.466400818697934  0
25.789472153285764  -15.346603243630108  -82.700327801263825  0
19.411683659789531  22.886713231802421  -109.53026430339969  0
18.218451412103803  23.847497420218183  -82.858508604815427  0
29.189700335547162  6.9696843101720081  -86.906491726215208  0
28.385304469542124  9.7411290533434443  -46.27302100913424  0
29.62958775418878  -4.7647281747573222  -84.336202158537191  0
29.876702214381435  2.8280328597234181  -63.849677048163002  0
22.269163068042456  -20.117143965072028  -110.32345576358153  0
18.42483054468341  -23.688409074106293  -92.196244811663675  0
28.920756049107332  -8.0128006720822444  -27.053129861022356  0
17.947591902978012  24.052007191639081  -57.742208065602142  0
10.244082137632613  -28.207691969034553  -55.737462729808925  0
27.464562386501651  12.095987681064274  -110.87872368087804  0
9.8098218881208865  -28.361637815645349  -81.865250732205965  0
28.032831705463281  -10.713330557565776  -107.75007111762586  0
25.243021481593292  -16.229755744998737  -55.267236595604416  0
11.246058055910742  -27.82339453168116  -108.77902022439174  0
29.015732367164222  -7.6617478593071926  -57.755205326541173  0
24.656502320181946  17.107659056614445  -91.758828582759122  0
30.005982792367448  0.50606494311358685  -108.73879589794294  0
20.524408996506299  -21.894376912957156  -22.351873463905154  0
30.006733552758661  -0.4593980368346256  -37.388837047283225  0
19.009075988412448  -23.222190575595175  -69.219241262122239  0
23.551506974453538  18.599506022869708  -46.148377345636518  0
17.999306253940293  24.013331285753875  -28.195760078640575  0
7.2090147861516289  -29.131515766872603  -30.473233402429074  0
29.322228029272154  6.3892134462597516  -22.770170008581481  0
25.487816871326611  -15.842547023639177  -29.606649071175575  0
25.314528675218693  16.117994385593711  -24.036817343914851  0
13.832538828183161  -26.632235629576897  -26.321162617226157  0
18.877059901668314  -23.329631684433554  -45.714790003546277  0
-120.69617695867134  40.503823247541938  -135  0
82.655714732633314  -8.0624862590250288  -135  0
-32.120195558210703  -27.580939588190411  -135  0
-98.237977797952453  -59.828658216556128  -135  0
71.942598282559217  -58.957368016351602  -135  0
66.765181559836961  7.4909078938431719  -135  0
-37.678708439670757  13.924105753045279  -135  0
108.41013375704131  44.216385102315456  -135  0
-41.87365648652991  2.9985204839523325  -135  0
49.673913727915597  21.094088752024486  -135  0
-126.26289829392546  -45.056919283266886  -135  0
-24.82438022112958  52.857053490668704  -135  0
38.74468048019942  -85.617302316858058  -135  0
-88.906444203322764  89.840476913879911  -135  0
23.329655691362309  -54.658844295246375  -135  0
41.428604103784615  -49.318783899778026  -135  0
-37.67162909340842  -6.2473436219363228  -135  0
11.597703967886146  -141.17042457559788  -135  0
-6.3946410816465171  50.121817421152073  -135  0
8.6789234909559081  -40.233953042389267  -135  0
30.830874295766499  27.035769084156801  -135  0
-8.4481314162201944  -132.42155164296094  -135  0
138.18525386444952  -2.8179587973560616  -135  0
-134.043805501897  -21.626945509773961  -135  0
-0.69462196892828043  100.73278035318  -135  0
35.328137864387649  -25.482816350187331  -135  0
105.5197789221903  -90.767016505663378  -135  0
57.533018183859205  -35.807373987668406  -135  0
-40.436638682835891  -123.73077960025924  -135  0
-53.986496935935165  -78.642633967011804  -135  0
125.89004397258132  -63.871671570778545  -135  0
71.937879538057985  -113.55282049241707  -135  0
140.4311959167556  23.712982586275071  -135  0
9.2171168513333743  64.597064777150521  -135  0
57.403752925696367  -14.580537225217798  -135  0
94.838425359696117  12.673726025572345  -135  0
65.130423345274195  -129.1406503841265  -135  0
42.232148042950982  79.298981822977552  -135  0
-44.705503057766627  80.753148748384049  -135  0
112.63775385428812  -15.234961090306884  -135  0
74.483393610243013  31.960675306314602  -135  0
-135.99456747034418  -1.3989358929428715  -135  0
94.324752016746842  106.93578880792911  -135  0
38.027580242526774  136.65408300712818  -135  0
-13.187321811243461  36.530780618496685  -135  0
-10.486832850813691  134.90604990435085  -135  0
107.37237089775515  77.62107654742222  -135  0
-19.907922761604624  -36.255786505432191  -135  0
15.120842640967158  136.8091629145859  -135  0
77.197064968355349  61.574905515657228  -135  0
-13.48260930035851  69.783050188300635  -135  0
-59.715915213653453  -34.838909680971128  -135  0
-100.13922436972837  -5.2814730394298515  -135  0
81.734031686054294  -30.585581060380168  -135  0
-70.362268980199005  114.13317440095771  -135  0
60.4021037588615  108.39671119916704  -135  0
50.097065041741715  44.787816047585444  -135  0
-77.192449830278619  45.880973284073036  -135  0
-44.029953120247278  48.1109777161005  -135  0
-56.530748888869248  -7.8971218564261649  -135  0
-40.007997548631671  -16.996700978326427  -135  0
-19.910997404003329  -60.200018881786335  -135  0
-112.89594930891741  70.992459096026494  -135  0
-46.321406449247007  29.137880794084506  -135  0
-8.6412825549371064  -94.80347407703502  -135  0
-95.029516508648996  -93.754590220605863  -135  0
-5.8063745803927054  -41.051914937962913  -135  0
21.880877843878633  -35.279970807352178  -135  0
-133.10244650960288  18.603185485930815  -135  0
-59.929682696460048  13.102338010653574  -135  0
-38.221730369902765  124.97413206519758  -135  0
108.4149173057657  -50.745783926684368  -135  0
-37.116626774647024  -47.522983257361119  -135  0
131.95772589287375  -37.323241848842521  -135  0
26.302718824946595  47.903839652811577  -135  0
45.707619485620462  -128.29165445493535  -135  0
41.680718040226431  1.9808653762152502  -135  0
6.0471337562686163  -62.775019988367966  -135  0
7.4039633222441763  39.921730227377644  -135  0
-72.873116351403596  -114.27819334584598  -135  0
-27.190073225294288  32.065608088079195  -135  0
130.87608787492078  51.804168413400809  -135  0
130.77699339316931  -52.710415318518699  -135  0
103.21886190505678  95.584542488203411  -135  0
-32.020501689827213  21.871137078328221  -135  0
18.160255471180513  31.971371958730764  -135  0
80.150532641527704  112.37084693448499  -135  0
34.29090445540178  13.403613279117577  -135  0
-3.4783081899868806  37.206744829700966  -135  0
70.570687532292339  123.9443124622227  -135  0
54.052506757211255  128.2930530212092  -135  0
124.65508497811291  65.714018139245809  -135  0
141.85076778839033  11.706377280167464  -135  0
139.2762599587289  -20.682125461201991  -135  0
36.325953407875076  -11.451720473484437  -135  0
116.23222693442382  -74.573109034927882  -135  0
27.321479133027587  -138.36620035645504  -135  0
93.310785648827689  -105.91982382552619  -135  0
133.80404401719969  36.744674222399773  -135  0
80.680937231267635  91.659779207657309  -135  0
34.839349392252977  114.99416933874139  -135  0
124.27390027059533  15.830898544657451  -135  0
96.320432756010575  -72.603839291465505  -135  0
17.691752077152987  -120.11325302514349  -135  0
79.608378465636477  -87.913531238556715  -135  0
-114.81227742387657  131.80196413246395  -140  0
86.086426709983215  139.10968252783377  -140  0
134.68777782860843  -129.85534571073049  -140  0
-111.74391003532666  -121.39566395625565  -140  0
-126.12173476969598  -136.86964074739029  -140  0
-139.09082375088749  -126.37554912938282  -140  0
118.13604511851018  -103.99165358268723  -140  0
-129.57560906716037  -133.91192155648417  -140  0
-135.88088174288862  -123.68162749169127  -140  0
-128.55576654710558  134.45617380900512  -140  0
121.37991460575543  136.38930581834364  -140  0
133.77017580136356  119.24488330495707  -140  0
108.09942352834037  -121.20848239964022  -140  0
-128.55932482311476  112.58527848791005  -140  0
116.42717377797121  -114.86453684488627  -140  0
-135.05059573174378  114.55922481358448  -140  0
122.33004679813797  -139.97147966125095  -140  0
107.597333878832  130.41856770609701  -140  0
-108.01493667922435  -124.75794157156454  -140  0
140.39027412944662  -122.9033087619415  -140  0
122.23046003810695  111.75828434996498  -140  0
112.66701277966554  -128.48267467566825  -140  0
-115.66979318340482  -133.28089645789976  -140  0
106.62340858596227  -115.18668769180843  -140  0
128.78788467113097  111.32264355167359  -140  0
131.84174061467684  -114.82754679015504  -140  0
110.46932387178416  110.22487314420282  -140  0
-115.49437739646659  -108.04577440044147  -140  0
143.28342949481225  -117.0463891518429  -140  0
115.61201594129444  103.74526785946637  -140  0
-113.74873040411775  114.00784351599958  -140  0
139.72990958832742  123.54663142943674  -140  0
116.74237373652657  135.26002698227552  -140  0
133.72565309372897  -109.91710694773906  -140  0
143.93469187556664  101.21114208729021  -140  0
-126.27250203269539  100.82338210378927  -140  0
-117.93159583161722  112.37309598045437  -140  0
-141.54502846005835  -120.78968572577453  -140  0
-141.47087693765906  113.57701094345774  -140  0
125.21681871554372  -111.99908413274014  -140  0
-133.43288095547373  -104.74655536053916  -140  0
-116.34126738412884  115.66236407001271  -140  0
-113.91032445019263  -118.48629825887477  -140  0
-140.6474492463349  121.12441990002621  -140  0
-131.3401580461678  114.69760194573182  -140  0
-109.03636544260988  121.34313617175177  -140  0
-127.32596903957354  -108.25088566025052  -140  0
128.90138770272986  -112.23391122273877  -140  0
125.36794603904848  107.80323563251383  -140  0
-119.74552189044906  140.31297950723695  -140  0
-146.31066310039245  -114.79130527013815  -140  0
113.44067401641647  -111.20137121486744  -140  0
136.47020941292413  -126.28418445164228  -140  0
112.07636339995024  -122.47857173223957  -140  0
106.56046767954452  115.23326746823302  -140  0
-118.18602474865204  -113.42259003379068  -140  0
132.45471555665287  131.67681002649678  -140  0
-139.90654736514313  -114.29378666839864  -140  0
105.12522314005324  121.01532566612541  -140  0
-99.913438783724956  -125.1853316559329  -140  0
-109.8158531200427  -136.16682496798674  -140  0
-118.22876452593813  134.32187996909727  -140  0
126.17611675925744  -136.36797616056714  -140  0
135.88693873975797  110.40900572220244  -140  0
-136.55051864524293  126.05614219631033  -140  0
131.56849209730814  114.0069149420585  -140  0
-125.94524036365273  108.92349939256512  -140  0
135.36134413261306  128.81356787780405  -140  0
-107.69503930193174  115.37308539448489  -140  0
122.25476350622695  -109.39424350814328  -140  0
130.82506737865984  92.658315555619765  -140  0
-133.1591434391425  117.38887386517403  -140  0
101.58448574529484  -123.61784645799564  -140  0
111.93494633761873  127.55634839591096  -140  0
-132.76712029442675  -131.86457564009953  -140  0
-105.85244677345725  -119.54874424596569  -140  0
-108.16014599703732  -113.52926307095153  -140  0
-118.388189358956  -134.57862742423964  -140  0
117.59240831062296  142.53761221923045  -140  0
-126.02967458841431  -112.44225357899141  -140  0
120.7452067550351  -135.63505502583939  -140  0
-135.50322526492826  121.94693289244535  -140  0
111.18825235828912  123.62769792449598  -140  0
123.32670678920239  99.582367326878867  -140  0
-133.66413249759273  -115.63160614553748  -140  0
143.29894542726706  -108.52584910171102  -140  0
135.54560353586399  -123.3827106872963  -140  0
122.11589548668823  -112.72242297408295  -140  0
126.52090765922618  -95.655360893415093  -140  0
116.63997863296366  -143.64762793680873  -140  0
110.71091690794347  -119.1263616617928  -140  0
98.1170692100483  126.84679988277961  -140  0
-114.34929435289182  -115.02470612124233  -140  0
134.55080663864766  116.67052007536059  -140  0
-134.95863536681873  -127.96287125226966  -140  0
131.45535998545265  104.7411002215907  -140  0
-112.05886567161133  -124.5444773536377  -140  0
-122.48888010370416  -141.96746841997239  -140  0
113.92258490644336  -137.34101535341588  -140  0
-111.65996133357589  -145.57978764876682  -140  0
106.81865173839267  125.89294956912269  -140  0
107.5927640793107  -132.43803959703655  -140  0
125.65532692372719  136.2527398097123  -140  0
-145.7425235394123  -104.66166341170045  -140  0
-96.553986985470544  -138.63205809671942  -140  0
-136.00074069697632  -91.952849388751147  -140  0
-113.06084134400881  125.56930205296248  -140  0
-122.24901975870117  -110.79579634820981  -140  0
120.82144766445329  106.96832590644379  -140  0
113.4325158414641  -119.98985740278839  -140  0
141.75175416163236  115.61602778319387  -140  0
129.83327447925259  -134.65876053426038  -140  0
132.27637257576723  -132.27449423621462  -140  0
-113.27382398797906  118.23291928339415  -140  0
118.29661016865487  -138.16339234298488  -140  0
113.66465023770731  115.70931826551924  -140  0
-118.26817452836599  -142.37307615886945  -140  0
117.80287620913339  -134.15863170913431  -140  0
107.65269759867735  139.95340067746858  -140  0
117.48712274057237  111.88345079752553  -140  0
-111.9699263784687  -127.40368361911852  -140  0
134.33567511742896  -102.87446984781187  -140  0
-135.60088854520805  -119.41489061723938  -140  0
-110.80907440348264  -117.5774121906563  -140  0
132.74624692691577  129.76160962348197  -140  0
-122.28284358524927  111.95130687731672  -140  0
-124.60470564363659  -100.91041851212309  -140  0
109.39743116697082  -125.60706417687651  -140  0
114.49814500244629  -131.73783085149105  -140  0
-120.1388656549686  106.47488901999691  -140  0
113.22413840098466  -116.71173516994534  -140  0
92.388280268467653  -136.50823873779959  -140  0
-112.62252285012052  122.4939919645972  -140  0
-109.6659270014874  125.97504764746395  -140  0
-121.62644756636368  135.20842628758842  -140  0
131.93762237149173  110.12850965304452  -140  0
-140.88955759092394  98.167210575409925  -140  0
-115.80577949885853  -138.09015882966992  -140  0
-106.49870017574537  -130.50805353259668  -140  0
-132.79918225063366  109.03717008717939  -140  0
-125.52216790261559  112.76701830699126  -140  0
136.54398033601606  -119.7293292133586  -140  0
-130.33233153148609  -112.2688981091982  -140  0
-112.65012945819274  -130.96968454746053  -140  0
-136.61051746598508  -110.34304353637241  -140  0
-113.43226308328781  108.43550214275662  -140  0
133.57450598212699  -117.68904994239247  -140  0
111.59198573367892  119.59303566738411  -140  0
129.79044089597218  134.57141681842759  -140  0
-120.94891342385132  -136.65262330715782  -140  0
127.00776377311773  -106.56977569461893  -140  0
-101.82751025575043  124.67072070210354  -140  0
-108.60197554992047  133.12053302461356  -140  0
-131.93474075770118  132.69984393545394  -140  0
123.41298382832076  -135.30666598630526  -140  0
-133.86359360741497  129.55218557826885  -140  0
141.17510725173824  -93.818319780272873  -140  0
-112.74468319605568  128.68113430768506  -140  0
-125.51063396559971  137.10145476960059  -140  0
137.03779815437076  -114.61011445496835  -140  0
-114.54513621681259  136.85104795223174  -140  0
-111.31636021658021  144.75208461271126  -140  0
135.0243337030515  124.92462604270796  -140  0
-136.440917208624  118.16359151329584  -140  0
113.36474278285627  131.84284719484026  -140  0
-95.177910929445574  139.17875759574491  -140  0
123.14632352229302  141.15946116166342  -140  0
118.82935475638401  -111.75220339874828  -140  0
108.68787812002594  -143.90600804718633  -140  0
135.54896418258673  120.80823955094792  -140  0
76.780474998484621  -138.17280200726552  -140  0
64.969662968936561  143.44501799030184  -140  0
125.46259714199812  112.35819623642716  -140  0
144.54284033417468  68.150938684928647  -140  0
138.33002275715208  81.432752512172456  -140  0
144.65693879710761  -67.60862051146637  -140  0
139.11206113548073  -78.216158347287433  -140  0
-125.89825896728048  145.02700055164755  -669.61742171975118  0
-138.07429429933589  133.48667256973778  -565.28661500490205  0
-125.38488914978281  145.47106953926158  -725.16681414531888  0
-135.96014350178496  135.63938174060675  -525.98415329862905  0
-145.00181455799896  125.92726581200627  -653.680138036426  0
-151.56557458769009  117.94523771608311  -750.12151513999834  0
-127.69079768765069  143.45125543504827  -595.86526378312419  0
-136.30339093647521  135.2944496984943  -484.17736729349946  0
-136.17372984139368  135.42495265305848  -345.86670742320757  0
-127.39174099507369  143.71689819309373  -634.34168052244127  0
-143.81704693902287  127.27866871451356  -685.54618082658726  0
-136.19243519769228  135.40614127476786  -440.18279973369795  0
-135.9408683030552  135.65869977635569  -393.89360281818233  0
-145.26694026357652  125.62133006165196  -613.17198281436299  0
-136.27723904584943  135.3207915216299  -296.31442574829595  0
-119.94548617033506  149.98760897941526  -752.60262178355254  0
-137.4602041422786  134.11895756067855  -746.06133031656009  0
-127.51864402524332  143.6043102624823  -700.0413059259273  0
-146.4295722159404  124.26416571424241  -716.38685881119886  0
-113.15769441811825  140.80777944075174  -160  0
-128.04705221727841  135.70858974582455  -160  0
-134.43706093801097  129.87865324701781  -160  0
-109.15471607975327  132.91144259963218  -160  0
-129.690512491639  113.23510734904175  -160  0
-112.0175076116157  128.97329591819485  -160  0
-120.58841597636301  110.4577962338565  -160  0
-106.32146310292309  127.70284510748593  -160  0
-114.68348899769431  115.70431700798859  -160  0
-119.98343340031819  113.67746978500942  -160  0
-123.02339401455943  140.60724507545663  -160  0
-134.1453228400074  118.02491376885219  -160  0
-123.5247694801559  135.55594155675442  -160  0
-113.3632576763036  135.8411339286379  -160  0
-138.56788813214305  115.47625133703922  -160  0
-144.50102989398718  111.77364828215565  -160  0
-127.79273607768368  104.27839483176636  -160  0
-129.02264285455371  132.86659717365913  -160  0
-123.86596798301377  111.98839798006688  -160  0
-97.831049198933002  144.6346353741217  -160  0
-111.58977767712888  119.54683394569886  -160  0
-118.7243318389215  137.12071006404  -160  0
-135.49036338831641  126.15873942687173  -160  0
-133.42382000705257  113.89618568011919  -160  0
-135.09130757322066  99.151212496956674  -160  0
-138.46548304072704  108.32103433142419  -160  0
-110.19481711578736  123.38895562920996  -160  0
-131.41072265730872  132.5566210100616  -160  0
-147.24360065404429  101.39761000984544  -160  0
-127.13718739364387  110.68693513240495  -160  0
-101.34252062231249  134.18884257146112  -160  0
-114.46813474421634  131.54607596504329  -160  0
-111.95796682818604  126.05361584031137  -160  0
-117.80392380238166  113.44023396952902  -160  0
-131.93800380668924  108.25742961301684  -160  0
-107.39123160049411  139.25026022409861  -160  0
-116.82662925512612  144.68801321061287  -160  0
-136.75656452232457  121.76681518089484  -160  0
-144.09381550712638  119.09672701163159  -160  0
-124.11606506580878  108.04429145098825  -160  0
-109.46841222519551  147.15836242644869  -160  0
-117.27079065676396  133.42778021013345  -160  0
135.81427447286185  116.76558688138471  -160  0
112.93761393660745  131.28905699256779  -160  0
138.777347358116  126.53955627892573  -160  0
129.5467535004355  133.8524165039079  -160  0
110.82348923455514  122.35428596292398  -160  0
112.51857866599548  118.71135460091806  -160  0
140.39786032636923  121.25035625367609  -160  0
121.87991646622045  135.39022926733711  -160  0
107.23850021120427  125.54805301427156  -160  0
111.62726423483578  125.03121609826427  -160  0
117.88687919831179  113.01281587818492  -160  0
126.45781234971889  110.8947111726298  -160  0
132.74770995475652  131.86395514460943  -160  0
131.59672225236153  104.24058228698891  -160  0
136.35256680875668  110.41605407823737  -160  0
130.354238495022  111.72368832551236  -160  0
117.8488995830721  135.78363356074797  -160  0
115.29676965696702  116.12415765760646  -160  0
135.57124701603638  123.94852909018167  -160  0
144.67962034558951  101.19757696103895  -160  0
132.04173874792261  114.70965652012033  -160  0
134.86346219036565  128.02877236064361  -160  0
124.93781048487399  105.94422701601268  -160  0
105.98413020180053  133.27187266087273  -160  0
126.03640755775649  136.53047258074739  -160  0
113.17997908872368  142.11855632801485  -160  0
122.06550960184769  111.17845791898056  -160  0
114.22576223927479  128.98493492211063  -160  0
113.22812835333188  134.98574602423147  -160  0
111.58461638988531  128.07694260210317  -160  0
116.16737608232285  132.53539823290274  -160  0
100.04491946498398  145.87729711038563  -160  0
135.00129842393645  120.57509728476644  -160  0
143.61022590409999  113.94203724753409  -160  0
121.00467898559594  140.61911605958375  -160  0
132.60628012089197  -107.53544415514131  -160  0
133.34014126016956  -113.7519508805139  -160  0
144.49045221327086  -113.93033504577907  -160  0
116.59740658317271  -132.77855598972889  -160  0
118.08955872208449  -113.66854866029695  -160  0
129.96571884036362  -134.41643179610298  -160  0
106.88872462027818  -126.16072865224895  -160  0
137.80888412797847  -115.85279637765952  -160  0
140.83272503577686  -120.84648695052016  -160  0
99.888996301562159  -145.96013246750772  -160  0
121.65070873040423  -139.78769665776443  -160  0
111.711746759241  -129.62678366856645  -160  0
133.76633911820292  -130.92945951200815  -160  0
121.92781946131097  -135.10145825921322  -160  0
115.15986440713003  -131.03770283315149  -160  0
104.63628864603257  -134.03321864932562  -160  0
138.5143743997732  -108.62732802986298  -160  0
125.79387254744161  -105.50643216120007  -160  0
125.98815330020417  -111.40725552798894  -160  0
136.27236203403677  -124.13203476200496  -160  0
128.77490006577901  -108.04803929466888  -160  0
113.25406456374337  -134.10911001321773  -160  0
135.51539998575132  -99.00527326963703  -160  0
114.88660452433561  -115.74812938473399  -160  0
133.84349207042791  -117.80453668620203  -160  0
135.80939096052077  -120.20012326221668  -160  0
118.03765048960737  -135.48484088022181  -160  0
112.679803530453  -119.57325997895532  -160  0
111.83241747990219  -123.51019412001993  -160  0
121.5548583706662  -110.68998399764922  -160  0
108.63306863079889  -121.09825787652215  -160  0
129.99531950985119  -103.35830715023346  -160  0
135.08322186750846  -127.53199041108128  -160  0
147.30720152415265  -101.72724914214633  -160  0
125.54923682843339  -135.8604440782652  -160  0
129.47939120803164  -112.46843398576885  -160  0
113.42570447358958  -141.69027050654913  -160  0
111.88888846621025  -126.36943965952808  -160  0
-111.76680618077808  -126.93804488335574  -160  0
-114.02950318941512  -115.77451246606941  -160  0
-129.5183313195644  -133.92708878654318  -160  0
-127.3090584829061  -105.57581953101258  -160  0
-129.67723171545086  -113.95263723729892  -160  0
-102.58289716608797  -135.34659407685197  -160  0
-144.07755042504627  -117.12840253089861  -160  0
-134.39556290652374  -102.06118278736297  -160  0
-138.49170477322915  -116.39881048656707  -160  0
-145.92259609030191  -98.994748405667508  -160  0
-119.27833488417251  -113.01140739470848  -160  0
-118.02820565994254  -134.02774190993603  -160  0
-141.95751480959237  -122.14244487007295  -160  0
-122.20739998010158  -110.09662743544291  -160  0
-96.328131116163419  -145.41458076850836  -160  0
-110.24870152540565  -136.88007959667618  -160  0
-105.61827018610434  -127.63279550051917  -160  0
-136.33757389837979  -122.68790292704298  -160  0
-125.91147657705596  -136.78349699606341  -160  0
-108.77590951557751  -145.28897097472802  -160  0
-138.20413507633603  -126.41816643434048  -160  0
-114.49249929015232  -133.16517661074246  -160  0
-133.6236547829044  -115.39479575836492  -160  0
-120.98206080375795  -135.89783243156432  -160  0
-132.71051398685995  -131.98534130668065  -160  0
-109.74907886707376  -131.58091979850579  -160  0
-111.47594360815631  -119.57544475819546  -160  0
-116.87970243647942  -114.52966434896496  -160  0
-115.89219671555891  -146.13153412898586  -160  0
-135.11496707292949  -119.37616006861124  -160  0
-132.03873063009169  -109.89453272858057  -160  0
-126.78776898208086  -111.81926885987363  -160  0
-134.63839190541293  -128.71960132391814  -160  0
-140.46324497604715  -110.52716943872264  -160  0
-115.624094426977  -139.04515393393677  -160  0
-139.19235940586071  -119.55031506439245  -160  0
-120.91704515180326  -141.96688166094992  -160  0
-110.02862938001226  -123.52685501168307  -160  0
-113.76857394866353  -129.54732869694143  -160  0
-159.5  -68.678658079036722  -750.52185510656921  0
-159.5  70.441120811862206  -314.05339312000268  0
-159.5  -69.350274555413293  -315.62615058820728  0
-159.5  -52.266798326655817  -215.87478581055498  0
-159.5  -77.308764489360684  -460.61314793807537  0
-159.5  -0.30111319007514059  -267.44550395982628  0
-159.5  -66.483510753323856  -557.67181371654226  0
-159.5  -7.9972993711379887  -211.06008685690861  0
-159.5  -54.781236753603977  -616.04317781976454  0
-159.5  -1.4068455686957684  -610.68048232295439  0
-159.5  -0.22850497286888846  -690.04883269351808  0
-159.5  -25.333281836754036  -577.79470457230252  0
-159.5  -41.947382186134249  -500.81277639933876  0
-159.5  36.985883697403715  -724.07443536897392  0
-159.5  -44.453655731391592  -176.34231164541774  0
-159.5  68.63185241849115  -750.49089060502729  0
-159.5  -37.165619864773774  -724.1623231192176  0
-159.5  26.247465965944265  -381.79469527444326  0
-159.5  18.078099680674121  -647.26141904681697  0
-159.5  -0.080181094241587758  -738.54099008274648  0
-159.5  -1.9999021543104747  -164.3717426198011  0
-159.5  2.8721941988538333  -517.21920664110735  0
-159.5  -22.484641561529227  -543.03224975769422  0
-159.5  40.268045393496244  -178.41001816478268  0
-159.5  -64.937716442654263  -412.62009518963799  0
-159.5  3.7406474053329282  -355.36803252254015  0
-159.5  -35.960606324469424  -449.1639664812829  0
-159.5  -54.268022605698071  -279.56937067838845  0
-159.5  56.347827996521893  -355.52389399732726  0
-159.5  75.291939303935266  -714.06264644568955  0
-159.5  72.46590264913219  -465.24872718564683  0
-159.5  18.458148035699548  -562.10953826654645  0
-159.5  55.173188648970267  -276.84227009233967  0
-159.5  47.809222624874899  -513.59760274988173  0
-159.5  -39.872392124190448  -243.89192162088887  0
-159.5  -75.399842925875006  -714.16283864767843  0
-159.5  73.554736907739994  -559.28923915619578  0
-159.5  -53.931205643802166  -359.52843002654828  0
-159.5  -24.563312766083868  -315.4126269866926  0
-159.5  12.865495560694184  -466.08213809546817  0
-159.5  42.685274307730523  -230.29213115510262  0
-159.5  53.339181300992237  -410.73394503999225  0
-159.5  -8.3886422446554949  -405.135881709491  0
-159.5  -57.228607759826268  -674.90540604052546  0
-159.5  -19.109539415127184  -647.67932934296812  0
-159.5  56.900344060393159  -674.51997518364385  0
-159.5  26.795443880291756  -314.22464524419723  0
-159.5  54.220379751033917  -613.89865326556333  0
-146.39265686973471  113.22431739202291  -777.42499999999995  0
113.22431739202291  -146.39265686973474  -777.42499999999995  0
-113.22431739202291  -146.39265686973474  -777.42499999999995  0
146.65362325862236  -99.035062279943332  -777.42499999999995  0
-146.39265686973474  -113.22431739202291  -777.42499999999995  0
-53.558528205438492  153.78751927439262  -777.42499999999995  0
146.39265686973474  113.22431739202291  -777.42499999999995  0
113.22431739202291  146.39265686973474  -777.42499999999995  0
-54.509547302501979  259.76559677541883  -777.42499999999995  0
-36.988967688879029  196.31945128599017  -777.42499999999995  0
-114.69249489852547  146.37094007780766  -777.42499999999995  0
-77.008968144449369  216.84643621517711  -777.42499999999995  0
-31.185065546558899  152.458588451471  -777.42499999999995  0
-100.28091054721087  148.04591384257171  -777.42499999999995  0
146.15143481376012  -114.4738520820666  -777.42499999999995  0
-79.518881116978207  168.85312928969213  -777.42499999999995  0
-135  -19.564733174873261  -791.59166817069649  0
-135  -90.000000000000014  -795.6475839931029  0
-135  10.970894767502243  -791.59162531924369  0
-135  70.435266825126746  -791.59166817069649  0
-135  100.97089476750224  -791.59162531924369  0
-120  -64.01354398017746  -932.86767174378281  0
-120  -36.267398088052431  -891.99486361938443  0
-120  64.01354398017746  -932.86767174378281  0
-120  -75.667208896683192  -877.89029681186719  0
-120  75.667208896683192  -877.89029681186719  0
-120  -1.0972463309631815e-15  -927.95637315963495  0
-120  36.267398088052431  -891.99486361938432  0
-120  -1.1945291236993305e-16  -866.03983581190028  0
-120  41.606719976009131  -855.17023801072469  0
-120  -41.606719976009124  -855.17023801072457  0
15.096833336122726  27.088931193217988  -989.89999999999998  0
46.480372774146609  -87.813765552281495  -989.89999999999998  0
83.671863521257038  -81.88169929974768  -989.89999999999998  0
-44.507528646088488  -53.725597245645609  -989.89999999999998  0
-82.693204807748486  -39.050609823059226  -989.89999999999998  0
-92.889146495806017  43.783189539985756  -989.89999999999998  0
-10.398822896501805  44.145963134639445  -989.89999999999998  0
83.744163489790466  -7.806109179013073  -989.89999999999998  0
-43.958501129741464  -89.58551058272441  -989.89999999999998  0
1.058500055911342  -71.919217773433544  -989.89999999999998  0
-4.4529632847977201  4.2754410232582556  -989.89999999999998  0
78.408789936383144  82.774620317944454  -989.89999999999998  0
39.398962413699572  6.133427460919874  -989.89999999999998  0
91.817318140504042  -46.192954611928911  -989.89999999999998  0
-15.737899484878929  -31.403115648899174  -989.89999999999998  0
79.562469759989881  38.481227711876379  -989.89999999999998  0
-45.316191394135963  -8.0727840669463742  -989.89999999999998  0
-39.999818598545083  81.09221502089207  -989.89999999999998  0
51.536191957078309  -45.294394038116842  -989.89999999999998  0
-55.226551897120302  37.933092635490276  -989.89999999999998  0
-85.995462778515957  5.7788102020183034  -989.89999999999998  0
-80.512914503847895  -82.383335454659488  -989.89999999999998  0
4.7407737869251108  85.233646423868109  -989.89999999999998  0
-83.321896331130191  79.150745255963244  -989.89999999999998  0
14.376358174486576  -27.636024872289482  -989.89999999999998  0
42.996835495628147  92.360351619373219  -989.89999999999998  0
-28.823663628076996  19.580893806277381  -989.89999999999998  0
35.724315699339073  53.758039609357496  -989.89999999999998  0
-79.01064252790971  -120  -928.89094559168063  0
2.6315989312571069  -120  -932.6592731185151  0
-43.148747358311397  -120  -858.25944673324534  0
36.923375332106644  -120  -894.13280313539667  0
75.878193505082635  -120  -878.60931800445758  0
-79.096238935119175  -120  -879.52836513396153  0
-40.251191620739526  -120  -902.87293625387269  0
41.722988811495526  -120  -856.34408525386652  0
-0.27907608048156285  -120  -869.1359982591141  0
64.514505292528369  -120  -933.92938972413867  0
-42.547983660220041  -120  -948.82603229993083  0
120  64.514505292528369  -933.92938972413867  0
120  -0.27907608048156285  -869.1359982591141  0
120  -43.148747358311397  -858.25944673324534  0
120  36.923375332106644  -894.13280313539667  0
120  -42.547983660220041  -948.82603229993083  0
120  2.6315989312571069  -932.6592731185151  0
120  -79.01064252790971  -928.89094559168063  0
120  -79.096238935119175  -879.52836513396153  0
120  41.722988811495526  -856.34408525386652  0
120  -40.251191620739526  -902.87293625387269  0
120  75.878193505082635  -878.60931800445758  0
-36.267398088052431  120  -891.99486361938443  0
-1.1945291236993305e-16  120  -866.03983581190028  0
75.667208896683192  120  -877.89029681186719  0
-41.606719976009124  120  -855.17023801072457  0
-1.0972463309631815e-15  120  -927.95637315963495  0
36.267398088052431  120  -891.99486361938432  0
-64.01354398017746  120  -932.86767174378281  0
41.606719976009131  120  -855.17023801072469  0
-75.667208896683192  120  -877.89029681186719  0
64.01354398017746  120  -932.86767174378281  0
10.970894767502251  -135  -791.59162531924369  0
-90  -135  -795.6475839931029  0
-19.56473317487325  -135  -791.59166817069649  0
100.97089476750226  -135  -791.59162531924369  0
70.435266825126746  -135  -791.59166817069649  0
135  -19.56473317487325  -791.59166817069649  0
135  -90  -795.6475839931029  0
135  10.970894767502251  -791.59162531924369  0
135  70.435266825126746  -791.59166817069649  0
135  100.97089476750224  -791.59162531924369  0
-70.435266825126746  135  -791.59166817069649  0
-100.97089476750224  135  -791.59162531924369  0
-10.970894767502251  135  -791.59162531924369  0
19.56473317487325  135  -791.59166817069649  0
90  135  -795.6475839931029  0
19.998242460258115  159.5  -587.42564306322527  0
52.976513486831109  159.5  -220.75896138401555  0
-32.021638256301216  159.5  -219.69494864750322  0
72.592203861731321  159.5  -697.97860692286395  0
42.388512740732857  159.5  -611.25668625033836  0
48.656833425940228  159.5  -451.06846391206079  0
-3.6873122818644091  159.5  -179.9941610798476  0
64.950174153582012  159.5  -515.86579658844857  0
46.114173579188012  159.5  -748.32086938053351  0
7.1945609508732691  159.5  -499.51342721882895  0
39.460179172960586  159.5  -255.64810087473094  0
-64.87546826524455  159.5  -454.73330240104997  0
30.223576289616329  159.5  -304.02857676704173  0
-67.210168269078395  159.5  -580.54819504926832  0
34.213401854542781  159.5  -375.77512834699138  0
-36.680077786760812  159.5  -536.93818066137055  0
-76.832876424454128  159.5  -312.45899099824328  0
-20.206463457585912  159.5  -581.62684083416116  0
16.162445351736384  159.5  -549.73658660020851  0
-78.944916893983915  159.5  -549.54732165563928  0
-73.999144630658591  159.5  -413.97135126029502  0
67.096920043901122  159.5  -281.18760114975191  0
-26.160983973880278  159.5  -313.19217563722287  0
61.728932456582555  159.5  -576.83581513324884  0
74.717241844590447  159.5  -617.81923451003672  0
60.332739677272883  159.5  -350.46487048977377  0
60.673928864165305  159.5  -396.81451599398616  0
-51.807446055113267  159.5  -370.67417275896389  0
41.982071668763105  159.5  -180.48431491488995  0
6.8941015099824821  159.5  -402.76581475537409  0
-39.369441819601882  159.5  -419.05351579960831  0
-12.448303506272209  159.5  -262.71993682351712  0
41.02983158543946  159.5  -703.79724905454862  0
-76.895888346646217  159.5  -506.97340906665363  0
-13.060160571338544  159.5  -452.93133997746048  0
74.321134617829159  159.5  -311.79271903279613  0
-36.862743978618461  159.5  -490.27172464440559  0
-46.520440017231039  159.5  -179.69231148975797  0
8.9497867264167184  159.5  -352.84760320466415  0
55.575381566149062  159.5  -656.52640842305993  0
-55.054741097653675  159.5  -276.19758055965656  0
14.384614275153529  159.5  -219.92085135831604  0
-83.890551040467543  159.5  -268.51994521949348  0
-59.918979981998227  159.5  -215.33666785941713  0
77.107704773397373  159.5  -756.3587398379716  0
87.469287002488514  159.5  -715.79283070928807  0
-57.839608186732747  255.39262604969704  -617.42499999999995  0
-29.231086127753048  229.29759098345917  -617.42499999999995  0
-59.083599180471211  202.67738524846766  -617.42499999999995  0
-106.9717369215  261.6991957483412  -654.52542176394195  0
-106.9717369215  226.34902633825465  -678.26648992017363  0
-106.9717369215  263.08553339179201  -699.69148198399205  0
-106.9717369215  187.11501401337489  -691.74312398521374  0
-106.9717369215  194.51481074602577  -650.97997500835027  0
-106.9717369215  223.29189171907285  -729.05176554803552  0
-106.9717369215  228.35574368666914  -643.71393883694361  0
-106.9717369215  267.75487072280703  -741.51645194082141  0
-71.335909743242652  299.69999999999999  -697.44647913353708  0
-35.678662933630235  299.69999999999999  -697.44647913353708  0
-53.505893240770412  299.69999999999999  -655.54057836239258  0
-53.506117576762442  299.69999999999999  -739.34981071833772  0
0  208.39147353566918  -653.72489861761221  0
0  267.91463749508353  -698.51327026209503  0
0  191.28536250491652  -696.33672973790499  0
0  229.59999999999999  -697.42499999999995  0
0  250.80852646433081  -741.12510138238781  0
0  259.7024110990094  -659.22519772790531  0
0  199.49758890099062  -735.62480227209471  0
135.80758817833481  135.79212603528902  -488.52633422304314  0
146.55950525120758  124.110893641619  -708.91656520071285  0
130.21283148694394  141.16593433315541  -610.13785972880703  0
126.22584926429026  144.74196861141786  -699.1539110494914  0
135.79985721209101  135.79985744166191  -280.24528846858152  0
135.79990748830349  135.79980716543091  -402.1049532468877  0
143.98636688340352  127.08709081459818  -671.89208588542294  0
120.82642200571978  149.27886067791289  -750.63027870713211  0
126.07759479438681  144.87112407537401  -656.70590728091111  0
144.49709493792145  126.50609493024962  -631.14627264351975  0
135.79985288821612  135.79986176553666  -359.62514744271573  0
135.71048378117723  135.88917209210911  -531.34222258068814  0
135.79923487497786  135.80047977592201  -445.26368561197819  0
135.79985784855918  135.79985680519371  -318.62878475678849  0
136.67114622563767  134.92294204237606  -572.94943539469068  0
147.10948962521255  123.45849732687292  -747.42318301055263  0
132.466106404257  139.05370600633438  -730.78519530869471  0
159.5  -44.401767851979379  -229.33920404576355  0
159.5  59.101802178644753  -674.54891867075992  0
159.5  69.919417023311922  -464.19276108437487  0
159.5  -77.637358307042817  -714.87511096456637  0
159.5  46.773528192306152  -408.88658710440444  0
159.5  -41.242790400367291  -725.8594072752619  0
159.5  40.893483232222152  -512.29205965475444  0
159.5  -31.874744958329174  -447.94502804834218  0
159.5  18.547767216677343  -639.20977576568339  0
159.5  38.746476054325115  -296.32188679555418  0
159.5  53.229091529098895  -218.23022909602378  0
159.5  -37.883378828065652  -173.65282660760684  0
159.5  -58.919022316399975  -519.76080184510386  0
159.5  47.801276994803118  -176.85341984706704  0
159.5  77.376840909960308  -714.3998467302124  0
159.5  8.5220807829849647  -212.54749877272687  0
159.5  -23.548217878548712  -647.21260513053585  0
159.5  -50.876784580559949  -316.45259948764982  0
159.5  73.156778420929129  -750.76338643247141  0
159.5  -59.736731964260123  -676.43111103186504  0
159.5  64.038133331905286  -619.93714161280764  0
159.5  52.422128479565686  -344.97821321669005  0
159.5  -60.91503133832191  -624.23158309084613  0
159.5  8.980278545583058  -163.95693272867214  0
159.5  3.4636341908806627  -557.84932247868153  0
159.5  27.319450821444068  -597.49829477690901  0
159.5  -0.91264038830670002  -690.49534147726285  0
159.5  -29.989578213266398  -540.4198558892914  0
159.5  10.568759745366989  -463.82341528428094  0
159.5  -66.762355045334374  -361.32082176074675  0
159.5  3.992042367486893  -319.64912873949879  0
159.5  -73.292223566265264  -750.90443108786167  0
159.5  -53.560253236853939  -571.89008036109385  0
159.5  74.864247103113314  -308.74205601195706  0
159.5  69.190964066044685  -278.73675489738787  0
159.5  -8.893032485063161  -271.32199411925114  0
159.5  -59.126369729695234  -270.39739961334413  0
159.5  -14.767079257268506  -606.1973468468608  0
159.5  -11.049392039284074  -512.56437861895995  0
159.5  40.690329569748194  -725.41350514272256  0
159.5  -8.6395189885413473  -419.70577827750054  0
159.5  -32.522943604648368  -481.82962907211811  0
159.5  -11.499380943393906  -368.67500298530229  0
159.5  40.87890109436119  -253.79687331074982  0
159.5  -0.2418988768495528  -745.55548356058853  0
159.5  -71.615074233405707  -465.51468323673487  0
159.5  -57.682359119728901  -409.1434528767133  0
159.5  65.251459409063941  -564.79024487453535  0
138.77709126551895  -132.75587158345135  -567.85249932324655  0
124.51689445220057  -146.21472393702197  -710.25266630646468  0
150.06586066101499  -119.84756970447435  -749.95984576653325  0
126.74038689158075  -144.29163811729504  -595.55670453538801  0
135.83106848312599  -135.76863899565444  -486.03648288784717  0
135.80000055834782  -135.79971409525402  -395.88290133928501  0
135.79985777465083  -135.79985687910209  -297.92230356182273  0
142.33937742814894  -128.92906628595031  -688.99047868376249  0
135.79762133026145  -135.8020932866755  -441.68904653353889  0
135.799849089731  -135.79986556402142  -348.22203020205825  0
125.3526873084605  -145.49881884244741  -671.38256656223291  0
135.42969133956336  -136.16901704745686  -528.66732265807968  0
127.78147442525781  -143.37048961940246  -634.49022170932949  0
145.15686746677866  -125.74850427433347  -614.39047030676397  0
145.26363822575286  -125.6251483956043  -656.37833053361999  0
118.64894770330541  -151.01532938380228  -749.08250851684249  0
134.44007140112734  -137.14616181891415  -741.76866773049426  0
145.95265971567642  -124.82397054219985  -717.28458843825797  0
37.137124263352696  -159.5  -723.46640053271005  0
52.255723539892102  -159.5  -345.20251786829061  0
63.865237737731803  -159.5  -619.56928117308621  0
-71.623674325006021  -159.5  -465.52036747721718  0
68.710907982496551  -159.5  -750.30380484288958  0
39.832383689393801  -159.5  -254.77569211686583  0
27.261764390002927  -159.5  -597.04598467280528  0
69.914391658710144  -159.5  -464.18706456446995  0
-37.710818472058143  -159.5  -723.91315057067629  0
-68.852156013005271  -159.5  -750.47986888219657  0
18.411020107592741  -159.5  -638.31028103271694  0
-51.11957335350484  -159.5  -316.82915941754362  0
-11.046176070539159  -159.5  -512.47616384021308  0
5.8619027771772965  -159.5  -215.3946391216283  0
-58.91034820657665  -159.5  -519.70233771601397  0
-53.520403386640595  -159.5  -571.67480391744311  0
1.7567252634958603  -159.5  -170.86187343381098  0
68.853164799437423  -159.5  -279.09168517705518  0
-8.6906525618542414  -159.5  -419.76928301591289  0
-60.738611589778102  -159.5  -623.79231509877229  0
46.718767426459706  -159.5  -408.94949258469688  0
-9.7221223197003788  -159.5  -272.42806903048427  0
58.299262220233416  -159.5  -673.68339258080061  0
51.210526504468973  -159.5  -219.29910575450344  0
-32.539486657715798  -159.5  -481.82892843858684  0
-66.832137321215995  -159.5  -361.45696201537743  0
3.6280824636240783  -159.5  -320.1492265054269  0
-38.265218823316708  -159.5  -180.09157332544916  0
65.218915548187269  -159.5  -564.63636199042253  0
3.4677973829964737  -159.5  -557.60425797082291  0
-0.29656863169242181  -159.5  -738.01838840129835  0
41.31590720367452  -159.5  -178.37268085008597  0
-59.475905094702163  -159.5  -271.05411464792678  0
-29.966852157730251  -159.5  -540.25314335743758  0
-75.885726676473482  -159.5  -714.2391021495074  0
-14.732165097127924  -159.5  -605.65690705453551  0
-0.91766940608176251  -159.5  -688.33873020194733  0
-58.932888951800983  -159.5  -675.54854227805083  0
75.618860283416097  -159.5  -713.73762888986289  0
-57.691628025692481  -159.5  -409.20833468332302  0
10.542402502837824  -159.5  -463.833486636749  0
-11.626728578800815  -159.5  -368.88317600263849  0
-31.902913410300503  -159.5  -447.96919751721629  0
-23.373149507657992  -159.5  -646.22863358527547  0
38.261617480451704  -159.5  -296.85653738821043  0
40.876202888655421  -159.5  -512.24515176756404  0
74.67033321649798  -159.5  -308.93252629277646  0
-45.100381251949685  -159.5  -231.18136681808937  0
-127.0532364861395  -144.01624074526148  -650.98101845876226  0
-135.63958123074173  -135.95994448200184  -529.71200679395736  0
-144.83937035976973  -126.11407254460329  -623.95880151842539  0
-128.1712874118347  -143.02210872166887  -607.35464919756703  0
-135.81504560961119  -135.78466734524645  -486.27046081244703  0
-135.79985180578038  -135.79986284797232  -348.17695804579421  0
-146.47896163395501  -124.20594308904199  -707.05938404683297  0
-135.79985763127473  -135.79985702247816  -297.89682507602652  0
-144.98985069215652  -125.94104055575436  -667.1860490185876  0
-135.7999473173015  -135.7997673363918  -395.83103536528904  0
-135.79860276748994  -135.8011118746731  -441.68404406447706  0
-144.85145183470863  -126.10019588159685  -744.57146550541995  0
-137.19656018829613  -134.38863929848847  -571.60522486680702  0
-123.6820622622962  -146.92157763427906  -749.76867047772907  0
-128.70231521820426  -142.544437132685  -721.45560453824953  0
-127.70230665493671  -143.44101008780061  -689.45613943741034  0
-99.713993629802076  124.28600637019791  -172.2736093520947  0
-124.28600637019792  99.713993629802076  -172.2736093520947  0
-121.61232831956541  102.38767168043458  -199.96479650722858  0
-102.38767168043459  121.61232831956539  -199.96479650722858  0
-112  112  -177.43767492034974  0
112  112  -181.60459449610764  0
100.82710343254834  123.17289656745166  -173.00306913381169  0
121.45369446789508  102.54630553210492  -200.94884274051316  0
123.17289656745164  100.82710343254834  -173.00306913381166  0
102.54630553210491  121.45369446789508  -200.94884274051316  0
112.86110478751111  -111.13889521248889  -195.70921443683011  0
126.87845605593201  -97.121543944067994  -170.52938578113154  0
114.41605305757793  -109.58394694242207  -169.48540631339316  0
101.56039060419656  -122.43960939580344  -170.52880417308765  0
-112  -112  -177.43767492034974  0
-121.61232831956539  -102.38767168043459  -199.96479650722858  0
-124.28600637019791  -99.713993629802076  -172.2736093520947  0
-99.71399362980209  -124.28600637019791  -172.2736093520947  0
-102.38767168043459  -121.61232831956541  -199.96479650722858  0
-73  177.3599692171436  -243.0634219492006  0
-73  172.62820678862218  -240.05588650334604  0
-65.5  188.17440331156783  -226.39901376607946  0
-65.499999999999915  189.36649517045439  -254.09422321963973  0
-65.500000000000014  180.35592253688446  -235.00549574858653  0
-65.500000000000014  184.84097946203897  -251.47620678827491  0
-65.500000000000014  179.55681412300152  -241.30429898622722  0
-65.500000000000014  181.42646779367541  -247.35409788146677  0
-65.5  183.10498593523889  -230.24532653217463  0
-65.5  207.49082180708874  -247.49923654624038  0
-65.5  209.27194334895376  -237.39429669852819  0
-65.499999999999972  207.48994537619686  -232.49924542973031  0
-65.5  209.27228987867755  -242.60373803219929  0
-65.500000000000156  204.14132114121665  -228.50891969169439  0
-65.499999999999773  199.6299815237478  -225.90449399397076  0
-65.5  204.1423160181171  -251.49024550680977  0
-65.5  199.63062987236248  -254.09527002624716  0
-58  172.62820678862218  -240.05588650334604  0
-58  177.3599692171436  -243.06342194920063  0
-65.498771199999993  168.87520480000001  -230  0
-65.500000000000554  184.93629814890195  -220.90063857341977  0
-65.49999999999946  184.93629814890221  -259.09936142658034  0
-65.500000000004306  178.46024540106765  -254.10589495231923  0
-65.499999999995566  178.46024540106779  -225.89410504768063  0
-65.500682666666663  167.83196800000002  -250  0
72  172.62820678862221  -734.87411349665399  0
72  177.3599692171436  -731.86657805079938  0
79.500000000000085  189.36649517045439  -749.02422321963968  0
79.499999999999986  184.84097946203897  -746.40620678827486  0
79.499999999999986  179.55681412300152  -736.23429898622715  0
79.499999999999986  180.35592253688446  -729.9354957485865  0
79.499999999999986  181.42646779367541  -742.28409788146666  0
79.5  183.10498593523889  -725.17532653217461  0
79.5  188.17440331156783  -721.32901376607947  0
79.500000000000028  207.48994537619686  -727.42924542973026  0
79.5  207.49082180708874  -742.4292365462403  0
79.500000000000227  199.6299815237478  -720.83449399397068  0
79.5  209.27228987867755  -737.53373803219927  0
79.5  204.1423160181171  -746.42024550680969  0
79.5  209.27194334895376  -732.32429669852809  0
79.5  199.63062987236248  -749.02527002624709  0
79.499999999999844  204.14132114121665  -723.43891969169431  0
87  176.35148163072012  -737.78682219798736  0
87  174.48648582370282  -733.44058249414206  0
87  167.35446766151932  -729.84535157366042  0
87  169.4613872664431  -738.32742363392299  0
79.501228800000007  168.87520480000001  -724.92999999999995  0
79.499999999999574  184.9362981489017  -715.83063857341983  0
79.49999999999946  184.93629814890224  -754.02936142658029  0
79.500000000004306  178.46024540106765  -749.03589495231915  0
79.500000000004405  178.46024540106765  -720.82410504768075  0
79.501228800000007  168.87520480000001  -744.92999999999995  0
129.63648557477089  -116.14156993117248  -146.40766217663474  0
126.99041270882933  -114.7055794512839  -143.97397372182033  0
131.1287804080242  -117.5643842910324  -154.59856594140456  0
116.08023437198071  -118.00245262146963  -147.10964524450125  0
114.87055376469385  -120.13494249683048  -154.55132952679477  0
132.02875570373521  -118.82093257060666  -146.01740351503105  0
118.29381952530674  -115.86999919115799  -150.13611471007863  0
133.13350866301889  -121.51308103110964  -146.73332528949371  0
117.82917880249315  -116.21334628390089  -143.66603601756958  0
123.86862834541854  -114.15445897546611  -146.14698525018233  0
124.33603695490339  -114.17017209897797  -155.82437641613808  0
121.08809710876453  -114.53786028563721  -153.33531132719847  0
120.29336149064561  -114.80738355670249  -144.75439170955934  0
128.97862663258977  -115.67935408146469  -155.38253021681783  0
126.90013803735344  -114.67413211759433  -151.28922103024502  0
116.60797316934963  -117.35904234605383  -155.46869126640684  0
118.74660621072957  -115.57445707506125  -156.48931791357811  0
114.5754926460489  -120.9620749844547  -145.95122168776064  0
132.78318155738665  -120.37814559545492  -154.38311840570881  0
131.10929386504088  -130.01667246855976  -156.60657843520781  0
121.73087703822762  -133.18359653365309  -145.99516728789573  0
122.6310628427663  -133.3353367652264  -154.77689665339602  0
129.03510165629436  -131.84219666387006  -145.00407591695648  0
116.7185487927613  -130.3204532102859  -154.28798250279377  0
132.64228997060221  -127.5318358379232  -155.16706869566343  0
118.56873325456152  -131.87183558728685  -145.7692704115415  0
114.57809346535622  -126.60449248927863  -145.69190497147605  0
114.88172413943467  -127.45033052039091  -154.14454754572691  0
131.20336061994627  -129.90440887024212  -143.53892634495415  0
128.66622040863376  -132.07097262158101  -154.34699982275632  0
131.15983741002475  -129.95678312291255  -150.12740231163258  0
116.09980967231809  -129.58162898187339  -145.69900939271176  0
125.56884924259506  -133.23616714905125  -156.02331908633647  0
119.40711797143439  -132.35382512734483  -154.40396662218933  0
132.80612706393285  -127.11855714498148  -146.10395170815863  0
125.55734158016142  -133.23833777996106  -147.01793609446949  0
133.13537317284147  126.03729200142081  -146.68307227773613  0
132.78274146571644  127.18110344708701  -154.28632087055735  0
124.53809999476297  133.37406450792867  -155.22485319944425  0
122.6980991234885  133.34315138300303  -145.85825780545014  0
132.05374790999076  128.69532803065388  -145.81173248926825  0
114.63058664011623  126.77009347951559  -153.07145096090497  0
131.08635729008236  130.04352677681402  -154.17543591636124  0
125.71995092669256  133.20631618716956  -148.62553549778133  0
129.94869369729176  131.16660074429086  -145.5362448798798  0
115.98936170057942  129.4324927721652  -156.88294104725958  0
127.55297711461772  132.63330876411601  -145.17225232043052  0
128.19521889803755  132.33111822840641  -153.59222036128483  0
116.39907226441441  129.9577693438504  -143.43890166086027  0
118.80155637264097  132.01707951714994  -146.01592096204763  0
118.29658698404339  131.69000352340754  -155.2160425022326  0
114.87713542054883  127.43919005180658  -144.72428686659811  0
121.07772834838558  133.0171982103129  -153.7195737814227  0
116.23763870545602  129.75966581388968  -149.89192436484561  0
125.40242253200877  133.26615229165441  -143.27646238799855  0
122.6310628427663  114.2227473281736  -154.77689665339602  0
128.66622040863376  115.48711147181899  -154.34699982275632  0
131.10929386504088  117.54141162484025  -156.60657843520781  0
116.7185487927613  117.23763088311411  -154.28798250279377  0
118.56873325456152  115.68624850611313  -145.7692704115415  0
125.55734158016142  114.31974631343894  -147.01793609446949  0
129.03510165629436  115.71588742952994  -145.00407591695648  0
119.40711797143439  115.20425896605516  -154.40396662218933  0
116.09980967231809  117.97645511152662  -145.69900939271176  0
132.80612706393285  120.43952694841852  -146.10395170815863  0
131.20336061994627  117.65367522315788  -143.53892634495415  0
132.64228997060221  120.0262482554768  -155.16706869566343  0
131.15983741002475  117.60130097048743  -150.12740231163258  0
114.88172413943467  120.10775357300909  -154.14454754572691  0
121.73087703822762  114.37448755974692  -145.99516728789573  0
114.57809346535622  120.95359160412137  -145.69190497147605  0
125.56884924259506  114.32191694434874  -156.02331908633647  0
-124.85998496991149  133.34315138300303  -145.85825780545014  0
-117.60939039610824  131.16660074429086  -145.5362448798798  0
-132.68094867285117  127.43919005180658  -144.72428686659811  0
-116.47172680331765  130.04352677681402  -154.17543591636124  0
-123.01998409863702  133.37406450792867  -155.22485319944425  0
-119.36286519536245  132.33111822840644  -153.59222036128483  0
-131.1590118289856  129.9577693438504  -143.43890166086027  0
-132.92749745328376  126.77009347951559  -153.07145096090497  0
-128.75652772075901  132.01707951714994  -146.01592096204763  0
-120.00510697878228  132.63330876411601  -145.17225232043052  0
-122.15566156139123  133.26615229165441  -143.27646238799855  0
-131.32044538794398  129.75966581388968  -149.89192436484561  0
-121.83813316670744  133.20631618716956  -148.62553549778133  0
-131.56872239282058  129.4324927721652  -156.88294104725958  0
-129.26149710935661  131.69000352340754  -155.2160425022326  0
-114.77534262768357  127.18110344708701  -154.28632087055735  0
-115.50433618340924  128.69532803065388  -145.81173248926825  0
-114.42271092055854  126.03729200142081  -146.68307227773613  0
-126.48035574501442  133.0171982103129  -153.7195737814227  0
-125.82720705517238  114.37448755974692  -145.99516728789573  0
-118.89186368476624  115.48711147181899  -154.34699982275632  0
-114.75195702946714  120.43952694841852  -146.10395170815863  0
-124.9270212506337  114.2227473281736  -154.77689665339602  0
-114.91579412279781  120.0262482554768  -155.16706869566343  0
-116.39824668337526  117.60130097048743  -150.12740231163258  0
-131.45827442108191  117.97645511152662  -145.69900939271176  0
-116.35472347345373  117.65367522315788  -143.53892634495415  0
-130.83953530063869  117.23763088311411  -154.28798250279377  0
-122.00074251323858  114.31974631343894  -147.01793609446949  0
-128.98935083883848  115.68624850611313  -145.7692704115415  0
-132.67635995396532  120.10775357300909  -154.14454754572691  0
-132.97999062804379  120.95359160412137  -145.69190497147605  0
-128.15096612196561  115.20425896605516  -154.40396662218933  0
-121.98923485080493  114.32191694434874  -156.02331908633647  0
-118.52298243710565  115.71588742952994  -145.00407591695648  0
-116.44879022835913  117.54141162484025  -156.60657843520781  0
-119.36286519536245  -115.22696586499357  -153.59222036128483  0
-132.92749745328376  -120.7879906138844  -153.07145096090497  0
-120.00510697878228  -114.92477532928399  -145.17225232043052  0
-115.50433618340924  -118.86275606274612  -145.81173248926825  0
-122.15566156139123  -114.2919318017456  -143.27646238799855  0
-123.01998409863702  -114.18401958547135  -155.22485319944425  0
-114.42271092055854  -121.52079209197917  -146.68307227773613  0
-116.47172680331765  -117.51455731658596  -154.17543591636124  0
-131.32044538794398  -117.79841827951032  -149.89192436484561  0
-128.75652772075901  -115.54100457625006  -146.01592096204763  0
-117.60939039610824  -116.39148334910914  -145.5362448798798  0
-131.56872239282058  -118.12559132123481  -156.88294104725958  0
-131.1590118289856  -117.60031474954958  -143.43890166086027  0
-129.26149710935661  -115.86808056999244  -155.2160425022326  0
-132.68094867285117  -120.11889404159342  -144.72428686659811  0
-121.83813316670744  -114.35176790623044  -148.62553549778133  0
-126.48035574501442  -114.5408858830871  -153.7195737814227  0
-114.77534262768357  -120.37698064631299  -154.28632087055735  0
-124.85998496991149  -114.21493271039697  -145.85825780545014  0
-128.15096612196561  -132.35382512734483  -154.40396662218933  0
-130.83953530063869  -130.3204532102859  -154.28798250279377  0
-118.89186368476622  -132.07097262158101  -154.34699982275632  0
-114.91579412279781  -127.5318358379232  -155.16706869566343  0
-128.98935083883848  -131.87183558728685  -145.7692704115415  0
-116.35472347345373  -129.90440887024212  -143.53892634495415  0
-122.00074251323858  -133.23833777996106  -147.01793609446949  0
-116.44879022835913  -130.01667246855976  -156.60657843520781  0
-116.39824668337526  -129.95678312291255  -150.12740231163258  0
-124.9270212506337  -133.3353367652264  -154.77689665339602  0
-121.98923485080493  -133.23616714905125  -156.02331908633647  0
-114.75195702946714  -127.11855714498148  -146.10395170815863  0
-132.97999062804379  -126.60449248927863  -145.69190497147605  0
-132.67635995396532  -127.45033052039091  -154.14454754572691  0
-125.82720705517238  -133.18359653365309  -145.99516728789573  0
-118.52298243710565  -131.84219666387006  -145.00407591695648  0
-131.45827442108191  -129.58162898187339  -145.69900939271176  0
-20.341085818898748  15.198685475655028  -8.1507916606427351  0
-20.169260880237573  15.108695274968387  -1.9292823450134402  0
-23.123558686118354  15.108576684261525  -1.9292814817030037  0
-18.993983003940347  13.899351704404442  -4.9951321817914467  0
-21.646460727180099  15.497499995956492  -7.487450560309199  0
-19.335809996957344  14.411034162402435  -1.9949927934805864  0
-23.938753105572317  14.432617964017032  -8.0064588011765156  0
-20.752243212242902  15.361178329984998  -4.7416331728944527  0
-24.494764900542304  13.438922333687366  -7.9288334121672532  0
-22.147014772122048  15.455419825087468  -1.7975711458016133  0
-24.496030889088566  13.435083154893025  -2.0700530317104868  0
-22.540781496783808  15.361048801526071  -4.7416322539772366  0
-21.145881276122672  15.455468243409353  -1.7975714830448104  0
-22.951716326551381  15.198592590766671  -8.1507909834380179  0
-21.646550522523455  15.497499989950462  -4.1134329386306527  0
-18.797866073526542  13.438985988629961  -7.9288338988109475  0
-18.79660035261082  13.435147912260435  -2.0700535291556732  0
-24.298711177095871  13.899192298535848  -4.9951310017660848  0
-23.541005729297794  14.82346410625442  -4.9698840715998402  0
-19.751854196767709  14.823667723301746  -4.9698855667340558  0
-23.956903110718045  14.41090958003592  -1.9949918493501324  0
-19.353957509858493  14.432737229135459  -8.0064596993045516  0
-20.370219664001667  9.7824297802882043  -8.2607901112527387  0
-22.703320073467854  9.6898819586799156  -8.0547549970932177  0
-18.800386942320642  11.548421186914933  -2.0677414710573236  0
-23.642202511008126  10.257769436700588  -1.9808134409826943  0
-19.369464166170999  10.54404256125359  -8.027979122106613  0
-19.009046820364155  11.067510676651432  -5.0006509921804598  0
-20.94818918766763  9.5798580826593245  -5.0076778696924702  0
-23.228242435705557  9.9484857107163673  -5.0537798932916216  0
-21.579445450280897  9.498245125044356  -1.9681700463996736  0
-24.560869706461325  11.7866467219405  -4.9615075622692872  0
-18.800389343323253  11.548413987272802  -7.9326261421225279  0
-24.425632529824387  11.368191228315183  -7.9604510931082242  0
-24.372245013311371  11.244802563612192  -1.8056624410307451  0
-19.369428835965401  10.544083740919977  -1.9735098674733405  0
-21.582395674998395  9.4981808101970149  -8.0492402429415719  0
-24.090549458162592  10.758055010842384  -5.0033605816702993  0
-23.743853547380091  10.352671345906492  -8.2589055056432326  0
-22.684307459584769  9.6827973822066653  -2.0035253488269507  0
-19.826424120092529  10.112540104967826  -5.002322284547783  0
-20.369880356369777  9.7825892810496882  -1.7439232438186971  0
-22.139180426141877  9.538264662559385  -5.0226346384760037  0
-21.58678230628065  12.705655807811075  -10  0
-21.924074387521234  14.851796326936851  -10  0
-20.325948649955048  12.538768674728942  -10  0
-19.761455961866929  14.313364331130931  -10  0
-22.338371160615772  11.529683971425966  -10  0
-23.902985419455533  13.497527381373661  -10  0
-19.771625039762672  11.22776935935371  -10  0
-19.211312919399717  12.304770521844056  -10  0
-23.578811306976224  11.468438855378299  -10  0
-23.019707005371199  14.319816746616558  -10  0
-21.078245004824769  11.428600287548019  -10  0
-20.785002367476633  14.16060432910044  -10  0
-22.940636677942393  12.810762841333462  -10  0
-20.613416109225319  10.318149043910514  -10  0
-24.105153491531862  12.390910159867229  -10  0
-22.051452381841024  13.768869402549328  -10  0
-19.521879843068689  13.407489431028095  -10  0
-21.831965884520088  10.255750018220203  -10  0
-23.012545838971903  10.513729128699374  -10  0
19.751604205882209  14.82346410625442  -4.9698840715998402  0
23.12334905494243  15.108695274968387  -1.9292823450134404  0
21.646059412656548  15.497499989950462  -4.1134329386306527  0
21.145595163057955  15.455419825087468  -1.7975711458016133  0
21.646149207999905  15.497499995956492  -7.487450560309199  0
19.335706824461958  14.41090958003592  -1.9949918493501324  0
23.938652425321514  14.432737229135457  -8.0064596993045516  0
18.7978450346377  13.438922333687366  -7.9288334121672532  0
24.494743861653461  13.438985988629961  -7.9288338988109475  0
22.146728659057331  15.455468243409353  -1.7975714830448104  0
20.169051249061649  15.108576684261525  -1.9292814817030037  0
20.751828438396196  15.361048801526071  -4.7416322539772366  0
22.540366722937101  15.361178329984998  -4.7416331728944536  0
18.993898758084132  13.899192298535848  -4.9951310017660848  0
23.956799938222662  14.411034162402434  -1.9949927934805862  0
23.540755738412294  14.823667723301746  -4.9698855667340558  0
18.796579046091438  13.435083154893025  -2.0700530317104873  0
20.340893608628623  15.198592590766671  -8.1507909834380179  0
19.353856829607686  14.432617964017032  -8.0064588011765156  0
22.951524116281256  15.198685475655028  -8.1507916606427369  0
24.496009582569183  13.435147912260433  -2.0700535291556732  0
24.298626931239657  13.899351704404442  -4.9951321817914467  0
23.923181099214602  10.544083740919977  -1.9735098674733407  0
18.731740228718678  11.7866467219405  -4.9615075622692872  0
24.49222059185675  11.548413987272802  -7.9326261421225288  0
24.492222992859361  11.548421186914933  -2.0677414710573236  0
21.153429509038126  9.538264662559385  -5.0226346384760046  0
21.713164484899107  9.498245125044356  -1.9681700463996739  0
23.923145769009004  10.54404256125359  -8.027979122106613  0
22.344420747512373  9.5798580826593245  -5.0076778696924702  0
21.710214260181608  9.4981808101970149  -8.0492402429415719  0
20.608302475595234  9.6827973822066653  -2.0035253488269507  0
23.466185815087474  10.112540104967826  -5.0023222845477839  0
19.650407424171878  10.257769436700588  -1.9808134409826943  0
19.548756387799912  10.352671345906492  -8.2589055056432326  0
20.58928986171215  9.6898819586799156  -8.0547549970932177  0
20.064367499474447  9.9484857107163673  -5.0537798932916216  0
22.922729578810227  9.7825892810496882  -1.7439232438186971  0
22.92239027117834  9.7824297802882043  -8.2607901112527387  0
18.920364921868632  11.244802563612192  -1.8056624410307451  0
19.202060477017412  10.758055010842384  -5.0033605816702993  0
24.283563114815848  11.067510676651432  -5.0006509921804607  0
18.866977405355613  11.368191228315188  -7.9604510931082242  0
19.399581455371283  12.318096824003486  -10  0
19.461460319797965  13.540523592635354  -10  0
20.656964804321074  11.819034416243452  -10  0
21.852081529183696  10.086593936448461  -10  0
19.670850488606188  11.117647974191811  -10  0
22.533442402707156  14.749551153891593  -10  0
21.440970517614861  14.969394018662989  -10  0
23.745004648256312  11.131060261892355  -10  0
21.632665728380676  13.926733174409433  -10  0
20.700365508760072  10.452032228827937  -10  0
21.803523613407659  12.645412200835882  -10  0
23.060638800263831  12.049895747450709  -10  0
23.102513240047809  13.694674737495896  -10  0
22.837994239951218  10.617091760277445  -10  0
20.364616168744423  14.396503975365228  -10  0
21.818012791071574  11.277738197442245  -10  0
24.029812640892469  12.970767131105914  -10  0
24.091020468067644  12.015948144801447  -10  0
20.552637054311791  13.107069490381297  -10  0
-2.2952264725680678  -23.06317820707428  -1.7111468875826508  0
-1.4049511136249122  -22.344318508699299  -1.8678372574118554  0
1.4049031310985061  -22.344293076888807  -1.8678373574715801  0
-3.6132748803628484e-05  -21.995000000217598  -7.4687070067635668  0
-5.7046560692684951e-05  -21.995000000542387  -4.0853162899795832  0
-2.848142818894762  -24.052618716666021  -7.9137112759868602  0
2.8481381386373807  -24.052604571722043  -7.9137113336809373  0
-0.46806493749572498  -22.031739091087807  -1.7760747621080188  0
1.8758661370072724  -22.653819478120191  -4.884539879070755  0
2.2952061613288195  -23.063154075243521  -1.7111469844464833  0
-2.8623147621704028  -24.096582389831216  -2.0184471467942293  0
2.8623105158525077  -24.096568861381048  -2.0184472021279665  0
-0.87106945331751051  -22.124244349043771  -4.7021973120821254  0
-1.2993547218748485  -22.290988663718007  -8.1292949816666678  0
-2.65139635850977  -23.591398436136121  -4.9177349946527844  0
0.46799853967223753  -22.031728603913464  -1.7760748023451094  0
0.87097354022748064  -22.124215248016039  -4.7021974218133664  0
-1.875922551955115  -22.653864681598648  -4.8845397043457952  0
2.2892779665337337  -23.056132703885289  -7.9779832850168191  0
2.6513779900440926  -23.591363738745059  -4.917735130790728  0
1.2993105278388313  -22.290967427665272  -8.1292950629322842  0
-2.28930067470883  -23.05615951641769  -7.9779831782137407  0
1.2764246112202242  -27.709910718950312  -1.7439232438186971  0
-2.7793275622343852  -26.124308771684817  -7.9604510931082242  0
2.6372581472258467  -26.424989323348569  -5.0006509921804598  0
0.063909292591606881  -27.994319189802987  -8.0492402429415719  0
-1.9958975434181234  -27.234730563299411  -1.9808134409826943  0
-2.7259400457213676  -26.24769743638781  -1.8056624410307451  0
0.69811577992237273  -27.912641917340679  -5.0076778696924693  0
-0.49287545855187387  -27.954235337440618  -5.0226346384760037  0
1.8198808474974721  -27.379959895032176  -5.0023222845477839  0
-1.0380024919947679  -27.809702617793334  -2.0035253488269507  0
1.2760853035883386  -27.710070219711795  -8.2607901112527387  0
-2.9145647388713227  -25.7058532780595  -4.9615075622692872  0
-1.5819374681155545  -27.544014289283634  -5.0537798932916216  0
2.8459180252693579  -25.944078813085067  -2.0677414710573236  0
2.8459156242667465  -25.944086012727201  -7.9326261421225279  0
2.2768408014190018  -26.948457438746409  -8.027979122106613  0
2.2768761316245998  -26.948416259080027  -1.9735098674733405  0
-2.0975485797900908  -27.13982865409351  -8.2589055056432308  0
-1.0570151058778536  -27.802618041320088  -8.0547549970932177  0
-2.4442444905725904  -26.734444989157616  -5.0033605816702993  0
0.06685951730910604  -27.994254874955644  -1.9681700463996736  0
-1.1367140404520484  -22.822528855876122  -10  0
1.7215081909337928  -23.251921868318338  -10  0
0.90780726500981823  -24.012974578417293  -10  0
0.27149413613098911  -27.460104579914976  -10  0
0.42521309199081175  -26.285762245364516  -10  0
-1.7116055596868094  -23.53555847913238  -10  0
1.2896148847811004  -25.173908043238573  -10  0
-0.26251087004607326  -22.508136955533551  -10  0
-0.9146976851766434  -25.876218259397934  -10  0
1.1696726187026334  -27.128152811814637  -10  0
1.8688734959437034  -26.321614604859811  -10  0
-0.71482723151499028  -27.096915507009566  -10  0
-1.2634502764145059  -24.65696106506293  -10  0
-2.206403535391293  -25.58061214728383  -10  0
2.4264341837578147  -25.248421051039511  -10  0
2.1022721353904301  -24.23250270249526  -10  0
0.0086688313228137186  -24.938210025677094  -10  0
-1.7370633212665798  -26.694462776416128  -10  0
-0.39156577358800582  -23.619445898725964  -10  0
0.7173310806866946  -22.858579204331097  -10  0
-2.3646812622765134  -24.387303125409449  -10  0
Triangles
6452
188 1880 1822  1
1887 1842 1797  1
313 1880 1824  1
1783 172 173  1
5 4 189  1
227 1837 226  1
1844 1848 239  1
233 1847 1781  1
252 1796 8  1
1842 1887 1861  1
258 1861 257  1
1927 1925 5  1
1917 1794 1810  1
1922 263 264  1
1779 265 266  1
293 1836 1784  1
205 1923 206  1
188 1788 187  1
1921 1832 308  1
304 1811 303  1
1829 1785 1841  1
306 307 1832  1
1864 238 1848  1
288 1879 1834  1
1785 1916 1860  1
238 1864 237  1
186 1889 185  1
1873 1841 1785  1
1880 316 1822  1
184 1889 1819  1
1880 313 314  1
1905 289 290  1
1788 188 1822  1
180 1893 179  1
318 1822 317  1
316 1880 315  1
237 1864 236  1
1889 184 185  1
320 1878 1868  1
1852 1828 1881  1
1904 321 10  1
1878 320 321  1
181 1893 180  1
1879 1841 1834  1
293 1784 292  1
184 1819 183  1
287 1856 286  1
1856 287 1834  1
183 1819 182  1
241 1844 240  1
1783 1877 1821  1
1909 247 1840  1
1870 241 242  1
1898 1840 1906  1
245 1903 244  1
241 1870 1844  1
177 1877 176  1
1919 1909 1898  1
1903 243 244  1
243 1903 1870  1
1784 291 292  1
236 1813 235  1
1835 1789 1871  1
166 1815 165  1
283 1805 282  1
1850 1881 1803  1
1858 1925 1831  1
1847 1813 1820  1
232 1888 231  1
1874 1901 1780  1
225 1802 224  1
230 1888 1874  1
1901 1874 1867  1
1843 1815 167  1
168 1843 167  1
169 1799 168  1
1867 1845 1790  1
1799 169 1802  1
1914 1802 169  1
1854 1914 170  1
223 1914 222  1
1843 1918 1901  1
220 1914 1854  1
220 1854 219  1
1896 1863 1846  1
1840 1896 1846  1
249 1840 248  1
218 1863 6  1
247 1909 246  1
1909 1903 245  1
1863 251 6  1
170 1863 1854  1
1863 1896 251  1
251 1896 250  1
1789 1876 1855  1
1780 227 228  1
1 189 3  1
1793 1900 1817  1
1781 232 233  1
262 1825 261  1
1808 1883 1853  1
198 1912 1897  1
1864 1848 1795  1
272 1826 271  1
270 1897 269  1
1826 272 1800  1
268 1912 1779  1
1826 1910 1897  1
268 1779 267  1
1779 1912 197  1
1897 270 1826  1
1912 269 1897  1
263 1922 1798  1
263 1798 262  1
256 1861 1801  1
260 1842 259  1
1842 260 1825  1
1861 258 1842  1
1825 260 261  1
1778 254 1859  1
1796 285 8  1
1791 1887 1804  1
255 1859 254  1
1803 1881 1828  1
1791 1902 1858  1
1908 1831 1828  1
1876 1894 1884  1
1786 1871 1789  1
1805 1793 1899  1
1791 1858 1777  1
253 1778 252  1
254 1778 253  1
277 1882 276  1
1894 1908 1891  1
1814 1882 1866  1
1800 272 273  1
204 1776 205  1
1900 1793 1884  1
203 1776 204  1
200 1853 201  1
1814 1910 1800  1
275 1814 274  1
1808 1900 1883  1
1776 202 1853  1
299 1917 298  1
301 1865 300  1
211 1869 1816  1
1810 295 296  1
1836 1872 1784  1
208 1923 1869  1
1782 1891 1809  1
295 1836 294  1
206 1923 207  1
1830 1913 1833  1
302 1920 301  1
1811 304 1885  1
11 1885 304  1
1811 1885 1818  1
311 1895 310  1
313 1824 312  1
217 1824 2  1
1921 308 309  1
1838 1913 1886  1
213 212 1816  1
1832 1921 1875  1
308 1832 307  1
1811 302 303  1
214 1830 215  1
1865 1812 1917  1
1816 214 213  1
1869 211 210  1
211 1816 212  1
208 1869 209  1
279 1817 278  1
297 1917 1810  1
191 1925 1902  1
1859 1777 1849  1
285 1786 284  1
285 1796 1786  1
265 1922 264  1
266 267 1779  1
228 229 1780  1
167 1815 166  1
1907 1908 1876  1
164 1924 1  1
1869 210 209  1
1899 1817 280  1
1783 173 174  1
174 1877 1783  1
1810 1836 295  1
1916 1792 1860  1
177 1893 1877  1
179 1893 178  1
1786 283 284  1
1845 1847 1820  1
1852 1893 1792  1
1893 1852 1877  1
318 1868 1822  1
320 1868 319  1
1786 1805 283  1
235 1813 7  1
1924 165 1815  1
230 1874 229  1
1804 1797 194  1
193 1902 1804  1
1819 1889 1785  1
1809 1916 1857  1
280 1817 279  1
1805 1786 1789  1
1872 1836 1794  1
1920 1839 1865  1
1844 1870 1787  1
1881 1820 1892  1
1796 252 1778  1
1796 1849 1835  1
195 1825 1798  1
195 194 1797  1
1813 236 1864  1
196 195 1798  1
225 1837 1802  1
1837 227 1780  1
273 274 1800  1
1890 1814 1808  1
1791 1777 1801  1
1801 255 256  1
1802 223 224  1
1802 1837 1799  1
1927 1 1924  1
165 1924 164  1
194 193 1804  1
1804 1902 1791  1
1805 1855 1793  1
282 1899 281  1
1784 1872 1862  1
1806 1812 1823  1
1788 1851 187  1
321 1904 1878  1
201 1853 202  1
1882 1814 275  1
1828 1852 1792  1
1782 1857 1823  1
296 297 1810  1
1794 1917 1812  1
301 1920 1865  1
1812 1839 1823  1
1812 1806 1794  1
1917 297 298  1
7 1847 234  1
1864 1892 1813  1
1800 1910 1826  1
1800 274 1814  1
1815 1843 1790  1
1815 1850 1803  1
1816 1869 1782  1
1895 311 1824  1
278 1827 277  1
1817 1899 1793  1
1832 1838 306  1
215 1833 216  1
1916 1809 1792  1
1819 181 182  1
1847 7 1813  1
1813 1892 1820  1
1877 174 175  1
1792 1893 1860  1
1822 316 317  1
1878 1851 1788  1
1782 1839 1816  1
1806 1823 1857  1
311 312 1824  1
1824 1880 2  1
1825 262 1798  1
1825 195 1797  1
199 1910 1890  1
1826 270 271  1
1827 278 1817  1
1900 1808 1866  1
1828 1831 1803  1
1828 1792 1809  1
289 1905 1879  1
291 1905 290  1
1830 214 1816  1
1830 1839 1818  1
5 1925 190  1
1924 1815 1803  1
1895 309 310  1
305 1886 11  1
216 1875 217  1
1833 215 1830  1
1911 1856 1834  1
1834 287 288  1
1849 1858 1835  1
1858 1849 1777  1
1836 293 294  1
1836 1810 1794  1
1837 1918 1799  1
1837 225 226  1
305 306 1838  1
1838 1875 1833  1
1839 1830 1816  1
1839 1782 1823  1
247 248 1840  1
171 1906 1846  1
1873 1911 1841  1
1841 1879 1829  1
258 259 1842  1
1842 1825 1797  1
1843 168 1799  1
1901 1867 1790  1
1844 1915 1795  1
1844 239 240  1
1850 1815 1790  1
1845 1867 1781  1
1846 1863 171  1
1846 1906 1840  1
1847 1845 1781  1
1847 233 234  1
238 239 1848  1
1848 1844 1795  1
1849 1796 1778  1
1777 1859 1801  1
1850 1790 1845  1
1845 1820 1850  1
186 187 1851  1
1851 1904 1807  1
1915 1844 1787  1
1787 1821 1852  1
202 1776 203  1
1853 1890 1808  1
218 219 1854  1
170 1914 169  1
1817 1900 1827  1
1855 1805 1789  1
1856 1911 1807  1
1856 10 286  1
1857 1782 1809  1
1916 1785 1872  1
1925 1927 1831  1
1835 1907 1876  1
1849 1778 1859  1
1859 255 1801  1
1893 181 1819  1
1819 1785 1860  1
1887 1797 1804  1
1861 256 257  1
1862 1872 1829  1
1862 291 1784  1
1863 218 1854  1
1863 170 171  1
309 1895 1921  1
1779 1922 265  1
299 300 1865  1
1839 1920 1818  1
1808 1814 1866  1
1882 277 1827  1
1914 223 1802  1
1888 232 1781  1
1788 1822 1868  1
1868 318 319  1
1923 205 1776  1
1782 1926 1891  1
242 243 1870  1
1787 1919 1821  1
1871 1786 1796  1
1796 1835 1871  1
1785 1829 1872  1
1872 1794 1806  1
1889 186 1851  1
1851 1807 1873  1
1780 229 1874  1
1867 1874 1888  1
1875 216 1833  1
1875 1838 1832  1
1876 1789 1835  1
1831 1908 1907  1
1852 1821 1877  1
1877 175 176  1
1788 1868 1878  1
1904 10 1856  1
1879 288 289  1
1829 1905 1862  1
314 315 1880  1
1880 188 2  1
1881 1850 1820  1
1852 1915 1787  1
275 276 1882  1
1882 1827 1866  1
1884 1793 1855  1
1853 1894 1776  1
1855 1876 1884  1
1894 1926 1776  1
1885 11 1886  1
1913 1830 1818  1
1886 305 1838  1
1885 1913 1818  1
1887 1791 1801  1
1801 1861 1887  1
1888 230 231  1
1888 1781 1867  1
1889 1851 1873  1
1873 1785 1889  1
1890 1853 200  1
200 199 1890  1
1891 1828 1809  1
1923 1776 1926  1
1892 1864 1795  1
1892 1915 1881  1
1893 177 178  1
1893 1819 1860  1
1894 1853 1883  1
1883 1884 1894  1
1895 1824 217  1
217 1875 1895  1
1896 1840 249  1
249 250 1896  1
1910 1814 1890  1
269 1912 9  1
1783 1906 172  1
1783 1821 1898  1
1899 280 281  1
1899 282 1805  1
1884 1883 1900  1
1900 1866 1827  1
1790 1843 1901  1
1918 1837 1780  1
1902 193 192  1
192 191 1902  1
1909 1919 1903  1
1903 1919 1870  1
1856 1807 1904  1
1904 1851 1878  1
1905 291 1862  1
1905 1829 1879  1
1906 171 172  1
1906 1783 1898  1
1907 1835 1858  1
1858 1831 1907  1
1828 1891 1908  1
1908 1894 1876  1
245 246 1909  1
1909 1840 1898  1
1910 199 198  1
198 1897 1910  1
1834 1841 1911  1
1911 1873 1807  1
1912 198 197  1
1912 268 9  1
1913 1885 1886  1
1913 1838 1833  1
1914 220 221  1
221 222 1914  1
1915 1852 1881  1
1915 1892 1795  1
1916 1872 1806  1
1806 1857 1916  1
1917 299 1865  1
1812 1865 1839  1
1780 1901 1918  1
1918 1843 1799  1
1898 1821 1919  1
1919 1787 1870  1
1920 302 1811  1
1811 1818 1920  1
1895 1875 1921  1
196 1779 197  1
1922 1779 196  1
196 1798 1922  1
1926 1782 1869  1
1923 208 207  1
1803 1927 1924  1
1 1927 189  1
1925 1858 1902  1
1925 191 190  1
1926 1894 1891  1
1926 1869 1923  1
1927 1803 1831  1
1927 5 189  1
1950 1955 178  2
337 1940 336  2
1939 346 347  2
1930 329 330  2
185 1954 186  2
15 1933 350  2
1957 1954 185  2
342 1941 341  2
1954 1957 1937  2
1943 1946 1940  2
186 1954 187  2
1946 1942 1947  2
181 1957 182  2
340 1943 1940  2
182 1957 183  2
179 1955 180  2
1936 1931 1935  2
324 1933 15  2
1935 1944 1936  2
348 1939 347  2
1940 338 339  2
14 339 338  2
1930 1945 1944  2
336 1946 335  2
338 1940 337  2
188 343 2  2
343 187 1954  2
1951 326 327  2
1947 1945 1946  2
1928 1939 1932  2
1930 330 331  2
1933 324 325  2
350 1953 349  2
351 12 322  2
15 323 324  2
15 322 323  2
334 1946 1945  2
1955 1950 1931  2
12 351 13  2
1939 348 1953  2
322 15 351  2
326 1951 1933  2
1950 178 177  2
166 1928 167  2
329 1951 328  2
1956 172 171  2
169 1956 170  2
1950 177 176  2
1938 173 172  2
172 1956 1938  2
344 165 164  2
1928 344 345  2
1950 176 175  2
1933 1951 1948  2
167 1932 168  2
169 1932 1956  2
165 1928 166  2
165 344 1928  2
344 164 1  2
1928 346 1939  2
346 1928 345  2
174 1950 175  2
174 1938 1950  2
1945 331 332  2
1955 1957 181  2
1935 1938 1929  2
1931 1934 1955  2
1932 167 1928  2
1952 1951 1930  2
1933 325 326  2
1951 1952 1948  2
1957 185 184  2
178 1955 179  2
1938 1935 1950  2
1935 1952 1944  2
1944 1947 1936  2
1937 1942 1941  2
342 1954 1941  2
1957 184 183  2
1932 169 168  2
1956 1929 1938  2
1953 1949 1939  2
1949 1948 1929  2
1940 339 340  2
1943 341 1941  2
341 1943 340  2
1941 1954 1937  2
1934 1937 1957  2
1934 1936 1942  2
1941 1942 1943  2
1945 1947 1944  2
1944 1952 1930  2
331 1945 1930  2
1945 332 333  2
333 334 1945  2
1946 334 335  2
1946 336 1940  2
1942 1946 1943  2
1942 1936 1947  2
1949 1953 1948  2
1948 1953 1933  2
1949 1956 1932  2
1932 1939 1949  2
1935 1931 1950  2
1938 174 173  2
1951 327 328  2
1951 329 1930  2
1952 1935 1929  2
1929 1948 1952  2
1953 348 349  2
1953 350 1933  2
1954 342 343  2
187 343 188  2
1934 1931 1936  2
1955 181 180  2
1929 1956 1949  2
1956 171 170  2
1957 1955 1934  2
1937 1934 1942  2
18 13 17  3
351 18 15  3
13 18 351  3
17 352 16  3
352 17 13  3
1959 1966 1973  4
340 1972 341  4
360 16 361  4
1958 1965 1962  4
361 16 362  4
1977 1962 1971  4
363 1960 364  4
364 1971 365  4
212 1979 211  4
1970 1981 1989  4
215 1988 214  4
367 1978 368  4
1968 202 203  4
1960 362 16  4
357 1969 1961  4
193 1983 192  4
352 16 360  4
353 1983 354  4
353 191 1983  4
191 353 190  4
1983 355 354  4
1987 1983 194  4
355 1983 1969  4
1969 1983 1982  4
1963 1982 1987  4
1983 1987 1982  4
1982 1958 1969  4
198 1987 197  4
1986 1976 1968  4
1976 1986 1974  4
1966 1959 1967  4
352 12 13  4
1962 1977 1958  4
362 1960 363  4
12 352 360  4
198 1985 1987  4
1971 367 366  4
5 190 353  4
359 1961 1960  4
1959 1973 1964  4
371 1966 372  4
202 1968 1980  4
376 1975 339  4
1975 1972 340  4
1985 202 1980  4
376 339 14  4
1975 376 375  4
212 1988 1979  4
1988 215 1984  4
216 343 1984  4
1978 367 1971  4
1984 215 216  4
1965 1980 1976  4
201 1985 200  4
206 1968 205  4
206 1986 1968  4
1986 207 208  4
1986 206 207  4
1979 209 210  4
1979 208 209  4
1988 1984 1970  4
343 216 217  4
1961 359 358  4
1987 195 196  4
372 1966 373  4
1966 371 1973  4
1960 16 359  4
1960 1977 1971  4
1961 358 357  4
1961 1958 1977  4
1976 1974 1959  4
369 1973 370  4
1985 198 199  4
202 1985 201  4
1973 369 1978  4
1978 1971 1962  4
1964 1962 1965  4
1965 1958 1963  4
374 1975 375  4
374 373 1966  4
1970 341 1972  4
1967 1975 1966  4
1976 1959 1964  4
1968 204 205  4
1969 357 356  4
356 355 1969  4
342 1984 343  4
1988 1970 1989  4
1971 366 365  4
1971 364 1960  4
341 1970 342  4
1972 1975 1967  4
1973 371 370  4
1973 1978 1964  4
1979 210 211  4
1959 1981 1967  4
340 339 1975  4
1975 374 1966  4
1964 1965 1976  4
1968 1976 1980  4
1977 1960 1961  4
1958 1961 1969  4
1962 1964 1978  4
1978 369 368  4
214 1988 213  4
1989 1974 1986  4
1980 1963 1985  4
1968 203 204  4
1972 1967 1981  4
1981 1959 1974  4
1987 194 195  4
1987 196 197  4
1983 191 192  4
194 1983 193  4
343 217 2  4
1984 342 1970  4
1963 1980 1965  4
1985 199 200  4
1974 1989 1981  4
208 1979 1986  4
1982 1963 1958  4
1987 1985 1963  4
1989 1986 1979  4
1988 212 213  4
1981 1970 1972  4
1989 1979 1988  4
416 2072 2020  5
2043 2024 2017  5
2042 2047 1990  5
471 2018 470  5
2052 448 449  5
407 2012 408  5
1999 2066 1995  5
2033 2090 2080  5
2010 2077 1999  5
392 2073 393  5
2076 389 388  5
470 2018 469  5
426 2087 2021  5
432 2065 433  5
418 2085 419  5
369 2066 368  5
1992 335 334  5
2086 436 435  5
335 2037 336  5
460 2000 459  5
466 2055 465  5
2006 330 1998  5
2069 2018 2019  5
466 2069 2055  5
2056 14 338  5
2019 2062 2041  5
2067 2056 2051  5
2009 375 376  5
2067 2009 2056  5
451 2052 450  5
457 2031 456  5
2009 376 14  5
2057 375 2009  5
462 2000 461  5
333 1992 334  5
2052 2047 2003  5
2013 2042 2031  5
333 2050 1992  5
2042 2059 2047  5
2059 2042 2049  5
458 2013 457  5
461 2000 460  5
446 2044 445  5
330 2006 331  5
2028 2048 2001  5
2014 2060 2028  5
445 2044 444  5
322 2034 323  5
440 2060 2035  5
2070 326 325  5
381 2033 382  5
2060 2014 2035  5
380 2038 2033  5
1996 2074 2053  5
2058 2042 1990  5
2003 2047 2028  5
1998 329 1996  5
19 2038 377  5
2008 2001 2034  5
453 2058 1990  5
331 2006 332  5
448 2052 2003  5
327 1996 328  5
443 2060 442  5
327 326 2074  5
2060 443 2044  5
2070 2074 326  5
2040 2014 2028  5
377 2038 378  5
2075 361 362  5
2068 12 360  5
2027 2089 2045  5
389 2076 2032  5
2036 2039 1997  5
394 2073 2036  5
2029 2091 2025  5
2077 2010 365  5
2025 1995 1991  5
367 2077 366  5
2068 2078 12  5
2023 2068 2064  5
322 12 2078  5
380 2033 381  5
386 2079 387  5
383 2080 384  5
388 2079 2076  5
385 2079 386  5
2046 2039 2027  5
397 2081 398  5
2030 2025 1997  5
2027 2090 2014  5
403 2022 404  5
396 2081 397  5
2036 396 395  5
405 2082 406  5
2025 2030 1995  5
2088 401 2071  5
403 2088 2022  5
399 2071 400  5
2081 396 2036  5
2082 405 2022  5
407 2082 2012  5
414 2072 415  5
2072 416 415  5
412 2063 413  5
410 2083 411  5
2085 420 419  5
2020 418 417  5
426 2021 427  5
369 2084 2066  5
373 2057 2015  5
2061 2072 2063  5
2066 2077 367  5
2087 425 424  5
420 2016 421  5
436 2086 2007  5
2065 434 433  5
373 2015 372  5
2005 2057 2004  5
473 2011 472  5
472 2018 471  5
20 2011 473  5
2007 20 438  5
434 2086 435  5
2021 2065 2026  5
2002 2005 2004  5
429 2026 430  5
2021 428 427  5
428 2026 429  5
2043 2017 1994  5
2019 1993 2055  5
336 2037 337  5
2087 426 425  5
2016 420 2085  5
423 2087 424  5
1990 451 452  5
452 453 1990  5
412 2083 2063  5
2084 369 370  5
463 2055 1993  5
2055 463 464  5
462 463 1993  5
337 2056 338  5
2043 1994 2061  5
2057 2009 2004  5
365 2010 364  5
2024 2043 1991  5
329 1998 330  5
329 328 1996  5
399 2081 2071  5
2081 399 398  5
2000 2042 2013  5
2006 2049 2050  5
1995 2030 1999  5
364 2010 363  5
459 2013 458  5
2000 462 1993  5
324 2070 325  5
442 2060 441  5
436 2007 437  5
2094 2016 2092  5
2003 446 447  5
447 448 2003  5
375 2057 374  5
2019 2054 2051  5
2005 2002 1994  5
372 2015 371  5
2041 2050 2049  5
332 2050 333  5
438 437 2007  5
2065 2021 2002  5
2080 2079 385  5
2014 2040 2023  5
14 2056 2009  5
2054 2019 2018  5
2027 2064 2046  5
361 2068 360  5
2011 20 2007  5
2011 2093 2054  5
409 2083 410  5
409 408 2012  5
456 2031 455  5
2013 459 2000  5
2038 380 379  5
2038 2090 2033  5
2024 1991 1995  5
2084 371 2015  5
2016 423 422  5
422 421 2016  5
2017 2015 2005  5
2005 1994 2017  5
469 2069 468  5
2018 472 2011  5
2019 2041 1993  5
2069 469 2018  5
2061 2085 2020  5
2020 417 416  5
2002 2094 1994  5
428 2021 2026  5
2022 405 404  5
1997 2088 2071  5
2008 2040 2001  5
2064 2027 2023  5
371 2084 370  5
2015 2017 2024  5
2082 2022 2091  5
2088 2091 2022  5
431 2065 432  5
431 430 2026  5
389 2032 390  5
2027 2014 2023  5
2003 2028 2044  5
2048 2028 2047  5
2083 409 2012  5
2029 2025 1991  5
2039 2046 2030  5
1999 2046 2010  5
455 2058 454  5
2031 457 2013  5
2032 392 391  5
391 390 2032  5
383 382 2033  5
2014 2038 2035  5
2034 324 323  5
2034 2078 2008  5
2035 19 439  5
439 440 2035  5
2036 395 394  5
2073 392 2032  5
2037 335 1992  5
2062 2037 1992  5
2038 379 378  5
2038 19 2035  5
2039 2030 1997  5
2089 2036 2073  5
2028 2001 2040  5
2040 2008 2023  5
2042 2000 1993  5
2037 2062 2051  5
2042 2058 2031  5
2042 1993 2041  5
2061 2063 2029  5
2029 1991 2043  5
2044 443 444  5
2044 446 2003  5
2045 2089 2076  5
2080 383 2033  5
2046 2064 2010  5
2046 1999 2030  5
2047 2052 1990  5
1998 2059 2049  5
2048 2047 2053  5
2070 324 2034  5
2042 2041 2049  5
2049 2006 1998  5
2050 2041 1992  5
2050 332 2006  5
2002 2067 2054  5
2056 337 2037  5
2052 449 450  5
2052 451 1990  5
1996 2059 1998  5
2048 2070 2001  5
2054 2018 2011  5
2002 2093 2065  5
2055 464 465  5
2055 2069 2019  5
2037 2051 2056  5
2009 2067 2004  5
2057 2005 2015  5
2057 373 374  5
2058 453 454  5
2058 455 2031  5
2059 1996 2053  5
2053 2047 2059  5
2060 440 441  5
2060 2044 2028  5
2085 2061 2092  5
2061 2029 2043  5
1992 2041 2062  5
2062 2019 2051  5
414 413 2063  5
2029 2083 2012  5
2075 2068 361  5
2075 362 363  5
2093 2007 2086  5
2065 431 2026  5
2024 1995 2066  5
2066 367 368  5
2051 2054 2067  5
2067 2002 2004  5
2068 2075 2064  5
2068 2023 2008  5
2069 466 467  5
467 468 2069  5
2034 2001 2070  5
2070 2048 2053  5
401 2088 402  5
401 400 2071  5
2072 414 2063  5
2072 2061 2020  5
2036 2089 2039  5
2073 394 393  5
2074 2070 2053  5
2074 1996 327  5
363 2010 2075  5
2010 2064 2075  5
2079 2080 2045  5
2089 2073 2032  5
365 366 2077  5
2077 2066 1999  5
2078 2068 2008  5
2078 2034 322  5
2045 2076 2079  5
2079 388 387  5
2090 2038 2014  5
2080 385 384  5
2036 1997 2081  5
1997 2071 2081  5
2091 2029 2012  5
2082 407 406  5
2083 2029 2063  5
2083 412 411  5
2084 2015 2024  5
2024 2066 2084  5
2085 418 2020  5
2085 2092 2016  5
2086 434 2065  5
2093 2011 2007  5
2087 423 2016  5
2094 2002 2021  5
2091 2088 1997  5
2088 403 402  5
2032 2076 2089  5
2089 2027 2039  5
2090 2027 2045  5
2045 2080 2090  5
2091 1997 2025  5
2091 2012 2082  5
2061 1994 2092  5
2016 2094 2087  5
2086 2065 2093  5
2093 2002 2054  5
2021 2087 2094  5
2094 2092 1994  5
400 497 496  6
391 488 487  6
487 390 391  6
497 401 498  6
484 388 485  6
524 427 525  6
495 398 496  6
478 381 382  6
488 391 392  6
502 406 503  6
519 422 520  6
401 499 498  6
383 481 480  6
379 475 378  6
379 477 476  6
491 395 492  6
514 418 515  6
534 436 437  6
534 438 535  6
528 431 529  6
520 423 521  6
504 406 407  6
529 432 530  6
528 430 431  6
502 405 406  6
535 438 22  6
404 500 403  6
415 512 414  6
379 476 475  6
380 478 477  6
478 382 479  6
377 474 19  6
475 377 378  6
484 386 387  6
474 377 475  6
386 483 385  6
485 389 486  6
383 479 382  6
386 484 483  6
388 484 387  6
390 486 389  6
485 388 389  6
481 383 384  6
491 393 394  6
398 495 397  6
392 489 488  6
397 493 396  6
496 398 399  6
496 399 400  6
401 497 400  6
404 501 500  6
501 404 405  6
500 402 403  6
405 502 501  6
410 506 409  6
19 474 21  6
481 384 385  6
477 379 380  6
478 380 381  6
481 385 482  6
479 383 480  6
489 392 393  6
491 394 395  6
486 390 487  6
385 483 482  6
493 395 396  6
493 397 494  6
489 393 490  6
397 495 494  6
395 493 492  6
393 491 490  6
499 401 402  6
504 407 505  6
410 508 507  6
402 500 499  6
512 415 513  6
406 504 503  6
513 416 514  6
414 512 511  6
508 411 509  6
510 413 414  6
505 408 506  6
414 511 510  6
413 510 509  6
506 410 507  6
521 425 522  6
516 420 517  6
518 422 519  6
516 419 420  6
517 420 518  6
523 427 524  6
430 527 526  6
522 426 523  6
429 526 525  6
526 429 430  6
530 434 531  6
532 436 533  6
438 534 437  6
430 528 527  6
408 505 407  6
411 508 410  6
413 509 412  6
509 411 412  6
506 408 409  6
516 418 419  6
416 513 415  6
422 518 421  6
418 516 515  6
518 420 421  6
423 520 422  6
418 514 417  6
425 521 424  6
514 416 417  6
521 423 424  6
427 523 426  6
426 522 425  6
429 525 428  6
525 427 428  6
532 434 435  6
432 529 431  6
22 438 20  6
434 530 433  6
530 432 433  6
434 532 531  6
436 532 435  6
436 534 533  6
2099 755 756  7
592 615 616  7
2138 537 2133  7
2140 2246 2228  7
2231 536 23  7
624 544 623  7
2166 2139 726  7
2260 2246 621  7
548 2266 549  7
548 477 478  7
477 548 547  7
2127 668 2105  7
34 2264 2257  7
2243 674 2151  7
485 2186 2096  7
549 2096 25  7
2105 2173 2127  7
2204 628 629  7
2162 2126 554  7
556 2129 26  7
596 576 595  7
575 594 576  7
2175 2212 2209  7
641 2120 640  7
507 561 506  7
562 507 508  7
525 2265 2226  7
527 2265 526  7
759 2169 2102  7
2244 2232 2172  7
2192 2099 580  7
2103 763 37  7
2198 585 2145  7
2132 2152 2145  7
757 2099 756  7
755 2244 754  7
759 2102 758  7
757 2102 2099  7
753 2244 2172  7
2172 752 753  7
2103 2189 763  7
2200 2221 603  7
2103 37 730  7
2189 2103 2100  7
761 2169 760  7
2169 581 2102  7
761 2189 2169  7
584 2145 585  7
763 2189 762  7
609 589 588  7
603 2221 602  7
589 609 610  7
2179 732 733  7
732 2217 731  7
2221 2202 2122  7
2217 730 731  7
2103 2217 2132  7
2237 736 2174  7
734 2237 2179  7
738 2202 2174  7
2202 740 2150  7
744 2137 743  7
742 2187 2150  7
2187 742 743  7
740 2202 739  7
600 2171 2170  7
2215 748 749  7
576 596 577  7
745 2137 744  7
742 2150 741  7
747 2215 2191  7
746 38 2098  7
2199 599 2154  7
751 2117 750  7
752 2172 2117  7
752 2117 751  7
2191 2098 38  7
2098 2191 2113  7
2215 747 748  7
2172 2232 2117  7
2199 2233 2155  7
595 576 594  7
577 596 597  7
29 2199 2194  7
577 597 598  7
594 575 593  7
588 608 609  7
587 605 606  7
586 605 587  7
589 611 590  7
588 607 608  7
607 588 587  7
605 586 604  7
2135 2200 2198  7
607 587 606  7
616 2231 592  7
2108 723 724  7
590 613 591  7
612 590 611  7
611 589 610  7
614 591 613  7
613 590 612  7
615 592 591  7
591 614 615  7
728 2166 727  7
2163 2140 2208  7
2139 2166 2110  7
2131 2240 2125  7
723 2235 722  7
721 2235 2220  7
724 2139 2108  7
726 2139 725  7
2220 719 720  7
719 2220 2131  7
2166 2258 2110  7
541 2144 542  7
2248 701 2104  7
2159 35 696  7
702 703 2104  7
701 2248 700  7
703 2253 2104  7
2253 704 2229  7
708 2156 707  7
704 2253 703  7
2144 2253 2229  7
700 2248 699  7
2248 2104 540  7
2133 2258 2138  7
2176 728 729  7
2250 699 2248  7
697 2159 696  7
35 2176 729  7
697 2250 2159  7
2227 2228 2201  7
2247 2260 2256  7
2252 2247 2095  7
2095 708 709  7
2256 2144 2255  7
2228 2227 2140  7
706 2229 705  7
542 2256 543  7
2227 714 2208  7
2163 2246 2140  7
546 626 627  7
2224 2220 2161  7
718 2136 717  7
2136 718 2131  7
716 2208 715  7
714 2227 713  7
618 2130 617  7
2227 2208 2140  7
2208 2136 2125  7
736 2237 735  7
2221 2122 602  7
626 546 545  7
544 624 545  7
547 21 474  7
623 544 622  7
2246 2260 2247  7
626 545 625  7
545 624 625  7
547 474 475  7
477 547 476  7
547 475 476  7
21 547 546  7
546 627 21  7
480 2266 548  7
479 548 478  7
2266 482 483  7
548 479 480  7
2266 481 482  7
572 2226 2265  7
681 2188 2106  7
689 2214 2115  7
2149 2121 2210  7
2115 2214 2203  7
2214 689 690  7
487 2186 486  7
2214 691 2210  7
693 2242 2210  7
2195 2186 2153  7
2168 2259 2112  7
25 2213 550  7
693 2210 692  7
2242 2149 2210  7
666 2259 665  7
2186 2195 2112  7
2186 487 2153  7
2242 695 2177  7
695 2242 694  7
2259 664 665  7
664 2259 2168  7
677 2257 2162  7
2162 2257 2126  7
2219 675 676  7
2264 2205 2126  7
678 34 2257  7
675 2219 2151  7
553 2162 554  7
672 2197 671  7
2243 672 673  7
672 2243 2197  7
670 2197 2105  7
670 2105 669  7
667 2127 666  7
2197 670 671  7
2261 551 2173  7
2190 2129 2158  7
2188 682 2160  7
2126 2205 555  7
2129 2205 2158  7
2188 681 682  7
490 491 2124  7
689 2115 688  7
2267 685 686  7
685 2267 2119  7
2119 2267 2143  7
685 2119 684  7
2269 2129 2165  7
2129 557 26  7
2190 2158 2230  7
499 558 498  7
497 558 2268  7
497 2268 496  7
558 497 498  7
2268 2269 495  7
502 559 501  7
558 499 559  7
2269 493 494  7
493 2269 2165  7
560 502 503  7
559 502 560  7
560 503 504  7
501 559 500  7
559 499 500  7
504 561 560  7
561 505 506  7
561 504 505  7
516 2271 515  7
638 2142 2134  7
509 562 508  7
507 562 561  7
2270 512 513  7
2226 523 524  7
564 2271 2251  7
563 510 511  7
562 509 510  7
510 563 562  7
563 512 2270  7
2254 2120 2241  7
573 529 530  7
573 532 574  7
574 22 575  7
593 575 22  7
22 574 535  7
533 574 532  7
532 573 531  7
535 574 534  7
574 533 534  7
531 573 530  7
528 572 527  7
2212 655 656  7
572 528 573  7
2118 520 521  7
2270 514 2271  7
2226 524 525  7
2196 2222 2167  7
657 2212 656  7
31 628 2148  7
2167 522 523  7
2167 2226 2196  7
657 2223 2212  7
661 2116 660  7
660 2116 659  7
628 2204 2148  7
2222 661 2148  7
2167 2118 522  7
518 2183 517  7
2120 2142 639  7
2148 2204 2185  7
2118 2146 520  7
520 2101 519  7
2225 2204 630  7
2109 631 632  7
515 2271 514  7
2271 516 2251  7
2183 518 2101  7
2262 2101 2146  7
2245 2128 2216  7
636 2182 635  7
633 2262 2109  7
633 2109 632  7
2180 565 27  7
514 2270 513  7
638 2134 637  7
566 2123 2114  7
2254 2241 2236  7
2206 651 2157  7
567 2147 2097  7
641 2241 2120  7
645 2181 32  7
2120 2254 2128  7
2181 645 2147  7
644 2236 643  7
2207 648 649  7
646 2147 645  7
2175 654 655  7
569 2206 2157  7
654 2249 653  7
652 2249 2157  7
2111 2249 2175  7
651 2206 650  7
648 2207 2097  7
648 2097 647  7
2097 646 647  7
570 2184 571  7
622 544 2260  7
2095 709 710  7
483 2096 2266  7
484 485 2096  7
2207 649 2206  7
568 567 2097  7
600 2154 599  7
2098 745 746  7
2102 757 758  7
581 580 2099  7
583 2132 584  7
583 582 2100  7
518 519 2101  7
2101 2245 2183  7
581 2169 582  7
581 2099 2102  7
730 2217 2103  7
2132 583 2100  7
540 2253 541  7
2104 701 702  7
668 2127 667  7
668 669 2105  7
680 2264 679  7
680 681 2106  7
661 2222 2116  7
522 2118 521  7
2234 2133 2231  7
2133 2234 2110  7
2109 2262 2146  7
2146 2225 2109  7
537 2138 538  7
721 2220 720  7
570 569 2111  7
2249 652 653  7
664 2168 663  7
550 2213 2173  7
599 2199 598  7
2098 2218 2137  7
567 566 2114  7
2236 644 2181  7
687 688 2115  7
489 2124 2121  7
659 2223 658  7
523 2226 2167  7
2233 2199 2154  7
750 2238 749  7
2118 2167 2107  7
2225 630 631  7
684 2160 683  7
2178 2124 491  7
639 640 2120  7
2180 2254 2123  7
691 2214 690  7
2121 488 489  7
2122 2171 601  7
601 602 2122  7
643 2241 642  7
2123 566 565  7
2115 2267 687  7
2124 489 490  7
2136 2131 2125  7
618 2240 2224  7
2205 2188 2158  7
555 554 2126  7
2213 2259 2127  7
2213 2127 2173  7
2180 2123 565  7
2180 2251 2216  7
2129 2190 2165  7
2129 2269 557  7
2108 2234 2161  7
617 2231 616  7
2240 618 619  7
2131 718 719  7
2132 2100 2103  7
2152 2217 2179  7
2133 537 536  7
536 2231 2133  7
2134 636 637  7
2142 638 639  7
586 2200 604  7
2237 734 735  7
2136 2208 716  7
716 717 2136  7
2137 745 2098  7
2218 2098 2170  7
728 2258 2166  7
2138 2159 538  7
2139 2234 2108  7
2139 724 725  7
712 2201 711  7
36 2201 712  7
738 2174 737  7
2202 2150 2122  7
2142 2120 2128  7
2134 2245 2164  7
2124 2214 2121  7
2178 2203 2124  7
2229 706 2156  7
2255 2095 2247  7
585 2198 30  7
2145 584 2132  7
2101 2262 2164  7
2101 520 2146  7
2147 646 2097  7
2147 567 2114  7
2148 2185 2107  7
2148 661 31  7
2149 487 488  7
488 2121 2149  7
740 741 2150  7
2122 2187 2171  7
674 2243 673  7
674 675 2151  7
2135 2237 2141  7
2152 2198 2145  7
487 2149 2153  7
2168 2195 2177  7
2154 2170 2113  7
2194 579 578  7
749 2238 2215  7
579 2211 2192  7
2156 706 707  7
2156 708 2095  7
2111 569 2157  7
2157 651 652  7
2205 2264 2188  7
2160 682 683  7
2250 697 698  7
539 538 2159  7
2160 684 2119  7
2160 2230 2158  7
2235 723 2108  7
2161 2234 2130  7
2162 553 2151  7
2162 676 677  7
2163 2240 619  7
619 620 2163  7
2182 2134 2164  7
2134 2182 636  7
492 2178 491  7
492 493 2165  7
726 727 2166  7
2258 2133 2110  7
2223 2196 2193  7
2222 2196 2116  7
662 2177 33  7
662 663 2168  7
2169 759 760  7
2169 2189 582  7
2098 2113 2170  7
2170 2154 600  7
2171 600 601  7
2187 743 2137  7
2244 755 2099  7
2211 2244 2192  7
551 2261 552  7
551 550 2173  7
736 737 2174  7
2174 2202 2141  7
655 2212 2175  7
2184 570 2111  7
2176 35 2159  7
2159 2138 2176  7
2177 695 33  7
2177 662 2168  7
2178 492 2165  7
2143 2190 2119  7
733 734 2179  7
2239 2179 2237  7
27 2251 2180  7
2245 2134 2142  7
644 32 2181  7
2181 2147 2114  7
2262 633 634  7
634 635 2182  7
2183 2251 516  7
2183 516 517  7
28 2263 2226  7
2184 2209 2193  7
2118 2185 2225  7
2118 2107 2185  7
2186 2213 2096  7
2186 485 486  7
2187 2218 2171  7
2187 2122 2150  7
2188 2264 2106  7
2188 2160 2158  7
2100 582 2189  7
2189 761 762  7
2190 2143 2178  7
2178 2165 2190  7
38 747 2191  7
2191 2215 2113  7
580 579 2192  7
2194 2232 2211  7
2196 2223 2116  7
2263 2196 2226  7
578 29 2194  7
2194 2199 2155  7
2153 2177 2195  7
2195 2168 2112  7
28 2226 572  7
2193 2263 2184  7
552 2243 553  7
2197 2261 2105  7
586 30 2198  7
2198 2239 2135  7
2199 29 577  7
577 598 2199  7
603 604 2200  7
2200 586 2198  7
2201 2252 711  7
711 2252 710  7
2202 2221 2141  7
2202 738 739  7
2203 2178 2143  7
2143 2115 2203  7
629 630 2204  7
2204 2225 2185  7
2205 2129 556  7
556 555 2205  7
2206 569 568  7
2206 649 650  7
2206 568 2207  7
568 2097 2207  7
2208 714 715  7
2208 2125 2163  7
2209 2184 2111  7
2111 2175 2209  7
2210 691 692  7
2149 2242 2153  7
2244 2211 2232  7
2211 579 2194  7
2212 2223 2193  7
2193 2209 2212  7
2213 25 2096  7
2213 2186 2112  7
2214 2210 2121  7
2214 2124 2203  7
2238 750 2117  7
2215 2233 2113  7
2128 2245 2142  7
2128 2180 2216  7
2217 732 2179  7
2217 2152 2132  7
2170 2171 2218  7
2218 2187 2137  7
676 2162 2219  7
2162 2151 2219  7
2235 2108 2161  7
2220 2224 2131  7
2221 2200 2135  7
2135 2141 2221  7
2222 2148 2107  7
2107 2167 2222  7
2223 657 658  7
2223 659 2116  7
2224 2161 2130  7
2130 618 2224  7
2225 631 2109  7
2225 2146 2118  7
2265 525 526  7
2196 2263 2193  7
2227 2201 36  7
36 713 2227  7
2246 2163 620  7
2247 2228 2246  7
704 705 2229  7
2229 2156 2144  7
2230 2160 2119  7
2119 2190 2230  7
23 592 2231  7
2231 617 2130  7
2232 2194 2155  7
2155 2117 2232  7
2154 2113 2233  7
2233 2238 2155  7
2231 2130 2234  7
2234 2139 2110  7
2161 2220 2235  7
2235 721 722  7
2236 2181 2114  7
2114 2123 2236  7
2237 2174 2141  7
2179 2239 2152  7
2117 2155 2238  7
2238 2233 2215  7
2237 2135 2239  7
2239 2198 2152  7
2240 2163 2125  7
2240 2131 2224  7
2241 641 642  7
2241 643 2236  7
2242 693 694  7
2242 2177 2153  7
2243 2151 553  7
2243 552 2197  7
2244 753 754  7
2244 2099 2192  7
2216 2183 2245  7
2245 2101 2164  7
620 621 2246  7
2247 2252 2228  7
2256 2255 2247  7
2095 2255 2156  7
540 539 2248  7
699 2250 698  7
2249 654 2175  7
2249 2111 2157  7
2250 2248 539  7
539 2159 2250  7
2251 2183 2216  7
2251 27 564  7
2095 710 2252  7
2252 2201 2228  7
2253 2144 541  7
2253 540 2104  7
2236 2123 2254  7
2254 2180 2128  7
2144 2256 542  7
2144 2156 2255  7
24 2260 544  7
24 543 2256  7
2257 2264 2126  7
2257 677 678  7
2258 728 2176  7
2176 2138 2258  7
2259 666 2127  7
2259 2213 2112  7
2260 24 2256  7
2260 621 622  7
2173 2105 2261  7
2261 2197 552  7
2262 634 2182  7
2182 2164 2262  7
2263 28 571  7
571 2184 2263  7
2264 34 679  7
2264 680 2106  7
2266 480 481  7
573 528 529  7
2096 483 484  7
2096 549 2266  7
686 687 2267  7
2267 2115 2143  7
2268 495 496  7
558 557 2268  7
494 495 2269  7
2269 2268 557  7
564 563 2270  7
512 563 511  7
527 572 2265  7
2271 564 2270  7
766 538 539  8
766 539 767  8
764 537 765  8
538 766 765  8
540 767 539  8
39 536 764  8
536 39 23  8
538 765 537  8
541 769 768  8
537 764 536  8
40 543 24  8
542 770 769  8
769 541 542  8
767 540 768  8
543 40 770  8
770 542 543  8
768 540 541  8
2280 2286 800  9
2272 771 772  9
2283 2279 791  9
788 2286 2280  9
783 2287 784  9
2276 2285 2281  9
798 787 44  9
2290 796 2282  9
2284 803 2283  9
2287 2288 2274  9
792 2275 793  9
784 2287 785  9
772 2289 2272  9
2287 781 2288  9
2276 2272 2282  9
2288 780 779  9
797 2290 2277  9
775 2277 776  9
774 2277 775  9
2288 781 780  9
778 2277 2288  9
2277 778 777  9
789 2284 790  9
782 2287 783  9
2281 41 771  9
2287 786 785  9
771 2272 2281  9
2278 807 41  9
793 2273 794  9
2273 793 2275  9
2275 805 806  9
2279 2275 792  9
794 2285 795  9
790 2283 791  9
2284 2283 790  9
2279 2283 804  9
801 2284 2280  9
2286 788 787  9
798 2286 787  9
798 45 799  9
2274 773 2287  9
2282 796 2276  9
806 2273 2275  9
807 2278 2273  9
2290 2274 2288  9
781 2287 782  9
805 2275 2279  9
2273 806 807  9
2287 42 786  9
796 795 2276  9
778 2288 779  9
2277 43 797  9
2285 794 2273  9
41 2281 2278  9
792 791 2279  9
2279 804 805  9
789 788 2280  9
2280 800 801  9
2281 2272 2276  9
2285 2273 2278  9
2277 2290 2288  9
796 2290 797  9
803 2284 802  9
803 804 2283  9
2284 789 2280  9
2284 801 802  9
2278 2281 2285  9
2285 2276 795  9
2286 798 799  9
799 800 2286  9
43 2277 774  9
2289 2282 2272  9
2274 2290 2289  9
2277 777 776  9
2282 2289 2290  9
772 2274 2289  9
2274 772 773  9
42 2287 773  9
2292 2301 768  10
848 2302 847  10
846 2314 845  10
2298 2323 2317  10
2309 841 842  10
764 2319 2306  10
839 2300 838  10
2295 843 844  10
842 2320 2309  10
2309 840 841  10
840 2300 839  10
2295 844 845  10
2319 764 39  10
766 2329 2328  10
845 2314 2295  10
2302 846 847  10
815 2321 814  10
767 2292 768  10
825 2312 2303  10
823 2303 2292  10
823 2292 822  10
2293 2318 767  10
2303 823 824  10
2305 2302 2328  10
848 2328 2302  10
817 2313 816  10
816 2313 50  10
2313 2293 766  10
819 2293 818  10
2292 2318 2308  10
819 2318 2293  10
764 2329 765  10
831 2323 2296  10
49 2310 48  10
2321 2298 814  10
830 2322 829  10
826 2332 2312  10
2322 2332 828  10
828 2332 827  10
2332 2322 2304  10
2291 2312 2304  10
2301 2327 769  10
2319 2316 2306  10
2296 830 831  10
2327 2312 2291  10
51 2323 832  10
48 2310 815  10
838 2324 837  10
837 2324 2299  10
2324 2297 811  10
2299 835 836  10
835 2311 834  10
813 2317 2311  10
840 2309 2297  10
2311 835 2299  10
834 2311 833  10
810 2307 809  10
2322 2294 2304  10
40 2331 2310  10
2308 822 2292  10
822 2308 821  10
767 766 2293  10
2293 817 818  10
813 2311 812  10
2326 2294 2321  10
2313 817 2293  10
2305 2306 2316  10
2323 831 832  10
2294 2298 2321  10
2320 2307 2330  10
810 811 2297  10
813 814 2298  10
2298 2294 2296  10
836 837 2299  10
2299 811 812  10
2300 840 2297  10
2297 2324 2300  10
769 768 2301  10
825 2303 824  10
766 2328 2313  10
2329 766 765  10
2303 2312 2301  10
2301 2292 2303  10
2294 2322 2296  10
2304 2326 2291  10
809 2315 808  10
2314 846 2302  10
47 2319 46  10
2314 2302 2305  10
2320 842 843  10
2325 2295 2314  10
2318 819 820  10
820 821 2308  10
2297 2330 810  10
2307 2320 2325  10
2310 49 40  10
2331 2291 2326  10
833 2317 51  10
2311 2299 812  10
2312 2327 2301  10
2312 825 826  10
2328 848 849  10
50 2328 849  10
2315 2325 2316  10
2295 2325 2320  10
2315 47 808  10
2315 809 2307  10
2316 2319 2315  10
2316 2314 2305  10
2317 833 2311  10
2317 813 2298  10
820 2308 2318  10
2318 2292 767  10
39 46 2319  10
2319 47 2315  10
2330 2297 2309  10
2320 843 2295  10
2321 815 2310  10
2326 2304 2294  10
2322 828 829  10
2322 830 2296  10
2323 51 2317  10
2323 2298 2296  10
811 2299 2324  10
2324 838 2300  10
2325 2314 2316  10
2325 2315 2307  10
2321 2310 2326  10
2331 2327 2291  10
2327 2331 770  10
770 769 2327  10
2328 50 2313  10
2328 2329 2305  10
2329 764 2306  10
2306 2305 2329  10
2307 810 2330  10
2330 2309 2320  10
2326 2310 2331  10
2331 40 770  10
2304 2312 2332  10
2332 826 827  10
2366 2333 2347  11
870 2363 869  11
2334 2363 2361  11
2350 894 895  11
2338 898 2337  11
894 2350 2343  11
2341 2337 2342  11
852 2338 2337  11
2364 857 53  11
857 2364 2358  11
52 2364 53  11
892 2359 891  11
858 2367 859  11
2335 2339 862  11
877 2345 2336  11
851 2356 850  11
2342 58 865  11
897 2338 896  11
898 2338 897  11
2349 871 2340  11
868 2363 2334  11
2360 868 2334  11
865 2362 2342  11
2362 866 2360  11
2337 898 58  11
873 2357 2340  11
2365 884 2333  11
2351 2354 881  11
880 2354 879  11
2351 881 59  11
2354 2351 2335  11
879 2345 878  11
2345 877 878  11
860 2357 2336  11
2340 2367 2349  11
873 2340 872  11
871 872 2340  11
2357 873 874  11
877 2336 876  11
875 2357 874  11
883 2365 882  11
55 2352 856  11
2346 2352 2347  11
882 2351 59  11
2347 2353 2348  11
2353 2347 2333  11
890 2359 2344  11
2359 2343 854  11
855 2355 854  11
884 2365 883  11
2348 2346 2347  11
2352 2366 2347  11
854 2343 853  11
890 2344 889  11
2343 2359 892  11
56 2352 55  11
2344 2359 2355  11
2333 884 885  11
885 2353 2333  11
2356 2362 2334  11
868 2360 867  11
862 861 2335  11
881 2354 880  11
875 876 2336  11
860 2345 861  11
58 2342 2337  11
852 2341 851  11
2338 852 853  11
896 2350 895  11
2339 2366 863  11
863 862 2339  11
2357 2367 2340  11
871 2349 870  11
2341 2356 851  11
2341 852 2337  11
2350 896 2338  11
2362 2356 2341  11
2343 892 893  11
893 894 2343  11
888 2348 887  11
888 889 2344  11
861 2354 2335  11
2345 860 2336  11
855 856 2346  11
2346 2348 2344  11
864 2352 57  11
2333 2366 2339  11
887 2353 886  11
2348 888 2344  11
2367 2357 859  11
2356 2361 2358  11
2338 853 2350  11
853 2343 2350  11
2339 2365 2333  11
2339 2335 2351  11
2352 2346 856  11
2352 56 57  11
2353 885 886  11
2353 887 2348  11
2354 861 2345  11
2345 879 2354  11
2355 855 2346  11
2346 2344 2355  11
2358 858 857  11
850 2364 54  11
2357 875 2336  11
2357 860 859  11
2358 2364 2356  11
2363 868 869  11
854 2355 2359  11
2359 890 891  11
2362 865 866  11
866 867 2360  11
2349 2358 2361  11
2361 2356 2334  11
2341 2342 2362  11
2362 2360 2334  11
2363 870 2349  11
2349 2361 2363  11
2364 52 54  11
2364 850 2356  11
2365 2339 2351  11
2351 882 2365  11
2366 2352 864  11
864 863 2366  11
2367 858 2358  11
2358 2349 2367  11
912 2404 913  12
2376 2393 2387  12
941 2394 2381  12
2391 918 2372  12
942 2394 941  12
2371 2389 2394  12
2382 943 944  12
63 2377 906  12
906 2383 905  12
2383 2404 2389  12
2389 2382 2379  12
905 2383 2374  12
946 2379 945  12
64 2377 63  12
2405 947 2396  12
2396 2398 2374  12
2396 914 2395  12
924 2403 2386  12
929 2393 2392  12
2395 2391 903  12
2391 902 903  12
2395 916 2391  12
2376 909 908  12
917 2391 916  12
901 2397 2385  12
902 2397 901  12
2386 2403 2388  12
2399 2388 2368  12
2385 900 901  12
920 2397 2372  12
2401 2384 2370  12
2368 2403 2369  12
2397 920 921  12
2397 922 2386  12
940 941 2381  12
2392 927 928  12
2369 926 927  12
2384 2401 2390  12
926 2403 925  12
2401 907 61  12
927 2392 2369  12
908 2370 2376  12
2404 2394 2389  12
935 2380 934  12
2393 929 930  12
2400 931 932  12
931 2400 2387  12
930 2387 2393  12
934 2380 933  12
2380 2373 910  12
2402 939 2381  12
2402 2381 2378  12
2380 935 2373  12
937 2373 936  12
937 2402 2373  12
2373 935 936  12
911 2378 912  12
931 2387 67  12
900 2390 899  12
2370 908 907  12
2384 2369 2375  12
907 2401 2370  12
2390 2399 2368  12
2371 942 943  12
943 2382 2371  12
2372 918 919  12
919 920 2372  12
2373 2402 911  12
911 910 2373  12
2398 2396 2395  12
904 905 2374  12
2369 2384 2368  12
929 2392 928  12
2370 2375 2376  12
2381 2394 2378  12
2377 64 65  12
65 913 2377  12
939 2402 938  12
2381 939 940  12
945 2382 944  12
2374 2405 2396  12
910 909 2380  12
933 2400 932  12
918 2391 917  12
902 2391 2372  12
2382 945 2379  12
2382 2389 2371  12
2379 2374 2383  12
2383 906 2377  12
2384 2375 2370  12
62 2401 60  12
922 2397 921  12
2403 924 925  12
2386 922 923  12
923 924 2386  12
909 2400 2380  12
909 2376 2387  12
2388 2399 2385  12
2385 2386 2388  12
2389 2379 2383  12
2404 912 2378  12
2368 2384 2390  12
2390 62 899  12
915 2395 914  12
916 2395 915  12
2387 930 67  12
2375 2369 2392  12
2393 2376 2375  12
2375 2392 2393  12
2394 2404 2378  12
2394 942 2371  12
903 2398 2395  12
914 2396 66  12
947 2405 946  12
947 66 2396  12
2386 2385 2397  12
2397 902 2372  12
2398 903 904  12
904 2374 2398  12
2399 2390 900  12
900 2385 2399  12
2400 933 2380  12
2400 909 2387  12
61 60 2401  12
2401 62 2390  12
2378 911 2402  12
2402 937 938  12
2403 926 2369  12
2403 2368 2388  12
2404 2383 2377  12
2377 913 2404  12
2405 2374 2379  12
2379 946 2405  12
993 2408 992  13
2430 993 994  13
991 2424 990  13
2429 987 988  13
2424 991 2408  13
989 2429 988  13
959 2424 2408  13
993 2430 2408  13
995 2430 994  13
997 2438 996  13
996 2438 995  13
2438 997 2426  13
2435 964 965  13
2426 997 2423  13
955 2415 2413  13
2418 2426 2423  13
962 2418 2412  13
2439 2436 2413  13
72 2415 71  13
2439 963 2412  13
2436 2437 2409  13
954 2413 2409  13
2441 2435 2414  13
2419 952 953  13
2437 2410 970  13
972 2437 971  13
2437 972 2419  13
969 2410 968  13
2437 2436 2410  13
2428 2439 2414  13
964 2435 2423  13
952 2419 2416  13
2407 2432 951  13
975 2433 2416  13
2433 977 2407  13
950 2443 2422  13
973 2416 2419  13
2419 972 973  13
978 2432 2407  13
978 2407 977  13
69 2425 956  13
2429 989 2424  13
982 983 2444  13
948 2420 70  13
2422 949 950  13
75 2443 980  13
2431 2427 2421  13
2406 2444 2431  13
2406 2422 2443  13
2432 978 979  13
2406 75 981  13
2444 984 2427  13
987 2429 2417  13
987 2417 986  13
985 2427 984  13
956 2434 957  13
2429 2442 2440  13
68 2420 69  13
949 2422 2411  13
2406 981 982  13
951 952 2407  13
977 2433 976  13
991 992 2408  13
959 2430 960  13
953 954 2409  13
970 2410 969  13
2435 966 2428  13
968 2428 967  13
2429 2440 2417  13
2411 948 949  13
963 2415 73  13
963 962 2412  13
2413 954 955  13
963 2439 2415  13
966 2435 965  13
2428 968 2410  13
2415 955 71  13
2415 72 73  13
974 975 2416  13
952 2433 2407  13
2411 2425 2420  13
2417 985 986  13
2412 2441 2414  13
2418 962 961  13
2416 973 974  13
2419 953 2409  13
2420 68 70  13
2420 948 2411  13
2427 985 2417  13
2425 2440 2434  13
980 2443 2432  13
2411 2431 2421  13
2423 997 74  13
74 964 2423  13
2424 959 958  13
2424 989 990  13
2425 69 2420  13
2425 2411 2421  13
2426 2418 961  13
961 960 2426  13
2427 2440 2421  13
984 2444 983  13
2439 2428 2436  13
2428 966 967  13
2424 2442 2429  13
2440 2427 2417  13
960 2438 2426  13
2430 959 2408  13
2431 2411 2422  13
2422 2406 2431  13
2432 950 951  13
2432 979 980  13
2433 952 2416  13
2433 975 976  13
957 2442 958  13
2434 956 2425  13
2435 2428 2414  13
2435 2441 2423  13
2428 2410 2436  13
2436 2409 2413  13
970 971 2437  13
2437 2419 2409  13
2438 960 2430  13
2430 995 2438  13
2413 2415 2439  13
2439 2412 2414  13
2442 2424 958  13
2440 2425 2421  13
2441 2412 2418  13
2418 2423 2441  13
2442 957 2434  13
2434 2440 2442  13
2443 950 2432  13
2443 75 2406  13
2444 2427 2431  13
2444 2406 982  13
2482 2487 2470  14
591 46 592  14
2472 2450 2479  14
76 2445 1014  14
2445 76 998  14
790 2475 791  14
788 2473 789  14
1009 2449 1008  14
2473 2491 2470  14
1005 2482 2447  14
1012 2488 2453  14
1007 2469 1006  14
1011 2453 2451  14
72 30 73  14
46 2468 1002  14
30 72 586  14
79 1004 78  14
586 72 587  14
1003 2459 72  14
72 2459 587  14
2459 1003 2448  14
2465 588 2459  14
2485 1002 2468  14
2461 2488 2480  14
46 23 592  14
1002 2485 77  14
2485 2450 2477  14
46 39 23  14
2449 1007 1008  14
1009 2457 2449  14
77 787 44  14
2470 2491 2483  14
787 2446 788  14
1011 2451 1010  14
2456 2453 2454  14
2470 2487 2462  14
2453 2489 2454  14
2451 1009 1010  14
2449 2471 2469  14
2476 2467 2456  14
2489 2453 2488  14
2455 2490 2463  14
2455 2464 2458  14
1000 2464 999  14
43 2460 1001  14
1014 2480 1013  14
2445 998 999  14
787 2477 2446  14
2486 789 2473  14
1004 2472 78  14
1004 1005 2447  14
2452 2468 2465  14
2448 1003 78  14
2478 2484 2466  14
2475 792 791  14
590 2468 591  14
2483 2482 2470  14
2490 2492 2463  14
2453 2456 2451  14
2452 2459 2448  14
2452 2479 2450  14
2453 1011 1012  14
797 2474 2460  14
795 2492 2490  14
2492 2476 2454  14
2464 2455 2461  14
2476 2492 2481  14
2476 2478 2466  14
2457 1009 2451  14
2471 2449 2457  14
2457 2467 2466  14
1000 2460 2458  14
2490 2455 2458  14
588 2465 589  14
588 587 2459  14
2460 1000 1001  14
2460 43 797  14
1013 2488 1012  14
2445 999 2461  14
2473 2470 2462  14
2482 1005 1006  14
2455 2489 2488  14
796 2490 2474  14
2461 999 2464  14
2464 1000 2458  14
590 589 2465  14
2465 2459 2452  14
2467 2457 2451  14
2481 792 2478  14
2451 2456 2467  14
2467 2476 2466  14
2468 46 591  14
2468 590 2465  14
2469 1007 2449  14
2487 2482 2469  14
2491 2473 2446  14
2447 2483 2472  14
2457 2484 2471  14
2486 2487 2484  14
78 2479 2448  14
2472 1004 2447  14
789 2486 790  14
2473 788 2446  14
2458 2460 2474  14
2474 797 796  14
2486 2473 2462  14
2484 2487 2471  14
2476 2456 2454  14
2492 2454 2463  14
2477 787 77  14
2450 2485 2452  14
792 2481 793  14
792 2475 2478  14
2479 2452 2448  14
2479 78 2472  14
2480 1014 2445  14
2445 2461 2480  14
794 793 2481  14
2481 2478 2476  14
2482 2483 2447  14
2482 1006 2469  14
2450 2491 2477  14
2450 2472 2483  14
2484 2457 2466  14
2484 2478 2475  14
2477 77 2485  14
2485 2468 2452  14
2486 2484 2475  14
2475 790 2486  14
2469 2471 2487  14
2487 2486 2462  14
2488 1013 2480  14
2488 2461 2455  14
2489 2455 2463  14
2463 2454 2489  14
2490 2458 2474  14
2490 796 795  14
2446 2477 2491  14
2491 2450 2483  14
2492 795 794  14
794 2481 2492  14
1132 2495 1133  15
1074 43 1075  15
1142 1039 1038  15
1137 1040 1138  15
2493 43 1074  15
1138 1039 1139  15
1139 1039 1140  15
1022 2504 2501  15
1079 1000 1080  15
1016 1097 1096  15
1072 778 777  15
1105 2505 2498  15
1092 1064 1063  15
1055 1126 1125  15
91 1046 1112  15
1062 1092 1063  15
1132 1028 1027  15
85 1149 1148  15
1126 1055 1054  15
1048 91 1151  15
1044 1112 1045  15
89 1029 1132  15
2507 1043 1042  15
1112 2507 1113  15
1054 1128 1127  15
81 2500 1059  15
76 1088 998  15
1027 2495 1132  15
1025 1024 2495  15
998 1085 999  15
1032 1091 1033  15
1028 1132 1029  15
2497 76 1036  15
2495 1026 1025  15
2497 1033 1091  15
998 1087 1086  15
84 2495 1024  15
76 1089 1088  15
1034 2497 1035  15
76 2497 1089  15
1091 1032 1031  15
1033 2497 1034  15
1085 998 1086  15
998 1088 1087  15
1134 84 1135  15
2495 1134 1133  15
1029 89 1030  15
1135 84 1040  15
2495 1027 1026  15
2495 84 1134  15
2506 1110 1109  15
1140 1039 1141  15
1142 1038 1143  15
1039 1138 1040  15
1135 1040 1136  15
1040 1137 1136  15
1000 1081 1080  15
999 1085 1084  15
1081 999 1082  15
999 1084 1083  15
999 1081 1000  15
999 1083 1082  15
2493 777 776  15
1000 1078 1001  15
1075 43 1001  15
1077 1001 1078  15
1078 1000 1079  15
2504 2508 2502  15
784 2503 785  15
777 2493 1072  15
1018 2502 1017  15
43 2493 774  15
2502 2501 2504  15
1072 2493 1073  15
2506 2508 42  15
1075 1001 1076  15
1001 1077 1076  15
1105 2498 1106  15
1110 2506 2503  15
2502 2505 80  15
1108 2506 1109  15
2506 786 2503  15
2503 783 1111  15
786 2506 42  15
2500 1061 1060  15
779 88 780  15
1072 779 778  15
1111 782 781  15
783 2503 784  15
782 1111 783  15
90 1064 1092  15
1019 2501 1018  15
1021 2501 1020  15
1021 83 1022  15
1107 2508 1108  15
1103 2505 1104  15
2508 1107 2498  15
1108 2508 2506  15
80 1102 1101  15
1100 80 1101  15
1097 1015 1098  15
1015 1097 1016  15
80 1103 1102  15
1100 1015 80  15
1098 1015 1099  15
1015 1100 1099  15
1095 81 1016  15
2507 1041 2496  15
1018 82 1019  15
2502 1018 2501  15
2505 1105 1104  15
2500 1094 1093  15
1064 90 1065  15
1067 1131 1068  15
87 1128 1054  15
87 2499 1129  15
1068 2499 1069  15
1062 2500 1092  15
2493 776 775  15
1092 2500 1093  15
1016 1096 1095  15
2499 1068 1131  15
2500 81 1094  15
2496 1113 2507  15
2500 1062 1061  15
1054 1127 1126  15
2499 87 1071  15
87 1129 1128  15
1094 81 1095  15
1131 1067 1066  15
1069 2499 1070  15
1055 1124 1123  15
1056 1122 1121  15
1055 1125 1124  15
86 2496 1041  15
1056 1123 1122  15
1123 1056 1055  15
2496 1058 1115  15
1056 1120 1057  15
1058 2496 86  15
1120 1056 1121  15
2496 1115 1114  15
1119 1057 1120  15
1038 1144 1143  15
1145 1037 1146  15
1038 1145 1144  15
1145 1038 1037  15
1039 1142 1141  15
1050 2494 1051  15
1146 1037 1147  15
2494 85 1053  15
1147 1037 1148  15
2494 1151 1150  15
1023 42 2508  15
1151 1049 1048  15
2508 2504 1023  15
1057 1119 1118  15
2507 1044 1043  15
1057 1117 1058  15
1057 1118 1117  15
1115 1058 1116  15
1058 1117 1116  15
1044 2507 1112  15
1112 1046 1045  15
2494 1050 1151  15
85 2494 1149  15
1049 1151 1050  15
1051 2494 1052  15
1046 91 1047  15
775 774 2493  15
90 1066 1065  15
1053 1052 2494  15
91 1048 1047  15
781 88 1111  15
89 1031 1030  15
1114 1113 2496  15
1041 2507 1042  15
1036 1035 2497  15
2497 1091 1090  15
2504 1022 1023  15
2498 1107 1106  15
1071 1070 2499  15
2499 1131 1130  15
1060 1059 2500  15
88 781 780  15
2501 1019 1020  15
2501 1021 1022  15
2502 2508 2498  15
2502 80 1017  15
786 785 2503  15
2503 1111 1110  15
2493 1074 1073  15
1031 89 1091  15
2505 1103 80  15
2505 2502 2498  15
1089 2497 1090  15
1066 90 1131  15
1129 2499 1130  15
88 779 1072  15
1149 2494 1150  15
85 1148 1037  15
1085 1155 2509  16
1087 1155 1086  16
1085 2509 1084  16
1090 93 2510  16
2509 1082 1083  16
2510 1155 1087  16
93 1090 1091  16
1154 2509 1155  16
1090 2510 1089  16
93 1091 89  16
1155 1085 1086  16
1088 1089 2510  16
2511 1080 1081  16
2512 1076 1077  16
1082 2509 2511  16
2513 1073 1074  16
1078 1153 2512  16
1075 2512 2513  16
1153 1078 1079  16
1079 2511 1153  16
2512 1075 1076  16
1072 92 88  16
2513 1072 1073  16
2513 2512 1152  16
1072 2513 92  16
1074 1075 2513  16
1155 2510 1156  16
1083 1084 2509  16
2510 1087 1088  16
2511 2509 1154  16
2510 93 1156  16
1081 1082 2511  16
1077 1078 2512  16
2511 1079 1080  16
1153 2511 1154  16
1152 2512 1153  16
92 2513 1152  16
1184 1158 1185  17
96 1179 1171  17
1158 1184 1157  17
1185 1159 1186  17
1184 97 1157  17
1173 1154 1174  17
1156 97 1175  17
1160 1186 1159  17
1174 1154 1155  17
1175 1174 1155  17
1154 1173 1153  17
97 1156 93  17
1172 1153 1173  17
1153 1172 1152  17
96 1152 1172  17
1171 92 96  17
1170 1179 1178  17
1175 1155 1156  17
93 1157 97  17
1152 96 92  17
1178 1177 1169  17
1179 1170 1171  17
1170 1178 1169  17
1166 95 98  17
1169 1177 1168  17
1168 1176 1167  17
1167 98 95  17
98 1167 1176  17
98 1183 1166  17
1168 1177 1176  17
1183 1182 1165  17
1183 1165 1166  17
1182 1181 1164  17
1182 1164 1165  17
99 1187 1161  17
1164 1181 1163  17
1180 1162 1163  17
1159 1185 1158  17
1162 1180 99  17
99 1161 94  17
1163 1181 1180  17
1187 1186 1160  17
1160 1161 1187  17
94 1162 99  17
2523 2521 1174  18
1174 2521 1173  18
97 1197 1175  18
2514 1195 1191  18
1195 2514 1196  18
1172 1194 96  18
1175 2523 1174  18
1191 1195 101  18
2516 2520 2519  18
1193 2518 2516  18
2519 2514 1190  18
1188 2516 1189  18
1192 2516 1188  18
2519 2521 2515  18
1188 100 1192  18
2514 2519 2515  18
1196 2517 1197  18
2514 1191 1190  18
2514 2517 1196  18
1172 2522 2518  18
2521 2519 2520  18
2516 1192 1193  18
1175 1197 2517  18
2517 2514 2515  18
2518 1193 1194  18
1194 1172 2518  18
2519 1190 1189  18
1189 2516 2519  18
2520 2516 2518  18
2522 2521 2520  18
2521 2522 1173  18
2521 2523 2515  18
2520 2518 2522  18
2522 1172 1173  18
2523 1175 2517  18
2517 2515 2523  18
2540 2538 2534  19
2545 2527 2528  19
1204 2531 1203  19
2550 2530 2543  19
101 2545 1191  19
1190 2544 1189  19
2551 2530 2524  19
2541 2543 2530  19
100 2547 1209  19
2533 2548 2538  19
1206 2549 2535  19
1204 2539 2531  19
103 2535 1205  19
1205 2539 1204  19
1201 2525 1200  19
2542 2533 2525  19
2533 1199 1200  19
102 2526 1201  19
2530 2551 2546  19
2548 2534 2538  19
1199 2533 2532  19
1202 2537 2526  19
2525 1201 2526  19
2526 102 1202  19
2544 2543 2529  19
2534 2548 2536  19
1190 1191 2528  19
2527 2545 2532  19
2547 2541 1209  19
1188 1189 2529  19
2541 2530 2546  19
2547 2543 2541  19
1203 2531 2537  19
2536 2551 2524  19
2545 2528 1191  19
1198 1199 2532  19
2527 2532 2533  19
2533 1200 2525  19
2524 2530 2534  19
2540 2527 2538  19
2535 103 1206  19
2546 2551 2549  19
2524 2534 2536  19
2531 2542 2537  19
2526 2542 2525  19
2537 1202 1203  19
2527 2540 2528  19
2527 2533 2538  19
2536 2531 2539  19
2539 1205 2535  19
2543 2544 2540  19
2544 2529 1189  19
1208 2546 1207  19
1208 1209 2541  19
2542 2526 2537  19
2542 2531 2536  19
2530 2550 2534  19
2543 2547 2529  19
2544 1190 2528  19
2528 2540 2544  19
2545 101 1198  19
1198 2532 2545  19
2535 2551 2539  19
2546 1208 2541  19
2547 100 1188  19
1188 2529 2547  19
2548 2533 2542  19
2542 2536 2548  19
2549 1206 1207  19
1207 2546 2549  19
2543 2540 2550  19
2540 2534 2550  19
2551 2536 2539  19
2551 2535 2549  19
2553 2560 2558  20
1211 2561 1210  20
2560 1186 1185  20
1184 2554 1185  20
2552 1195 1198  20
2561 1200 1201  20
2552 2557 1196  20
1184 2557 2554  20
101 1198 1195  20
1184 97 1197  20
1212 99 1187  20
1195 2552 1196  20
1199 2553 2562  20
102 1210 1201  20
2553 2561 2555  20
1200 2561 2553  20
2557 2558 2554  20
1198 2562 2552  20
2553 1199 1200  20
1187 2559 2556  20
2558 2557 2552  20
1186 2560 2559  20
2561 1211 2556  20
2556 1211 1212  20
1212 1187 2556  20
2560 2553 2555  20
2557 1184 1197  20
1197 1196 2557  20
2558 2562 2553  20
2558 2560 2554  20
2555 2556 2559  20
2559 1187 1186  20
2555 2559 2560  20
2560 1185 2554  20
1201 1210 2561  20
2561 2556 2555  20
2562 2558 2552  20
2562 1198 1199  20
2573 2563 1214  21
2563 2573 2566  21
2570 2572 2565  21
1181 2565 2564  21
2569 2572 2570  21
2563 1213 1214  21
2571 2564 2566  21
2565 1181 1180  21
102 1202 1210  21
1180 99 1212  21
1215 98 1183  21
2569 2570 1211  21
2564 1182 1181  21
103 1213 1205  21
1213 2563 1205  21
1205 2563 1204  21
2563 2568 1204  21
2572 2564 2565  21
2564 2572 2568  21
1203 2568 2567  21
1180 2570 2565  21
2564 2568 2566  21
2573 1183 2571  21
2564 2571 1182  21
1202 2569 1210  21
1202 1203 2567  21
2568 1203 1204  21
2568 2563 2566  21
1211 1210 2569  21
2569 1202 2567  21
2570 1180 1212  21
1212 1211 2570  21
1183 2573 1215  21
1183 1182 2571  21
2572 2569 2567  21
2567 2568 2572  21
2571 2566 2573  21
2573 1214 1215  21
2577 2575 1178  22
1178 2575 1177  22
96 1194 1179  22
2580 2578 2574  22
2580 2582 1193  22
1176 1215 98  22
1179 2582 2577  22
1209 1192 100  22
1176 2576 1215  22
1214 2583 1213  22
2575 2577 2574  22
2578 2583 2579  22
2583 1207 1206  22
2575 2574 2578  22
1206 103 1213  22
1208 2580 1209  22
1193 2582 1194  22
2580 1208 2578  22
1207 2583 2578  22
1176 2581 2576  22
1214 1215 2576  22
2581 2575 2579  22
1178 1179 2577  22
2574 2577 2582  22
2578 1208 1207  22
2575 2578 2579  22
2583 1214 2576  22
2575 2581 1177  22
2580 1193 1192  22
1192 1209 2580  22
2579 2576 2581  22
2581 1176 1177  22
2582 1179 1194  22
2582 2580 2574  22
1206 1213 2583  22
2583 2576 2579  22
2584 1143 1142  23
1139 1138 2586  23
1159 2586 1158  23
1136 1158 1137  23
93 1132 89  23
1138 1158 2586  23
2585 93 1157  23
2585 1136 1135  23
2586 1141 1140  23
1135 1134 2585  23
93 2585 1133  23
1158 2585 1157  23
2587 1150 1149  23
1144 2584 1160  23
2588 1161 2587  23
1145 2588 1146  23
2584 1144 1143  23
1145 1160 2588  23
1148 2588 2587  23
1160 1145 1144  23
1132 93 1133  23
1141 2586 2584  23
1151 94 91  23
1151 2587 94  23
94 2587 1161  23
2586 1159 2584  23
1142 1141 2584  23
2585 1158 1136  23
1133 2585 1134  23
1158 1138 1137  23
2586 1140 1139  23
1149 1148 2587  23
1147 1146 2588  23
1161 2588 1160  23
2588 1148 1147  23
2587 1151 1150  23
1160 2584 1159  23
94 2590 1113  24
1122 1121 2591  24
1118 1163 2589  24
1112 94 1113  24
1116 1163 1117  24
1113 2590 1114  24
94 1112 91  24
1119 1118 2589  24
2589 1120 1119  24
2590 1163 1116  24
2591 1123 1122  24
1163 1118 1117  24
2589 1121 1120  24
1121 2589 2591  24
1125 1165 2592  24
1166 2592 1165  24
1165 1125 1124  24
2591 1124 1123  24
1125 2592 1126  24
1124 2591 1165  24
2593 1130 1129  24
2592 1128 1127  24
95 2593 1166  24
1131 95 90  24
2593 1131 1130  24
1131 2593 95  24
1127 1126 2592  24
1163 2590 1162  24
2590 1116 1115  24
1115 1114 2590  24
2590 94 1162  24
2591 2589 1164  24
1164 2589 1163  24
1128 2592 2593  24
1165 2591 1164  24
1129 1128 2593  24
2593 2592 1166  24
95 2598 1167  25
1092 95 90  25
92 1111 88  25
1105 1170 1104  25
2595 1111 92  25
1108 1109 2595  25
1111 2595 1110  25
1096 2598 1095  25
2594 1108 2595  25
2594 2595 1171  25
2597 1101 2596  25
1103 2596 1102  25
1169 2597 2596  25
2598 1093 1094  25
1170 1105 2594  25
1098 1168 1097  25
1168 1096 1097  25
1101 2597 1100  25
1101 1102 2596  25
1105 1106 2594  25
1094 1095 2598  25
1108 2594 1107  25
95 1092 1093  25
2596 1104 1170  25
1168 1098 2597  25
1107 2594 1106  25
2596 1170 1169  25
1168 2598 1096  25
1110 2595 1109  25
2594 1171 1170  25
2595 92 1171  25
1104 2596 1103  25
1100 2597 1099  25
1098 1099 2597  25
2597 1169 1168  25
2598 95 1093  25
2598 1168 1167  25
2601 2642 110  26
49 24 40  26
2615 2626 2621  26
2619 2610 2629  26
2632 2618 2614  26
107 2641 109  26
1223 2606 1224  26
807 2618 806  26
2600 2609 106  26
2624 2625 1221  26
2624 1221 1220  26
111 2630 2601  26
109 108 107  26
41 2612 807  26
1231 107 108  26
49 544 24  26
49 2636 545  26
49 545 544  26
1222 2604 1223  26
546 2636 2605  26
108 2642 1231  26
109 2639 111  26
2641 45 799  26
2642 108 1232  26
2611 2630 2621  26
2605 2636 2601  26
2627 2640 2600  26
2627 1230 52  26
548 52 549  26
1230 2627 2600  26
2634 2611 2624  26
2617 2616 2599  26
52 53 25  26
111 2601 110  26
106 1219 105  26
25 549 52  26
803 2619 802  26
2625 2624 2613  26
1221 2625 1222  26
2623 2622 2603  26
2622 2623 1226  26
2616 1216 104  26
2632 806 2618  26
2638 1228 1227  26
104 2638 2603  26
80 2607 1217  26
2638 104 1218  26
2607 2631 1217  26
113 2643 1235  26
112 2644 2602  26
1016 2607 1015  26
2638 1218 2631  26
112 2607 113  26
2643 2607 1016  26
1228 2638 2602  26
81 2643 1016  26
115 1229 1234  26
1229 115 81  26
114 1234 1229  26
2644 1229 1228  26
2644 112 1233  26
1216 2616 2612  26
2622 2599 2603  26
106 1230 2600  26
2640 2630 2609  26
546 2605 547  26
2642 1232 110  26
2631 2607 112  26
2644 1233 114  26
2622 2617 2599  26
2599 104 2603  26
801 2626 2615  26
2610 2633 2629  26
2640 2609 2600  26
547 2627 548  26
2606 1225 1224  26
2606 1223 2604  26
2607 80 1015  26
2607 2643 113  26
2606 2604 2608  26
804 2632 2610  26
106 2620 1219  26
2630 2639 2621  26
803 804 2610  26
2614 2635 2632  26
2609 2611 2620  26
2615 2621 2639  26
2612 41 1216  26
2614 2612 2616  26
2624 2637 2613  26
2626 2629 2628  26
2612 2614 2618  26
2614 2617 2608  26
2615 799 800  26
800 801 2615  26
2616 104 2599  26
2616 2617 2614  26
2617 2622 2606  26
2606 2608 2617  26
806 2632 805  26
2618 807 2612  26
802 2626 801  26
2619 803 2610  26
1219 2634 1220  26
2620 106 2609  26
2637 2611 2621  26
2637 2624 2611  26
2622 1226 1225  26
1225 2606 2622  26
2602 2638 2631  26
1227 1226 2623  26
2611 2634 2620  26
45 2641 107  26
2625 2628 2604  26
2604 1222 2625  26
2626 802 2619  26
2628 2637 2626  26
2627 52 548  26
2627 547 2605  26
2604 2633 2608  26
2628 2625 2613  26
2635 2610 2632  26
2629 2626 2619  26
2630 2611 2609  26
2630 2640 2601  26
1218 1217 2631  26
2631 112 2602  26
2610 2635 2633  26
2632 804 805  26
2633 2604 2628  26
2628 2629 2633  26
2624 1220 2634  26
2634 1219 2620  26
2635 2614 2608  26
2608 2633 2635  26
2636 546 545  26
2636 49 1231  26
2621 2626 2637  26
2637 2628 2613  26
2638 1227 2623  26
2623 2603 2638  26
2639 2630 111  26
2615 2641 799  26
2640 2627 2605  26
2605 2601 2640  26
2641 2615 2639  26
2639 109 2641  26
2642 2601 2636  26
2636 1231 2642  26
2643 81 115  26
115 1235 2643  26
1229 2644 114  26
1228 2602 2644  26
1240 2645 1239  27
1238 2645 1242  27
1242 2646 1241  27
1236 1240 116  27
1237 2645 1236  27
2645 2647 2646  27
2646 1242 2645  27
117 1238 1242  27
104 1241 1216  27
41 2647 1237  27
2645 1238 1239  27
2645 1240 1236  27
2647 1241 2646  27
1241 2647 1216  27
2647 2645 1237  27
2647 41 1216  27
2648 2654 2649  28
2654 2648 1236  28
1022 2653 1023  28
2650 2648 2649  28
2649 2653 2650  28
41 2652 1237  28
116 2648 1244  28
1023 773 42  28
2653 2649 2651  28
2648 2650 1244  28
83 2655 1022  28
2648 116 1236  28
2649 2652 2651  28
2652 2654 1237  28
773 2653 2651  28
2653 1022 2655  28
1243 1244 2650  28
2651 771 772  28
772 773 2651  28
2652 41 771  28
771 2651 2652  28
2653 773 1023  28
2650 2655 1243  28
1236 1237 2654  28
2654 2652 2649  28
2655 83 1243  28
2655 2650 2653  28
2657 2656 2659  29
1240 2658 1239  29
1243 83 1021  29
2659 1243 1021  29
2658 1246 1238  29
1240 116 1244  29
1246 2658 2657  29
1245 1246 2657  29
1019 2659 1020  29
1238 1246 117  29
1019 82 1245  29
1243 2659 2656  29
1244 2658 1240  29
1244 1243 2656  29
2658 1238 1239  29
1245 2659 1019  29
2658 1244 2656  29
2656 2657 2658  29
2659 1021 1020  29
2659 1245 2657  29
1218 2662 2660  30
2666 2663 2662  30
1246 2665 2661  30
1245 1246 2661  30
104 2660 1241  30
80 2666 1217  30
117 2665 1246  30
1217 2666 2662  30
2663 2666 2664  30
82 2664 1018  30
2660 1242 1241  30
2660 104 1218  30
2665 117 1242  30
2664 82 1245  30
2664 1245 2661  30
2662 1218 1217  30
2663 2665 2660  30
2660 2662 2663  30
2661 2663 2664  30
2664 1017 1018  30
1242 2660 2665  30
2665 2663 2661  30
2666 80 1017  30
1017 2664 2666  30
859 551 552  31
554 861 553  31
860 552 553  31
858 550 551  31
25 857 53  31
550 858 857  31
857 25 550  31
862 555 863  31
551 859 858  31
863 556 864  31
556 863 555  31
861 554 862  31
26 864 556  31
864 26 57  31
553 861 860  31
552 860 859  31
555 862 554  31
2672 1250 1251  32
1065 2682 1066  32
1249 2677 2680  32
1068 2682 1069  32
2679 2667 1223  32
1219 2680 1220  32
1069 2682 1070  32
2677 2672 1221  32
1061 2674 1062  32
2674 81 1229  32
2678 1224 2667  32
1227 2675 1228  32
1253 2678 2667  32
1229 2683 2674  32
2674 1065 1064  32
1248 2680 2671  32
81 2674 1059  32
2674 2682 1065  32
1257 2668 2673  32
2683 1229 2670  32
2669 2676 2675  32
1066 2682 1067  32
1067 2682 1068  32
2675 2673 2670  32
2678 1253 1254  32
1258 2682 2668  32
1223 2667 1224  32
2673 2675 2676  32
2682 2683 2668  32
1258 1071 2682  32
1220 2680 2677  32
2681 1254 1255  32
1254 2681 2678  32
118 2671 1247  32
2667 2679 1252  32
105 2671 1219  32
1251 2679 2672  32
2672 2677 1250  32
1252 1253 2667  32
1224 2678 1225  32
2682 2674 2683  32
2674 1064 1063  32
1227 1226 2669  32
1255 2669 2681  32
1256 2673 2676  32
2670 1229 1228  32
2671 105 1247  32
2671 118 1248  32
1222 2679 1223  32
1222 1221 2672  32
2668 2670 2673  32
2674 1063 1062  32
1060 2674 1061  32
2670 1228 2675  32
2675 1227 2669  32
2676 1255 1256  32
2673 1256 1257  32
1221 1220 2677  32
2677 1249 1250  32
1226 2681 2669  32
1225 2681 1226  32
2679 1222 2672  32
2679 1251 1252  32
2680 1219 2671  32
2680 1248 1249  32
1255 2676 2669  32
2681 1225 2678  32
1071 1258 87  32
1059 2674 1060  32
2670 2668 2683  32
2668 1257 1258  32
2682 1071 1070  32
1256 2704 2685  33
1259 2720 120  33
558 56 557  33
2689 2703 2687  33
2729 2696 2725  33
1269 2715 2687  33
2686 1253 1252  33
1269 2687 1268  33
86 2715 1269  33
2696 2716 2711  33
2717 2705 1249  33
2721 2708 2716  33
1248 2718 2717  33
121 2727 2718  33
2722 2696 2711  33
2684 2720 2719  33
2697 1271 56  33
2697 2707 2699  33
119 1259 120  33
564 60 563  33
60 27 61  33
27 60 564  33
2695 563 60  33
2695 60 1270  33
563 2695 562  33
561 2707 560  33
2697 56 558  33
2688 1250 2705  33
26 56 57  33
2724 2712 2688  33
56 26 557  33
1271 2697 2694  33
1251 2688 2686  33
2719 2699 2684  33
121 1248 118  33
2701 2726 2714  33
2725 2712 2691  33
2704 1256 1255  33
2708 2721 2709  33
2685 2704 2692  33
1253 2731 1254  33
1057 2715 1058  33
2710 2728 2723  33
1268 2703 1267  33
2702 1258 2698  33
2723 2685 2710  33
87 2702 1054  33
559 2707 2697  33
2684 1270 120  33
1257 2698 1258  33
1257 1256 2685  33
1252 1251 2686  33
1261 2730 2713  33
2715 86 1058  33
1267 2706 1266  33
2688 1251 1250  33
2688 2726 2724  33
1057 2728 2689  33
2698 2723 2702  33
2690 1253 2686  33
1265 2696 1264  33
2688 2712 2686  33
2729 2730 1262  33
2710 2692 2700  33
2704 2731 2709  33
1249 2705 1250  33
2699 2727 2694  33
121 1271 2694  33
2727 121 2694  33
561 562 2695  33
2695 1270 2684  33
1264 2729 1263  33
2708 2722 2711  33
558 559 2697  33
2697 2699 2694  33
2702 87 1258  33
2698 1257 2685  33
2707 559 560  33
2695 2684 2699  33
2703 2710 2700  33
2692 2710 2685  33
2701 1259 1260  33
1260 2713 2701  33
2728 2710 2689  33
1055 1054 2702  33
2703 2706 1267  33
2703 1268 2687  33
1255 2731 2704  33
2708 2731 2690  33
2705 2717 2693  33
2726 2688 2705  33
1266 2716 1265  33
2706 2703 2700  33
2707 561 2695  33
2695 2699 2707  33
2700 2721 2706  33
2731 2708 2709  33
2692 2721 2700  33
2692 2704 2709  33
2710 2703 2689  33
2685 2723 2698  33
2712 2725 2722  33
2716 2708 2711  33
2690 2686 2712  33
2712 2724 2691  33
2713 1260 1261  33
2730 2729 2691  33
2705 2693 2714  33
2720 2684 120  33
2715 1057 2689  33
2689 2687 2715  33
2716 2696 1265  33
2716 1266 2706  33
1249 1248 2717  33
2693 2717 2718  33
2718 1248 121  33
2718 2727 2693  33
2719 2701 2714  33
2714 2693 2719  33
2720 1259 2701  33
2701 2719 2720  33
2716 2706 2721  33
2721 2692 2709  33
2722 2708 2690  33
2690 2712 2722  33
1055 2728 1056  33
1055 2702 2723  33
2726 2705 2714  33
2724 2730 2691  33
2729 1264 2696  33
2696 2722 2725  33
2726 2701 2713  33
2726 2730 2724  33
2727 2699 2719  33
2719 2693 2727  33
2728 1057 1056  33
2728 1055 2723  33
2725 2691 2729  33
2729 1262 1263  33
2730 2726 2713  33
2730 1261 1262  33
2731 1255 1254  33
2731 1253 2690  33
909 567 910  34
911 569 570  34
567 908 566  34
913 571 65  34
908 565 566  34
908 567 909  34
565 908 907  34
61 565 907  34
565 61 27  34
913 570 571  34
570 912 911  34
570 913 912  34
569 911 910  34
65 571 28  34
569 910 568  34
910 567 568  34
1265 2732 1266  35
1050 2747 1051  35
2742 2746 2744  35
1274 2738 1273  35
2740 2736 1263  35
1272 2738 1259  35
1263 2736 1264  35
1260 2741 1261  35
1265 2743 2732  35
2734 86 1269  35
1278 2743 2736  35
1276 2740 2737  35
2748 1049 1048  35
1269 2749 2734  35
1046 2748 1047  35
1043 2734 1044  35
2748 2749 2733  35
2745 2744 2746  35
1046 2734 2748  35
1051 2747 1052  35
1282 2733 2742  35
2747 1049 2748  35
1049 2747 1050  35
2733 1282 1283  35
1268 2746 2739  35
1283 2747 2733  35
2735 1279 1280  35
2744 1280 1281  35
2747 2748 2733  35
85 2747 1283  35
1279 2732 2743  35
122 1273 1272  35
1262 2740 1263  35
2738 2741 1260  35
1264 2743 1265  35
2741 2737 1261  35
2737 2741 1275  35
1272 1259 119  35
1279 2735 2732  35
1266 2745 1267  35
2748 1048 1047  35
2734 1046 1045  35
1042 2734 1043  35
2734 2749 2748  35
2732 2745 1266  35
1280 2744 2735  35
2736 2740 1277  35
1277 1278 2736  35
1262 1261 2737  35
2737 1275 1276  35
1260 1259 2738  35
2738 1272 1273  35
1281 2742 2744  35
1268 2749 1269  35
2740 1262 2737  35
2740 1276 1277  35
2741 2738 1274  35
1274 1275 2741  35
2749 1268 2739  35
2733 2739 2742  35
2743 1264 2736  35
2743 1278 1279  35
2742 1281 1282  35
2735 2744 2745  35
1267 2746 1268  35
2745 2732 2735  35
2746 2742 2739  35
2746 1267 2745  35
2739 2733 2749  35
2747 85 1053  35
1041 2734 1042  35
2734 1045 1044  35
2747 1053 1052  35
86 2734 1041  35
1281 2772 1282  36
1280 2778 2752  36
573 64 572  36
1291 2765 1290  36
2764 2774 2753  36
1294 2784 1293  36
2752 2778 2756  36
2769 1291 1292  36
84 2759 1294  36
1292 2787 2769  36
2757 1278 1277  36
125 2773 2755  36
2790 2792 2774  36
1289 2753 1288  36
2771 2797 2782  36
1275 2770 1276  36
125 2767 1273  36
68 2777 576  36
124 123 1284  36
575 2777 2766  36
577 68 576  36
68 29 69  36
29 68 577  36
1296 2781 2773  36
2794 2796 2767  36
2781 1296 64  36
2773 125 1296  36
1293 2787 1292  36
2767 125 2755  36
28 64 65  36
64 28 572  36
122 125 1273  36
1284 2782 124  36
2789 2792 2768  36
2781 2763 2773  36
2796 2794 2751  36
1286 2789 2775  36
1278 2778 1279  36
2795 2790 2762  36
2772 2752 2760  36
1038 2780 1039  36
1038 2754 2750  36
2754 1038 1037  36
85 2754 1037  36
1283 2788 2754  36
1291 2769 2765  36
1275 1274 2751  36
1285 2775 2761  36
2787 2758 2786  36
2752 1281 1280  36
1276 2770 2757  36
2753 1287 1288  36
2754 85 1283  36
2788 2772 2750  36
1295 2797 2777  36
2791 2751 2776  36
1290 2764 1289  36
2752 2772 1281  36
1277 1276 2757  36
2789 1286 1287  36
1039 2759 1040  36
2780 2786 2758  36
2759 84 1040  36
2759 1039 2758  36
2758 2787 2784  36
2760 2752 2756  36
2791 2770 2751  36
2761 1284 1285  36
2764 1290 2765  36
1278 2795 2778  36
2797 2771 2763  36
2777 2763 2766  36
2753 1289 2764  36
2779 2795 2762  36
2760 2785 2793  36
2764 2783 2762  36
574 2781 573  36
574 575 2766  36
2751 2794 2776  36
1273 2796 1274  36
2762 2790 2774  36
2770 2790 2757  36
2786 2793 2787  36
2785 2760 2756  36
2770 1275 2751  36
2770 2791 2768  36
2755 2763 2771  36
2782 2797 124  36
2772 2786 2750  36
2772 2788 1282  36
2763 2781 2766  36
2763 2755 2773  36
2792 2790 2768  36
2774 2764 2762  36
2761 2791 2776  36
2775 1285 1286  36
2771 2794 2755  36
2771 2761 2776  36
2777 575 576  36
2777 68 1295  36
2778 2779 2756  36
2778 1280 1279  36
2783 2764 2765  36
2779 2785 2756  36
2758 1039 2780  36
2780 1038 2750  36
2781 64 573  36
2781 574 2766  36
2782 1284 2761  36
2761 2771 2782  36
2765 2779 2783  36
2779 2762 2783  36
2784 1294 2759  36
2759 2758 2784  36
2785 2779 2765  36
2765 2769 2785  36
2786 2780 2750  36
2786 2772 2760  36
2769 2793 2785  36
2787 1293 2784  36
2750 2754 2788  36
2788 1283 1282  36
2789 2791 2775  36
2789 1287 2753  36
2790 2795 2757  36
2790 2770 2768  36
2791 2761 2775  36
2791 2789 2768  36
2792 2789 2753  36
2753 2774 2792  36
2793 2769 2787  36
2793 2786 2760  36
2767 2755 2794  36
2794 2771 2776  36
2795 2779 2778  36
2795 1278 2757  36
2751 1274 2796  36
2796 1273 2767  36
2763 2777 2797  36
2797 1295 124  36
579 958 957  37
581 958 580  37
579 956 578  37
582 960 581  37
29 956 69  37
958 579 580  37
956 29 578  37
959 581 960  37
579 957 956  37
960 582 961  37
581 959 958  37
963 584 585  37
584 962 961  37
73 585 30  37
585 73 963  37
584 963 962  37
584 961 583  37
961 582 583  37
2809 1034 1033  38
2809 1036 1035  38
1036 1014 76  38
1007 2808 2807  38
1291 2810 2801  38
1285 2803 1286  38
1012 2806 2800  38
1290 2810 1291  38
2799 2802 1009  38
1024 2811 1025  38
1292 2801 2798  38
2810 2800 2801  38
2811 1030 1029  38
1294 1024 84  38
2811 2809 1030  38
1026 2811 1027  38
2812 1293 2813  38
2813 2798 2806  38
2806 1012 1013  38
1288 2802 1289  38
2808 1287 2807  38
1030 2809 1031  38
1031 2809 1032  38
2809 2811 2812  38
2811 1028 1027  38
2809 1035 1034  38
2812 2804 2809  38
2805 1285 1284  38
1297 2805 1284  38
2798 2801 2800  38
1010 2810 2799  38
79 1004 1297  38
1287 2808 1288  38
1285 2805 2803  38
2802 2799 1289  38
1286 2807 1287  38
1006 2807 2803  38
1297 1284 123  38
2798 2813 1293  38
1293 1292 2798  38
1290 1289 2799  38
2799 1009 1010  38
1011 1012 2800  38
1293 2812 1294  38
2800 2810 1011  38
2801 1292 1291  38
2802 2808 1008  38
1008 1009 2802  38
1005 2805 1004  38
1005 1006 2803  38
1013 2804 2806  38
2811 1029 1028  38
2805 1297 1004  38
2805 1005 2803  38
2804 1013 1014  38
2806 2798 2800  38
2807 1006 1007  38
2807 1286 2803  38
2808 1007 1008  38
2808 2802 1288  38
2809 1033 1032  38
2804 2812 2813  38
2810 1290 2799  38
2810 1010 1011  38
1025 2811 1026  38
2813 2806 2804  38
1024 1294 2811  38
1294 2812 2811  38
1014 2809 2804  38
1014 1036 2809  38
45 126 107  39
127 44 77  39
44 1298 798  39
45 1298 126  39
1298 45 798  39
1298 44 127  39
105 1299 1247  40
1299 105 129  40
1299 118 1247  40
129 105 106  40
118 1299 128  40
118 128 121  40
1300 119 131  41
1300 1272 119  41
130 122 1300  41
122 130 125  41
131 119 120  41
1272 1300 122  41
132 79 1301  42
1297 1301 79  42
1301 123 133  42
79 132 78  42
123 1301 1297  42
133 123 124  42
1302 1231 49  43
1231 1302 1303  43
1302 49 48  43
107 1303 126  43
1303 107 1231  43
1298 2817 2816  44
2818 2816 2817  44
2814 815 814  44
2816 2818 2815  44
808 2815 809  44
810 2815 811  44
812 2818 2814  44
809 2815 810  44
815 1302 48  44
1304 2816 2815  44
2814 814 813  44
1303 1298 126  44
1302 815 2814  44
1298 1305 127  44
2814 813 812  44
2814 2817 1302  44
811 2818 812  44
1304 808 47  44
2816 1304 1305  44
1305 1298 2816  44
2817 1298 1303  44
1303 1302 2817  44
2817 2814 2818  44
2818 811 2815  44
808 1304 2815  44
46 1304 47  45
1304 46 1002  45
1002 1305 1304  45
1305 1002 77  45
1305 77 127  45
1271 1306 1307  46
121 1307 128  46
1307 121 1271  46
1306 1271 56  46
56 55 1306  46
2823 2820 1308  47
1299 1309 129  47
2820 853 852  47
850 2820 851  47
1306 2821 1307  47
853 2820 2819  47
854 2822 855  47
856 1306 55  47
2821 2819 2823  47
1299 2823 1309  47
2822 2821 1306  47
1307 1299 128  47
1306 856 2822  47
853 2822 854  47
2820 2823 2819  47
2820 852 851  47
1308 850 54  47
1299 1307 2821  47
2821 2822 2819  47
2822 856 855  47
2822 853 2819  47
2823 1308 1309  47
2823 1299 2821  47
850 1308 2820  47
1230 1308 1309  48
106 1309 129  48
1309 106 1230  48
1308 1230 52  48
52 54 1308  48
64 1310 63  49
1310 64 1296  49
1296 1311 1310  49
1311 1296 125  49
1311 125 130  49
2827 2824 1310  50
2824 2827 2826  50
62 2825 899  50
2826 2825 2824  50
131 1300 1313  50
1300 2824 1313  50
2825 62 1312  50
1310 2824 1311  50
900 2825 901  50
1311 1300 130  50
899 2825 900  50
2826 901 2825  50
906 1310 63  50
2827 906 905  50
1312 1313 2824  50
2824 1300 1311  50
1312 2824 2825  50
901 2826 902  50
903 2827 904  50
903 902 2826  50
2827 905 904  50
2827 903 2826  50
1310 906 2827  50
1270 1312 1313  51
120 1313 131  51
1313 120 1270  51
1312 1270 60  51
60 62 1312  51
72 1314 71  52
1314 72 1003  52
1003 1315 1314  52
1315 1003 78  52
1315 78 132  52
953 2830 954  53
2830 2829 1314  53
1314 2829 1315  53
951 2831 2828  53
2831 951 950  53
948 2831 949  53
955 1314 71  53
952 2830 953  53
2832 1316 1317  53
2829 2830 2828  53
948 1316 2831  53
1315 1301 132  53
133 1301 1317  53
2832 2831 1316  53
2828 952 951  53
2831 950 949  53
1301 2832 1317  53
1301 1315 2829  53
2830 955 954  53
2830 952 2828  53
1316 948 70  53
2831 2832 2828  53
2832 1301 2829  53
2829 2828 2832  53
1314 955 2830  53
68 1316 70  54
1316 68 1295  54
1295 1317 1316  54
1317 1295 124  54
1317 124 133  54
1332 1380 1381  55
1325 138 1353  55
1376 1337 1338  55
1383 1329 1330  55
1377 1336 1337  55
1386 1327 1385  55
135 1358 1359  55
1355 1322 1323  55
1323 1354 1355  55
1322 1355 1356  55
1320 1357 1358  55
1322 1356 1321  55
1358 135 1320  55
1359 2833 135  55
1357 1320 1321  55
1321 1356 1357  55
109 1352 108  55
1348 1366 1367  55
134 135 1319  55
1352 2834 1351  55
1351 2834 136  55
1348 1367 1347  55
1371 1342 1343  55
1349 1366 1348  55
1364 136 1363  55
1349 1365 1366  55
2834 1319 135  55
1361 2834 2833  55
1365 1349 1350  55
1365 1350 1364  55
136 1364 1350  55
1363 136 1362  55
137 1351 136  55
1362 2834 1361  55
139 1345 1369  55
1368 1346 1347  55
1347 1367 1368  55
1370 1343 1344  55
1343 1370 1371  55
1344 139 1370  55
1369 1346 1368  55
1373 1341 1372  55
1345 139 1344  55
1373 1340 1341  55
1340 1374 1339  55
1342 1372 1341  55
1338 1375 1376  55
1372 1342 1371  55
1337 1376 1377  55
1378 1335 1336  55
1375 1338 1339  55
1333 1379 1380  55
1375 1339 1374  55
1374 1340 1373  55
1380 1332 1333  55
1379 1333 1334  55
1378 1336 1377  55
1335 1378 1334  55
1327 1386 1326  55
1334 1378 1379  55
1331 1381 1382  55
1381 1331 1332  55
1346 1369 1345  55
1353 1324 1325  55
1354 1323 1324  55
1324 1353 1354  55
138 1325 1326  55
1326 1386 138  55
1328 1385 1327  55
1328 1384 1385  55
1329 1384 1328  55
1331 1382 1330  55
1329 1383 1384  55
1330 1382 1383  55
2833 1359 1360  55
1360 1361 2833  55
135 2833 2834  55
2834 1362 136  55
2834 1318 1319  55
1352 109 1318  55
1352 1318 2834  55
2839 1397 2837  56
1366 2835 1367  56
1367 2835 1368  56
1390 2838 2836  56
2841 2835 1366  56
2836 1355 1354  56
2839 2840 1394  56
2841 1399 1400  56
1362 2837 1363  56
2841 1364 2837  56
1392 2838 1391  56
1399 2841 2837  56
2835 1404 1405  56
1364 2841 1365  56
1404 2835 1403  56
2835 2841 1401  56
1405 1404 141  56
2835 1401 1402  56
1388 1387 140  56
1399 2837 1398  56
1397 2839 1396  56
1392 2840 2838  56
2839 1394 1395  56
2840 1357 2838  56
1369 2835 1405  56
1388 2836 1387  56
1369 1405 139  56
2836 1353 1387  56
2840 1359 1358  56
2839 1395 1396  56
138 1387 1353  56
1362 2839 2837  56
2840 2839 1359  56
1359 2839 1360  56
2838 1355 2836  56
1357 2840 1358  56
1353 2836 1354  56
1355 2838 1356  56
1402 1403 2835  56
2835 1369 1368  56
2836 1388 1389  56
1389 1390 2836  56
1397 1398 2837  56
2837 1364 1363  56
1357 1356 2838  56
2838 1390 1391  56
2839 1362 1361  56
1361 1360 2839  56
2840 1392 1393  56
1393 1394 2840  56
1400 1401 2841  56
2841 1366 1365  56
1380 2845 2842  57
1414 2845 2843  57
1416 2845 1415  57
1380 2842 1381  57
1384 2849 1385  57
2848 1418 1419  57
2849 1422 1387  57
1382 2848 1383  57
1376 2844 2843  57
2849 1420 1421  57
1386 2849 1387  57
1418 2848 2842  57
1418 2842 1417  57
1422 2849 1421  57
1420 2848 1419  57
1387 1422 140  57
1420 2849 2848  57
2843 1378 1377  57
2845 1416 2842  57
1387 138 1386  57
1410 2846 1409  57
1414 2843 1413  57
2846 1410 2844  57
2844 1376 1375  57
1408 2847 1407  57
1406 1405 141  57
2847 1408 2846  57
1406 2847 1405  57
2847 1372 1371  57
1378 2845 1379  57
139 1405 1370  57
2845 1414 1415  57
2844 1412 2843  57
1376 2843 1377  57
2846 1374 1373  57
1374 2846 2844  57
1370 2847 1371  57
1372 2847 2846  57
1416 1417 2842  57
2842 1382 1381  57
1412 2844 1411  57
1412 1413 2843  57
1375 1374 2844  57
2844 1410 1411  57
2845 1380 1379  57
2845 1378 2843  57
1373 1372 2846  57
2846 1408 1409  57
2847 1370 1405  57
2847 1406 1407  57
2848 1384 1383  57
2848 1382 2842  57
2849 1386 1385  57
2849 1384 2848  57
1453 1402 1452  58
1413 1442 1412  58
1432 1421 1422  58
1433 1420 1421  58
1416 1437 1438  58
1414 1440 1441  58
1417 1436 1437  58
1443 1411 1412  58
1427 1390 1391  58
1427 1391 1426  58
1428 1389 1390  58
1426 1392 1425  58
1390 1427 1428  58
144 1393 1394  58
1392 1426 1391  58
2850 1456 1457  58
1394 2851 144  58
1397 2850 1396  58
1423 2850 143  58
145 144 1457  58
1424 1456 2850  58
1452 1403 1451  58
143 142 1423  58
1454 1401 1453  58
1402 1453 1401  58
1403 1452 1402  58
1409 1446 1408  58
1455 1399 1400  58
141 1450 1404  58
1454 1400 1401  58
1396 2851 1395  58
2851 1396 2850  58
1400 1454 1455  58
1399 1455 143  58
1399 143 1398  58
143 1397 1398  58
1445 1410 1444  58
1448 1407 1447  58
1450 141 1449  58
1406 1448 1449  58
1406 1449 141  58
1404 1450 1451  58
1407 1448 1406  58
1451 1403 1404  58
1408 1446 1447  58
1447 1407 1408  58
1446 1409 1445  58
1393 144 1425  58
1425 1392 1393  58
1440 1414 1439  58
1412 1442 1443  58
1411 1443 1444  58
1442 1413 1441  58
1411 1444 1410  58
1410 1445 1409  58
1414 1441 1413  58
1438 1415 1416  58
1436 1417 1418  58
1420 1433 1434  58
1437 1416 1417  58
1415 1438 1439  58
1439 1414 1415  58
1418 1435 1436  58
1431 1422 140  58
1431 140 1430  58
1433 1421 1432  58
1388 1429 1430  58
1388 1430 140  58
1422 1431 1432  58
1389 1428 1429  58
1429 1388 1389  58
1435 1418 1419  58
1434 1419 1420  58
1419 1434 1435  58
2850 1397 143  58
2850 1457 144  58
2850 144 2851  58
2851 1394 1395  58
1424 2850 1423  58
1456 110 111  58
110 1456 1424  58
1458 2852 1459  59
2852 1352 1232  59
1351 1458 137  59
1423 2852 1424  59
2852 1458 1351  59
2852 1351 1352  59
1423 142 1460  59
1460 2852 1423  59
110 1424 1232  59
1232 1352 108  59
1232 1424 2852  59
2852 1460 1459  59
1458 1461 1459  60
136 1458 137  60
1461 1458 136  60
1459 1462 1460  60
1460 1463 142  60
1462 1459 1461  60
1463 1460 1462  60
142 1463 143  60
1325 2854 1324  61
1320 1465 1464  61
1323 2854 1322  61
1439 1334 1335  61
1436 1331 1332  61
1439 1335 1440  61
1337 1441 1336  61
1333 1437 1332  61
2853 1345 1346  61
1441 1337 1442  61
1436 1332 1437  61
1439 1333 1334  61
1450 1344 1345  61
1445 1339 1340  61
1447 1341 1342  61
2855 1426 1425  61
1465 1320 2855  61
135 1320 1464  61
2854 1428 1427  61
1322 2855 1321  61
1329 1434 1328  61
1324 2854 1323  61
1341 1445 1340  61
144 1466 1425  61
1328 1432 1327  61
1436 1330 1331  61
1326 1431 1430  61
1330 1435 1329  61
1430 1325 1326  61
1431 1326 1327  61
1431 1327 1432  61
1425 1465 2855  61
1445 1341 1446  61
2854 1325 1430  61
2854 1429 1428  61
2854 1430 1429  61
2855 1427 1426  61
1343 1447 1342  61
1447 1343 1448  61
1435 1330 1436  61
1449 1343 1344  61
1437 1333 1438  61
1434 1329 1435  61
1333 1439 1438  61
1328 1434 1433  61
1432 1328 1433  61
1345 2853 1450  61
1337 1443 1442  61
1339 1445 1444  61
1335 1441 1440  61
1339 1444 1443  61
1339 1443 1338  61
1451 2853 1452  61
1341 1447 1446  61
2853 1346 1347  61
1449 1344 1450  61
1450 2853 1451  61
1343 1449 1448  61
1455 1463 143  61
1462 1455 2856  61
1453 2856 1454  61
1452 2853 1453  61
2856 1349 1350  61
1455 1462 1463  61
2856 1348 1349  61
1441 1335 1336  61
1443 1337 1338  61
1454 2856 1455  61
1350 136 1461  61
1350 1462 2856  61
2853 1347 1348  61
1348 2856 2853  61
1427 2855 2854  61
1321 2855 1320  61
2855 1322 2854  61
1465 1425 1466  61
2856 1453 2853  61
1462 1350 1461  61
135 1467 1464  62
1465 1467 1468  62
135 134 1467  62
1465 1468 1466  62
1467 1465 1464  62
1469 1466 1468  62
1466 1469 144  62
144 1469 145  62
2857 1319 1318  63
109 2857 1318  63
2857 109 111  63
1469 1457 145  63
1469 2857 1457  63
1457 2857 1456  63
1467 2857 1468  63
1467 134 1319  63
2857 1467 1319  63
2857 111 1456  63
2857 1469 1468  63
1517 1501 1502  64
147 1510 1511  64
1484 1532 1533  64
1529 1488 1489  64
1538 1479 1537  64
1535 1481 1482  64
147 1511 1512  64
1507 1474 1475  64
1475 1506 1507  64
1474 1507 1508  64
1473 1509 1472  64
1474 1508 1473  64
1510 147 1472  64
1509 1473 1508  64
1503 2858 148  64
2858 1470 1471  64
146 147 1471  64
1504 2858 1503  64
1472 1509 1510  64
1500 1519 1499  64
1522 1495 1496  64
1501 1518 1500  64
1519 1500 1518  64
1518 1501 1517  64
2859 1515 148  64
1512 2858 147  64
148 1516 1502  64
1513 2859 2858  64
1516 148 1515  64
1517 1502 1516  64
1515 2859 1514  64
149 1503 148  64
1498 1520 1521  64
1520 1498 1499  64
1499 1519 1520  64
1496 151 1522  64
1521 1497 1498  64
1495 1522 1523  64
151 1497 1521  64
1523 1494 1495  64
1525 1493 1524  64
1497 151 1496  64
1525 1492 1493  64
1492 1526 1491  64
1494 1524 1493  64
1490 1527 1528  64
1524 1494 1523  64
1489 1528 1529  64
1528 1489 1490  64
1530 1487 1488  64
1527 1490 1491  64
1527 1491 1526  64
1485 1531 1532  64
1526 1492 1525  64
1532 1484 1485  64
1531 1485 1486  64
1530 1488 1529  64
1487 1530 1486  64
1486 1530 1531  64
1483 1533 1534  64
1533 1483 1484  64
1477 150 1505  64
1479 1538 1478  64
1505 1476 1477  64
1506 1475 1476  64
1476 1505 1506  64
150 1477 1478  64
1478 1538 150  64
1480 1537 1479  64
1480 1536 1537  64
1481 1536 1480  64
1483 1534 1482  64
1481 1535 1536  64
1482 1534 1535  64
113 1504 112  64
2858 1512 1513  64
148 2858 2859  64
2859 1513 1514  64
2858 1471 147  64
1504 113 1470  64
1504 1470 2858  64
1514 2863 1515  65
1549 2862 1548  65
1516 2865 1517  65
1551 2863 1550  65
2866 1518 2865  65
1518 2866 1519  65
2866 1556 1557  65
2865 1516 2863  65
2864 1511 1510  65
1519 2866 1520  65
1521 2866 1557  65
2865 1551 1552  65
1551 2865 2863  65
1556 2866 1555  65
1553 2866 2865  65
1557 1556 153  65
2866 1553 1554  65
2862 2864 1546  65
2863 2862 1549  65
1557 151 1521  65
1544 2864 2861  65
2862 1546 1547  65
1544 2861 1543  65
2864 1509 2861  65
1542 2861 2860  65
1540 1539 152  65
2860 1540 1541  65
1540 2860 1539  65
2860 1505 1539  65
2862 1547 1548  65
150 1539 1505  65
2862 2863 1514  65
2864 2862 1511  65
1511 2862 1512  65
2861 1507 2860  65
2861 1542 1543  65
1505 2860 1506  65
1507 2861 1508  65
1541 1542 2860  65
2860 1507 1506  65
1509 2864 1510  65
1509 1508 2861  65
2862 1514 1513  65
1513 1512 2862  65
1549 1550 2863  65
2863 1516 1515  65
2864 1544 1545  65
1545 1546 2864  65
1552 1553 2865  65
2865 1518 1517  65
1554 1555 2866  65
2866 1521 1520  65
1532 2870 2868  66
1566 2872 1565  66
1568 2870 1567  66
1532 2868 1533  66
1536 2873 1537  66
2871 1570 1571  66
2873 1574 1539  66
1534 2871 1535  66
1528 2872 1529  66
2873 1536 2871  66
1538 2873 1539  66
1570 2871 2868  66
1570 2868 1569  66
1574 2873 1573  66
1572 2871 1571  66
1539 1574 152  66
1572 2873 2871  66
1564 2872 2867  66
2870 1568 2868  66
1539 150 1538  66
1562 2874 1561  66
2872 1566 2870  66
2874 1562 2867  66
2867 1562 1563  66
1560 2874 2869  66
1558 1557 153  66
1560 2869 1559  66
1558 2869 1557  66
2869 1524 1523  66
1530 2872 2870  66
151 1557 1522  66
1530 2870 1531  66
1564 2867 1563  66
2872 1530 1529  66
2874 1526 1525  66
1526 2874 2867  66
1522 2869 1523  66
1524 2874 1525  66
2867 1528 1527  66
1527 1526 2867  66
1568 1569 2868  66
2868 1534 1533  66
2869 1522 1557  66
2869 1558 1559  66
1566 1567 2870  66
2870 1532 1531  66
2871 1536 1535  66
2871 1534 2868  66
2872 1528 2867  66
2872 1564 1565  66
2873 1572 1573  66
2873 1538 1537  66
2874 1524 2869  66
2874 1560 1561  66
1553 1605 1606  67
1605 1554 1604  67
2878 1234 1608  67
1543 1579 1542  67
1560 1598 1599  67
1554 1605 1553  67
1588 1569 1570  67
1599 1559 1560  67
1578 1544 1577  67
1579 1543 1578  67
2875 1546 1547  67
1580 1542 1579  67
1580 1541 1542  67
2877 155 1575  67
1582 152 1540  67
156 1545 1546  67
1544 1578 1543  67
155 2877 2876  67
1234 2878 2877  67
1546 2875 156  67
1545 156 1577  67
1577 1544 1545  67
115 1608 1234  67
157 156 1609  67
2876 1549 155  67
114 2877 1576  67
1606 1552 1553  67
155 1551 1607  67
153 1602 1556  67
1604 1555 1603  67
1555 1604 1554  67
1552 1606 1607  67
1551 155 1550  67
1550 155 1549  67
2875 1547 1548  67
1552 1607 1551  67
154 1575 155  67
1548 2876 2875  67
1556 1602 1603  67
1603 1555 1556  67
1602 153 1601  67
1601 1558 1600  67
1598 1561 1597  67
1558 1601 153  67
1559 1599 1600  67
1600 1558 1559  67
1597 1562 1596  67
1561 1598 1560  67
1595 1564 1594  67
1563 1596 1562  67
1596 1563 1595  67
1593 1565 1566  67
1566 1592 1593  67
1562 1597 1561  67
1564 1595 1563  67
1565 1593 1594  67
1594 1564 1565  67
1591 1567 1590  67
1569 1588 1589  67
1567 1591 1566  67
1592 1566 1591  67
1568 1589 1590  67
1590 1567 1568  67
1589 1568 1569  67
1587 1570 1571  67
1574 1583 1584  67
1582 1540 1581  67
1583 1574 152  67
1585 1573 1584  67
1541 1580 1581  67
1584 1573 1574  67
1585 1572 1573  67
1541 1581 1540  67
152 1582 1583  67
1587 1571 1586  67
1586 1571 1572  67
1570 1587 1588  67
1572 1585 1586  67
2876 1548 1549  67
156 2878 1609  67
2877 1575 1576  67
2875 2878 156  67
2877 114 1234  67
2876 2877 2878  67
2878 1608 1609  67
2878 2875 2876  67
149 1503 1610  68
2879 1610 1503  68
1610 2879 1611  68
1575 2879 1576  68
2879 1504 1233  68
1612 2879 1575  68
1575 154 1612  68
2879 1503 1504  68
114 1576 1233  68
1233 1504 112  68
1233 1576 2879  68
2879 1612 1611  68
1613 1611 1610  69
1613 1610 149  69
1614 1612 1611  69
1613 149 148  69
1611 1613 1614  69
155 1612 1615  69
1612 155 154  69
1612 1614 1615  69
1600 1495 1496  70
1496 1602 1601  70
1493 1597 1492  70
1487 1592 1486  70
1496 1601 1600  70
1577 1617 2882  70
1493 1599 1598  70
2880 1497 1498  70
1606 2883 1607  70
1487 1593 1592  70
1495 1599 1494  70
1602 1496 1497  70
1597 1491 1492  70
1599 1493 1494  70
1617 1472 2882  70
1472 1617 1616  70
2881 1580 1579  70
1616 147 1472  70
1475 2881 1474  70
1476 2881 1475  70
2881 1582 1581  70
1477 2881 1476  70
1480 1584 1479  70
1584 1480 1585  70
1588 1484 1589  70
1484 1588 1483  70
1489 1593 1488  70
1482 1586 1481  70
1478 1582 1477  70
1479 1583 1478  70
1586 1480 1481  70
1497 2880 1602  70
1588 1482 1483  70
1617 1577 1618  70
156 1618 1577  70
1486 1590 1485  70
1474 2882 1473  70
2881 1581 1580  70
2882 1579 1578  70
1593 1489 1594  70
1582 2881 1477  70
1582 1478 1583  70
1583 1479 1584  70
1489 1595 1594  70
1590 1484 1485  70
1590 1486 1591  70
1587 1482 1588  70
1586 1482 1587  70
1480 1586 1585  70
1486 1592 1591  70
1484 1590 1589  70
1596 1491 1597  70
1597 1493 1598  70
1491 1595 1490  70
1491 1596 1595  70
1603 2880 1604  70
1495 1600 1599  70
1607 1614 1615  70
1614 1607 2883  70
2880 1498 1499  70
1605 2883 1606  70
1602 2880 1603  70
155 1607 1615  70
1604 2880 1605  70
2883 1501 1502  70
1502 1614 2883  70
1593 1487 1488  70
1595 1489 1490  70
148 1613 1502  70
2883 1500 1501  70
2880 1499 1500  70
1500 2883 2880  70
1579 2882 2881  70
1473 2882 1472  70
2882 1474 2881  70
2882 1578 1577  70
2883 1605 2880  70
1614 1502 1613  70
1619 1617 1616  71
1619 1616 147  71
1620 1618 1617  71
1619 147 146  71
1617 1619 1620  71
157 1618 1621  71
1618 157 156  71
1618 1620 1621  71
1619 2884 1620  72
2884 1470 1235  72
1471 1619 146  72
1609 2884 1608  72
2884 1619 1471  72
2884 1471 1470  72
1609 157 1621  72
1621 2884 1609  72
115 1608 1235  72
1235 1470 113  72
1235 1608 2884  72
2884 1621 1620  72
633 2893 632  73
66 1625 914  73
920 2901 2896  73
2885 2890 2887  73
31 628 1624  73
916 2900 917  73
2889 916 915  73
2900 918 917  73
628 2902 1624  73
918 2901 919  73
2901 918 2900  73
2902 1625 1624  73
2897 2896 2891  73
921 2895 922  73
914 2889 915  73
2894 635 636  73
631 2893 2888  73
2894 637 2886  73
2893 2897 2891  73
921 2896 2895  73
2885 639 640  73
2885 2899 2886  73
2886 639 2885  73
2890 2903 2887  73
924 2899 2898  73
643 2892 2890  73
1625 2902 2889  73
930 2903 1623  73
930 1623 67  73
2903 928 2887  73
639 2886 638  73
638 2886 637  73
924 2898 925  73
644 2892 643  73
2899 2885 2898  73
635 2897 634  73
641 2890 2885  73
1622 644 32  73
641 2885 640  73
2890 641 642  73
926 2887 927  73
926 2898 2887  73
2894 2899 2895  73
637 2894 636  73
928 2903 929  73
928 927 2887  73
630 2902 629  73
630 631 2888  73
2889 914 1625  73
2889 2902 2888  73
642 643 2890  73
2903 2890 2892  73
2888 2900 2889  73
633 2897 2893  73
2892 644 1622  73
1622 1623 2892  73
2891 2888 2893  73
2893 631 632  73
2895 924 923  73
2896 921 920  73
923 922 2895  73
2896 2897 2894  73
2901 2900 2891  73
2896 2894 2895  73
2897 633 634  73
2897 635 2894  73
2885 2887 2898  73
2898 926 925  73
2899 924 2895  73
2899 2894 2886  73
2900 916 2889  73
2900 2888 2891  73
2891 2896 2901  73
2901 920 919  73
2902 628 629  73
2902 630 2888  73
2903 2892 1623  73
2903 930 929  73
660 2911 659  74
2906 2920 2905  74
661 2911 660  74
939 2917 2906  74
645 1622 32  74
2920 2914 2907  74
2909 933 932  74
2919 645 646  74
943 2918 2908  74
645 2919 1622  74
933 2904 934  74
651 2907 650  74
649 2913 648  74
67 1623 931  74
933 2909 2904  74
2914 2915 2907  74
931 2909 932  74
935 2914 936  74
2904 935 934  74
2909 931 1623  74
2914 2920 2917  74
2918 941 2906  74
2910 655 656  74
655 2905 654  74
945 2912 946  74
2920 651 652  74
659 2916 658  74
2916 657 658  74
1625 2911 1624  74
947 2912 1625  74
66 947 1625  74
2912 2911 1625  74
2909 2919 2915  74
651 2920 2907  74
657 2916 2910  74
655 2910 2905  74
2905 653 654  74
653 2920 652  74
1624 661 31  74
2905 2918 2906  74
2913 649 2907  74
648 2913 647  74
2918 943 942  74
941 2918 942  74
2906 941 940  74
940 939 2906  74
2914 935 2904  74
2907 649 650  74
2908 945 944  74
944 943 2908  74
1623 2919 2909  74
2907 2915 2913  74
2910 656 657  74
2916 2912 2908  74
2911 661 1624  74
2912 2916 2911  74
2912 947 946  74
2912 945 2908  74
2915 2914 2904  74
647 2919 646  74
937 2917 938  74
937 936 2914  74
2904 2909 2915  74
2919 1623 1622  74
2916 659 2911  74
2916 2908 2910  74
2917 939 938  74
2917 937 2914  74
2918 2905 2910  74
2910 2908 2918  74
2919 647 2913  74
2913 2915 2919  74
2920 653 2905  74
2920 2906 2917  74
2934 666 667  75
2938 2934 2935  75
1627 2922 2921  75
2937 2934 2924  75
33 662 1628  75
866 2930 867  75
2934 2938 2933  75
868 2930 869  75
662 2936 1628  75
2926 2938 2930  75
2926 865 1629  75
58 1629 865  75
867 2930 868  75
872 2937 2923  75
865 2926 866  75
2924 2928 2923  75
664 2936 663  75
872 2923 873  75
666 2934 2933  75
2934 2937 2935  75
673 2931 672  75
879 2927 2922  75
2939 670 671  75
676 2925 675  75
2923 875 874  75
675 2929 674  75
2929 675 2925  75
881 2922 1627  75
881 1627 59  75
1628 2936 2926  75
2932 2931 2929  75
2923 2932 875  75
2932 2929 2927  75
678 2921 677  75
875 2932 876  75
670 2939 2924  75
2922 2927 2925  75
1626 678 34  75
877 2932 2927  75
677 2925 676  75
2921 678 1626  75
1626 1627 2921  75
2922 881 880  75
880 879 2922  75
874 873 2923  75
670 2924 669  75
668 2934 667  75
668 669 2924  75
2925 677 2921  75
2921 2922 2925  75
2926 1629 1628  75
2936 2938 2926  75
2927 879 878  75
878 877 2927  75
2939 672 2931  75
672 2939 671  75
2929 673 674  75
2929 2925 2927  75
2930 866 2926  75
2930 2935 869  75
2931 673 2929  75
2931 2932 2928  75
2932 877 876  75
2932 2923 2928  75
2933 664 665  75
665 666 2933  75
2934 668 2924  75
2937 872 871  75
2935 871 870  75
870 869 2935  75
2936 662 663  75
2936 664 2933  75
2924 2923 2937  75
2937 871 2935  75
2935 2930 2938  75
2938 2936 2933  75
2939 2931 2928  75
2928 2924 2939  75
890 2956 2940  76
896 2953 897  76
2943 2944 2948  76
2954 2947 2940  76
691 2944 690  76
679 1626 34  76
2951 2952 2942  76
2942 885 884  76
2947 894 893  76
679 2949 1626  76
2942 886 885  76
2946 685 2945  76
886 2941 887  76
59 1627 882  76
2941 888 887  76
2949 679 680  76
2956 890 889  76
882 2951 883  76
2952 2951 2949  76
884 2951 2942  76
886 2942 2941  76
888 2956 889  76
2951 882 1627  76
2954 2940 2945  76
2940 892 891  76
2955 1629 2953  76
691 2948 2944  76
2955 2953 2948  76
898 2953 1629  76
898 1629 58  76
1629 2955 1628  76
2948 691 692  76
695 2955 694  76
685 2946 684  76
894 2947 2943  76
689 2954 688  76
892 2947 893  76
687 2954 2945  76
693 2955 2948  76
1628 695 33  76
891 890 2940  76
687 2945 686  76
681 2950 2949  76
2946 2945 2941  76
2946 2952 2950  76
2941 2952 2946  76
2943 896 895  76
895 894 2943  76
2947 2954 2944  76
2944 689 690  76
2945 2956 2941  76
2945 685 686  76
683 2950 682  76
683 684 2946  76
2944 2943 2947  76
2947 892 2940  76
2948 692 693  76
2948 2953 2943  76
2949 1627 1626  76
2949 680 681  76
2950 681 682  76
2950 683 2946  76
2951 884 883  76
2951 1627 2949  76
2949 2950 2952  76
2952 2941 2942  76
2953 898 897  76
2953 896 2943  76
2954 687 688  76
2954 689 2944  76
2955 693 694  76
2955 695 1628  76
2956 888 2941  76
2956 2945 2940  76
2961 826 825  77
2962 826 2961  77
2958 707 708  77
702 2965 701  77
707 2966 706  77
696 1632 35  77
817 2970 818  77
820 2971 821  77
2969 2957 2967  77
696 2959 1632  77
698 2963 2959  77
2965 700 701  77
700 2965 2963  77
50 1633 816  77
2968 2959 2963  77
2959 696 697  77
823 2975 2961  77
816 2964 817  77
2963 698 699  77
2970 820 819  77
2971 2970 2968  77
2965 2975 2971  77
2970 2971 820  77
2967 706 2966  77
826 2962 827  77
711 2974 2973  77
2960 2973 2972  77
711 2973 710  77
832 2972 1631  77
832 1631 51  77
2972 830 2960  77
709 2973 2958  77
712 2974 711  77
823 2961 824  77
709 2958 708  77
2962 828 827  77
2962 2969 2966  77
704 2967 2957  77
2973 2960 2958  77
1630 712 36  77
2957 702 703  77
703 704 2957  77
828 2960 829  77
828 2962 2960  77
1632 2964 1633  77
2959 697 698  77
830 2972 831  77
830 829 2960  77
825 824 2961  77
2957 2961 2975  77
706 2967 705  77
2958 2960 2962  77
2959 2968 2964  77
2963 699 700  77
2964 816 1633  77
2964 1632 2959  77
2965 702 2957  77
2975 823 822  77
2966 707 2958  77
2958 2962 2966  77
2957 2969 2961  77
2967 704 705  77
2970 817 2964  77
2968 2963 2965  77
2967 2966 2969  77
2969 2962 2961  77
819 818 2970  77
2970 2964 2968  77
2968 2965 2971  77
2971 822 821  77
1631 2974 1630  77
2972 832 831  77
2973 709 710  77
2972 2973 2974  77
2974 712 1630  77
2974 1631 2972  77
2975 822 2971  77
2975 2965 2957  77
841 2990 2979  78
1633 2988 1632  78
2976 2989 2979  78
2985 2990 2977  78
725 2986 724  78
713 1630 36  78
2980 833 1631  78
2981 2980 2978  78
845 2989 2984  78
713 2978 1630  78
2992 835 2980  78
2991 2977 2981  78
837 2977 838  78
51 1631 833  78
2977 839 838  78
2978 713 714  78
2990 841 840  78
833 2980 834  78
715 2983 2978  78
835 2992 836  78
837 2992 2977  78
839 2990 840  78
2981 2977 2992  78
723 2976 722  78
2979 2985 2976  78
2988 1633 2987  78
2984 2986 2982  78
2988 2987 2982  78
849 2987 1633  78
849 1633 50  78
2982 2987 2984  78
2982 725 726  78
729 2988 728  78
719 2991 718  78
2986 2984 2989  78
723 2986 2976  78
2989 845 844  78
721 2985 720  78
727 2988 2982  78
1632 729 35  78
843 2989 844  78
2976 721 722  78
717 2983 716  78
717 2991 2983  78
2978 1631 1630  78
2978 714 715  78
2979 843 842  78
842 841 2979  78
835 834 2980  78
2980 1631 2978  78
2983 2991 2981  78
2977 2991 2985  78
726 727 2982  78
847 2987 848  78
2981 2978 2983  78
2983 715 716  78
2984 847 846  78
846 845 2984  78
2985 719 720  78
2985 721 2976  78
2986 723 724  78
2986 725 2982  78
2987 849 848  78
2987 847 2984  78
2988 727 728  78
2988 729 1632  78
2989 843 2979  78
2989 2976 2986  78
2990 839 2977  78
2990 2985 2979  78
2991 717 718  78
2991 719 2985  78
2992 837 836  78
2992 2980 2981  78
745 2996 744  79
971 3009 2998  79
746 2999 745  79
971 2998 972  79
730 1636 37  79
3001 3002 3006  79
2994 964 1637  79
3004 3006 968  79
739 2997 738  79
730 3007 1636  79
3007 732 3005  79
3002 734 735  79
3009 971 970  79
74 1637 964  79
965 3004 966  79
734 3005 733  79
964 2994 965  79
968 3006 969  79
732 3007 731  79
3004 968 967  79
2998 3011 3008  79
743 3003 742  79
741 3003 2995  79
2997 740 2995  79
2996 743 744  79
2998 974 973  79
745 2999 2996  79
3003 741 742  79
2996 3010 3000  79
980 3010 1635  79
75 980 1635  79
3010 2996 2999  79
1636 3007 2994  79
736 3011 3002  79
978 3010 979  79
974 2993 975  79
974 2998 2993  79
3011 738 2997  79
1634 746 38  79
976 3000 977  79
740 2997 739  79
2993 976 975  79
2994 1637 1636  79
3007 3005 3001  79
740 741 2995  79
2993 3003 3000  79
3010 978 3000  79
3000 978 977  79
2993 3008 2995  79
738 3011 737  79
2998 973 972  79
3002 3011 3009  79
2999 746 1634  79
1634 1635 2999  79
3000 976 2993  79
3003 743 2996  79
3004 965 2994  79
3005 732 733  79
3002 735 736  79
3011 2998 3009  79
2996 3000 3003  79
3003 2993 2995  79
967 966 3004  79
3004 2994 3001  79
3005 734 3002  79
3002 3001 3005  79
3006 970 969  79
3006 3004 3001  79
3001 2994 3007  79
3007 730 731  79
2997 2995 3008  79
3008 2993 2998  79
3009 970 3006  79
3006 3002 3009  79
3010 2999 1635  79
3010 980 979  79
3011 736 737  79
3011 2997 3008  79
3018 754 755  80
995 3025 996  80
3016 757 758  80
753 3027 752  80
3028 3025 3013  80
747 1634 38  80
3015 981 1635  80
3027 3014 3020  80
3012 993 992  80
747 3023 1634  80
3014 3027 3018  80
3017 3027 3020  80
985 3014 986  80
75 1635 981  80
3014 987 986  80
3015 3023 3020  80
989 3022 3021  80
981 3015 982  80
749 3023 748  80
982 3015 983  80
985 3019 3014  80
987 3022 988  80
983 3019 984  80
755 3026 3018  80
3021 991 990  80
1637 3024 1636  80
3013 993 3012  80
761 3028 760  80
997 3025 1637  80
997 1637 74  80
3025 3024 1637  80
3028 3013 3016  80
763 3024 762  80
3018 753 754  80
993 3013 994  80
3026 3021 3018  80
991 3021 3012  80
3026 3012 3021  80
762 3024 761  80
1636 763 37  80
992 991 3012  80
757 3026 756  80
759 3028 3016  80
3013 995 994  80
751 3017 750  80
751 3027 3017  80
1635 3023 3015  80
3023 747 748  80
758 759 3016  80
3016 3013 3012  80
3020 3014 3019  80
3017 749 750  80
3018 3022 3014  80
3022 3018 3021  80
3019 985 984  80
3019 983 3015  80
3019 3015 3020  80
3023 1635 1634  80
3012 3026 3016  80
3021 990 989  80
3022 989 988  80
3022 987 3014  80
3023 749 3017  80
3017 3020 3023  80
3024 763 1636  80
3025 3028 3024  80
3025 997 996  80
3025 995 3013  80
3026 755 756  80
3026 757 3016  80
3027 751 752  80
3027 753 3018  80
3028 759 760  80
3028 761 3024  80
608 459 458  81
468 597 469  81
605 460 606  81
600 466 465  81
595 472 471  81
470 595 471  81
472 595 594  81
465 601 600  81
595 470 596  81
609 457 610  81
609 458 457  81
455 612 611  81
452 613 453  81
449 616 450  81
20 593 22  81
473 594 593  81
468 599 598  81
597 468 598  81
599 468 467  81
470 597 596  81
593 20 473  81
461 605 462  81
466 599 467  81
607 460 459  81
599 466 600  81
601 464 602  81
462 603 463  81
460 605 461  81
459 608 607  81
456 610 457  81
460 607 606  81
594 473 472  81
597 470 469  81
601 465 464  81
464 603 602  81
613 452 614  81
452 615 614  81
458 609 608  81
603 462 604  81
462 605 604  81
603 464 463  81
615 452 451  81
613 454 453  81
454 613 612  81
616 451 450  81
610 456 611  81
618 448 619  81
619 447 620  81
616 449 617  81
617 448 618  81
622 443 623  81
444 622 621  81
622 444 443  81
620 445 621  81
623 443 624  81
440 625 441  81
440 627 626  81
627 440 439  81
624 441 625  81
627 439 21  81
611 456 455  81
612 455 454  81
451 616 615  81
448 617 449  81
447 619 448  81
444 621 445  81
445 620 446  81
620 447 446  81
625 440 626  81
21 439 19  81
441 624 442  81
624 443 442  81
1641 355 356  82
1641 356 1642  82
1639 353 354  82
357 1644 1643  82
1643 356 357  82
355 1640 354  82
353 1639 1638  82
5 353 1638  82
359 1645 358  82
5 1638 4  82
1646 359 16  82
1640 355 1641  82
354 1640 1639  82
1646 16 17  82
1645 359 1646  82
1644 357 358  82
358 1645 1644  82
356 1643 1642  82
1638 189 1647  83
3 1647 189  83
1639 1649 1640  83
189 1638 4  83
1639 1648 1649  83
1641 1650 1651  83
1641 1649 1650  83
1641 1651 1642  83
1638 1647 1648  83
1648 1639 1638  83
1643 1653 1644  83
1643 1651 1652  83
1643 1652 1653  83
1645 1653 1654  83
1645 1654 1655  83
1649 1641 1640  83
1645 1655 1646  83
1651 1643 1642  83
17 1655 18  83
1653 1645 1644  83
1655 17 1646  83
346 1649 345  84
1650 347 1651  84
1650 346 347  84
1652 347 348  84
344 1648 1647  84
1648 344 345  84
344 1647 1  84
348 1653 1652  84
350 1654 349  84
1 1647 3  84
1655 350 15  84
1649 346 1650  84
345 1649 1648  84
1655 15 18  84
1654 350 1655  84
1653 348 349  84
349 1654 1653  84
347 1652 1651  84
226 3038 225  85
218 3039 1676  85
1675 1658 158  85
218 1676 6  85
3042 1666 1665  85
3049 3046 3039  85
3039 218 219  85
3035 1663 1662  85
220 3049 3039  85
1663 3042 1664  85
1666 3042 3033  85
3041 228 3030  85
3047 3042 3035  85
1668 3033 3029  85
222 3049 221  85
1661 3037 3035  85
1659 3037 1660  85
1678 1659 159  85
1661 3035 1662  85
3029 1671 1670  85
224 3038 3031  85
3033 3042 3040  85
1673 3044 1674  85
3032 3050 3048  85
232 3034 231  85
1671 3050 1672  85
1673 3050 3044  85
1668 3029 1669  85
1675 3044 1658  85
1657 3044 3032  85
1666 3033 1667  85
1676 3039 1677  85
3045 3032 3034  85
228 3041 227  85
3030 3048 3036  85
3038 3040 3031  85
3043 3033 3040  85
230 3034 3030  85
232 3045 3034  85
234 3045 233  85
7 1656 234  85
3048 3030 3034  85
1670 1669 3029  85
226 3041 3038  85
3030 228 229  85
229 230 3030  85
3031 222 223  85
223 224 3031  85
1657 3045 1656  85
3050 3029 3048  85
3033 1668 1667  85
3047 3049 3031  85
3034 230 231  85
3045 1657 3032  85
1677 3037 1678  85
3046 3049 3047  85
3048 3034 3032  85
3029 3033 3036  85
3037 1661 1660  85
3037 1659 1678  85
3038 224 225  85
3041 3043 3038  85
1677 3046 3037  85
3039 219 220  85
3033 3043 3036  85
3042 1665 1664  85
3041 226 227  85
3041 3030 3036  85
3042 1663 3035  85
3042 3047 3040  85
3040 3038 3043  85
3043 3041 3036  85
3044 1657 1658  85
3044 1675 1674  85
3045 232 233  85
3045 234 1656  85
3035 3037 3046  85
3046 1677 3039  85
3035 3046 3047  85
3047 3031 3040  85
3050 1671 3029  85
3029 3036 3048  85
3049 220 221  85
3049 222 3031  85
3050 3032 3044  85
3050 1673 1672  85
3070 242 3059  86
235 3053 1656  86
1656 3053 1657  86
3061 3056 3055  86
3064 3070 3069  86
1656 7 235  86
3053 235 236  86
3061 1657 3056  86
3069 3051 3055  86
1683 3051 1684  86
3070 3059 3057  86
241 3070 240  86
1683 3055 3051  86
1681 3055 1682  86
1686 3065 1687  86
1681 3061 3055  86
1679 3061 1680  86
1658 1679 158  86
1688 3065 3052  86
3051 1686 1685  86
3053 3064 3056  86
3065 3051 3057  86
3067 3052 3058  86
3063 251 1676  86
3067 1693 1692  86
3062 3066 3060  86
1688 3052 1689  86
1678 3062 3060  86
1678 3060 1677  86
1695 3062 1678  86
3059 3071 3057  86
1695 1678 159  86
3071 3059 3068  86
250 3063 249  86
244 3068 3059  86
248 3063 3054  86
242 3070 241  86
3054 246 247  86
3063 3066 3054  86
251 3063 250  86
6 1676 251  86
246 3068 245  86
1685 1684 3051  86
239 3070 3064  86
1690 3067 1691  86
1690 1689 3052  86
3053 236 237  86
237 3064 3053  86
247 248 3054  86
3068 246 3054  86
3055 1683 1682  86
3051 3069 3057  86
1657 3061 1658  86
1657 3053 3056  86
3071 3052 3065  86
3065 1686 3051  86
1693 3067 3062  86
3067 1690 3052  86
3059 242 243  86
243 244 3059  86
3060 1676 1677  86
3062 3067 3066  86
3061 1681 1680  86
3061 1679 1658  86
3062 1695 1694  86
1694 1693 3062  86
3063 248 249  86
3063 1676 3060  86
3064 237 238  86
238 239 3064  86
3052 3071 3058  86
3065 1688 1687  86
3058 3054 3066  86
3066 3063 3060  86
3058 3066 3067  86
3067 1692 1691  86
3068 244 245  86
3068 3054 3058  86
3069 3055 3056  86
3056 3064 3069  86
3057 3069 3070  86
3070 239 240  86
3068 3058 3071  86
3071 3065 3057  86
3090 1689 3089  87
1670 3083 3075  87
3073 1668 1667  87
3072 3082 3074  87
1695 3086 159  87
3089 1689 1688  87
1692 3080 1693  87
1689 3090 1690  87
1659 3077 1660  87
1659 3086 3077  87
3077 1662 1661  87
3080 3084 3086  87
3077 3086 3084  87
1694 3086 1695  87
1665 3081 3073  87
3081 1665 1664  87
1662 3081 1663  87
1665 3073 1666  87
3083 1670 1669  87
1668 3083 1669  87
1673 3088 1674  87
1670 3075 1671  87
3088 3083 3074  87
3074 3083 3072  87
1675 3088 3079  87
1675 3079 158  87
3083 3087 3072  87
1680 3078 1681  87
3085 1686 1685  87
1681 3078 1682  87
3082 3076 3089  87
1686 3089 1687  87
3078 3079 3074  87
3082 3072 3076  87
3087 3084 3072  87
3089 1686 3085  87
1667 1666 3073  87
3084 3087 3081  87
1680 3079 3078  87
3079 1680 1679  87
3075 1673 1672  87
1672 1671 3075  87
1692 3090 3080  87
3090 3089 3076  87
1661 1660 3077  87
3084 3081 3077  87
1683 3085 1684  87
1683 1682 3078  87
1679 158 3079  87
3079 3088 3074  87
1694 1693 3080  87
3080 3090 3076  87
3081 1664 1663  87
3081 1662 3077  87
3085 1683 3078  87
3078 3074 3082  87
3083 3088 3075  87
3083 1668 3073  87
3084 3080 3076  87
3076 3072 3084  87
1685 1684 3085  87
3085 3078 3082  87
3086 1659 159  87
3086 1694 3080  87
3087 3083 3073  87
3073 3081 3087  87
3088 1675 1674  87
3088 1673 3075  87
3089 1688 1687  87
3089 3085 3082  87
3090 1692 1691  87
1691 1690 3090  87
3094 3100 3093  88
252 3107 1716  88
3104 3107 3096  88
1701 3109 1702  88
3101 256 257  88
1716 8 252  88
3107 1717 1716  88
1717 3107 3104  88
1717 3098 1718  88
1703 3108 1704  88
1703 3109 3108  88
3094 3102 3101  88
3101 3102 3091  88
3109 1703 1702  88
3102 3094 3093  88
1700 3098 1701  88
1699 3098 1700  88
1718 1699 161  88
3100 3103 3093  88
1706 3108 3095  88
3108 1706 1705  88
1709 3110 1710  88
1713 3099 1714  88
3092 3106 3103  88
1711 3097 1712  88
3103 3095 3093  88
3097 3110 3106  88
3099 1697 1698  88
3112 3105 3111  88
1715 3099 1698  88
3110 1708 3095  88
1715 1698 160  88
260 3100 3094  88
3105 3112 3106  88
262 3100 261  88
3105 264 265  88
260 3094 259  88
264 3105 3092  88
266 3111 3105  88
268 3111 267  88
9 1696 268  88
264 3092 263  88
256 3096 255  88
256 3101 3096  88
262 263 3092  88
1711 3110 3097  88
1708 3110 1709  88
3095 3108 3102  88
258 3101 257  88
258 259 3094  88
3095 1708 1707  88
1707 1706 3095  88
254 3107 253  88
254 255 3096  88
1697 3112 3111  88
3097 1713 1712  88
3098 1699 1718  88
3104 3109 3098  88
3099 1715 1714  88
3099 1713 3097  88
3100 260 261  88
3100 262 3092  88
3091 3096 3101  88
3101 258 3094  88
3093 3095 3102  88
3108 3109 3091  88
3103 3100 3092  88
3106 3092 3105  88
3098 1717 3104  88
3104 3096 3091  88
3105 265 266  88
1697 3111 1696  88
3097 3112 3099  88
3110 3095 3103  88
3107 252 253  88
3107 254 3096  88
3091 3102 3108  88
3108 1705 1704  88
3109 1701 3098  88
3109 3104 3091  88
3103 3106 3110  88
3110 1711 1710  88
3111 266 267  88
3111 268 1696  88
3112 1697 3099  88
3112 3097 3106  88
275 3128 274  89
269 3116 1696  89
1697 3132 3115  89
3115 1719 1698  89
3113 3128 3123  89
1696 9 269  89
3116 1697 1696  89
271 3116 270  89
1721 3119 1722  89
1726 3129 3121  89
1723 3129 1724  89
3128 3118 3120  89
3129 1726 1725  89
1722 3119 1723  89
1726 3121 1727  89
1720 3115 1721  89
1719 3115 1720  89
1698 1719 160  89
3121 3129 3120  89
3123 3120 3129  89
273 3128 3113  89
1728 3126 1729  89
3133 3125 3131  89
3124 280 281  89
3131 3130 3114  89
3125 1733 1732  89
1730 3126 3125  89
1718 3133 3114  89
1718 3114 1717  89
1735 3133 1718  89
1730 3125 1731  89
1735 1718 161  89
278 3122 3118  89
3130 285 1716  89
3126 3127 3125  89
282 3130 3124  89
276 277 3118  89
3124 281 282  89
284 3130 283  89
285 3130 284  89
8 1716 285  89
280 3124 3122  89
3113 271 272  89
272 273 3113  89
3114 1716 1717  89
1733 3133 1734  89
3115 1698 1697  89
3132 3119 3115  89
3116 269 270  89
3116 271 3113  89
278 3118 277  89
3126 1728 3121  89
3118 3122 3117  89
276 3128 275  89
3119 1721 3115  89
3119 3132 3123  89
3128 276 3118  89
3118 3117 3120  89
3120 3117 3121  89
3121 1728 1727  89
3122 278 279  89
279 280 3122  89
3129 1723 3119  89
3113 3132 3116  89
3130 282 283  89
3122 3127 3117  89
3125 1732 1731  89
3127 3126 3117  89
3126 1730 1729  89
3126 3121 3117  89
3127 3122 3124  89
3133 1733 3125  89
3120 3123 3128  89
3128 273 274  89
3129 1725 1724  89
3129 3119 3123  89
3130 1716 3114  89
3130 3131 3124  89
3131 3125 3127  89
3127 3124 3131  89
3132 1697 3116  89
3132 3113 3123  89
3131 3114 3133  89
3133 1735 1734  89
1731 3143 3138  90
1711 3146 1712  90
1713 3150 1714  90
3148 3152 3142  90
160 3151 1719  90
1731 3138 1732  90
3141 1723 1722  90
3143 1731 1730  90
1734 3138 3134  90
3134 161 1735  90
1700 3135 1701  90
161 3134 1699  90
1734 3134 1735  90
3134 3138 3136  90
3140 1707 1706  90
1705 3148 3140  90
1701 3135 1702  90
1708 3140 3139  90
3140 1708 1707  90
1708 3139 1709  90
3146 1713 1712  90
3141 3151 3145  90
3148 1705 1704  90
1714 3150 1715  90
3145 3147 3141  90
3151 3141 1720  90
3146 3145 3150  90
3143 3149 3136  90
1728 3143 1729  90
3145 3149 3147  90
1725 3147 3137  90
3137 1728 1727  90
3134 3152 3135  90
3137 1727 1726  90
1699 3135 1700  90
3138 3143 3136  90
1702 3148 1703  90
3135 1699 3134  90
3149 3143 3137  90
1723 3147 1724  90
1726 1725 3137  90
3144 3136 3149  90
3138 1734 1733  90
1733 1732 3138  90
3139 1711 1710  90
1710 1709 3139  90
3140 1706 1705  90
3140 3148 3142  90
3141 1722 1721  90
1721 1720 3141  90
3139 3140 3142  90
3142 3152 3144  90
3143 1730 1729  90
3143 1728 3137  90
3142 3146 3139  90
3136 3144 3152  90
3150 3145 3151  90
3146 3142 3144  90
3146 1711 3139  90
3146 3144 3145  90
3147 1725 1724  90
3147 1723 3141  90
3148 1704 1703  90
3148 1702 3135  90
3149 3137 3147  90
3149 3145 3144  90
3150 160 1715  90
3150 1713 3146  90
3151 1720 1719  90
3151 160 3150  90
3152 3148 3135  90
3152 3134 3136  90
3168 295 296  91
1749 3173 1750  91
3165 3166 3170  91
1746 3156 1747  91
1757 3167 3158  91
3163 1757 1756  91
3166 1745 1744  91
3153 288 289  91
3156 3166 3165  91
288 3163 287  91
3166 3174 3170  91
3154 291 292  91
286 3163 1756  91
3158 1739 1758  91
3160 3168 3157  91
291 3153 290  91
1743 3174 3166  91
1740 3158 1741  91
1739 3158 1740  91
1758 1739 163  91
3173 1751 1750  91
291 3154 3153  91
1748 3173 1749  91
293 3160 3154  91
3169 3168 3155  91
3155 3162 3161  91
3171 3173 3161  91
1737 3164 1736  91
1738 3159 1737  91
1755 1738 162  91
3159 1755 1754  91
1755 3159 1738  91
1756 10 286  91
3169 3155 3161  91
3162 3172 3161  91
295 3168 3160  91
297 3168 296  91
299 3162 3155  91
3155 297 298  91
3162 300 301  91
3162 299 300  91
304 3164 303  91
304 11 1736  91
302 3164 3162  91
1741 3174 1742  91
3153 289 290  91
3154 292 293  91
1746 3166 3156  91
298 299 3155  91
1751 3173 3171  91
3156 1748 1747  91
3165 3157 3156  91
3165 3160 3157  91
295 3160 294  91
3158 1758 1757  91
3174 1743 1742  91
3159 1754 1753  91
1753 3171 3159  91
3160 3165 3154  91
3160 293 294  91
1737 3172 3164  91
1751 3171 1752  91
301 302 3162  91
3172 3171 3161  91
3163 286 287  91
3163 288 3153  91
3164 302 303  91
3164 304 1736  91
3166 1746 1745  91
3154 3170 3153  91
1744 1743 3166  91
3153 3170 3167  91
3167 1757 3163  91
3163 3153 3167  91
3168 297 3155  91
3168 3169 3157  91
3173 1748 3156  91
3156 3157 3169  91
3167 3174 3158  91
3170 3154 3165  91
3171 3172 3159  91
3171 1753 1752  91
3172 3162 3164  91
3172 1737 3159  91
3173 3156 3169  91
3169 3161 3173  91
3174 1741 3158  91
3174 3167 3170  91
312 3195 3175  92
305 3188 1736  92
1737 3188 3177  92
3189 1737 3177  92
3178 3185 3181  92
1736 11 305  92
3188 3191 3177  92
307 3188 306  92
1763 3190 3185  92
3185 1766 1765  92
307 3191 3188  92
312 3175 311  92
3183 3181 3185  92
3190 1761 3189  92
1766 3178 1767  92
1761 3190 1762  92
1759 3189 1760  92
1738 1759 162  92
3193 1768 3178  92
1766 3185 3178  92
309 3191 308  92
3195 3184 3182  92
1756 3186 3180  92
318 3179 317  92
3176 3194 3186  92
3192 3193 3187  92
1770 3193 3192  92
3176 1775 1774  92
1758 3186 1757  92
1775 3176 1758  92
1770 3192 1771  92
1775 1758 163  92
3195 314 3184  92
3180 319 320  92
314 3195 313  92
318 3180 3179  92
3175 3195 3181  92
316 3184 315  92
3180 318 319  92
321 3180 320  92
10 1756 321  92
1771 3192 1772  92
3175 309 310  92
310 311 3175  92
3176 1774 1773  92
1773 3192 3176  92
1737 3189 1738  92
3183 3177 3191  92
1768 3193 1769  92
1768 1767 3178  92
316 317 3179  92
3180 3194 3179  92
3180 321 1756  92
3194 3192 3187  92
1763 3185 1764  92
3190 3189 3177  92
3178 3181 3182  92
3184 314 315  92
3191 309 3175  92
3175 3181 3183  92
3184 316 3179  92
3184 3187 3182  92
3185 1765 1764  92
3185 3190 3183  92
3186 1756 1757  92
3186 1758 3176  92
3193 1770 1769  92
3187 3184 3179  92
3188 1737 1736  92
3188 305 306  92
3189 1761 1760  92
3189 1759 1738  92
3177 3183 3190  92
3190 1763 1762  92
3191 307 308  92
3191 3175 3183  92
3192 3194 3176  92
3192 1773 1772  92
3193 3178 3182  92
3182 3187 3193  92
3187 3179 3194  92
3194 3180 3186  92
3182 3181 3195  92
3195 312 313  92
3201 1743 1742  93
1748 3215 1749  93
3196 1745 1744  93
3198 3212 3202  93
1743 3201 3196  93
3207 3200 3204  93
3213 1770 3207  93
3213 1773 1772  93
3216 1741 1740  93
3214 3201 3208  93
1741 3216 3201  93
3216 163 3209  93
1773 3209 1774  93
3215 3214 3198  93
1743 3196 1744  93
1750 3215 3197  93
3206 3200 3205  93
1746 3203 1747  93
1745 3203 1746  93
3199 3205 3200  93
1750 3197 1751  93
1755 3210 162  93
1755 3211 3210  93
1751 3197 1752  93
3197 3215 3198  93
3210 1760 1759  93
3200 3206 3202  93
1768 3207 1769  93
1760 3206 1761  93
1761 3206 1762  93
3198 3214 3212  93
3199 1768 1767  93
1765 3199 1766  93
1765 3205 3199  93
3201 1742 1741  93
1774 3209 1775  93
1753 3211 1754  93
1753 1752 3197  93
1770 3213 1771  93
3211 1753 3197  93
1767 1766 3199  93
1763 3206 3205  93
3200 3212 3204  93
1773 3213 3209  93
3214 3208 3212  93
3201 3216 3208  93
1760 3210 3206  93
3211 1755 1754  93
3203 1748 1747  93
3203 1745 3196  93
163 3216 1739  93
3200 3207 3199  93
3205 1765 1764  93
1764 1763 3205  93
3206 1763 1762  93
3206 3210 3202  93
3207 1770 1769  93
3207 1768 3199  93
3201 3214 3196  93
3204 3208 3209  93
3209 163 1775  93
3209 3213 3204  93
1759 162 3210  93
3210 3211 3202  93
3211 3197 3198  93
3198 3202 3211  93
3208 3204 3212  93
3212 3200 3202  93
1772 1771 3213  93
3213 3207 3204  93
3214 3215 3203  93
3203 3196 3214  93
3215 1750 1749  93
3215 1748 3203  93
1740 1739 3216  93
3216 3209 3208  93
Edges
1857
1 164  1
164 165  1
165 166  1
166 167  1
167 168  1
168 169  1
169 170  1
170 171  1
171 172  1
172 173  1
173 174  1
174 175  1
175 176  1
176 177  1
177 178  1
178 179  1
179 180  1
180 181  1
181 182  1
182 183  1
183 184  1
184 185  1
185 186  1
186 187  1
187 188  1
188 2  1
1 3  2
3 189  3
189 4  3
4 5  4
5 190  5
190 191  5
191 192  5
192 193  5
193 194  5
194 195  5
195 196  5
196 197  5
197 198  5
198 199  5
199 200  5
200 201  5
201 202  5
202 203  5
203 204  5
204 205  5
205 206  5
206 207  5
207 208  5
208 209  5
209 210  5
210 211  5
211 212  5
212 213  5
213 214  5
214 215  5
215 216  5
216 217  5
217 2  5
6 218  6
218 219  6
219 220  6
220 221  6
221 222  6
222 223  6
223 224  6
224 225  6
225 226  6
226 227  6
227 228  6
228 229  6
229 230  6
230 231  6
231 232  6
232 233  6
233 234  6
234 7  6
7 235  7
235 236  7
236 237  7
237 238  7
238 239  7
239 240  7
240 241  7
241 242  7
242 243  7
243 244  7
244 245  7
245 246  7
246 247  7
247 248  7
248 249  7
249 250  7
250 251  7
251 6  7
8 252  8
252 253  8
253 254  8
254 255  8
255 256  8
256 257  8
257 258  8
258 259  8
259 260  8
260 261  8
261 262  8
262 263  8
263 264  8
264 265  8
265 266  8
266 267  8
267 268  8
268 9  8
9 269  9
269 270  9
270 271  9
271 272  9
272 273  9
273 274  9
274 275  9
275 276  9
276 277  9
277 278  9
278 279  9
279 280  9
280 281  9
281 282  9
282 283  9
283 284  9
284 285  9
285 8  9
10 286  10
286 287  10
287 288  10
288 289  10
289 290  10
290 291  10
291 292  10
292 293  10
293 294  10
294 295  10
295 296  10
296 297  10
297 298  10
298 299  10
299 300  10
300 301  10
301 302  10
302 303  10
303 304  10
304 11  10
11 305  11
305 306  11
306 307  11
307 308  11
308 309  11
309 310  11
310 311  11
311 312  11
312 313  11
313 314  11
314 315  11
315 316  11
316 317  11
317 318  11
318 319  11
319 320  11
320 321  11
321 10  11
12 13  12
12 322  13
322 323  13
323 324  13
324 325  13
325 326  13
326 327  13
327 328  13
328 329  13
329 330  13
330 331  13
331 332  13
332 333  13
333 334  13
334 335  13
335 336  13
336 337  13
337 338  13
338 14  13
14 339  14
339 340  14
340 341  14
341 342  14
342 343  14
343 2  14
1 344  15
344 345  15
345 346  15
346 347  15
347 348  15
348 349  15
349 350  15
350 15  15
15 351  16
351 13  16
13 352  17
352 16  17
17 16  18
18 17  19
15 18  20
5 353  21
353 354  21
354 355  21
355 356  21
356 357  21
357 358  21
358 359  21
359 16  21
12 360  22
360 361  22
361 362  22
362 363  22
363 364  22
364 365  22
365 366  22
366 367  22
367 368  22
368 369  22
369 370  22
370 371  22
371 372  22
372 373  22
373 374  22
374 375  22
375 376  22
376 14  22
19 377  23
377 378  23
378 379  23
379 380  23
380 381  23
381 382  23
382 383  23
383 384  23
384 385  23
385 386  23
386 387  23
387 388  23
388 389  23
389 390  23
390 391  23
391 392  23
392 393  23
393 394  23
394 395  23
395 396  23
396 397  23
397 398  23
398 399  23
399 400  23
400 401  23
401 402  23
402 403  23
403 404  23
404 405  23
405 406  23
406 407  23
407 408  23
408 409  23
409 410  23
410 411  23
411 412  23
412 413  23
413 414  23
414 415  23
415 416  23
416 417  23
417 418  23
418 419  23
419 420  23
420 421  23
421 422  23
422 423  23
423 424  23
424 425  23
425 426  23
426 427  23
427 428  23
428 429  23
429 430  23
430 431  23
431 432  23
432 433  23
433 434  23
434 435  23
435 436  23
436 437  23
437 438  23
438 20  23
19 439  24
439 440  24
440 441  24
441 442  24
442 443  24
443 444  24
444 445  24
445 446  24
446 447  24
447 448  24
448 449  24
449 450  24
450 451  24
451 452  24
452 453  24
453 454  24
454 455  24
455 456  24
456 457  24
457 458  24
458 459  24
459 460  24
460 461  24
461 462  24
462 463  24
463 464  24
464 465  24
465 466  24
466 467  24
467 468  24
468 469  24
469 470  24
470 471  24
471 472  24
472 473  24
473 20  24
21 19  25
22 20  26
21 474  27
474 475  27
475 476  27
476 477  27
477 478  27
478 479  27
479 480  27
480 481  27
481 482  27
482 483  27
483 484  27
484 485  27
485 486  27
486 487  27
487 488  27
488 489  27
489 490  27
490 491  27
491 492  27
492 493  27
493 494  27
494 495  27
495 496  27
496 497  27
497 498  27
498 499  27
499 500  27
500 501  27
501 502  27
502 503  27
503 504  27
504 505  27
505 506  27
506 507  27
507 508  27
508 509  27
509 510  27
510 511  27
511 512  27
512 513  27
513 514  27
514 515  27
515 516  27
516 517  27
517 518  27
518 519  27
519 520  27
520 521  27
521 522  27
522 523  27
523 524  27
524 525  27
525 526  27
526 527  27
527 528  27
528 529  27
529 530  27
530 531  27
531 532  27
532 533  27
533 534  27
534 535  27
535 22  27
23 536  28
536 537  28
537 538  28
538 539  28
539 540  28
540 541  28
541 542  28
542 543  28
543 24  28
24 544  29
544 545  29
545 546  29
546 547  29
547 548  29
548 549  29
549 25  29
25 550  30
550 551  30
551 552  30
552 553  30
553 554  30
554 555  30
555 556  30
556 26  30
26 557  31
557 558  31
558 559  31
559 560  31
560 561  31
561 562  31
562 563  31
563 564  31
564 27  31
27 565  32
565 566  32
566 567  32
567 568  32
568 569  32
569 570  32
570 571  32
571 28  32
28 572  33
572 573  33
573 574  33
574 575  33
575 576  33
576 577  33
577 29  33
29 578  34
578 579  34
579 580  34
580 581  34
581 582  34
582 583  34
583 584  34
584 585  34
585 30  34
30 586  35
586 587  35
587 588  35
588 589  35
589 590  35
590 591  35
591 592  35
592 23  35
22 593  36
593 594  36
594 595  36
595 596  36
596 597  36
597 598  36
598 599  36
599 600  36
600 601  36
601 602  36
602 603  36
603 604  36
604 605  36
605 606  36
606 607  36
607 608  36
608 609  36
609 610  36
610 611  36
611 612  36
612 613  36
613 614  36
614 615  36
615 616  36
616 617  36
617 618  36
618 619  36
619 620  36
620 621  36
621 622  36
622 623  36
623 624  36
624 625  36
625 626  36
626 627  36
627 21  36
31 628  37
628 629  37
629 630  37
630 631  37
631 632  37
632 633  37
633 634  37
634 635  37
635 636  37
636 637  37
637 638  37
638 639  37
639 640  37
640 641  37
641 642  37
642 643  37
643 644  37
644 32  37
32 645  38
645 646  38
646 647  38
647 648  38
648 649  38
649 650  38
650 651  38
651 652  38
652 653  38
653 654  38
654 655  38
655 656  38
656 657  38
657 658  38
658 659  38
659 660  38
660 661  38
661 31  38
33 662  39
662 663  39
663 664  39
664 665  39
665 666  39
666 667  39
667 668  39
668 669  39
669 670  39
670 671  39
671 672  39
672 673  39
673 674  39
674 675  39
675 676  39
676 677  39
677 678  39
678 34  39
34 679  40
679 680  40
680 681  40
681 682  40
682 683  40
683 684  40
684 685  40
685 686  40
686 687  40
687 688  40
688 689  40
689 690  40
690 691  40
691 692  40
692 693  40
693 694  40
694 695  40
695 33  40
35 696  41
696 697  41
697 698  41
698 699  41
699 700  41
700 701  41
701 702  41
702 703  41
703 704  41
704 705  41
705 706  41
706 707  41
707 708  41
708 709  41
709 710  41
710 711  41
711 712  41
712 36  41
36 713  42
713 714  42
714 715  42
715 716  42
716 717  42
717 718  42
718 719  42
719 720  42
720 721  42
721 722  42
722 723  42
723 724  42
724 725  42
725 726  42
726 727  42
727 728  42
728 729  42
729 35  42
37 730  43
730 731  43
731 732  43
732 733  43
733 734  43
734 735  43
735 736  43
736 737  43
737 738  43
738 739  43
739 740  43
740 741  43
741 742  43
742 743  43
743 744  43
744 745  43
745 746  43
746 38  43
38 747  44
747 748  44
748 749  44
749 750  44
750 751  44
751 752  44
752 753  44
753 754  44
754 755  44
755 756  44
756 757  44
757 758  44
758 759  44
759 760  44
760 761  44
761 762  44
762 763  44
763 37  44
23 39  45
24 40  46
39 764  47
764 765  47
765 766  47
766 767  47
767 768  47
768 769  47
769 770  47
770 40  47
41 771  48
771 772  48
772 773  48
773 42  48
43 774  49
774 775  49
775 776  49
776 777  49
777 778  49
778 779  49
779 780  49
780 781  49
781 782  49
782 783  49
783 784  49
784 785  49
785 786  49
786 42  49
44 787  50
787 788  50
788 789  50
789 790  50
790 791  50
791 792  50
792 793  50
793 794  50
794 795  50
795 796  50
796 797  50
797 43  50
44 798  51
798 45  51
45 799  52
799 800  52
800 801  52
801 802  52
802 803  52
803 804  52
804 805  52
805 806  52
806 807  52
807 41  52
46 39  53
46 47  54
47 808  55
808 809  55
809 810  55
810 811  55
811 812  55
812 813  55
813 814  55
814 815  55
815 48  55
48 49  56
40 49  57
50 816  58
816 817  58
817 818  58
818 819  58
819 820  58
820 821  58
821 822  58
822 823  58
823 824  58
824 825  58
825 826  58
826 827  58
827 828  58
828 829  58
829 830  58
830 831  58
831 832  58
832 51  58
51 833  59
833 834  59
834 835  59
835 836  59
836 837  59
837 838  59
838 839  59
839 840  59
840 841  59
841 842  59
842 843  59
843 844  59
844 845  59
845 846  59
846 847  59
847 848  59
848 849  59
849 50  59
52 53  60
52 54  61
54 850  62
850 851  62
851 852  62
852 853  62
853 854  62
854 855  62
855 856  62
856 55  62
55 56  63
57 56  64
53 857  65
857 858  65
858 859  65
859 860  65
860 861  65
861 862  65
862 863  65
863 864  65
864 57  65
58 865  66
865 866  66
866 867  66
867 868  66
868 869  66
869 870  66
870 871  66
871 872  66
872 873  66
873 874  66
874 875  66
875 876  66
876 877  66
877 878  66
878 879  66
879 880  66
880 881  66
881 59  66
59 882  67
882 883  67
883 884  67
884 885  67
885 886  67
886 887  67
887 888  67
888 889  67
889 890  67
890 891  67
891 892  67
892 893  67
893 894  67
894 895  67
895 896  67
896 897  67
897 898  67
898 58  67
60 61  68
60 62  69
62 899  70
899 900  70
900 901  70
901 902  70
902 903  70
903 904  70
904 905  70
905 906  70
906 63  70
63 64  71
65 64  72
61 907  73
907 908  73
908 909  73
909 910  73
910 911  73
911 912  73
912 913  73
913 65  73
66 914  74
914 915  74
915 916  74
916 917  74
917 918  74
918 919  74
919 920  74
920 921  74
921 922  74
922 923  74
923 924  74
924 925  74
925 926  74
926 927  74
927 928  74
928 929  74
929 930  74
930 67  74
67 931  75
931 932  75
932 933  75
933 934  75
934 935  75
935 936  75
936 937  75
937 938  75
938 939  75
939 940  75
940 941  75
941 942  75
942 943  75
943 944  75
944 945  75
945 946  75
946 947  75
947 66  75
68 69  76
68 70  77
70 948  78
948 949  78
949 950  78
950 951  78
951 952  78
952 953  78
953 954  78
954 955  78
955 71  78
71 72  79
73 72  80
69 956  81
956 957  81
957 958  81
958 959  81
959 960  81
960 961  81
961 962  81
962 963  81
963 73  81
74 964  82
964 965  82
965 966  82
966 967  82
967 968  82
968 969  82
969 970  82
970 971  82
971 972  82
972 973  82
973 974  82
974 975  82
975 976  82
976 977  82
977 978  82
978 979  82
979 980  82
980 75  82
75 981  83
981 982  83
982 983  83
983 984  83
984 985  83
985 986  83
986 987  83
987 988  83
988 989  83
989 990  83
990 991  83
991 992  83
992 993  83
993 994  83
994 995  83
995 996  83
996 997  83
997 74  83
76 998  84
998 999  84
999 1000  84
1000 1001  84
1001 43  84
77 44  85
77 1002  86
1002 46  86
30 73  87
78 1003  88
1003 72  88
79 78  89
79 1004  90
1004 1005  90
1005 1006  90
1006 1007  90
1007 1008  90
1008 1009  90
1009 1010  90
1010 1011  90
1011 1012  90
1012 1013  90
1013 1014  90
1014 76  90
80 1015  91
1015 1016  91
1016 81  91
80 1017  92
1017 1018  92
1018 82  92
82 1019  93
1019 1020  93
1020 1021  93
1021 83  93
83 1022  94
1022 1023  94
1023 42  94
84 1024  95
1024 1025  95
1025 1026  95
1026 1027  95
1027 1028  95
1028 1029  95
1029 1030  95
1030 1031  95
1031 1032  95
1032 1033  95
1033 1034  95
1034 1035  95
1035 1036  95
1036 76  95
85 1037  96
1037 1038  96
1038 1039  96
1039 1040  96
1040 84  96
86 1041  97
1041 1042  97
1042 1043  97
1043 1044  97
1044 1045  97
1045 1046  97
1046 1047  97
1047 1048  97
1048 1049  97
1049 1050  97
1050 1051  97
1051 1052  97
1052 1053  97
1053 85  97
87 1054  98
1054 1055  98
1055 1056  98
1056 1057  98
1057 1058  98
1058 86  98
81 1059  99
1059 1060  99
1060 1061  99
1061 1062  99
1062 1063  99
1063 1064  99
1064 1065  99
1065 1066  99
1066 1067  99
1067 1068  99
1068 1069  99
1069 1070  99
1070 1071  99
1071 87  99
88 1072  100
1072 1073  100
1073 1074  100
1074 1075  100
1075 1076  100
1076 1077  100
1077 1078  100
1078 1079  100
1079 1080  100
1080 1081  100
1081 1082  100
1082 1083  100
1083 1084  100
1084 1085  100
1085 1086  100
1086 1087  100
1087 1088  100
1088 1089  100
1089 1090  100
1090 1091  100
1091 89  100
90 1092  101
1092 1093  101
1093 1094  101
1094 1095  101
1095 1096  101
1096 1097  101
1097 1098  101
1098 1099  101
1099 1100  101
1100 1101  101
1101 1102  101
1102 1103  101
1103 1104  101
1104 1105  101
1105 1106  101
1106 1107  101
1107 1108  101
1108 1109  101
1109 1110  101
1110 1111  101
1111 88  101
91 1112  102
1112 1113  102
1113 1114  102
1114 1115  102
1115 1116  102
1116 1117  102
1117 1118  102
1118 1119  102
1119 1120  102
1120 1121  102
1121 1122  102
1122 1123  102
1123 1124  102
1124 1125  102
1125 1126  102
1126 1127  102
1127 1128  102
1128 1129  102
1129 1130  102
1130 1131  102
1131 90  102
89 1132  103
1132 1133  103
1133 1134  103
1134 1135  103
1135 1136  103
1136 1137  103
1137 1138  103
1138 1139  103
1139 1140  103
1140 1141  103
1141 1142  103
1142 1143  103
1143 1144  103
1144 1145  103
1145 1146  103
1146 1147  103
1147 1148  103
1148 1149  103
1149 1150  103
1150 1151  103
1151 91  103
92 1152  104
1152 1153  104
1153 1154  104
1154 1155  104
1155 1156  104
1156 93  104
92 88  105
93 89  106
93 1157  107
1157 1158  107
1158 1159  107
1159 1160  107
1160 1161  107
1161 94  107
94 1162  108
1162 1163  108
1163 1164  108
1164 1165  108
1165 1166  108
1166 95  108
95 1167  109
1167 1168  109
1168 1169  109
1169 1170  109
1170 1171  109
1171 92  109
96 1172  110
1172 1173  110
1173 1174  110
1174 1175  110
1175 97  110
98 1176  111
1176 1177  111
1177 1178  111
1178 1179  111
1179 96  111
99 1180  112
1180 1181  112
1181 1182  112
1182 1183  112
1183 98  112
97 1184  113
1184 1185  113
1185 1186  113
1186 1187  113
1187 99  113
100 1188  114
1188 1189  114
1189 1190  114
1190 1191  114
1191 101  114
100 1192  115
1192 1193  115
1193 1194  115
1194 96  115
101 1195  116
1195 1196  116
1196 1197  116
1197 97  116
101 1198  117
1198 1199  117
1199 1200  117
1200 1201  117
1201 102  117
102 1202  118
1202 1203  118
1203 1204  118
1204 1205  118
1205 103  118
103 1206  119
1206 1207  119
1207 1208  119
1208 1209  119
1209 100  119
102 1210  120
1210 1211  120
1211 1212  120
1212 99  120
103 1213  121
1213 1214  121
1214 1215  121
1215 98  121
94 91  122
95 90  123
104 1216  124
1216 41  124
80 1217  125
1217 1218  125
1218 104  125
105 1219  126
1219 1220  126
1220 1221  126
1221 1222  126
1222 1223  126
1223 1224  126
1224 1225  126
1225 1226  126
1226 1227  126
1227 1228  126
1228 1229  126
1229 81  126
106 105  127
106 1230  128
1230 52  128
25 53  129
107 1231  130
1231 49  130
45 107  131
108 109  132
108 1232  133
1232 110  133
110 111  134
109 111  135
112 113  136
112 1233  137
1233 114  137
114 1234  138
1234 115  138
113 1235  139
1235 115  139
116 1236  140
1236 1237  140
1237 41  140
117 1238  141
1238 1239  141
1239 1240  141
1240 116  141
104 1241  142
1241 1242  142
1242 117  142
83 1243  143
1243 1244  143
1244 116  143
82 1245  144
1245 1246  144
1246 117  144
26 57  145
105 1247  146
1247 118  146
118 1248  147
1248 1249  147
1249 1250  147
1250 1251  147
1251 1252  147
1252 1253  147
1253 1254  147
1254 1255  147
1255 1256  147
1256 1257  147
1257 1258  147
1258 87  147
119 1259  148
1259 1260  148
1260 1261  148
1261 1262  148
1262 1263  148
1263 1264  148
1264 1265  148
1265 1266  148
1266 1267  148
1267 1268  148
1268 1269  148
1269 86  148
120 119  149
120 1270  150
1270 60  150
27 61  151
121 1271  152
1271 56  152
118 121  153
28 65  154
119 1272  155
1272 122  155
122 1273  156
1273 1274  156
1274 1275  156
1275 1276  156
1276 1277  156
1277 1278  156
1278 1279  156
1279 1280  156
1280 1281  156
1281 1282  156
1282 1283  156
1283 85  156
123 1284  157
1284 1285  157
1285 1286  157
1286 1287  157
1287 1288  157
1288 1289  157
1289 1290  157
1290 1291  157
1291 1292  157
1292 1293  157
1293 1294  157
1294 84  157
124 123  158
124 1295  159
1295 68  159
29 69  160
125 1296  161
1296 64  161
122 125  162
123 1297  163
1297 79  163
126 107  164
127 1298  165
1298 126  165
77 127  166
128 121  167
129 1299  168
1299 128  168
106 129  169
130 125  170
131 1300  171
1300 130  171
120 131  172
132 78  173
133 1301  174
1301 132  174
124 133  175
48 1302  176
1302 1303  176
1303 126  176
47 1304  177
1304 1305  177
1305 127  177
55 1306  178
1306 1307  178
1307 128  178
54 1308  179
1308 1309  179
1309 129  179
63 1310  180
1310 1311  180
1311 130  180
62 1312  181
1312 1313  181
1313 131  181
71 1314  182
1314 1315  182
1315 132  182
70 1316  183
1316 1317  183
1317 133  183
109 1318  184
1318 1319  184
1319 134  184
134 135  185
135 1320  186
1320 1321  186
1321 1322  186
1322 1323  186
1323 1324  186
1324 1325  186
1325 1326  186
1326 1327  186
1327 1328  186
1328 1329  186
1329 1330  186
1330 1331  186
1331 1332  186
1332 1333  186
1333 1334  186
1334 1335  186
1335 1336  186
1336 1337  186
1337 1338  186
1338 1339  186
1339 1340  186
1340 1341  186
1341 1342  186
1342 1343  186
1343 1344  186
1344 1345  186
1345 1346  186
1346 1347  186
1347 1348  186
1348 1349  186
1349 1350  186
1350 136  186
136 137  187
137 1351  188
1351 1352  188
1352 108  188
138 1353  189
1353 1354  189
1354 1355  189
1355 1356  189
1356 1357  189
1357 1358  189
1358 1359  189
1359 1360  189
1360 1361  189
1361 1362  189
1362 1363  189
1363 1364  189
1364 1365  189
1365 1366  189
1366 1367  189
1367 1368  189
1368 1369  189
1369 139  189
139 1370  190
1370 1371  190
1371 1372  190
1372 1373  190
1373 1374  190
1374 1375  190
1375 1376  190
1376 1377  190
1377 1378  190
1378 1379  190
1379 1380  190
1380 1381  190
1381 1382  190
1382 1383  190
1383 1384  190
1384 1385  190
1385 1386  190
1386 138  190
138 1387  191
1387 140  191
140 1388  192
1388 1389  192
1389 1390  192
1390 1391  192
1391 1392  192
1392 1393  192
1393 1394  192
1394 1395  192
1395 1396  192
1396 1397  192
1397 1398  192
1398 1399  192
1399 1400  192
1400 1401  192
1401 1402  192
1402 1403  192
1403 1404  192
1404 141  192
139 1405  193
1405 141  193
141 1406  194
1406 1407  194
1407 1408  194
1408 1409  194
1409 1410  194
1410 1411  194
1411 1412  194
1412 1413  194
1413 1414  194
1414 1415  194
1415 1416  194
1416 1417  194
1417 1418  194
1418 1419  194
1419 1420  194
1420 1421  194
1421 1422  194
1422 140  194
142 1423  195
1423 1424  195
1424 110  195
143 142  196
144 1425  197
1425 1426  197
1426 1427  197
1427 1428  197
1428 1429  197
1429 1430  197
1430 1431  197
1431 1432  197
1432 1433  197
1433 1434  197
1434 1435  197
1435 1436  197
1436 1437  197
1437 1438  197
1438 1439  197
1439 1440  197
1440 1441  197
1441 1442  197
1442 1443  197
1443 1444  197
1444 1445  197
1445 1446  197
1446 1447  197
1447 1448  197
1448 1449  197
1449 1450  197
1450 1451  197
1451 1452  197
1452 1453  197
1453 1454  197
1454 1455  197
1455 143  197
145 144  198
111 1456  199
1456 1457  199
1457 145  199
137 1458  200
1458 1459  200
1459 1460  200
1460 142  200
136 1461  201
1461 1462  201
1462 1463  201
1463 143  201
135 1464  202
1464 1465  202
1465 1466  202
1466 144  202
134 1467  203
1467 1468  203
1468 1469  203
1469 145  203
113 1470  204
1470 1471  204
1471 146  204
146 147  205
147 1472  206
1472 1473  206
1473 1474  206
1474 1475  206
1475 1476  206
1476 1477  206
1477 1478  206
1478 1479  206
1479 1480  206
1480 1481  206
1481 1482  206
1482 1483  206
1483 1484  206
1484 1485  206
1485 1486  206
1486 1487  206
1487 1488  206
1488 1489  206
1489 1490  206
1490 1491  206
1491 1492  206
1492 1493  206
1493 1494  206
1494 1495  206
1495 1496  206
1496 1497  206
1497 1498  206
1498 1499  206
1499 1500  206
1500 1501  206
1501 1502  206
1502 148  206
148 149  207
149 1503  208
1503 1504  208
1504 112  208
150 1505  209
1505 1506  209
1506 1507  209
1507 1508  209
1508 1509  209
1509 1510  209
1510 1511  209
1511 1512  209
1512 1513  209
1513 1514  209
1514 1515  209
1515 1516  209
1516 1517  209
1517 1518  209
1518 1519  209
1519 1520  209
1520 1521  209
1521 151  209
151 1522  210
1522 1523  210
1523 1524  210
1524 1525  210
1525 1526  210
1526 1527  210
1527 1528  210
1528 1529  210
1529 1530  210
1530 1531  210
1531 1532  210
1532 1533  210
1533 1534  210
1534 1535  210
1535 1536  210
1536 1537  210
1537 1538  210
1538 150  210
150 1539  211
1539 152  211
152 1540  212
1540 1541  212
1541 1542  212
1542 1543  212
1543 1544  212
1544 1545  212
1545 1546  212
1546 1547  212
1547 1548  212
1548 1549  212
1549 1550  212
1550 1551  212
1551 1552  212
1552 1553  212
1553 1554  212
1554 1555  212
1555 1556  212
1556 153  212
151 1557  213
1557 153  213
153 1558  214
1558 1559  214
1559 1560  214
1560 1561  214
1561 1562  214
1562 1563  214
1563 1564  214
1564 1565  214
1565 1566  214
1566 1567  214
1567 1568  214
1568 1569  214
1569 1570  214
1570 1571  214
1571 1572  214
1572 1573  214
1573 1574  214
1574 152  214
154 1575  215
1575 1576  215
1576 114  215
155 154  216
156 1577  217
1577 1578  217
1578 1579  217
1579 1580  217
1580 1581  217
1581 1582  217
1582 1583  217
1583 1584  217
1584 1585  217
1585 1586  217
1586 1587  217
1587 1588  217
1588 1589  217
1589 1590  217
1590 1591  217
1591 1592  217
1592 1593  217
1593 1594  217
1594 1595  217
1595 1596  217
1596 1597  217
1597 1598  217
1598 1599  217
1599 1600  217
1600 1601  217
1601 1602  217
1602 1603  217
1603 1604  217
1604 1605  217
1605 1606  217
1606 1607  217
1607 155  217
157 156  218
115 1608  219
1608 1609  219
1609 157  219
149 1610  220
1610 1611  220
1611 1612  220
1612 154  220
148 1613  221
1613 1614  221
1614 1615  221
1615 155  221
147 1616  222
1616 1617  222
1617 1618  222
1618 156  222
146 1619  223
1619 1620  223
1620 1621  223
1621 157  223
32 1622  224
1622 1623  224
1623 67  224
31 1624  225
1624 1625  225
1625 66  225
34 1626  226
1626 1627  226
1627 59  226
33 1628  227
1628 1629  227
1629 58  227
36 1630  228
1630 1631  228
1631 51  228
35 1632  229
1632 1633  229
1633 50  229
38 1634  230
1634 1635  230
1635 75  230
37 1636  231
1636 1637  231
1637 74  231
4 1638  232
1638 1639  232
1639 1640  232
1640 1641  232
1641 1642  232
1642 1643  232
1643 1644  232
1644 1645  232
1645 1646  232
1646 17  232
3 1647  233
1647 1648  233
1648 1649  233
1649 1650  233
1650 1651  233
1651 1652  233
1652 1653  233
1653 1654  233
1654 1655  233
1655 18  233
7 1656  234
1656 1657  234
1657 1658  234
1658 158  234
159 1659  235
1659 1660  235
1660 1661  235
1661 1662  235
1662 1663  235
1663 1664  235
1664 1665  235
1665 1666  235
1666 1667  235
1667 1668  235
1668 1669  235
1669 1670  235
1670 1671  235
1671 1672  235
1672 1673  235
1673 1674  235
1674 1675  235
1675 158  235
6 1676  236
1676 1677  236
1677 1678  236
1678 159  236
158 1679  237
1679 1680  237
1680 1681  237
1681 1682  237
1682 1683  237
1683 1684  237
1684 1685  237
1685 1686  237
1686 1687  237
1687 1688  237
1688 1689  237
1689 1690  237
1690 1691  237
1691 1692  237
1692 1693  237
1693 1694  237
1694 1695  237
1695 159  237
9 1696  238
1696 1697  238
1697 1698  238
1698 160  238
161 1699  239
1699 1700  239
1700 1701  239
1701 1702  239
1702 1703  239
1703 1704  239
1704 1705  239
1705 1706  239
1706 1707  239
1707 1708  239
1708 1709  239
1709 1710  239
1710 1711  239
1711 1712  239
1712 1713  239
1713 1714  239
1714 1715  239
1715 160  239
8 1716  240
1716 1717  240
1717 1718  240
1718 161  240
160 1719  241
1719 1720  241
1720 1721  241
1721 1722  241
1722 1723  241
1723 1724  241
1724 1725  241
1725 1726  241
1726 1727  241
1727 1728  241
1728 1729  241
1729 1730  241
1730 1731  241
1731 1732  241
1732 1733  241
1733 1734  241
1734 1735  241
1735 161  241
11 1736  242
1736 1737  242
1737 1738  242
1738 162  242
163 1739  243
1739 1740  243
1740 1741  243
1741 1742  243
1742 1743  243
1743 1744  243
1744 1745  243
1745 1746  243
1746 1747  243
1747 1748  243
1748 1749  243
1749 1750  243
1750 1751  243
1751 1752  243
1752 1753  243
1753 1754  243
1754 1755  243
1755 162  243
10 1756  244
1756 1757  244
1757 1758  244
1758 163  244
162 1759  245
1759 1760  245
1760 1761  245
1761 1762  245
1762 1763  245
1763 1764  245
1764 1765  245
1765 1766  245
1766 1767  245
1767 1768  245
1768 1769  245
1769 1770  245
1770 1771  245
1771 1772  245
1772 1773  245
1773 1774  245
1774 1775  245
1775 163  245
End
